source_row_id,dataset,row_index,source_row,source_file,source_sha256,source_row_sha256,original_row_json,statement,statement_sha256,label,topic,form,entity,entity_id,split,partition_role,paired_source_row_id,raw_country,normalized_countries,person_key,status,exclusion_reasons,positive_support_row_ids,positive_evidence_ids,manifest_status,candidate_status,candidate_reasons,candidate_evidence_refs,candidate_manifest_status,successor_status,closure_decision_ref,successor_manifest_status
cities:822,cities,822,823,data/tiu_datasets/cities.csv,f2560a0c1758c69935b50125111b574b71896bb75930dd87b1d8c973c1fa086e,65bda2da4ed4a80d2eb47c0060a82328ca1decece0ecb7d171e9a7d7a35031b5,"{""city"":""Yichang"",""correct_country"":""China"",""country"":""China"",""label"":""1"",""statement"":""The city of Yichang is in China.""}",The city of Yichang is in China.,0e8b6411258d7c5f7b9f9c6820d0e621ed6f41588d4fde19576e5db5f82a5c56,1,cities,affirmative,Yichang,entity_929e38779cf9c72c01f8058c971c17a1234b6b93664259f31d8a6b4ec476e05c,train,outer_train,neg_cities:822,,[],entity_929e38779cf9c72c01f8058c971c17a1234b6b93664259f31d8a6b4ec476e05c,admitted,[],[],[],provisional,admitted,[],[],candidate_pending_review_not_production,admitted,,candidate_pending_review_not_production
cities:225,cities,225,226,data/tiu_datasets/cities.csv,f2560a0c1758c69935b50125111b574b71896bb75930dd87b1d8c973c1fa086e,eb96a3d355d0cb70172c19d20860588e6a4ba517774263b0282e8317727744a3,"{""city"":""Tangshan"",""correct_country"":""China"",""country"":""India"",""label"":""0"",""statement"":""The city of Tangshan is in India.""}",The city of Tangshan is in India.,13403f82e72cdaa0106b38561c6984ef0236a12e7a4752929eecc4bb27c6c88c,0,cities,affirmative,Tangshan,entity_a171267954443836671909301968afd23cfb62497ff6a85dd51dcbff0ae8bd7c,train,outer_train,neg_cities:225,,[],entity_a171267954443836671909301968afd23cfb62497ff6a85dd51dcbff0ae8bd7c,admitted,[],[],[],provisional,admitted,[],[],candidate_pending_review_not_production,admitted,,candidate_pending_review_not_production
cities:653,cities,653,654,data/tiu_datasets/cities.csv,f2560a0c1758c69935b50125111b574b71896bb75930dd87b1d8c973c1fa086e,96a7949b227a5a2bd52b72eaf5410e63a4305eca42f9d56403717a89ac357579,"{""city"":""Yangjiang"",""correct_country"":""China"",""country"":""Indonesia"",""label"":""0"",""statement"":""The city of Yangjiang is in Indonesia.""}",The city of Yangjiang is in Indonesia.,15f4173fd6aca323ba296938ffc60fa06dcfd9adb58d95629ae15d24541f6c9f,0,cities,affirmative,Yangjiang,entity_36ab9e4a29145e5c25c1b2fad2f2a7b82ffb223330c3b5b8db282219412b464b,train,outer_train,neg_cities:653,,[],entity_36ab9e4a29145e5c25c1b2fad2f2a7b82ffb223330c3b5b8db282219412b464b,admitted,[],[],[],provisional,admitted,[],[],candidate_pending_review_not_production,admitted,,candidate_pending_review_not_production
cities:47,cities,47,48,data/tiu_datasets/cities.csv,f2560a0c1758c69935b50125111b574b71896bb75930dd87b1d8c973c1fa086e,8e385496043c195322a445a645bc044582d086b521a7336da0ccc711009186ec,"{""city"":""Sambhaji Nagar"",""correct_country"":""India"",""country"":""China"",""label"":""0"",""statement"":""The city of Sambhaji Nagar is in China.""}",The city of Sambhaji Nagar is in China.,e8633e05611a6eeaf45773faa5f1fdee7789391566e26846868a3ca656b7d669,0,cities,affirmative,Sambhaji Nagar,entity_fa383f5b8897294fc114206b0c0cf13dba60cfe3d2db70d7923bc2d3e0b5ecaa,train,outer_train,neg_cities:47,,[],entity_fa383f5b8897294fc114206b0c0cf13dba60cfe3d2db70d7923bc2d3e0b5ecaa,admitted,[],[],[],provisional,admitted,[],[],candidate_pending_review_not_production,admitted,,candidate_pending_review_not_production
cities:938,cities,938,939,data/tiu_datasets/cities.csv,f2560a0c1758c69935b50125111b574b71896bb75930dd87b1d8c973c1fa086e,3b331645517a95e0bca8eca853ddba5266ec66c8d3f853bf36339aaecfa2f707,"{""city"":""Amman"",""correct_country"":""Jordan"",""country"":""Jordan"",""label"":""1"",""statement"":""The city of Amman is in Jordan.""}",The city of Amman is in Jordan.,0332db412e99a9185318906e4769c73b25c7a61a0fa9a3092410208f1f467503,1,cities,affirmative,Amman,entity_189d3c83b7c794f19386728cc059269ddcc078803d32745a6a85483c5da6726c,train,outer_train,neg_cities:938,,[],entity_189d3c83b7c794f19386728cc059269ddcc078803d32745a6a85483c5da6726c,admitted,[],[],[],provisional,admitted,[],[],candidate_pending_review_not_production,admitted,,candidate_pending_review_not_production
cities:971,cities,971,972,data/tiu_datasets/cities.csv,f2560a0c1758c69935b50125111b574b71896bb75930dd87b1d8c973c1fa086e,dfe7d960174634807d57847924fa68d8096a33bf1c98f49b42f3524746c15ce7,"{""city"":""Barquisimeto"",""correct_country"":""Venezuela"",""country"":""Poland"",""label"":""0"",""statement"":""The city of Barquisimeto is in Poland.""}",The city of Barquisimeto is in Poland.,a15479b0d18f3364aa8a8bbbab096371a325bc728cd704c130d69a2dfae1028e,0,cities,affirmative,Barquisimeto,entity_70aec098b09baa3f70d40f5fe8c9d35325360bbfd6ac5395026b65adb84b97f1,train,outer_train,neg_cities:971,,[],entity_70aec098b09baa3f70d40f5fe8c9d35325360bbfd6ac5395026b65adb84b97f1,admitted,[],[],[],provisional,admitted,[],[],candidate_pending_review_not_production,admitted,,candidate_pending_review_not_production
cities:1447,cities,1447,1448,data/tiu_datasets/cities.csv,f2560a0c1758c69935b50125111b574b71896bb75930dd87b1d8c973c1fa086e,8acbcdec90c67459be7ecfc0935ec8bfe125bb7365d3599ad62cf6742392203c,"{""city"":""Cape Town"",""correct_country"":""South Africa"",""country"":""China"",""label"":""0"",""statement"":""The city of Cape Town is in China.""}",The city of Cape Town is in China.,1bdda1fe0b022642cce08c097bd16354691778bd58baca6575926c791314b040,0,cities,affirmative,Cape Town,entity_5b987b7cc65ce3263f21b9e4d2189dc7471395695bd3a3b00223fd081d68f3aa,train,outer_train,neg_cities:1447,,[],entity_5b987b7cc65ce3263f21b9e4d2189dc7471395695bd3a3b00223fd081d68f3aa,admitted,[],[],[],provisional,admitted,[],[],candidate_pending_review_not_production,admitted,,candidate_pending_review_not_production
cities:629,cities,629,630,data/tiu_datasets/cities.csv,f2560a0c1758c69935b50125111b574b71896bb75930dd87b1d8c973c1fa086e,b15d5e6c4bdc7bc3355ea84f877bc8bd698e8374ce850c5116d0656c8490ebe5,"{""city"":""Meerut"",""correct_country"":""India"",""country"":""Nigeria"",""label"":""0"",""statement"":""The city of Meerut is in Nigeria.""}",The city of Meerut is in Nigeria.,b8d95d5173daf52d532f1f7a7a67b3ffd6808d57023f04e649472394e0a51460,0,cities,affirmative,Meerut,entity_da86bf71de7b769cca96d259c70d24492eb4fc679db6dcd6af419e1d3e5f5de7,train,outer_train,neg_cities:629,,[],entity_da86bf71de7b769cca96d259c70d24492eb4fc679db6dcd6af419e1d3e5f5de7,admitted,[],[],[],provisional,admitted,[],[],candidate_pending_review_not_production,admitted,,candidate_pending_review_not_production
cities:644,cities,644,645,data/tiu_datasets/cities.csv,f2560a0c1758c69935b50125111b574b71896bb75930dd87b1d8c973c1fa086e,4205e441ad670b9a1bc13a76958e1e8e691159d0a73e90fc55fa2d95434310b0,"{""city"":""Wanzhou"",""correct_country"":""China"",""country"":""China"",""label"":""1"",""statement"":""The city of Wanzhou is in China.""}",The city of Wanzhou is in China.,6abdb3f65ec9620d611783297758bf4961849329c388bcfa895a1dabd9c0ea12,1,cities,affirmative,Wanzhou,entity_38f3675a3b4752f7d7aa50d982844cff1e4133fd39b7761cc8959c9ef0574ca5,train,outer_train,neg_cities:644,,[],entity_38f3675a3b4752f7d7aa50d982844cff1e4133fd39b7761cc8959c9ef0574ca5,admitted,[],[],[],provisional,admitted,[],[],candidate_pending_review_not_production,admitted,,candidate_pending_review_not_production
cities:424,cities,424,425,data/tiu_datasets/cities.csv,f2560a0c1758c69935b50125111b574b71896bb75930dd87b1d8c973c1fa086e,0474d3432c6254648d0675ea46abee89dd5253cb54e6868ef79f763ff6843ccb,"{""city"":""Sulaymaniyah"",""correct_country"":""Iraq"",""country"":""Iraq"",""label"":""1"",""statement"":""The city of Sulaymaniyah is in Iraq.""}",The city of Sulaymaniyah is in Iraq.,5dc58055bc264e79ab72a15c065eea92c70c035b399bf0dc8624fddfcd0d31c6,1,cities,affirmative,Sulaymaniyah,entity_03d96c8be62b38ab5db72141ede8eecc6ed24d09ef6e6c2f27b243d806792ded,train,outer_train,neg_cities:424,,[],entity_03d96c8be62b38ab5db72141ede8eecc6ed24d09ef6e6c2f27b243d806792ded,admitted,[],[],[],provisional,admitted,[],[],candidate_pending_review_not_production,admitted,,candidate_pending_review_not_production
cities:1139,cities,1139,1140,data/tiu_datasets/cities.csv,f2560a0c1758c69935b50125111b574b71896bb75930dd87b1d8c973c1fa086e,ec92c14a9e66a6e946231d8ce8872ac0219538778c66324424dbf731bc6f6682,"{""city"":""Islamabad"",""correct_country"":""Pakistan"",""country"":""Japan"",""label"":""0"",""statement"":""The city of Islamabad is in Japan.""}",The city of Islamabad is in Japan.,c2ea66ae6e0c27c8d45576158fe10feab41bc429a2b729c6e3ff1bbf5b4ec752,0,cities,affirmative,Islamabad,entity_9cbffd9601cfdc6a161a55e345c5a3627121addcc2365e3014a1bad006f875cf,train,outer_train,neg_cities:1139,,[],entity_9cbffd9601cfdc6a161a55e345c5a3627121addcc2365e3014a1bad006f875cf,admitted,[],[],[],provisional,admitted,[],[],candidate_pending_review_not_production,admitted,,candidate_pending_review_not_production
cities:90,cities,90,91,data/tiu_datasets/cities.csv,f2560a0c1758c69935b50125111b574b71896bb75930dd87b1d8c973c1fa086e,8b6295f093fa73894f936b83e8b1f19ff5294825efe2d36934609b4e0694d69b,"{""city"":""South Tangerang"",""correct_country"":""Indonesia"",""country"":""Indonesia"",""label"":""1"",""statement"":""The city of South Tangerang is in Indonesia.""}",The city of South Tangerang is in Indonesia.,7072f5f52a61e263a81bcbc3544f4adfe41e7aac6fc75848e226650698a2a6a8,1,cities,affirmative,South Tangerang,entity_26946ca90d2e1f9a87280a8541db4d7c4b4e496428e9334bf0b6c90cdfac2acb,train,outer_train,neg_cities:90,,[],entity_26946ca90d2e1f9a87280a8541db4d7c4b4e496428e9334bf0b6c90cdfac2acb,admitted,[],[],[],provisional,admitted,[],[],candidate_pending_review_not_production,admitted,,candidate_pending_review_not_production
cities:484,cities,484,485,data/tiu_datasets/cities.csv,f2560a0c1758c69935b50125111b574b71896bb75930dd87b1d8c973c1fa086e,09a3f871a068e43173405d19c7907ab8a6983a09c19c3270544d31cbadd32e40,"{""city"":""Zhangjiakou"",""correct_country"":""China"",""country"":""China"",""label"":""1"",""statement"":""The city of Zhangjiakou is in China.""}",The city of Zhangjiakou is in China.,6d40662df392bf3e9a5ce86b5c51a3dec6d755bf99f6c2edb0813f5633e7cdaa,1,cities,affirmative,Zhangjiakou,entity_21ca6ace64008470453cbc8d8040f667e8e5251a002f7adfa3867ee272a6ab4c,train,outer_train,neg_cities:484,,[],entity_21ca6ace64008470453cbc8d8040f667e8e5251a002f7adfa3867ee272a6ab4c,admitted,[],[],[],provisional,admitted,[],[],candidate_pending_review_not_production,admitted,,candidate_pending_review_not_production
cities:1062,cities,1062,1063,data/tiu_datasets/cities.csv,f2560a0c1758c69935b50125111b574b71896bb75930dd87b1d8c973c1fa086e,da3d84ea354e19ada35b037c442d232b0c43503beb897d61ffe5c7e82685959b,"{""city"":""Faisalabad"",""correct_country"":""Pakistan"",""country"":""Pakistan"",""label"":""1"",""statement"":""The city of Faisalabad is in Pakistan.""}",The city of Faisalabad is in Pakistan.,8cbc023fef0532959564a7469c3c484c6ba3ef8411c9581d9450c0c240619cc3,1,cities,affirmative,Faisalabad,entity_ea9b1d9fab82533e68e29df3e2e762f6ef9a2f887ca5cf2586493cf45d90c7f3,train,outer_train,neg_cities:1062,,[],entity_ea9b1d9fab82533e68e29df3e2e762f6ef9a2f887ca5cf2586493cf45d90c7f3,admitted,[],[],[],provisional,admitted,[],[],candidate_pending_review_not_production,admitted,,candidate_pending_review_not_production
cities:832,cities,832,833,data/tiu_datasets/cities.csv,f2560a0c1758c69935b50125111b574b71896bb75930dd87b1d8c973c1fa086e,c569d794eba8d0550442858879a2ac839479f15dd938923445946dfdf51a6908,"{""city"":""Fushun"",""correct_country"":""China"",""country"":""China"",""label"":""1"",""statement"":""The city of Fushun is in China.""}",The city of Fushun is in China.,3e30f5a9e09b5df768b29f0bcf0aa77b95ffeb6e91be78d0e58e071cf359e80f,1,cities,affirmative,Fushun,entity_22a2afa2aaeeb499a173488d23ef39f88e57a3b15dff7f987b748b906885a4c1,train,outer_train,neg_cities:832,,[],entity_22a2afa2aaeeb499a173488d23ef39f88e57a3b15dff7f987b748b906885a4c1,admitted,[],[],[],provisional,admitted,[],[],candidate_pending_review_not_production,admitted,,candidate_pending_review_not_production
cities:533,cities,533,534,data/tiu_datasets/cities.csv,f2560a0c1758c69935b50125111b574b71896bb75930dd87b1d8c973c1fa086e,0557254214f5b6ecd8fa38df8a99a898a21ea904c6c3cdb75b058259bf427666,"{""city"":""Mbuji-Mayi"",""correct_country"":""the Democratic Republic of the Congo"",""country"":""Pakistan"",""label"":""0"",""statement"":""The city of Mbuji-Mayi is in Pakistan.""}",The city of Mbuji-Mayi is in Pakistan.,074a49b7a5efac8f4670507d1457087d214f6180d40ec51bc155d9f5d27311d1,0,cities,affirmative,Mbuji-Mayi,entity_13ce926eea9bece7658084f70793587a00d40cbd70b7d1f1c3c67757706281e7,train,outer_train,neg_cities:533,,[],entity_13ce926eea9bece7658084f70793587a00d40cbd70b7d1f1c3c67757706281e7,admitted,[],[],[],provisional,admitted,[],[],candidate_pending_review_not_production,admitted,,candidate_pending_review_not_production
cities:541,cities,541,542,data/tiu_datasets/cities.csv,f2560a0c1758c69935b50125111b574b71896bb75930dd87b1d8c973c1fa086e,7c3822060fd4f07bbe69a15b3f15810f155b5d0c9f0ae7e319a2f7089ba4c26a,"{""city"":""Diyarbakir"",""correct_country"":""Turkey"",""country"":""Colombia"",""label"":""0"",""statement"":""The city of Diyarbakir is in Colombia.""}",The city of Diyarbakir is in Colombia.,6e4229eb19d923e57b7201730e3b482d361237437ea9b3dbbc3b4f9622d6c596,0,cities,affirmative,Diyarbakir,entity_2c4741f4b7ecc3d94d1becc585bc4cf1c6ca718ac4d73d049437b3ea75644972,train,outer_train,neg_cities:541,,[],entity_2c4741f4b7ecc3d94d1becc585bc4cf1c6ca718ac4d73d049437b3ea75644972,admitted,[],[],[],provisional,admitted,[],[],candidate_pending_review_not_production,admitted,,candidate_pending_review_not_production
cities:1063,cities,1063,1064,data/tiu_datasets/cities.csv,f2560a0c1758c69935b50125111b574b71896bb75930dd87b1d8c973c1fa086e,7473a8cce0662ed1dff4fd173e06318ba81ef3f8e9366d85e2fcdad9ec52b28f,"{""city"":""Faisalabad"",""correct_country"":""Pakistan"",""country"":""India"",""label"":""0"",""statement"":""The city of Faisalabad is in India.""}",The city of Faisalabad is in India.,2c8268911453ff54d370380fccda8ba9a5ec50e4d993bd78df9b3e908c310950,0,cities,affirmative,Faisalabad,entity_ea9b1d9fab82533e68e29df3e2e762f6ef9a2f887ca5cf2586493cf45d90c7f3,train,outer_train,neg_cities:1063,,[],entity_ea9b1d9fab82533e68e29df3e2e762f6ef9a2f887ca5cf2586493cf45d90c7f3,admitted,[],[],[],provisional,admitted,[],[],candidate_pending_review_not_production,admitted,,candidate_pending_review_not_production
cities:1290,cities,1290,1291,data/tiu_datasets/cities.csv,f2560a0c1758c69935b50125111b574b71896bb75930dd87b1d8c973c1fa086e,4d928cada20713e55071feaa1347ee7a88ad550f2c3eca397530d8ef6e036de2,"{""city"":""Zhuzhou"",""correct_country"":""China"",""country"":""China"",""label"":""1"",""statement"":""The city of Zhuzhou is in China.""}",The city of Zhuzhou is in China.,2460c6bff5cedb5ac9e6de992a5e14e3de24fb4729acd33e84cb26468e901bbe,1,cities,affirmative,Zhuzhou,entity_e5a034774fc212756417667ceb7cb34419f2c787b60152afaea89d4cb56eebd8,train,outer_train,neg_cities:1290,,[],entity_e5a034774fc212756417667ceb7cb34419f2c787b60152afaea89d4cb56eebd8,admitted,[],[],[],provisional,admitted,[],[],candidate_pending_review_not_production,admitted,,candidate_pending_review_not_production
cities:1410,cities,1410,1411,data/tiu_datasets/cities.csv,f2560a0c1758c69935b50125111b574b71896bb75930dd87b1d8c973c1fa086e,faa63859de00efbf696b118f31eec54a8bce713201ade5f672cf3754cd37f6ed,"{""city"":""Fuxin"",""correct_country"":""China"",""country"":""China"",""label"":""1"",""statement"":""The city of Fuxin is in China.""}",The city of Fuxin is in China.,5591d3abde3ce6b25331e43d5508a7a3557eea5db3e1eebd032e9015504ce189,1,cities,affirmative,Fuxin,entity_d7cd2d338cf3424fdb6e6843f23cbd82ced06582333ffc0196e5392ef122fa22,train,outer_train,neg_cities:1410,,[],entity_d7cd2d338cf3424fdb6e6843f23cbd82ced06582333ffc0196e5392ef122fa22,admitted,[],[],[],provisional,admitted,[],[],candidate_pending_review_not_production,admitted,,candidate_pending_review_not_production
cities:18,cities,18,19,data/tiu_datasets/cities.csv,f2560a0c1758c69935b50125111b574b71896bb75930dd87b1d8c973c1fa086e,cecab5f8948bcfde05aa382043ad2c3df08e6c3657801f23d9635b7c52e2c0ce,"{""city"":""Lu'an"",""correct_country"":""China"",""country"":""China"",""label"":""1"",""statement"":""The city of Lu'an is in China.""}",The city of Lu'an is in China.,c9d16cf4aa8053d65b81d8773f45a464b8d4e5f1e727cae38fb8eccf591939b5,1,cities,affirmative,Lu'an,entity_a666efa0e1eea6a5794f30c8474bf94d3f0d522579e22e1a3f1c3bcfc1fe978f,train,outer_train,neg_cities:18,,[],entity_a666efa0e1eea6a5794f30c8474bf94d3f0d522579e22e1a3f1c3bcfc1fe978f,admitted,[],[],[],provisional,admitted,[],[],candidate_pending_review_not_production,admitted,,candidate_pending_review_not_production
cities:1265,cities,1265,1266,data/tiu_datasets/cities.csv,f2560a0c1758c69935b50125111b574b71896bb75930dd87b1d8c973c1fa086e,9d7a74c9b81e6ab54675239f6ac852cf047173d0d478c367ae9c0e6820ba1d60,"{""city"":""Bishkek"",""correct_country"":""Kyrgyzstan"",""country"":""Germany"",""label"":""0"",""statement"":""The city of Bishkek is in Germany.""}",The city of Bishkek is in Germany.,3c274584d347ce478ab1b2a7789e8cc113c70c86c49f9b35f9bf4f58e7a82f66,0,cities,affirmative,Bishkek,entity_f564f2585045501b9c17610cdfa4a06464cac1bb9e33e09542a8663639f4ab29,train,outer_train,neg_cities:1265,,[],entity_f564f2585045501b9c17610cdfa4a06464cac1bb9e33e09542a8663639f4ab29,admitted,[],[],[],provisional,admitted,[],[],candidate_pending_review_not_production,admitted,,candidate_pending_review_not_production
cities:1148,cities,1148,1149,data/tiu_datasets/cities.csv,f2560a0c1758c69935b50125111b574b71896bb75930dd87b1d8c973c1fa086e,d8bda84afa2d1cd172a7552958fdefbb2a9a9622473c88294fa539e93c4b6f7c,"{""city"":""Bokaro"",""correct_country"":""India"",""country"":""India"",""label"":""1"",""statement"":""The city of Bokaro is in India.""}",The city of Bokaro is in India.,0c8ef9cf4e877928a1ad03a5dda2f4d5209aa8187bd559b9bcec07b141b10afc,1,cities,affirmative,Bokaro,entity_3f5105b88e6ef59a73a48561b2ab47a000bfb360996f4e7fd064cff59808eccd,train,outer_train,neg_cities:1148,,[],entity_3f5105b88e6ef59a73a48561b2ab47a000bfb360996f4e7fd064cff59808eccd,admitted,[],[],[],provisional,admitted,[],[],candidate_pending_review_not_production,admitted,,candidate_pending_review_not_production
cities:1309,cities,1309,1310,data/tiu_datasets/cities.csv,f2560a0c1758c69935b50125111b574b71896bb75930dd87b1d8c973c1fa086e,e1b85fea61e84d57b4876babf85ce9bf85a20c195a4af1abf0b2599480714e8d,"{""city"":""Baise"",""correct_country"":""China"",""country"":""Japan"",""label"":""0"",""statement"":""The city of Baise is in Japan.""}",The city of Baise is in Japan.,3488763f973a7f60c84be98de69e7c25797ea9dd5081958de368f825e89b8506,0,cities,affirmative,Baise,entity_0282a50af26947314a104dae9dac6f14a720734366b38903d5d5374500f7b589,train,outer_train,neg_cities:1309,,[],entity_0282a50af26947314a104dae9dac6f14a720734366b38903d5d5374500f7b589,admitted,[],[],[],provisional,admitted,[],[],candidate_pending_review_not_production,admitted,,candidate_pending_review_not_production
cities:868,cities,868,869,data/tiu_datasets/cities.csv,f2560a0c1758c69935b50125111b574b71896bb75930dd87b1d8c973c1fa086e,e23038e8119739f1a8ec24b8f4f00e55e18dd9f74432b1347d59247b946f099c,"{""city"":""Ordos"",""correct_country"":""China"",""country"":""China"",""label"":""1"",""statement"":""The city of Ordos is in China.""}",The city of Ordos is in China.,5f92327b5bc298de82ca3e472e825dfd3ddc4d4c772be6d9b788626a4265a01d,1,cities,affirmative,Ordos,entity_51a00cb823279525c56151118ad4496d374574667a8232df52b48ac6144a942e,train,outer_train,neg_cities:868,,[],entity_51a00cb823279525c56151118ad4496d374574667a8232df52b48ac6144a942e,admitted,[],[],[],provisional,admitted,[],[],candidate_pending_review_not_production,admitted,,candidate_pending_review_not_production
cities:165,cities,165,166,data/tiu_datasets/cities.csv,f2560a0c1758c69935b50125111b574b71896bb75930dd87b1d8c973c1fa086e,41e5c06333c380fc604c6febd8d73a29f8f20bf2f2ffb53397811911193ddb6e,"{""city"":""Lahore"",""correct_country"":""Pakistan"",""country"":""China"",""label"":""0"",""statement"":""The city of Lahore is in China.""}",The city of Lahore is in China.,8fec6c974704b93393a07ebd72536bd705221e8728596321b9f66cc7d85ca03f,0,cities,affirmative,Lahore,entity_8713ede3a534ce5ff58669192d727521d2b9fedfe03625aef4f57135a8f61c9f,train,outer_train,neg_cities:165,,[],entity_8713ede3a534ce5ff58669192d727521d2b9fedfe03625aef4f57135a8f61c9f,admitted,[],[],[],provisional,admitted,[],[],candidate_pending_review_not_production,admitted,,candidate_pending_review_not_production
cities:248,cities,248,249,data/tiu_datasets/cities.csv,f2560a0c1758c69935b50125111b574b71896bb75930dd87b1d8c973c1fa086e,4e485c34e2557371c812d2bb4101d5599a04edb01753c23f5922866882d2ad65,"{""city"":""Subang Jaya"",""correct_country"":""Malaysia"",""country"":""Malaysia"",""label"":""1"",""statement"":""The city of Subang Jaya is in Malaysia.""}",The city of Subang Jaya is in Malaysia.,0a9c35b27fffc1fb1f6da402ce6bfec436a1118095139d1a7eecfdd81c423854,1,cities,affirmative,Subang Jaya,entity_b2aea1a878786f17fa146df9479d78df43889aa91b3d5966c78d24f7d0dfe964,train,outer_train,neg_cities:248,,[],entity_b2aea1a878786f17fa146df9479d78df43889aa91b3d5966c78d24f7d0dfe964,admitted,[],[],[],provisional,admitted,[],[],candidate_pending_review_not_production,admitted,,candidate_pending_review_not_production
cities:1195,cities,1195,1196,data/tiu_datasets/cities.csv,f2560a0c1758c69935b50125111b574b71896bb75930dd87b1d8c973c1fa086e,77fcb5faff48de32d0b8f999c5b7a8ce4435e0152da854aea9c08bc479eaa08f,"{""city"":""Bikaner"",""correct_country"":""India"",""country"":""South Korea"",""label"":""0"",""statement"":""The city of Bikaner is in South Korea.""}",The city of Bikaner is in South Korea.,32c9366be5c3106fd2e2a7268fec76ce46ae45f1c41cc3cdc273066d1bcb66af,0,cities,affirmative,Bikaner,entity_e221434032d16996d61a3107b586237c787742a8f325f726bb64ab6a951612de,train,outer_train,neg_cities:1195,,[],entity_e221434032d16996d61a3107b586237c787742a8f325f726bb64ab6a951612de,admitted,[],[],[],provisional,admitted,[],[],candidate_pending_review_not_production,admitted,,candidate_pending_review_not_production
cities:754,cities,754,755,data/tiu_datasets/cities.csv,f2560a0c1758c69935b50125111b574b71896bb75930dd87b1d8c973c1fa086e,a54b180bbeb6a23fe69f07ac17ee4bf1eb6b495c231cfa058478fb1cd935d88a,"{""city"":""Kobe"",""correct_country"":""Japan"",""country"":""Japan"",""label"":""1"",""statement"":""The city of Kobe is in Japan.""}",The city of Kobe is in Japan.,9aa501a7c85053e5e8b518f53a63bf927c5b5bc116625b8379d231bdebffab44,1,cities,affirmative,Kobe,entity_300c34d056677900a2fb2e98b507065badd884ddf10d8e4ef10656186ad4817d,train,outer_train,neg_cities:754,,[],entity_300c34d056677900a2fb2e98b507065badd884ddf10d8e4ef10656186ad4817d,admitted,[],[],[],provisional,admitted,[],[],candidate_pending_review_not_production,admitted,,candidate_pending_review_not_production
cities:907,cities,907,908,data/tiu_datasets/cities.csv,f2560a0c1758c69935b50125111b574b71896bb75930dd87b1d8c973c1fa086e,99e8d461d9b70b6347dadbbf4d6c06b9219bba71495f56231e96719d46fb1287,"{""city"":""Koeln"",""correct_country"":""Germany"",""country"":""Nigeria"",""label"":""0"",""statement"":""The city of Koeln is in Nigeria.""}",The city of Koeln is in Nigeria.,90b2da83250886eb52a2c3e7f7c3b2c924ba8ba7e128b26004e1547ecf04ace2,0,cities,affirmative,Koeln,entity_a9c42b820f4b0e1e1e296ee5a667c1863b54c5e77e263b662a1722a9d758db1f,train,outer_train,neg_cities:907,,[],entity_a9c42b820f4b0e1e1e296ee5a667c1863b54c5e77e263b662a1722a9d758db1f,admitted,[],[],[],provisional,admitted,[],[],candidate_pending_review_not_production,admitted,,candidate_pending_review_not_production
cities:236,cities,236,237,data/tiu_datasets/cities.csv,f2560a0c1758c69935b50125111b574b71896bb75930dd87b1d8c973c1fa086e,5cde60a9d0ef5e553e75ff71cab1dcb7218c14e5564074c58266b8664879e2c6,"{""city"":""Aparecida de Goiania"",""correct_country"":""Brazil"",""country"":""Brazil"",""label"":""1"",""statement"":""The city of Aparecida de Goiania is in Brazil.""}",The city of Aparecida de Goiania is in Brazil.,8ae797242533b8e221a6b64cf0edb331772ee8c0aaca50982e97ed693fe6cf7f,1,cities,affirmative,Aparecida de Goiania,entity_f9e735b34a259feab462b6558f2c17bfefc8fffbf0c1d67140d79ce0386e8556,train,outer_train,neg_cities:236,,[],entity_f9e735b34a259feab462b6558f2c17bfefc8fffbf0c1d67140d79ce0386e8556,admitted,[],[],[],provisional,admitted,[],[],candidate_pending_review_not_production,admitted,,candidate_pending_review_not_production
cities:933,cities,933,934,data/tiu_datasets/cities.csv,f2560a0c1758c69935b50125111b574b71896bb75930dd87b1d8c973c1fa086e,a60d2b4b481088131ccea9f55ddc3179ce87c6004eb804525a648f804491b61d,"{""city"":""Sofia"",""correct_country"":""Bulgaria"",""country"":""South Korea"",""label"":""0"",""statement"":""The city of Sofia is in South Korea.""}",The city of Sofia is in South Korea.,107da85c4d8d9f8d118dbd6c3131f6ef8e3f507e7a9821b51349e4ceb986e8b8,0,cities,affirmative,Sofia,entity_7f87d67f95c36b1aa41ce682bb637b083a00e11a307c26ac4fed709b571ffe74,train,outer_train,neg_cities:933,,[],entity_7f87d67f95c36b1aa41ce682bb637b083a00e11a307c26ac4fed709b571ffe74,admitted,[],[],[],provisional,admitted,[],[],candidate_pending_review_not_production,admitted,,candidate_pending_review_not_production
cities:1185,cities,1185,1186,data/tiu_datasets/cities.csv,f2560a0c1758c69935b50125111b574b71896bb75930dd87b1d8c973c1fa086e,ded35bbe5719abf42186c55484f88765390055436bd597dfdb7567dd1515127d,"{""city"":""Leon de los Aldama"",""correct_country"":""Mexico"",""country"":""China"",""label"":""0"",""statement"":""The city of Leon de los Aldama is in China.""}",The city of Leon de los Aldama is in China.,cb614a8298815540983b2fd66dd910fbbe8e85492fb6b9a55cb14395f0dc8c44,0,cities,affirmative,Leon de los Aldama,entity_e84bc391e2084afdd2d42b08a4c21ee461ea8e382c279bb622c7be09b22cf873,train,outer_train,neg_cities:1185,,[],entity_e84bc391e2084afdd2d42b08a4c21ee461ea8e382c279bb622c7be09b22cf873,admitted,[],[],[],provisional,admitted,[],[],candidate_pending_review_not_production,admitted,,candidate_pending_review_not_production
cities:641,cities,641,642,data/tiu_datasets/cities.csv,f2560a0c1758c69935b50125111b574b71896bb75930dd87b1d8c973c1fa086e,09052c1624800bbde8f3798b079f431307fc7c17978dbd6619aeb4a59741ae44,"{""city"":""Saint Petersburg"",""correct_country"":""Russia"",""country"":""Canada"",""label"":""0"",""statement"":""The city of Saint Petersburg is in Canada.""}",The city of Saint Petersburg is in Canada.,688443afcc874348e89b57bff9a9587d40ccec4bc996e7586b7b0f69018db192,0,cities,affirmative,Saint Petersburg,entity_19251406fbc2d385b62264c5a4f36f7c6459d5b3d7801cc6dc755d996bb0da27,train,outer_train,neg_cities:641,,[],entity_19251406fbc2d385b62264c5a4f36f7c6459d5b3d7801cc6dc755d996bb0da27,admitted,[],[],[],provisional,admitted,[],[],candidate_pending_review_not_production,admitted,,candidate_pending_review_not_production
cities:1086,cities,1086,1087,data/tiu_datasets/cities.csv,f2560a0c1758c69935b50125111b574b71896bb75930dd87b1d8c973c1fa086e,96e4108b71b5d64e254abc2f5bfbbf4f32fa9dd9acf5ddfe8301b4f90fb7bf40,"{""city"":""Uberlandia"",""correct_country"":""Brazil"",""country"":""Brazil"",""label"":""1"",""statement"":""The city of Uberlandia is in Brazil.""}",The city of Uberlandia is in Brazil.,782a505f8579ca7b5d4988f4c7759018c5ec96c69939b8f59bb5be79531b37c7,1,cities,affirmative,Uberlandia,entity_f8a316539c6cb0841a840d431f76bd6e3cc9c2b02e78c366512c779d23f02312,train,outer_train,neg_cities:1086,,[],entity_f8a316539c6cb0841a840d431f76bd6e3cc9c2b02e78c366512c779d23f02312,admitted,[],[],[],provisional,admitted,[],[],candidate_pending_review_not_production,admitted,,candidate_pending_review_not_production
cities:1430,cities,1430,1431,data/tiu_datasets/cities.csv,f2560a0c1758c69935b50125111b574b71896bb75930dd87b1d8c973c1fa086e,1d9f1a702df8983214c55b94e23807bf2947a178d0f0d8ecf5be6cf5adcc5d27,"{""city"":""Rawalpindi"",""correct_country"":""Pakistan"",""country"":""Pakistan"",""label"":""1"",""statement"":""The city of Rawalpindi is in Pakistan.""}",The city of Rawalpindi is in Pakistan.,e134520df53e487c3a2b8970b86622fcded48131f58ded881a789382d87d5d37,1,cities,affirmative,Rawalpindi,entity_7cfd3bcd4ca7e94bf1998426214f628505e16edbe1911e1ba6e024dfe275195f,train,outer_train,neg_cities:1430,,[],entity_7cfd3bcd4ca7e94bf1998426214f628505e16edbe1911e1ba6e024dfe275195f,admitted,[],[],[],provisional,admitted,[],[],candidate_pending_review_not_production,admitted,,candidate_pending_review_not_production
cities:558,cities,558,559,data/tiu_datasets/cities.csv,f2560a0c1758c69935b50125111b574b71896bb75930dd87b1d8c973c1fa086e,ca0a70809f5ca559908733a9a3b55367ea77135761d97a2df2bc0c6910e5e0b7,"{""city"":""Kaduna"",""correct_country"":""Nigeria"",""country"":""Nigeria"",""label"":""1"",""statement"":""The city of Kaduna is in Nigeria.""}",The city of Kaduna is in Nigeria.,607ef0bacc01c1383b1f24e7b6f6658d4793ec6939699d6ef13d0b6a063d0cd8,1,cities,affirmative,Kaduna,entity_8126fcc188fbb772efb0d33ae5a066027398d0e79a9f5f13a80c54ef33c238ca,train,outer_train,neg_cities:558,,[],entity_8126fcc188fbb772efb0d33ae5a066027398d0e79a9f5f13a80c54ef33c238ca,admitted,[],[],[],provisional,admitted,[],[],candidate_pending_review_not_production,admitted,,candidate_pending_review_not_production
cities:615,cities,615,616,data/tiu_datasets/cities.csv,f2560a0c1758c69935b50125111b574b71896bb75930dd87b1d8c973c1fa086e,6aa212883e074d54ac1791edccc9318b9a9f37ad12804795c8ee8d784890a705,"{""city"":""Penza"",""correct_country"":""Russia"",""country"":""China"",""label"":""0"",""statement"":""The city of Penza is in China.""}",The city of Penza is in China.,affd32ade1aac8541734edf2ebab220dc9ad5dc81f1c3ea81ab7ad5470742f4e,0,cities,affirmative,Penza,entity_75394a2c52577286d545ca3ffa1fefca1e7287481b24c8a4608ad5d03bfea9e5,train,outer_train,neg_cities:615,,[],entity_75394a2c52577286d545ca3ffa1fefca1e7287481b24c8a4608ad5d03bfea9e5,admitted,[],[],[],provisional,admitted,[],[],candidate_pending_review_not_production,admitted,,candidate_pending_review_not_production
cities:1376,cities,1376,1377,data/tiu_datasets/cities.csv,f2560a0c1758c69935b50125111b574b71896bb75930dd87b1d8c973c1fa086e,72cbc148c4e1d2fd314e49f30a2c3166d659bba683a4a909ac93a89fddbe19a8,"{""city"":""Bucheon-si"",""correct_country"":""South Korea"",""country"":""South Korea"",""label"":""1"",""statement"":""The city of Bucheon-si is in South Korea.""}",The city of Bucheon-si is in South Korea.,0be190f4953e87c9c06e13f293f971868b280324033de009df789100907ee53b,1,cities,affirmative,Bucheon-si,entity_f9c25b82147c35152fb9d8ca0d42f9fc16a6648a14ea37ffec98dd0ddc8f2aa8,train,outer_train,neg_cities:1376,,[],entity_f9c25b82147c35152fb9d8ca0d42f9fc16a6648a14ea37ffec98dd0ddc8f2aa8,admitted,[],[],[],provisional,admitted,[],[],candidate_pending_review_not_production,admitted,,candidate_pending_review_not_production
cities:735,cities,735,736,data/tiu_datasets/cities.csv,f2560a0c1758c69935b50125111b574b71896bb75930dd87b1d8c973c1fa086e,291c5e50c140adb94558b1ce52a1bd12d6718f217d70042764de303ec2e18f8c,"{""city"":""Multan"",""correct_country"":""Pakistan"",""country"":""Ecuador"",""label"":""0"",""statement"":""The city of Multan is in Ecuador.""}",The city of Multan is in Ecuador.,a9e46fd669d4428109b424ce361e8f82e0f0ec0e3f9c98aef26fefc5d3afa6b2,0,cities,affirmative,Multan,entity_d7a732928cdb50f9629269fa3a06bfb4eb32f8cbccc74546bd4b86c5ffc45785,train,outer_train,neg_cities:735,,[],entity_d7a732928cdb50f9629269fa3a06bfb4eb32f8cbccc74546bd4b86c5ffc45785,admitted,[],[],[],provisional,admitted,[],[],candidate_pending_review_not_production,admitted,,candidate_pending_review_not_production
cities:1118,cities,1118,1119,data/tiu_datasets/cities.csv,f2560a0c1758c69935b50125111b574b71896bb75930dd87b1d8c973c1fa086e,b0600d61bb6be502bed0b98ebdbb14feeb29d3c4770543068a19aa1e1ed5f165,"{""city"":""Ningbo"",""correct_country"":""China"",""country"":""China"",""label"":""1"",""statement"":""The city of Ningbo is in China.""}",The city of Ningbo is in China.,7475d5943e57546f4493ad9d68e810f9b887bf2269bc802e308f22b39e570cf2,1,cities,affirmative,Ningbo,entity_602d1e711ed4c69dc13c486ef6e6302f35db4daa4e0cf888fa6bc2448d3d2562,train,outer_train,neg_cities:1118,,[],entity_602d1e711ed4c69dc13c486ef6e6302f35db4daa4e0cf888fa6bc2448d3d2562,admitted,[],[],[],provisional,admitted,[],[],candidate_pending_review_not_production,admitted,,candidate_pending_review_not_production
cities:363,cities,363,364,data/tiu_datasets/cities.csv,f2560a0c1758c69935b50125111b574b71896bb75930dd87b1d8c973c1fa086e,50cabcf414b55c7ff0f81a6ca8d444662a1c3577404b2628f1086042736d57d9,"{""city"":""Guangyuan"",""correct_country"":""China"",""country"":""Mexico"",""label"":""0"",""statement"":""The city of Guangyuan is in Mexico.""}",The city of Guangyuan is in Mexico.,9a924cb01a122d4868ef78999ff263b8423cdcec6541acdbc65bb4ad9a4cbd3b,0,cities,affirmative,Guangyuan,entity_22bb8809f1c916aee5317d28db87b578c1a5d5a08e295758f6e9031f5a82341d,train,outer_train,neg_cities:363,,[],entity_22bb8809f1c916aee5317d28db87b578c1a5d5a08e295758f6e9031f5a82341d,admitted,[],[],[],provisional,admitted,[],[],candidate_pending_review_not_production,admitted,,candidate_pending_review_not_production
cities:155,cities,155,156,data/tiu_datasets/cities.csv,f2560a0c1758c69935b50125111b574b71896bb75930dd87b1d8c973c1fa086e,99b409f94ac878124c7e8af63d0e273e360bb45fabc68079c6a323faf00f0f44,"{""city"":""Ahvaz"",""correct_country"":""Iran"",""country"":""China"",""label"":""0"",""statement"":""The city of Ahvaz is in China.""}",The city of Ahvaz is in China.,0df0d97231b3498e03083ffce5da15d63d0de9132b2177756c7e635eb529cb10,0,cities,affirmative,Ahvaz,entity_1f2b497f034ffd330102647d7919dd0aff2f9903c93899a1c3865ae9d11ee271,train,outer_train,neg_cities:155,,[],entity_1f2b497f034ffd330102647d7919dd0aff2f9903c93899a1c3865ae9d11ee271,admitted,[],[],[],provisional,admitted,[],[],candidate_pending_review_not_production,admitted,,candidate_pending_review_not_production
cities:817,cities,817,818,data/tiu_datasets/cities.csv,f2560a0c1758c69935b50125111b574b71896bb75930dd87b1d8c973c1fa086e,fb1cf0441abc691b961a3d233b09d0a03dce57651285839381ce218049aae7dd,"{""city"":""Londrina"",""correct_country"":""Brazil"",""country"":""India"",""label"":""0"",""statement"":""The city of Londrina is in India.""}",The city of Londrina is in India.,125f0d3705ae13b84eefed6553dfefaf066c9c71160498895d72746c81b4ee6e,0,cities,affirmative,Londrina,entity_e80f09978e6bdfb519c6cfba58da68370898d428c8f55a7b87d62cab0b354511,train,outer_train,neg_cities:817,,[],entity_e80f09978e6bdfb519c6cfba58da68370898d428c8f55a7b87d62cab0b354511,admitted,[],[],[],provisional,admitted,[],[],candidate_pending_review_not_production,admitted,,candidate_pending_review_not_production
cities:1020,cities,1020,1021,data/tiu_datasets/cities.csv,f2560a0c1758c69935b50125111b574b71896bb75930dd87b1d8c973c1fa086e,b1d1e6ebe22147703de59d837346b41d79accb60a840889ea19ac7bd09fd4be2,"{""city"":""Wuwei"",""correct_country"":""China"",""country"":""China"",""label"":""1"",""statement"":""The city of Wuwei is in China.""}",The city of Wuwei is in China.,6bfa60cece2e204520c3dafce3eba95539de57e49803280a3bc273bef68c4e43,1,cities,affirmative,Wuwei,entity_725b5fe9f32ce174569abadfb446902c3b09a9ae6875f62452efc388d1845c77,train,outer_train,neg_cities:1020,,[],entity_725b5fe9f32ce174569abadfb446902c3b09a9ae6875f62452efc388d1845c77,admitted,[],[],[],provisional,admitted,[],[],candidate_pending_review_not_production,admitted,,candidate_pending_review_not_production
cities:906,cities,906,907,data/tiu_datasets/cities.csv,f2560a0c1758c69935b50125111b574b71896bb75930dd87b1d8c973c1fa086e,4ba7f01452a3cb6da06c5aa4a6cc5b36489be01913ff4b8f794f573b0df97896,"{""city"":""Koeln"",""correct_country"":""Germany"",""country"":""Germany"",""label"":""1"",""statement"":""The city of Koeln is in Germany.""}",The city of Koeln is in Germany.,56cb31c19d678dc84f8cad7f30b23aa9a0e46ce4fcb265cd2d44233dfef986e4,1,cities,affirmative,Koeln,entity_a9c42b820f4b0e1e1e296ee5a667c1863b54c5e77e263b662a1722a9d758db1f,train,outer_train,neg_cities:906,,[],entity_a9c42b820f4b0e1e1e296ee5a667c1863b54c5e77e263b662a1722a9d758db1f,admitted,[],[],[],provisional,admitted,[],[],candidate_pending_review_not_production,admitted,,candidate_pending_review_not_production
cities:324,cities,324,325,data/tiu_datasets/cities.csv,f2560a0c1758c69935b50125111b574b71896bb75930dd87b1d8c973c1fa086e,dd796201bfd71262d27fe2bb57143cee4a47f2cbaa5925362b7034b456febe55,"{""city"":""Ulan Bator"",""correct_country"":""Mongolia"",""country"":""Mongolia"",""label"":""1"",""statement"":""The city of Ulan Bator is in Mongolia.""}",The city of Ulan Bator is in Mongolia.,d97c705995f5ba6c53eb237d499bb253e4f645c64de7c1a746622988aa7dd788,1,cities,affirmative,Ulan Bator,entity_9f41a6445f66823bd408af0759b084b85b1caf8c9997cbce58b8895c505d3cdf,train,outer_train,neg_cities:324,,[],entity_9f41a6445f66823bd408af0759b084b85b1caf8c9997cbce58b8895c505d3cdf,admitted,[],[],[],provisional,admitted,[],[],candidate_pending_review_not_production,admitted,,candidate_pending_review_not_production
cities:81,cities,81,82,data/tiu_datasets/cities.csv,f2560a0c1758c69935b50125111b574b71896bb75930dd87b1d8c973c1fa086e,9a16cf32195aa4802fcef8294ad06fb4eaf77f8c6413b04c1328f3ded121790d,"{""city"":""Panzhihua"",""correct_country"":""China"",""country"":""Iran"",""label"":""0"",""statement"":""The city of Panzhihua is in Iran.""}",The city of Panzhihua is in Iran.,31ff40a785c3e956d75d372f572a8995e37095690bd8405237410c88e7b130fb,0,cities,affirmative,Panzhihua,entity_67c9dedde4d0c95846f72eb7b23c12dc707615463e2b0df325ae8bb76f297b36,train,outer_train,neg_cities:81,,[],entity_67c9dedde4d0c95846f72eb7b23c12dc707615463e2b0df325ae8bb76f297b36,admitted,[],[],[],provisional,admitted,[],[],candidate_pending_review_not_production,admitted,,candidate_pending_review_not_production
cities:95,cities,95,96,data/tiu_datasets/cities.csv,f2560a0c1758c69935b50125111b574b71896bb75930dd87b1d8c973c1fa086e,90bc37664d810f14b95e716f09d21e3a3df55e79e30443acff80b9dc0e300e71,"{""city"":""Fort Worth"",""correct_country"":""the United States"",""country"":""Russia"",""label"":""0"",""statement"":""The city of Fort Worth is in Russia.""}",The city of Fort Worth is in Russia.,ae9fdafd8b78968865aedab535bd356787836c2df954f41a5649542dac388750,0,cities,affirmative,Fort Worth,entity_ec5bcf666a0d488d067ae59443ca23da92e5be4d56b4a41ef1e10435ed2a2719,train,outer_train,neg_cities:95,,[],entity_ec5bcf666a0d488d067ae59443ca23da92e5be4d56b4a41ef1e10435ed2a2719,admitted,[],[],[],provisional,admitted,[],[],candidate_pending_review_not_production,admitted,,candidate_pending_review_not_production
cities:1234,cities,1234,1235,data/tiu_datasets/cities.csv,f2560a0c1758c69935b50125111b574b71896bb75930dd87b1d8c973c1fa086e,56140aa0865597b5e1ec98340a19bfdd6515aa4951a1daedf093ac86dcae763e,"{""city"":""Santiago de Cuba"",""correct_country"":""Cuba"",""country"":""Cuba"",""label"":""1"",""statement"":""The city of Santiago de Cuba is in Cuba.""}",The city of Santiago de Cuba is in Cuba.,ebfaf0fc5da5901865b0d18491f0a99e9473133d2063d22cc2ed263d6f33440a,1,cities,affirmative,Santiago de Cuba,entity_d0222ac36d5f80c70c52ced6eae3a9dc80afb8bb105fe8f2c35636094f5a01d3,train,outer_train,neg_cities:1234,,[],entity_d0222ac36d5f80c70c52ced6eae3a9dc80afb8bb105fe8f2c35636094f5a01d3,admitted,[],[],[],provisional,admitted,[],[],candidate_pending_review_not_production,admitted,,candidate_pending_review_not_production
cities:1053,cities,1053,1054,data/tiu_datasets/cities.csv,f2560a0c1758c69935b50125111b574b71896bb75930dd87b1d8c973c1fa086e,7c7b2a8a319b33ba9559d536112d96daa8f2ee207e10ace0f6f2b027f4cd36b9,"{""city"":""Benxi"",""correct_country"":""China"",""country"":""Brazil"",""label"":""0"",""statement"":""The city of Benxi is in Brazil.""}",The city of Benxi is in Brazil.,c3fd47282f426e439ee38e3da14db49d15bc19094080b1412dca6fa929765b4d,0,cities,affirmative,Benxi,entity_f1e7fbc354ca516c94ee5753f40f787302d8e13f59359a872a95d5be897aaa54,train,outer_train,neg_cities:1053,,[],entity_f1e7fbc354ca516c94ee5753f40f787302d8e13f59359a872a95d5be897aaa54,admitted,[],[],[],provisional,admitted,[],[],candidate_pending_review_not_production,admitted,,candidate_pending_review_not_production
cities:316,cities,316,317,data/tiu_datasets/cities.csv,f2560a0c1758c69935b50125111b574b71896bb75930dd87b1d8c973c1fa086e,e1f4bdd2419bfe25ce9db07ef7ef1de1b6b5029f85ca2b2774a85fc447bafc59,"{""city"":""Manaus"",""correct_country"":""Brazil"",""country"":""Brazil"",""label"":""1"",""statement"":""The city of Manaus is in Brazil.""}",The city of Manaus is in Brazil.,43b3e0bb46a3c51e68487610ed8ce62a5c149756d17aaa20841a4ddd709c3bf7,1,cities,affirmative,Manaus,entity_30c320db4ce1f62c6c906f92a01bd2e7bc64c734136fec3246d2a24afab5588b,train,outer_train,neg_cities:316,,[],entity_30c320db4ce1f62c6c906f92a01bd2e7bc64c734136fec3246d2a24afab5588b,admitted,[],[],[],provisional,admitted,[],[],candidate_pending_review_not_production,admitted,,candidate_pending_review_not_production
cities:480,cities,480,481,data/tiu_datasets/cities.csv,f2560a0c1758c69935b50125111b574b71896bb75930dd87b1d8c973c1fa086e,7a8d483350a8f4b7bd564bd49ad653582e778bbf942be16ef3396bb726a5bccd,"{""city"":""Pingdingshan"",""correct_country"":""China"",""country"":""China"",""label"":""1"",""statement"":""The city of Pingdingshan is in China.""}",The city of Pingdingshan is in China.,ba820101cd00fc5a00d299ac684ff30f0f478a759f990f1cb73579be2ee89e75,1,cities,affirmative,Pingdingshan,entity_8a0a5d8d368705b1c468bb9eb754833522b327e294e22bf548e43434ce374054,train,outer_train,neg_cities:480,,[],entity_8a0a5d8d368705b1c468bb9eb754833522b327e294e22bf548e43434ce374054,admitted,[],[],[],provisional,admitted,[],[],candidate_pending_review_not_production,admitted,,candidate_pending_review_not_production
cities:454,cities,454,455,data/tiu_datasets/cities.csv,f2560a0c1758c69935b50125111b574b71896bb75930dd87b1d8c973c1fa086e,267a495b58b09d28264c9df4914b1b2b61ab3988b8d65334c7ef6ff0dc8b02fc,"{""city"":""Shihezi"",""correct_country"":""China"",""country"":""China"",""label"":""1"",""statement"":""The city of Shihezi is in China.""}",The city of Shihezi is in China.,ce85d55d50554cc6a4562382a3fb7fc704086453baa095308ce90aef3c26b1e9,1,cities,affirmative,Shihezi,entity_ffe8e4187c7944a7a08a56e6e665350bc9ebdb05f1ecf6c3ab9702c3e0fff2fa,train,outer_train,neg_cities:454,,[],entity_ffe8e4187c7944a7a08a56e6e665350bc9ebdb05f1ecf6c3ab9702c3e0fff2fa,admitted,[],[],[],provisional,admitted,[],[],candidate_pending_review_not_production,admitted,,candidate_pending_review_not_production
cities:1157,cities,1157,1158,data/tiu_datasets/cities.csv,f2560a0c1758c69935b50125111b574b71896bb75930dd87b1d8c973c1fa086e,a3e92bb6a30b9eab6349037980985e1037c2096ff07f9ee9f0e78cda709bcb18,"{""city"":""Kota Kinabalu"",""correct_country"":""Malaysia"",""country"":""the United States"",""label"":""0"",""statement"":""The city of Kota Kinabalu is in the United States.""}",The city of Kota Kinabalu is in the United States.,1c3cc39be27433e5f925b0eb1cd12062952db12da8170242ee5404af8dac68d6,0,cities,affirmative,Kota Kinabalu,entity_c17a665ac202bb056f3f08a21800e84beb69033e91a6be4e2172232100cfb9ac,train,outer_train,neg_cities:1157,,[],entity_c17a665ac202bb056f3f08a21800e84beb69033e91a6be4e2172232100cfb9ac,admitted,[],[],[],provisional,admitted,[],[],candidate_pending_review_not_production,admitted,,candidate_pending_review_not_production
cities:432,cities,432,433,data/tiu_datasets/cities.csv,f2560a0c1758c69935b50125111b574b71896bb75930dd87b1d8c973c1fa086e,9a4ad32567703b83e42cfc8a1407d40c2c067b3d44393134bd64129aaaba2cdc,"{""city"":""Stockholm"",""correct_country"":""Sweden"",""country"":""Sweden"",""label"":""1"",""statement"":""The city of Stockholm is in Sweden.""}",The city of Stockholm is in Sweden.,8402d9acef42ae94dcb1ad635f45f9bab92a1d6c274bffc403083f8660675f24,1,cities,affirmative,Stockholm,entity_020c36812432f21b87595cc2c61296c29a94cb7592b0e31d67968c8fb917b48d,train,outer_train,neg_cities:432,,[],entity_020c36812432f21b87595cc2c61296c29a94cb7592b0e31d67968c8fb917b48d,admitted,[],[],[],provisional,admitted,[],[],candidate_pending_review_not_production,admitted,,candidate_pending_review_not_production
cities:113,cities,113,114,data/tiu_datasets/cities.csv,f2560a0c1758c69935b50125111b574b71896bb75930dd87b1d8c973c1fa086e,dc7ab8552bc44e4e5e3d7464a6f355fdf81d055342060cdc4c466716d8ef90bb,"{""city"":""Poznan"",""correct_country"":""Poland"",""country"":""Mexico"",""label"":""0"",""statement"":""The city of Poznan is in Mexico.""}",The city of Poznan is in Mexico.,bf5a6610b9d2e24f6c1e2ee410faf64e61865dcc7efaaf1bf88f7d5e3804ddd9,0,cities,affirmative,Poznan,entity_5fd508c0c06f482011127f7dff81e4b591244c442346fac2ffad1ea888cc2c23,train,outer_train,neg_cities:113,,[],entity_5fd508c0c06f482011127f7dff81e4b591244c442346fac2ffad1ea888cc2c23,admitted,[],[],[],provisional,admitted,[],[],candidate_pending_review_not_production,admitted,,candidate_pending_review_not_production
cities:1486,cities,1486,1487,data/tiu_datasets/cities.csv,f2560a0c1758c69935b50125111b574b71896bb75930dd87b1d8c973c1fa086e,e99dcae4c78586ce0567ff7db5848f6745926e07060fa4c072e1ace3047cf8a9,"{""city"":""Bhopal"",""correct_country"":""India"",""country"":""India"",""label"":""1"",""statement"":""The city of Bhopal is in India.""}",The city of Bhopal is in India.,2e7fc9fe58e341bb7b50d3b11a351e6f24aefad549651a33eb1833726d250a44,1,cities,affirmative,Bhopal,entity_67764db1eadc4843f584618e4d95eac7226a2da64699fd32f7f16b3c677df62f,train,outer_train,neg_cities:1486,,[],entity_67764db1eadc4843f584618e4d95eac7226a2da64699fd32f7f16b3c677df62f,admitted,[],[],[],provisional,admitted,[],[],candidate_pending_review_not_production,admitted,,candidate_pending_review_not_production
cities:612,cities,612,613,data/tiu_datasets/cities.csv,f2560a0c1758c69935b50125111b574b71896bb75930dd87b1d8c973c1fa086e,74c20dc932d9bd05b30194237c6af2b1026fb9db0b38a9905417c39f7f56823f,"{""city"":""Hannover"",""correct_country"":""Germany"",""country"":""Germany"",""label"":""1"",""statement"":""The city of Hannover is in Germany.""}",The city of Hannover is in Germany.,1c5c1b12c0aff27eab6ae73f42a4c704280c478b40125b84b5906c7bf2db3b2f,1,cities,affirmative,Hannover,entity_a9a8aeec3bf18d515f62a199fac892df70a97ae8ee7ccc026e8ec890efe39b74,train,outer_train,neg_cities:612,,[],entity_a9a8aeec3bf18d515f62a199fac892df70a97ae8ee7ccc026e8ec890efe39b74,admitted,[],[],[],provisional,admitted,[],[],candidate_pending_review_not_production,admitted,,candidate_pending_review_not_production
cities:974,cities,974,975,data/tiu_datasets/cities.csv,f2560a0c1758c69935b50125111b574b71896bb75930dd87b1d8c973c1fa086e,72232e7ad202fc4e45d8d2491ca8b214945b262fc8229a105e2b42e3a3dc1dca,"{""city"":""Krasnoyarsk"",""correct_country"":""Russia"",""country"":""Russia"",""label"":""1"",""statement"":""The city of Krasnoyarsk is in Russia.""}",The city of Krasnoyarsk is in Russia.,d0cbd0ec0764eaa27e1394e18e93cc1ca2bc6698674f75b0433d0361bd842c62,1,cities,affirmative,Krasnoyarsk,entity_b26f23c9c4d6681bb12dbe39c02932ec1aa852aafe3c4254f4ebdbb09205f3ee,train,outer_train,neg_cities:974,,[],entity_b26f23c9c4d6681bb12dbe39c02932ec1aa852aafe3c4254f4ebdbb09205f3ee,admitted,[],[],[],provisional,admitted,[],[],candidate_pending_review_not_production,admitted,,candidate_pending_review_not_production
cities:837,cities,837,838,data/tiu_datasets/cities.csv,f2560a0c1758c69935b50125111b574b71896bb75930dd87b1d8c973c1fa086e,772e0b5808cd40499c5b8c1d68ed7586180996e41f86f706c7e79b70af6429b8,"{""city"":""Rangpur"",""correct_country"":""Bangladesh"",""country"":""Russia"",""label"":""0"",""statement"":""The city of Rangpur is in Russia.""}",The city of Rangpur is in Russia.,c2b869f41a7d596584b8d2af396fa43949d1efd24d11feae94e8a33c5b70d786,0,cities,affirmative,Rangpur,entity_07d88bcb5bdf6069ba580f2d7fa0db1a1300da4421dbba209308a7ece579cb60,train,outer_train,neg_cities:837,,[],entity_07d88bcb5bdf6069ba580f2d7fa0db1a1300da4421dbba209308a7ece579cb60,admitted,[],[],[],provisional,admitted,[],[],candidate_pending_review_not_production,admitted,,candidate_pending_review_not_production
cities:402,cities,402,403,data/tiu_datasets/cities.csv,f2560a0c1758c69935b50125111b574b71896bb75930dd87b1d8c973c1fa086e,0c40117368f34527c8a131be4f3ed277eed491e0b8e3b6ca72827451a5b4d51f,"{""city"":""Iztapalapa"",""correct_country"":""Mexico"",""country"":""Mexico"",""label"":""1"",""statement"":""The city of Iztapalapa is in Mexico.""}",The city of Iztapalapa is in Mexico.,4ad771af9fc1491b63acddf7f2599f755f57d422038d4ef83af5737ea3ca78cf,1,cities,affirmative,Iztapalapa,entity_209170067c8ad2291e7c6b78715e48288de2ee6bc98c70c06b6d395885805b5b,train,outer_train,neg_cities:402,,[],entity_209170067c8ad2291e7c6b78715e48288de2ee6bc98c70c06b6d395885805b5b,admitted,[],[],[],provisional,admitted,[],[],candidate_pending_review_not_production,admitted,,candidate_pending_review_not_production
cities:459,cities,459,460,data/tiu_datasets/cities.csv,f2560a0c1758c69935b50125111b574b71896bb75930dd87b1d8c973c1fa086e,e05816d59c6a77c43f5a7974f987e1bc116a6e9eea0ce1aa8fa5762a1b3714ab,"{""city"":""Xiangtan"",""correct_country"":""China"",""country"":""Brazil"",""label"":""0"",""statement"":""The city of Xiangtan is in Brazil.""}",The city of Xiangtan is in Brazil.,8d8804715ff632272b2c91c5a8026240963c9e84de2ad5b6e3ff6e65a5772c15,0,cities,affirmative,Xiangtan,entity_9652449e6527ee0cb54af180eda1913d0e05b9c6be9e70de4c78d713904d97c1,train,outer_train,neg_cities:459,,[],entity_9652449e6527ee0cb54af180eda1913d0e05b9c6be9e70de4c78d713904d97c1,admitted,[],[],[],provisional,admitted,[],[],candidate_pending_review_not_production,admitted,,candidate_pending_review_not_production
cities:1291,cities,1291,1292,data/tiu_datasets/cities.csv,f2560a0c1758c69935b50125111b574b71896bb75930dd87b1d8c973c1fa086e,09e27c1516403318469eb043ae1e1159430e9511cf22376829882cc8d4d82063,"{""city"":""Zhuzhou"",""correct_country"":""China"",""country"":""France"",""label"":""0"",""statement"":""The city of Zhuzhou is in France.""}",The city of Zhuzhou is in France.,8b06f21ee5c7863f9b9f209325ea563659f5090d8533a7e4edf5d831b1540fdf,0,cities,affirmative,Zhuzhou,entity_e5a034774fc212756417667ceb7cb34419f2c787b60152afaea89d4cb56eebd8,train,outer_train,neg_cities:1291,,[],entity_e5a034774fc212756417667ceb7cb34419f2c787b60152afaea89d4cb56eebd8,admitted,[],[],[],provisional,admitted,[],[],candidate_pending_review_not_production,admitted,,candidate_pending_review_not_production
cities:226,cities,226,227,data/tiu_datasets/cities.csv,f2560a0c1758c69935b50125111b574b71896bb75930dd87b1d8c973c1fa086e,d5bb6f2605c9ba7313b09e4bfc7cefe23e5fc27e15c386c1b0b9b467be06d3af,"{""city"":""Neijiang"",""correct_country"":""China"",""country"":""China"",""label"":""1"",""statement"":""The city of Neijiang is in China.""}",The city of Neijiang is in China.,91afa22d73a8871d510a6d6a7053dd9346751bd489ea9dd35ac05fe5c88015da,1,cities,affirmative,Neijiang,entity_0ec0bbd8967ae74e709dd45499ada81f5221c6a903d8cde28a1e3819a965bfca,train,outer_train,neg_cities:226,,[],entity_0ec0bbd8967ae74e709dd45499ada81f5221c6a903d8cde28a1e3819a965bfca,admitted,[],[],[],provisional,admitted,[],[],candidate_pending_review_not_production,admitted,,candidate_pending_review_not_production
cities:1030,cities,1030,1031,data/tiu_datasets/cities.csv,f2560a0c1758c69935b50125111b574b71896bb75930dd87b1d8c973c1fa086e,ffc5fe01a32fb1e467a2349a30a5c7e689fa40e6d2e7886d2bde58915e0bc974,"{""city"":""Sorocaba"",""correct_country"":""Brazil"",""country"":""Brazil"",""label"":""1"",""statement"":""The city of Sorocaba is in Brazil.""}",The city of Sorocaba is in Brazil.,1c3f7b15b865f2db7ac18fc84fd4d0fe987edd2e3dacde9b7c0121f869d2f4ad,1,cities,affirmative,Sorocaba,entity_4f07d0df183c2303821dff7f7a27df8aaf731e6a1abe41b651dbe621b64e2494,train,outer_train,neg_cities:1030,,[],entity_4f07d0df183c2303821dff7f7a27df8aaf731e6a1abe41b651dbe621b64e2494,admitted,[],[],[],provisional,admitted,[],[],candidate_pending_review_not_production,admitted,,candidate_pending_review_not_production
cities:863,cities,863,864,data/tiu_datasets/cities.csv,f2560a0c1758c69935b50125111b574b71896bb75930dd87b1d8c973c1fa086e,cad94d51cd30915afb8acbdadb3d8161f02e9dd222faa6f6acf799a5bdb212b9,"{""city"":""Adana"",""correct_country"":""Turkey"",""country"":""Togo"",""label"":""0"",""statement"":""The city of Adana is in Togo.""}",The city of Adana is in Togo.,aa6e57e6b049c58c0f1f9bf894fd2dceffef2fae6f058583466c8c2a08d91cbd,0,cities,affirmative,Adana,entity_58c121c48f3691fa0f01a0c41ebb3528f2d6ce12b99b4cf9f1a9a134c1d19ccf,train,outer_train,neg_cities:863,,[],entity_58c121c48f3691fa0f01a0c41ebb3528f2d6ce12b99b4cf9f1a9a134c1d19ccf,admitted,[],[],[],provisional,admitted,[],[],candidate_pending_review_not_production,admitted,,candidate_pending_review_not_production
cities:1462,cities,1462,1463,data/tiu_datasets/cities.csv,f2560a0c1758c69935b50125111b574b71896bb75930dd87b1d8c973c1fa086e,d99cd963982782d507c8669f2ddd37c52ed9d46ff1e777682388805d59446715,"{""city"":""Rostov-na-Donu"",""correct_country"":""Russia"",""country"":""Russia"",""label"":""1"",""statement"":""The city of Rostov-na-Donu is in Russia.""}",The city of Rostov-na-Donu is in Russia.,f85c174727e5c832cb5f9dfe171acfd0b40186a76eef6e3a9d8ef6ed61a1aea5,1,cities,affirmative,Rostov-na-Donu,entity_33a87351f82ce9d0bc0580f721896d0c784f91bc7e0f57797ea07fb0f26cd355,train,outer_train,neg_cities:1462,,[],entity_33a87351f82ce9d0bc0580f721896d0c784f91bc7e0f57797ea07fb0f26cd355,admitted,[],[],[],provisional,admitted,[],[],candidate_pending_review_not_production,admitted,,candidate_pending_review_not_production
cities:1295,cities,1295,1296,data/tiu_datasets/cities.csv,f2560a0c1758c69935b50125111b574b71896bb75930dd87b1d8c973c1fa086e,5e3758ef0313c36acc533fa92116cc7110395fa685fd6a707d565acc790eb84f,"{""city"":""Tanggu"",""correct_country"":""China"",""country"":""South Korea"",""label"":""0"",""statement"":""The city of Tanggu is in South Korea.""}",The city of Tanggu is in South Korea.,66519d35e9e52b4a38b6a9bbe91d2a2a7ca2334280546c700094d0441c4c472f,0,cities,affirmative,Tanggu,entity_c1a50a55e87b2d5f035e9addf1280c6a4d1f85c89d1000e4febbc0f645c6114a,train,outer_train,neg_cities:1295,,[],entity_c1a50a55e87b2d5f035e9addf1280c6a4d1f85c89d1000e4febbc0f645c6114a,admitted,[],[],[],provisional,admitted,[],[],candidate_pending_review_not_production,admitted,,candidate_pending_review_not_production
cities:785,cities,785,786,data/tiu_datasets/cities.csv,f2560a0c1758c69935b50125111b574b71896bb75930dd87b1d8c973c1fa086e,74ec40182e65e6e069b2d51686cc828a4c8336cbb6f3eeac98e77a0baccf2564,"{""city"":""Recife"",""correct_country"":""Brazil"",""country"":""North Korea"",""label"":""0"",""statement"":""The city of Recife is in North Korea.""}",The city of Recife is in North Korea.,92c10bf08ace5dca00530b3ba694e0abcd17193fb0ca5cebebefa8b4ea6fd23f,0,cities,affirmative,Recife,entity_c97cde0e3be323455a90a133d46526a7b0e099565d04b3df7563befdb4f65994,train,outer_train,neg_cities:785,,[],entity_c97cde0e3be323455a90a133d46526a7b0e099565d04b3df7563befdb4f65994,admitted,[],[],[],provisional,admitted,[],[],candidate_pending_review_not_production,admitted,,candidate_pending_review_not_production
cities:1394,cities,1394,1395,data/tiu_datasets/cities.csv,f2560a0c1758c69935b50125111b574b71896bb75930dd87b1d8c973c1fa086e,d277dede8ef25004295ed578de23d1c72c7a708bfd16e9f9b12f478a00b7eb21,"{""city"":""Batam"",""correct_country"":""Indonesia"",""country"":""Indonesia"",""label"":""1"",""statement"":""The city of Batam is in Indonesia.""}",The city of Batam is in Indonesia.,c028b6b9663d49eff07e5f5d8ade3313512fe1cd6d60ed26431e2e6ded639dcc,1,cities,affirmative,Batam,entity_24ddd08285b2b0fa1a1ab13e94871ec20e7f0abf0869d95e299e8f4beb399408,train,outer_train,neg_cities:1394,,[],entity_24ddd08285b2b0fa1a1ab13e94871ec20e7f0abf0869d95e299e8f4beb399408,admitted,[],[],[],provisional,admitted,[],[],candidate_pending_review_not_production,admitted,,candidate_pending_review_not_production
cities:1026,cities,1026,1027,data/tiu_datasets/cities.csv,f2560a0c1758c69935b50125111b574b71896bb75930dd87b1d8c973c1fa086e,9b6256a2440fcf497f359ebb055d306906d490d1c0bc305f00f4e412d80e1cfe,"{""city"":""Jiangyin"",""correct_country"":""China"",""country"":""China"",""label"":""1"",""statement"":""The city of Jiangyin is in China.""}",The city of Jiangyin is in China.,7246c6a67f271cc15cf01e70c7eb8b343b6f3e86d10b948e28a2a42454a21686,1,cities,affirmative,Jiangyin,entity_f7fe192b25821f8aae4ab5ad0ebce2153dafce293dc3fecc5bab1127177ba1fe,train,outer_train,neg_cities:1026,,[],entity_f7fe192b25821f8aae4ab5ad0ebce2153dafce293dc3fecc5bab1127177ba1fe,admitted,[],[],[],provisional,admitted,[],[],candidate_pending_review_not_production,admitted,,candidate_pending_review_not_production
cities:10,cities,10,11,data/tiu_datasets/cities.csv,f2560a0c1758c69935b50125111b574b71896bb75930dd87b1d8c973c1fa086e,fa6284c90ff5ef57f3ea6a86267e28b672414e8a92f3f53f3b76aa9038c2bf4e,"{""city"":""Addis Ababa"",""correct_country"":""Ethiopia"",""country"":""Ethiopia"",""label"":""1"",""statement"":""The city of Addis Ababa is in Ethiopia.""}",The city of Addis Ababa is in Ethiopia.,879f915ded12244a362b5b05613734ea88d2ce0bd57124d74d9e1dce379c917b,1,cities,affirmative,Addis Ababa,entity_bceadd6b343c4d2df0517cc51f8ccf77953467b330a726bc3a33bb0075403967,train,outer_train,neg_cities:10,,[],entity_bceadd6b343c4d2df0517cc51f8ccf77953467b330a726bc3a33bb0075403967,admitted,[],[],[],provisional,admitted,[],[],candidate_pending_review_not_production,admitted,,candidate_pending_review_not_production
cities:1289,cities,1289,1290,data/tiu_datasets/cities.csv,f2560a0c1758c69935b50125111b574b71896bb75930dd87b1d8c973c1fa086e,ed8d8b0c2624808a996f5913cb1a4bab68ae15664df32e02a213cd65fa8c9bd3,"{""city"":""Tebessa"",""correct_country"":""Algeria"",""country"":""India"",""label"":""0"",""statement"":""The city of Tebessa is in India.""}",The city of Tebessa is in India.,0c194bd8128a09f9cb9418da8950c967b3324409674ae3fc03ad112256516905,0,cities,affirmative,Tebessa,entity_9f6101ee9f9484686f33519cb1450664bd3c2431053121db75d946697f062227,train,outer_train,neg_cities:1289,,[],entity_9f6101ee9f9484686f33519cb1450664bd3c2431053121db75d946697f062227,admitted,[],[],[],provisional,admitted,[],[],candidate_pending_review_not_production,admitted,,candidate_pending_review_not_production
cities:592,cities,592,593,data/tiu_datasets/cities.csv,f2560a0c1758c69935b50125111b574b71896bb75930dd87b1d8c973c1fa086e,1b48f5a96451c6dfb24961c1fa0223c7db007e99505dd2a707c8fbc94188355f,"{""city"":""Douala"",""correct_country"":""Cameroon"",""country"":""Cameroon"",""label"":""1"",""statement"":""The city of Douala is in Cameroon.""}",The city of Douala is in Cameroon.,e8fd8fdbe482c15f745e48de99b3e04a4999c3d0ea819d0aa117d984f5f0f480,1,cities,affirmative,Douala,entity_033f1a0f686afbcc4d156382058217d695967e6c4fb5233580748609bc92dbc1,train,outer_train,neg_cities:592,,[],entity_033f1a0f686afbcc4d156382058217d695967e6c4fb5233580748609bc92dbc1,admitted,[],[],[],provisional,admitted,[],[],candidate_pending_review_not_production,admitted,,candidate_pending_review_not_production
cities:915,cities,915,916,data/tiu_datasets/cities.csv,f2560a0c1758c69935b50125111b574b71896bb75930dd87b1d8c973c1fa086e,8b6765ba22f90382231fa009dec3c50b5e50a16c0e7bd1d99f4088d63a99eb5a,"{""city"":""Nanded"",""correct_country"":""India"",""country"":""China"",""label"":""0"",""statement"":""The city of Nanded is in China.""}",The city of Nanded is in China.,7fd639520a148e39a5c65d257bf81880192853979884cccc124a8e47883eeaf2,0,cities,affirmative,Nanded,entity_adeb39f2a6354e7097f7862d03180106d72c5c588a307e2ef6ae314cab894ba3,train,outer_train,neg_cities:915,,[],entity_adeb39f2a6354e7097f7862d03180106d72c5c588a307e2ef6ae314cab894ba3,admitted,[],[],[],provisional,admitted,[],[],candidate_pending_review_not_production,admitted,,candidate_pending_review_not_production
cities:1426,cities,1426,1427,data/tiu_datasets/cities.csv,f2560a0c1758c69935b50125111b574b71896bb75930dd87b1d8c973c1fa086e,b2acff0ddef989a026e08776aecf943141e561424152a0f9d9c142e8d9a61e54,"{""city"":""Cankaya"",""correct_country"":""Turkey"",""country"":""Turkey"",""label"":""1"",""statement"":""The city of Cankaya is in Turkey.""}",The city of Cankaya is in Turkey.,4fb7d83c45619df1b1092431d245f9f6c442f991d5bab078f676a27385b0c9b2,1,cities,affirmative,Cankaya,entity_39367ff6f0d62665c2b5ca7f9b3afa0810996408ec976ab00798a266d268ba83,train,outer_train,neg_cities:1426,,[],entity_39367ff6f0d62665c2b5ca7f9b3afa0810996408ec976ab00798a266d268ba83,admitted,[],[],[],provisional,admitted,[],[],candidate_pending_review_not_production,admitted,,candidate_pending_review_not_production
cities:228,cities,228,229,data/tiu_datasets/cities.csv,f2560a0c1758c69935b50125111b574b71896bb75930dd87b1d8c973c1fa086e,b07bffd0d22fa56fa4cf4b7469f599f2f633c1673d46a406426649f38eb88403,"{""city"":""Linfen"",""correct_country"":""China"",""country"":""China"",""label"":""1"",""statement"":""The city of Linfen is in China.""}",The city of Linfen is in China.,215c344e60b42f5e16c9246378926bdc13377a2823afa96eb5920bd7ba8b26b6,1,cities,affirmative,Linfen,entity_59119d42b72bad82a47ecbcef5636edd57a4e46a9e24a02f45a480ae000a5af0,train,outer_train,neg_cities:228,,[],entity_59119d42b72bad82a47ecbcef5636edd57a4e46a9e24a02f45a480ae000a5af0,admitted,[],[],[],provisional,admitted,[],[],candidate_pending_review_not_production,admitted,,candidate_pending_review_not_production
cities:229,cities,229,230,data/tiu_datasets/cities.csv,f2560a0c1758c69935b50125111b574b71896bb75930dd87b1d8c973c1fa086e,83396e4fbd3f55a17722b029c65c8f0a439a0305cee534523270ef2dfa4a8362,"{""city"":""Linfen"",""correct_country"":""China"",""country"":""India"",""label"":""0"",""statement"":""The city of Linfen is in India.""}",The city of Linfen is in India.,c61f820b1a316ab21face45a5293e3da47987fcde955fe559d4ab312aad9cc87,0,cities,affirmative,Linfen,entity_59119d42b72bad82a47ecbcef5636edd57a4e46a9e24a02f45a480ae000a5af0,train,outer_train,neg_cities:229,,[],entity_59119d42b72bad82a47ecbcef5636edd57a4e46a9e24a02f45a480ae000a5af0,admitted,[],[],[],provisional,admitted,[],[],candidate_pending_review_not_production,admitted,,candidate_pending_review_not_production
cities:483,cities,483,484,data/tiu_datasets/cities.csv,f2560a0c1758c69935b50125111b574b71896bb75930dd87b1d8c973c1fa086e,809be098759b8d28e2783bf82ed1c96af7242195b36fe346710c7194710e2e30,"{""city"":""Bengbu"",""correct_country"":""China"",""country"":""India"",""label"":""0"",""statement"":""The city of Bengbu is in India.""}",The city of Bengbu is in India.,2fe4183e90b0f1232948180e21a8e26958fbe7cba4ab03db2f10ad108001fc1a,0,cities,affirmative,Bengbu,entity_05cc7c67707344a427a0695df7ea254b37122770833d5de0500fa9b47c4a76ff,train,outer_train,neg_cities:483,,[],entity_05cc7c67707344a427a0695df7ea254b37122770833d5de0500fa9b47c4a76ff,admitted,[],[],[],provisional,admitted,[],[],candidate_pending_review_not_production,admitted,,candidate_pending_review_not_production
cities:616,cities,616,617,data/tiu_datasets/cities.csv,f2560a0c1758c69935b50125111b574b71896bb75930dd87b1d8c973c1fa086e,0c474bb2334a2c18626ee25f7197e23427cb3a1377fd69d4062e231cc08410fe,"{""city"":""Matola"",""correct_country"":""Mozambique"",""country"":""Mozambique"",""label"":""1"",""statement"":""The city of Matola is in Mozambique.""}",The city of Matola is in Mozambique.,b698df2cfe49a0ae4d297b9ca109b5f6fa5ba9e930fd956db36d52f17d0528cf,1,cities,affirmative,Matola,entity_28ba9b2d96b37400cb5175b1cf56ea284efe31b7b042d2f78df8e38e721797b0,train,outer_train,neg_cities:616,,[],entity_28ba9b2d96b37400cb5175b1cf56ea284efe31b7b042d2f78df8e38e721797b0,admitted,[],[],[],provisional,admitted,[],[],candidate_pending_review_not_production,admitted,,candidate_pending_review_not_production
cities:1233,cities,1233,1234,data/tiu_datasets/cities.csv,f2560a0c1758c69935b50125111b574b71896bb75930dd87b1d8c973c1fa086e,f60ffa30eaeddc7b1b71c8e2a9fbc05576c2651dee2c6363fdc303f273c1f6d5,"{""city"":""Bulawayo"",""correct_country"":""Zimbabwe"",""country"":""China"",""label"":""0"",""statement"":""The city of Bulawayo is in China.""}",The city of Bulawayo is in China.,5e1996c5352f90b2ecacfe0a6584c6411baf9aec774b23c7518858320dae6911,0,cities,affirmative,Bulawayo,entity_f1c73fc5a906967121369ae8216cc2a749a65827d9a67766ae9c263c8eb332d1,train,outer_train,neg_cities:1233,,[],entity_f1c73fc5a906967121369ae8216cc2a749a65827d9a67766ae9c263c8eb332d1,admitted,[],[],[],provisional,admitted,[],[],candidate_pending_review_not_production,admitted,,candidate_pending_review_not_production
cities:896,cities,896,897,data/tiu_datasets/cities.csv,f2560a0c1758c69935b50125111b574b71896bb75930dd87b1d8c973c1fa086e,11e0bee66fb252ba58b1d2dc07d3a32b6be38e76ffcd608d27c9638d9cf610b8,"{""city"":""Al Ain City"",""correct_country"":""the United Arab Emirates"",""country"":""the United Arab Emirates"",""label"":""1"",""statement"":""The city of Al Ain City is in the United Arab Emirates.""}",The city of Al Ain City is in the United Arab Emirates.,aaba0d2433aa3fe2cdff7f0d7ca9f81f5d4d445941090e93adbed08e1787cc25,1,cities,affirmative,Al Ain City,entity_cf5f1deb367e556e0c3871cb0c91eb0270d14c86f8e50b0b7705f7ab76c7f66a,train,outer_train,neg_cities:896,,[],entity_cf5f1deb367e556e0c3871cb0c91eb0270d14c86f8e50b0b7705f7ab76c7f66a,admitted,[],[],[],provisional,admitted,[],[],candidate_pending_review_not_production,admitted,,candidate_pending_review_not_production
cities:56,cities,56,57,data/tiu_datasets/cities.csv,f2560a0c1758c69935b50125111b574b71896bb75930dd87b1d8c973c1fa086e,8c933cc07017c98193b7471f909555812d976ce160d1d9217be01d69b91ce7e1,"{""city"":""Marrakesh"",""correct_country"":""Morocco"",""country"":""Morocco"",""label"":""1"",""statement"":""The city of Marrakesh is in Morocco.""}",The city of Marrakesh is in Morocco.,10c57619975a4916c6b75db1e18c632d0537d38f8f336dfb8a207d0fed4db55b,1,cities,affirmative,Marrakesh,entity_485676ff0438d7d9cbad5ba2eddfb8cbc97ddeb2aa27d6f837fb7d5a38833d0f,train,outer_train,neg_cities:56,,[],entity_485676ff0438d7d9cbad5ba2eddfb8cbc97ddeb2aa27d6f837fb7d5a38833d0f,admitted,[],[],[],provisional,admitted,[],[],candidate_pending_review_not_production,admitted,,candidate_pending_review_not_production
cities:1330,cities,1330,1331,data/tiu_datasets/cities.csv,f2560a0c1758c69935b50125111b574b71896bb75930dd87b1d8c973c1fa086e,cc31435812d27826f81416c802f631f0ed032b230aa69c783c103780a315b7b2,"{""city"":""Nampula"",""correct_country"":""Mozambique"",""country"":""Mozambique"",""label"":""1"",""statement"":""The city of Nampula is in Mozambique.""}",The city of Nampula is in Mozambique.,47b3ee5d5a873e60382083f03a69baafba55f079f2d2198c71f71215af19188c,1,cities,affirmative,Nampula,entity_a4ef2609355f974615220e623e3e9fb5513a30983d1f3cd78d48a543b2bb5bcb,train,outer_train,neg_cities:1330,,[],entity_a4ef2609355f974615220e623e3e9fb5513a30983d1f3cd78d48a543b2bb5bcb,admitted,[],[],[],provisional,admitted,[],[],candidate_pending_review_not_production,admitted,,candidate_pending_review_not_production
cities:800,cities,800,801,data/tiu_datasets/cities.csv,f2560a0c1758c69935b50125111b574b71896bb75930dd87b1d8c973c1fa086e,53dcc002d6131977ceb5decfbeb687da36f6d0d94b984e6e9dfdf600c2fa2830,"{""city"":""Jieyang"",""correct_country"":""China"",""country"":""China"",""label"":""1"",""statement"":""The city of Jieyang is in China.""}",The city of Jieyang is in China.,ebc309269467eba92119efc708f19301a6f82d078326b876441ce3221f10e435,1,cities,affirmative,Jieyang,entity_d9bd25072aeb501396220598466096fdcfe944a3be170d49d6564f4c8b29f2cc,train,outer_train,neg_cities:800,,[],entity_d9bd25072aeb501396220598466096fdcfe944a3be170d49d6564f4c8b29f2cc,admitted,[],[],[],provisional,admitted,[],[],candidate_pending_review_not_production,admitted,,candidate_pending_review_not_production
cities:1493,cities,1493,1494,data/tiu_datasets/cities.csv,f2560a0c1758c69935b50125111b574b71896bb75930dd87b1d8c973c1fa086e,3440ad6826c61efc9d41a1b866b64595a69e6ba42493ec7cf925d6b7095cd807,"{""city"":""Al Mawsil al Jadidah"",""correct_country"":""Iraq"",""country"":""India"",""label"":""0"",""statement"":""The city of Al Mawsil al Jadidah is in India.""}",The city of Al Mawsil al Jadidah is in India.,3abab0e141905052fc2cb177021f62bf7110bc47db554bda4c51babea9725b2d,0,cities,affirmative,Al Mawsil al Jadidah,entity_361bedb1aceb6d5956184687e38832460d03b5522547c9ca2855205586342c9c,train,outer_train,neg_cities:1493,,[],entity_361bedb1aceb6d5956184687e38832460d03b5522547c9ca2855205586342c9c,admitted,[],[],[],provisional,admitted,[],[],candidate_pending_review_not_production,admitted,,candidate_pending_review_not_production
cities:842,cities,842,843,data/tiu_datasets/cities.csv,f2560a0c1758c69935b50125111b574b71896bb75930dd87b1d8c973c1fa086e,cea26e951483920ba0898cbfab00a3593dd6f6846a271d6d06afd8004f7e0d18,"{""city"":""Latakia"",""correct_country"":""Syria"",""country"":""Syria"",""label"":""1"",""statement"":""The city of Latakia is in Syria.""}",The city of Latakia is in Syria.,23e98e13e2e84a5629a138de841b86fbbd42dce427d996f427372d5d2bf2e195,1,cities,affirmative,Latakia,entity_b05759c2a8e4dc72440e1dc1ca425a5e331fed90cc0ccbb25e4243da2c504111,train,outer_train,neg_cities:842,,[],entity_b05759c2a8e4dc72440e1dc1ca425a5e331fed90cc0ccbb25e4243da2c504111,admitted,[],[],[],provisional,admitted,[],[],candidate_pending_review_not_production,admitted,,candidate_pending_review_not_production
cities:43,cities,43,44,data/tiu_datasets/cities.csv,f2560a0c1758c69935b50125111b574b71896bb75930dd87b1d8c973c1fa086e,0ebd412b1d6130187dd6541e551c43cf80e97cc975797502229846eaf6ef1623,"{""city"":""Tiruchirappalli"",""correct_country"":""India"",""country"":""Iraq"",""label"":""0"",""statement"":""The city of Tiruchirappalli is in Iraq.""}",The city of Tiruchirappalli is in Iraq.,507c6e70a3bd01500524f3af72ad47000af2bbdfac9136377c3fd996a8862691,0,cities,affirmative,Tiruchirappalli,entity_dc43751c2170a76891641beab419fa6c4b2f7063bdf6ae43cccd04312e6976db,train,outer_train,neg_cities:43,,[],entity_dc43751c2170a76891641beab419fa6c4b2f7063bdf6ae43cccd04312e6976db,admitted,[],[],[],provisional,admitted,[],[],candidate_pending_review_not_production,admitted,,candidate_pending_review_not_production
cities:496,cities,496,497,data/tiu_datasets/cities.csv,f2560a0c1758c69935b50125111b574b71896bb75930dd87b1d8c973c1fa086e,cf79f1df02b712da2042b237dd1902e2f1eb08bbf0553dd51479f52fdf8351c4,"{""city"":""Kisangani"",""correct_country"":""the Democratic Republic of the Congo"",""country"":""the Democratic Republic of the Congo"",""label"":""1"",""statement"":""The city of Kisangani is in the Democratic Republic of the Congo.""}",The city of Kisangani is in the Democratic Republic of the Congo.,688230f373f9f2c037129a551c661b16a9876fd872027b66cb5e05b2fc203ba9,1,cities,affirmative,Kisangani,entity_1f5ed3c03a6224342c49e94fdfab16a425c14b729c96581501cc07d3c49936b9,train,outer_train,neg_cities:496,,[],entity_1f5ed3c03a6224342c49e94fdfab16a425c14b729c96581501cc07d3c49936b9,admitted,[],[],[],provisional,admitted,[],[],candidate_pending_review_not_production,admitted,,candidate_pending_review_not_production
cities:46,cities,46,47,data/tiu_datasets/cities.csv,f2560a0c1758c69935b50125111b574b71896bb75930dd87b1d8c973c1fa086e,46be320cbe483279d34b3d7f040d50ade2ca0e04139bdc5dbec057c28a24d8ab,"{""city"":""Sambhaji Nagar"",""correct_country"":""India"",""country"":""India"",""label"":""1"",""statement"":""The city of Sambhaji Nagar is in India.""}",The city of Sambhaji Nagar is in India.,3ccf751a823ca819d5d95e8f75e709f3fc4ffacffaeef3253d11e6ef6ab1aa26,1,cities,affirmative,Sambhaji Nagar,entity_fa383f5b8897294fc114206b0c0cf13dba60cfe3d2db70d7923bc2d3e0b5ecaa,train,outer_train,neg_cities:46,,[],entity_fa383f5b8897294fc114206b0c0cf13dba60cfe3d2db70d7923bc2d3e0b5ecaa,admitted,[],[],[],provisional,admitted,[],[],candidate_pending_review_not_production,admitted,,candidate_pending_review_not_production
cities:680,cities,680,681,data/tiu_datasets/cities.csv,f2560a0c1758c69935b50125111b574b71896bb75930dd87b1d8c973c1fa086e,d292923aaf61eb339680e06e7b991c28ed5ef8ce109330a28760bfdd146eddc3,"{""city"":""Shenzhen"",""correct_country"":""China"",""country"":""China"",""label"":""1"",""statement"":""The city of Shenzhen is in China.""}",The city of Shenzhen is in China.,302e5c9049d9e7a4462ac229eb84369822d3bd50de2903b7e85a33de8860c3f2,1,cities,affirmative,Shenzhen,entity_7945a5e4c8cae33017def5b1a74186b2c9352c74b248fbce6ff6ee57adaa9101,train,outer_train,neg_cities:680,,[],entity_7945a5e4c8cae33017def5b1a74186b2c9352c74b248fbce6ff6ee57adaa9101,admitted,[],[],[],provisional,admitted,[],[],candidate_pending_review_not_production,admitted,,candidate_pending_review_not_production
cities:734,cities,734,735,data/tiu_datasets/cities.csv,f2560a0c1758c69935b50125111b574b71896bb75930dd87b1d8c973c1fa086e,144a3ce648f9bbbbf4001921b6a114ddf9738718eb0a178e6e55910ea159b041,"{""city"":""Multan"",""correct_country"":""Pakistan"",""country"":""Pakistan"",""label"":""1"",""statement"":""The city of Multan is in Pakistan.""}",The city of Multan is in Pakistan.,bb1048dcfeaf4b1f592080b9219257d4f283ddc100844fdee6886fde29c48554,1,cities,affirmative,Multan,entity_d7a732928cdb50f9629269fa3a06bfb4eb32f8cbccc74546bd4b86c5ffc45785,train,outer_train,neg_cities:734,,[],entity_d7a732928cdb50f9629269fa3a06bfb4eb32f8cbccc74546bd4b86c5ffc45785,admitted,[],[],[],provisional,admitted,[],[],candidate_pending_review_not_production,admitted,,candidate_pending_review_not_production
cities:1400,cities,1400,1401,data/tiu_datasets/cities.csv,f2560a0c1758c69935b50125111b574b71896bb75930dd87b1d8c973c1fa086e,e16255d0b88dedd0ac8f58b5c4fd4c0b6ae490544bc05e13f861c4922c35b526,"{""city"":""Xingtai"",""correct_country"":""China"",""country"":""China"",""label"":""1"",""statement"":""The city of Xingtai is in China.""}",The city of Xingtai is in China.,9de5e69953e65c081becd761e11e2493a4b93145c7ebf2cecab52e635271e8a1,1,cities,affirmative,Xingtai,entity_a4932e510d5d3826c2290c6188f9008f11d15a9990faead64324b400aa96434f,train,outer_train,neg_cities:1400,,[],entity_a4932e510d5d3826c2290c6188f9008f11d15a9990faead64324b400aa96434f,admitted,[],[],[],provisional,admitted,[],[],candidate_pending_review_not_production,admitted,,candidate_pending_review_not_production
cities:1443,cities,1443,1444,data/tiu_datasets/cities.csv,f2560a0c1758c69935b50125111b574b71896bb75930dd87b1d8c973c1fa086e,006d2655116c9ab0bff3a3e88ded96bb3711136d7b19dbd57881c231611087ca,"{""city"":""Ha'il"",""correct_country"":""Saudi Arabia"",""country"":""China"",""label"":""0"",""statement"":""The city of Ha'il is in China.""}",The city of Ha'il is in China.,c5d999827d1c9e686b61cf90fb9ddaab471e0b34206b84a3b8e70d6690f1a64f,0,cities,affirmative,Ha'il,entity_9cb56bfe136e009eda6c571f7648b815a8c6d62ed753cf6556b309a4a470c8bc,train,outer_train,neg_cities:1443,,[],entity_9cb56bfe136e009eda6c571f7648b815a8c6d62ed753cf6556b309a4a470c8bc,admitted,[],[],[],provisional,admitted,[],[],candidate_pending_review_not_production,admitted,,candidate_pending_review_not_production
cities:1321,cities,1321,1322,data/tiu_datasets/cities.csv,f2560a0c1758c69935b50125111b574b71896bb75930dd87b1d8c973c1fa086e,6c7afd9441936c48a3e8c0d32e5a2a288eda4faa7acfdcae4739db2f98c33883,"{""city"":""Ouagadougou"",""correct_country"":""Burkina Faso"",""country"":""China"",""label"":""0"",""statement"":""The city of Ouagadougou is in China.""}",The city of Ouagadougou is in China.,9ceb698e7533fdf1f88ccd6d2a494652f305a918d00776e66f946bb5f5349ac2,0,cities,affirmative,Ouagadougou,entity_12a79dd1f969b55e3b03f55c09e2570bbc005d94231311b01569b1395bb1665e,train,outer_train,neg_cities:1321,,[],entity_12a79dd1f969b55e3b03f55c09e2570bbc005d94231311b01569b1395bb1665e,admitted,[],[],[],provisional,admitted,[],[],candidate_pending_review_not_production,admitted,,candidate_pending_review_not_production
cities:410,cities,410,411,data/tiu_datasets/cities.csv,f2560a0c1758c69935b50125111b574b71896bb75930dd87b1d8c973c1fa086e,8ae041a03a9626423db1df7e49660d2a43371a7cf2aa2a549e995e846f0a8b2e,"{""city"":""Peshawar"",""correct_country"":""Pakistan"",""country"":""Pakistan"",""label"":""1"",""statement"":""The city of Peshawar is in Pakistan.""}",The city of Peshawar is in Pakistan.,ee87f08a0662bb9353764b4be5771fdd2f3d8fb708e52fb1fc334bf57b91e1f5,1,cities,affirmative,Peshawar,entity_bf312d41ad78b08de7348d6572d2482e2c6924f2b95b100fd26b02fcaae30efa,train,outer_train,neg_cities:410,,[],entity_bf312d41ad78b08de7348d6572d2482e2c6924f2b95b100fd26b02fcaae30efa,admitted,[],[],[],provisional,admitted,[],[],candidate_pending_review_not_production,admitted,,candidate_pending_review_not_production
cities:1126,cities,1126,1127,data/tiu_datasets/cities.csv,f2560a0c1758c69935b50125111b574b71896bb75930dd87b1d8c973c1fa086e,ec9691e18b406ad1c770b643d32fecb471b064577127fdd8e7517ec2d8c6c60b,"{""city"":""Huizhou"",""correct_country"":""China"",""country"":""China"",""label"":""1"",""statement"":""The city of Huizhou is in China.""}",The city of Huizhou is in China.,cdb498661040619f325e9a2ce584ea37ce380910686405533cadc7e2f55112ac,1,cities,affirmative,Huizhou,entity_3109af07d9877749fb17e829b710998253f8730fc8973f7e75ad38643a7d8c42,train,outer_train,neg_cities:1126,,[],entity_3109af07d9877749fb17e829b710998253f8730fc8973f7e75ad38643a7d8c42,admitted,[],[],[],provisional,admitted,[],[],candidate_pending_review_not_production,admitted,,candidate_pending_review_not_production
cities:1228,cities,1228,1229,data/tiu_datasets/cities.csv,f2560a0c1758c69935b50125111b574b71896bb75930dd87b1d8c973c1fa086e,1225f50f2e8dcaaacc20adbdb98bdcf7eba00df78278b6a43f547b396391043e,"{""city"":""Indianapolis"",""correct_country"":""the United States"",""country"":""the United States"",""label"":""1"",""statement"":""The city of Indianapolis is in the United States.""}",The city of Indianapolis is in the United States.,e3c4368c6b68e321aa5fd1322147b1244561d39fdabe4d788151d808c6bf07ce,1,cities,affirmative,Indianapolis,entity_e1e660acf5c7f2f70bade568ba40326d8708ed3c08e1628977437cafcff6f421,train,outer_train,neg_cities:1228,,[],entity_e1e660acf5c7f2f70bade568ba40326d8708ed3c08e1628977437cafcff6f421,admitted,[],[],[],provisional,admitted,[],[],candidate_pending_review_not_production,admitted,,candidate_pending_review_not_production
cities:534,cities,534,535,data/tiu_datasets/cities.csv,f2560a0c1758c69935b50125111b574b71896bb75930dd87b1d8c973c1fa086e,3f169a4cf45bccd2034c799658d0bdc7778eb7fd94071f1e5dbe7df5afbff3c4,"{""city"":""Goiania"",""correct_country"":""Brazil"",""country"":""Brazil"",""label"":""1"",""statement"":""The city of Goiania is in Brazil.""}",The city of Goiania is in Brazil.,1f97a1dd56607e45fd658a8a212d3a270b77317cb2dfa56e2e74b30276ce6929,1,cities,affirmative,Goiania,entity_a0243ea2778e1374fd4598bfe31c4d4d9cdd74068957ca32ffa37032b4e7477f,train,outer_train,neg_cities:534,,[],entity_a0243ea2778e1374fd4598bfe31c4d4d9cdd74068957ca32ffa37032b4e7477f,admitted,[],[],[],provisional,admitted,[],[],candidate_pending_review_not_production,admitted,,candidate_pending_review_not_production
neg_cities:822,neg_cities,822,823,data/tiu_datasets/neg_cities.csv,66c5c84de98ca15570138c205ab0e3907b57750083fac72a4eacafc3d9ebcea7,bcf0a82dd14b5d39d6b0b67d5e111ef807dadb2caa18dbea24051b27053c8d05,"{""city"":""Yichang"",""correct_country"":""China"",""country"":""China"",""label"":""0"",""statement"":""The city of Yichang is not in China.""}",The city of Yichang is not in China.,3ec0cc86d7d9b76ebb4391c9be45f20a491ed031d5648167fc9aa3eb7f658b51,0,cities,negated,Yichang,entity_929e38779cf9c72c01f8058c971c17a1234b6b93664259f31d8a6b4ec476e05c,train,outer_train,cities:822,,[],entity_929e38779cf9c72c01f8058c971c17a1234b6b93664259f31d8a6b4ec476e05c,admitted,[],[],[],provisional,admitted,[],[],candidate_pending_review_not_production,admitted,,candidate_pending_review_not_production
neg_cities:225,neg_cities,225,226,data/tiu_datasets/neg_cities.csv,66c5c84de98ca15570138c205ab0e3907b57750083fac72a4eacafc3d9ebcea7,4e7093f0e53f778f34c4c8dfa737b6ccc82df421bd0f4da9d0085e954ba2bef6,"{""city"":""Tangshan"",""correct_country"":""China"",""country"":""India"",""label"":""1"",""statement"":""The city of Tangshan is not in India.""}",The city of Tangshan is not in India.,affff104a4aad7a5225d8703a5527690011c358b60476f4caa0a288c31663962,1,cities,negated,Tangshan,entity_a171267954443836671909301968afd23cfb62497ff6a85dd51dcbff0ae8bd7c,train,outer_train,cities:225,,[],entity_a171267954443836671909301968afd23cfb62497ff6a85dd51dcbff0ae8bd7c,admitted,[],[],[],provisional,admitted,[],[],candidate_pending_review_not_production,admitted,,candidate_pending_review_not_production
neg_cities:653,neg_cities,653,654,data/tiu_datasets/neg_cities.csv,66c5c84de98ca15570138c205ab0e3907b57750083fac72a4eacafc3d9ebcea7,0218ba367c34461921851fec11d85a63cc9ebfd00976243af5f51f0cceb3966a,"{""city"":""Yangjiang"",""correct_country"":""China"",""country"":""Indonesia"",""label"":""1"",""statement"":""The city of Yangjiang is not in Indonesia.""}",The city of Yangjiang is not in Indonesia.,f1893f346dbb30ca932618f824201e8120d018cf82911bde96b3abc863433208,1,cities,negated,Yangjiang,entity_36ab9e4a29145e5c25c1b2fad2f2a7b82ffb223330c3b5b8db282219412b464b,train,outer_train,cities:653,,[],entity_36ab9e4a29145e5c25c1b2fad2f2a7b82ffb223330c3b5b8db282219412b464b,admitted,[],[],[],provisional,admitted,[],[],candidate_pending_review_not_production,admitted,,candidate_pending_review_not_production
neg_cities:47,neg_cities,47,48,data/tiu_datasets/neg_cities.csv,66c5c84de98ca15570138c205ab0e3907b57750083fac72a4eacafc3d9ebcea7,e26c945b12c770f5e9ef34e4132185f2f16ebcb859fcd905ca27fb416b8fcc0e,"{""city"":""Sambhaji Nagar"",""correct_country"":""India"",""country"":""China"",""label"":""1"",""statement"":""The city of Sambhaji Nagar is not in China.""}",The city of Sambhaji Nagar is not in China.,090481d44836503221a233aded855d6eae29fd9e526ad02fead26666157b87b3,1,cities,negated,Sambhaji Nagar,entity_fa383f5b8897294fc114206b0c0cf13dba60cfe3d2db70d7923bc2d3e0b5ecaa,train,outer_train,cities:47,,[],entity_fa383f5b8897294fc114206b0c0cf13dba60cfe3d2db70d7923bc2d3e0b5ecaa,admitted,[],[],[],provisional,admitted,[],[],candidate_pending_review_not_production,admitted,,candidate_pending_review_not_production
neg_cities:938,neg_cities,938,939,data/tiu_datasets/neg_cities.csv,66c5c84de98ca15570138c205ab0e3907b57750083fac72a4eacafc3d9ebcea7,2b5198e7866f6f7121c6985d18fd5bace89ba49bbc321b56333542c24c59aca1,"{""city"":""Amman"",""correct_country"":""Jordan"",""country"":""Jordan"",""label"":""0"",""statement"":""The city of Amman is not in Jordan.""}",The city of Amman is not in Jordan.,fd5bfe9c70444f923e89e1ea22c78d6e73ea805f94d6d819a7192a5ebbb8d2a1,0,cities,negated,Amman,entity_189d3c83b7c794f19386728cc059269ddcc078803d32745a6a85483c5da6726c,train,outer_train,cities:938,,[],entity_189d3c83b7c794f19386728cc059269ddcc078803d32745a6a85483c5da6726c,admitted,[],[],[],provisional,admitted,[],[],candidate_pending_review_not_production,admitted,,candidate_pending_review_not_production
neg_cities:971,neg_cities,971,972,data/tiu_datasets/neg_cities.csv,66c5c84de98ca15570138c205ab0e3907b57750083fac72a4eacafc3d9ebcea7,b919fca492e98abfb62167167be3327e8d02e5db93b4d0afdcab25c43172c4fb,"{""city"":""Barquisimeto"",""correct_country"":""Venezuela"",""country"":""Poland"",""label"":""1"",""statement"":""The city of Barquisimeto is not in Poland.""}",The city of Barquisimeto is not in Poland.,e7b83c7731ad243abe94c719dc84c23d0544d5d3948136b3ebe4c0a5cb875d02,1,cities,negated,Barquisimeto,entity_70aec098b09baa3f70d40f5fe8c9d35325360bbfd6ac5395026b65adb84b97f1,train,outer_train,cities:971,,[],entity_70aec098b09baa3f70d40f5fe8c9d35325360bbfd6ac5395026b65adb84b97f1,admitted,[],[],[],provisional,admitted,[],[],candidate_pending_review_not_production,admitted,,candidate_pending_review_not_production
neg_cities:1447,neg_cities,1447,1448,data/tiu_datasets/neg_cities.csv,66c5c84de98ca15570138c205ab0e3907b57750083fac72a4eacafc3d9ebcea7,82ee49f9153a51bb27c1b323f9d2a0b1922c8bdee46710aa261009dd19e899ca,"{""city"":""Cape Town"",""correct_country"":""South Africa"",""country"":""China"",""label"":""1"",""statement"":""The city of Cape Town is not in China.""}",The city of Cape Town is not in China.,90fe8e269eb233dfdd9a242972ebd99df064c01bba67d950d450d06ccc063794,1,cities,negated,Cape Town,entity_5b987b7cc65ce3263f21b9e4d2189dc7471395695bd3a3b00223fd081d68f3aa,train,outer_train,cities:1447,,[],entity_5b987b7cc65ce3263f21b9e4d2189dc7471395695bd3a3b00223fd081d68f3aa,admitted,[],[],[],provisional,admitted,[],[],candidate_pending_review_not_production,admitted,,candidate_pending_review_not_production
neg_cities:629,neg_cities,629,630,data/tiu_datasets/neg_cities.csv,66c5c84de98ca15570138c205ab0e3907b57750083fac72a4eacafc3d9ebcea7,6a8bdd0a4f5a05b88386c7e930696986c7aef8ad5bf40302089b76bcc981af5c,"{""city"":""Meerut"",""correct_country"":""India"",""country"":""Nigeria"",""label"":""1"",""statement"":""The city of Meerut is not in Nigeria.""}",The city of Meerut is not in Nigeria.,b8afa5981650bd013caf2f2631656e209e97ea81f13c060acd9db1ce2aa6fbda,1,cities,negated,Meerut,entity_da86bf71de7b769cca96d259c70d24492eb4fc679db6dcd6af419e1d3e5f5de7,train,outer_train,cities:629,,[],entity_da86bf71de7b769cca96d259c70d24492eb4fc679db6dcd6af419e1d3e5f5de7,admitted,[],[],[],provisional,admitted,[],[],candidate_pending_review_not_production,admitted,,candidate_pending_review_not_production
neg_cities:644,neg_cities,644,645,data/tiu_datasets/neg_cities.csv,66c5c84de98ca15570138c205ab0e3907b57750083fac72a4eacafc3d9ebcea7,6771eb3487bec9d2f2ae29640b123ea4ab0c58d1f727e473602e78c8308048d9,"{""city"":""Wanzhou"",""correct_country"":""China"",""country"":""China"",""label"":""0"",""statement"":""The city of Wanzhou is not in China.""}",The city of Wanzhou is not in China.,7bc6efc5b97fe3ae1db7f7e9a10631b1d1ffaff9a7a1e220a90addd67b0dd0f7,0,cities,negated,Wanzhou,entity_38f3675a3b4752f7d7aa50d982844cff1e4133fd39b7761cc8959c9ef0574ca5,train,outer_train,cities:644,,[],entity_38f3675a3b4752f7d7aa50d982844cff1e4133fd39b7761cc8959c9ef0574ca5,admitted,[],[],[],provisional,admitted,[],[],candidate_pending_review_not_production,admitted,,candidate_pending_review_not_production
neg_cities:424,neg_cities,424,425,data/tiu_datasets/neg_cities.csv,66c5c84de98ca15570138c205ab0e3907b57750083fac72a4eacafc3d9ebcea7,66b53b099a460c83fe60f3ef4a6f907bca34de80264076ec1723fb5d264d6195,"{""city"":""Sulaymaniyah"",""correct_country"":""Iraq"",""country"":""Iraq"",""label"":""0"",""statement"":""The city of Sulaymaniyah is not in Iraq.""}",The city of Sulaymaniyah is not in Iraq.,405fabad6a5cf420c687cf2a67270e1bbe37be46639a747f72b7079bf84c96ab,0,cities,negated,Sulaymaniyah,entity_03d96c8be62b38ab5db72141ede8eecc6ed24d09ef6e6c2f27b243d806792ded,train,outer_train,cities:424,,[],entity_03d96c8be62b38ab5db72141ede8eecc6ed24d09ef6e6c2f27b243d806792ded,admitted,[],[],[],provisional,admitted,[],[],candidate_pending_review_not_production,admitted,,candidate_pending_review_not_production
neg_cities:1139,neg_cities,1139,1140,data/tiu_datasets/neg_cities.csv,66c5c84de98ca15570138c205ab0e3907b57750083fac72a4eacafc3d9ebcea7,c183f3caea49ab732ffb095563dcf6910b61dda5586002238751bedafc65ea11,"{""city"":""Islamabad"",""correct_country"":""Pakistan"",""country"":""Japan"",""label"":""1"",""statement"":""The city of Islamabad is not in Japan.""}",The city of Islamabad is not in Japan.,187e70ba350aaf8da7969fec732f0a70de7294ecf0da01b82b4117fafa08afba,1,cities,negated,Islamabad,entity_9cbffd9601cfdc6a161a55e345c5a3627121addcc2365e3014a1bad006f875cf,train,outer_train,cities:1139,,[],entity_9cbffd9601cfdc6a161a55e345c5a3627121addcc2365e3014a1bad006f875cf,admitted,[],[],[],provisional,admitted,[],[],candidate_pending_review_not_production,admitted,,candidate_pending_review_not_production
neg_cities:90,neg_cities,90,91,data/tiu_datasets/neg_cities.csv,66c5c84de98ca15570138c205ab0e3907b57750083fac72a4eacafc3d9ebcea7,f55368f47cb1bb6f87f1ae88e67d3cce3917c1114223a72ccaeec59e7918b94d,"{""city"":""South Tangerang"",""correct_country"":""Indonesia"",""country"":""Indonesia"",""label"":""0"",""statement"":""The city of South Tangerang is not in Indonesia.""}",The city of South Tangerang is not in Indonesia.,56bd864b36925a989c9396d50140f3c30ec32739da2651f65e056ec877328c73,0,cities,negated,South Tangerang,entity_26946ca90d2e1f9a87280a8541db4d7c4b4e496428e9334bf0b6c90cdfac2acb,train,outer_train,cities:90,,[],entity_26946ca90d2e1f9a87280a8541db4d7c4b4e496428e9334bf0b6c90cdfac2acb,admitted,[],[],[],provisional,admitted,[],[],candidate_pending_review_not_production,admitted,,candidate_pending_review_not_production
neg_cities:484,neg_cities,484,485,data/tiu_datasets/neg_cities.csv,66c5c84de98ca15570138c205ab0e3907b57750083fac72a4eacafc3d9ebcea7,362bdbd091b0ae21eb5ebd25d9448587f2c8e7946cc2a3423c70b8ace38d6acc,"{""city"":""Zhangjiakou"",""correct_country"":""China"",""country"":""China"",""label"":""0"",""statement"":""The city of Zhangjiakou is not in China.""}",The city of Zhangjiakou is not in China.,7658ee9d49c8db0548a8663ee247d47a7180a7c12c9f33fd6e0797d23a3121e1,0,cities,negated,Zhangjiakou,entity_21ca6ace64008470453cbc8d8040f667e8e5251a002f7adfa3867ee272a6ab4c,train,outer_train,cities:484,,[],entity_21ca6ace64008470453cbc8d8040f667e8e5251a002f7adfa3867ee272a6ab4c,admitted,[],[],[],provisional,admitted,[],[],candidate_pending_review_not_production,admitted,,candidate_pending_review_not_production
neg_cities:1062,neg_cities,1062,1063,data/tiu_datasets/neg_cities.csv,66c5c84de98ca15570138c205ab0e3907b57750083fac72a4eacafc3d9ebcea7,18db19003ba8dc002e07f518544b59fe9d17e5a05aac02ca73511d0dcc147120,"{""city"":""Faisalabad"",""correct_country"":""Pakistan"",""country"":""Pakistan"",""label"":""0"",""statement"":""The city of Faisalabad is not in Pakistan.""}",The city of Faisalabad is not in Pakistan.,3b4abc6557cf72c82c5a04cbf0e7239d1affa79776c2e2750b780561a0b91aba,0,cities,negated,Faisalabad,entity_ea9b1d9fab82533e68e29df3e2e762f6ef9a2f887ca5cf2586493cf45d90c7f3,train,outer_train,cities:1062,,[],entity_ea9b1d9fab82533e68e29df3e2e762f6ef9a2f887ca5cf2586493cf45d90c7f3,admitted,[],[],[],provisional,admitted,[],[],candidate_pending_review_not_production,admitted,,candidate_pending_review_not_production
neg_cities:832,neg_cities,832,833,data/tiu_datasets/neg_cities.csv,66c5c84de98ca15570138c205ab0e3907b57750083fac72a4eacafc3d9ebcea7,70e1188c2615d05a920f9e22d2804402d8a73f1c59dd514e3e6cffcd6979b497,"{""city"":""Fushun"",""correct_country"":""China"",""country"":""China"",""label"":""0"",""statement"":""The city of Fushun is not in China.""}",The city of Fushun is not in China.,09643e283e8440bb5e44684900b7de6d5538c493b7ecc89bf38b295921987fd3,0,cities,negated,Fushun,entity_22a2afa2aaeeb499a173488d23ef39f88e57a3b15dff7f987b748b906885a4c1,train,outer_train,cities:832,,[],entity_22a2afa2aaeeb499a173488d23ef39f88e57a3b15dff7f987b748b906885a4c1,admitted,[],[],[],provisional,admitted,[],[],candidate_pending_review_not_production,admitted,,candidate_pending_review_not_production
neg_cities:533,neg_cities,533,534,data/tiu_datasets/neg_cities.csv,66c5c84de98ca15570138c205ab0e3907b57750083fac72a4eacafc3d9ebcea7,e058454599d3a0ea93a2df38efba15ef25c4002bfe334e67916d7acfbbd71a10,"{""city"":""Mbuji-Mayi"",""correct_country"":""the Democratic Republic of the Congo"",""country"":""Pakistan"",""label"":""1"",""statement"":""The city of Mbuji-Mayi is not in Pakistan.""}",The city of Mbuji-Mayi is not in Pakistan.,066376c409afe65f3a14aafbd42a21c175e101b1f31c01aed2e1ebc6f9ef59c1,1,cities,negated,Mbuji-Mayi,entity_13ce926eea9bece7658084f70793587a00d40cbd70b7d1f1c3c67757706281e7,train,outer_train,cities:533,,[],entity_13ce926eea9bece7658084f70793587a00d40cbd70b7d1f1c3c67757706281e7,admitted,[],[],[],provisional,admitted,[],[],candidate_pending_review_not_production,admitted,,candidate_pending_review_not_production
neg_cities:541,neg_cities,541,542,data/tiu_datasets/neg_cities.csv,66c5c84de98ca15570138c205ab0e3907b57750083fac72a4eacafc3d9ebcea7,dc4412556986be7b312673017f5b54ee11c6e848d342ec765632582e83ec9332,"{""city"":""Diyarbakir"",""correct_country"":""Turkey"",""country"":""Colombia"",""label"":""1"",""statement"":""The city of Diyarbakir is not in Colombia.""}",The city of Diyarbakir is not in Colombia.,32de3edd6a3795f54e1b075e3babc854dae582131043060b25fb07283bb0c52a,1,cities,negated,Diyarbakir,entity_2c4741f4b7ecc3d94d1becc585bc4cf1c6ca718ac4d73d049437b3ea75644972,train,outer_train,cities:541,,[],entity_2c4741f4b7ecc3d94d1becc585bc4cf1c6ca718ac4d73d049437b3ea75644972,admitted,[],[],[],provisional,admitted,[],[],candidate_pending_review_not_production,admitted,,candidate_pending_review_not_production
neg_cities:1063,neg_cities,1063,1064,data/tiu_datasets/neg_cities.csv,66c5c84de98ca15570138c205ab0e3907b57750083fac72a4eacafc3d9ebcea7,4e306b04d6322935b05d1059bb918d5d0da5135fb3ba2147a6f4b5aa87d8472d,"{""city"":""Faisalabad"",""correct_country"":""Pakistan"",""country"":""India"",""label"":""1"",""statement"":""The city of Faisalabad is not in India.""}",The city of Faisalabad is not in India.,7e551737405ee416b4c6b9bfaa3f98fe065f354d29b404705cc91c310af302d1,1,cities,negated,Faisalabad,entity_ea9b1d9fab82533e68e29df3e2e762f6ef9a2f887ca5cf2586493cf45d90c7f3,train,outer_train,cities:1063,,[],entity_ea9b1d9fab82533e68e29df3e2e762f6ef9a2f887ca5cf2586493cf45d90c7f3,admitted,[],[],[],provisional,admitted,[],[],candidate_pending_review_not_production,admitted,,candidate_pending_review_not_production
neg_cities:1290,neg_cities,1290,1291,data/tiu_datasets/neg_cities.csv,66c5c84de98ca15570138c205ab0e3907b57750083fac72a4eacafc3d9ebcea7,c518b02e91cc438465722850376f37e64219b0ba4bf08e5ac96a1f712e9f82e0,"{""city"":""Zhuzhou"",""correct_country"":""China"",""country"":""China"",""label"":""0"",""statement"":""The city of Zhuzhou is not in China.""}",The city of Zhuzhou is not in China.,49aab5e769b27864e41010d68fc89e1bf571e4242ba0bc4c732ca2bfb62569a0,0,cities,negated,Zhuzhou,entity_e5a034774fc212756417667ceb7cb34419f2c787b60152afaea89d4cb56eebd8,train,outer_train,cities:1290,,[],entity_e5a034774fc212756417667ceb7cb34419f2c787b60152afaea89d4cb56eebd8,admitted,[],[],[],provisional,admitted,[],[],candidate_pending_review_not_production,admitted,,candidate_pending_review_not_production
neg_cities:1410,neg_cities,1410,1411,data/tiu_datasets/neg_cities.csv,66c5c84de98ca15570138c205ab0e3907b57750083fac72a4eacafc3d9ebcea7,262654cee86d83e4580f1b2a0375f5e2e49d6eea6de9a491e8c897f52a21c821,"{""city"":""Fuxin"",""correct_country"":""China"",""country"":""China"",""label"":""0"",""statement"":""The city of Fuxin is not in China.""}",The city of Fuxin is not in China.,3c1e200e860cbeafbe326da13b9a4b96d5d509760274531d21ff06a27a69cc2b,0,cities,negated,Fuxin,entity_d7cd2d338cf3424fdb6e6843f23cbd82ced06582333ffc0196e5392ef122fa22,train,outer_train,cities:1410,,[],entity_d7cd2d338cf3424fdb6e6843f23cbd82ced06582333ffc0196e5392ef122fa22,admitted,[],[],[],provisional,admitted,[],[],candidate_pending_review_not_production,admitted,,candidate_pending_review_not_production
neg_cities:18,neg_cities,18,19,data/tiu_datasets/neg_cities.csv,66c5c84de98ca15570138c205ab0e3907b57750083fac72a4eacafc3d9ebcea7,edece96874340e72b35e55fe70edf5632e76ca51cbf74a0d25cd2415aeed9fac,"{""city"":""Lu'an"",""correct_country"":""China"",""country"":""China"",""label"":""0"",""statement"":""The city of Lu'an is not in China.""}",The city of Lu'an is not in China.,e60e2f3d26e3083a358555e614e8863e02dee801d842e53d482deb750f18032e,0,cities,negated,Lu'an,entity_a666efa0e1eea6a5794f30c8474bf94d3f0d522579e22e1a3f1c3bcfc1fe978f,train,outer_train,cities:18,,[],entity_a666efa0e1eea6a5794f30c8474bf94d3f0d522579e22e1a3f1c3bcfc1fe978f,admitted,[],[],[],provisional,admitted,[],[],candidate_pending_review_not_production,admitted,,candidate_pending_review_not_production
neg_cities:1265,neg_cities,1265,1266,data/tiu_datasets/neg_cities.csv,66c5c84de98ca15570138c205ab0e3907b57750083fac72a4eacafc3d9ebcea7,1adb8e2bd52c451e6cb0eec7394559f5ee4b1094ab8f8a09ae680be33e181b54,"{""city"":""Bishkek"",""correct_country"":""Kyrgyzstan"",""country"":""Germany"",""label"":""1"",""statement"":""The city of Bishkek is not in Germany.""}",The city of Bishkek is not in Germany.,f0548e1d26c9541197c04e27252731438f333227227d955b2f899dcb2ead54c3,1,cities,negated,Bishkek,entity_f564f2585045501b9c17610cdfa4a06464cac1bb9e33e09542a8663639f4ab29,train,outer_train,cities:1265,,[],entity_f564f2585045501b9c17610cdfa4a06464cac1bb9e33e09542a8663639f4ab29,admitted,[],[],[],provisional,admitted,[],[],candidate_pending_review_not_production,admitted,,candidate_pending_review_not_production
neg_cities:1148,neg_cities,1148,1149,data/tiu_datasets/neg_cities.csv,66c5c84de98ca15570138c205ab0e3907b57750083fac72a4eacafc3d9ebcea7,88feb2e42ca24bfa4ec40bdbe41b535bd65cbc4e816ad69e371d0f6b861249f3,"{""city"":""Bokaro"",""correct_country"":""India"",""country"":""India"",""label"":""0"",""statement"":""The city of Bokaro is not in India.""}",The city of Bokaro is not in India.,866cc2cd96d7b5260099c680e39ebb60991aad840d7743a9459529bfdc0964c3,0,cities,negated,Bokaro,entity_3f5105b88e6ef59a73a48561b2ab47a000bfb360996f4e7fd064cff59808eccd,train,outer_train,cities:1148,,[],entity_3f5105b88e6ef59a73a48561b2ab47a000bfb360996f4e7fd064cff59808eccd,admitted,[],[],[],provisional,admitted,[],[],candidate_pending_review_not_production,admitted,,candidate_pending_review_not_production
neg_cities:1309,neg_cities,1309,1310,data/tiu_datasets/neg_cities.csv,66c5c84de98ca15570138c205ab0e3907b57750083fac72a4eacafc3d9ebcea7,12401f9692a7ec8bceabbbc6db36996124833ef111ec96a2025590c988cacdb5,"{""city"":""Baise"",""correct_country"":""China"",""country"":""Japan"",""label"":""1"",""statement"":""The city of Baise is not in Japan.""}",The city of Baise is not in Japan.,faa96999c4e44d9339bdd4c4307b7d5138773232c7d68b56e6cbb49b09f5d0d1,1,cities,negated,Baise,entity_0282a50af26947314a104dae9dac6f14a720734366b38903d5d5374500f7b589,train,outer_train,cities:1309,,[],entity_0282a50af26947314a104dae9dac6f14a720734366b38903d5d5374500f7b589,admitted,[],[],[],provisional,admitted,[],[],candidate_pending_review_not_production,admitted,,candidate_pending_review_not_production
neg_cities:868,neg_cities,868,869,data/tiu_datasets/neg_cities.csv,66c5c84de98ca15570138c205ab0e3907b57750083fac72a4eacafc3d9ebcea7,535dda27b835533ab52f529660b1923467b6df225b4f267be3e1a672976f44ab,"{""city"":""Ordos"",""correct_country"":""China"",""country"":""China"",""label"":""0"",""statement"":""The city of Ordos is not in China.""}",The city of Ordos is not in China.,82154a9b32ab4738c51f72562b0a4c2481849df3b27c4c87a4249b964755c6b3,0,cities,negated,Ordos,entity_51a00cb823279525c56151118ad4496d374574667a8232df52b48ac6144a942e,train,outer_train,cities:868,,[],entity_51a00cb823279525c56151118ad4496d374574667a8232df52b48ac6144a942e,admitted,[],[],[],provisional,admitted,[],[],candidate_pending_review_not_production,admitted,,candidate_pending_review_not_production
neg_cities:165,neg_cities,165,166,data/tiu_datasets/neg_cities.csv,66c5c84de98ca15570138c205ab0e3907b57750083fac72a4eacafc3d9ebcea7,46db3601b92ed034a55d7db619d0594c1db89a4f698463b27e015936672c2817,"{""city"":""Lahore"",""correct_country"":""Pakistan"",""country"":""China"",""label"":""1"",""statement"":""The city of Lahore is not in China.""}",The city of Lahore is not in China.,9a229c188c347e676ca7edaee6d24daa11e9ac2fc674d73bd5c16bf4155c4126,1,cities,negated,Lahore,entity_8713ede3a534ce5ff58669192d727521d2b9fedfe03625aef4f57135a8f61c9f,train,outer_train,cities:165,,[],entity_8713ede3a534ce5ff58669192d727521d2b9fedfe03625aef4f57135a8f61c9f,admitted,[],[],[],provisional,admitted,[],[],candidate_pending_review_not_production,admitted,,candidate_pending_review_not_production
neg_cities:248,neg_cities,248,249,data/tiu_datasets/neg_cities.csv,66c5c84de98ca15570138c205ab0e3907b57750083fac72a4eacafc3d9ebcea7,9bcb7036e19a5f0667f1c09439768899533013ee64f1f9bac3f6f23d55082253,"{""city"":""Subang Jaya"",""correct_country"":""Malaysia"",""country"":""Malaysia"",""label"":""0"",""statement"":""The city of Subang Jaya is not in Malaysia.""}",The city of Subang Jaya is not in Malaysia.,0baee0b68de8096029dce2608db3f3891aa7803fb6c4198cbeed25b6014f59f6,0,cities,negated,Subang Jaya,entity_b2aea1a878786f17fa146df9479d78df43889aa91b3d5966c78d24f7d0dfe964,train,outer_train,cities:248,,[],entity_b2aea1a878786f17fa146df9479d78df43889aa91b3d5966c78d24f7d0dfe964,admitted,[],[],[],provisional,admitted,[],[],candidate_pending_review_not_production,admitted,,candidate_pending_review_not_production
neg_cities:1195,neg_cities,1195,1196,data/tiu_datasets/neg_cities.csv,66c5c84de98ca15570138c205ab0e3907b57750083fac72a4eacafc3d9ebcea7,911d86c84ed5a8e5331ded67b4eb6d276daa7e4092b58cb9cc8d8e6e51fd4fbf,"{""city"":""Bikaner"",""correct_country"":""India"",""country"":""South Korea"",""label"":""1"",""statement"":""The city of Bikaner is not in South Korea.""}",The city of Bikaner is not in South Korea.,2da39d38c5e829b03df5bd8d99e80ad70d16fd3e54ce2dc5da20aa7b503d52ab,1,cities,negated,Bikaner,entity_e221434032d16996d61a3107b586237c787742a8f325f726bb64ab6a951612de,train,outer_train,cities:1195,,[],entity_e221434032d16996d61a3107b586237c787742a8f325f726bb64ab6a951612de,admitted,[],[],[],provisional,admitted,[],[],candidate_pending_review_not_production,admitted,,candidate_pending_review_not_production
neg_cities:754,neg_cities,754,755,data/tiu_datasets/neg_cities.csv,66c5c84de98ca15570138c205ab0e3907b57750083fac72a4eacafc3d9ebcea7,390c5e0e3c90cf269ba37d52d7ab3c6bf567a0ab744fbd97d9377e5113dd4e64,"{""city"":""Kobe"",""correct_country"":""Japan"",""country"":""Japan"",""label"":""0"",""statement"":""The city of Kobe is not in Japan.""}",The city of Kobe is not in Japan.,912605313f6f6f0e6f9b8bb936aec1d4dede015bc61b07c6f8001055c1fe5565,0,cities,negated,Kobe,entity_300c34d056677900a2fb2e98b507065badd884ddf10d8e4ef10656186ad4817d,train,outer_train,cities:754,,[],entity_300c34d056677900a2fb2e98b507065badd884ddf10d8e4ef10656186ad4817d,admitted,[],[],[],provisional,admitted,[],[],candidate_pending_review_not_production,admitted,,candidate_pending_review_not_production
neg_cities:907,neg_cities,907,908,data/tiu_datasets/neg_cities.csv,66c5c84de98ca15570138c205ab0e3907b57750083fac72a4eacafc3d9ebcea7,386b92880b379868ed9a849e217c3e079ae900fab67dd2aa035896d8d63ca82b,"{""city"":""Koeln"",""correct_country"":""Germany"",""country"":""Nigeria"",""label"":""1"",""statement"":""The city of Koeln is not in Nigeria.""}",The city of Koeln is not in Nigeria.,3ae855a1c5e91af951ec6a6da8fddbf3edbae758c3650a768153b9033466cb5b,1,cities,negated,Koeln,entity_a9c42b820f4b0e1e1e296ee5a667c1863b54c5e77e263b662a1722a9d758db1f,train,outer_train,cities:907,,[],entity_a9c42b820f4b0e1e1e296ee5a667c1863b54c5e77e263b662a1722a9d758db1f,admitted,[],[],[],provisional,admitted,[],[],candidate_pending_review_not_production,admitted,,candidate_pending_review_not_production
neg_cities:236,neg_cities,236,237,data/tiu_datasets/neg_cities.csv,66c5c84de98ca15570138c205ab0e3907b57750083fac72a4eacafc3d9ebcea7,322486ce985c55a6357d735644d8bb771a43281ffe86ec0e1340d5a619336a29,"{""city"":""Aparecida de Goiania"",""correct_country"":""Brazil"",""country"":""Brazil"",""label"":""0"",""statement"":""The city of Aparecida de Goiania is not in Brazil.""}",The city of Aparecida de Goiania is not in Brazil.,671bc120f5df00af266bdc5fe25968b80e2b0fd87b7b358d88d7340980c2dc95,0,cities,negated,Aparecida de Goiania,entity_f9e735b34a259feab462b6558f2c17bfefc8fffbf0c1d67140d79ce0386e8556,train,outer_train,cities:236,,[],entity_f9e735b34a259feab462b6558f2c17bfefc8fffbf0c1d67140d79ce0386e8556,admitted,[],[],[],provisional,admitted,[],[],candidate_pending_review_not_production,admitted,,candidate_pending_review_not_production
neg_cities:933,neg_cities,933,934,data/tiu_datasets/neg_cities.csv,66c5c84de98ca15570138c205ab0e3907b57750083fac72a4eacafc3d9ebcea7,58204b704f9da8f1af367658536ff72f355563b26659e31672dfddc1a8a17ccd,"{""city"":""Sofia"",""correct_country"":""Bulgaria"",""country"":""South Korea"",""label"":""1"",""statement"":""The city of Sofia is not in South Korea.""}",The city of Sofia is not in South Korea.,d5559fdbcd3a28251105884ba37f39334263239bb7427415d6074b99b81febbb,1,cities,negated,Sofia,entity_7f87d67f95c36b1aa41ce682bb637b083a00e11a307c26ac4fed709b571ffe74,train,outer_train,cities:933,,[],entity_7f87d67f95c36b1aa41ce682bb637b083a00e11a307c26ac4fed709b571ffe74,admitted,[],[],[],provisional,admitted,[],[],candidate_pending_review_not_production,admitted,,candidate_pending_review_not_production
neg_cities:1185,neg_cities,1185,1186,data/tiu_datasets/neg_cities.csv,66c5c84de98ca15570138c205ab0e3907b57750083fac72a4eacafc3d9ebcea7,a26e7cafdbb949050ec66d0159da13a39e714f9f10fcc5f886fc2ddcf34440f7,"{""city"":""Leon de los Aldama"",""correct_country"":""Mexico"",""country"":""China"",""label"":""1"",""statement"":""The city of Leon de los Aldama is not in China.""}",The city of Leon de los Aldama is not in China.,e4361da1028a259e0123aa224aeab4ed26834dec84a5d8ea843ff67ff47c225f,1,cities,negated,Leon de los Aldama,entity_e84bc391e2084afdd2d42b08a4c21ee461ea8e382c279bb622c7be09b22cf873,train,outer_train,cities:1185,,[],entity_e84bc391e2084afdd2d42b08a4c21ee461ea8e382c279bb622c7be09b22cf873,admitted,[],[],[],provisional,admitted,[],[],candidate_pending_review_not_production,admitted,,candidate_pending_review_not_production
neg_cities:641,neg_cities,641,642,data/tiu_datasets/neg_cities.csv,66c5c84de98ca15570138c205ab0e3907b57750083fac72a4eacafc3d9ebcea7,960e62cb3a753bc7b1975b2b9b0998ac228e7e8b832e978080521f188c3ddb2a,"{""city"":""Saint Petersburg"",""correct_country"":""Russia"",""country"":""Canada"",""label"":""1"",""statement"":""The city of Saint Petersburg is not in Canada.""}",The city of Saint Petersburg is not in Canada.,1c28b9979633dcca796980d0137ca30a75b014a9588e0c5fbc0b25dac0e78e29,1,cities,negated,Saint Petersburg,entity_19251406fbc2d385b62264c5a4f36f7c6459d5b3d7801cc6dc755d996bb0da27,train,outer_train,cities:641,,[],entity_19251406fbc2d385b62264c5a4f36f7c6459d5b3d7801cc6dc755d996bb0da27,admitted,[],[],[],provisional,admitted,[],[],candidate_pending_review_not_production,admitted,,candidate_pending_review_not_production
neg_cities:1086,neg_cities,1086,1087,data/tiu_datasets/neg_cities.csv,66c5c84de98ca15570138c205ab0e3907b57750083fac72a4eacafc3d9ebcea7,3cd02ca2b7d81a9ce97f028c46e2facfbd8a0977e381d86de3467efc4a100727,"{""city"":""Uberlandia"",""correct_country"":""Brazil"",""country"":""Brazil"",""label"":""0"",""statement"":""The city of Uberlandia is not in Brazil.""}",The city of Uberlandia is not in Brazil.,6ae554e60e89dfd64033ea01b0718f4ba37a08ad7a25def1772674e75b59ac53,0,cities,negated,Uberlandia,entity_f8a316539c6cb0841a840d431f76bd6e3cc9c2b02e78c366512c779d23f02312,train,outer_train,cities:1086,,[],entity_f8a316539c6cb0841a840d431f76bd6e3cc9c2b02e78c366512c779d23f02312,admitted,[],[],[],provisional,admitted,[],[],candidate_pending_review_not_production,admitted,,candidate_pending_review_not_production
neg_cities:1430,neg_cities,1430,1431,data/tiu_datasets/neg_cities.csv,66c5c84de98ca15570138c205ab0e3907b57750083fac72a4eacafc3d9ebcea7,922e4cb0decfb082fbb152d48b4c2e8df312776a9a3d646aa693b91d5695e709,"{""city"":""Rawalpindi"",""correct_country"":""Pakistan"",""country"":""Pakistan"",""label"":""0"",""statement"":""The city of Rawalpindi is not in Pakistan.""}",The city of Rawalpindi is not in Pakistan.,b6ba44f9d7c025b293c69dfe0b9ffd8861fa37883a7a6f2ec5e182687210ce2d,0,cities,negated,Rawalpindi,entity_7cfd3bcd4ca7e94bf1998426214f628505e16edbe1911e1ba6e024dfe275195f,train,outer_train,cities:1430,,[],entity_7cfd3bcd4ca7e94bf1998426214f628505e16edbe1911e1ba6e024dfe275195f,admitted,[],[],[],provisional,admitted,[],[],candidate_pending_review_not_production,admitted,,candidate_pending_review_not_production
neg_cities:558,neg_cities,558,559,data/tiu_datasets/neg_cities.csv,66c5c84de98ca15570138c205ab0e3907b57750083fac72a4eacafc3d9ebcea7,29337c3f9aa225d77786a880c1401ddec4c45dc46fa2a4aa3c4ad018003c3640,"{""city"":""Kaduna"",""correct_country"":""Nigeria"",""country"":""Nigeria"",""label"":""0"",""statement"":""The city of Kaduna is not in Nigeria.""}",The city of Kaduna is not in Nigeria.,1c28283c7b5fd8d05f51d395058cd369fda86f328a3a9872f6974c7f19419279,0,cities,negated,Kaduna,entity_8126fcc188fbb772efb0d33ae5a066027398d0e79a9f5f13a80c54ef33c238ca,train,outer_train,cities:558,,[],entity_8126fcc188fbb772efb0d33ae5a066027398d0e79a9f5f13a80c54ef33c238ca,admitted,[],[],[],provisional,admitted,[],[],candidate_pending_review_not_production,admitted,,candidate_pending_review_not_production
neg_cities:615,neg_cities,615,616,data/tiu_datasets/neg_cities.csv,66c5c84de98ca15570138c205ab0e3907b57750083fac72a4eacafc3d9ebcea7,7cf6565307c1dd1791183b2f2b2b6bf59489dddb534f409019ce4610fbc6d146,"{""city"":""Penza"",""correct_country"":""Russia"",""country"":""China"",""label"":""1"",""statement"":""The city of Penza is not in China.""}",The city of Penza is not in China.,38c4486a9b30efb9f12dfb2689a7d6ed67c1352b2766f642d47fb55e5277f368,1,cities,negated,Penza,entity_75394a2c52577286d545ca3ffa1fefca1e7287481b24c8a4608ad5d03bfea9e5,train,outer_train,cities:615,,[],entity_75394a2c52577286d545ca3ffa1fefca1e7287481b24c8a4608ad5d03bfea9e5,admitted,[],[],[],provisional,admitted,[],[],candidate_pending_review_not_production,admitted,,candidate_pending_review_not_production
neg_cities:1376,neg_cities,1376,1377,data/tiu_datasets/neg_cities.csv,66c5c84de98ca15570138c205ab0e3907b57750083fac72a4eacafc3d9ebcea7,5fb39c6ee7c71377a15989b3cb7840271c4909f343e6145952dc91108cbab9b8,"{""city"":""Bucheon-si"",""correct_country"":""South Korea"",""country"":""South Korea"",""label"":""0"",""statement"":""The city of Bucheon-si is not in South Korea.""}",The city of Bucheon-si is not in South Korea.,7be46cdaa630a95ca3cf7d433ae955da49f618e45e7fa83791f567dbd864fd67,0,cities,negated,Bucheon-si,entity_f9c25b82147c35152fb9d8ca0d42f9fc16a6648a14ea37ffec98dd0ddc8f2aa8,train,outer_train,cities:1376,,[],entity_f9c25b82147c35152fb9d8ca0d42f9fc16a6648a14ea37ffec98dd0ddc8f2aa8,admitted,[],[],[],provisional,admitted,[],[],candidate_pending_review_not_production,admitted,,candidate_pending_review_not_production
neg_cities:735,neg_cities,735,736,data/tiu_datasets/neg_cities.csv,66c5c84de98ca15570138c205ab0e3907b57750083fac72a4eacafc3d9ebcea7,a7fd74bf392f1403932d58ec2a09b40db9c5347f99fa239aa3d7479897ece329,"{""city"":""Multan"",""correct_country"":""Pakistan"",""country"":""Ecuador"",""label"":""1"",""statement"":""The city of Multan is not in Ecuador.""}",The city of Multan is not in Ecuador.,b61ffec9cbc28a380de6dcee5c7173579e57e39f284fdb498aa52cb0551c9ebe,1,cities,negated,Multan,entity_d7a732928cdb50f9629269fa3a06bfb4eb32f8cbccc74546bd4b86c5ffc45785,train,outer_train,cities:735,,[],entity_d7a732928cdb50f9629269fa3a06bfb4eb32f8cbccc74546bd4b86c5ffc45785,admitted,[],[],[],provisional,admitted,[],[],candidate_pending_review_not_production,admitted,,candidate_pending_review_not_production
neg_cities:1118,neg_cities,1118,1119,data/tiu_datasets/neg_cities.csv,66c5c84de98ca15570138c205ab0e3907b57750083fac72a4eacafc3d9ebcea7,508ccf53ee6dd3ce96eb791625f0e62d208c39a3e8c90c7d06cdd010c08821b7,"{""city"":""Ningbo"",""correct_country"":""China"",""country"":""China"",""label"":""0"",""statement"":""The city of Ningbo is not in China.""}",The city of Ningbo is not in China.,e122851cb16340380a9c7203ae3b31b52045d2cf7c4a19c5b992684fb3680461,0,cities,negated,Ningbo,entity_602d1e711ed4c69dc13c486ef6e6302f35db4daa4e0cf888fa6bc2448d3d2562,train,outer_train,cities:1118,,[],entity_602d1e711ed4c69dc13c486ef6e6302f35db4daa4e0cf888fa6bc2448d3d2562,admitted,[],[],[],provisional,admitted,[],[],candidate_pending_review_not_production,admitted,,candidate_pending_review_not_production
neg_cities:363,neg_cities,363,364,data/tiu_datasets/neg_cities.csv,66c5c84de98ca15570138c205ab0e3907b57750083fac72a4eacafc3d9ebcea7,934afb3faa9434f4ea551447e1042a5eb5ad824b0ba1c7d1a2d5eafdd9781478,"{""city"":""Guangyuan"",""correct_country"":""China"",""country"":""Mexico"",""label"":""1"",""statement"":""The city of Guangyuan is not in Mexico.""}",The city of Guangyuan is not in Mexico.,9885d5b718940ce1e2c2d78afa33f83e2a3b993c1b3b994712136a2d626603dd,1,cities,negated,Guangyuan,entity_22bb8809f1c916aee5317d28db87b578c1a5d5a08e295758f6e9031f5a82341d,train,outer_train,cities:363,,[],entity_22bb8809f1c916aee5317d28db87b578c1a5d5a08e295758f6e9031f5a82341d,admitted,[],[],[],provisional,admitted,[],[],candidate_pending_review_not_production,admitted,,candidate_pending_review_not_production
neg_cities:155,neg_cities,155,156,data/tiu_datasets/neg_cities.csv,66c5c84de98ca15570138c205ab0e3907b57750083fac72a4eacafc3d9ebcea7,b79aa977205ff71b6810b66a27a2731c791fa43addd0450d507d0438b1ab4653,"{""city"":""Ahvaz"",""correct_country"":""Iran"",""country"":""China"",""label"":""1"",""statement"":""The city of Ahvaz is not in China.""}",The city of Ahvaz is not in China.,1313956fc8f80c77622aa6c41f96fddf686f178ad9ce5611edaefd019ef43e15,1,cities,negated,Ahvaz,entity_1f2b497f034ffd330102647d7919dd0aff2f9903c93899a1c3865ae9d11ee271,train,outer_train,cities:155,,[],entity_1f2b497f034ffd330102647d7919dd0aff2f9903c93899a1c3865ae9d11ee271,admitted,[],[],[],provisional,admitted,[],[],candidate_pending_review_not_production,admitted,,candidate_pending_review_not_production
neg_cities:817,neg_cities,817,818,data/tiu_datasets/neg_cities.csv,66c5c84de98ca15570138c205ab0e3907b57750083fac72a4eacafc3d9ebcea7,c7ad679295bc2606293c5c500d4977ae27c244efae0f50b414f6af54eb122a9f,"{""city"":""Londrina"",""correct_country"":""Brazil"",""country"":""India"",""label"":""1"",""statement"":""The city of Londrina is not in India.""}",The city of Londrina is not in India.,a755d3e1cc462d834d8d32555499912d4173693a5580f2b0643ceb5aace794ca,1,cities,negated,Londrina,entity_e80f09978e6bdfb519c6cfba58da68370898d428c8f55a7b87d62cab0b354511,train,outer_train,cities:817,,[],entity_e80f09978e6bdfb519c6cfba58da68370898d428c8f55a7b87d62cab0b354511,admitted,[],[],[],provisional,admitted,[],[],candidate_pending_review_not_production,admitted,,candidate_pending_review_not_production
neg_cities:1020,neg_cities,1020,1021,data/tiu_datasets/neg_cities.csv,66c5c84de98ca15570138c205ab0e3907b57750083fac72a4eacafc3d9ebcea7,be8d725097e29c4fe02c3b6237c1776dfd311af3d14add16d0acfb144267d402,"{""city"":""Wuwei"",""correct_country"":""China"",""country"":""China"",""label"":""0"",""statement"":""The city of Wuwei is not in China.""}",The city of Wuwei is not in China.,767f11204378d9ff3dd37e212ce4980694a557fdc2bcc0fd91c4b3aadab4914c,0,cities,negated,Wuwei,entity_725b5fe9f32ce174569abadfb446902c3b09a9ae6875f62452efc388d1845c77,train,outer_train,cities:1020,,[],entity_725b5fe9f32ce174569abadfb446902c3b09a9ae6875f62452efc388d1845c77,admitted,[],[],[],provisional,admitted,[],[],candidate_pending_review_not_production,admitted,,candidate_pending_review_not_production
neg_cities:906,neg_cities,906,907,data/tiu_datasets/neg_cities.csv,66c5c84de98ca15570138c205ab0e3907b57750083fac72a4eacafc3d9ebcea7,ff133e94bc6dfcdc28d17afce9d07a09dc91f2ac8eef4f594350ad8d8e0d6098,"{""city"":""Koeln"",""correct_country"":""Germany"",""country"":""Germany"",""label"":""0"",""statement"":""The city of Koeln is not in Germany.""}",The city of Koeln is not in Germany.,7016665a330289d02cf984ec492c4259b117bec31d1a8994d66666f989c13a46,0,cities,negated,Koeln,entity_a9c42b820f4b0e1e1e296ee5a667c1863b54c5e77e263b662a1722a9d758db1f,train,outer_train,cities:906,,[],entity_a9c42b820f4b0e1e1e296ee5a667c1863b54c5e77e263b662a1722a9d758db1f,admitted,[],[],[],provisional,admitted,[],[],candidate_pending_review_not_production,admitted,,candidate_pending_review_not_production
neg_cities:324,neg_cities,324,325,data/tiu_datasets/neg_cities.csv,66c5c84de98ca15570138c205ab0e3907b57750083fac72a4eacafc3d9ebcea7,d1fac50729b1935d157159e8bda4c2772fc789b3781dae1bd9d383a542358984,"{""city"":""Ulan Bator"",""correct_country"":""Mongolia"",""country"":""Mongolia"",""label"":""0"",""statement"":""The city of Ulan Bator is not in Mongolia.""}",The city of Ulan Bator is not in Mongolia.,b5c685f8b5d7368db4f1a0ed0818984383381a4cb131139e337082defd9f3a5c,0,cities,negated,Ulan Bator,entity_9f41a6445f66823bd408af0759b084b85b1caf8c9997cbce58b8895c505d3cdf,train,outer_train,cities:324,,[],entity_9f41a6445f66823bd408af0759b084b85b1caf8c9997cbce58b8895c505d3cdf,admitted,[],[],[],provisional,admitted,[],[],candidate_pending_review_not_production,admitted,,candidate_pending_review_not_production
neg_cities:81,neg_cities,81,82,data/tiu_datasets/neg_cities.csv,66c5c84de98ca15570138c205ab0e3907b57750083fac72a4eacafc3d9ebcea7,a44aee06b1c69dc40ea668085969725b49ce742e45098634188f83bc3ea68a1b,"{""city"":""Panzhihua"",""correct_country"":""China"",""country"":""Iran"",""label"":""1"",""statement"":""The city of Panzhihua is not in Iran.""}",The city of Panzhihua is not in Iran.,a8467d4e144bc2eb4055b0ce025d7f6fa568ca3eedb5b983486993e9706ca26d,1,cities,negated,Panzhihua,entity_67c9dedde4d0c95846f72eb7b23c12dc707615463e2b0df325ae8bb76f297b36,train,outer_train,cities:81,,[],entity_67c9dedde4d0c95846f72eb7b23c12dc707615463e2b0df325ae8bb76f297b36,admitted,[],[],[],provisional,admitted,[],[],candidate_pending_review_not_production,admitted,,candidate_pending_review_not_production
neg_cities:95,neg_cities,95,96,data/tiu_datasets/neg_cities.csv,66c5c84de98ca15570138c205ab0e3907b57750083fac72a4eacafc3d9ebcea7,43b30b6c00d995e21f45895cfef2e96caa9aa8202e00dfe8cbe6b624b6208bd1,"{""city"":""Fort Worth"",""correct_country"":""the United States"",""country"":""Russia"",""label"":""1"",""statement"":""The city of Fort Worth is not in Russia.""}",The city of Fort Worth is not in Russia.,c40f850dd5f313a121efad05484e107c08d5c891ee9710201dbbe9d6d00b956f,1,cities,negated,Fort Worth,entity_ec5bcf666a0d488d067ae59443ca23da92e5be4d56b4a41ef1e10435ed2a2719,train,outer_train,cities:95,,[],entity_ec5bcf666a0d488d067ae59443ca23da92e5be4d56b4a41ef1e10435ed2a2719,admitted,[],[],[],provisional,admitted,[],[],candidate_pending_review_not_production,admitted,,candidate_pending_review_not_production
neg_cities:1234,neg_cities,1234,1235,data/tiu_datasets/neg_cities.csv,66c5c84de98ca15570138c205ab0e3907b57750083fac72a4eacafc3d9ebcea7,42aeb9597601dfe96056fa5461046f3a8016dac2e06a1556e79abe9810f2f83b,"{""city"":""Santiago de Cuba"",""correct_country"":""Cuba"",""country"":""Cuba"",""label"":""0"",""statement"":""The city of Santiago de Cuba is not in Cuba.""}",The city of Santiago de Cuba is not in Cuba.,83f937b1bdea8be3491a4276f0de4044d559bde3b9e07df612a0a31a27897aff,0,cities,negated,Santiago de Cuba,entity_d0222ac36d5f80c70c52ced6eae3a9dc80afb8bb105fe8f2c35636094f5a01d3,train,outer_train,cities:1234,,[],entity_d0222ac36d5f80c70c52ced6eae3a9dc80afb8bb105fe8f2c35636094f5a01d3,admitted,[],[],[],provisional,admitted,[],[],candidate_pending_review_not_production,admitted,,candidate_pending_review_not_production
neg_cities:1053,neg_cities,1053,1054,data/tiu_datasets/neg_cities.csv,66c5c84de98ca15570138c205ab0e3907b57750083fac72a4eacafc3d9ebcea7,f4e2e9d132e32f9a7ae566ac167618f33aad2db0b014cc810aa1814117707139,"{""city"":""Benxi"",""correct_country"":""China"",""country"":""Brazil"",""label"":""1"",""statement"":""The city of Benxi is not in Brazil.""}",The city of Benxi is not in Brazil.,6df9aeeb6708a49ab035d31f9ae212a1434cf67fe8cb671ee310f5bd22f26633,1,cities,negated,Benxi,entity_f1e7fbc354ca516c94ee5753f40f787302d8e13f59359a872a95d5be897aaa54,train,outer_train,cities:1053,,[],entity_f1e7fbc354ca516c94ee5753f40f787302d8e13f59359a872a95d5be897aaa54,admitted,[],[],[],provisional,admitted,[],[],candidate_pending_review_not_production,admitted,,candidate_pending_review_not_production
neg_cities:316,neg_cities,316,317,data/tiu_datasets/neg_cities.csv,66c5c84de98ca15570138c205ab0e3907b57750083fac72a4eacafc3d9ebcea7,857ab277e10b4d8c740244d2d604a062a2ce7382b1e0df7a81ae08ef15a0f34b,"{""city"":""Manaus"",""correct_country"":""Brazil"",""country"":""Brazil"",""label"":""0"",""statement"":""The city of Manaus is not in Brazil.""}",The city of Manaus is not in Brazil.,57d81f1ed39cf0b152085b9e78a22dacce5fef25a81084dd849fb42b1c911d18,0,cities,negated,Manaus,entity_30c320db4ce1f62c6c906f92a01bd2e7bc64c734136fec3246d2a24afab5588b,train,outer_train,cities:316,,[],entity_30c320db4ce1f62c6c906f92a01bd2e7bc64c734136fec3246d2a24afab5588b,admitted,[],[],[],provisional,admitted,[],[],candidate_pending_review_not_production,admitted,,candidate_pending_review_not_production
neg_cities:480,neg_cities,480,481,data/tiu_datasets/neg_cities.csv,66c5c84de98ca15570138c205ab0e3907b57750083fac72a4eacafc3d9ebcea7,930f4f251dbf6e05aefd44298b355c00c86c2775a876b2ee36d534fd5422ee9b,"{""city"":""Pingdingshan"",""correct_country"":""China"",""country"":""China"",""label"":""0"",""statement"":""The city of Pingdingshan is not in China.""}",The city of Pingdingshan is not in China.,a71d9487f58230b18dd4eb15a39be2f2b4ac0a15476a7c9412c4b8f4a143e1a3,0,cities,negated,Pingdingshan,entity_8a0a5d8d368705b1c468bb9eb754833522b327e294e22bf548e43434ce374054,train,outer_train,cities:480,,[],entity_8a0a5d8d368705b1c468bb9eb754833522b327e294e22bf548e43434ce374054,admitted,[],[],[],provisional,admitted,[],[],candidate_pending_review_not_production,admitted,,candidate_pending_review_not_production
neg_cities:454,neg_cities,454,455,data/tiu_datasets/neg_cities.csv,66c5c84de98ca15570138c205ab0e3907b57750083fac72a4eacafc3d9ebcea7,18885f002c566efb92b9dc67fd9e9c9d1ae078769b3c455dd8e416d04b03cd5a,"{""city"":""Shihezi"",""correct_country"":""China"",""country"":""China"",""label"":""0"",""statement"":""The city of Shihezi is not in China.""}",The city of Shihezi is not in China.,90dd9b1a7b7aac807c2e8aa302a49c5351647b13da26f051bf687baf571e89c4,0,cities,negated,Shihezi,entity_ffe8e4187c7944a7a08a56e6e665350bc9ebdb05f1ecf6c3ab9702c3e0fff2fa,train,outer_train,cities:454,,[],entity_ffe8e4187c7944a7a08a56e6e665350bc9ebdb05f1ecf6c3ab9702c3e0fff2fa,admitted,[],[],[],provisional,admitted,[],[],candidate_pending_review_not_production,admitted,,candidate_pending_review_not_production
neg_cities:1157,neg_cities,1157,1158,data/tiu_datasets/neg_cities.csv,66c5c84de98ca15570138c205ab0e3907b57750083fac72a4eacafc3d9ebcea7,88935ec606b1b70f91d18a21e19e75dba0dcc03075d2592256aa56d5e0487c5c,"{""city"":""Kota Kinabalu"",""correct_country"":""Malaysia"",""country"":""the United States"",""label"":""1"",""statement"":""The city of Kota Kinabalu is not in the United States.""}",The city of Kota Kinabalu is not in the United States.,39f7bcd75a989af28f95eb906a5417a256fc56bccc8f94090a43446733bb0bb7,1,cities,negated,Kota Kinabalu,entity_c17a665ac202bb056f3f08a21800e84beb69033e91a6be4e2172232100cfb9ac,train,outer_train,cities:1157,,[],entity_c17a665ac202bb056f3f08a21800e84beb69033e91a6be4e2172232100cfb9ac,admitted,[],[],[],provisional,admitted,[],[],candidate_pending_review_not_production,admitted,,candidate_pending_review_not_production
neg_cities:432,neg_cities,432,433,data/tiu_datasets/neg_cities.csv,66c5c84de98ca15570138c205ab0e3907b57750083fac72a4eacafc3d9ebcea7,28a51bcd2f745d9f97e5d6b31081bde0a451c53fcf6fa4c2c9626aeb0d62d4a1,"{""city"":""Stockholm"",""correct_country"":""Sweden"",""country"":""Sweden"",""label"":""0"",""statement"":""The city of Stockholm is not in Sweden.""}",The city of Stockholm is not in Sweden.,67d8e8070b2c41168de9eda4a75b9d584d8692fdd34492b0c534cb33553822aa,0,cities,negated,Stockholm,entity_020c36812432f21b87595cc2c61296c29a94cb7592b0e31d67968c8fb917b48d,train,outer_train,cities:432,,[],entity_020c36812432f21b87595cc2c61296c29a94cb7592b0e31d67968c8fb917b48d,admitted,[],[],[],provisional,admitted,[],[],candidate_pending_review_not_production,admitted,,candidate_pending_review_not_production
neg_cities:113,neg_cities,113,114,data/tiu_datasets/neg_cities.csv,66c5c84de98ca15570138c205ab0e3907b57750083fac72a4eacafc3d9ebcea7,d8075c0f44bc7a9e6eec6b252fd4b8594be74a1ea0b073b0467233bb99537f4b,"{""city"":""Poznan"",""correct_country"":""Poland"",""country"":""Mexico"",""label"":""1"",""statement"":""The city of Poznan is not in Mexico.""}",The city of Poznan is not in Mexico.,dc37088d577d8b61596c78d0a5810503722e44bc4f252c5ee1eadcb54b4a99af,1,cities,negated,Poznan,entity_5fd508c0c06f482011127f7dff81e4b591244c442346fac2ffad1ea888cc2c23,train,outer_train,cities:113,,[],entity_5fd508c0c06f482011127f7dff81e4b591244c442346fac2ffad1ea888cc2c23,admitted,[],[],[],provisional,admitted,[],[],candidate_pending_review_not_production,admitted,,candidate_pending_review_not_production
neg_cities:1486,neg_cities,1486,1487,data/tiu_datasets/neg_cities.csv,66c5c84de98ca15570138c205ab0e3907b57750083fac72a4eacafc3d9ebcea7,8b6d831e66d4b3d2c2b094d90d25f2ec1f1fdfbbfcfba7aec9d730a0b98c1419,"{""city"":""Bhopal"",""correct_country"":""India"",""country"":""India"",""label"":""0"",""statement"":""The city of Bhopal is not in India.""}",The city of Bhopal is not in India.,a75e2bf82e64bdd9a79db2bb2a5d96834b5fc70d6aea672b88f173032456aaa8,0,cities,negated,Bhopal,entity_67764db1eadc4843f584618e4d95eac7226a2da64699fd32f7f16b3c677df62f,train,outer_train,cities:1486,,[],entity_67764db1eadc4843f584618e4d95eac7226a2da64699fd32f7f16b3c677df62f,admitted,[],[],[],provisional,admitted,[],[],candidate_pending_review_not_production,admitted,,candidate_pending_review_not_production
neg_cities:612,neg_cities,612,613,data/tiu_datasets/neg_cities.csv,66c5c84de98ca15570138c205ab0e3907b57750083fac72a4eacafc3d9ebcea7,28ce9e39fb250e269a49669eff500dc524c1a0f666137d37eb6fcb5b57387066,"{""city"":""Hannover"",""correct_country"":""Germany"",""country"":""Germany"",""label"":""0"",""statement"":""The city of Hannover is not in Germany.""}",The city of Hannover is not in Germany.,f5dd55b03c393cf8d26e276ff5b3b8d38aa7ef47263cc425653ccd1e3e04021d,0,cities,negated,Hannover,entity_a9a8aeec3bf18d515f62a199fac892df70a97ae8ee7ccc026e8ec890efe39b74,train,outer_train,cities:612,,[],entity_a9a8aeec3bf18d515f62a199fac892df70a97ae8ee7ccc026e8ec890efe39b74,admitted,[],[],[],provisional,admitted,[],[],candidate_pending_review_not_production,admitted,,candidate_pending_review_not_production
neg_cities:974,neg_cities,974,975,data/tiu_datasets/neg_cities.csv,66c5c84de98ca15570138c205ab0e3907b57750083fac72a4eacafc3d9ebcea7,b298385a7b9ef9b3f8036089a3ea3ef66685ae2fe4d2ba05571699b865e36c9d,"{""city"":""Krasnoyarsk"",""correct_country"":""Russia"",""country"":""Russia"",""label"":""0"",""statement"":""The city of Krasnoyarsk is not in Russia.""}",The city of Krasnoyarsk is not in Russia.,4ba332c42494110437dc207ed31146ed4469fd6b27dff82ce4afa3fd1afa43b7,0,cities,negated,Krasnoyarsk,entity_b26f23c9c4d6681bb12dbe39c02932ec1aa852aafe3c4254f4ebdbb09205f3ee,train,outer_train,cities:974,,[],entity_b26f23c9c4d6681bb12dbe39c02932ec1aa852aafe3c4254f4ebdbb09205f3ee,admitted,[],[],[],provisional,admitted,[],[],candidate_pending_review_not_production,admitted,,candidate_pending_review_not_production
neg_cities:837,neg_cities,837,838,data/tiu_datasets/neg_cities.csv,66c5c84de98ca15570138c205ab0e3907b57750083fac72a4eacafc3d9ebcea7,b120af2a516e2cc47121c00331bde5f2ad3a96108aee6265241e28527d9e06d4,"{""city"":""Rangpur"",""correct_country"":""Bangladesh"",""country"":""Russia"",""label"":""1"",""statement"":""The city of Rangpur is not in Russia.""}",The city of Rangpur is not in Russia.,73b0b82e344b8d3904eccf3259b0d50951592127c10b973919365c2e63dbc65a,1,cities,negated,Rangpur,entity_07d88bcb5bdf6069ba580f2d7fa0db1a1300da4421dbba209308a7ece579cb60,train,outer_train,cities:837,,[],entity_07d88bcb5bdf6069ba580f2d7fa0db1a1300da4421dbba209308a7ece579cb60,admitted,[],[],[],provisional,admitted,[],[],candidate_pending_review_not_production,admitted,,candidate_pending_review_not_production
neg_cities:402,neg_cities,402,403,data/tiu_datasets/neg_cities.csv,66c5c84de98ca15570138c205ab0e3907b57750083fac72a4eacafc3d9ebcea7,de83effa175e182fcaf5772828680905f0196ae37a9b61f0e2011437f0549fa2,"{""city"":""Iztapalapa"",""correct_country"":""Mexico"",""country"":""Mexico"",""label"":""0"",""statement"":""The city of Iztapalapa is not in Mexico.""}",The city of Iztapalapa is not in Mexico.,f1e2a1dc0bb719c6a582655f33adcffb939b013c501039bfdfe5586d04b04382,0,cities,negated,Iztapalapa,entity_209170067c8ad2291e7c6b78715e48288de2ee6bc98c70c06b6d395885805b5b,train,outer_train,cities:402,,[],entity_209170067c8ad2291e7c6b78715e48288de2ee6bc98c70c06b6d395885805b5b,admitted,[],[],[],provisional,admitted,[],[],candidate_pending_review_not_production,admitted,,candidate_pending_review_not_production
neg_cities:459,neg_cities,459,460,data/tiu_datasets/neg_cities.csv,66c5c84de98ca15570138c205ab0e3907b57750083fac72a4eacafc3d9ebcea7,79ab4824015560b3d851f4647ce79f28b4ae9b8c2a1c81fab588ca9f47e10f9c,"{""city"":""Xiangtan"",""correct_country"":""China"",""country"":""Brazil"",""label"":""1"",""statement"":""The city of Xiangtan is not in Brazil.""}",The city of Xiangtan is not in Brazil.,eaff65bfa30ffc49ae56e13ab2ded16800b9dbe7e2fdf7f3abafd92fadfcc43e,1,cities,negated,Xiangtan,entity_9652449e6527ee0cb54af180eda1913d0e05b9c6be9e70de4c78d713904d97c1,train,outer_train,cities:459,,[],entity_9652449e6527ee0cb54af180eda1913d0e05b9c6be9e70de4c78d713904d97c1,admitted,[],[],[],provisional,admitted,[],[],candidate_pending_review_not_production,admitted,,candidate_pending_review_not_production
neg_cities:1291,neg_cities,1291,1292,data/tiu_datasets/neg_cities.csv,66c5c84de98ca15570138c205ab0e3907b57750083fac72a4eacafc3d9ebcea7,012b7b8039b0444d266d7ec8c71b2a3b8e9baef87f68d763c0ed7d37f1ea6478,"{""city"":""Zhuzhou"",""correct_country"":""China"",""country"":""France"",""label"":""1"",""statement"":""The city of Zhuzhou is not in France.""}",The city of Zhuzhou is not in France.,d529908508498ffec560a8750a31876aff212acc7078c1a4a28fd0e8bc687506,1,cities,negated,Zhuzhou,entity_e5a034774fc212756417667ceb7cb34419f2c787b60152afaea89d4cb56eebd8,train,outer_train,cities:1291,,[],entity_e5a034774fc212756417667ceb7cb34419f2c787b60152afaea89d4cb56eebd8,admitted,[],[],[],provisional,admitted,[],[],candidate_pending_review_not_production,admitted,,candidate_pending_review_not_production
neg_cities:226,neg_cities,226,227,data/tiu_datasets/neg_cities.csv,66c5c84de98ca15570138c205ab0e3907b57750083fac72a4eacafc3d9ebcea7,73766e459cd8e15951cb2f2acbaee3f8709227ba84a2df854125a95d613924cb,"{""city"":""Neijiang"",""correct_country"":""China"",""country"":""China"",""label"":""0"",""statement"":""The city of Neijiang is not in China.""}",The city of Neijiang is not in China.,36252a3372f4f61617ecff45878a5a6f6212f2eb7f199c03b4051439f0a6df4c,0,cities,negated,Neijiang,entity_0ec0bbd8967ae74e709dd45499ada81f5221c6a903d8cde28a1e3819a965bfca,train,outer_train,cities:226,,[],entity_0ec0bbd8967ae74e709dd45499ada81f5221c6a903d8cde28a1e3819a965bfca,admitted,[],[],[],provisional,admitted,[],[],candidate_pending_review_not_production,admitted,,candidate_pending_review_not_production
neg_cities:1030,neg_cities,1030,1031,data/tiu_datasets/neg_cities.csv,66c5c84de98ca15570138c205ab0e3907b57750083fac72a4eacafc3d9ebcea7,b13691fef526a96d40bdc7dce5c289f3ff63a0ebe852e66dd86174008033303d,"{""city"":""Sorocaba"",""correct_country"":""Brazil"",""country"":""Brazil"",""label"":""0"",""statement"":""The city of Sorocaba is not in Brazil.""}",The city of Sorocaba is not in Brazil.,a57a99d4c88718265d65a4e2d010754e49b6551378de2c7fb745565901cc79b2,0,cities,negated,Sorocaba,entity_4f07d0df183c2303821dff7f7a27df8aaf731e6a1abe41b651dbe621b64e2494,train,outer_train,cities:1030,,[],entity_4f07d0df183c2303821dff7f7a27df8aaf731e6a1abe41b651dbe621b64e2494,admitted,[],[],[],provisional,admitted,[],[],candidate_pending_review_not_production,admitted,,candidate_pending_review_not_production
neg_cities:863,neg_cities,863,864,data/tiu_datasets/neg_cities.csv,66c5c84de98ca15570138c205ab0e3907b57750083fac72a4eacafc3d9ebcea7,dad51a7c931d05683cd93f6251a34beaa4560206082dd0e0c01f597496e8df41,"{""city"":""Adana"",""correct_country"":""Turkey"",""country"":""Togo"",""label"":""1"",""statement"":""The city of Adana is not in Togo.""}",The city of Adana is not in Togo.,f3c4a5371bac1700c54bce9d3ad3cd38927a9376a9f10b052768f9979fd383c6,1,cities,negated,Adana,entity_58c121c48f3691fa0f01a0c41ebb3528f2d6ce12b99b4cf9f1a9a134c1d19ccf,train,outer_train,cities:863,,[],entity_58c121c48f3691fa0f01a0c41ebb3528f2d6ce12b99b4cf9f1a9a134c1d19ccf,admitted,[],[],[],provisional,admitted,[],[],candidate_pending_review_not_production,admitted,,candidate_pending_review_not_production
neg_cities:1462,neg_cities,1462,1463,data/tiu_datasets/neg_cities.csv,66c5c84de98ca15570138c205ab0e3907b57750083fac72a4eacafc3d9ebcea7,5b43ad88be72f0a432b2133db0c880f0b8ae43e960a1c4741fcecf5c652117df,"{""city"":""Rostov-na-Donu"",""correct_country"":""Russia"",""country"":""Russia"",""label"":""0"",""statement"":""The city of Rostov-na-Donu is not in Russia.""}",The city of Rostov-na-Donu is not in Russia.,7015594fc85f852c3525abc9522e0bc0cf8cda0930824981b0406b67f97c4c4e,0,cities,negated,Rostov-na-Donu,entity_33a87351f82ce9d0bc0580f721896d0c784f91bc7e0f57797ea07fb0f26cd355,train,outer_train,cities:1462,,[],entity_33a87351f82ce9d0bc0580f721896d0c784f91bc7e0f57797ea07fb0f26cd355,admitted,[],[],[],provisional,admitted,[],[],candidate_pending_review_not_production,admitted,,candidate_pending_review_not_production
neg_cities:1295,neg_cities,1295,1296,data/tiu_datasets/neg_cities.csv,66c5c84de98ca15570138c205ab0e3907b57750083fac72a4eacafc3d9ebcea7,a3fa1303d7f46b6393f38a9cb7ed71372d96910bddc3a8fb0fce073dd1801282,"{""city"":""Tanggu"",""correct_country"":""China"",""country"":""South Korea"",""label"":""1"",""statement"":""The city of Tanggu is not in South Korea.""}",The city of Tanggu is not in South Korea.,84b7195c500933f513e0a412598622ac3f153c7af2258d782001561ec2429da9,1,cities,negated,Tanggu,entity_c1a50a55e87b2d5f035e9addf1280c6a4d1f85c89d1000e4febbc0f645c6114a,train,outer_train,cities:1295,,[],entity_c1a50a55e87b2d5f035e9addf1280c6a4d1f85c89d1000e4febbc0f645c6114a,admitted,[],[],[],provisional,admitted,[],[],candidate_pending_review_not_production,admitted,,candidate_pending_review_not_production
neg_cities:785,neg_cities,785,786,data/tiu_datasets/neg_cities.csv,66c5c84de98ca15570138c205ab0e3907b57750083fac72a4eacafc3d9ebcea7,5184a30a1256d9012dbcd0f5e94beaafc0640a141b9b123bd2a25201dce6adda,"{""city"":""Recife"",""correct_country"":""Brazil"",""country"":""North Korea"",""label"":""1"",""statement"":""The city of Recife is not in North Korea.""}",The city of Recife is not in North Korea.,caf19102c5b98f17b88e06a9d72555d67fc9e748ae36e5be0587f15e123d6461,1,cities,negated,Recife,entity_c97cde0e3be323455a90a133d46526a7b0e099565d04b3df7563befdb4f65994,train,outer_train,cities:785,,[],entity_c97cde0e3be323455a90a133d46526a7b0e099565d04b3df7563befdb4f65994,admitted,[],[],[],provisional,admitted,[],[],candidate_pending_review_not_production,admitted,,candidate_pending_review_not_production
neg_cities:1394,neg_cities,1394,1395,data/tiu_datasets/neg_cities.csv,66c5c84de98ca15570138c205ab0e3907b57750083fac72a4eacafc3d9ebcea7,899d5a8cbc3f746b4c9dba55079be3c82eeac93a63f147287cbd301f2ececfa7,"{""city"":""Batam"",""correct_country"":""Indonesia"",""country"":""Indonesia"",""label"":""0"",""statement"":""The city of Batam is not in Indonesia.""}",The city of Batam is not in Indonesia.,5f70ec6744162cd607192bed33c6171d3891faa0f71621840c9ea07e93b1d33d,0,cities,negated,Batam,entity_24ddd08285b2b0fa1a1ab13e94871ec20e7f0abf0869d95e299e8f4beb399408,train,outer_train,cities:1394,,[],entity_24ddd08285b2b0fa1a1ab13e94871ec20e7f0abf0869d95e299e8f4beb399408,admitted,[],[],[],provisional,admitted,[],[],candidate_pending_review_not_production,admitted,,candidate_pending_review_not_production
neg_cities:1026,neg_cities,1026,1027,data/tiu_datasets/neg_cities.csv,66c5c84de98ca15570138c205ab0e3907b57750083fac72a4eacafc3d9ebcea7,6d6e3c070665de4915e753b5a2647443da939db5b7d65a072ec44d053e93bdbb,"{""city"":""Jiangyin"",""correct_country"":""China"",""country"":""China"",""label"":""0"",""statement"":""The city of Jiangyin is not in China.""}",The city of Jiangyin is not in China.,d239319084b83caef252a50bea028be65915beccd50de526eb01e4dd34ba4754,0,cities,negated,Jiangyin,entity_f7fe192b25821f8aae4ab5ad0ebce2153dafce293dc3fecc5bab1127177ba1fe,train,outer_train,cities:1026,,[],entity_f7fe192b25821f8aae4ab5ad0ebce2153dafce293dc3fecc5bab1127177ba1fe,admitted,[],[],[],provisional,admitted,[],[],candidate_pending_review_not_production,admitted,,candidate_pending_review_not_production
neg_cities:10,neg_cities,10,11,data/tiu_datasets/neg_cities.csv,66c5c84de98ca15570138c205ab0e3907b57750083fac72a4eacafc3d9ebcea7,fee158434f1c2aea102eb8109bf7d21d37780752aefb736be0bd8b63b8a24a4f,"{""city"":""Addis Ababa"",""correct_country"":""Ethiopia"",""country"":""Ethiopia"",""label"":""0"",""statement"":""The city of Addis Ababa is not in Ethiopia.""}",The city of Addis Ababa is not in Ethiopia.,673b5e2f1aa098a9447c243f8e5b538d1ac083c3f108a89d3b9706f9c64a43d8,0,cities,negated,Addis Ababa,entity_bceadd6b343c4d2df0517cc51f8ccf77953467b330a726bc3a33bb0075403967,train,outer_train,cities:10,,[],entity_bceadd6b343c4d2df0517cc51f8ccf77953467b330a726bc3a33bb0075403967,admitted,[],[],[],provisional,admitted,[],[],candidate_pending_review_not_production,admitted,,candidate_pending_review_not_production
neg_cities:1289,neg_cities,1289,1290,data/tiu_datasets/neg_cities.csv,66c5c84de98ca15570138c205ab0e3907b57750083fac72a4eacafc3d9ebcea7,249ef80e916d7e928e582f6da2ccfef9007c62b04722cd6823dac5da1a384a32,"{""city"":""Tebessa"",""correct_country"":""Algeria"",""country"":""India"",""label"":""1"",""statement"":""The city of Tebessa is not in India.""}",The city of Tebessa is not in India.,a0c84cf93b94b81f4840bd6cc4fe1ba8c18b51cf9277fed4f6a2f4e78a60702c,1,cities,negated,Tebessa,entity_9f6101ee9f9484686f33519cb1450664bd3c2431053121db75d946697f062227,train,outer_train,cities:1289,,[],entity_9f6101ee9f9484686f33519cb1450664bd3c2431053121db75d946697f062227,admitted,[],[],[],provisional,admitted,[],[],candidate_pending_review_not_production,admitted,,candidate_pending_review_not_production
neg_cities:592,neg_cities,592,593,data/tiu_datasets/neg_cities.csv,66c5c84de98ca15570138c205ab0e3907b57750083fac72a4eacafc3d9ebcea7,9aa9ff22c62b50276d3556a6430e2210b18404ac2713a9fdb7fdbcfd77c4f2bb,"{""city"":""Douala"",""correct_country"":""Cameroon"",""country"":""Cameroon"",""label"":""0"",""statement"":""The city of Douala is not in Cameroon.""}",The city of Douala is not in Cameroon.,374b0f35bb4ff54ba2c2d7c4b402b13742bdcfa063dbaa6ded630f6f84f4ff7a,0,cities,negated,Douala,entity_033f1a0f686afbcc4d156382058217d695967e6c4fb5233580748609bc92dbc1,train,outer_train,cities:592,,[],entity_033f1a0f686afbcc4d156382058217d695967e6c4fb5233580748609bc92dbc1,admitted,[],[],[],provisional,admitted,[],[],candidate_pending_review_not_production,admitted,,candidate_pending_review_not_production
neg_cities:915,neg_cities,915,916,data/tiu_datasets/neg_cities.csv,66c5c84de98ca15570138c205ab0e3907b57750083fac72a4eacafc3d9ebcea7,b6eccd09b787ab4dbe9e76f21d46d371a78fde92b7b6520cff4ac954a2d73869,"{""city"":""Nanded"",""correct_country"":""India"",""country"":""China"",""label"":""1"",""statement"":""The city of Nanded is not in China.""}",The city of Nanded is not in China.,2b899786659b798db95ff69e913302037cd23b3e750032f5da7bda19d11a277c,1,cities,negated,Nanded,entity_adeb39f2a6354e7097f7862d03180106d72c5c588a307e2ef6ae314cab894ba3,train,outer_train,cities:915,,[],entity_adeb39f2a6354e7097f7862d03180106d72c5c588a307e2ef6ae314cab894ba3,admitted,[],[],[],provisional,admitted,[],[],candidate_pending_review_not_production,admitted,,candidate_pending_review_not_production
neg_cities:1426,neg_cities,1426,1427,data/tiu_datasets/neg_cities.csv,66c5c84de98ca15570138c205ab0e3907b57750083fac72a4eacafc3d9ebcea7,3774481972a5a1c7996d559e5e1051a86de5fb10d5b96e45a802960d7b9dacec,"{""city"":""Cankaya"",""correct_country"":""Turkey"",""country"":""Turkey"",""label"":""0"",""statement"":""The city of Cankaya is not in Turkey.""}",The city of Cankaya is not in Turkey.,90f0f484de03edf1ac90585c63e2e061ed8504c153f192bf3d7198b3585e2195,0,cities,negated,Cankaya,entity_39367ff6f0d62665c2b5ca7f9b3afa0810996408ec976ab00798a266d268ba83,train,outer_train,cities:1426,,[],entity_39367ff6f0d62665c2b5ca7f9b3afa0810996408ec976ab00798a266d268ba83,admitted,[],[],[],provisional,admitted,[],[],candidate_pending_review_not_production,admitted,,candidate_pending_review_not_production
neg_cities:228,neg_cities,228,229,data/tiu_datasets/neg_cities.csv,66c5c84de98ca15570138c205ab0e3907b57750083fac72a4eacafc3d9ebcea7,c664158b9257b100624d69a92c75ac837f147b537df85d9e93c8a5c53e9b65e5,"{""city"":""Linfen"",""correct_country"":""China"",""country"":""China"",""label"":""0"",""statement"":""The city of Linfen is not in China.""}",The city of Linfen is not in China.,030a7a6bd75d561c4f9a8580bb07cb661781e16517d1cac06fb23a14907d9582,0,cities,negated,Linfen,entity_59119d42b72bad82a47ecbcef5636edd57a4e46a9e24a02f45a480ae000a5af0,train,outer_train,cities:228,,[],entity_59119d42b72bad82a47ecbcef5636edd57a4e46a9e24a02f45a480ae000a5af0,admitted,[],[],[],provisional,admitted,[],[],candidate_pending_review_not_production,admitted,,candidate_pending_review_not_production
neg_cities:229,neg_cities,229,230,data/tiu_datasets/neg_cities.csv,66c5c84de98ca15570138c205ab0e3907b57750083fac72a4eacafc3d9ebcea7,0fc617858860bbc863cf11572f85588b28a3b02cc2c97ccaa5191bccf61434bf,"{""city"":""Linfen"",""correct_country"":""China"",""country"":""India"",""label"":""1"",""statement"":""The city of Linfen is not in India.""}",The city of Linfen is not in India.,5deffc7c6f746e572dc1432e715611ffedaa94a8bd7edb4a06077b52e823f6fd,1,cities,negated,Linfen,entity_59119d42b72bad82a47ecbcef5636edd57a4e46a9e24a02f45a480ae000a5af0,train,outer_train,cities:229,,[],entity_59119d42b72bad82a47ecbcef5636edd57a4e46a9e24a02f45a480ae000a5af0,admitted,[],[],[],provisional,admitted,[],[],candidate_pending_review_not_production,admitted,,candidate_pending_review_not_production
neg_cities:483,neg_cities,483,484,data/tiu_datasets/neg_cities.csv,66c5c84de98ca15570138c205ab0e3907b57750083fac72a4eacafc3d9ebcea7,2663c18c0332c915118d740df74e8511e64bcd3c72df7100dc0fcc69398e89a7,"{""city"":""Bengbu"",""correct_country"":""China"",""country"":""India"",""label"":""1"",""statement"":""The city of Bengbu is not in India.""}",The city of Bengbu is not in India.,6139cbc00beb47d6eb4287e8d055c02917e6c4f396da4d23bb3f7635d89b9d32,1,cities,negated,Bengbu,entity_05cc7c67707344a427a0695df7ea254b37122770833d5de0500fa9b47c4a76ff,train,outer_train,cities:483,,[],entity_05cc7c67707344a427a0695df7ea254b37122770833d5de0500fa9b47c4a76ff,admitted,[],[],[],provisional,admitted,[],[],candidate_pending_review_not_production,admitted,,candidate_pending_review_not_production
neg_cities:616,neg_cities,616,617,data/tiu_datasets/neg_cities.csv,66c5c84de98ca15570138c205ab0e3907b57750083fac72a4eacafc3d9ebcea7,9c6321add087880d9888aff35ac43d93ed5137249b354dc1534817a1537b8005,"{""city"":""Matola"",""correct_country"":""Mozambique"",""country"":""Mozambique"",""label"":""0"",""statement"":""The city of Matola is not in Mozambique.""}",The city of Matola is not in Mozambique.,f506966c42796ac272fc3c3d8ba051b81512490498dd3dfce11619cfaf54fe32,0,cities,negated,Matola,entity_28ba9b2d96b37400cb5175b1cf56ea284efe31b7b042d2f78df8e38e721797b0,train,outer_train,cities:616,,[],entity_28ba9b2d96b37400cb5175b1cf56ea284efe31b7b042d2f78df8e38e721797b0,admitted,[],[],[],provisional,admitted,[],[],candidate_pending_review_not_production,admitted,,candidate_pending_review_not_production
neg_cities:1233,neg_cities,1233,1234,data/tiu_datasets/neg_cities.csv,66c5c84de98ca15570138c205ab0e3907b57750083fac72a4eacafc3d9ebcea7,d6e8e0dea850f86ee558228d1d35799dd81ee530703f1a086d253ea17cedbf67,"{""city"":""Bulawayo"",""correct_country"":""Zimbabwe"",""country"":""China"",""label"":""1"",""statement"":""The city of Bulawayo is not in China.""}",The city of Bulawayo is not in China.,2b9fee54e4e9580efbfc4371b0a3e8607c02a74adcc9dcd6d56ca4b5fa0549ff,1,cities,negated,Bulawayo,entity_f1c73fc5a906967121369ae8216cc2a749a65827d9a67766ae9c263c8eb332d1,train,outer_train,cities:1233,,[],entity_f1c73fc5a906967121369ae8216cc2a749a65827d9a67766ae9c263c8eb332d1,admitted,[],[],[],provisional,admitted,[],[],candidate_pending_review_not_production,admitted,,candidate_pending_review_not_production
neg_cities:896,neg_cities,896,897,data/tiu_datasets/neg_cities.csv,66c5c84de98ca15570138c205ab0e3907b57750083fac72a4eacafc3d9ebcea7,c8d2fe47c741328233f9ca9c3836f98f09befe3b358d42a8cbe6a9fa052f332c,"{""city"":""Al Ain City"",""correct_country"":""the United Arab Emirates"",""country"":""the United Arab Emirates"",""label"":""0"",""statement"":""The city of Al Ain City is not in the United Arab Emirates.""}",The city of Al Ain City is not in the United Arab Emirates.,d79d6b85ca6b734c029811c3da400ed5d5e86cd44b09daf3f967745034f0248e,0,cities,negated,Al Ain City,entity_cf5f1deb367e556e0c3871cb0c91eb0270d14c86f8e50b0b7705f7ab76c7f66a,train,outer_train,cities:896,,[],entity_cf5f1deb367e556e0c3871cb0c91eb0270d14c86f8e50b0b7705f7ab76c7f66a,admitted,[],[],[],provisional,admitted,[],[],candidate_pending_review_not_production,admitted,,candidate_pending_review_not_production
neg_cities:56,neg_cities,56,57,data/tiu_datasets/neg_cities.csv,66c5c84de98ca15570138c205ab0e3907b57750083fac72a4eacafc3d9ebcea7,e2461c9217776baafefd13779743f412fd359325ed5e204eb5405bcdc7ac469c,"{""city"":""Marrakesh"",""correct_country"":""Morocco"",""country"":""Morocco"",""label"":""0"",""statement"":""The city of Marrakesh is not in Morocco.""}",The city of Marrakesh is not in Morocco.,d826b73e1ffced3914b1ebe9f7cef0f0c6f2af5f818d90891284b64208eef3e0,0,cities,negated,Marrakesh,entity_485676ff0438d7d9cbad5ba2eddfb8cbc97ddeb2aa27d6f837fb7d5a38833d0f,train,outer_train,cities:56,,[],entity_485676ff0438d7d9cbad5ba2eddfb8cbc97ddeb2aa27d6f837fb7d5a38833d0f,admitted,[],[],[],provisional,admitted,[],[],candidate_pending_review_not_production,admitted,,candidate_pending_review_not_production
neg_cities:1330,neg_cities,1330,1331,data/tiu_datasets/neg_cities.csv,66c5c84de98ca15570138c205ab0e3907b57750083fac72a4eacafc3d9ebcea7,28020e53434a46fe9b8de9e17fd8cfb7c38e7ab5345aba55ab9ff74f29b04878,"{""city"":""Nampula"",""correct_country"":""Mozambique"",""country"":""Mozambique"",""label"":""0"",""statement"":""The city of Nampula is not in Mozambique.""}",The city of Nampula is not in Mozambique.,d2c468f913b37619f4fdad95991aef1608129d1cb3efee1efe088d58520b594d,0,cities,negated,Nampula,entity_a4ef2609355f974615220e623e3e9fb5513a30983d1f3cd78d48a543b2bb5bcb,train,outer_train,cities:1330,,[],entity_a4ef2609355f974615220e623e3e9fb5513a30983d1f3cd78d48a543b2bb5bcb,admitted,[],[],[],provisional,admitted,[],[],candidate_pending_review_not_production,admitted,,candidate_pending_review_not_production
neg_cities:800,neg_cities,800,801,data/tiu_datasets/neg_cities.csv,66c5c84de98ca15570138c205ab0e3907b57750083fac72a4eacafc3d9ebcea7,a5b76b457a0ddb3ba4eea102a962aa541f556859978ac90570a4e0572577c21d,"{""city"":""Jieyang"",""correct_country"":""China"",""country"":""China"",""label"":""0"",""statement"":""The city of Jieyang is not in China.""}",The city of Jieyang is not in China.,e984791b458f29bc2f8be972e671c6e4364a87d4ebafc98e4d8d719927b360f9,0,cities,negated,Jieyang,entity_d9bd25072aeb501396220598466096fdcfe944a3be170d49d6564f4c8b29f2cc,train,outer_train,cities:800,,[],entity_d9bd25072aeb501396220598466096fdcfe944a3be170d49d6564f4c8b29f2cc,admitted,[],[],[],provisional,admitted,[],[],candidate_pending_review_not_production,admitted,,candidate_pending_review_not_production
neg_cities:1493,neg_cities,1493,1494,data/tiu_datasets/neg_cities.csv,66c5c84de98ca15570138c205ab0e3907b57750083fac72a4eacafc3d9ebcea7,1c756b5f78bfe8703cb8ef61f4c77b50066a9c058f005dab6c7e6132a88591e4,"{""city"":""Al Mawsil al Jadidah"",""correct_country"":""Iraq"",""country"":""India"",""label"":""1"",""statement"":""The city of Al Mawsil al Jadidah is not in India.""}",The city of Al Mawsil al Jadidah is not in India.,93399cdc894d212b79f9607f2f59af814880bc4a64ac341fe76db4f6d35f6069,1,cities,negated,Al Mawsil al Jadidah,entity_361bedb1aceb6d5956184687e38832460d03b5522547c9ca2855205586342c9c,train,outer_train,cities:1493,,[],entity_361bedb1aceb6d5956184687e38832460d03b5522547c9ca2855205586342c9c,admitted,[],[],[],provisional,admitted,[],[],candidate_pending_review_not_production,admitted,,candidate_pending_review_not_production
neg_cities:842,neg_cities,842,843,data/tiu_datasets/neg_cities.csv,66c5c84de98ca15570138c205ab0e3907b57750083fac72a4eacafc3d9ebcea7,a6406b8b6be36f2c7518f2108d3d6b4ead0c05112c4d84b6812d57fe556ecef2,"{""city"":""Latakia"",""correct_country"":""Syria"",""country"":""Syria"",""label"":""0"",""statement"":""The city of Latakia is not in Syria.""}",The city of Latakia is not in Syria.,6b475f2b9e7a01b209690f7e3a7f31256336b741f0795b4fac3efd93b04dcba5,0,cities,negated,Latakia,entity_b05759c2a8e4dc72440e1dc1ca425a5e331fed90cc0ccbb25e4243da2c504111,train,outer_train,cities:842,,[],entity_b05759c2a8e4dc72440e1dc1ca425a5e331fed90cc0ccbb25e4243da2c504111,admitted,[],[],[],provisional,admitted,[],[],candidate_pending_review_not_production,admitted,,candidate_pending_review_not_production
neg_cities:43,neg_cities,43,44,data/tiu_datasets/neg_cities.csv,66c5c84de98ca15570138c205ab0e3907b57750083fac72a4eacafc3d9ebcea7,81ace97c162b2e88aba4f2ee6c176b4c6d289656ca8645e0f6e1e9d16076ce5a,"{""city"":""Tiruchirappalli"",""correct_country"":""India"",""country"":""Iraq"",""label"":""1"",""statement"":""The city of Tiruchirappalli is not in Iraq.""}",The city of Tiruchirappalli is not in Iraq.,4b70ce709cf6bb88dc4f57e85145c98e34409ad882a4484c8ccdedf3b0bd8c3c,1,cities,negated,Tiruchirappalli,entity_dc43751c2170a76891641beab419fa6c4b2f7063bdf6ae43cccd04312e6976db,train,outer_train,cities:43,,[],entity_dc43751c2170a76891641beab419fa6c4b2f7063bdf6ae43cccd04312e6976db,admitted,[],[],[],provisional,admitted,[],[],candidate_pending_review_not_production,admitted,,candidate_pending_review_not_production
neg_cities:496,neg_cities,496,497,data/tiu_datasets/neg_cities.csv,66c5c84de98ca15570138c205ab0e3907b57750083fac72a4eacafc3d9ebcea7,c4b6776aeab4cff209e72a93fd518d29f96481f0eddd78c45fcc4ab48cc7d1be,"{""city"":""Kisangani"",""correct_country"":""the Democratic Republic of the Congo"",""country"":""the Democratic Republic of the Congo"",""label"":""0"",""statement"":""The city of Kisangani is not in the Democratic Republic of the Congo.""}",The city of Kisangani is not in the Democratic Republic of the Congo.,bd9fa8e084ffab0f288cfe0091fd306e63c21997901d6569da07a3c1859f0e6b,0,cities,negated,Kisangani,entity_1f5ed3c03a6224342c49e94fdfab16a425c14b729c96581501cc07d3c49936b9,train,outer_train,cities:496,,[],entity_1f5ed3c03a6224342c49e94fdfab16a425c14b729c96581501cc07d3c49936b9,admitted,[],[],[],provisional,admitted,[],[],candidate_pending_review_not_production,admitted,,candidate_pending_review_not_production
neg_cities:46,neg_cities,46,47,data/tiu_datasets/neg_cities.csv,66c5c84de98ca15570138c205ab0e3907b57750083fac72a4eacafc3d9ebcea7,e26c0cf66f4f262727aed2220c707cb7e08977a5056cfbe8541f889b741e9502,"{""city"":""Sambhaji Nagar"",""correct_country"":""India"",""country"":""India"",""label"":""0"",""statement"":""The city of Sambhaji Nagar is not in India.""}",The city of Sambhaji Nagar is not in India.,3e0a749c1d187b604474c25de7946e840f5d27d7c7d9a2b4c3e2477096389225,0,cities,negated,Sambhaji Nagar,entity_fa383f5b8897294fc114206b0c0cf13dba60cfe3d2db70d7923bc2d3e0b5ecaa,train,outer_train,cities:46,,[],entity_fa383f5b8897294fc114206b0c0cf13dba60cfe3d2db70d7923bc2d3e0b5ecaa,admitted,[],[],[],provisional,admitted,[],[],candidate_pending_review_not_production,admitted,,candidate_pending_review_not_production
neg_cities:680,neg_cities,680,681,data/tiu_datasets/neg_cities.csv,66c5c84de98ca15570138c205ab0e3907b57750083fac72a4eacafc3d9ebcea7,02d2fba58f6a44bc5b161b93a443d9a598a1917daa06ddd4ec96210570d58bae,"{""city"":""Shenzhen"",""correct_country"":""China"",""country"":""China"",""label"":""0"",""statement"":""The city of Shenzhen is not in China.""}",The city of Shenzhen is not in China.,79273a7e639c63828d675a1bd72871fb818fbdb713d130571f3068333121dff1,0,cities,negated,Shenzhen,entity_7945a5e4c8cae33017def5b1a74186b2c9352c74b248fbce6ff6ee57adaa9101,train,outer_train,cities:680,,[],entity_7945a5e4c8cae33017def5b1a74186b2c9352c74b248fbce6ff6ee57adaa9101,admitted,[],[],[],provisional,admitted,[],[],candidate_pending_review_not_production,admitted,,candidate_pending_review_not_production
neg_cities:734,neg_cities,734,735,data/tiu_datasets/neg_cities.csv,66c5c84de98ca15570138c205ab0e3907b57750083fac72a4eacafc3d9ebcea7,fe72c65a97d5fb87b953ce323448957af503acaa5fedb912973a7871a4737999,"{""city"":""Multan"",""correct_country"":""Pakistan"",""country"":""Pakistan"",""label"":""0"",""statement"":""The city of Multan is not in Pakistan.""}",The city of Multan is not in Pakistan.,075b9bedc458f8bfc6e0deae35bbe4d155ee9425e75946f5c3278369ac9be8dc,0,cities,negated,Multan,entity_d7a732928cdb50f9629269fa3a06bfb4eb32f8cbccc74546bd4b86c5ffc45785,train,outer_train,cities:734,,[],entity_d7a732928cdb50f9629269fa3a06bfb4eb32f8cbccc74546bd4b86c5ffc45785,admitted,[],[],[],provisional,admitted,[],[],candidate_pending_review_not_production,admitted,,candidate_pending_review_not_production
neg_cities:1400,neg_cities,1400,1401,data/tiu_datasets/neg_cities.csv,66c5c84de98ca15570138c205ab0e3907b57750083fac72a4eacafc3d9ebcea7,f6a8c856a312eb60ea3a90fe133e4ae7414a51786bb326e129a4c0a5ce47126b,"{""city"":""Xingtai"",""correct_country"":""China"",""country"":""China"",""label"":""0"",""statement"":""The city of Xingtai is not in China.""}",The city of Xingtai is not in China.,62eab5f8fb548369eb97716abb2c6a1995263ad7677bcf5f86617eb10164cb28,0,cities,negated,Xingtai,entity_a4932e510d5d3826c2290c6188f9008f11d15a9990faead64324b400aa96434f,train,outer_train,cities:1400,,[],entity_a4932e510d5d3826c2290c6188f9008f11d15a9990faead64324b400aa96434f,admitted,[],[],[],provisional,admitted,[],[],candidate_pending_review_not_production,admitted,,candidate_pending_review_not_production
neg_cities:1443,neg_cities,1443,1444,data/tiu_datasets/neg_cities.csv,66c5c84de98ca15570138c205ab0e3907b57750083fac72a4eacafc3d9ebcea7,31ac237994b1c44d1bdb52de27502ab37412032bf997bbf4aa7dd22040822fa8,"{""city"":""Ha'il"",""correct_country"":""Saudi Arabia"",""country"":""China"",""label"":""1"",""statement"":""The city of Ha'il is not in China.""}",The city of Ha'il is not in China.,429ffe41112120b9d73224fa155f390e0b8ce24ff1ca9ea3f484c8eb5ee38c06,1,cities,negated,Ha'il,entity_9cb56bfe136e009eda6c571f7648b815a8c6d62ed753cf6556b309a4a470c8bc,train,outer_train,cities:1443,,[],entity_9cb56bfe136e009eda6c571f7648b815a8c6d62ed753cf6556b309a4a470c8bc,admitted,[],[],[],provisional,admitted,[],[],candidate_pending_review_not_production,admitted,,candidate_pending_review_not_production
neg_cities:1321,neg_cities,1321,1322,data/tiu_datasets/neg_cities.csv,66c5c84de98ca15570138c205ab0e3907b57750083fac72a4eacafc3d9ebcea7,92e4dcdde32b14f3fb9d36998bd84679b2ce0892daa742c9db61608708e22df2,"{""city"":""Ouagadougou"",""correct_country"":""Burkina Faso"",""country"":""China"",""label"":""1"",""statement"":""The city of Ouagadougou is not in China.""}",The city of Ouagadougou is not in China.,c2ec129a60e169cc960fe972188ecc88b3b95a362b3b4518c7e31188ec692c3c,1,cities,negated,Ouagadougou,entity_12a79dd1f969b55e3b03f55c09e2570bbc005d94231311b01569b1395bb1665e,train,outer_train,cities:1321,,[],entity_12a79dd1f969b55e3b03f55c09e2570bbc005d94231311b01569b1395bb1665e,admitted,[],[],[],provisional,admitted,[],[],candidate_pending_review_not_production,admitted,,candidate_pending_review_not_production
neg_cities:410,neg_cities,410,411,data/tiu_datasets/neg_cities.csv,66c5c84de98ca15570138c205ab0e3907b57750083fac72a4eacafc3d9ebcea7,a7453ea6f2c292e0feb3af5dc00b30c44937ee7bad6d8e2105a55ed0629f6962,"{""city"":""Peshawar"",""correct_country"":""Pakistan"",""country"":""Pakistan"",""label"":""0"",""statement"":""The city of Peshawar is not in Pakistan.""}",The city of Peshawar is not in Pakistan.,b85cbf92c912f2a98e6617433ae0676f82b769cb3a72a9c5ec26b4ab4a762753,0,cities,negated,Peshawar,entity_bf312d41ad78b08de7348d6572d2482e2c6924f2b95b100fd26b02fcaae30efa,train,outer_train,cities:410,,[],entity_bf312d41ad78b08de7348d6572d2482e2c6924f2b95b100fd26b02fcaae30efa,admitted,[],[],[],provisional,admitted,[],[],candidate_pending_review_not_production,admitted,,candidate_pending_review_not_production
neg_cities:1126,neg_cities,1126,1127,data/tiu_datasets/neg_cities.csv,66c5c84de98ca15570138c205ab0e3907b57750083fac72a4eacafc3d9ebcea7,ca9f9d6402ff994291b64a3ca88872fcba666e4d87209946eb94c75dc9909577,"{""city"":""Huizhou"",""correct_country"":""China"",""country"":""China"",""label"":""0"",""statement"":""The city of Huizhou is not in China.""}",The city of Huizhou is not in China.,569db2b041af3374650ab183d2e05b0a4959742100d7bc1014ac96ac9ab254e9,0,cities,negated,Huizhou,entity_3109af07d9877749fb17e829b710998253f8730fc8973f7e75ad38643a7d8c42,train,outer_train,cities:1126,,[],entity_3109af07d9877749fb17e829b710998253f8730fc8973f7e75ad38643a7d8c42,admitted,[],[],[],provisional,admitted,[],[],candidate_pending_review_not_production,admitted,,candidate_pending_review_not_production
neg_cities:1228,neg_cities,1228,1229,data/tiu_datasets/neg_cities.csv,66c5c84de98ca15570138c205ab0e3907b57750083fac72a4eacafc3d9ebcea7,5e93a126cf68bbd72007696f0f7e0a1755d8413c9885185fa1b437b5d215d7f5,"{""city"":""Indianapolis"",""correct_country"":""the United States"",""country"":""the United States"",""label"":""0"",""statement"":""The city of Indianapolis is not in the United States.""}",The city of Indianapolis is not in the United States.,b9042c8c8ca688d79be188d6ebe7387bdfdfa940a178c9847f56f3e4d8afc826,0,cities,negated,Indianapolis,entity_e1e660acf5c7f2f70bade568ba40326d8708ed3c08e1628977437cafcff6f421,train,outer_train,cities:1228,,[],entity_e1e660acf5c7f2f70bade568ba40326d8708ed3c08e1628977437cafcff6f421,admitted,[],[],[],provisional,admitted,[],[],candidate_pending_review_not_production,admitted,,candidate_pending_review_not_production
neg_cities:534,neg_cities,534,535,data/tiu_datasets/neg_cities.csv,66c5c84de98ca15570138c205ab0e3907b57750083fac72a4eacafc3d9ebcea7,136c4c1490fa2e6dc64b993ce5b1d9cc2e43e864194b2a86f77ae33892a1b878,"{""city"":""Goiania"",""correct_country"":""Brazil"",""country"":""Brazil"",""label"":""0"",""statement"":""The city of Goiania is not in Brazil.""}",The city of Goiania is not in Brazil.,ba3330197bb2b6d0e2d2b92957047dc5ed99fceb9819d59b554f3959667abc13,0,cities,negated,Goiania,entity_a0243ea2778e1374fd4598bfe31c4d4d9cdd74068957ca32ffa37032b4e7477f,train,outer_train,cities:534,,[],entity_a0243ea2778e1374fd4598bfe31c4d4d9cdd74068957ca32ffa37032b4e7477f,admitted,[],[],[],provisional,admitted,[],[],candidate_pending_review_not_production,admitted,,candidate_pending_review_not_production
sp_en_trans:54,sp_en_trans,54,55,data/tiu_datasets/sp_en_trans.csv,9afa97c1b8af539a05f47655a80a5c7832c6fdb914885fd24cb4bcccbe2795b5,3450b6d7b6dfd8046f86b4315eaef87cec02537e5cc3928d8399a061db6cb5e3,"{""label"":""0"",""statement"":""The Spanish word 'largo' means 'history'.""}",The Spanish word 'largo' means 'history'.,3fcb3709faed9a9ad74c0e54ad0163bf37cd5a9637b1a5d1e718db6b638011b8,0,sp_en_trans,affirmative,largo,entity_72e782b9a4ec265b9b58e990dd802cf1a3fb9ae5bf4216d5d86fc6efbd22fcc1,train,outer_train,neg_sp_en_trans:54,,[],entity_72e782b9a4ec265b9b58e990dd802cf1a3fb9ae5bf4216d5d86fc6efbd22fcc1,admitted,[],[],[],provisional,admitted,[],[],candidate_pending_review_not_production,admitted,,candidate_pending_review_not_production
sp_en_trans:56,sp_en_trans,56,57,data/tiu_datasets/sp_en_trans.csv,9afa97c1b8af539a05f47655a80a5c7832c6fdb914885fd24cb4bcccbe2795b5,d3cd10c4b4f9fd60f39b74ce2d4ceca99c8280f2cd3a2e41859e37e2aa5ce96a,"{""label"":""1"",""statement"":""The Spanish word 'cosa' means 'thing'.""}",The Spanish word 'cosa' means 'thing'.,157b11726c374380d24928fe1ec29ef9c03c4a77c3868f0b2cf8da004790ba3c,1,sp_en_trans,affirmative,cosa,entity_ee4f7143b8b85f1be38c688c442502e200fc2f6d829af031937308bb494c04ae,train,outer_train,neg_sp_en_trans:56,,[],entity_ee4f7143b8b85f1be38c688c442502e200fc2f6d829af031937308bb494c04ae,admitted,[],[],[],provisional,admitted,[],[],candidate_pending_review_not_production,admitted,,candidate_pending_review_not_production
sp_en_trans:53,sp_en_trans,53,54,data/tiu_datasets/sp_en_trans.csv,9afa97c1b8af539a05f47655a80a5c7832c6fdb914885fd24cb4bcccbe2795b5,8e7a8a1fb9d9329e0ca70aed48e8c9750aacc550c67268fd0ed30eeed2cad490,"{""label"":""1"",""statement"":""The Spanish word 'escribir' means 'to write'.""}",The Spanish word 'escribir' means 'to write'.,99dbc975dee45100bba21a51e9876040e8a9dd3c405087de3d57f75937b2ea7e,1,sp_en_trans,affirmative,escribir,entity_dbf6345373ea7cfc6751d26124ff2778919ef00519e7bb7a50d801070ef296aa,train,outer_train,neg_sp_en_trans:53,,[],entity_dbf6345373ea7cfc6751d26124ff2778919ef00519e7bb7a50d801070ef296aa,admitted,[],[],[],provisional,admitted,[],[],candidate_pending_review_not_production,admitted,,candidate_pending_review_not_production
sp_en_trans:120,sp_en_trans,120,121,data/tiu_datasets/sp_en_trans.csv,9afa97c1b8af539a05f47655a80a5c7832c6fdb914885fd24cb4bcccbe2795b5,a8db5d3f70e3762b728250a90ca6c5a4e3923fa249a8c2d36a569a0da51e8b49,"{""label"":""1"",""statement"":""The Spanish word 'familia' means 'family'.""}",The Spanish word 'familia' means 'family'.,31d894879110aa978a4be2a6c33ce640f92bb92b7bc04eb5453fd3d20eaa09f1,1,sp_en_trans,affirmative,familia,entity_66b8f618bc1c517c0e37e2f2be9505b84d16fd70dc8fd1b9ec9b9366bd64959a,train,outer_train,neg_sp_en_trans:120,,[],entity_66b8f618bc1c517c0e37e2f2be9505b84d16fd70dc8fd1b9ec9b9366bd64959a,admitted,[],[],[],provisional,admitted,[],[],candidate_pending_review_not_production,admitted,,candidate_pending_review_not_production
sp_en_trans:60,sp_en_trans,60,61,data/tiu_datasets/sp_en_trans.csv,9afa97c1b8af539a05f47655a80a5c7832c6fdb914885fd24cb4bcccbe2795b5,0a775224d994610aa48ef321499470bbe47f3b53f579b306bbcdbfd3f406bf91,"{""label"":""1"",""statement"":""The Spanish word 'persona' means 'person'.""}",The Spanish word 'persona' means 'person'.,8ba1ad832b2b0444167b160c641963c0d5582c1456c1e110fb7a6621da07d4fd,1,sp_en_trans,affirmative,persona,entity_ddfb6f2d8c0d820a60118049488ddc8af3e48488ee053892bbb4d936f9d0a307,train,outer_train,neg_sp_en_trans:60,,[],entity_ddfb6f2d8c0d820a60118049488ddc8af3e48488ee053892bbb4d936f9d0a307,admitted,[],[],[],provisional,admitted,[],[],candidate_pending_review_not_production,admitted,,candidate_pending_review_not_production
sp_en_trans:128,sp_en_trans,128,129,data/tiu_datasets/sp_en_trans.csv,9afa97c1b8af539a05f47655a80a5c7832c6fdb914885fd24cb4bcccbe2795b5,5bea0a053d8f324330f3fce3bc88e74b115dfe675b96f7fadee4b5edddd284f2,"{""label"":""1"",""statement"":""The Spanish word 'roca' means 'rock'.""}",The Spanish word 'roca' means 'rock'.,b48f7ab8f1c6a267bfe2f7ab1bbdc1d354497b7ae49b7b2b755f658acec45d69,1,sp_en_trans,affirmative,roca,entity_c1e48ab217e8b040c0f55f8e1639ee74f83390763f2966ad83ed3a27085a0259,train,outer_train,neg_sp_en_trans:128,,[],entity_c1e48ab217e8b040c0f55f8e1639ee74f83390763f2966ad83ed3a27085a0259,admitted,[],[],[],provisional,admitted,[],[],candidate_pending_review_not_production,admitted,,candidate_pending_review_not_production
sp_en_trans:270,sp_en_trans,270,271,data/tiu_datasets/sp_en_trans.csv,9afa97c1b8af539a05f47655a80a5c7832c6fdb914885fd24cb4bcccbe2795b5,b254a9cfd3ec91dfe842ec7ae83fd50265af2f5d61ccf719f3ae32227f6e357c,"{""label"":""1"",""statement"":""The Spanish word 'hueso' means 'bone'.""}",The Spanish word 'hueso' means 'bone'.,0a329ec691d7ff205422ee6f4913bcfc4184c1bd58f2a74cd557234e47d38813,1,sp_en_trans,affirmative,hueso,entity_68e8db43bf8e968028a1330b916dd3f01ab6d8df57d81961c5a43e905901708d,train,outer_train,neg_sp_en_trans:270,,[],entity_68e8db43bf8e968028a1330b916dd3f01ab6d8df57d81961c5a43e905901708d,admitted,[],[],[],provisional,admitted,[],[],candidate_pending_review_not_production,admitted,,candidate_pending_review_not_production
sp_en_trans:65,sp_en_trans,65,66,data/tiu_datasets/sp_en_trans.csv,9afa97c1b8af539a05f47655a80a5c7832c6fdb914885fd24cb4bcccbe2795b5,1797ab0d10a452e71925d50eef07d7d0726c81c987989be64471f4491d652a30,"{""label"":""1"",""statement"":""The Spanish word 'ahora' means 'now'.""}",The Spanish word 'ahora' means 'now'.,cf6d5659f148be125f9afb3496a4ae4026d009d3a42e62da2bed4168c4078e04,1,sp_en_trans,affirmative,ahora,entity_9e995c8d03844882706c9a86caaa88c2eb8a9c1c1f27cd11ae506becc037f465,train,outer_train,neg_sp_en_trans:65,,[],entity_9e995c8d03844882706c9a86caaa88c2eb8a9c1c1f27cd11ae506becc037f465,admitted,[],[],[],provisional,admitted,[],[],candidate_pending_review_not_production,admitted,,candidate_pending_review_not_production
sp_en_trans:77,sp_en_trans,77,78,data/tiu_datasets/sp_en_trans.csv,9afa97c1b8af539a05f47655a80a5c7832c6fdb914885fd24cb4bcccbe2795b5,2bbe4867dcd04f2321770ecba0e1ba75bad80517293bb2f1e652146339127206,"{""label"":""1"",""statement"":""The Spanish word 'ciudad' means 'city'.""}",The Spanish word 'ciudad' means 'city'.,a7a3514c4a481f6a73db64a5035815c6cfbcf46ab7b35683168f4344d2e75471,1,sp_en_trans,affirmative,ciudad,entity_e95522b64ab49dd7816cf3c59f842e84e08c8f2a71d13e3fb0a2b3df2faa56f0,train,outer_train,neg_sp_en_trans:77,,[],entity_e95522b64ab49dd7816cf3c59f842e84e08c8f2a71d13e3fb0a2b3df2faa56f0,admitted,[],[],[],provisional,admitted,[],[],candidate_pending_review_not_production,admitted,,candidate_pending_review_not_production
sp_en_trans:64,sp_en_trans,64,65,data/tiu_datasets/sp_en_trans.csv,9afa97c1b8af539a05f47655a80a5c7832c6fdb914885fd24cb4bcccbe2795b5,f6c57379bb6285d8361d8bf0b3eb9e3b7eaaef610532ac1eed7c7102a3f41498,"{""label"":""0"",""statement"":""The Spanish word 'lado' means 'equal'.""}",The Spanish word 'lado' means 'equal'.,0b0aa97f56444f49432c970d90f5bd3573554d506ee05d3993b7b231975cd818,0,sp_en_trans,affirmative,lado,entity_8bbe35e94663c33fcd2abc5498fd1e47bd9d1db1bad9f26796a77c1ae3725fb7,train,outer_train,neg_sp_en_trans:64,,[],entity_8bbe35e94663c33fcd2abc5498fd1e47bd9d1db1bad9f26796a77c1ae3725fb7,admitted,[],[],[],provisional,admitted,[],[],candidate_pending_review_not_production,admitted,,candidate_pending_review_not_production
sp_en_trans:324,sp_en_trans,324,325,data/tiu_datasets/sp_en_trans.csv,9afa97c1b8af539a05f47655a80a5c7832c6fdb914885fd24cb4bcccbe2795b5,25fb43f22552fac9f8405472ee163dccd8aae391ccd0adf4d2bba94d11497193,"{""label"":""0"",""statement"":""The Spanish word 'sal' means 'horse'.""}",The Spanish word 'sal' means 'horse'.,e943eba74d3f555f6077c61efbe60d31050ca09d31254fe54dd93cfc903942fc,0,sp_en_trans,affirmative,sal,entity_d09a7a93ab4e8c6cfa8d61b892ec8fb0f267137f8e3987d5b2d3226d043b052b,train,outer_train,neg_sp_en_trans:324,,[],entity_d09a7a93ab4e8c6cfa8d61b892ec8fb0f267137f8e3987d5b2d3226d043b052b,admitted,[],[],[],provisional,admitted,[],[],candidate_pending_review_not_production,admitted,,candidate_pending_review_not_production
sp_en_trans:191,sp_en_trans,191,192,data/tiu_datasets/sp_en_trans.csv,9afa97c1b8af539a05f47655a80a5c7832c6fdb914885fd24cb4bcccbe2795b5,d8ecbaf82085096c5156b139a0a9acb915c2757df1e3a4a53541099d536067e1,"{""label"":""1"",""statement"":""The Spanish word 'presente' means 'present'.""}",The Spanish word 'presente' means 'present'.,5ea8446c7347d813d454383b5b9a26306740d565511bf2536f026348f6ac3238,1,sp_en_trans,affirmative,presente,entity_4f9058348028112b928424202ccd4b1322f785ace9cceccc333c535423435e90,train,outer_train,neg_sp_en_trans:191,,[],entity_4f9058348028112b928424202ccd4b1322f785ace9cceccc333c535423435e90,admitted,[],[],[],provisional,admitted,[],[],candidate_pending_review_not_production,admitted,,candidate_pending_review_not_production
sp_en_trans:234,sp_en_trans,234,235,data/tiu_datasets/sp_en_trans.csv,9afa97c1b8af539a05f47655a80a5c7832c6fdb914885fd24cb4bcccbe2795b5,58931bb0400972d9ae4e84d948b871f761231ac3e35fdc7eabb3198c52f74437,"{""label"":""0"",""statement"":""The Spanish word 'clave' means 'rose'.""}",The Spanish word 'clave' means 'rose'.,5fd15248d51042287694469c77b24e3b7c45f66ab3e452255cd722325e27d59a,0,sp_en_trans,affirmative,clave,entity_1651443fcf831d1230fd4d3fbfe0ee58b93cfeb9e330e7879f413272009d6b86,train,outer_train,neg_sp_en_trans:234,,[],entity_1651443fcf831d1230fd4d3fbfe0ee58b93cfeb9e330e7879f413272009d6b86,admitted,[],[],[],provisional,admitted,[],[],candidate_pending_review_not_production,admitted,,candidate_pending_review_not_production
sp_en_trans:73,sp_en_trans,73,74,data/tiu_datasets/sp_en_trans.csv,9afa97c1b8af539a05f47655a80a5c7832c6fdb914885fd24cb4bcccbe2795b5,9c1f078a7a9b07ff186d6eff49f5dd2fed386e5c82e31416c72812ffb6bd6545,"{""label"":""1"",""statement"":""The Spanish word 'sol' means 'sun'.""}",The Spanish word 'sol' means 'sun'.,a4a1f147a15927814755fbf02ac3e7acb78c9dba70f8560a32b5233a88c7411d,1,sp_en_trans,affirmative,sol,entity_44093dce1f480a642732300c4e2c9a637525e4cb7860ddcadae586a549d13ff3,train,outer_train,neg_sp_en_trans:73,,[],entity_44093dce1f480a642732300c4e2c9a637525e4cb7860ddcadae586a549d13ff3,admitted,[],[],[],provisional,admitted,[],[],candidate_pending_review_not_production,admitted,,candidate_pending_review_not_production
sp_en_trans:173,sp_en_trans,173,174,data/tiu_datasets/sp_en_trans.csv,9afa97c1b8af539a05f47655a80a5c7832c6fdb914885fd24cb4bcccbe2795b5,0fb0b697e9ae05b3e98dd8cdf56a3290ea852296166d09e761bf7e86347b2953,"{""label"":""1"",""statement"":""The Spanish word 'suelo' means 'ground'.""}",The Spanish word 'suelo' means 'ground'.,b64485586b7a95fed25a3a655ec928813a35c335214ab51d65fc4ab3ed2c48fa,1,sp_en_trans,affirmative,suelo,entity_3ddaa8a7982b03dc6245ad7fbdf4d0b16bafa100fba970afbe919cd06cb5f221,train,outer_train,neg_sp_en_trans:173,,[],entity_3ddaa8a7982b03dc6245ad7fbdf4d0b16bafa100fba970afbe919cd06cb5f221,admitted,[],[],[],provisional,admitted,[],[],candidate_pending_review_not_production,admitted,,candidate_pending_review_not_production
sp_en_trans:338,sp_en_trans,338,339,data/tiu_datasets/sp_en_trans.csv,9afa97c1b8af539a05f47655a80a5c7832c6fdb914885fd24cb4bcccbe2795b5,1824d09424f6334432ff2e8d70cdb792c1c770303ebda9e2f14a08e926e03db8,"{""label"":""1"",""statement"":""The Spanish word 'rana' means 'frog'.""}",The Spanish word 'rana' means 'frog'.,96506606e598d86bcdb778b40c038a877a941450a040fb1cf88e7fa80d172ba9,1,sp_en_trans,affirmative,rana,entity_3874f4f3505a19a05e0bc0a8e79f769416dfa803047cdf316a5f7caefa2cf61a,train,outer_train,neg_sp_en_trans:338,,[],entity_3874f4f3505a19a05e0bc0a8e79f769416dfa803047cdf316a5f7caefa2cf61a,admitted,[],[],[],provisional,admitted,[],[],candidate_pending_review_not_production,admitted,,candidate_pending_review_not_production
sp_en_trans:30,sp_en_trans,30,31,data/tiu_datasets/sp_en_trans.csv,9afa97c1b8af539a05f47655a80a5c7832c6fdb914885fd24cb4bcccbe2795b5,6b0924292d8f5348afc11d5239f46b51bfdbbb69f767e4f4f277e5f73e55e8e0,"{""label"":""0"",""statement"":""The Spanish word 'mundo' means 'zebra'.""}",The Spanish word 'mundo' means 'zebra'.,b98bb136a39eeb4d8918c5c2e7ba8fe630a0984c39ca7226d54cca4b91ff1ba5,0,sp_en_trans,affirmative,mundo,entity_c0428ff69ea2ed8c7a0b30e5257f8649c70d6673212c0891443eb24950c3cf75,train,outer_train,neg_sp_en_trans:30,,[],entity_c0428ff69ea2ed8c7a0b30e5257f8649c70d6673212c0891443eb24950c3cf75,admitted,[],[],[],provisional,admitted,[],[],candidate_pending_review_not_production,admitted,,candidate_pending_review_not_production
sp_en_trans:94,sp_en_trans,94,95,data/tiu_datasets/sp_en_trans.csv,9afa97c1b8af539a05f47655a80a5c7832c6fdb914885fd24cb4bcccbe2795b5,0f76bc91e2136fa17ff9e2f11b45b3b6dd7fbcd32243178b49f74461d2eeba78,"{""label"":""0"",""statement"":""The Spanish word 'escuchar' means 'market'.""}",The Spanish word 'escuchar' means 'market'.,c5f67fccfbd0ec82d6210ac2894c37fdd4b72ece8d470489002a3f96fb798e26,0,sp_en_trans,affirmative,escuchar,entity_52a1a015507569faf7f16063256c28c07b7ca279f320be7d1ffb8275fb98cf5c,train,outer_train,neg_sp_en_trans:94,,[],entity_52a1a015507569faf7f16063256c28c07b7ca279f320be7d1ffb8275fb98cf5c,admitted,[],[],[],provisional,admitted,[],[],candidate_pending_review_not_production,admitted,,candidate_pending_review_not_production
sp_en_trans:235,sp_en_trans,235,236,data/tiu_datasets/sp_en_trans.csv,9afa97c1b8af539a05f47655a80a5c7832c6fdb914885fd24cb4bcccbe2795b5,266bfafe248bd8a15724050c27f64311d190f65600f68e09fd5721b109ccb4c0,"{""label"":""1"",""statement"":""The Spanish word 'hierro' means 'iron'.""}",The Spanish word 'hierro' means 'iron'.,cdfda8474bf0f9e2f7654d1a8290894e077880afe124b74912aa6cff8c90db2e,1,sp_en_trans,affirmative,hierro,entity_ba8b34056856927617cca817aa6f6a67a18d3a8e5153f9e615da7728ee9b701f,train,outer_train,neg_sp_en_trans:235,,[],entity_ba8b34056856927617cca817aa6f6a67a18d3a8e5153f9e615da7728ee9b701f,admitted,[],[],[],provisional,admitted,[],[],candidate_pending_review_not_production,admitted,,candidate_pending_review_not_production
sp_en_trans:43,sp_en_trans,43,44,data/tiu_datasets/sp_en_trans.csv,9afa97c1b8af539a05f47655a80a5c7832c6fdb914885fd24cb4bcccbe2795b5,e06f5e78875d2f327b410d7aaf670752acc50c2ef93c1d2501f3ceafdcf5c3fc,"{""label"":""1"",""statement"":""The Spanish word 'pensar' means 'to think'.""}",The Spanish word 'pensar' means 'to think'.,231db30ae21cd6d99429fcfeb300cae6dcf111675993ce8fe3d56749383efaf9,1,sp_en_trans,affirmative,pensar,entity_1d3779c42128af98eba8859773bddecbdae953a10ca1ce3963df19466aa5abfa,train,outer_train,neg_sp_en_trans:43,,[],entity_1d3779c42128af98eba8859773bddecbdae953a10ca1ce3963df19466aa5abfa,admitted,[],[],[],provisional,admitted,[],[],candidate_pending_review_not_production,admitted,,candidate_pending_review_not_production
sp_en_trans:125,sp_en_trans,125,126,data/tiu_datasets/sp_en_trans.csv,9afa97c1b8af539a05f47655a80a5c7832c6fdb914885fd24cb4bcccbe2795b5,6e24adf672231af1a8fb8ddb1b48dba9997c459ce708e49cf4163ae18426fda1,"{""label"":""1"",""statement"":""The Spanish word 'clase' means 'class'.""}",The Spanish word 'clase' means 'class'.,fa731c8ff69a10c93e79962270d41e343e0a81fee6de60dd34676bfe1e1b9311,1,sp_en_trans,affirmative,clase,entity_91edf1252d810ebe362176d3a1e27f41b58019c84ddfb1cff0ea7aeeaad540e7,train,outer_train,neg_sp_en_trans:125,,[],entity_91edf1252d810ebe362176d3a1e27f41b58019c84ddfb1cff0ea7aeeaad540e7,admitted,[],[],[],provisional,admitted,[],[],candidate_pending_review_not_production,admitted,,candidate_pending_review_not_production
sp_en_trans:291,sp_en_trans,291,292,data/tiu_datasets/sp_en_trans.csv,9afa97c1b8af539a05f47655a80a5c7832c6fdb914885fd24cb4bcccbe2795b5,2a4d5f4b6b22c14ad9e31f7312b318cdb8e9e2705efb6063fae6d6e112144a17,"{""label"":""1"",""statement"":""The Spanish word 'oferta' means 'offer'.""}",The Spanish word 'oferta' means 'offer'.,ecd223f998c3df3cdb3d5455928244f27524c213020107a6e5878500d09f8593,1,sp_en_trans,affirmative,oferta,entity_edf3a2c5e440bb61a97511b1f110a446089ac2b46265b8d224e9656130ef9e36,train,outer_train,neg_sp_en_trans:291,,[],entity_edf3a2c5e440bb61a97511b1f110a446089ac2b46265b8d224e9656130ef9e36,admitted,[],[],[],provisional,admitted,[],[],candidate_pending_review_not_production,admitted,,candidate_pending_review_not_production
sp_en_trans:218,sp_en_trans,218,219,data/tiu_datasets/sp_en_trans.csv,9afa97c1b8af539a05f47655a80a5c7832c6fdb914885fd24cb4bcccbe2795b5,b4df92ca371b0f68b1a840f4c29fb0f16ca1a3c263c7fdb9d9281e7b5dfa4e91,"{""label"":""0"",""statement"":""The Spanish word 'igual' means 'to imagine'.""}",The Spanish word 'igual' means 'to imagine'.,ded3dae9e8216f6c99c6c9f89672abbc41fcf08d4024d673dded9d0de5af9332,0,sp_en_trans,affirmative,igual,entity_7f487139f23ff98ee83111a6e8a77c66d98f360fdd1609aec257eadb28000cf3,train,outer_train,neg_sp_en_trans:218,,[],entity_7f487139f23ff98ee83111a6e8a77c66d98f360fdd1609aec257eadb28000cf3,admitted,[],[],[],provisional,admitted,[],[],candidate_pending_review_not_production,admitted,,candidate_pending_review_not_production
sp_en_trans:194,sp_en_trans,194,195,data/tiu_datasets/sp_en_trans.csv,9afa97c1b8af539a05f47655a80a5c7832c6fdb914885fd24cb4bcccbe2795b5,cc035cc331c81a133dd7285a8f4730cf8dcb5afb82645573559b80c2a0a629f2,"{""label"":""0"",""statement"":""The Spanish word 'ventana' means 'half'.""}",The Spanish word 'ventana' means 'half'.,09450b6979b744a05263f3c9d35e60225f92cdae15d6b41c7834b224dce5f096,0,sp_en_trans,affirmative,ventana,entity_0ba5674a48e9ae88f3e8aa5e46d51f2e9308e593a256606e89f2dabfce781bb4,train,outer_train,neg_sp_en_trans:194,,[],entity_0ba5674a48e9ae88f3e8aa5e46d51f2e9308e593a256606e89f2dabfce781bb4,admitted,[],[],[],provisional,admitted,[],[],candidate_pending_review_not_production,admitted,,candidate_pending_review_not_production
sp_en_trans:327,sp_en_trans,327,328,data/tiu_datasets/sp_en_trans.csv,9afa97c1b8af539a05f47655a80a5c7832c6fdb914885fd24cb4bcccbe2795b5,407084185d63ef65608f178d2fc28df40fb1f41c530c01dde533753c8095ebc8,"{""label"":""0"",""statement"":""The Spanish word 'cabra' means 'money'.""}",The Spanish word 'cabra' means 'money'.,91d002bd8a119c42aa352267a7cd959ee654e87200f1c1d5f69e1022f3799946,0,sp_en_trans,affirmative,cabra,entity_a7bb8692ab44359d0f722bb79d4eff6dd636b7f219e1bb04b0f07c8c8f18a711,train,outer_train,neg_sp_en_trans:327,,[],entity_a7bb8692ab44359d0f722bb79d4eff6dd636b7f219e1bb04b0f07c8c8f18a711,admitted,[],[],[],provisional,admitted,[],[],candidate_pending_review_not_production,admitted,,candidate_pending_review_not_production
sp_en_trans:0,sp_en_trans,0,1,data/tiu_datasets/sp_en_trans.csv,9afa97c1b8af539a05f47655a80a5c7832c6fdb914885fd24cb4bcccbe2795b5,f7eb74717167f443d09819170bf44938e549294004d11af596c1c34dd0e34aee,"{""label"":""0"",""statement"":""The Spanish word 'con' means 'to speak'.""}",The Spanish word 'con' means 'to speak'.,421d6c26aa6df20fcb77b1047e717868591d60e8e55e712ff593a57b5fd057fa,0,sp_en_trans,affirmative,con,entity_a1f85c94704d91d59dbc15b958049b3b51687ad0a374191264444aa632758f5c,train,outer_train,neg_sp_en_trans:0,,[],entity_a1f85c94704d91d59dbc15b958049b3b51687ad0a374191264444aa632758f5c,admitted,[],[],[],provisional,admitted,[],[],candidate_pending_review_not_production,admitted,,candidate_pending_review_not_production
sp_en_trans:342,sp_en_trans,342,343,data/tiu_datasets/sp_en_trans.csv,9afa97c1b8af539a05f47655a80a5c7832c6fdb914885fd24cb4bcccbe2795b5,6ace976bc27a54b385455f4f22b7be1e064f817aa62ceb23aa9db3dbfe6ec6dc,"{""label"":""0"",""statement"":""The Spanish word 'pulpo' means 'slow'.""}",The Spanish word 'pulpo' means 'slow'.,0b5ecaa7f20456bf20584fcd74befed8702ccaa06767d3860249476c56b9ed24,0,sp_en_trans,affirmative,pulpo,entity_e35b10a8f9aad38cb83f942b8b899c70f755fe653cfde3cefc6c3b69e2ce08b6,train,outer_train,neg_sp_en_trans:342,,[],entity_e35b10a8f9aad38cb83f942b8b899c70f755fe653cfde3cefc6c3b69e2ce08b6,admitted,[],[],[],provisional,admitted,[],[],candidate_pending_review_not_production,admitted,,candidate_pending_review_not_production
sp_en_trans:180,sp_en_trans,180,181,data/tiu_datasets/sp_en_trans.csv,9afa97c1b8af539a05f47655a80a5c7832c6fdb914885fd24cb4bcccbe2795b5,f007afa86f2d2afbdebd538ef844b1a79bf3bf76ed2dce4aa9d8050e8d1b3c4c,"{""label"":""0"",""statement"":""The Spanish word 'amar' means 'teeth'.""}",The Spanish word 'amar' means 'teeth'.,9644b97280eb880f513c4241a9622a4de39ac4333db5ecd62b2844dd8d7b96a3,0,sp_en_trans,affirmative,amar,entity_72a1a81bef35e3dda053189267ad17b7dd54ae3f1a37b35e715aeedbffbb305f,train,outer_train,neg_sp_en_trans:180,,[],entity_72a1a81bef35e3dda053189267ad17b7dd54ae3f1a37b35e715aeedbffbb305f,admitted,[],[],[],provisional,admitted,[],[],candidate_pending_review_not_production,admitted,,candidate_pending_review_not_production
sp_en_trans:26,sp_en_trans,26,27,data/tiu_datasets/sp_en_trans.csv,9afa97c1b8af539a05f47655a80a5c7832c6fdb914885fd24cb4bcccbe2795b5,b5d6af0ea75882d9955a86f3b999c57926309e6413ec7a79b60ae7a9688787c8,"{""label"":""0"",""statement"":""The Spanish word 'preguntar' means 'to describe'.""}",The Spanish word 'preguntar' means 'to describe'.,6bb11dbc07233e88e3b51b8486638eeddac2bfbcab38e8dad985da85d0b52735,0,sp_en_trans,affirmative,preguntar,entity_6433a41bc74cd0f9acbe41ffa55c0e7be831c3854b44e001339c9a41d7528a2d,train,outer_train,neg_sp_en_trans:26,,[],entity_6433a41bc74cd0f9acbe41ffa55c0e7be831c3854b44e001339c9a41d7528a2d,admitted,[],[],[],provisional,admitted,[],[],candidate_pending_review_not_production,admitted,,candidate_pending_review_not_production
sp_en_trans:328,sp_en_trans,328,329,data/tiu_datasets/sp_en_trans.csv,9afa97c1b8af539a05f47655a80a5c7832c6fdb914885fd24cb4bcccbe2795b5,03993c15329a64f324e41d643e1574abbed22d567a423d1e4d79a195c8185dc6,"{""label"":""0"",""statement"":""The Spanish word 'cordero' means 'fat'.""}",The Spanish word 'cordero' means 'fat'.,2cb26a16ac933971f31049968fd1bcb3a5aba71e0d7c552d71030e731774ab55,0,sp_en_trans,affirmative,cordero,entity_0c7d0d005684451a6d1437b5eef4d904508e1dc2b82aac2216002ba28eb24f17,train,outer_train,neg_sp_en_trans:328,,[],entity_0c7d0d005684451a6d1437b5eef4d904508e1dc2b82aac2216002ba28eb24f17,admitted,[],[],[],provisional,admitted,[],[],candidate_pending_review_not_production,admitted,,candidate_pending_review_not_production
sp_en_trans:301,sp_en_trans,301,302,data/tiu_datasets/sp_en_trans.csv,9afa97c1b8af539a05f47655a80a5c7832c6fdb914885fd24cb4bcccbe2795b5,9df1a45bd037ae2b55137d106031d83cbd9c6d7f99280e21b23c91d678c930dc,"{""label"":""0"",""statement"":""The Spanish word 'temporada' means 'insect'.""}",The Spanish word 'temporada' means 'insect'.,abf4ae14123945e39900e78ec9ac3b9ec0fec3ca89024eaf636f4316434fbf19,0,sp_en_trans,affirmative,temporada,entity_5726f25949bec40dafb95a4b50dae3605d144692c69a197f8eac2ac1ac057768,train,outer_train,neg_sp_en_trans:301,,[],entity_5726f25949bec40dafb95a4b50dae3605d144692c69a197f8eac2ac1ac057768,admitted,[],[],[],provisional,admitted,[],[],candidate_pending_review_not_production,admitted,,candidate_pending_review_not_production
sp_en_trans:154,sp_en_trans,154,155,data/tiu_datasets/sp_en_trans.csv,9afa97c1b8af539a05f47655a80a5c7832c6fdb914885fd24cb4bcccbe2795b5,40e65768417e942094c2c12e80a0c38d7d720b8f4e332f85e5b48da124c3226e,"{""label"":""0"",""statement"":""The Spanish word 'calor' means 'dry'.""}",The Spanish word 'calor' means 'dry'.,afe29f2545c67f26258dfdd7646a6f3d6c1d464d87af0b4edb2519d4c72b3eca,0,sp_en_trans,affirmative,calor,entity_90411a9ea6f99997fdb812b44b54b8cbf768b3d4c6cb5baf3567433285bceb2d,train,outer_train,neg_sp_en_trans:154,,[],entity_90411a9ea6f99997fdb812b44b54b8cbf768b3d4c6cb5baf3567433285bceb2d,admitted,[],[],[],provisional,admitted,[],[],candidate_pending_review_not_production,admitted,,candidate_pending_review_not_production
sp_en_trans:38,sp_en_trans,38,39,data/tiu_datasets/sp_en_trans.csv,9afa97c1b8af539a05f47655a80a5c7832c6fdb914885fd24cb4bcccbe2795b5,395e213f77c960b539669bc7894e2c928ad06885471d6ed6750cea0f048e93ae,"{""label"":""1"",""statement"":""The Spanish word 'espalda' means 'back'.""}",The Spanish word 'espalda' means 'back'.,2344f00fa8f845f9497d81e0d4c694b4a94ac1b834c78ead24327d8f7d7be634,1,sp_en_trans,affirmative,espalda,entity_718355cfbdd98ea6806604afb4fce60f93443f2c365e1692acc03fa18c470448,train,outer_train,neg_sp_en_trans:38,,[],entity_718355cfbdd98ea6806604afb4fce60f93443f2c365e1692acc03fa18c470448,admitted,[],[],[],provisional,admitted,[],[],candidate_pending_review_not_production,admitted,,candidate_pending_review_not_production
sp_en_trans:333,sp_en_trans,333,334,data/tiu_datasets/sp_en_trans.csv,9afa97c1b8af539a05f47655a80a5c7832c6fdb914885fd24cb4bcccbe2795b5,9b2fbd17b39956afd733741f951eba6c0850ab3e15b8afa87d4b1eaf660a9b23,"{""label"":""1"",""statement"":""The Spanish word 'toro' means 'bull'.""}",The Spanish word 'toro' means 'bull'.,daf75f7bde125244d194414aa064f390d4060c64db8ab4605cc592ac44486d1e,1,sp_en_trans,affirmative,toro,entity_82acb7d308bff06352ccfa2113d5b5eeaf6e761ca4406d357a3b889dcad56b06,train,outer_train,neg_sp_en_trans:333,,[],entity_82acb7d308bff06352ccfa2113d5b5eeaf6e761ca4406d357a3b889dcad56b06,admitted,[],[],[],provisional,admitted,[],[],candidate_pending_review_not_production,admitted,,candidate_pending_review_not_production
sp_en_trans:74,sp_en_trans,74,75,data/tiu_datasets/sp_en_trans.csv,9afa97c1b8af539a05f47655a80a5c7832c6fdb914885fd24cb4bcccbe2795b5,3d17623ce8d0ea7bdd5d354190300f550223a00d43d0928f3c6c18a54f57cbeb,"{""label"":""0"",""statement"":""The Spanish word 'cuatro' means 'to imagine'.""}",The Spanish word 'cuatro' means 'to imagine'.,4973ebf41e61c9a18e879653989bc417189a6e0e3ad4bbd07ade0a436d4363c8,0,sp_en_trans,affirmative,cuatro,entity_66677d78ea058142fdc080a7c898aa76ec31ff6802a1482cf0e5d8319057d3a1,train,outer_train,neg_sp_en_trans:74,,[],entity_66677d78ea058142fdc080a7c898aa76ec31ff6802a1482cf0e5d8319057d3a1,admitted,[],[],[],provisional,admitted,[],[],candidate_pending_review_not_production,admitted,,candidate_pending_review_not_production
sp_en_trans:114,sp_en_trans,114,115,data/tiu_datasets/sp_en_trans.csv,9afa97c1b8af539a05f47655a80a5c7832c6fdb914885fd24cb4bcccbe2795b5,4f043d31a41ef3e3477630286d89e770c8902acc57d3c31771e2db8443576d25,"{""label"":""1"",""statement"":""The Spanish word 'rojo' means 'red'.""}",The Spanish word 'rojo' means 'red'.,fff4d0407b9af03dc90a667346d3b77f99d31442d4b1e2bb998b39e65db9948a,1,sp_en_trans,affirmative,rojo,entity_40138bf903ccf281d7aa33f1b3f75b4a8d323b7858d1cd26b43198496b00b50c,train,outer_train,neg_sp_en_trans:114,,[],entity_40138bf903ccf281d7aa33f1b3f75b4a8d323b7858d1cd26b43198496b00b50c,admitted,[],[],[],provisional,admitted,[],[],candidate_pending_review_not_production,admitted,,candidate_pending_review_not_production
sp_en_trans:221,sp_en_trans,221,222,data/tiu_datasets/sp_en_trans.csv,9afa97c1b8af539a05f47655a80a5c7832c6fdb914885fd24cb4bcccbe2795b5,5c73885c324f3f4acdb8adc001e6ce5bbd77db61e3119d98f0173b7a0c2b75fa,"{""label"":""0"",""statement"":""The Spanish word 'matar' means 'bread'.""}",The Spanish word 'matar' means 'bread'.,939d3a97eee05f299f89c4a5b451eba3746c6e8c04d92b7c5b0b767be1749721,0,sp_en_trans,affirmative,matar,entity_01fcd902f1e683a46456004a85e8e7807323fc5b521dda89b6909fdbcc1723e7,train,outer_train,neg_sp_en_trans:221,,[],entity_01fcd902f1e683a46456004a85e8e7807323fc5b521dda89b6909fdbcc1723e7,admitted,[],[],[],provisional,admitted,[],[],candidate_pending_review_not_production,admitted,,candidate_pending_review_not_production
sp_en_trans:7,sp_en_trans,7,8,data/tiu_datasets/sp_en_trans.csv,9afa97c1b8af539a05f47655a80a5c7832c6fdb914885fd24cb4bcccbe2795b5,df45e4360ff28bcc260b10646d2cc3bec6f4a861f8342e2b7f6d8250d67c684b,"{""label"":""0"",""statement"":""The Spanish word 'de' means 'now'.""}",The Spanish word 'de' means 'now'.,25b079dd612335be698d5fa176bf9e03399d1611b5d6f848f1a07d1761c50fc7,0,sp_en_trans,affirmative,de,entity_d87bd6d64fb56f4dbfe328cc18fe2c2656d62450ce1e5cb7380030f191b12967,train,outer_train,neg_sp_en_trans:7,,[],entity_d87bd6d64fb56f4dbfe328cc18fe2c2656d62450ce1e5cb7380030f191b12967,admitted,[],[],[],provisional,admitted,[],[],candidate_pending_review_not_production,admitted,,candidate_pending_review_not_production
sp_en_trans:258,sp_en_trans,258,259,data/tiu_datasets/sp_en_trans.csv,9afa97c1b8af539a05f47655a80a5c7832c6fdb914885fd24cb4bcccbe2795b5,7f8501bc0c51db30f52d112bb24aeebb091333aef2244db6ef6a503896a3ddd4,"{""label"":""0"",""statement"":""The Spanish word 'luchar' means 'heat'.""}",The Spanish word 'luchar' means 'heat'.,742a4d0bc0a650fc6b4aaf7d2cef27a1fac8c40dbbeba7cdb5b043cce29d3f3d,0,sp_en_trans,affirmative,luchar,entity_9f4ff34b17508938cf213eb81e15ff468a3b90073f2a55aae27205ebf8314740,train,outer_train,neg_sp_en_trans:258,,[],entity_9f4ff34b17508938cf213eb81e15ff468a3b90073f2a55aae27205ebf8314740,admitted,[],[],[],provisional,admitted,[],[],candidate_pending_review_not_production,admitted,,candidate_pending_review_not_production
sp_en_trans:299,sp_en_trans,299,300,data/tiu_datasets/sp_en_trans.csv,9afa97c1b8af539a05f47655a80a5c7832c6fdb914885fd24cb4bcccbe2795b5,e970f12edd3f97682d4552db81d458585cb0729dbc8cf53f5a6d983334ae8f69,"{""label"":""1"",""statement"":""The Spanish word 'concha' means 'shell'.""}",The Spanish word 'concha' means 'shell'.,a9df11774606b3551a88134956522e9f689f26bb3eb11b1fc37215438da1351b,1,sp_en_trans,affirmative,concha,entity_8483f6916a45f66de2330038f86ef35aae1b8fa1ef16ea928dbb5b21fc56f8ee,train,outer_train,neg_sp_en_trans:299,,[],entity_8483f6916a45f66de2330038f86ef35aae1b8fa1ef16ea928dbb5b21fc56f8ee,admitted,[],[],[],provisional,admitted,[],[],candidate_pending_review_not_production,admitted,,candidate_pending_review_not_production
sp_en_trans:259,sp_en_trans,259,260,data/tiu_datasets/sp_en_trans.csv,9afa97c1b8af539a05f47655a80a5c7832c6fdb914885fd24cb4bcccbe2795b5,82e2eb0abfa773efcaf986437023b53319ddea02f2dabd0375f6da7313e205da,"{""label"":""0"",""statement"":""The Spanish word 'silla' means 'neighbor'.""}",The Spanish word 'silla' means 'neighbor'.,c6882e60c316d387885ac95657b78e98ce9c21bf62b212a9463dd7082a7fb5b5,0,sp_en_trans,affirmative,silla,entity_ff2e9d818215e862b83d58f44417914d7c399af01cb26511ba977485cf7beb47,train,outer_train,neg_sp_en_trans:259,,[],entity_ff2e9d818215e862b83d58f44417914d7c399af01cb26511ba977485cf7beb47,admitted,[],[],[],provisional,admitted,[],[],candidate_pending_review_not_production,admitted,,candidate_pending_review_not_production
sp_en_trans:91,sp_en_trans,91,92,data/tiu_datasets/sp_en_trans.csv,9afa97c1b8af539a05f47655a80a5c7832c6fdb914885fd24cb4bcccbe2795b5,8ed875ccafceb2fa3dc2c91b27c3bdecfb41bb6c115cf7238755bac7021b8bcf,"{""label"":""0"",""statement"":""The Spanish word 'ciencia' means 'to buy'.""}",The Spanish word 'ciencia' means 'to buy'.,f8ad5c475e5a134c66ea610245f324b69a87093c6c24a2417679f41f3bcac325,0,sp_en_trans,affirmative,ciencia,entity_4e93cb63b9e1e420adc275dec73a32c754b0feb761acf9f9559f87974db97808,train,outer_train,neg_sp_en_trans:91,,[],entity_4e93cb63b9e1e420adc275dec73a32c754b0feb761acf9f9559f87974db97808,admitted,[],[],[],provisional,admitted,[],[],candidate_pending_review_not_production,admitted,,candidate_pending_review_not_production
sp_en_trans:352,sp_en_trans,352,353,data/tiu_datasets/sp_en_trans.csv,9afa97c1b8af539a05f47655a80a5c7832c6fdb914885fd24cb4bcccbe2795b5,9061bb91e57543968c9179427251da45964f0e3c196e2d01361c83d1b0e6d90b,"{""label"":""1"",""statement"":""The Spanish word 'hola' means 'hello'.""}",The Spanish word 'hola' means 'hello'.,1c2c63b450434b2cfebe778adc022770be3fc320684ba5d11cb7f9d13146a892,1,sp_en_trans,affirmative,hola,entity_a282438f28845fd5e79ca21b730bf0d1c195aba3853e13acee2fb580040c4ab7,train,outer_train,neg_sp_en_trans:352,,[],entity_a282438f28845fd5e79ca21b730bf0d1c195aba3853e13acee2fb580040c4ab7,admitted,[],[],[],provisional,admitted,[],[],candidate_pending_review_not_production,admitted,,candidate_pending_review_not_production
sp_en_trans:195,sp_en_trans,195,196,data/tiu_datasets/sp_en_trans.csv,9afa97c1b8af539a05f47655a80a5c7832c6fdb914885fd24cb4bcccbe2795b5,b8bb42f59ed9772d2a18c80f4e861ca63d1c131b87da9c779dcbb322984a0563,"{""label"":""0"",""statement"":""The Spanish word 'tienda' means 'insect'.""}",The Spanish word 'tienda' means 'insect'.,89601037a46bcfb99829d07dc406bfbf001a616ffafbf330eb4b5eac8b45bf40,0,sp_en_trans,affirmative,tienda,entity_90d57fcf72240ba2deb042c69820026942e6cf86ca094f0cf1f6a7ea743c70a9,train,outer_train,neg_sp_en_trans:195,,[],entity_90d57fcf72240ba2deb042c69820026942e6cf86ca094f0cf1f6a7ea743c70a9,admitted,[],[],[],provisional,admitted,[],[],candidate_pending_review_not_production,admitted,,candidate_pending_review_not_production
sp_en_trans:105,sp_en_trans,105,106,data/tiu_datasets/sp_en_trans.csv,9afa97c1b8af539a05f47655a80a5c7832c6fdb914885fd24cb4bcccbe2795b5,d5d80b9ec1f6821fac75c49ddfc07c8e0b2cf730447c1eddef9f1ac5950e6fe0,"{""label"":""0"",""statement"":""The Spanish word 'siempre' means 'month'.""}",The Spanish word 'siempre' means 'month'.,a472388b6d0771415e26db5e825d521fb43733aaa40775410b6a7ee0a8372808,0,sp_en_trans,affirmative,siempre,entity_72ebac24c83259600adfd1d722c8e14a4b79d33b9e9d93d0f2cd88c9e70af314,train,outer_train,neg_sp_en_trans:105,,[],entity_72ebac24c83259600adfd1d722c8e14a4b79d33b9e9d93d0f2cd88c9e70af314,admitted,[],[],[],provisional,admitted,[],[],candidate_pending_review_not_production,admitted,,candidate_pending_review_not_production
sp_en_trans:75,sp_en_trans,75,76,data/tiu_datasets/sp_en_trans.csv,9afa97c1b8af539a05f47655a80a5c7832c6fdb914885fd24cb4bcccbe2795b5,7b2c4058ef799d764c695eb488f3a4d2fd686edf2e7e033248896ed99b3ba158,"{""label"":""0"",""statement"":""The Spanish word 'ojo' means 'order'.""}",The Spanish word 'ojo' means 'order'.,3640b498edae3885d4565a96438c92a0335109c89c6dc3f790bfd6407911a6a7,0,sp_en_trans,affirmative,ojo,entity_3a0134c04864d25d9176d7b9b17db07d91a2ffe8d8b977162cadb688baeab607,train,outer_train,neg_sp_en_trans:75,,[],entity_3a0134c04864d25d9176d7b9b17db07d91a2ffe8d8b977162cadb688baeab607,admitted,[],[],[],provisional,admitted,[],[],candidate_pending_review_not_production,admitted,,candidate_pending_review_not_production
sp_en_trans:233,sp_en_trans,233,234,data/tiu_datasets/sp_en_trans.csv,9afa97c1b8af539a05f47655a80a5c7832c6fdb914885fd24cb4bcccbe2795b5,c4e5b8ec08bfe89a57924cb4b55ba293aa86b9811f887022c35f97d61b7e9f21,"{""label"":""0"",""statement"":""The Spanish word 'experimento' means 'dark'.""}",The Spanish word 'experimento' means 'dark'.,fe4f14ac59d3821f7221cd6f3fd8f7b0615f59c7d66079d9c90459988ee6cc11,0,sp_en_trans,affirmative,experimento,entity_269a67f403b7286ed986b66c7d5f0cd83d9e53d30afb096273d53f3c51549731,train,outer_train,neg_sp_en_trans:233,,[],entity_269a67f403b7286ed986b66c7d5f0cd83d9e53d30afb096273d53f3c51549731,admitted,[],[],[],provisional,admitted,[],[],candidate_pending_review_not_production,admitted,,candidate_pending_review_not_production
sp_en_trans:67,sp_en_trans,67,68,data/tiu_datasets/sp_en_trans.csv,9afa97c1b8af539a05f47655a80a5c7832c6fdb914885fd24cb4bcccbe2795b5,f572f95f62292972b0dacd2343b97caa77cee5eb3230b9998881f0bb4c6504b8,"{""label"":""1"",""statement"":""The Spanish word 'cabeza' means 'head'.""}",The Spanish word 'cabeza' means 'head'.,908d6d4dd6c52755f96bdf0df2f20048b99776962986454d1a8fc0849313ed83,1,sp_en_trans,affirmative,cabeza,entity_57ed100ac04adcad299716dc89d1234f2fd1d56dbd20e3ce0cdbfcd116ece530,train,outer_train,neg_sp_en_trans:67,,[],entity_57ed100ac04adcad299716dc89d1234f2fd1d56dbd20e3ce0cdbfcd116ece530,admitted,[],[],[],provisional,admitted,[],[],candidate_pending_review_not_production,admitted,,candidate_pending_review_not_production
sp_en_trans:150,sp_en_trans,150,151,data/tiu_datasets/sp_en_trans.csv,9afa97c1b8af539a05f47655a80a5c7832c6fdb914885fd24cb4bcccbe2795b5,a5be11e21fd225fa9a68f758eca6ee275dc91f979646bfdef945ef74a9e88a87,"{""label"":""0"",""statement"":""The Spanish word 'seco' means 'book'.""}",The Spanish word 'seco' means 'book'.,816f9040b9f9d534f7f1bd27fe6ce86a14eb1a6cbb5ab18400c8788ea14b6942,0,sp_en_trans,affirmative,seco,entity_a711d854e771c841445659a1e8cf445821a51413fda7d25fc8e5f6deca992574,train,outer_train,neg_sp_en_trans:150,,[],entity_a711d854e771c841445659a1e8cf445821a51413fda7d25fc8e5f6deca992574,admitted,[],[],[],provisional,admitted,[],[],candidate_pending_review_not_production,admitted,,candidate_pending_review_not_production
sp_en_trans:214,sp_en_trans,214,215,data/tiu_datasets/sp_en_trans.csv,9afa97c1b8af539a05f47655a80a5c7832c6fdb914885fd24cb4bcccbe2795b5,24a0a65f63e6f10aae4a8d3a754138759d08b24156da59c9a76344aa8e9ed91e,"{""label"":""1"",""statement"":""The Spanish word 'aceite' means 'oil'.""}",The Spanish word 'aceite' means 'oil'.,4facc29d77de2800d3f79760f75dd496fe1eef55cd2f18f271a7612de9714225,1,sp_en_trans,affirmative,aceite,entity_7a32c30fe125e4803c709785def3d589219733f4fe6a6cb6321a737d51d9b820,train,outer_train,neg_sp_en_trans:214,,[],entity_7a32c30fe125e4803c709785def3d589219733f4fe6a6cb6321a737d51d9b820,admitted,[],[],[],provisional,admitted,[],[],candidate_pending_review_not_production,admitted,,candidate_pending_review_not_production
sp_en_trans:31,sp_en_trans,31,32,data/tiu_datasets/sp_en_trans.csv,9afa97c1b8af539a05f47655a80a5c7832c6fdb914885fd24cb4bcccbe2795b5,95f18d7cd23e0e7f00efe1a1b694413ddc92017e1a2c92f3aa97a688d7b368f7,"{""label"":""0"",""statement"":""The Spanish word 'cerca' means 'dog'.""}",The Spanish word 'cerca' means 'dog'.,18accd753cb6183e1e4c7f39a092a15efbde600a8f61926bfd00b8aacdeb6852,0,sp_en_trans,affirmative,cerca,entity_85df645ee423c2cbc8f16e92008e9e61e62c38b7ee1555af1311a8cae20ccf88,train,outer_train,neg_sp_en_trans:31,,[],entity_85df645ee423c2cbc8f16e92008e9e61e62c38b7ee1555af1311a8cae20ccf88,admitted,[],[],[],provisional,admitted,[],[],candidate_pending_review_not_production,admitted,,candidate_pending_review_not_production
sp_en_trans:84,sp_en_trans,84,85,data/tiu_datasets/sp_en_trans.csv,9afa97c1b8af539a05f47655a80a5c7832c6fdb914885fd24cb4bcccbe2795b5,c226f47e4051dfdab215d0b59452444cefe6a10f3d36c10800a156f1de8f2948,"{""label"":""0"",""statement"":""The Spanish word 'tarde' means 'hand'.""}",The Spanish word 'tarde' means 'hand'.,5c8b535dbe351655e27e0f40976511b71ea397e392e9fa048db20a8a54c7f1d7,0,sp_en_trans,affirmative,tarde,entity_73cb60fc19e96cd939942fb3787738bf445f983525f5c8966dd024412560ff71,train,outer_train,neg_sp_en_trans:84,,[],entity_73cb60fc19e96cd939942fb3787738bf445f983525f5c8966dd024412560ff71,admitted,[],[],[],provisional,admitted,[],[],candidate_pending_review_not_production,admitted,,candidate_pending_review_not_production
sp_en_trans:22,sp_en_trans,22,23,data/tiu_datasets/sp_en_trans.csv,9afa97c1b8af539a05f47655a80a5c7832c6fdb914885fd24cb4bcccbe2795b5,db30495c1b7dffb3a96967fe0e95d6e37c8fcd9315cd52db318c2feb1b7b0a33,"{""label"":""1"",""statement"":""The Spanish word 'grande' means 'large'.""}",The Spanish word 'grande' means 'large'.,3039a0d8a9c6ba9a613a27cfe70ef429890ca1dc57cdd94c019cae606b24cf45,1,sp_en_trans,affirmative,grande,entity_8874bb61c73df2eb388bff37d05c17849e86d1f9d9594e432799987817bff165,train,outer_train,neg_sp_en_trans:22,,[],entity_8874bb61c73df2eb388bff37d05c17849e86d1f9d9594e432799987817bff165,admitted,[],[],[],provisional,admitted,[],[],candidate_pending_review_not_production,admitted,,candidate_pending_review_not_production
sp_en_trans:243,sp_en_trans,243,244,data/tiu_datasets/sp_en_trans.csv,9afa97c1b8af539a05f47655a80a5c7832c6fdb914885fd24cb4bcccbe2795b5,701f74aa6dcfcdcd1e8a26bbf4462cf2bf2169bc205214e2122413040ef25504,"{""label"":""1"",""statement"":""The Spanish word 'tercero' means 'third'.""}",The Spanish word 'tercero' means 'third'.,20bf4f1d16ac5d45024f5f56dd02c65c4c45d612598a28a7e59ff635e0a68039,1,sp_en_trans,affirmative,tercero,entity_4d3e3235d51da7f46be2e66e5ae11909938a8bcc3bc442c70359e2e5807fedaa,train,outer_train,neg_sp_en_trans:243,,[],entity_4d3e3235d51da7f46be2e66e5ae11909938a8bcc3bc442c70359e2e5807fedaa,admitted,[],[],[],provisional,admitted,[],[],candidate_pending_review_not_production,admitted,,candidate_pending_review_not_production
sp_en_trans:21,sp_en_trans,21,22,data/tiu_datasets/sp_en_trans.csv,9afa97c1b8af539a05f47655a80a5c7832c6fdb914885fd24cb4bcccbe2795b5,e755c4f993204a018e08a34d823a93cb0463adeded571e9967f4b086f334bec1,"{""label"":""0"",""statement"":""The Spanish word 'mano' means 'too'.""}",The Spanish word 'mano' means 'too'.,296016fbb2c016dd0fd128d2e731910bc7f74754c9fca3b8fb60ae81dbe6b0a0,0,sp_en_trans,affirmative,mano,entity_0599b28bcea8f3f79eb156ee62d314f2231228cd4971a76fada2ef6438afbcce,train,outer_train,neg_sp_en_trans:21,,[],entity_0599b28bcea8f3f79eb156ee62d314f2231228cd4971a76fada2ef6438afbcce,admitted,[],[],[],provisional,admitted,[],[],candidate_pending_review_not_production,admitted,,candidate_pending_review_not_production
sp_en_trans:204,sp_en_trans,204,205,data/tiu_datasets/sp_en_trans.csv,9afa97c1b8af539a05f47655a80a5c7832c6fdb914885fd24cb4bcccbe2795b5,b1a9c3349e0bfaa56c602031628f40a05c7d36cac52f7ae3c21e2b7682db379c,"{""label"":""1"",""statement"":""The Spanish word 'mes' means 'month'.""}",The Spanish word 'mes' means 'month'.,21ac036f827c03f90f2d554381bfe15b2135699374fa7c6ba7b8a93f4b842cad,1,sp_en_trans,affirmative,mes,entity_4d0c93f3e6842186926bc9d236514913ea44fd1de67ec0fecb99aad73befd203,train,outer_train,neg_sp_en_trans:204,,[],entity_4d0c93f3e6842186926bc9d236514913ea44fd1de67ec0fecb99aad73befd203,admitted,[],[],[],provisional,admitted,[],[],candidate_pending_review_not_production,admitted,,candidate_pending_review_not_production
sp_en_trans:139,sp_en_trans,139,140,data/tiu_datasets/sp_en_trans.csv,9afa97c1b8af539a05f47655a80a5c7832c6fdb914885fd24cb4bcccbe2795b5,2e24d584df02f6a60a49d8ca30fa1d28af34a0739e3539dbc6ff88095a20a768,"{""label"":""1"",""statement"":""The Spanish word 'fuerza' means 'force'.""}",The Spanish word 'fuerza' means 'force'.,186819c5b6216436cb4e22da9bafd349e9ec5c2397ce9aed6d896c5340e3151f,1,sp_en_trans,affirmative,fuerza,entity_72ef406e11bbc4730855974e88dc10c38f4fe13f525ede1de334c6d5bdb4dcc9,train,outer_train,neg_sp_en_trans:139,,[],entity_72ef406e11bbc4730855974e88dc10c38f4fe13f525ede1de334c6d5bdb4dcc9,admitted,[],[],[],provisional,admitted,[],[],candidate_pending_review_not_production,admitted,,candidate_pending_review_not_production
sp_en_trans:349,sp_en_trans,349,350,data/tiu_datasets/sp_en_trans.csv,9afa97c1b8af539a05f47655a80a5c7832c6fdb914885fd24cb4bcccbe2795b5,d320660bde03b37722191718d65777481ef3df06b3898a63955ddc994778e559,"{""label"":""0"",""statement"":""The Spanish word 'elefante' means 'spring'.""}",The Spanish word 'elefante' means 'spring'.,33842203253b622b77e8e52857cf7eb260a22b79426890639eb513c6108d39be,0,sp_en_trans,affirmative,elefante,entity_c6cb4ce063bceb82eeb2c136de10e7b59918b0f04bff90fb3920b52c1a578c89,train,outer_train,neg_sp_en_trans:349,,[],entity_c6cb4ce063bceb82eeb2c136de10e7b59918b0f04bff90fb3920b52c1a578c89,admitted,[],[],[],provisional,admitted,[],[],candidate_pending_review_not_production,admitted,,candidate_pending_review_not_production
sp_en_trans:39,sp_en_trans,39,40,data/tiu_datasets/sp_en_trans.csv,9afa97c1b8af539a05f47655a80a5c7832c6fdb914885fd24cb4bcccbe2795b5,63fc7fefc059d6a697d7088205fd2ca2ad9bda09dff0c6e6d68bd8eff25776e8,"{""label"":""1"",""statement"":""The Spanish word 'bueno' means 'good'.""}",The Spanish word 'bueno' means 'good'.,6bf2bed769878117ef13b739385e75319bce9e5fecabefc6db5ab4f8322fc001,1,sp_en_trans,affirmative,bueno,entity_a2d4b5b5e40180f1ce2d80e49a5031f0adda34fae94947b73a419ecfad0cf455,train,outer_train,neg_sp_en_trans:39,,[],entity_a2d4b5b5e40180f1ce2d80e49a5031f0adda34fae94947b73a419ecfad0cf455,admitted,[],[],[],provisional,admitted,[],[],candidate_pending_review_not_production,admitted,,candidate_pending_review_not_production
sp_en_trans:285,sp_en_trans,285,286,data/tiu_datasets/sp_en_trans.csv,9afa97c1b8af539a05f47655a80a5c7832c6fdb914885fd24cb4bcccbe2795b5,1b8842793cc011fb60d2a861ddbbd06717bb2ccfea31c570b35d927e083f7038,"{""label"":""0"",""statement"":""The Spanish word 'amarillo' means 'land'.""}",The Spanish word 'amarillo' means 'land'.,d56e08258da064f72a0e0d0ee4cf6f7052483db0c3ff7bc569d79ef6209c60ef,0,sp_en_trans,affirmative,amarillo,entity_bf91037f0093c8d5f1261b2d0a23c2c46c903f05cab8c011646d921f4a9a97f7,train,outer_train,neg_sp_en_trans:285,,[],entity_bf91037f0093c8d5f1261b2d0a23c2c46c903f05cab8c011646d921f4a9a97f7,admitted,[],[],[],provisional,admitted,[],[],candidate_pending_review_not_production,admitted,,candidate_pending_review_not_production
sp_en_trans:219,sp_en_trans,219,220,data/tiu_datasets/sp_en_trans.csv,9afa97c1b8af539a05f47655a80a5c7832c6fdb914885fd24cb4bcccbe2795b5,14bcbe534f179ec79420a7b8388510d1776684600a8f95a2509450837b05d9c3,"{""label"":""1"",""statement"":""The Spanish word 'elegir' means 'to choose'.""}",The Spanish word 'elegir' means 'to choose'.,c7f766b9c7f9469268ca871a11412168e419828999a8a77411fb4797c4dc5798,1,sp_en_trans,affirmative,elegir,entity_6f5e6bd72329bbe14fcaaa661465f19da1b6bcf927636fc936db0a43525975fb,train,outer_train,neg_sp_en_trans:219,,[],entity_6f5e6bd72329bbe14fcaaa661465f19da1b6bcf927636fc936db0a43525975fb,admitted,[],[],[],provisional,admitted,[],[],candidate_pending_review_not_production,admitted,,candidate_pending_review_not_production
sp_en_trans:106,sp_en_trans,106,107,data/tiu_datasets/sp_en_trans.csv,9afa97c1b8af539a05f47655a80a5c7832c6fdb914885fd24cb4bcccbe2795b5,994049c9821beaf5266fb1f406f7e5786591627fa88d41616ab4f3f4e2b1ac24,"{""label"":""0"",""statement"":""The Spanish word 'carta' means 'nothing'.""}",The Spanish word 'carta' means 'nothing'.,c7271070e5b44614eaf1dfd96ca4eaf8fd3d59599fbf6cdb7744130c5b12ae6e,0,sp_en_trans,affirmative,carta,entity_42227c3b81c04713f039e365b9383b8fe19a3aa184aa871fc1ab6ab62d06a73b,train,outer_train,neg_sp_en_trans:106,,[],entity_42227c3b81c04713f039e365b9383b8fe19a3aa184aa871fc1ab6ab62d06a73b,admitted,[],[],[],provisional,admitted,[],[],candidate_pending_review_not_production,admitted,,candidate_pending_review_not_production
sp_en_trans:129,sp_en_trans,129,130,data/tiu_datasets/sp_en_trans.csv,9afa97c1b8af539a05f47655a80a5c7832c6fdb914885fd24cb4bcccbe2795b5,b6fbb103b37fe842329f89907ec43cb404741179023bca67aa5f47a2a5a9ffad,"{""label"":""0"",""statement"":""The Spanish word 'orden' means 'old'.""}",The Spanish word 'orden' means 'old'.,cbefa0b606d9f08d5233807427fbe1e7d9e4297db4af0e835a2ce95cf0244fc4,0,sp_en_trans,affirmative,orden,entity_388cd94fb89b1239be96e57f9ac4c651dbc245d9ef4d04dd116f10a10b4b9621,train,outer_train,neg_sp_en_trans:129,,[],entity_388cd94fb89b1239be96e57f9ac4c651dbc245d9ef4d04dd116f10a10b4b9621,admitted,[],[],[],provisional,admitted,[],[],candidate_pending_review_not_production,admitted,,candidate_pending_review_not_production
sp_en_trans:300,sp_en_trans,300,301,data/tiu_datasets/sp_en_trans.csv,9afa97c1b8af539a05f47655a80a5c7832c6fdb914885fd24cb4bcccbe2795b5,21a3eeb2669cdeae4c495dc4a502dee5a0180c59823d28fe5949b694cf6edd66,"{""label"":""1"",""statement"":""The Spanish word 'cuello' means 'neck'.""}",The Spanish word 'cuello' means 'neck'.,60297b06438a55fff1b0107504aa851f947a02018801a6c44aab349808e06d2b,1,sp_en_trans,affirmative,cuello,entity_ef79352b6175cfc5d58684c590b0962a9683b8b3565ae270ae14e0126fac9966,train,outer_train,neg_sp_en_trans:300,,[],entity_ef79352b6175cfc5d58684c590b0962a9683b8b3565ae270ae14e0126fac9966,admitted,[],[],[],provisional,admitted,[],[],candidate_pending_review_not_production,admitted,,candidate_pending_review_not_production
sp_en_trans:98,sp_en_trans,98,99,data/tiu_datasets/sp_en_trans.csv,9afa97c1b8af539a05f47655a80a5c7832c6fdb914885fd24cb4bcccbe2795b5,c37688a0c0b8e810e3e63a9469d314d5f82a5e703fe65c5c024d915a92c4870b,"{""label"":""1"",""statement"":""The Spanish word 'abierto' means 'open'.""}",The Spanish word 'abierto' means 'open'.,f0c61991884c01ae44098b977ca84006a8274b1713c27321e47bccd31245b974,1,sp_en_trans,affirmative,abierto,entity_bb35c5e8231370acb299907287faff31453c7e9e95bad4ac1f4b4386d7a636dc,train,outer_train,neg_sp_en_trans:98,,[],entity_bb35c5e8231370acb299907287faff31453c7e9e95bad4ac1f4b4386d7a636dc,admitted,[],[],[],provisional,admitted,[],[],candidate_pending_review_not_production,admitted,,candidate_pending_review_not_production
sp_en_trans:80,sp_en_trans,80,81,data/tiu_datasets/sp_en_trans.csv,9afa97c1b8af539a05f47655a80a5c7832c6fdb914885fd24cb4bcccbe2795b5,8b7cab47942c3ce448722ab72ab61bec93a493db601e41d7d57f2eedb5a25475,"{""label"":""0"",""statement"":""The Spanish word 'historia' means 'office'.""}",The Spanish word 'historia' means 'office'.,b4c58212d5ef76bbb19bc3aa5b3d554dabc1a45985f03ae4c31a04eef568d7ae,0,sp_en_trans,affirmative,historia,entity_df0bed6036d2d275932329b4735187a766ddc3c9aa612970b322144b19163063,train,outer_train,neg_sp_en_trans:80,,[],entity_df0bed6036d2d275932329b4735187a766ddc3c9aa612970b322144b19163063,admitted,[],[],[],provisional,admitted,[],[],candidate_pending_review_not_production,admitted,,candidate_pending_review_not_production
sp_en_trans:319,sp_en_trans,319,320,data/tiu_datasets/sp_en_trans.csv,9afa97c1b8af539a05f47655a80a5c7832c6fdb914885fd24cb4bcccbe2795b5,e77a3bfced85039fea46a4e2fd8a31003ce3b1bc0e93e665e0e0ee2b35eeb1f5,"{""label"":""1"",""statement"":""The Spanish word 'hombro' means 'shoulder'.""}",The Spanish word 'hombro' means 'shoulder'.,0d274eb15eb1c0213db0b6c392d90e40d78e08e7a4e73ddc1822229634d238c4,1,sp_en_trans,affirmative,hombro,entity_045647b472d12d67bd24e765227c3098da74a32b1fd5ba7240ed95ddb86cfe2c,train,outer_train,neg_sp_en_trans:319,,[],entity_045647b472d12d67bd24e765227c3098da74a32b1fd5ba7240ed95ddb86cfe2c,admitted,[],[],[],provisional,admitted,[],[],candidate_pending_review_not_production,admitted,,candidate_pending_review_not_production
sp_en_trans:312,sp_en_trans,312,313,data/tiu_datasets/sp_en_trans.csv,9afa97c1b8af539a05f47655a80a5c7832c6fdb914885fd24cb4bcccbe2795b5,97fd4f3185042ff79f36de12719a95dd4e5d926756502a26e2768d83ce673aed,"{""label"":""1"",""statement"":""The Spanish word 'olor' means 'smell'.""}",The Spanish word 'olor' means 'smell'.,061557fc916a0eeceb580643cee5a57ac91f1e2ef3ba274ca231a8dee6086094,1,sp_en_trans,affirmative,olor,entity_8e37d350544e324c1480b4c11045adb8d33a37c5b05a5b928ab3fb0e7a8ee6f9,train,outer_train,neg_sp_en_trans:312,,[],entity_8e37d350544e324c1480b4c11045adb8d33a37c5b05a5b928ab3fb0e7a8ee6f9,admitted,[],[],[],provisional,admitted,[],[],candidate_pending_review_not_production,admitted,,candidate_pending_review_not_production
sp_en_trans:117,sp_en_trans,117,118,data/tiu_datasets/sp_en_trans.csv,9afa97c1b8af539a05f47655a80a5c7832c6fdb914885fd24cb4bcccbe2795b5,eb55dfd978170822fb7da98fcd9580cf18c0a266bbab9e3251041bf83f104f6b,"{""label"":""0"",""statement"":""The Spanish word 'pronto' means 'to die'.""}",The Spanish word 'pronto' means 'to die'.,19bb9dbca610e0a1074326ec69ae58a2b8b20d186c8174320b2d7f8c76edbb09,0,sp_en_trans,affirmative,pronto,entity_07eca21732fcb51fa1bc75710d417d40fd675455b75f4c4b41cde58f36e4638a,train,outer_train,neg_sp_en_trans:117,,[],entity_07eca21732fcb51fa1bc75710d417d40fd675455b75f4c4b41cde58f36e4638a,admitted,[],[],[],provisional,admitted,[],[],candidate_pending_review_not_production,admitted,,candidate_pending_review_not_production
sp_en_trans:298,sp_en_trans,298,299,data/tiu_datasets/sp_en_trans.csv,9afa97c1b8af539a05f47655a80a5c7832c6fdb914885fd24cb4bcccbe2795b5,be2a83ad35d205750cccbc3caca1c44c9b5ac94bc41a3ed3dbc175f130ead343,"{""label"":""0"",""statement"":""The Spanish word 'dientes' means 'hope'.""}",The Spanish word 'dientes' means 'hope'.,f28e11999de539f1301acf045a4dc18d3545a2c6878c2b3409ce363134635ce7,0,sp_en_trans,affirmative,dientes,entity_705544b5088c28dcf328f3f0d86f4014b9933c9a1757e70a859b855e388e018a,train,outer_train,neg_sp_en_trans:298,,[],entity_705544b5088c28dcf328f3f0d86f4014b9933c9a1757e70a859b855e388e018a,admitted,[],[],[],provisional,admitted,[],[],candidate_pending_review_not_production,admitted,,candidate_pending_review_not_production
sp_en_trans:124,sp_en_trans,124,125,data/tiu_datasets/sp_en_trans.csv,9afa97c1b8af539a05f47655a80a5c7832c6fdb914885fd24cb4bcccbe2795b5,250d77d45218b75c37051eaf62609c0ec5fb0bca1a29e2d41526a840a463ff66,"{""label"":""0"",""statement"":""The Spanish word 'corto' means 'letter'.""}",The Spanish word 'corto' means 'letter'.,3c4c299e133ec0bf1ba3b834a8f7e62a0d993e21a893dcda1829c7afff2eea5f,0,sp_en_trans,affirmative,corto,entity_f863ec19897925330f01e23a9153ad07727d2a51f08b4f1494cfe6a92668c58c,train,outer_train,neg_sp_en_trans:124,,[],entity_f863ec19897925330f01e23a9153ad07727d2a51f08b4f1494cfe6a92668c58c,admitted,[],[],[],provisional,admitted,[],[],candidate_pending_review_not_production,admitted,,candidate_pending_review_not_production
sp_en_trans:18,sp_en_trans,18,19,data/tiu_datasets/sp_en_trans.csv,9afa97c1b8af539a05f47655a80a5c7832c6fdb914885fd24cb4bcccbe2795b5,727df757c99d3403ab360c48caebb8c28653937ab610168b49331eb7d7b16149,"{""label"":""0"",""statement"":""The Spanish word 'poner' means 'whale'.""}",The Spanish word 'poner' means 'whale'.,64117626987c5f4fdd23d4d18d747361abc818186268bc9ba0b582d42a6789e0,0,sp_en_trans,affirmative,poner,entity_88dceb3243303556aabb593be055655965256a238ad3721533bc7f64ef67cce2,train,outer_train,neg_sp_en_trans:18,,[],entity_88dceb3243303556aabb593be055655965256a238ad3721533bc7f64ef67cce2,admitted,[],[],[],provisional,admitted,[],[],candidate_pending_review_not_production,admitted,,candidate_pending_review_not_production
sp_en_trans:276,sp_en_trans,276,277,data/tiu_datasets/sp_en_trans.csv,9afa97c1b8af539a05f47655a80a5c7832c6fdb914885fd24cb4bcccbe2795b5,b88b6bedc918c8870937f83faca4f32a7dbd2404970f42a487a100e23b1cca27,"{""label"":""1"",""statement"":""The Spanish word 'vecino' means 'neighbor'.""}",The Spanish word 'vecino' means 'neighbor'.,7afd1129e0a80355e45f37f94ea7152840c1a4241716b810c6a42ffffa1f0d2f,1,sp_en_trans,affirmative,vecino,entity_f75baae3e1b347d08949f26157a16bc2c5abb965192b413459fda3ee89a86524,train,outer_train,neg_sp_en_trans:276,,[],entity_f75baae3e1b347d08949f26157a16bc2c5abb965192b413459fda3ee89a86524,admitted,[],[],[],provisional,admitted,[],[],candidate_pending_review_not_production,admitted,,candidate_pending_review_not_production
sp_en_trans:20,sp_en_trans,20,21,data/tiu_datasets/sp_en_trans.csv,9afa97c1b8af539a05f47655a80a5c7832c6fdb914885fd24cb4bcccbe2795b5,85eb5a10306a7ebcfe27cd502f0423283788a1b67fe855f06a749a2e323f2555,"{""label"":""1"",""statement"":""The Spanish word 'leer' means 'to read'.""}",The Spanish word 'leer' means 'to read'.,547bd93912aadb75a51312be1e71c705156f07ed989f0d7461587d14bdf2f910,1,sp_en_trans,affirmative,leer,entity_d6fe3d2312a2fa17cc4db5ab68be89c2aebda2fcf41ba5365b7319c3be11d6e0,train,outer_train,neg_sp_en_trans:20,,[],entity_d6fe3d2312a2fa17cc4db5ab68be89c2aebda2fcf41ba5365b7319c3be11d6e0,admitted,[],[],[],provisional,admitted,[],[],candidate_pending_review_not_production,admitted,,candidate_pending_review_not_production
sp_en_trans:288,sp_en_trans,288,289,data/tiu_datasets/sp_en_trans.csv,9afa97c1b8af539a05f47655a80a5c7832c6fdb914885fd24cb4bcccbe2795b5,f2ae1c290a20cc8d94d312ba87938351714d4978437ead7f9bfcd2a4a1010916,"{""label"":""1"",""statement"":""The Spanish word 'conectar' means 'to connect'.""}",The Spanish word 'conectar' means 'to connect'.,9f870c350e5ea053cde23c30cbeebdfb72ef063e6e0cdd8f4d3790d0ce3d5090,1,sp_en_trans,affirmative,conectar,entity_13c6550158d87da718bc518ac20483a9f61b7443b2337b2e98f29db76526d9a4,train,outer_train,neg_sp_en_trans:288,,[],entity_13c6550158d87da718bc518ac20483a9f61b7443b2337b2e98f29db76526d9a4,admitted,[],[],[],provisional,admitted,[],[],candidate_pending_review_not_production,admitted,,candidate_pending_review_not_production
sp_en_trans:193,sp_en_trans,193,194,data/tiu_datasets/sp_en_trans.csv,9afa97c1b8af539a05f47655a80a5c7832c6fdb914885fd24cb4bcccbe2795b5,8dd41d1a416147566381ce75a3efbbbbfd00229f1d434d57033f0ba01ce28b68,"{""label"":""1"",""statement"":""The Spanish word 'bosque' means 'forest'.""}",The Spanish word 'bosque' means 'forest'.,81db6bc3b114f6faf09f7bfe1f66e82c7b536f0037253e5e3acbe1a85a9f8ea4,1,sp_en_trans,affirmative,bosque,entity_8e0f6334bc440ea7d468e3eeb40cb1a88ccc604b4f1b353ac9cfad9c8cb1a8ab,train,outer_train,neg_sp_en_trans:193,,[],entity_8e0f6334bc440ea7d468e3eeb40cb1a88ccc604b4f1b353ac9cfad9c8cb1a8ab,admitted,[],[],[],provisional,admitted,[],[],candidate_pending_review_not_production,admitted,,candidate_pending_review_not_production
sp_en_trans:136,sp_en_trans,136,137,data/tiu_datasets/sp_en_trans.csv,9afa97c1b8af539a05f47655a80a5c7832c6fdb914885fd24cb4bcccbe2795b5,01b2103d61d176410509973eb0bbd2f29101a545a11962780da860faf32be31c,"{""label"":""1"",""statement"":""The Spanish word 'multiplicar' means 'to multiply'.""}",The Spanish word 'multiplicar' means 'to multiply'.,dc6487b5b03a0d4c03ee2b6f1d2363286bdc74017b9af15e654f70115ead36cd,1,sp_en_trans,affirmative,multiplicar,entity_ef0fb89a2b7b6c9b42f26707038c7cb2e52a44e973eb515fea29b5db40cc9143,train,outer_train,neg_sp_en_trans:136,,[],entity_ef0fb89a2b7b6c9b42f26707038c7cb2e52a44e973eb515fea29b5db40cc9143,admitted,[],[],[],provisional,admitted,[],[],candidate_pending_review_not_production,admitted,,candidate_pending_review_not_production
sp_en_trans:207,sp_en_trans,207,208,data/tiu_datasets/sp_en_trans.csv,9afa97c1b8af539a05f47655a80a5c7832c6fdb914885fd24cb4bcccbe2795b5,5bf8b791b9a2e0cdbc8243ed43c76e6a410c7d68723069b8707c67ab3c6bdc97,"{""label"":""0"",""statement"":""The Spanish word 'flor' means 'market'.""}",The Spanish word 'flor' means 'market'.,4f1df637b4d334cbe63ab2e52d5383a7c56fca3309cbbc711ebf5387ea822ab5,0,sp_en_trans,affirmative,flor,entity_5df70b5039b608fceac6772770a188902771e7f95e1b9f7e0955bc78105bf5b2,train,outer_train,neg_sp_en_trans:207,,[],entity_5df70b5039b608fceac6772770a188902771e7f95e1b9f7e0955bc78105bf5b2,admitted,[],[],[],provisional,admitted,[],[],candidate_pending_review_not_production,admitted,,candidate_pending_review_not_production
sp_en_trans:33,sp_en_trans,33,34,data/tiu_datasets/sp_en_trans.csv,9afa97c1b8af539a05f47655a80a5c7832c6fdb914885fd24cb4bcccbe2795b5,ebd278ae4f05c51b3278a6ae465ec2bdea607bf5e7c16f21b58eb1ae989cb8eb,"{""label"":""0"",""statement"":""The Spanish word 'padre' means 'special'.""}",The Spanish word 'padre' means 'special'.,fb3797c43bf3d7b14da2b60388ea64b836997b2690662c3788dd8a8f718df0d0,0,sp_en_trans,affirmative,padre,entity_b9afe304a04e954ad1b9cda6a9189ae1fb4a1067603282dc0c0f60e0084fae60,train,outer_train,neg_sp_en_trans:33,,[],entity_b9afe304a04e954ad1b9cda6a9189ae1fb4a1067603282dc0c0f60e0084fae60,admitted,[],[],[],provisional,admitted,[],[],candidate_pending_review_not_production,admitted,,candidate_pending_review_not_production
sp_en_trans:45,sp_en_trans,45,46,data/tiu_datasets/sp_en_trans.csv,9afa97c1b8af539a05f47655a80a5c7832c6fdb914885fd24cb4bcccbe2795b5,1a2b9f45badc54ff55a1c82e1a4c32336491dc4d9a46528573805322805aa4e1,"{""label"":""1"",""statement"":""The Spanish word 'antes' means 'before'.""}",The Spanish word 'antes' means 'before'.,733752a0ec5e6f369b631126220a27c0af5ca6e6220a0b8fe6d08383938c717a,1,sp_en_trans,affirmative,antes,entity_a335a206e6155e7f6ef8dfd41e8fca27437956cfae325dadf037a03d6abf380b,train,outer_train,neg_sp_en_trans:45,,[],entity_a335a206e6155e7f6ef8dfd41e8fca27437956cfae325dadf037a03d6abf380b,admitted,[],[],[],provisional,admitted,[],[],candidate_pending_review_not_production,admitted,,candidate_pending_review_not_production
sp_en_trans:238,sp_en_trans,238,239,data/tiu_datasets/sp_en_trans.csv,9afa97c1b8af539a05f47655a80a5c7832c6fdb914885fd24cb4bcccbe2795b5,6378990c39727d488ae10143e057ac2ee7c5b468f6843df4f060ea90bbe801e4,"{""label"":""1"",""statement"":""The Spanish word 'sonrisa' means 'smile'.""}",The Spanish word 'sonrisa' means 'smile'.,56be40b2e89ae9c20ec0f4fa4f2385941d14b07ea51331d0ae4370a4f6c8cd28,1,sp_en_trans,affirmative,sonrisa,entity_2ea062c6c7dbf8a50675b7676aa0f5d8e5ed112211c563640f49c5161468edd6,train,outer_train,neg_sp_en_trans:238,,[],entity_2ea062c6c7dbf8a50675b7676aa0f5d8e5ed112211c563640f49c5161468edd6,admitted,[],[],[],provisional,admitted,[],[],candidate_pending_review_not_production,admitted,,candidate_pending_review_not_production
sp_en_trans:34,sp_en_trans,34,35,data/tiu_datasets/sp_en_trans.csv,9afa97c1b8af539a05f47655a80a5c7832c6fdb914885fd24cb4bcccbe2795b5,fa386180eda65a1623c1300b2ca9b1fb4764d4289b946e3b0cdb93fd7f9c5400,"{""label"":""0"",""statement"":""The Spanish word 'nuevo' means 'always'.""}",The Spanish word 'nuevo' means 'always'.,1e8007f25ee6e6baf775d2cab33103fc8b43e95baf51e91a025ebd5a71127eb3,0,sp_en_trans,affirmative,nuevo,entity_38bc30f6832987cddf476fb9a685ec1b2fed9887dd154c0f3085c73a92d2ba4d,train,outer_train,neg_sp_en_trans:34,,[],entity_38bc30f6832987cddf476fb9a685ec1b2fed9887dd154c0f3085c73a92d2ba4d,admitted,[],[],[],provisional,admitted,[],[],candidate_pending_review_not_production,admitted,,candidate_pending_review_not_production
sp_en_trans:47,sp_en_trans,47,48,data/tiu_datasets/sp_en_trans.csv,9afa97c1b8af539a05f47655a80a5c7832c6fdb914885fd24cb4bcccbe2795b5,386a80e9e1780686ba45605af27fd00f7e50c73973d5b7edfa7c0820c8284f64,"{""label"":""1"",""statement"":""The Spanish word 'viejo' means 'old'.""}",The Spanish word 'viejo' means 'old'.,80acb06bf680293704fad9af42b15f09ce73e55181e1016230a6c2a36157b632,1,sp_en_trans,affirmative,viejo,entity_e002c662c3c2bb74c2349daaef579765498b8050f656ae3aaae5374a1a7fbd8b,train,outer_train,neg_sp_en_trans:47,,[],entity_e002c662c3c2bb74c2349daaef579765498b8050f656ae3aaae5374a1a7fbd8b,admitted,[],[],[],provisional,admitted,[],[],candidate_pending_review_not_production,admitted,,candidate_pending_review_not_production
sp_en_trans:308,sp_en_trans,308,309,data/tiu_datasets/sp_en_trans.csv,9afa97c1b8af539a05f47655a80a5c7832c6fdb914885fd24cb4bcccbe2795b5,cb36299d3e2f8f1c4664b782edb715f0c4e3a62bcc0dd510ea8740ce59c3f5cd,"{""label"":""1"",""statement"":""The Spanish word 'abrigo' means 'coat'.""}",The Spanish word 'abrigo' means 'coat'.,524a1b3c683890169860e7d041293777192e0fe37175aa9dea78b22e04b8885f,1,sp_en_trans,affirmative,abrigo,entity_2ea29bc8337753322a926ae7010473088c0f589f00ba7fa632cbb890b87eb0b9,train,outer_train,neg_sp_en_trans:308,,[],entity_2ea29bc8337753322a926ae7010473088c0f589f00ba7fa632cbb890b87eb0b9,admitted,[],[],[],provisional,admitted,[],[],candidate_pending_review_not_production,admitted,,candidate_pending_review_not_production
sp_en_trans:126,sp_en_trans,126,127,data/tiu_datasets/sp_en_trans.csv,9afa97c1b8af539a05f47655a80a5c7832c6fdb914885fd24cb4bcccbe2795b5,ac74ad0e39512f3baeffe67b6ad1417e8cc03196d7caaca6ed824b75933bfc7f,"{""label"":""1"",""statement"":""The Spanish word 'viento' means 'wind'.""}",The Spanish word 'viento' means 'wind'.,ba21a4f44f1dae43f91ce1acb4a8b8035e8fb41188ba518f6f2c3b282b2e4ea2,1,sp_en_trans,affirmative,viento,entity_50501ebb9506ef69971b077559f7cb74540f6cd340a357a208305579ac514974,train,outer_train,neg_sp_en_trans:126,,[],entity_50501ebb9506ef69971b077559f7cb74540f6cd340a357a208305579ac514974,admitted,[],[],[],provisional,admitted,[],[],candidate_pending_review_not_production,admitted,,candidate_pending_review_not_production
sp_en_trans:62,sp_en_trans,62,63,data/tiu_datasets/sp_en_trans.csv,9afa97c1b8af539a05f47655a80a5c7832c6fdb914885fd24cb4bcccbe2795b5,c757fb6923da23798be80f80e705672f31bc59425da5869e4e6729a8f42956ae,"{""label"":""1"",""statement"":""The Spanish word 'agua' means 'water'.""}",The Spanish word 'agua' means 'water'.,d2c883bdd58855cf7d263a76aa1b38fcc7588dbc10aefb0a868b6a361226de65,1,sp_en_trans,affirmative,agua,entity_d2c7ccbf314c26511d33d7d7e551ee80c8c1c4d9b87cdd6ff726db0f2541d7aa,train,outer_train,neg_sp_en_trans:62,,[],entity_d2c7ccbf314c26511d33d7d7e551ee80c8c1c4d9b87cdd6ff726db0f2541d7aa,admitted,[],[],[],provisional,admitted,[],[],candidate_pending_review_not_production,admitted,,candidate_pending_review_not_production
sp_en_trans:70,sp_en_trans,70,71,data/tiu_datasets/sp_en_trans.csv,9afa97c1b8af539a05f47655a80a5c7832c6fdb914885fd24cb4bcccbe2795b5,acfe0824fb5eae482a4d4d55dcaf969309b501cbed6fcd33b790f62c2d4390a8,"{""label"":""1"",""statement"":""The Spanish word 'crecer' means 'to grow'.""}",The Spanish word 'crecer' means 'to grow'.,8af92ad497cb13a57e21d6aa896a1f6390269869304d6655493012f558353883,1,sp_en_trans,affirmative,crecer,entity_5977ec5796d573b12c21b8004953a381bf821d9dcdd51be24a344adf3ccc5da9,train,outer_train,neg_sp_en_trans:70,,[],entity_5977ec5796d573b12c21b8004953a381bf821d9dcdd51be24a344adf3ccc5da9,admitted,[],[],[],provisional,admitted,[],[],candidate_pending_review_not_production,admitted,,candidate_pending_review_not_production
sp_en_trans:189,sp_en_trans,189,190,data/tiu_datasets/sp_en_trans.csv,9afa97c1b8af539a05f47655a80a5c7832c6fdb914885fd24cb4bcccbe2795b5,6949020579e1d955c72b07c8f61b77f0fba6957828448edb76fcfe68fad00cfc,"{""label"":""1"",""statement"":""The Spanish word 'hielo' means 'ice'.""}",The Spanish word 'hielo' means 'ice'.,876469aa7d15b8c1ce9f549713bea0922caba1d7e1f9a2a08ebf467c3ec408ce,1,sp_en_trans,affirmative,hielo,entity_c8c201d2f09af6d0b6060033fbef14db06eaffb6d3d0706dfb5a7e5874e1fd09,train,outer_train,neg_sp_en_trans:189,,[],entity_c8c201d2f09af6d0b6060033fbef14db06eaffb6d3d0706dfb5a7e5874e1fd09,admitted,[],[],[],provisional,admitted,[],[],candidate_pending_review_not_production,admitted,,candidate_pending_review_not_production
sp_en_trans:50,sp_en_trans,50,51,data/tiu_datasets/sp_en_trans.csv,9afa97c1b8af539a05f47655a80a5c7832c6fdb914885fd24cb4bcccbe2795b5,79522a44f75b199243535cd497c780c359682b30f624a1245f002947de97ff92,"{""label"":""1"",""statement"":""The Spanish word 'todo' means 'all'.""}",The Spanish word 'todo' means 'all'.,6f9155b395273b0c933ff575368b4829e4ee89034b95a463b87553b804b3188b,1,sp_en_trans,affirmative,todo,entity_a0324b087a2ddb7d227e28a5cc38e61e5f1133fd14fddf27865f268abd7405f2,train,outer_train,neg_sp_en_trans:50,,[],entity_a0324b087a2ddb7d227e28a5cc38e61e5f1133fd14fddf27865f268abd7405f2,admitted,[],[],[],provisional,admitted,[],[],candidate_pending_review_not_production,admitted,,candidate_pending_review_not_production
sp_en_trans:163,sp_en_trans,163,164,data/tiu_datasets/sp_en_trans.csv,9afa97c1b8af539a05f47655a80a5c7832c6fdb914885fd24cb4bcccbe2795b5,f6f87e460f66ecbac295d52b3587b686853574f595853a0f91a62ee6af703069,"{""label"":""0"",""statement"":""The Spanish word 'semana' means 'face'.""}",The Spanish word 'semana' means 'face'.,fc1c250b018f09e7f3ef0d79d15cabdfa7e4d686145641b2cd2049a5366ea527,0,sp_en_trans,affirmative,semana,entity_351b068ae357cd4d4bdd3eed2667535991d2d6f53ae0c06e12ac16c6fa2b676e,train,outer_train,neg_sp_en_trans:163,,[],entity_351b068ae357cd4d4bdd3eed2667535991d2d6f53ae0c06e12ac16c6fa2b676e,admitted,[],[],[],provisional,admitted,[],[],candidate_pending_review_not_production,admitted,,candidate_pending_review_not_production
sp_en_trans:295,sp_en_trans,295,296,data/tiu_datasets/sp_en_trans.csv,9afa97c1b8af539a05f47655a80a5c7832c6fdb914885fd24cb4bcccbe2795b5,4fb83a6439971a9c1cbad5c9752e3681519e1b897f2ac770be2f507aa708b186,"{""label"":""1"",""statement"":""The Spanish word 'enemigo' means 'enemy'.""}",The Spanish word 'enemigo' means 'enemy'.,73b3878687987c382301d1755dbb79ec368c7238909d9ae9df807edcbcf966c9,1,sp_en_trans,affirmative,enemigo,entity_d4b9f3b8446e2f2193222494d668f089c706a34b3a0b97182457f7e3cf2358da,train,outer_train,neg_sp_en_trans:295,,[],entity_d4b9f3b8446e2f2193222494d668f089c706a34b3a0b97182457f7e3cf2358da,admitted,[],[],[],provisional,admitted,[],[],candidate_pending_review_not_production,admitted,,candidate_pending_review_not_production
sp_en_trans:222,sp_en_trans,222,223,data/tiu_datasets/sp_en_trans.csv,9afa97c1b8af539a05f47655a80a5c7832c6fdb914885fd24cb4bcccbe2795b5,bcd5fa795d690167b4982b05ddd1baf54cb823fb3e20608595409282c3657bb6,"{""label"":""1"",""statement"":""The Spanish word 'hijo' means 'son'.""}",The Spanish word 'hijo' means 'son'.,06015fbbbbafdc8e40c78e01b325c3fc629f622371b5a56f7599af345e92c4ab,1,sp_en_trans,affirmative,hijo,entity_bc658b6771d9e1872f73f9b0710d15e4db2d15a0337ec84733433f7a40fddb03,train,outer_train,neg_sp_en_trans:222,,[],entity_bc658b6771d9e1872f73f9b0710d15e4db2d15a0337ec84733433f7a40fddb03,admitted,[],[],[],provisional,admitted,[],[],candidate_pending_review_not_production,admitted,,candidate_pending_review_not_production
sp_en_trans:220,sp_en_trans,220,221,data/tiu_datasets/sp_en_trans.csv,9afa97c1b8af539a05f47655a80a5c7832c6fdb914885fd24cb4bcccbe2795b5,69493459de3fdbe6f093aa62677c1c135903b83066c0913714c2f2d4c7568a8f,"{""label"":""1"",""statement"":""The Spanish word 'guardar' means 'to save'.""}",The Spanish word 'guardar' means 'to save'.,c41ee5b3782017ab421cb40524bd6e897137d2cde4e2cc8bdb37891472f046ac,1,sp_en_trans,affirmative,guardar,entity_9bf3b5e35cf48e658eb055ffde895dcc5f19515df832be78e6c04c6372c65ebb,train,outer_train,neg_sp_en_trans:220,,[],entity_9bf3b5e35cf48e658eb055ffde895dcc5f19515df832be78e6c04c6372c65ebb,admitted,[],[],[],provisional,admitted,[],[],candidate_pending_review_not_production,admitted,,candidate_pending_review_not_production
sp_en_trans:52,sp_en_trans,52,53,data/tiu_datasets/sp_en_trans.csv,9afa97c1b8af539a05f47655a80a5c7832c6fdb914885fd24cb4bcccbe2795b5,5c5cf06bcbb5a7ec5d26219f4028ff9aa27697d6442b11e6eaa23099077d31d7,"{""label"":""0"",""statement"":""The Spanish word 'entonces' means 'corner'.""}",The Spanish word 'entonces' means 'corner'.,ec9faa2ad479d8eed26d4a74fe4bd5e0ef9aeddae9d02f2f8f54bf22539b5753,0,sp_en_trans,affirmative,entonces,entity_49b5fc53cf4528987f70193e8dc2516b138bab53ee59c0cd3b34d6720c3b7157,train,outer_train,neg_sp_en_trans:52,,[],entity_49b5fc53cf4528987f70193e8dc2516b138bab53ee59c0cd3b34d6720c3b7157,admitted,[],[],[],provisional,admitted,[],[],candidate_pending_review_not_production,admitted,,candidate_pending_review_not_production
sp_en_trans:263,sp_en_trans,263,264,data/tiu_datasets/sp_en_trans.csv,9afa97c1b8af539a05f47655a80a5c7832c6fdb914885fd24cb4bcccbe2795b5,35272e97054b1a0dfce3780cd749289a411f5a157b854de8e35f643323272371,"{""label"":""0"",""statement"":""The Spanish word 'proteger' means 'dry'.""}",The Spanish word 'proteger' means 'dry'.,fbd8a57ac1c0daea0bf968b5409c9367e46de81ab949cb15bd08fb3ab5fbe924,0,sp_en_trans,affirmative,proteger,entity_bba5b2442cee4cdb5b0fbd81f25a9a732d024e245d52d025ad39b74aa99b7821,train,outer_train,neg_sp_en_trans:263,,[],entity_bba5b2442cee4cdb5b0fbd81f25a9a732d024e245d52d025ad39b74aa99b7821,admitted,[],[],[],provisional,admitted,[],[],candidate_pending_review_not_production,admitted,,candidate_pending_review_not_production
sp_en_trans:279,sp_en_trans,279,280,data/tiu_datasets/sp_en_trans.csv,9afa97c1b8af539a05f47655a80a5c7832c6fdb914885fd24cb4bcccbe2795b5,2c521f8fe2fc22254b6456fb1f05664a32b31731dacc4548ccd898f0e5d019fc,"{""label"":""1"",""statement"":""The Spanish word 'carne' means 'meat'.""}",The Spanish word 'carne' means 'meat'.,7ee95b2695157e7ab9e876073a71a8c11bff8091b0fa6a769c1d795b63239eac,1,sp_en_trans,affirmative,carne,entity_62bf96fef5c635c2428f06afe0c70c305fee9179add501ab8fb44bfc8d70110a,train,outer_train,neg_sp_en_trans:279,,[],entity_62bf96fef5c635c2428f06afe0c70c305fee9179add501ab8fb44bfc8d70110a,admitted,[],[],[],provisional,admitted,[],[],candidate_pending_review_not_production,admitted,,candidate_pending_review_not_production
sp_en_trans:282,sp_en_trans,282,283,data/tiu_datasets/sp_en_trans.csv,9afa97c1b8af539a05f47655a80a5c7832c6fdb914885fd24cb4bcccbe2795b5,d3246322b77ccf49984c2a40a608b5237514f096addc0969481f177eca90f119,"{""label"":""1"",""statement"":""The Spanish word 'delgado' means 'thin'.""}",The Spanish word 'delgado' means 'thin'.,f1f9367371f56487b30a7b88d11bc3d9babae6b681b7728e2ca081e4648f2e42,1,sp_en_trans,affirmative,delgado,entity_21325e32e76adc80f3b853b6d4a65b2b4d4a99dc9127422a6d87dea9eae4319d,train,outer_train,neg_sp_en_trans:282,,[],entity_21325e32e76adc80f3b853b6d4a65b2b4d4a99dc9127422a6d87dea9eae4319d,admitted,[],[],[],provisional,admitted,[],[],candidate_pending_review_not_production,admitted,,candidate_pending_review_not_production
sp_en_trans:322,sp_en_trans,322,323,data/tiu_datasets/sp_en_trans.csv,9afa97c1b8af539a05f47655a80a5c7832c6fdb914885fd24cb4bcccbe2795b5,ec562208660e8f06a0bfdd2c0b4a6becb1598e5548a3a62da8c6f0efe33bebfe,"{""label"":""1"",""statement"":""The Spanish word 'lanzar' means 'to throw'.""}",The Spanish word 'lanzar' means 'to throw'.,6cccc83e4412f3dbfeb090b19961f4f26e0b2b3dc17d88cfb7133a011e5cffc7,1,sp_en_trans,affirmative,lanzar,entity_c97c2e09f126cc13f4f534c46b81cad5f27eaaeb6deb393941b9c8872b8e46ee,train,outer_train,neg_sp_en_trans:322,,[],entity_c97c2e09f126cc13f4f534c46b81cad5f27eaaeb6deb393941b9c8872b8e46ee,admitted,[],[],[],provisional,admitted,[],[],candidate_pending_review_not_production,admitted,,candidate_pending_review_not_production
sp_en_trans:130,sp_en_trans,130,131,data/tiu_datasets/sp_en_trans.csv,9afa97c1b8af539a05f47655a80a5c7832c6fdb914885fd24cb4bcccbe2795b5,b41c226f58d68d1577aae30b50e2ae145864e504d5311113445cea75a5624281,"{""label"":""1"",""statement"":""The Spanish word 'fuego' means 'fire'.""}",The Spanish word 'fuego' means 'fire'.,6348c58f1f4b05db74782a751e8455e668ee0d8b3ca858737005d5a01f2c74d0,1,sp_en_trans,affirmative,fuego,entity_724ac93aed54018b5e5e8e6f9690d005bddf9d55dc4c6b0616eda0d83ab0f21e,train,outer_train,neg_sp_en_trans:130,,[],entity_724ac93aed54018b5e5e8e6f9690d005bddf9d55dc4c6b0616eda0d83ab0f21e,admitted,[],[],[],provisional,admitted,[],[],candidate_pending_review_not_production,admitted,,candidate_pending_review_not_production
sp_en_trans:112,sp_en_trans,112,113,data/tiu_datasets/sp_en_trans.csv,9afa97c1b8af539a05f47655a80a5c7832c6fdb914885fd24cb4bcccbe2795b5,0115ab768f693398ca460ed757eeb9cc17d7a164c1c207bd1e4a1fd1fcf54e26,"{""label"":""0"",""statement"":""The Spanish word 'joven' means 'hot'.""}",The Spanish word 'joven' means 'hot'.,dc78f1d1ea4143c597234d10087a54fd59e2d68eeb21b74365f3a2850ac5884e,0,sp_en_trans,affirmative,joven,entity_1fdbe7ebff863d08c5ca3faa2d28822a4e5b32aa75d89770d78b49de8e380839,train,outer_train,neg_sp_en_trans:112,,[],entity_1fdbe7ebff863d08c5ca3faa2d28822a4e5b32aa75d89770d78b49de8e380839,admitted,[],[],[],provisional,admitted,[],[],candidate_pending_review_not_production,admitted,,candidate_pending_review_not_production
neg_sp_en_trans:54,neg_sp_en_trans,54,55,data/tiu_datasets/neg_sp_en_trans.csv,bec33e37047135b15cdd18c0cb0c66b65fb435ace08910cbcc220ce1ef610c96,3ef5d1d9be40bec5e92442b5a5d8f22013f37acacec37d1dd4d901d9de14aada,"{""label"":""1"",""statement"":""The Spanish word 'largo' does not mean 'history'.""}",The Spanish word 'largo' does not mean 'history'.,3bfe51c4040a7275f86a8b6a9031e8ff5faa67d5f82d87413ded2e02c2eab456,1,sp_en_trans,negated,largo,entity_72e782b9a4ec265b9b58e990dd802cf1a3fb9ae5bf4216d5d86fc6efbd22fcc1,train,outer_train,sp_en_trans:54,,[],entity_72e782b9a4ec265b9b58e990dd802cf1a3fb9ae5bf4216d5d86fc6efbd22fcc1,admitted,[],[],[],provisional,admitted,[],[],candidate_pending_review_not_production,admitted,,candidate_pending_review_not_production
neg_sp_en_trans:56,neg_sp_en_trans,56,57,data/tiu_datasets/neg_sp_en_trans.csv,bec33e37047135b15cdd18c0cb0c66b65fb435ace08910cbcc220ce1ef610c96,2c6eb742bf8c7621d49c78ce1a12b63e45a25cbb45697b2299267c8f7fef4690,"{""label"":""0"",""statement"":""The Spanish word 'cosa' does not mean 'thing'.""}",The Spanish word 'cosa' does not mean 'thing'.,05b4c05d31356403644513fd182eacf2cac497def4d1c686c8c883366ca31425,0,sp_en_trans,negated,cosa,entity_ee4f7143b8b85f1be38c688c442502e200fc2f6d829af031937308bb494c04ae,train,outer_train,sp_en_trans:56,,[],entity_ee4f7143b8b85f1be38c688c442502e200fc2f6d829af031937308bb494c04ae,admitted,[],[],[],provisional,admitted,[],[],candidate_pending_review_not_production,admitted,,candidate_pending_review_not_production
neg_sp_en_trans:53,neg_sp_en_trans,53,54,data/tiu_datasets/neg_sp_en_trans.csv,bec33e37047135b15cdd18c0cb0c66b65fb435ace08910cbcc220ce1ef610c96,8dabb86ccb740e6295c1395f496d28b728749d0b9cc0da3822b3b592454d0db2,"{""label"":""0"",""statement"":""The Spanish word 'escribir' does not mean 'to write'.""}",The Spanish word 'escribir' does not mean 'to write'.,3ee9df3a2b9cf0dbd7e9c21471400bfff255f6742dbedb3f04190b45c5933d76,0,sp_en_trans,negated,escribir,entity_dbf6345373ea7cfc6751d26124ff2778919ef00519e7bb7a50d801070ef296aa,train,outer_train,sp_en_trans:53,,[],entity_dbf6345373ea7cfc6751d26124ff2778919ef00519e7bb7a50d801070ef296aa,admitted,[],[],[],provisional,admitted,[],[],candidate_pending_review_not_production,admitted,,candidate_pending_review_not_production
neg_sp_en_trans:120,neg_sp_en_trans,120,121,data/tiu_datasets/neg_sp_en_trans.csv,bec33e37047135b15cdd18c0cb0c66b65fb435ace08910cbcc220ce1ef610c96,fe889c3eda87a4e76a5768b8a4e0501477459966b00d30880a6bf432a00802f1,"{""label"":""0"",""statement"":""The Spanish word 'familia' does not mean 'family'.""}",The Spanish word 'familia' does not mean 'family'.,1920d389474f04785d55bb214cff52d1447e69d8fe74985c78c58d99fe96dd7d,0,sp_en_trans,negated,familia,entity_66b8f618bc1c517c0e37e2f2be9505b84d16fd70dc8fd1b9ec9b9366bd64959a,train,outer_train,sp_en_trans:120,,[],entity_66b8f618bc1c517c0e37e2f2be9505b84d16fd70dc8fd1b9ec9b9366bd64959a,admitted,[],[],[],provisional,admitted,[],[],candidate_pending_review_not_production,admitted,,candidate_pending_review_not_production
neg_sp_en_trans:60,neg_sp_en_trans,60,61,data/tiu_datasets/neg_sp_en_trans.csv,bec33e37047135b15cdd18c0cb0c66b65fb435ace08910cbcc220ce1ef610c96,42fb047e9edb9f3902ee8f41b47df124f2f96490d92299cdaed07dd0c2fe7577,"{""label"":""0"",""statement"":""The Spanish word 'persona' does not mean 'person'.""}",The Spanish word 'persona' does not mean 'person'.,5e5b2ee064ac192014b8d634a269ad75b980fb80c36b5a574c1c23351819557c,0,sp_en_trans,negated,persona,entity_ddfb6f2d8c0d820a60118049488ddc8af3e48488ee053892bbb4d936f9d0a307,train,outer_train,sp_en_trans:60,,[],entity_ddfb6f2d8c0d820a60118049488ddc8af3e48488ee053892bbb4d936f9d0a307,admitted,[],[],[],provisional,admitted,[],[],candidate_pending_review_not_production,admitted,,candidate_pending_review_not_production
neg_sp_en_trans:128,neg_sp_en_trans,128,129,data/tiu_datasets/neg_sp_en_trans.csv,bec33e37047135b15cdd18c0cb0c66b65fb435ace08910cbcc220ce1ef610c96,9f74131ed77cd04f88bc8af2a58a1269c1386160b2277e98aa12f3016e6b1cd0,"{""label"":""0"",""statement"":""The Spanish word 'roca' does not mean 'rock'.""}",The Spanish word 'roca' does not mean 'rock'.,8e84e95010e99a71a6d3c3a0a8d75b99c1d7497bb5e5fd78b0ba9f33f5bca98e,0,sp_en_trans,negated,roca,entity_c1e48ab217e8b040c0f55f8e1639ee74f83390763f2966ad83ed3a27085a0259,train,outer_train,sp_en_trans:128,,[],entity_c1e48ab217e8b040c0f55f8e1639ee74f83390763f2966ad83ed3a27085a0259,admitted,[],[],[],provisional,admitted,[],[],candidate_pending_review_not_production,admitted,,candidate_pending_review_not_production
neg_sp_en_trans:270,neg_sp_en_trans,270,271,data/tiu_datasets/neg_sp_en_trans.csv,bec33e37047135b15cdd18c0cb0c66b65fb435ace08910cbcc220ce1ef610c96,9bcfaae5511a9d4ff47462cb3626f15496e9303ae303611dd63aa212b1078b96,"{""label"":""0"",""statement"":""The Spanish word 'hueso' does not mean 'bone'.""}",The Spanish word 'hueso' does not mean 'bone'.,403bb9ef26e70ad5beff26fa65a8b18bfd521012eaa7487fc4530f811e17ea7d,0,sp_en_trans,negated,hueso,entity_68e8db43bf8e968028a1330b916dd3f01ab6d8df57d81961c5a43e905901708d,train,outer_train,sp_en_trans:270,,[],entity_68e8db43bf8e968028a1330b916dd3f01ab6d8df57d81961c5a43e905901708d,admitted,[],[],[],provisional,admitted,[],[],candidate_pending_review_not_production,admitted,,candidate_pending_review_not_production
neg_sp_en_trans:65,neg_sp_en_trans,65,66,data/tiu_datasets/neg_sp_en_trans.csv,bec33e37047135b15cdd18c0cb0c66b65fb435ace08910cbcc220ce1ef610c96,19e6c2f52ee977c6e159ced2c0a92c0b9c9326a5ee77c45bcee48de0f2879d27,"{""label"":""0"",""statement"":""The Spanish word 'ahora' does not mean 'now'.""}",The Spanish word 'ahora' does not mean 'now'.,873da1cb869f5fef4f0ce150df94f6fefc7048e2f58e55376b7ebd8bf31364a3,0,sp_en_trans,negated,ahora,entity_9e995c8d03844882706c9a86caaa88c2eb8a9c1c1f27cd11ae506becc037f465,train,outer_train,sp_en_trans:65,,[],entity_9e995c8d03844882706c9a86caaa88c2eb8a9c1c1f27cd11ae506becc037f465,admitted,[],[],[],provisional,admitted,[],[],candidate_pending_review_not_production,admitted,,candidate_pending_review_not_production
neg_sp_en_trans:77,neg_sp_en_trans,77,78,data/tiu_datasets/neg_sp_en_trans.csv,bec33e37047135b15cdd18c0cb0c66b65fb435ace08910cbcc220ce1ef610c96,0754a9ff71161c8f74ced322345c271256faa1da5a5c13d9b35dc8b10bdfdd50,"{""label"":""0"",""statement"":""The Spanish word 'ciudad' does not mean 'city'.""}",The Spanish word 'ciudad' does not mean 'city'.,7111685fb0499ac798c5102e1f7493a144f186181c8ab3ef44608c6246ae62f0,0,sp_en_trans,negated,ciudad,entity_e95522b64ab49dd7816cf3c59f842e84e08c8f2a71d13e3fb0a2b3df2faa56f0,train,outer_train,sp_en_trans:77,,[],entity_e95522b64ab49dd7816cf3c59f842e84e08c8f2a71d13e3fb0a2b3df2faa56f0,admitted,[],[],[],provisional,admitted,[],[],candidate_pending_review_not_production,admitted,,candidate_pending_review_not_production
neg_sp_en_trans:64,neg_sp_en_trans,64,65,data/tiu_datasets/neg_sp_en_trans.csv,bec33e37047135b15cdd18c0cb0c66b65fb435ace08910cbcc220ce1ef610c96,4aa27cb502d9df668ec765b1c4506cc2eb8e80961b3cbeb2691490f950d87dfb,"{""label"":""1"",""statement"":""The Spanish word 'lado' does not mean 'equal'.""}",The Spanish word 'lado' does not mean 'equal'.,65b76f178804135804549ccb1f5971f2b520b0d25b4d46a5985f146847a07c98,1,sp_en_trans,negated,lado,entity_8bbe35e94663c33fcd2abc5498fd1e47bd9d1db1bad9f26796a77c1ae3725fb7,train,outer_train,sp_en_trans:64,,[],entity_8bbe35e94663c33fcd2abc5498fd1e47bd9d1db1bad9f26796a77c1ae3725fb7,admitted,[],[],[],provisional,admitted,[],[],candidate_pending_review_not_production,admitted,,candidate_pending_review_not_production
neg_sp_en_trans:324,neg_sp_en_trans,324,325,data/tiu_datasets/neg_sp_en_trans.csv,bec33e37047135b15cdd18c0cb0c66b65fb435ace08910cbcc220ce1ef610c96,06b0420ae3b3b1f90b2cb0f2b9c572ab42dbf4ec35abba6f501926e6a05cf672,"{""label"":""1"",""statement"":""The Spanish word 'sal' does not mean 'horse'.""}",The Spanish word 'sal' does not mean 'horse'.,d8ed579a220834ce03d373d35ec3c8b1cf05eedce61e9dd1c29895719177942d,1,sp_en_trans,negated,sal,entity_d09a7a93ab4e8c6cfa8d61b892ec8fb0f267137f8e3987d5b2d3226d043b052b,train,outer_train,sp_en_trans:324,,[],entity_d09a7a93ab4e8c6cfa8d61b892ec8fb0f267137f8e3987d5b2d3226d043b052b,admitted,[],[],[],provisional,admitted,[],[],candidate_pending_review_not_production,admitted,,candidate_pending_review_not_production
neg_sp_en_trans:191,neg_sp_en_trans,191,192,data/tiu_datasets/neg_sp_en_trans.csv,bec33e37047135b15cdd18c0cb0c66b65fb435ace08910cbcc220ce1ef610c96,053aec02d5b5639d00c340c55635d3b8cf1bec07dbce29b8a13290121f1ee2b8,"{""label"":""0"",""statement"":""The Spanish word 'presente' does not mean 'present'.""}",The Spanish word 'presente' does not mean 'present'.,ace2c177e5f8458eb6a942d8f4bc5006636d7c7e588323b65b606303a43046fe,0,sp_en_trans,negated,presente,entity_4f9058348028112b928424202ccd4b1322f785ace9cceccc333c535423435e90,train,outer_train,sp_en_trans:191,,[],entity_4f9058348028112b928424202ccd4b1322f785ace9cceccc333c535423435e90,admitted,[],[],[],provisional,admitted,[],[],candidate_pending_review_not_production,admitted,,candidate_pending_review_not_production
neg_sp_en_trans:234,neg_sp_en_trans,234,235,data/tiu_datasets/neg_sp_en_trans.csv,bec33e37047135b15cdd18c0cb0c66b65fb435ace08910cbcc220ce1ef610c96,fb76ca1de45a6340cf91a2553cc10682cda3f37d083d97032aa946924fd94aeb,"{""label"":""1"",""statement"":""The Spanish word 'clave' does not mean 'rose'.""}",The Spanish word 'clave' does not mean 'rose'.,cb996a811539352f5d496540a4d9eb35700086ccd98195be97d3f16f9e24f155,1,sp_en_trans,negated,clave,entity_1651443fcf831d1230fd4d3fbfe0ee58b93cfeb9e330e7879f413272009d6b86,train,outer_train,sp_en_trans:234,,[],entity_1651443fcf831d1230fd4d3fbfe0ee58b93cfeb9e330e7879f413272009d6b86,admitted,[],[],[],provisional,admitted,[],[],candidate_pending_review_not_production,admitted,,candidate_pending_review_not_production
neg_sp_en_trans:73,neg_sp_en_trans,73,74,data/tiu_datasets/neg_sp_en_trans.csv,bec33e37047135b15cdd18c0cb0c66b65fb435ace08910cbcc220ce1ef610c96,2f53cc4540def6b7a7b227c24407f0c81f039f964997ee453e616eb56b14bb50,"{""label"":""0"",""statement"":""The Spanish word 'sol' does not mean 'sun'.""}",The Spanish word 'sol' does not mean 'sun'.,8d455ae8e82ea158a045fea2625d49ac0a3278fc995377ccce47b9902f395eab,0,sp_en_trans,negated,sol,entity_44093dce1f480a642732300c4e2c9a637525e4cb7860ddcadae586a549d13ff3,train,outer_train,sp_en_trans:73,,[],entity_44093dce1f480a642732300c4e2c9a637525e4cb7860ddcadae586a549d13ff3,admitted,[],[],[],provisional,admitted,[],[],candidate_pending_review_not_production,admitted,,candidate_pending_review_not_production
neg_sp_en_trans:173,neg_sp_en_trans,173,174,data/tiu_datasets/neg_sp_en_trans.csv,bec33e37047135b15cdd18c0cb0c66b65fb435ace08910cbcc220ce1ef610c96,645523d7708fc0bd4aa5729db132c5807b2a4ac6bd2fa21ee85323c9b5090b6f,"{""label"":""0"",""statement"":""The Spanish word 'suelo' does not mean 'ground'.""}",The Spanish word 'suelo' does not mean 'ground'.,97a35c90af271240ef46cd6e18890aa17d4a837ed6fb70499a8b3d2a19d2c5d6,0,sp_en_trans,negated,suelo,entity_3ddaa8a7982b03dc6245ad7fbdf4d0b16bafa100fba970afbe919cd06cb5f221,train,outer_train,sp_en_trans:173,,[],entity_3ddaa8a7982b03dc6245ad7fbdf4d0b16bafa100fba970afbe919cd06cb5f221,admitted,[],[],[],provisional,admitted,[],[],candidate_pending_review_not_production,admitted,,candidate_pending_review_not_production
neg_sp_en_trans:338,neg_sp_en_trans,338,339,data/tiu_datasets/neg_sp_en_trans.csv,bec33e37047135b15cdd18c0cb0c66b65fb435ace08910cbcc220ce1ef610c96,4720a18d20dcfd00a35732bd547955358e376e9b233d8395366143c6f95a6073,"{""label"":""0"",""statement"":""The Spanish word 'rana' does not mean 'frog'.""}",The Spanish word 'rana' does not mean 'frog'.,0a955249297fb26418b7a806c80f3211d8e15a0a116cb62a8ab519a9f15793e4,0,sp_en_trans,negated,rana,entity_3874f4f3505a19a05e0bc0a8e79f769416dfa803047cdf316a5f7caefa2cf61a,train,outer_train,sp_en_trans:338,,[],entity_3874f4f3505a19a05e0bc0a8e79f769416dfa803047cdf316a5f7caefa2cf61a,admitted,[],[],[],provisional,admitted,[],[],candidate_pending_review_not_production,admitted,,candidate_pending_review_not_production
neg_sp_en_trans:30,neg_sp_en_trans,30,31,data/tiu_datasets/neg_sp_en_trans.csv,bec33e37047135b15cdd18c0cb0c66b65fb435ace08910cbcc220ce1ef610c96,3beee23d3f19130c3c3f9882c81bd98d02cb87a07d35f928a618b23be8ff0d73,"{""label"":""1"",""statement"":""The Spanish word 'mundo' does not mean 'zebra'.""}",The Spanish word 'mundo' does not mean 'zebra'.,480bc7a423c859993fda1c372e92a1922b9e6cba7d88cfae16428b7cdb1798a0,1,sp_en_trans,negated,mundo,entity_c0428ff69ea2ed8c7a0b30e5257f8649c70d6673212c0891443eb24950c3cf75,train,outer_train,sp_en_trans:30,,[],entity_c0428ff69ea2ed8c7a0b30e5257f8649c70d6673212c0891443eb24950c3cf75,admitted,[],[],[],provisional,admitted,[],[],candidate_pending_review_not_production,admitted,,candidate_pending_review_not_production
neg_sp_en_trans:94,neg_sp_en_trans,94,95,data/tiu_datasets/neg_sp_en_trans.csv,bec33e37047135b15cdd18c0cb0c66b65fb435ace08910cbcc220ce1ef610c96,36e71f35d679781ae286ff615b337d4c82fd080116a8cd11260b6a4a456cc15d,"{""label"":""1"",""statement"":""The Spanish word 'escuchar' does not mean 'market'.""}",The Spanish word 'escuchar' does not mean 'market'.,c2c91b62bac74d236d659db9f2729b2d9d73e0bb4aaf494b701427bb1c0e9889,1,sp_en_trans,negated,escuchar,entity_52a1a015507569faf7f16063256c28c07b7ca279f320be7d1ffb8275fb98cf5c,train,outer_train,sp_en_trans:94,,[],entity_52a1a015507569faf7f16063256c28c07b7ca279f320be7d1ffb8275fb98cf5c,admitted,[],[],[],provisional,admitted,[],[],candidate_pending_review_not_production,admitted,,candidate_pending_review_not_production
neg_sp_en_trans:235,neg_sp_en_trans,235,236,data/tiu_datasets/neg_sp_en_trans.csv,bec33e37047135b15cdd18c0cb0c66b65fb435ace08910cbcc220ce1ef610c96,a0b16985628f023b03fbdcc7bdfdfd762f623c8ee6680ccbbbe0718f4eddbe99,"{""label"":""0"",""statement"":""The Spanish word 'hierro' does not mean 'iron'.""}",The Spanish word 'hierro' does not mean 'iron'.,3137d91379fc6af25222ae527b097089b07d5d882a3dc044a6f988f3cf762d5b,0,sp_en_trans,negated,hierro,entity_ba8b34056856927617cca817aa6f6a67a18d3a8e5153f9e615da7728ee9b701f,train,outer_train,sp_en_trans:235,,[],entity_ba8b34056856927617cca817aa6f6a67a18d3a8e5153f9e615da7728ee9b701f,admitted,[],[],[],provisional,admitted,[],[],candidate_pending_review_not_production,admitted,,candidate_pending_review_not_production
neg_sp_en_trans:43,neg_sp_en_trans,43,44,data/tiu_datasets/neg_sp_en_trans.csv,bec33e37047135b15cdd18c0cb0c66b65fb435ace08910cbcc220ce1ef610c96,79c71f7d92b47fd94dd5ee41e2790f990fd3af9a0c44cdd502636c61a6ed5f4b,"{""label"":""0"",""statement"":""The Spanish word 'pensar' does not mean 'to think'.""}",The Spanish word 'pensar' does not mean 'to think'.,b41f80fa13339faadfcd6871bc91c63a98d8ce1e2181cea12f6318cd08fafced,0,sp_en_trans,negated,pensar,entity_1d3779c42128af98eba8859773bddecbdae953a10ca1ce3963df19466aa5abfa,train,outer_train,sp_en_trans:43,,[],entity_1d3779c42128af98eba8859773bddecbdae953a10ca1ce3963df19466aa5abfa,admitted,[],[],[],provisional,admitted,[],[],candidate_pending_review_not_production,admitted,,candidate_pending_review_not_production
neg_sp_en_trans:125,neg_sp_en_trans,125,126,data/tiu_datasets/neg_sp_en_trans.csv,bec33e37047135b15cdd18c0cb0c66b65fb435ace08910cbcc220ce1ef610c96,1abbf69d6a91dccd986685a4f018bf7f4568d78ab84e2e082ef36538ba865c5e,"{""label"":""0"",""statement"":""The Spanish word 'clase' does not mean 'class'.""}",The Spanish word 'clase' does not mean 'class'.,747344371ba5600a7e4bed380b2351c3a1e7b5dc32395d61330636de44b2ec35,0,sp_en_trans,negated,clase,entity_91edf1252d810ebe362176d3a1e27f41b58019c84ddfb1cff0ea7aeeaad540e7,train,outer_train,sp_en_trans:125,,[],entity_91edf1252d810ebe362176d3a1e27f41b58019c84ddfb1cff0ea7aeeaad540e7,admitted,[],[],[],provisional,admitted,[],[],candidate_pending_review_not_production,admitted,,candidate_pending_review_not_production
neg_sp_en_trans:291,neg_sp_en_trans,291,292,data/tiu_datasets/neg_sp_en_trans.csv,bec33e37047135b15cdd18c0cb0c66b65fb435ace08910cbcc220ce1ef610c96,ef8cfd2ab5397adff22dd23455636045c177c15c830e13bec6ef0cb4173ec8a7,"{""label"":""0"",""statement"":""The Spanish word 'oferta' does not mean 'offer'.""}",The Spanish word 'oferta' does not mean 'offer'.,4a75991dc4e763d3b6369d2fb7526f37429210c83f67d57c9a421b20aefce833,0,sp_en_trans,negated,oferta,entity_edf3a2c5e440bb61a97511b1f110a446089ac2b46265b8d224e9656130ef9e36,train,outer_train,sp_en_trans:291,,[],entity_edf3a2c5e440bb61a97511b1f110a446089ac2b46265b8d224e9656130ef9e36,admitted,[],[],[],provisional,admitted,[],[],candidate_pending_review_not_production,admitted,,candidate_pending_review_not_production
neg_sp_en_trans:218,neg_sp_en_trans,218,219,data/tiu_datasets/neg_sp_en_trans.csv,bec33e37047135b15cdd18c0cb0c66b65fb435ace08910cbcc220ce1ef610c96,1c47a8c54b3eb4b4e070b4e3a61cc4cdce56d563b81e5928e20d95f4c8f41f49,"{""label"":""1"",""statement"":""The Spanish word 'igual' does not mean 'to imagine'.""}",The Spanish word 'igual' does not mean 'to imagine'.,9651fccad4db1cdd872bf077ed0650fd769414b7148cc1a4d2d954efe90c405e,1,sp_en_trans,negated,igual,entity_7f487139f23ff98ee83111a6e8a77c66d98f360fdd1609aec257eadb28000cf3,train,outer_train,sp_en_trans:218,,[],entity_7f487139f23ff98ee83111a6e8a77c66d98f360fdd1609aec257eadb28000cf3,admitted,[],[],[],provisional,admitted,[],[],candidate_pending_review_not_production,admitted,,candidate_pending_review_not_production
neg_sp_en_trans:194,neg_sp_en_trans,194,195,data/tiu_datasets/neg_sp_en_trans.csv,bec33e37047135b15cdd18c0cb0c66b65fb435ace08910cbcc220ce1ef610c96,9a4ff522acbf1aa401a9d11046825bfbce2c2385fac041d9c9b5a2d72c325b95,"{""label"":""1"",""statement"":""The Spanish word 'ventana' does not mean 'half'.""}",The Spanish word 'ventana' does not mean 'half'.,96913440e7e3aaebabe855aa90087904e454603b4273e079ac39babb55725864,1,sp_en_trans,negated,ventana,entity_0ba5674a48e9ae88f3e8aa5e46d51f2e9308e593a256606e89f2dabfce781bb4,train,outer_train,sp_en_trans:194,,[],entity_0ba5674a48e9ae88f3e8aa5e46d51f2e9308e593a256606e89f2dabfce781bb4,admitted,[],[],[],provisional,admitted,[],[],candidate_pending_review_not_production,admitted,,candidate_pending_review_not_production
neg_sp_en_trans:327,neg_sp_en_trans,327,328,data/tiu_datasets/neg_sp_en_trans.csv,bec33e37047135b15cdd18c0cb0c66b65fb435ace08910cbcc220ce1ef610c96,7d3da7d4e3ab3746bf13043cc81def02c912a13678b3bc66526c1a0f894bc2b5,"{""label"":""1"",""statement"":""The Spanish word 'cabra' does not mean 'money'.""}",The Spanish word 'cabra' does not mean 'money'.,c9d8bee1f45da087e364291aaca021c35b8bcc19572310ee5774a6b4aa8ab6c6,1,sp_en_trans,negated,cabra,entity_a7bb8692ab44359d0f722bb79d4eff6dd636b7f219e1bb04b0f07c8c8f18a711,train,outer_train,sp_en_trans:327,,[],entity_a7bb8692ab44359d0f722bb79d4eff6dd636b7f219e1bb04b0f07c8c8f18a711,admitted,[],[],[],provisional,admitted,[],[],candidate_pending_review_not_production,admitted,,candidate_pending_review_not_production
neg_sp_en_trans:0,neg_sp_en_trans,0,1,data/tiu_datasets/neg_sp_en_trans.csv,bec33e37047135b15cdd18c0cb0c66b65fb435ace08910cbcc220ce1ef610c96,a1bad3074753df26b22d4b34db418cb53e2f59e07208a74e75d2a918a91d0095,"{""label"":""1"",""statement"":""The Spanish word 'con' does not mean 'to speak'.""}",The Spanish word 'con' does not mean 'to speak'.,321b787ad6d359f212df66393bca0af398de4a34434879418236e7c11b84cb7a,1,sp_en_trans,negated,con,entity_a1f85c94704d91d59dbc15b958049b3b51687ad0a374191264444aa632758f5c,train,outer_train,sp_en_trans:0,,[],entity_a1f85c94704d91d59dbc15b958049b3b51687ad0a374191264444aa632758f5c,admitted,[],[],[],provisional,admitted,[],[],candidate_pending_review_not_production,admitted,,candidate_pending_review_not_production
neg_sp_en_trans:342,neg_sp_en_trans,342,343,data/tiu_datasets/neg_sp_en_trans.csv,bec33e37047135b15cdd18c0cb0c66b65fb435ace08910cbcc220ce1ef610c96,7c32b773a36225a4db312715b441be4cfd420d9a840141df7206e6122d9e756b,"{""label"":""1"",""statement"":""The Spanish word 'pulpo' does not mean 'slow'.""}",The Spanish word 'pulpo' does not mean 'slow'.,2370f78315c950853ecd04a42594044dc7cb33b895aae493afc0cbb0f2df4f10,1,sp_en_trans,negated,pulpo,entity_e35b10a8f9aad38cb83f942b8b899c70f755fe653cfde3cefc6c3b69e2ce08b6,train,outer_train,sp_en_trans:342,,[],entity_e35b10a8f9aad38cb83f942b8b899c70f755fe653cfde3cefc6c3b69e2ce08b6,admitted,[],[],[],provisional,admitted,[],[],candidate_pending_review_not_production,admitted,,candidate_pending_review_not_production
neg_sp_en_trans:180,neg_sp_en_trans,180,181,data/tiu_datasets/neg_sp_en_trans.csv,bec33e37047135b15cdd18c0cb0c66b65fb435ace08910cbcc220ce1ef610c96,517bc195ff8ce064e8305835df993d74eb33f2527b733feb64e9b5e52529fd62,"{""label"":""1"",""statement"":""The Spanish word 'amar' does not mean 'teeth'.""}",The Spanish word 'amar' does not mean 'teeth'.,7d2c792c4abdbc174364af03f9be185a1897c043f4c2996da42a7801aded31ad,1,sp_en_trans,negated,amar,entity_72a1a81bef35e3dda053189267ad17b7dd54ae3f1a37b35e715aeedbffbb305f,train,outer_train,sp_en_trans:180,,[],entity_72a1a81bef35e3dda053189267ad17b7dd54ae3f1a37b35e715aeedbffbb305f,admitted,[],[],[],provisional,admitted,[],[],candidate_pending_review_not_production,admitted,,candidate_pending_review_not_production
neg_sp_en_trans:26,neg_sp_en_trans,26,27,data/tiu_datasets/neg_sp_en_trans.csv,bec33e37047135b15cdd18c0cb0c66b65fb435ace08910cbcc220ce1ef610c96,616e9bccb774156fc72a21e443e92ee0c9b716624547241494077d36bee4b522,"{""label"":""1"",""statement"":""The Spanish word 'preguntar' does not mean 'to describe'.""}",The Spanish word 'preguntar' does not mean 'to describe'.,d50d2bd9197db2a99d4b9ee25d63d2a9ae84a509868082e781cb84f45200ccb4,1,sp_en_trans,negated,preguntar,entity_6433a41bc74cd0f9acbe41ffa55c0e7be831c3854b44e001339c9a41d7528a2d,train,outer_train,sp_en_trans:26,,[],entity_6433a41bc74cd0f9acbe41ffa55c0e7be831c3854b44e001339c9a41d7528a2d,admitted,[],[],[],provisional,admitted,[],[],candidate_pending_review_not_production,admitted,,candidate_pending_review_not_production
neg_sp_en_trans:328,neg_sp_en_trans,328,329,data/tiu_datasets/neg_sp_en_trans.csv,bec33e37047135b15cdd18c0cb0c66b65fb435ace08910cbcc220ce1ef610c96,37623890bd219549012da7ce84b386d30d7e192711d00bb7e63826a5f38d6633,"{""label"":""1"",""statement"":""The Spanish word 'cordero' does not mean 'fat'.""}",The Spanish word 'cordero' does not mean 'fat'.,23b6f0a691d691bda7fbe8380bfcb05a9d3ea40a8376285475cfaa49f1fd32fc,1,sp_en_trans,negated,cordero,entity_0c7d0d005684451a6d1437b5eef4d904508e1dc2b82aac2216002ba28eb24f17,train,outer_train,sp_en_trans:328,,[],entity_0c7d0d005684451a6d1437b5eef4d904508e1dc2b82aac2216002ba28eb24f17,admitted,[],[],[],provisional,admitted,[],[],candidate_pending_review_not_production,admitted,,candidate_pending_review_not_production
neg_sp_en_trans:301,neg_sp_en_trans,301,302,data/tiu_datasets/neg_sp_en_trans.csv,bec33e37047135b15cdd18c0cb0c66b65fb435ace08910cbcc220ce1ef610c96,abc3cc52c1d90eaaaf58cbadf705afef5654c26810a8dbdac413c27926bf8122,"{""label"":""1"",""statement"":""The Spanish word 'temporada' does not mean 'insect'.""}",The Spanish word 'temporada' does not mean 'insect'.,234a0f496b8b09421f0c1fdb0503a297ec8f71bc0707e3864970f0e680675013,1,sp_en_trans,negated,temporada,entity_5726f25949bec40dafb95a4b50dae3605d144692c69a197f8eac2ac1ac057768,train,outer_train,sp_en_trans:301,,[],entity_5726f25949bec40dafb95a4b50dae3605d144692c69a197f8eac2ac1ac057768,admitted,[],[],[],provisional,admitted,[],[],candidate_pending_review_not_production,admitted,,candidate_pending_review_not_production
neg_sp_en_trans:154,neg_sp_en_trans,154,155,data/tiu_datasets/neg_sp_en_trans.csv,bec33e37047135b15cdd18c0cb0c66b65fb435ace08910cbcc220ce1ef610c96,ea0a9a4754ab0be8e53720be7e2761c8e04b454d3b81f90df6f2e593027f79cc,"{""label"":""1"",""statement"":""The Spanish word 'calor' does not mean 'dry'.""}",The Spanish word 'calor' does not mean 'dry'.,f114ffc76f70ba8993e3d154b0322e0aa1eb43d2603de52f059374df89b29955,1,sp_en_trans,negated,calor,entity_90411a9ea6f99997fdb812b44b54b8cbf768b3d4c6cb5baf3567433285bceb2d,train,outer_train,sp_en_trans:154,,[],entity_90411a9ea6f99997fdb812b44b54b8cbf768b3d4c6cb5baf3567433285bceb2d,admitted,[],[],[],provisional,admitted,[],[],candidate_pending_review_not_production,admitted,,candidate_pending_review_not_production
neg_sp_en_trans:38,neg_sp_en_trans,38,39,data/tiu_datasets/neg_sp_en_trans.csv,bec33e37047135b15cdd18c0cb0c66b65fb435ace08910cbcc220ce1ef610c96,17376986532e4ddec5216406f3327a3903030c78a0209522f75d8fa797e34eab,"{""label"":""0"",""statement"":""The Spanish word 'espalda' does not mean 'back'.""}",The Spanish word 'espalda' does not mean 'back'.,897aada4b1fde39324b2922bb8419c9f0d528e2bd44214a2a2b8a3eb77d8dc8f,0,sp_en_trans,negated,espalda,entity_718355cfbdd98ea6806604afb4fce60f93443f2c365e1692acc03fa18c470448,train,outer_train,sp_en_trans:38,,[],entity_718355cfbdd98ea6806604afb4fce60f93443f2c365e1692acc03fa18c470448,admitted,[],[],[],provisional,admitted,[],[],candidate_pending_review_not_production,admitted,,candidate_pending_review_not_production
neg_sp_en_trans:333,neg_sp_en_trans,333,334,data/tiu_datasets/neg_sp_en_trans.csv,bec33e37047135b15cdd18c0cb0c66b65fb435ace08910cbcc220ce1ef610c96,ea8d11f4e61ad2cd2e74a3d65bbb9183c4ee2c9fa0544779fd154babd4f1f8a7,"{""label"":""0"",""statement"":""The Spanish word 'toro' does not mean 'bull'.""}",The Spanish word 'toro' does not mean 'bull'.,43b1a6f44f7c1b743f6321dafd9d97c9b9191b67dee89d184e8b8fd4730e9225,0,sp_en_trans,negated,toro,entity_82acb7d308bff06352ccfa2113d5b5eeaf6e761ca4406d357a3b889dcad56b06,train,outer_train,sp_en_trans:333,,[],entity_82acb7d308bff06352ccfa2113d5b5eeaf6e761ca4406d357a3b889dcad56b06,admitted,[],[],[],provisional,admitted,[],[],candidate_pending_review_not_production,admitted,,candidate_pending_review_not_production
neg_sp_en_trans:74,neg_sp_en_trans,74,75,data/tiu_datasets/neg_sp_en_trans.csv,bec33e37047135b15cdd18c0cb0c66b65fb435ace08910cbcc220ce1ef610c96,394fd103ea2f172271faf82bbffd3429bfc98c9034151f28924525f143f530ac,"{""label"":""1"",""statement"":""The Spanish word 'cuatro' does not mean 'to imagine'.""}",The Spanish word 'cuatro' does not mean 'to imagine'.,2e457d853ca78576c686872b1f79ca88c9b159dc7533a21374f6bb072a8835f1,1,sp_en_trans,negated,cuatro,entity_66677d78ea058142fdc080a7c898aa76ec31ff6802a1482cf0e5d8319057d3a1,train,outer_train,sp_en_trans:74,,[],entity_66677d78ea058142fdc080a7c898aa76ec31ff6802a1482cf0e5d8319057d3a1,admitted,[],[],[],provisional,admitted,[],[],candidate_pending_review_not_production,admitted,,candidate_pending_review_not_production
neg_sp_en_trans:114,neg_sp_en_trans,114,115,data/tiu_datasets/neg_sp_en_trans.csv,bec33e37047135b15cdd18c0cb0c66b65fb435ace08910cbcc220ce1ef610c96,449733ac989fd9d4681b9fb6ee0de15160f0d39eb68700cdd7e1e7ca3f1d078c,"{""label"":""0"",""statement"":""The Spanish word 'rojo' does not mean 'red'.""}",The Spanish word 'rojo' does not mean 'red'.,34a9ddab7494cb0d6e6df79eb263ef3c32867e92a5153187909d3b272c79de65,0,sp_en_trans,negated,rojo,entity_40138bf903ccf281d7aa33f1b3f75b4a8d323b7858d1cd26b43198496b00b50c,train,outer_train,sp_en_trans:114,,[],entity_40138bf903ccf281d7aa33f1b3f75b4a8d323b7858d1cd26b43198496b00b50c,admitted,[],[],[],provisional,admitted,[],[],candidate_pending_review_not_production,admitted,,candidate_pending_review_not_production
neg_sp_en_trans:221,neg_sp_en_trans,221,222,data/tiu_datasets/neg_sp_en_trans.csv,bec33e37047135b15cdd18c0cb0c66b65fb435ace08910cbcc220ce1ef610c96,4e593aaf9d901f54b4523f5be09f8979896632e97d0c956ba704da945deb38ee,"{""label"":""1"",""statement"":""The Spanish word 'matar' does not mean 'bread'.""}",The Spanish word 'matar' does not mean 'bread'.,06778691132f99938161536eb266a8431de0c525203b6ccc069b655952e1e900,1,sp_en_trans,negated,matar,entity_01fcd902f1e683a46456004a85e8e7807323fc5b521dda89b6909fdbcc1723e7,train,outer_train,sp_en_trans:221,,[],entity_01fcd902f1e683a46456004a85e8e7807323fc5b521dda89b6909fdbcc1723e7,admitted,[],[],[],provisional,admitted,[],[],candidate_pending_review_not_production,admitted,,candidate_pending_review_not_production
neg_sp_en_trans:7,neg_sp_en_trans,7,8,data/tiu_datasets/neg_sp_en_trans.csv,bec33e37047135b15cdd18c0cb0c66b65fb435ace08910cbcc220ce1ef610c96,26647d91d3ff05344b05590ae1dbaa80c7c43c99564f675b41f18e0beaa70678,"{""label"":""1"",""statement"":""The Spanish word 'de' does not mean 'now'.""}",The Spanish word 'de' does not mean 'now'.,184109d618a710cb933ccfa5fa1c518726d7be10f2474b8c50465209a36159fb,1,sp_en_trans,negated,de,entity_d87bd6d64fb56f4dbfe328cc18fe2c2656d62450ce1e5cb7380030f191b12967,train,outer_train,sp_en_trans:7,,[],entity_d87bd6d64fb56f4dbfe328cc18fe2c2656d62450ce1e5cb7380030f191b12967,admitted,[],[],[],provisional,admitted,[],[],candidate_pending_review_not_production,admitted,,candidate_pending_review_not_production
neg_sp_en_trans:258,neg_sp_en_trans,258,259,data/tiu_datasets/neg_sp_en_trans.csv,bec33e37047135b15cdd18c0cb0c66b65fb435ace08910cbcc220ce1ef610c96,56c9f4e10211fd8fa2b1c152daf5c7e47b5c9d67a24908aba493591e870220ae,"{""label"":""1"",""statement"":""The Spanish word 'luchar' does not mean 'heat'.""}",The Spanish word 'luchar' does not mean 'heat'.,89087337005f45899b9ebd2f30f1bd7bfbe6de7283ab57b801a9c1d286867159,1,sp_en_trans,negated,luchar,entity_9f4ff34b17508938cf213eb81e15ff468a3b90073f2a55aae27205ebf8314740,train,outer_train,sp_en_trans:258,,[],entity_9f4ff34b17508938cf213eb81e15ff468a3b90073f2a55aae27205ebf8314740,admitted,[],[],[],provisional,admitted,[],[],candidate_pending_review_not_production,admitted,,candidate_pending_review_not_production
neg_sp_en_trans:299,neg_sp_en_trans,299,300,data/tiu_datasets/neg_sp_en_trans.csv,bec33e37047135b15cdd18c0cb0c66b65fb435ace08910cbcc220ce1ef610c96,582f767e280275e3328925a0a4dcee18d483e7f3b0f720d8577c84504e4f0bd4,"{""label"":""0"",""statement"":""The Spanish word 'concha' does not mean 'shell'.""}",The Spanish word 'concha' does not mean 'shell'.,6d51a023cd0f714897cece71a65961d88b8e17654fba3ed22ea1ade692dded46,0,sp_en_trans,negated,concha,entity_8483f6916a45f66de2330038f86ef35aae1b8fa1ef16ea928dbb5b21fc56f8ee,train,outer_train,sp_en_trans:299,,[],entity_8483f6916a45f66de2330038f86ef35aae1b8fa1ef16ea928dbb5b21fc56f8ee,admitted,[],[],[],provisional,admitted,[],[],candidate_pending_review_not_production,admitted,,candidate_pending_review_not_production
neg_sp_en_trans:259,neg_sp_en_trans,259,260,data/tiu_datasets/neg_sp_en_trans.csv,bec33e37047135b15cdd18c0cb0c66b65fb435ace08910cbcc220ce1ef610c96,058f110175f89c5107e7732fef19c1fc843ec77739809aa9934df19ac9003d06,"{""label"":""1"",""statement"":""The Spanish word 'silla' does not mean 'neighbor'.""}",The Spanish word 'silla' does not mean 'neighbor'.,c213751191c0411431c26886a0130823d31bd3f8dc065a7f9765beb426029d4f,1,sp_en_trans,negated,silla,entity_ff2e9d818215e862b83d58f44417914d7c399af01cb26511ba977485cf7beb47,train,outer_train,sp_en_trans:259,,[],entity_ff2e9d818215e862b83d58f44417914d7c399af01cb26511ba977485cf7beb47,admitted,[],[],[],provisional,admitted,[],[],candidate_pending_review_not_production,admitted,,candidate_pending_review_not_production
neg_sp_en_trans:91,neg_sp_en_trans,91,92,data/tiu_datasets/neg_sp_en_trans.csv,bec33e37047135b15cdd18c0cb0c66b65fb435ace08910cbcc220ce1ef610c96,279e329cddd29dd1cd4df41570f315efae95ee02fff214145bda695303a46dee,"{""label"":""1"",""statement"":""The Spanish word 'ciencia' does not mean 'to buy'.""}",The Spanish word 'ciencia' does not mean 'to buy'.,b96348a3f4aa3c629225b6eeb34ad96405048d8b16fca1b35b683a6fba46885b,1,sp_en_trans,negated,ciencia,entity_4e93cb63b9e1e420adc275dec73a32c754b0feb761acf9f9559f87974db97808,train,outer_train,sp_en_trans:91,,[],entity_4e93cb63b9e1e420adc275dec73a32c754b0feb761acf9f9559f87974db97808,admitted,[],[],[],provisional,admitted,[],[],candidate_pending_review_not_production,admitted,,candidate_pending_review_not_production
neg_sp_en_trans:352,neg_sp_en_trans,352,353,data/tiu_datasets/neg_sp_en_trans.csv,bec33e37047135b15cdd18c0cb0c66b65fb435ace08910cbcc220ce1ef610c96,1d4121e572bf097bd76b9f883ad6bc993da613e1a9301607ec2c7e1ffb26ba92,"{""label"":""0"",""statement"":""The Spanish word 'hola' does not mean 'hello'.""}",The Spanish word 'hola' does not mean 'hello'.,e58777e880350e91a35305c07d1a6ba45bc25ec8fe52ae2e893afca04cbf935c,0,sp_en_trans,negated,hola,entity_a282438f28845fd5e79ca21b730bf0d1c195aba3853e13acee2fb580040c4ab7,train,outer_train,sp_en_trans:352,,[],entity_a282438f28845fd5e79ca21b730bf0d1c195aba3853e13acee2fb580040c4ab7,admitted,[],[],[],provisional,admitted,[],[],candidate_pending_review_not_production,admitted,,candidate_pending_review_not_production
neg_sp_en_trans:195,neg_sp_en_trans,195,196,data/tiu_datasets/neg_sp_en_trans.csv,bec33e37047135b15cdd18c0cb0c66b65fb435ace08910cbcc220ce1ef610c96,94e621455e3db345cb185992c5e53f38535622c948e07fa3611abc143d24fe10,"{""label"":""1"",""statement"":""The Spanish word 'tienda' does not mean 'insect'.""}",The Spanish word 'tienda' does not mean 'insect'.,7a39c9b320ee16f126b33837ad86a46ad2314fee7fc1aa098fb8958d3bfe17e2,1,sp_en_trans,negated,tienda,entity_90d57fcf72240ba2deb042c69820026942e6cf86ca094f0cf1f6a7ea743c70a9,train,outer_train,sp_en_trans:195,,[],entity_90d57fcf72240ba2deb042c69820026942e6cf86ca094f0cf1f6a7ea743c70a9,admitted,[],[],[],provisional,admitted,[],[],candidate_pending_review_not_production,admitted,,candidate_pending_review_not_production
neg_sp_en_trans:105,neg_sp_en_trans,105,106,data/tiu_datasets/neg_sp_en_trans.csv,bec33e37047135b15cdd18c0cb0c66b65fb435ace08910cbcc220ce1ef610c96,eaad1479cfc7960a92c572cb25dfcf99d6ccf210144fef4bb8a41ca08cc1e145,"{""label"":""1"",""statement"":""The Spanish word 'siempre' does not mean 'month'.""}",The Spanish word 'siempre' does not mean 'month'.,8292ac0197374cf00fbb887ddc9d47305dc4b0c7dbe4ec57cb78b5e9c1aeb5e8,1,sp_en_trans,negated,siempre,entity_72ebac24c83259600adfd1d722c8e14a4b79d33b9e9d93d0f2cd88c9e70af314,train,outer_train,sp_en_trans:105,,[],entity_72ebac24c83259600adfd1d722c8e14a4b79d33b9e9d93d0f2cd88c9e70af314,admitted,[],[],[],provisional,admitted,[],[],candidate_pending_review_not_production,admitted,,candidate_pending_review_not_production
neg_sp_en_trans:75,neg_sp_en_trans,75,76,data/tiu_datasets/neg_sp_en_trans.csv,bec33e37047135b15cdd18c0cb0c66b65fb435ace08910cbcc220ce1ef610c96,45c84bab77db029182da089aeff7b18b475a1e211cb9822a7b007cbadd1cdcf6,"{""label"":""1"",""statement"":""The Spanish word 'ojo' does not mean 'order'.""}",The Spanish word 'ojo' does not mean 'order'.,3f494125c2a32c58cf70a737b456822381a2854d777efeda19ea99a93b8db344,1,sp_en_trans,negated,ojo,entity_3a0134c04864d25d9176d7b9b17db07d91a2ffe8d8b977162cadb688baeab607,train,outer_train,sp_en_trans:75,,[],entity_3a0134c04864d25d9176d7b9b17db07d91a2ffe8d8b977162cadb688baeab607,admitted,[],[],[],provisional,admitted,[],[],candidate_pending_review_not_production,admitted,,candidate_pending_review_not_production
neg_sp_en_trans:233,neg_sp_en_trans,233,234,data/tiu_datasets/neg_sp_en_trans.csv,bec33e37047135b15cdd18c0cb0c66b65fb435ace08910cbcc220ce1ef610c96,e12e16c3a5b2fbe338fe7f31ff4332ae28cec2afc87c28c2f8b44ab140ce462a,"{""label"":""1"",""statement"":""The Spanish word 'experimento' does not mean 'dark'.""}",The Spanish word 'experimento' does not mean 'dark'.,4805d1b02d2453ccdcaa39b933ba6417a496c854b6f9efb0d016b0b4ee07749f,1,sp_en_trans,negated,experimento,entity_269a67f403b7286ed986b66c7d5f0cd83d9e53d30afb096273d53f3c51549731,train,outer_train,sp_en_trans:233,,[],entity_269a67f403b7286ed986b66c7d5f0cd83d9e53d30afb096273d53f3c51549731,admitted,[],[],[],provisional,admitted,[],[],candidate_pending_review_not_production,admitted,,candidate_pending_review_not_production
neg_sp_en_trans:67,neg_sp_en_trans,67,68,data/tiu_datasets/neg_sp_en_trans.csv,bec33e37047135b15cdd18c0cb0c66b65fb435ace08910cbcc220ce1ef610c96,02e93a93a773656eeed851acde0b17669f050055ef155fd54bb40c408d91a8ba,"{""label"":""0"",""statement"":""The Spanish word 'cabeza' does not mean 'head'.""}",The Spanish word 'cabeza' does not mean 'head'.,b12736c0bc18c49387e76270cd36e108d543feb398dc1f46d59fdbeb29299332,0,sp_en_trans,negated,cabeza,entity_57ed100ac04adcad299716dc89d1234f2fd1d56dbd20e3ce0cdbfcd116ece530,train,outer_train,sp_en_trans:67,,[],entity_57ed100ac04adcad299716dc89d1234f2fd1d56dbd20e3ce0cdbfcd116ece530,admitted,[],[],[],provisional,admitted,[],[],candidate_pending_review_not_production,admitted,,candidate_pending_review_not_production
neg_sp_en_trans:150,neg_sp_en_trans,150,151,data/tiu_datasets/neg_sp_en_trans.csv,bec33e37047135b15cdd18c0cb0c66b65fb435ace08910cbcc220ce1ef610c96,ff6c08245f8383ab04417cfd00c06a6d6d5181642f0fef1b33dba7dbdde8f08e,"{""label"":""1"",""statement"":""The Spanish word 'seco' does not mean 'book'.""}",The Spanish word 'seco' does not mean 'book'.,997f63ee5395546d89ca0098faf452cd8f020b4a49b61db60d8951f8a4a8ed5a,1,sp_en_trans,negated,seco,entity_a711d854e771c841445659a1e8cf445821a51413fda7d25fc8e5f6deca992574,train,outer_train,sp_en_trans:150,,[],entity_a711d854e771c841445659a1e8cf445821a51413fda7d25fc8e5f6deca992574,admitted,[],[],[],provisional,admitted,[],[],candidate_pending_review_not_production,admitted,,candidate_pending_review_not_production
neg_sp_en_trans:214,neg_sp_en_trans,214,215,data/tiu_datasets/neg_sp_en_trans.csv,bec33e37047135b15cdd18c0cb0c66b65fb435ace08910cbcc220ce1ef610c96,8592afd5b5cf3e7bcf149a8a5abb4c436336a28861678b47699add83902b19ba,"{""label"":""0"",""statement"":""The Spanish word 'aceite' does not mean 'oil'.""}",The Spanish word 'aceite' does not mean 'oil'.,62fcf1968427672381842e509583efd645db0d77d63df77e07fdada2b0be434c,0,sp_en_trans,negated,aceite,entity_7a32c30fe125e4803c709785def3d589219733f4fe6a6cb6321a737d51d9b820,train,outer_train,sp_en_trans:214,,[],entity_7a32c30fe125e4803c709785def3d589219733f4fe6a6cb6321a737d51d9b820,admitted,[],[],[],provisional,admitted,[],[],candidate_pending_review_not_production,admitted,,candidate_pending_review_not_production
neg_sp_en_trans:31,neg_sp_en_trans,31,32,data/tiu_datasets/neg_sp_en_trans.csv,bec33e37047135b15cdd18c0cb0c66b65fb435ace08910cbcc220ce1ef610c96,a873d5ff946c2d3c0f5c687abb033577aa75771989cdf3710c4bf69178be87d9,"{""label"":""1"",""statement"":""The Spanish word 'cerca' does not mean 'dog'.""}",The Spanish word 'cerca' does not mean 'dog'.,43a5030ed0d7cafbb4642d4a3fa812f1d67f1ed56bbb41f84c692f4a4aa8cb53,1,sp_en_trans,negated,cerca,entity_85df645ee423c2cbc8f16e92008e9e61e62c38b7ee1555af1311a8cae20ccf88,train,outer_train,sp_en_trans:31,,[],entity_85df645ee423c2cbc8f16e92008e9e61e62c38b7ee1555af1311a8cae20ccf88,admitted,[],[],[],provisional,admitted,[],[],candidate_pending_review_not_production,admitted,,candidate_pending_review_not_production
neg_sp_en_trans:84,neg_sp_en_trans,84,85,data/tiu_datasets/neg_sp_en_trans.csv,bec33e37047135b15cdd18c0cb0c66b65fb435ace08910cbcc220ce1ef610c96,b1730c9ce04352763c86754096bef5b2191b3a1963f449c55afbf48bb1c83e35,"{""label"":""1"",""statement"":""The Spanish word 'tarde' does not mean 'hand'.""}",The Spanish word 'tarde' does not mean 'hand'.,85e7fec222d572e1dfb7312e88c48c2a31f5b13f16a3204a6d35bb7eda64d654,1,sp_en_trans,negated,tarde,entity_73cb60fc19e96cd939942fb3787738bf445f983525f5c8966dd024412560ff71,train,outer_train,sp_en_trans:84,,[],entity_73cb60fc19e96cd939942fb3787738bf445f983525f5c8966dd024412560ff71,admitted,[],[],[],provisional,admitted,[],[],candidate_pending_review_not_production,admitted,,candidate_pending_review_not_production
neg_sp_en_trans:22,neg_sp_en_trans,22,23,data/tiu_datasets/neg_sp_en_trans.csv,bec33e37047135b15cdd18c0cb0c66b65fb435ace08910cbcc220ce1ef610c96,d68ecfc8af2389197e60e6b23df07ab9a5142728275223590ae805e5035b60b2,"{""label"":""0"",""statement"":""The Spanish word 'grande' does not mean 'large'.""}",The Spanish word 'grande' does not mean 'large'.,f59507feb28154cf0bafb0c2a3d83133e58a3baeed774720eeafdf9c9d602faf,0,sp_en_trans,negated,grande,entity_8874bb61c73df2eb388bff37d05c17849e86d1f9d9594e432799987817bff165,train,outer_train,sp_en_trans:22,,[],entity_8874bb61c73df2eb388bff37d05c17849e86d1f9d9594e432799987817bff165,admitted,[],[],[],provisional,admitted,[],[],candidate_pending_review_not_production,admitted,,candidate_pending_review_not_production
neg_sp_en_trans:243,neg_sp_en_trans,243,244,data/tiu_datasets/neg_sp_en_trans.csv,bec33e37047135b15cdd18c0cb0c66b65fb435ace08910cbcc220ce1ef610c96,57c42a69ebf5e280d77a7f429d5bb075fe4a504e46896d2b74e09c4a0afa789e,"{""label"":""0"",""statement"":""The Spanish word 'tercero' does not mean 'third'.""}",The Spanish word 'tercero' does not mean 'third'.,d68c88d32b8e5eed0bbf2df175cd82a31fb2d53cd8abf52c43ce9033c011c6c5,0,sp_en_trans,negated,tercero,entity_4d3e3235d51da7f46be2e66e5ae11909938a8bcc3bc442c70359e2e5807fedaa,train,outer_train,sp_en_trans:243,,[],entity_4d3e3235d51da7f46be2e66e5ae11909938a8bcc3bc442c70359e2e5807fedaa,admitted,[],[],[],provisional,admitted,[],[],candidate_pending_review_not_production,admitted,,candidate_pending_review_not_production
neg_sp_en_trans:21,neg_sp_en_trans,21,22,data/tiu_datasets/neg_sp_en_trans.csv,bec33e37047135b15cdd18c0cb0c66b65fb435ace08910cbcc220ce1ef610c96,5187de304ec0823952201190da4af04c55c3009b814edf69963c4af5431f422c,"{""label"":""1"",""statement"":""The Spanish word 'mano' does not mean 'too'.""}",The Spanish word 'mano' does not mean 'too'.,baa48c5388965f40e7598ab77846eab3b83869811eba65dba49ba5ac75919623,1,sp_en_trans,negated,mano,entity_0599b28bcea8f3f79eb156ee62d314f2231228cd4971a76fada2ef6438afbcce,train,outer_train,sp_en_trans:21,,[],entity_0599b28bcea8f3f79eb156ee62d314f2231228cd4971a76fada2ef6438afbcce,admitted,[],[],[],provisional,admitted,[],[],candidate_pending_review_not_production,admitted,,candidate_pending_review_not_production
neg_sp_en_trans:204,neg_sp_en_trans,204,205,data/tiu_datasets/neg_sp_en_trans.csv,bec33e37047135b15cdd18c0cb0c66b65fb435ace08910cbcc220ce1ef610c96,8285efa465c5851ac563588871c14c08fbd70b06b75e167323a64a07f06a471f,"{""label"":""0"",""statement"":""The Spanish word 'mes' does not mean 'month'.""}",The Spanish word 'mes' does not mean 'month'.,102046d9df54f9dd6c25e0dead88205278be1e8a474b8a64c1b70dda3e4d4aa0,0,sp_en_trans,negated,mes,entity_4d0c93f3e6842186926bc9d236514913ea44fd1de67ec0fecb99aad73befd203,train,outer_train,sp_en_trans:204,,[],entity_4d0c93f3e6842186926bc9d236514913ea44fd1de67ec0fecb99aad73befd203,admitted,[],[],[],provisional,admitted,[],[],candidate_pending_review_not_production,admitted,,candidate_pending_review_not_production
neg_sp_en_trans:139,neg_sp_en_trans,139,140,data/tiu_datasets/neg_sp_en_trans.csv,bec33e37047135b15cdd18c0cb0c66b65fb435ace08910cbcc220ce1ef610c96,0c28cb2d8aa61813764d245a7dc131cde8ac642addca8caf480392537491137a,"{""label"":""0"",""statement"":""The Spanish word 'fuerza' does not mean 'force'.""}",The Spanish word 'fuerza' does not mean 'force'.,e2b8f446837ae7512c46366227b52a5998e07fcdf306c2e488b48c6a32322fba,0,sp_en_trans,negated,fuerza,entity_72ef406e11bbc4730855974e88dc10c38f4fe13f525ede1de334c6d5bdb4dcc9,train,outer_train,sp_en_trans:139,,[],entity_72ef406e11bbc4730855974e88dc10c38f4fe13f525ede1de334c6d5bdb4dcc9,admitted,[],[],[],provisional,admitted,[],[],candidate_pending_review_not_production,admitted,,candidate_pending_review_not_production
neg_sp_en_trans:349,neg_sp_en_trans,349,350,data/tiu_datasets/neg_sp_en_trans.csv,bec33e37047135b15cdd18c0cb0c66b65fb435ace08910cbcc220ce1ef610c96,d6045c21525694419f94e86c5141433847889404b63d98d0c86acd264ab3f939,"{""label"":""1"",""statement"":""The Spanish word 'elefante' does not mean 'spring'.""}",The Spanish word 'elefante' does not mean 'spring'.,18aedd2f6ce8b90649e75a5cd07a7d08c48594107569fa0435ea345cc2a8a6d1,1,sp_en_trans,negated,elefante,entity_c6cb4ce063bceb82eeb2c136de10e7b59918b0f04bff90fb3920b52c1a578c89,train,outer_train,sp_en_trans:349,,[],entity_c6cb4ce063bceb82eeb2c136de10e7b59918b0f04bff90fb3920b52c1a578c89,admitted,[],[],[],provisional,admitted,[],[],candidate_pending_review_not_production,admitted,,candidate_pending_review_not_production
neg_sp_en_trans:39,neg_sp_en_trans,39,40,data/tiu_datasets/neg_sp_en_trans.csv,bec33e37047135b15cdd18c0cb0c66b65fb435ace08910cbcc220ce1ef610c96,86ad325dee6b0d2e8845cbd121e3673fe0a9edbd4bb3e16dcff30e8f911b2a0e,"{""label"":""0"",""statement"":""The Spanish word 'bueno' does not mean 'good'.""}",The Spanish word 'bueno' does not mean 'good'.,13596f133085ca5e165b90a3da288596608a35af0781290a3dcc7522bef89c8e,0,sp_en_trans,negated,bueno,entity_a2d4b5b5e40180f1ce2d80e49a5031f0adda34fae94947b73a419ecfad0cf455,train,outer_train,sp_en_trans:39,,[],entity_a2d4b5b5e40180f1ce2d80e49a5031f0adda34fae94947b73a419ecfad0cf455,admitted,[],[],[],provisional,admitted,[],[],candidate_pending_review_not_production,admitted,,candidate_pending_review_not_production
neg_sp_en_trans:285,neg_sp_en_trans,285,286,data/tiu_datasets/neg_sp_en_trans.csv,bec33e37047135b15cdd18c0cb0c66b65fb435ace08910cbcc220ce1ef610c96,d3fbd674e812cb2d8f3d5fb266eca18c76249d127ca0874f6ec98e59a1d8e58c,"{""label"":""1"",""statement"":""The Spanish word 'amarillo' does not mean 'land'.""}",The Spanish word 'amarillo' does not mean 'land'.,f84862e1612df0d7b03b7ea374e7abc17062ad3f6e5bdaab8779eaf70ba00ffd,1,sp_en_trans,negated,amarillo,entity_bf91037f0093c8d5f1261b2d0a23c2c46c903f05cab8c011646d921f4a9a97f7,train,outer_train,sp_en_trans:285,,[],entity_bf91037f0093c8d5f1261b2d0a23c2c46c903f05cab8c011646d921f4a9a97f7,admitted,[],[],[],provisional,admitted,[],[],candidate_pending_review_not_production,admitted,,candidate_pending_review_not_production
neg_sp_en_trans:219,neg_sp_en_trans,219,220,data/tiu_datasets/neg_sp_en_trans.csv,bec33e37047135b15cdd18c0cb0c66b65fb435ace08910cbcc220ce1ef610c96,4bbd596ba7e415321639b6b58861a497fe826811c2ce22ebad8243e5ef160dce,"{""label"":""0"",""statement"":""The Spanish word 'elegir' does not mean 'to choose'.""}",The Spanish word 'elegir' does not mean 'to choose'.,23f4d1525f226deb30e1f87435719198591b7e4a39654e8d2a45da6cb7c2fc25,0,sp_en_trans,negated,elegir,entity_6f5e6bd72329bbe14fcaaa661465f19da1b6bcf927636fc936db0a43525975fb,train,outer_train,sp_en_trans:219,,[],entity_6f5e6bd72329bbe14fcaaa661465f19da1b6bcf927636fc936db0a43525975fb,admitted,[],[],[],provisional,admitted,[],[],candidate_pending_review_not_production,admitted,,candidate_pending_review_not_production
neg_sp_en_trans:106,neg_sp_en_trans,106,107,data/tiu_datasets/neg_sp_en_trans.csv,bec33e37047135b15cdd18c0cb0c66b65fb435ace08910cbcc220ce1ef610c96,5b29cff0ad5ae59dd747d4a4afc3f3e189aeb57458d8dc80d6f77eb270bc29b2,"{""label"":""1"",""statement"":""The Spanish word 'carta' does not mean 'nothing'.""}",The Spanish word 'carta' does not mean 'nothing'.,d6d6d020f86baf152798e1c465e88aad882c0698d79e66b86f75294f34c01597,1,sp_en_trans,negated,carta,entity_42227c3b81c04713f039e365b9383b8fe19a3aa184aa871fc1ab6ab62d06a73b,train,outer_train,sp_en_trans:106,,[],entity_42227c3b81c04713f039e365b9383b8fe19a3aa184aa871fc1ab6ab62d06a73b,admitted,[],[],[],provisional,admitted,[],[],candidate_pending_review_not_production,admitted,,candidate_pending_review_not_production
neg_sp_en_trans:129,neg_sp_en_trans,129,130,data/tiu_datasets/neg_sp_en_trans.csv,bec33e37047135b15cdd18c0cb0c66b65fb435ace08910cbcc220ce1ef610c96,7ab8dad80ed30dc7ac89200b9328d415b2376b270940a320378aaa9113824f7b,"{""label"":""1"",""statement"":""The Spanish word 'orden' does not mean 'old'.""}",The Spanish word 'orden' does not mean 'old'.,dfed2d75d1f6e66db2c5b959f9d1d2e03fea9f0f15c3c2144b818aad2d18d7cb,1,sp_en_trans,negated,orden,entity_388cd94fb89b1239be96e57f9ac4c651dbc245d9ef4d04dd116f10a10b4b9621,train,outer_train,sp_en_trans:129,,[],entity_388cd94fb89b1239be96e57f9ac4c651dbc245d9ef4d04dd116f10a10b4b9621,admitted,[],[],[],provisional,admitted,[],[],candidate_pending_review_not_production,admitted,,candidate_pending_review_not_production
neg_sp_en_trans:300,neg_sp_en_trans,300,301,data/tiu_datasets/neg_sp_en_trans.csv,bec33e37047135b15cdd18c0cb0c66b65fb435ace08910cbcc220ce1ef610c96,ae2ff4f714bb0cc18c58829fccb22b42a05b4ce3c227f40408f3983d623c3f44,"{""label"":""0"",""statement"":""The Spanish word 'cuello' does not mean 'neck'.""}",The Spanish word 'cuello' does not mean 'neck'.,64517a4b9fbdd61d1fc7aa67f67d23c69292ae52ca1c15aed138b9941674c8d0,0,sp_en_trans,negated,cuello,entity_ef79352b6175cfc5d58684c590b0962a9683b8b3565ae270ae14e0126fac9966,train,outer_train,sp_en_trans:300,,[],entity_ef79352b6175cfc5d58684c590b0962a9683b8b3565ae270ae14e0126fac9966,admitted,[],[],[],provisional,admitted,[],[],candidate_pending_review_not_production,admitted,,candidate_pending_review_not_production
neg_sp_en_trans:98,neg_sp_en_trans,98,99,data/tiu_datasets/neg_sp_en_trans.csv,bec33e37047135b15cdd18c0cb0c66b65fb435ace08910cbcc220ce1ef610c96,2f99eb580845af6107c23013d7bd87bd75eb65980f8674314ca99aad9bb7e763,"{""label"":""0"",""statement"":""The Spanish word 'abierto' does not mean 'open'.""}",The Spanish word 'abierto' does not mean 'open'.,3547527efd323802e84b8a0f760bc8e1927b487543c2ba5b573fb1945af92a75,0,sp_en_trans,negated,abierto,entity_bb35c5e8231370acb299907287faff31453c7e9e95bad4ac1f4b4386d7a636dc,train,outer_train,sp_en_trans:98,,[],entity_bb35c5e8231370acb299907287faff31453c7e9e95bad4ac1f4b4386d7a636dc,admitted,[],[],[],provisional,admitted,[],[],candidate_pending_review_not_production,admitted,,candidate_pending_review_not_production
neg_sp_en_trans:80,neg_sp_en_trans,80,81,data/tiu_datasets/neg_sp_en_trans.csv,bec33e37047135b15cdd18c0cb0c66b65fb435ace08910cbcc220ce1ef610c96,5664397306c4c661541c8954bb3560c9caf7e3600bdc45c1f0ed1cf0be8d4c8d,"{""label"":""1"",""statement"":""The Spanish word 'historia' does not mean 'office'.""}",The Spanish word 'historia' does not mean 'office'.,842e22fcaede4e0de3a5aff84c7759c2dc09463fb33b4230e5675b98493b7f41,1,sp_en_trans,negated,historia,entity_df0bed6036d2d275932329b4735187a766ddc3c9aa612970b322144b19163063,train,outer_train,sp_en_trans:80,,[],entity_df0bed6036d2d275932329b4735187a766ddc3c9aa612970b322144b19163063,admitted,[],[],[],provisional,admitted,[],[],candidate_pending_review_not_production,admitted,,candidate_pending_review_not_production
neg_sp_en_trans:319,neg_sp_en_trans,319,320,data/tiu_datasets/neg_sp_en_trans.csv,bec33e37047135b15cdd18c0cb0c66b65fb435ace08910cbcc220ce1ef610c96,3b0ac73ad7b4c57a68aba844c3c8ec3c8351839f6806073ce6a733811b67335a,"{""label"":""0"",""statement"":""The Spanish word 'hombro' does not mean 'shoulder'.""}",The Spanish word 'hombro' does not mean 'shoulder'.,24c1bc0e0104a934b348d2b8b8bb22d67f09124619765eb26b4873b260023554,0,sp_en_trans,negated,hombro,entity_045647b472d12d67bd24e765227c3098da74a32b1fd5ba7240ed95ddb86cfe2c,train,outer_train,sp_en_trans:319,,[],entity_045647b472d12d67bd24e765227c3098da74a32b1fd5ba7240ed95ddb86cfe2c,admitted,[],[],[],provisional,admitted,[],[],candidate_pending_review_not_production,admitted,,candidate_pending_review_not_production
neg_sp_en_trans:312,neg_sp_en_trans,312,313,data/tiu_datasets/neg_sp_en_trans.csv,bec33e37047135b15cdd18c0cb0c66b65fb435ace08910cbcc220ce1ef610c96,675b2d82332ed9d989ed91526a19e1f727a1e0c30dec6973b2f2c682e7001996,"{""label"":""0"",""statement"":""The Spanish word 'olor' does not mean 'smell'.""}",The Spanish word 'olor' does not mean 'smell'.,6d5ea0f6b48049585b62341a31dc22d8488b61a4baca0d1e1bd09f19a3da25b8,0,sp_en_trans,negated,olor,entity_8e37d350544e324c1480b4c11045adb8d33a37c5b05a5b928ab3fb0e7a8ee6f9,train,outer_train,sp_en_trans:312,,[],entity_8e37d350544e324c1480b4c11045adb8d33a37c5b05a5b928ab3fb0e7a8ee6f9,admitted,[],[],[],provisional,admitted,[],[],candidate_pending_review_not_production,admitted,,candidate_pending_review_not_production
neg_sp_en_trans:117,neg_sp_en_trans,117,118,data/tiu_datasets/neg_sp_en_trans.csv,bec33e37047135b15cdd18c0cb0c66b65fb435ace08910cbcc220ce1ef610c96,70774e52aae13047b7d8d7f0ffd8fc81ac005cb01290f93f22c26ea624ba3c6d,"{""label"":""1"",""statement"":""The Spanish word 'pronto' does not mean 'to die'.""}",The Spanish word 'pronto' does not mean 'to die'.,645c8fd520b107a8c7eb9892f0027263175f05ca21bd4dda311880dce896fa8e,1,sp_en_trans,negated,pronto,entity_07eca21732fcb51fa1bc75710d417d40fd675455b75f4c4b41cde58f36e4638a,train,outer_train,sp_en_trans:117,,[],entity_07eca21732fcb51fa1bc75710d417d40fd675455b75f4c4b41cde58f36e4638a,admitted,[],[],[],provisional,admitted,[],[],candidate_pending_review_not_production,admitted,,candidate_pending_review_not_production
neg_sp_en_trans:298,neg_sp_en_trans,298,299,data/tiu_datasets/neg_sp_en_trans.csv,bec33e37047135b15cdd18c0cb0c66b65fb435ace08910cbcc220ce1ef610c96,92448648d8995e43706e426342c38a0654146633fae839c5f914a27aae089ad9,"{""label"":""1"",""statement"":""The Spanish word 'dientes' does not mean 'hope'.""}",The Spanish word 'dientes' does not mean 'hope'.,61e7fd8504d355532273b695b9dd3b5796b4b0b47ba7b4c4d77589985b577855,1,sp_en_trans,negated,dientes,entity_705544b5088c28dcf328f3f0d86f4014b9933c9a1757e70a859b855e388e018a,train,outer_train,sp_en_trans:298,,[],entity_705544b5088c28dcf328f3f0d86f4014b9933c9a1757e70a859b855e388e018a,admitted,[],[],[],provisional,admitted,[],[],candidate_pending_review_not_production,admitted,,candidate_pending_review_not_production
neg_sp_en_trans:124,neg_sp_en_trans,124,125,data/tiu_datasets/neg_sp_en_trans.csv,bec33e37047135b15cdd18c0cb0c66b65fb435ace08910cbcc220ce1ef610c96,36eee8feb5a624c6ba40a71b3acc0354eef5c750630b1ebcce8a77611d30de95,"{""label"":""1"",""statement"":""The Spanish word 'corto' does not mean 'letter'.""}",The Spanish word 'corto' does not mean 'letter'.,c62437484d5d1007f7479ec40251a8ea325813deefb7a79e4c60472924c02665,1,sp_en_trans,negated,corto,entity_f863ec19897925330f01e23a9153ad07727d2a51f08b4f1494cfe6a92668c58c,train,outer_train,sp_en_trans:124,,[],entity_f863ec19897925330f01e23a9153ad07727d2a51f08b4f1494cfe6a92668c58c,admitted,[],[],[],provisional,admitted,[],[],candidate_pending_review_not_production,admitted,,candidate_pending_review_not_production
neg_sp_en_trans:18,neg_sp_en_trans,18,19,data/tiu_datasets/neg_sp_en_trans.csv,bec33e37047135b15cdd18c0cb0c66b65fb435ace08910cbcc220ce1ef610c96,e9cb5f033b727888032404af89b066cab8a1bff8fec5149e59ea3734011e86b9,"{""label"":""1"",""statement"":""The Spanish word 'poner' does not mean 'whale'.""}",The Spanish word 'poner' does not mean 'whale'.,186e7e150952aa3ffcdf72f3caa380afa70f645d6e2598fc376cf6fc3dbf93f1,1,sp_en_trans,negated,poner,entity_88dceb3243303556aabb593be055655965256a238ad3721533bc7f64ef67cce2,train,outer_train,sp_en_trans:18,,[],entity_88dceb3243303556aabb593be055655965256a238ad3721533bc7f64ef67cce2,admitted,[],[],[],provisional,admitted,[],[],candidate_pending_review_not_production,admitted,,candidate_pending_review_not_production
neg_sp_en_trans:276,neg_sp_en_trans,276,277,data/tiu_datasets/neg_sp_en_trans.csv,bec33e37047135b15cdd18c0cb0c66b65fb435ace08910cbcc220ce1ef610c96,822b681e5bed9c6bf888b74261b3213687d11ede7cbf55a06a480db85456f71f,"{""label"":""0"",""statement"":""The Spanish word 'vecino' does not mean 'neighbor'.""}",The Spanish word 'vecino' does not mean 'neighbor'.,defde9d696f790bb8ebddaca5219801b50377c4bee17efdef72279f5acc444db,0,sp_en_trans,negated,vecino,entity_f75baae3e1b347d08949f26157a16bc2c5abb965192b413459fda3ee89a86524,train,outer_train,sp_en_trans:276,,[],entity_f75baae3e1b347d08949f26157a16bc2c5abb965192b413459fda3ee89a86524,admitted,[],[],[],provisional,admitted,[],[],candidate_pending_review_not_production,admitted,,candidate_pending_review_not_production
neg_sp_en_trans:20,neg_sp_en_trans,20,21,data/tiu_datasets/neg_sp_en_trans.csv,bec33e37047135b15cdd18c0cb0c66b65fb435ace08910cbcc220ce1ef610c96,4b779e545791e76a06abd85441be27165c94028772575712ec57839f285314f4,"{""label"":""0"",""statement"":""The Spanish word 'leer' does not mean 'to read'.""}",The Spanish word 'leer' does not mean 'to read'.,a3f847610670ca00946a7cb2f2a0a46382524dee2e8242861ed2f4373fc45bd1,0,sp_en_trans,negated,leer,entity_d6fe3d2312a2fa17cc4db5ab68be89c2aebda2fcf41ba5365b7319c3be11d6e0,train,outer_train,sp_en_trans:20,,[],entity_d6fe3d2312a2fa17cc4db5ab68be89c2aebda2fcf41ba5365b7319c3be11d6e0,admitted,[],[],[],provisional,admitted,[],[],candidate_pending_review_not_production,admitted,,candidate_pending_review_not_production
neg_sp_en_trans:288,neg_sp_en_trans,288,289,data/tiu_datasets/neg_sp_en_trans.csv,bec33e37047135b15cdd18c0cb0c66b65fb435ace08910cbcc220ce1ef610c96,ab8c0445d13282a7a7ce5836055e1551c866095984a4706d4eff15f35fab4ecf,"{""label"":""0"",""statement"":""The Spanish word 'conectar' does not mean 'to connect'.""}",The Spanish word 'conectar' does not mean 'to connect'.,4b284698583ae9374883595f097386444df1a601e1869cad7c936baa7ebf4f0b,0,sp_en_trans,negated,conectar,entity_13c6550158d87da718bc518ac20483a9f61b7443b2337b2e98f29db76526d9a4,train,outer_train,sp_en_trans:288,,[],entity_13c6550158d87da718bc518ac20483a9f61b7443b2337b2e98f29db76526d9a4,admitted,[],[],[],provisional,admitted,[],[],candidate_pending_review_not_production,admitted,,candidate_pending_review_not_production
neg_sp_en_trans:193,neg_sp_en_trans,193,194,data/tiu_datasets/neg_sp_en_trans.csv,bec33e37047135b15cdd18c0cb0c66b65fb435ace08910cbcc220ce1ef610c96,1e26925d66e04efb9006f26752f1186daf2a8e82418d44d2e5e425582042e879,"{""label"":""0"",""statement"":""The Spanish word 'bosque' does not mean 'forest'.""}",The Spanish word 'bosque' does not mean 'forest'.,868484a6fc00b2f910e7cdd2f60e66dbcb3233d23d0f3f03bbde835479c50dcb,0,sp_en_trans,negated,bosque,entity_8e0f6334bc440ea7d468e3eeb40cb1a88ccc604b4f1b353ac9cfad9c8cb1a8ab,train,outer_train,sp_en_trans:193,,[],entity_8e0f6334bc440ea7d468e3eeb40cb1a88ccc604b4f1b353ac9cfad9c8cb1a8ab,admitted,[],[],[],provisional,admitted,[],[],candidate_pending_review_not_production,admitted,,candidate_pending_review_not_production
neg_sp_en_trans:136,neg_sp_en_trans,136,137,data/tiu_datasets/neg_sp_en_trans.csv,bec33e37047135b15cdd18c0cb0c66b65fb435ace08910cbcc220ce1ef610c96,65c59d077b7f3de7d9c07fd8a13c9686896f07a309ae5aea6536a8b8713d3d71,"{""label"":""0"",""statement"":""The Spanish word 'multiplicar' does not mean 'to multiply'.""}",The Spanish word 'multiplicar' does not mean 'to multiply'.,6450a54c1968e22c8e8c167342a9bc1b5890adcc71c9671c1a8abe0738751c81,0,sp_en_trans,negated,multiplicar,entity_ef0fb89a2b7b6c9b42f26707038c7cb2e52a44e973eb515fea29b5db40cc9143,train,outer_train,sp_en_trans:136,,[],entity_ef0fb89a2b7b6c9b42f26707038c7cb2e52a44e973eb515fea29b5db40cc9143,admitted,[],[],[],provisional,admitted,[],[],candidate_pending_review_not_production,admitted,,candidate_pending_review_not_production
neg_sp_en_trans:207,neg_sp_en_trans,207,208,data/tiu_datasets/neg_sp_en_trans.csv,bec33e37047135b15cdd18c0cb0c66b65fb435ace08910cbcc220ce1ef610c96,fee7660ce7d36b65cbdb601b5d5ff8e7e7a0ab503bdca80793916e8919651c7b,"{""label"":""1"",""statement"":""The Spanish word 'flor' does not mean 'market'.""}",The Spanish word 'flor' does not mean 'market'.,dcf5095eec1e64af50a425796ec280b36b8b01849c7af922e0c91efb539e7eef,1,sp_en_trans,negated,flor,entity_5df70b5039b608fceac6772770a188902771e7f95e1b9f7e0955bc78105bf5b2,train,outer_train,sp_en_trans:207,,[],entity_5df70b5039b608fceac6772770a188902771e7f95e1b9f7e0955bc78105bf5b2,admitted,[],[],[],provisional,admitted,[],[],candidate_pending_review_not_production,admitted,,candidate_pending_review_not_production
neg_sp_en_trans:33,neg_sp_en_trans,33,34,data/tiu_datasets/neg_sp_en_trans.csv,bec33e37047135b15cdd18c0cb0c66b65fb435ace08910cbcc220ce1ef610c96,4d98b6bc8214ce67a8f54b5a1235ffcb348f915c8587cbbdc65bc745457b47bc,"{""label"":""1"",""statement"":""The Spanish word 'padre' does not mean 'special'.""}",The Spanish word 'padre' does not mean 'special'.,65a41a7ec9d4770e15a7640b2afd23c59d002ceefd11585777e48810a47b036e,1,sp_en_trans,negated,padre,entity_b9afe304a04e954ad1b9cda6a9189ae1fb4a1067603282dc0c0f60e0084fae60,train,outer_train,sp_en_trans:33,,[],entity_b9afe304a04e954ad1b9cda6a9189ae1fb4a1067603282dc0c0f60e0084fae60,admitted,[],[],[],provisional,admitted,[],[],candidate_pending_review_not_production,admitted,,candidate_pending_review_not_production
neg_sp_en_trans:45,neg_sp_en_trans,45,46,data/tiu_datasets/neg_sp_en_trans.csv,bec33e37047135b15cdd18c0cb0c66b65fb435ace08910cbcc220ce1ef610c96,6f766ebbb2b3154e52977d17d9eedf7cbf0141b937aa7e0a229ec683c5b7345a,"{""label"":""0"",""statement"":""The Spanish word 'antes' does not mean 'before'.""}",The Spanish word 'antes' does not mean 'before'.,eb0b1dc57c2139f311b82a52572ffcca1f2ce61c72470bf3946f077fd422eb80,0,sp_en_trans,negated,antes,entity_a335a206e6155e7f6ef8dfd41e8fca27437956cfae325dadf037a03d6abf380b,train,outer_train,sp_en_trans:45,,[],entity_a335a206e6155e7f6ef8dfd41e8fca27437956cfae325dadf037a03d6abf380b,admitted,[],[],[],provisional,admitted,[],[],candidate_pending_review_not_production,admitted,,candidate_pending_review_not_production
neg_sp_en_trans:238,neg_sp_en_trans,238,239,data/tiu_datasets/neg_sp_en_trans.csv,bec33e37047135b15cdd18c0cb0c66b65fb435ace08910cbcc220ce1ef610c96,e4f7bc07c466eb5d0ead16b0e3f56beb6533da8d1c915085dc2eae5d29c8d12c,"{""label"":""0"",""statement"":""The Spanish word 'sonrisa' does not mean 'smile'.""}",The Spanish word 'sonrisa' does not mean 'smile'.,9fb82bb943b5b39b4614902983981283bad505cfef8b38a4f9d9636b8a10e9bf,0,sp_en_trans,negated,sonrisa,entity_2ea062c6c7dbf8a50675b7676aa0f5d8e5ed112211c563640f49c5161468edd6,train,outer_train,sp_en_trans:238,,[],entity_2ea062c6c7dbf8a50675b7676aa0f5d8e5ed112211c563640f49c5161468edd6,admitted,[],[],[],provisional,admitted,[],[],candidate_pending_review_not_production,admitted,,candidate_pending_review_not_production
neg_sp_en_trans:34,neg_sp_en_trans,34,35,data/tiu_datasets/neg_sp_en_trans.csv,bec33e37047135b15cdd18c0cb0c66b65fb435ace08910cbcc220ce1ef610c96,4a63c67804f49e57437d1c960eb7d19a14ea84e4b91590596e5593fe84cc16bb,"{""label"":""1"",""statement"":""The Spanish word 'nuevo' does not mean 'always'.""}",The Spanish word 'nuevo' does not mean 'always'.,ad7869676215b5ebd97d3c7d1db6284b75ad45bbaa5944b093875b483e11c150,1,sp_en_trans,negated,nuevo,entity_38bc30f6832987cddf476fb9a685ec1b2fed9887dd154c0f3085c73a92d2ba4d,train,outer_train,sp_en_trans:34,,[],entity_38bc30f6832987cddf476fb9a685ec1b2fed9887dd154c0f3085c73a92d2ba4d,admitted,[],[],[],provisional,admitted,[],[],candidate_pending_review_not_production,admitted,,candidate_pending_review_not_production
neg_sp_en_trans:47,neg_sp_en_trans,47,48,data/tiu_datasets/neg_sp_en_trans.csv,bec33e37047135b15cdd18c0cb0c66b65fb435ace08910cbcc220ce1ef610c96,484a2bd7417294b76f963b0e43207214a33426fcfc2d5ece10006245c03cc9a6,"{""label"":""0"",""statement"":""The Spanish word 'viejo' does not mean 'old'.""}",The Spanish word 'viejo' does not mean 'old'.,b983be37a448556b59da9cd0130ff569d3926a36ed29973e2f5d39eec559f916,0,sp_en_trans,negated,viejo,entity_e002c662c3c2bb74c2349daaef579765498b8050f656ae3aaae5374a1a7fbd8b,train,outer_train,sp_en_trans:47,,[],entity_e002c662c3c2bb74c2349daaef579765498b8050f656ae3aaae5374a1a7fbd8b,admitted,[],[],[],provisional,admitted,[],[],candidate_pending_review_not_production,admitted,,candidate_pending_review_not_production
neg_sp_en_trans:308,neg_sp_en_trans,308,309,data/tiu_datasets/neg_sp_en_trans.csv,bec33e37047135b15cdd18c0cb0c66b65fb435ace08910cbcc220ce1ef610c96,2f520fb86652612385a3325736fbeaa319df15c761498c5c99fca971a5c81087,"{""label"":""0"",""statement"":""The Spanish word 'abrigo' does not mean 'coat'.""}",The Spanish word 'abrigo' does not mean 'coat'.,05da56867b5d478812a00e82b5ab11847e6ccadb9eb63841d21244cf9abde74f,0,sp_en_trans,negated,abrigo,entity_2ea29bc8337753322a926ae7010473088c0f589f00ba7fa632cbb890b87eb0b9,train,outer_train,sp_en_trans:308,,[],entity_2ea29bc8337753322a926ae7010473088c0f589f00ba7fa632cbb890b87eb0b9,admitted,[],[],[],provisional,admitted,[],[],candidate_pending_review_not_production,admitted,,candidate_pending_review_not_production
neg_sp_en_trans:126,neg_sp_en_trans,126,127,data/tiu_datasets/neg_sp_en_trans.csv,bec33e37047135b15cdd18c0cb0c66b65fb435ace08910cbcc220ce1ef610c96,a73a63647acce62587b9176f1546c7b68fe3995edefa730f7bbc9ef2f79e3d15,"{""label"":""0"",""statement"":""The Spanish word 'viento' does not mean 'wind'.""}",The Spanish word 'viento' does not mean 'wind'.,b8d9c1640cedfdc14fbd8e7f20b9a8668c9b034d157640c481fd9c2b8a21d492,0,sp_en_trans,negated,viento,entity_50501ebb9506ef69971b077559f7cb74540f6cd340a357a208305579ac514974,train,outer_train,sp_en_trans:126,,[],entity_50501ebb9506ef69971b077559f7cb74540f6cd340a357a208305579ac514974,admitted,[],[],[],provisional,admitted,[],[],candidate_pending_review_not_production,admitted,,candidate_pending_review_not_production
neg_sp_en_trans:62,neg_sp_en_trans,62,63,data/tiu_datasets/neg_sp_en_trans.csv,bec33e37047135b15cdd18c0cb0c66b65fb435ace08910cbcc220ce1ef610c96,149c9890685967122bda955b0afaa32312aeaaeb287f80e6d70e428894e47eab,"{""label"":""0"",""statement"":""The Spanish word 'agua' does not mean 'water'.""}",The Spanish word 'agua' does not mean 'water'.,902581b8249a4be022e5f601478d3dd13e6a19894bda177a7072dc2f0a7e199f,0,sp_en_trans,negated,agua,entity_d2c7ccbf314c26511d33d7d7e551ee80c8c1c4d9b87cdd6ff726db0f2541d7aa,train,outer_train,sp_en_trans:62,,[],entity_d2c7ccbf314c26511d33d7d7e551ee80c8c1c4d9b87cdd6ff726db0f2541d7aa,admitted,[],[],[],provisional,admitted,[],[],candidate_pending_review_not_production,admitted,,candidate_pending_review_not_production
neg_sp_en_trans:70,neg_sp_en_trans,70,71,data/tiu_datasets/neg_sp_en_trans.csv,bec33e37047135b15cdd18c0cb0c66b65fb435ace08910cbcc220ce1ef610c96,c542c31ea65a808099ecccd2970acbff2922411a149daa434b690f55cf1810bf,"{""label"":""0"",""statement"":""The Spanish word 'crecer' does not mean 'to grow'.""}",The Spanish word 'crecer' does not mean 'to grow'.,d867895ab76d1388f9436d157f05cbc39ff2c472dc888ec4270ed506c4703d68,0,sp_en_trans,negated,crecer,entity_5977ec5796d573b12c21b8004953a381bf821d9dcdd51be24a344adf3ccc5da9,train,outer_train,sp_en_trans:70,,[],entity_5977ec5796d573b12c21b8004953a381bf821d9dcdd51be24a344adf3ccc5da9,admitted,[],[],[],provisional,admitted,[],[],candidate_pending_review_not_production,admitted,,candidate_pending_review_not_production
neg_sp_en_trans:189,neg_sp_en_trans,189,190,data/tiu_datasets/neg_sp_en_trans.csv,bec33e37047135b15cdd18c0cb0c66b65fb435ace08910cbcc220ce1ef610c96,23d6d807284e009aa0b31b51fea2645b1bcbccf01f6842e750360fceac09798a,"{""label"":""0"",""statement"":""The Spanish word 'hielo' does not mean 'ice'.""}",The Spanish word 'hielo' does not mean 'ice'.,efb5aae76a3ad46addf1a398f6c896b369fb631e6002322ca559d41837d9f155,0,sp_en_trans,negated,hielo,entity_c8c201d2f09af6d0b6060033fbef14db06eaffb6d3d0706dfb5a7e5874e1fd09,train,outer_train,sp_en_trans:189,,[],entity_c8c201d2f09af6d0b6060033fbef14db06eaffb6d3d0706dfb5a7e5874e1fd09,admitted,[],[],[],provisional,admitted,[],[],candidate_pending_review_not_production,admitted,,candidate_pending_review_not_production
neg_sp_en_trans:50,neg_sp_en_trans,50,51,data/tiu_datasets/neg_sp_en_trans.csv,bec33e37047135b15cdd18c0cb0c66b65fb435ace08910cbcc220ce1ef610c96,f96e86376fa5b58950706004dd01cea66fbd99882f099c0d864eb9d356207ecf,"{""label"":""0"",""statement"":""The Spanish word 'todo' does not mean 'all'.""}",The Spanish word 'todo' does not mean 'all'.,8661823e39b894ef9982e8e0f17e6ab8118c2a19f2fd7e297b39c6041b980874,0,sp_en_trans,negated,todo,entity_a0324b087a2ddb7d227e28a5cc38e61e5f1133fd14fddf27865f268abd7405f2,train,outer_train,sp_en_trans:50,,[],entity_a0324b087a2ddb7d227e28a5cc38e61e5f1133fd14fddf27865f268abd7405f2,admitted,[],[],[],provisional,admitted,[],[],candidate_pending_review_not_production,admitted,,candidate_pending_review_not_production
neg_sp_en_trans:163,neg_sp_en_trans,163,164,data/tiu_datasets/neg_sp_en_trans.csv,bec33e37047135b15cdd18c0cb0c66b65fb435ace08910cbcc220ce1ef610c96,4a0ee6b9f429c8613c4110bdff2531445c7ca22d896de2318d427b687a60f324,"{""label"":""1"",""statement"":""The Spanish word 'semana' does not mean 'face'.""}",The Spanish word 'semana' does not mean 'face'.,f82104619ddffa8a4c801dfd1ae5676c2ecffd5e1d0ec75f874271f6caa5ea1e,1,sp_en_trans,negated,semana,entity_351b068ae357cd4d4bdd3eed2667535991d2d6f53ae0c06e12ac16c6fa2b676e,train,outer_train,sp_en_trans:163,,[],entity_351b068ae357cd4d4bdd3eed2667535991d2d6f53ae0c06e12ac16c6fa2b676e,admitted,[],[],[],provisional,admitted,[],[],candidate_pending_review_not_production,admitted,,candidate_pending_review_not_production
neg_sp_en_trans:295,neg_sp_en_trans,295,296,data/tiu_datasets/neg_sp_en_trans.csv,bec33e37047135b15cdd18c0cb0c66b65fb435ace08910cbcc220ce1ef610c96,9a7ae6bcfbd2514fb6d2d92119347f79cc41f564854d1a503b12c3929a375b1e,"{""label"":""0"",""statement"":""The Spanish word 'enemigo' does not mean 'enemy'.""}",The Spanish word 'enemigo' does not mean 'enemy'.,6117e48d42b5a600a8369ab06a4897221da8f7f91ccbeb12eb6cfd5c6bee41f9,0,sp_en_trans,negated,enemigo,entity_d4b9f3b8446e2f2193222494d668f089c706a34b3a0b97182457f7e3cf2358da,train,outer_train,sp_en_trans:295,,[],entity_d4b9f3b8446e2f2193222494d668f089c706a34b3a0b97182457f7e3cf2358da,admitted,[],[],[],provisional,admitted,[],[],candidate_pending_review_not_production,admitted,,candidate_pending_review_not_production
neg_sp_en_trans:222,neg_sp_en_trans,222,223,data/tiu_datasets/neg_sp_en_trans.csv,bec33e37047135b15cdd18c0cb0c66b65fb435ace08910cbcc220ce1ef610c96,50c5025bd49ff4c674dfa8bbf72bb26fd90d7c3649822522d84590ff7ff33536,"{""label"":""0"",""statement"":""The Spanish word 'hijo' does not mean 'son'.""}",The Spanish word 'hijo' does not mean 'son'.,af31442fbdbe1911ebdb02b02b96cb8a2dd338dd448efaa22c43554622bcf7ca,0,sp_en_trans,negated,hijo,entity_bc658b6771d9e1872f73f9b0710d15e4db2d15a0337ec84733433f7a40fddb03,train,outer_train,sp_en_trans:222,,[],entity_bc658b6771d9e1872f73f9b0710d15e4db2d15a0337ec84733433f7a40fddb03,admitted,[],[],[],provisional,admitted,[],[],candidate_pending_review_not_production,admitted,,candidate_pending_review_not_production
neg_sp_en_trans:220,neg_sp_en_trans,220,221,data/tiu_datasets/neg_sp_en_trans.csv,bec33e37047135b15cdd18c0cb0c66b65fb435ace08910cbcc220ce1ef610c96,fbb73c3bd94fb5938f6f29157673a0dfd384fcda588be64edd6e7d86ac5f877d,"{""label"":""0"",""statement"":""The Spanish word 'guardar' does not mean 'to save'.""}",The Spanish word 'guardar' does not mean 'to save'.,899a131d3183c9fd213565e0d69e89dab8d3e0a66e647decf54db867e8a394a8,0,sp_en_trans,negated,guardar,entity_9bf3b5e35cf48e658eb055ffde895dcc5f19515df832be78e6c04c6372c65ebb,train,outer_train,sp_en_trans:220,,[],entity_9bf3b5e35cf48e658eb055ffde895dcc5f19515df832be78e6c04c6372c65ebb,admitted,[],[],[],provisional,admitted,[],[],candidate_pending_review_not_production,admitted,,candidate_pending_review_not_production
neg_sp_en_trans:52,neg_sp_en_trans,52,53,data/tiu_datasets/neg_sp_en_trans.csv,bec33e37047135b15cdd18c0cb0c66b65fb435ace08910cbcc220ce1ef610c96,23b5e8392eb5cee0ab979cc21198b546fc28e18f27f5ba3c2bb7ca12ae4aee9e,"{""label"":""1"",""statement"":""The Spanish word 'entonces' does not mean 'corner'.""}",The Spanish word 'entonces' does not mean 'corner'.,e20c323246d254208ee9405a56c72815b3572b1a3774173b027d7e993b963dfe,1,sp_en_trans,negated,entonces,entity_49b5fc53cf4528987f70193e8dc2516b138bab53ee59c0cd3b34d6720c3b7157,train,outer_train,sp_en_trans:52,,[],entity_49b5fc53cf4528987f70193e8dc2516b138bab53ee59c0cd3b34d6720c3b7157,admitted,[],[],[],provisional,admitted,[],[],candidate_pending_review_not_production,admitted,,candidate_pending_review_not_production
neg_sp_en_trans:263,neg_sp_en_trans,263,264,data/tiu_datasets/neg_sp_en_trans.csv,bec33e37047135b15cdd18c0cb0c66b65fb435ace08910cbcc220ce1ef610c96,afbc4dc6624b7c5f7bb86a9077e856d8449fe4b43dc896a6bd400e9ef299ab4b,"{""label"":""1"",""statement"":""The Spanish word 'proteger' does not mean 'dry'.""}",The Spanish word 'proteger' does not mean 'dry'.,429c84168848c87b8fe0c4e4485126f84255433bf66cdb8040f5136b32deef77,1,sp_en_trans,negated,proteger,entity_bba5b2442cee4cdb5b0fbd81f25a9a732d024e245d52d025ad39b74aa99b7821,train,outer_train,sp_en_trans:263,,[],entity_bba5b2442cee4cdb5b0fbd81f25a9a732d024e245d52d025ad39b74aa99b7821,admitted,[],[],[],provisional,admitted,[],[],candidate_pending_review_not_production,admitted,,candidate_pending_review_not_production
neg_sp_en_trans:279,neg_sp_en_trans,279,280,data/tiu_datasets/neg_sp_en_trans.csv,bec33e37047135b15cdd18c0cb0c66b65fb435ace08910cbcc220ce1ef610c96,a410e907f21f42ba440e6ff8314b72dbcb210a850c01eb237b1175754a2324ca,"{""label"":""0"",""statement"":""The Spanish word 'carne' does not mean 'meat'.""}",The Spanish word 'carne' does not mean 'meat'.,a2720966e84ef9930be904a67b37bc33708638c695def166bd830d9d98c3743d,0,sp_en_trans,negated,carne,entity_62bf96fef5c635c2428f06afe0c70c305fee9179add501ab8fb44bfc8d70110a,train,outer_train,sp_en_trans:279,,[],entity_62bf96fef5c635c2428f06afe0c70c305fee9179add501ab8fb44bfc8d70110a,admitted,[],[],[],provisional,admitted,[],[],candidate_pending_review_not_production,admitted,,candidate_pending_review_not_production
neg_sp_en_trans:282,neg_sp_en_trans,282,283,data/tiu_datasets/neg_sp_en_trans.csv,bec33e37047135b15cdd18c0cb0c66b65fb435ace08910cbcc220ce1ef610c96,2392a74f269b13a11dbd7caea7040b0ac9ea30e65ca126abe0e6d63769db0ff2,"{""label"":""0"",""statement"":""The Spanish word 'delgado' does not mean 'thin'.""}",The Spanish word 'delgado' does not mean 'thin'.,3624fa5425f056d058273ff2179a3511021d66f6a6bb524b7bff2f522171affc,0,sp_en_trans,negated,delgado,entity_21325e32e76adc80f3b853b6d4a65b2b4d4a99dc9127422a6d87dea9eae4319d,train,outer_train,sp_en_trans:282,,[],entity_21325e32e76adc80f3b853b6d4a65b2b4d4a99dc9127422a6d87dea9eae4319d,admitted,[],[],[],provisional,admitted,[],[],candidate_pending_review_not_production,admitted,,candidate_pending_review_not_production
neg_sp_en_trans:322,neg_sp_en_trans,322,323,data/tiu_datasets/neg_sp_en_trans.csv,bec33e37047135b15cdd18c0cb0c66b65fb435ace08910cbcc220ce1ef610c96,0ccdd4856916407319c81e4a74285027dbf98a30126cfbd3834a588a407c75a9,"{""label"":""0"",""statement"":""The Spanish word 'lanzar' does not mean 'to throw'.""}",The Spanish word 'lanzar' does not mean 'to throw'.,60c2fda71efcfa83a8237e9d4e594072ae7c6ce585aec6c141497bf649697237,0,sp_en_trans,negated,lanzar,entity_c97c2e09f126cc13f4f534c46b81cad5f27eaaeb6deb393941b9c8872b8e46ee,train,outer_train,sp_en_trans:322,,[],entity_c97c2e09f126cc13f4f534c46b81cad5f27eaaeb6deb393941b9c8872b8e46ee,admitted,[],[],[],provisional,admitted,[],[],candidate_pending_review_not_production,admitted,,candidate_pending_review_not_production
neg_sp_en_trans:130,neg_sp_en_trans,130,131,data/tiu_datasets/neg_sp_en_trans.csv,bec33e37047135b15cdd18c0cb0c66b65fb435ace08910cbcc220ce1ef610c96,bb28afc31c56aeaad8e778261565764526c1a254654dc72ce18befeee99f3815,"{""label"":""0"",""statement"":""The Spanish word 'fuego' does not mean 'fire'.""}",The Spanish word 'fuego' does not mean 'fire'.,7e45c47b2b8bfddcfe3758096f0dfec1090349cc8c2cd8417005c70227698636,0,sp_en_trans,negated,fuego,entity_724ac93aed54018b5e5e8e6f9690d005bddf9d55dc4c6b0616eda0d83ab0f21e,train,outer_train,sp_en_trans:130,,[],entity_724ac93aed54018b5e5e8e6f9690d005bddf9d55dc4c6b0616eda0d83ab0f21e,admitted,[],[],[],provisional,admitted,[],[],candidate_pending_review_not_production,admitted,,candidate_pending_review_not_production
neg_sp_en_trans:112,neg_sp_en_trans,112,113,data/tiu_datasets/neg_sp_en_trans.csv,bec33e37047135b15cdd18c0cb0c66b65fb435ace08910cbcc220ce1ef610c96,83f823690575ea3af8fb63fa7b9ce305511b91e0e9bce8c369a52f297ff80800,"{""label"":""1"",""statement"":""The Spanish word 'joven' does not mean 'hot'.""}",The Spanish word 'joven' does not mean 'hot'.,06646f2d33c4c62f5555c3206d9a46170d81e7dd06be5c53f577875b08041b53,1,sp_en_trans,negated,joven,entity_1fdbe7ebff863d08c5ca3faa2d28822a4e5b32aa75d89770d78b49de8e380839,train,outer_train,sp_en_trans:112,,[],entity_1fdbe7ebff863d08c5ca3faa2d28822a4e5b32aa75d89770d78b49de8e380839,admitted,[],[],[],provisional,admitted,[],[],candidate_pending_review_not_production,admitted,,candidate_pending_review_not_production
inventors:77,inventors,77,78,data/tiu_datasets/inventors.csv,6990771f01efcbae18bfa3960facbe36c39199f850f407540548a9c04339084c,085551cf2bc7959d78a5efa541604bd5b9c8efa43d7e3b20604b18e7fb549d1f,"{""label"":""1"",""statement"":""Thomas Wedgwood lived in the U.K.""}",Thomas Wedgwood lived in the U.K.,0b9a95518a79447d14648bcfad725b4a7ff23f7879f9d6b3065fa306f5dd67f5,1,inventors,affirmative,Thomas Wedgwood,entity_169a162e881247a3c05dca46687f0c4875f66586a1419bbc034f0bafa3f46689,train,outer_train,neg_inventors:77,the U.K,"[""United Kingdom""]",entity_169a162e881247a3c05dca46687f0c4875f66586a1419bbc034f0bafa3f46689,admitted,[],[],[],provisional,admitted,[],[],candidate_pending_review_not_production,admitted,,candidate_pending_review_not_production
inventors:152,inventors,152,153,data/tiu_datasets/inventors.csv,6990771f01efcbae18bfa3960facbe36c39199f850f407540548a9c04339084c,4c265aae92bceafa40d847657778835a29cfeb3c34bd154913b21aa7ede92aea,"{""label"":""0"",""statement"":""Frederick G. Creed lived in Sweden.""}",Frederick G. Creed lived in Sweden.,b1a2f9de5adde87e6d2e508c43bbb5290d04a004d1fce23ed58577b63ca1774d,0,inventors,affirmative,Frederick G. Creed,entity_6c538714f9589781a35a32ac7de0ca2d87e13f3e096c469b5a1ee164600b2705,train,outer_train,neg_inventors:152,Sweden,"[""Sweden""]",entity_6c538714f9589781a35a32ac7de0ca2d87e13f3e096c469b5a1ee164600b2705,admitted,[],[],[],provisional,admitted,[],[],candidate_pending_review_not_production,admitted,,candidate_pending_review_not_production
inventors:157,inventors,157,158,data/tiu_datasets/inventors.csv,6990771f01efcbae18bfa3960facbe36c39199f850f407540548a9c04339084c,6fbd22321dcfdd5e2332c0e0762e4a6c107c3a318210038e2e2451e1715af40b,"{""label"":""0"",""statement"":""Hippolyte Mège-Mouriès lived in the U.S.""}",Hippolyte Mège-Mouriès lived in the U.S.,87844d73d1bc8759331614861dba43b6da92bdadadc5d1837c28c291163bafa8,0,inventors,affirmative,Hippolyte Mège-Mouriès,entity_ed74407dfa7b1ab4cb8cd821fe9172cf89e2f444ae3bfcf55fe351d2f59f0632,train,outer_train,neg_inventors:157,the U.S,"[""United States""]",entity_ed74407dfa7b1ab4cb8cd821fe9172cf89e2f444ae3bfcf55fe351d2f59f0632,admitted,[],[],[],provisional,admitted,[],[],candidate_pending_review_not_production,admitted,,candidate_pending_review_not_production
inventors:140,inventors,140,141,data/tiu_datasets/inventors.csv,6990771f01efcbae18bfa3960facbe36c39199f850f407540548a9c04339084c,0d846783424bec40e3eb04d67e957f8a28c45c6663738e4a4048c8a5f8b3474e,"{""label"":""1"",""statement"":""Bette Nesmith Graham lived in the U.S.""}",Bette Nesmith Graham lived in the U.S.,049ce693994eb0b5f49f6367194c3c657ca8ed82bcb7cc59f30815a86ba5a044,1,inventors,affirmative,Bette Nesmith Graham,entity_5e5c11a74bf355507521edf353e8d8064ab27f399dcaedbc24345f9a09aff777,train,outer_train,neg_inventors:140,the U.S,"[""United States""]",entity_5e5c11a74bf355507521edf353e8d8064ab27f399dcaedbc24345f9a09aff777,admitted,[],[],[],provisional,admitted,[],[],candidate_pending_review_not_production,admitted,,candidate_pending_review_not_production
inventors:50,inventors,50,51,data/tiu_datasets/inventors.csv,6990771f01efcbae18bfa3960facbe36c39199f850f407540548a9c04339084c,c4e07db5d5be546e042a1cfa7b377519f915a54dfe315a6086b8447f696cc75d,"{""label"":""0"",""statement"":""James Clerk Maxwell lived in the U.S.""}",James Clerk Maxwell lived in the U.S.,e3f548ca6a5071aadb067ec0080bfd5d9048b76456647239a6ee968a40b338ee,0,inventors,affirmative,James Clerk Maxwell,entity_2c32b064fe12d3f3726a09b32f49e8e58eee5b3e9dac16fb2bd023c46fbc77a8,train,outer_train,neg_inventors:50,the U.S,"[""United States""]",entity_2c32b064fe12d3f3726a09b32f49e8e58eee5b3e9dac16fb2bd023c46fbc77a8,admitted,[],[],[],provisional,admitted,[],[],candidate_pending_review_not_production,admitted,,candidate_pending_review_not_production
inventors:23,inventors,23,24,data/tiu_datasets/inventors.csv,6990771f01efcbae18bfa3960facbe36c39199f850f407540548a9c04339084c,3a5c003981d53614d141e45f48513e7d96f2334ebf2b4f569dd1e3d058e91e20,"{""label"":""0"",""statement"":""Herbert Saffir lived in the U.K.""}",Herbert Saffir lived in the U.K.,b9a84f71b7e34f20906d0c786d03fec664241155d7362119bbbbef29bc67ac14,0,inventors,affirmative,Herbert Saffir,entity_d7cc8ea4e29294ff2f5424209d056df11ab57c68a360b1037573c49bd287dd7d,train,outer_train,neg_inventors:23,the U.K,"[""United Kingdom""]",entity_d7cc8ea4e29294ff2f5424209d056df11ab57c68a360b1037573c49bd287dd7d,admitted,[],[],[],provisional,admitted,[],[],candidate_pending_review_not_production,admitted,,candidate_pending_review_not_production
inventors:295,inventors,295,296,data/tiu_datasets/inventors.csv,6990771f01efcbae18bfa3960facbe36c39199f850f407540548a9c04339084c,51f5ac2fdd7f5c74af0f4426b519bf4e95b192b1771c5aac60b48cd690766ab7,"{""label"":""1"",""statement"":""Karl Landsteiner lived in Austria.""}",Karl Landsteiner lived in Austria.,ab07101b077e75dd5f220cf30dc1a1274306e181b792e9c554284029351f5e26,1,inventors,affirmative,Karl Landsteiner,entity_241aa31960ce752aa41aff5636de469e2790ce7461e15ad0c3ee430f3d04c1ec,train,outer_train,neg_inventors:295,Austria,"[""Austria""]",entity_241aa31960ce752aa41aff5636de469e2790ce7461e15ad0c3ee430f3d04c1ec,admitted,[],[],[],provisional,admitted,[],[],candidate_pending_review_not_production,admitted,,candidate_pending_review_not_production
inventors:9,inventors,9,10,data/tiu_datasets/inventors.csv,6990771f01efcbae18bfa3960facbe36c39199f850f407540548a9c04339084c,6d1ddf456d6826cb48b8480611bc4a71676903ac38e6662a233771278dc923cb,"{""label"":""1"",""statement"":""Frederick Walton lived in the U.K.""}",Frederick Walton lived in the U.K.,984026d652dd6fc60f24c4875b2fe80735b612a74a4b8923abb936d9ee4e5859,1,inventors,affirmative,Frederick Walton,entity_8e5f5f10d41f09992da14b6097cd0280ce6c4594a46b0cb3e504167b53de4cd2,train,outer_train,neg_inventors:9,the U.K,"[""United Kingdom""]",entity_8e5f5f10d41f09992da14b6097cd0280ce6c4594a46b0cb3e504167b53de4cd2,admitted,[],[],[],provisional,admitted,[],[],candidate_pending_review_not_production,admitted,,candidate_pending_review_not_production
inventors:308,inventors,308,309,data/tiu_datasets/inventors.csv,6990771f01efcbae18bfa3960facbe36c39199f850f407540548a9c04339084c,3526831fa28599e12edec1f046fb74b07da36dbd6ad12c95a0f6b79950524438,"{""label"":""0"",""statement"":""Antoine Lavoisier lived in Austria.""}",Antoine Lavoisier lived in Austria.,a85a0805bed567dde7efbe8a2a05a788a01e2e38be4bf8e22f39cc5932f6a362,0,inventors,affirmative,Antoine Lavoisier,entity_2893aa6253722d064f89b95bfdab30ec1a3b479197fef9e96abef5ae6a4fb1da,train,outer_train,neg_inventors:308,Austria,"[""Austria""]",entity_2893aa6253722d064f89b95bfdab30ec1a3b479197fef9e96abef5ae6a4fb1da,admitted,[],[],[],provisional,admitted,[],[],candidate_pending_review_not_production,admitted,,candidate_pending_review_not_production
inventors:86,inventors,86,87,data/tiu_datasets/inventors.csv,6990771f01efcbae18bfa3960facbe36c39199f850f407540548a9c04339084c,0ea01712aa13d061a032723280a39350cedf899e49e7117693dbb8497c164ab4,"{""label"":""0"",""statement"":""James Watt lived in the U.S.""}",James Watt lived in the U.S.,58737c7f65a9fdae37a75ef10aead441255b7a6d330de4dc899c0ef273a111b9,0,inventors,affirmative,James Watt,entity_9f6356c71983dc7f2df1a26508666518aa54985f0480a3fd3d36dcb5a1db5520,train,outer_train,neg_inventors:86,the U.S,"[""United States""]",entity_9f6356c71983dc7f2df1a26508666518aa54985f0480a3fd3d36dcb5a1db5520,admitted,[],[],[],provisional,admitted,[],[],candidate_pending_review_not_production,admitted,,candidate_pending_review_not_production
inventors:163,inventors,163,164,data/tiu_datasets/inventors.csv,6990771f01efcbae18bfa3960facbe36c39199f850f407540548a9c04339084c,77229051fcd2424a1adf3a7310b5e9f4da1ead86c5be109737d79886ddc123c8,"{""label"":""1"",""statement"":""Samuel Fox lived in the U.K.""}",Samuel Fox lived in the U.K.,f324a908860961e03ab1699dce93b1861e921883be314aecb8bac05969e415fb,1,inventors,affirmative,Samuel Fox,entity_5e9a51e451360ddad4b64f7e0ee5aa612bf0999c4e510d6783ed9afe5ab944fa,train,outer_train,neg_inventors:163,the U.K,"[""United Kingdom""]",entity_5e9a51e451360ddad4b64f7e0ee5aa612bf0999c4e510d6783ed9afe5ab944fa,admitted,[],[],[],provisional,admitted,[],[],candidate_pending_review_not_production,admitted,,candidate_pending_review_not_production
inventors:239,inventors,239,240,data/tiu_datasets/inventors.csv,6990771f01efcbae18bfa3960facbe36c39199f850f407540548a9c04339084c,e108f3810bf7721622f0056fda057bd1cd565dbe0a10d44a02a5c1b51f2883f2,"{""label"":""1"",""statement"":""John Harrison lived in the U.K.""}",John Harrison lived in the U.K.,0481a145e8c256928c4c13cc2801eff00198e4201a1ad2c9f702a311f54aa697,1,inventors,affirmative,John Harrison,entity_d7ad661bd43eb5968863bc1b7dbd91dda7337fc8b5db8454fa177d3a820c9e23,train,outer_train,neg_inventors:239,the U.K,"[""United Kingdom""]",entity_d7ad661bd43eb5968863bc1b7dbd91dda7337fc8b5db8454fa177d3a820c9e23,admitted,[],[],[],provisional,admitted,[],[],candidate_pending_review_not_production,admitted,,candidate_pending_review_not_production
inventors:91,inventors,91,92,data/tiu_datasets/inventors.csv,6990771f01efcbae18bfa3960facbe36c39199f850f407540548a9c04339084c,9d478236502b0457176a226dfe4cf3ed7c2c9e25d22adec41571f1140508f993,"{""label"":""1"",""statement"":""Edwin H. Land lived in the U.S.""}",Edwin H. Land lived in the U.S.,fff80eef46b6ded58e06aae281ea5b0d1aa9a20bb40655bd10c5d9df1dfbd9ba,1,inventors,affirmative,Edwin H. Land,entity_e71a928e187e1b2b74b50f6ede0a620d79ca94ef0fd86fcf1d1244c11c188286,train,outer_train,neg_inventors:91,the U.S,"[""United States""]",entity_e71a928e187e1b2b74b50f6ede0a620d79ca94ef0fd86fcf1d1244c11c188286,admitted,[],[],[],provisional,admitted,[],[],candidate_pending_review_not_production,admitted,,candidate_pending_review_not_production
inventors:313,inventors,313,314,data/tiu_datasets/inventors.csv,6990771f01efcbae18bfa3960facbe36c39199f850f407540548a9c04339084c,fdaab8d7700b4479cf43c869385823c52aec1e2f93245ae45be9ba1b707e3ab5,"{""label"":""0"",""statement"":""Frank Bunker Gilbreth lived in Russia.""}",Frank Bunker Gilbreth lived in Russia.,bc119feb83694649b5fec1bf5687f58a2401a1ef5f8dc2ebb861f81529b96e2e,0,inventors,affirmative,Frank Bunker Gilbreth,entity_9a5cc522c464ad73e9e4dcacbada81be0e38165fea30ffd9b18b518212b9e133,train,outer_train,neg_inventors:313,Russia,"[""Russia""]",entity_9a5cc522c464ad73e9e4dcacbada81be0e38165fea30ffd9b18b518212b9e133,admitted,[],[],[],provisional,admitted,[],[],candidate_pending_review_not_production,admitted,,candidate_pending_review_not_production
inventors:100,inventors,100,101,data/tiu_datasets/inventors.csv,6990771f01efcbae18bfa3960facbe36c39199f850f407540548a9c04339084c,b122b134345622fd1cb6b558bc743d6681ce155b958ff0c96cb3f1e91c9bf2b0,"{""label"":""1"",""statement"":""Ernesto Blanco lived in the U.S.""}",Ernesto Blanco lived in the U.S.,fd1fad1a8547f3741c4e19ebe4af97913a657a68981764c2e1701ac9f2ed0e32,1,inventors,affirmative,Ernesto Blanco,entity_352a40c66a7ab8e8865895198ce0d679604b1143b51b7e5607e78b419895caf7,train,outer_train,neg_inventors:100,the U.S,"[""United States""]",entity_352a40c66a7ab8e8865895198ce0d679604b1143b51b7e5607e78b419895caf7,admitted,[],[],[],provisional,admitted,[],[],candidate_pending_review_not_production,admitted,,candidate_pending_review_not_production
inventors:275,inventors,275,276,data/tiu_datasets/inventors.csv,6990771f01efcbae18bfa3960facbe36c39199f850f407540548a9c04339084c,a1881cda5cefcc13d18e1e2e5538a72bbe6aedaf388d8d44309bfef201e2dd65,"{""label"":""1"",""statement"":""James Starley lived in the U.K.""}",James Starley lived in the U.K.,ad010a6f3c92acbac8d9b530c82309504b62252b8677ae51bcadd530ac3a1e81,1,inventors,affirmative,James Starley,entity_4cdb26140c9bec6b4662202c8a0132d97d578e2829ff902943cb7c1e6640c2b0,train,outer_train,neg_inventors:275,the U.K,"[""United Kingdom""]",entity_4cdb26140c9bec6b4662202c8a0132d97d578e2829ff902943cb7c1e6640c2b0,admitted,[],[],[],provisional,admitted,[],[],candidate_pending_review_not_production,admitted,,candidate_pending_review_not_production
inventors:134,inventors,134,135,data/tiu_datasets/inventors.csv,6990771f01efcbae18bfa3960facbe36c39199f850f407540548a9c04339084c,43a07b641b23d67b23d781655f9fffb7d92b83595259e92059891324422949d7,"{""label"":""1"",""statement"":""Joseph Bramah lived in the U.K.""}",Joseph Bramah lived in the U.K.,01d551399c23e81216201c1fbd34c7da875dbde506252231398daa588b0f9a6b,1,inventors,affirmative,Joseph Bramah,entity_a2d9f017e0a0d61da45e06ba11ac94c7b18213d3f06f06442d83bd9d99f76cfa,train,outer_train,neg_inventors:134,the U.K,"[""United Kingdom""]",entity_a2d9f017e0a0d61da45e06ba11ac94c7b18213d3f06f06442d83bd9d99f76cfa,admitted,[],[],[],provisional,admitted,[],[],candidate_pending_review_not_production,admitted,,candidate_pending_review_not_production
inventors:324,inventors,324,325,data/tiu_datasets/inventors.csv,6990771f01efcbae18bfa3960facbe36c39199f850f407540548a9c04339084c,9590d20636a5eb828d1f552e32f61b968b846d3b42bab0aa12de0e0b3b2b969a,"{""label"":""1"",""statement"":""Hans Geiger lived in Germany.""}",Hans Geiger lived in Germany.,7657f5d1d25115d7e0ed958ccba943046ea6da4ab19452e15eb51da8d6dc211d,1,inventors,affirmative,Hans Geiger,entity_675c7aab0bec3594dce5aed35707ed052942a9552e8349f88dba7e354ff53ffe,train,outer_train,neg_inventors:324,Germany,"[""Germany""]",entity_675c7aab0bec3594dce5aed35707ed052942a9552e8349f88dba7e354ff53ffe,admitted,[],[],[],provisional,admitted,[],[],candidate_pending_review_not_production,admitted,,candidate_pending_review_not_production
inventors:281,inventors,281,282,data/tiu_datasets/inventors.csv,6990771f01efcbae18bfa3960facbe36c39199f850f407540548a9c04339084c,94f2e6e3f4c6cfdf8b690b9a102f608cbba99d93bd04e8fa6a128b5038c7a239,"{""label"":""0"",""statement"":""Gustaf Dalén lived in Germany.""}",Gustaf Dalén lived in Germany.,7c7ebc3b36bbf20f1149b7a3ef4b3203f5866a91fffbcb0298df59b77cd7ad78,0,inventors,affirmative,Gustaf Dalén,entity_1eab845712f1a4026efd4c41f2e2b5ad7c2ad14c5117ba92383fd229c9b8377e,train,outer_train,neg_inventors:281,Germany,"[""Germany""]",entity_1eab845712f1a4026efd4c41f2e2b5ad7c2ad14c5117ba92383fd229c9b8377e,admitted,[],[],[],provisional,admitted,[],[],candidate_pending_review_not_production,admitted,,candidate_pending_review_not_production
inventors:95,inventors,95,96,data/tiu_datasets/inventors.csv,6990771f01efcbae18bfa3960facbe36c39199f850f407540548a9c04339084c,ea426e8c814b13962f8af0bad63198d86f6636c92d268dc8c1c6d7ce5b5bb293,"{""label"":""1"",""statement"":""James Watt lived in Scotland.""}",James Watt lived in Scotland.,81666341a114428f76e62f313b93999197687e68ab81da6d391dc510d76a478d,1,inventors,affirmative,James Watt,entity_9f6356c71983dc7f2df1a26508666518aa54985f0480a3fd3d36dcb5a1db5520,train,outer_train,neg_inventors:95,Scotland,"[""Scotland""]",entity_9f6356c71983dc7f2df1a26508666518aa54985f0480a3fd3d36dcb5a1db5520,admitted,[],[],[],provisional,admitted,[],[],candidate_pending_review_not_production,admitted,,candidate_pending_review_not_production
inventors:304,inventors,304,305,data/tiu_datasets/inventors.csv,6990771f01efcbae18bfa3960facbe36c39199f850f407540548a9c04339084c,a5d2213e7f305a6378dd3754f86bdffec30481afab8a4346f23e323db0c57707,"{""label"":""0"",""statement"":""Arthur Fry lived in France.""}",Arthur Fry lived in France.,187143539612ca62d8d5c0efbb29048db352310b4263f15ea19c8c7c1e774479,0,inventors,affirmative,Arthur Fry,entity_f64a7bcf458a9a4fc914bccaa5ec5d3848cb976601dc15b26030465a2471cbfc,train,outer_train,neg_inventors:304,France,"[""France""]",entity_f64a7bcf458a9a4fc914bccaa5ec5d3848cb976601dc15b26030465a2471cbfc,admitted,[],[],[],provisional,admitted,[],[],candidate_pending_review_not_production,admitted,,candidate_pending_review_not_production
inventors:285,inventors,285,286,data/tiu_datasets/inventors.csv,6990771f01efcbae18bfa3960facbe36c39199f850f407540548a9c04339084c,dbcca542f8b9a488986177ce6a1468abd66d487bdb758eee74bc3ef92af0cc74,"{""label"":""1"",""statement"":""Spencer Silver lived in the U.S.""}",Spencer Silver lived in the U.S.,64d6b12dd4c8de7bfa40b79e3f31f608e81f759a3ea91ca34092e9f047aff056,1,inventors,affirmative,Spencer Silver,entity_162096dd276925d4e85761141810e74e189ffc69d29b292beddb349e673d35eb,train,outer_train,neg_inventors:285,the U.S,"[""United States""]",entity_162096dd276925d4e85761141810e74e189ffc69d29b292beddb349e673d35eb,admitted,[],[],[],provisional,admitted,[],[],candidate_pending_review_not_production,admitted,,candidate_pending_review_not_production
inventors:185,inventors,185,186,data/tiu_datasets/inventors.csv,6990771f01efcbae18bfa3960facbe36c39199f850f407540548a9c04339084c,e48172997aab0035a7851ca9a9c0cb7b26bfef849da2d942b8b6434c390886c6,"{""label"":""0"",""statement"":""Giovanni Caselli lived in the U.S.""}",Giovanni Caselli lived in the U.S.,9ba0630c7430bd2cfd57f849a610b0252dee56e0e564e3b6530d8eea90e56706,0,inventors,affirmative,Giovanni Caselli,entity_eb706b022ce9473cc6017b0f2a167a8aa1c393a0ec1572d1fb6c3f40fe2b3276,train,outer_train,neg_inventors:185,the U.S,"[""United States""]",entity_eb706b022ce9473cc6017b0f2a167a8aa1c393a0ec1572d1fb6c3f40fe2b3276,admitted,[],[],[],provisional,admitted,[],[],candidate_pending_review_not_production,admitted,,candidate_pending_review_not_production
inventors:156,inventors,156,157,data/tiu_datasets/inventors.csv,6990771f01efcbae18bfa3960facbe36c39199f850f407540548a9c04339084c,aff49829612cabfd33cdc08cca2b6d04e904ab416c02ba34d67b8e5b8a088c89,"{""label"":""1"",""statement"":""Paul Gottlieb Nipkow lived in Germany.""}",Paul Gottlieb Nipkow lived in Germany.,6852142fcfcbb209090f16edd2fe8937dcd844b0c922716c81750cc7ac9f8bca,1,inventors,affirmative,Paul Gottlieb Nipkow,entity_d555076aae9c496b1c8fbf94ec9e5351c5204ca20cad98f9e8e4191dc14874e7,train,outer_train,neg_inventors:156,Germany,"[""Germany""]",entity_d555076aae9c496b1c8fbf94ec9e5351c5204ca20cad98f9e8e4191dc14874e7,admitted,[],[],[],provisional,admitted,[],[],candidate_pending_review_not_production,admitted,,candidate_pending_review_not_production
inventors:8,inventors,8,9,data/tiu_datasets/inventors.csv,6990771f01efcbae18bfa3960facbe36c39199f850f407540548a9c04339084c,d099454fc75e93e57a1b7bb2e953338040c9ed28fe0909a665203858088354a9,"{""label"":""1"",""statement"":""William Sturgeon lived in the U.K.""}",William Sturgeon lived in the U.K.,f8b4e23936c6f63fdcba66dfe6a8fff8a4e5a6395a6c2c8e1f517246bece66d7,1,inventors,affirmative,William Sturgeon,entity_32ca924a1a4c3c943a2e48ae03d15f82a3fa5a9b9f15036ad4a01e18b6eb9cee,train,outer_train,neg_inventors:8,the U.K,"[""United Kingdom""]",entity_32ca924a1a4c3c943a2e48ae03d15f82a3fa5a9b9f15036ad4a01e18b6eb9cee,admitted,[],[],[],provisional,admitted,[],[],candidate_pending_review_not_production,admitted,,candidate_pending_review_not_production
inventors:168,inventors,168,169,data/tiu_datasets/inventors.csv,6990771f01efcbae18bfa3960facbe36c39199f850f407540548a9c04339084c,dad2569effa5f744c6f3f2bad5d20c85a28c43a207786e4780a9091d231a8cc8,"{""label"":""0"",""statement"":""Hans Goldschmidt lived in the Netherlands.""}",Hans Goldschmidt lived in the Netherlands.,84066f14792127c1c285d8200278e3e9f9431543d5c87de8e891aaad25230379,0,inventors,affirmative,Hans Goldschmidt,entity_d27e81df65d0f8aae07dc2193a2a832bdc791f40f614bf984b3cab2bdbe11646,train,outer_train,neg_inventors:168,the Netherlands,"[""Netherlands""]",entity_d27e81df65d0f8aae07dc2193a2a832bdc791f40f614bf984b3cab2bdbe11646,admitted,[],[],[],provisional,admitted,[],[],candidate_pending_review_not_production,admitted,,candidate_pending_review_not_production
inventors:65,inventors,65,66,data/tiu_datasets/inventors.csv,6990771f01efcbae18bfa3960facbe36c39199f850f407540548a9c04339084c,21ae258b235551659d7e3dc9000a4c532a9466146c6243cd2927614ec7731d6f,"{""label"":""1"",""statement"":""Walter Hunt lived in the U.S.""}",Walter Hunt lived in the U.S.,585397eb4045a52a479c30c6a11f3159853993afd809f29ba7a4fb8de52ad74d,1,inventors,affirmative,Walter Hunt,entity_13d46f662918ef3345308e025bf5b93f2d9d0af70dbe06be668fd2d89bcd8e1c,train,outer_train,neg_inventors:65,the U.S,"[""United States""]",entity_13d46f662918ef3345308e025bf5b93f2d9d0af70dbe06be668fd2d89bcd8e1c,admitted,[],[],[],provisional,admitted,[],[],candidate_pending_review_not_production,admitted,,candidate_pending_review_not_production
inventors:314,inventors,314,315,data/tiu_datasets/inventors.csv,6990771f01efcbae18bfa3960facbe36c39199f850f407540548a9c04339084c,646d4ec26807007b4d43e8a8f67d700bc54a489708ddaab35c7501daa1d9b604,"{""label"":""0"",""statement"":""Daisuke Inoue lived in the U.S.""}",Daisuke Inoue lived in the U.S.,5df63cea692f71549048a9cc699347fa6b63954eaa0cd2cf2064521a4b4790d0,0,inventors,affirmative,Daisuke Inoue,entity_a194566f08ad5b17675d15fc2f7c357060a41e14fce3074cd8b7a12544ce2f39,train,outer_train,neg_inventors:314,the U.S,"[""United States""]",entity_a194566f08ad5b17675d15fc2f7c357060a41e14fce3074cd8b7a12544ce2f39,admitted,[],[],[],provisional,admitted,[],[],candidate_pending_review_not_production,admitted,,candidate_pending_review_not_production
inventors:109,inventors,109,110,data/tiu_datasets/inventors.csv,6990771f01efcbae18bfa3960facbe36c39199f850f407540548a9c04339084c,be5aa1070910ec45a85fb924e2579da6083fb17910ad5c8c249312b16959df68,"{""label"":""1"",""statement"":""Michael Faraday lived in the U.K.""}",Michael Faraday lived in the U.K.,0ea457cb75ebc7fc9a2a48588debcf22158ac75a5563b0d3c86ae1434ef0e87e,1,inventors,affirmative,Michael Faraday,entity_e633e8a2e08c99d3102240879f8e8a2ff048f0fa22c9a9d0870dfd4aec3b1828,train,outer_train,neg_inventors:109,the U.K,"[""United Kingdom""]",entity_e633e8a2e08c99d3102240879f8e8a2ff048f0fa22c9a9d0870dfd4aec3b1828,admitted,[],[],[],provisional,admitted,[],[],candidate_pending_review_not_production,admitted,,candidate_pending_review_not_production
inventors:81,inventors,81,82,data/tiu_datasets/inventors.csv,6990771f01efcbae18bfa3960facbe36c39199f850f407540548a9c04339084c,335a30b9e87a5b4c27f47806523d4fb31536837df94492699c9649f3d1af3d5f,"{""label"":""0"",""statement"":""Godfrey Hounsfield lived in Denmark.""}",Godfrey Hounsfield lived in Denmark.,6dc708811a4436f9005dd43338afe0580021568b6deb2a7e2b4bb95fb988f2f1,0,inventors,affirmative,Godfrey Hounsfield,entity_78f19d21d14dd9d6073f64b47abb97c98cba199e992f02388171b73ed96795eb,train,outer_train,neg_inventors:81,Denmark,"[""Denmark""]",entity_78f19d21d14dd9d6073f64b47abb97c98cba199e992f02388171b73ed96795eb,admitted,[],[],[],provisional,admitted,[],[],candidate_pending_review_not_production,admitted,,candidate_pending_review_not_production
inventors:60,inventors,60,61,data/tiu_datasets/inventors.csv,6990771f01efcbae18bfa3960facbe36c39199f850f407540548a9c04339084c,9ede897b9770c87ab6c1ab4662d9c112cb871f93b7eba98903d76d1b285779ee,"{""label"":""1"",""statement"":""Wallace Carothers lived in the U.S.""}",Wallace Carothers lived in the U.S.,233dc9814d6828e1333a0016358481777ae92edd1dc2909512dee6b6b8b4456a,1,inventors,affirmative,Wallace Carothers,entity_1b0f1f2bb5a919012ce64b1229b4eb31e552caa4f9f09251d317353ea8e55d2e,train,outer_train,neg_inventors:60,the U.S,"[""United States""]",entity_1b0f1f2bb5a919012ce64b1229b4eb31e552caa4f9f09251d317353ea8e55d2e,admitted,[],[],[],provisional,admitted,[],[],candidate_pending_review_not_production,admitted,,candidate_pending_review_not_production
inventors:372,inventors,372,373,data/tiu_datasets/inventors.csv,6990771f01efcbae18bfa3960facbe36c39199f850f407540548a9c04339084c,f1b896c43e0d8b443a259470160c0f9f97de99e74da358e28101353d0142da58,"{""label"":""1"",""statement"":""Felix Hoffmann lived in Germany.""}",Felix Hoffmann lived in Germany.,a0300313eafaa2bdb98a43376a572737373c43fb41adce84ee96748b43bdaf0b,1,inventors,affirmative,Felix Hoffmann,entity_c31120bc3d1f106ef87ecf7713c451f3ff17e63b15000adccd97a2269609870e,train,outer_train,neg_inventors:372,Germany,"[""Germany""]",entity_c31120bc3d1f106ef87ecf7713c451f3ff17e63b15000adccd97a2269609870e,admitted,[],[],[],provisional,admitted,[],[],candidate_pending_review_not_production,admitted,,candidate_pending_review_not_production
inventors:219,inventors,219,220,data/tiu_datasets/inventors.csv,6990771f01efcbae18bfa3960facbe36c39199f850f407540548a9c04339084c,98d7e528bfa0721f4f1053b74dbe0efa8b7dcf2400d923f08496c64da9cec567,"{""label"":""1"",""statement"":""Frank Julian Sprague lived in the U.S.""}",Frank Julian Sprague lived in the U.S.,367cdb2d293434e364f430970681ce860fc00f507305ee505ec849d245fffd45,1,inventors,affirmative,Frank Julian Sprague,entity_4d8d21dee789ab3055d0a461e8d745a132bde7d16666eacee6a4cb365eff29fb,train,outer_train,neg_inventors:219,the U.S,"[""United States""]",entity_4d8d21dee789ab3055d0a461e8d745a132bde7d16666eacee6a4cb365eff29fb,admitted,[],[],[],provisional,admitted,[],[],candidate_pending_review_not_production,admitted,,candidate_pending_review_not_production
inventors:328,inventors,328,329,data/tiu_datasets/inventors.csv,6990771f01efcbae18bfa3960facbe36c39199f850f407540548a9c04339084c,213210cfa4efaef891b38248c3448b9f2b790d982e8b2e9413d2782dce1b3194,"{""label"":""1"",""statement"":""Shinya Yamanaka lived in Japan.""}",Shinya Yamanaka lived in Japan.,db1c9bcea5db5102d95146b58045de3772020dc5a19071f0574b3814a8611374,1,inventors,affirmative,Shinya Yamanaka,entity_fd540038a74ef8f8ce0cdc1205b1bafb266bc6c4094fce27843a65986fc41160,train,outer_train,neg_inventors:328,Japan,"[""Japan""]",entity_fd540038a74ef8f8ce0cdc1205b1bafb266bc6c4094fce27843a65986fc41160,admitted,[],[],[],provisional,admitted,[],[],candidate_pending_review_not_production,admitted,,candidate_pending_review_not_production
inventors:312,inventors,312,313,data/tiu_datasets/inventors.csv,6990771f01efcbae18bfa3960facbe36c39199f850f407540548a9c04339084c,ba89549c664bf7fe7264703c7be533514add732e1995266cc59ab4f8f7078937,"{""label"":""0"",""statement"":""John Shepherd-Barron lived in the U.S.""}",John Shepherd-Barron lived in the U.S.,af340b63f29cf9360c7d1b438ee738800558ab8c200ee0f59fc279956d8d9d33,0,inventors,affirmative,John Shepherd-Barron,entity_5072e2006427b892d26836ed6763295a988a5730656386442ae299ddd741af05,train,outer_train,neg_inventors:312,the U.S,"[""United States""]",entity_5072e2006427b892d26836ed6763295a988a5730656386442ae299ddd741af05,admitted,[],[],[],provisional,admitted,[],[],candidate_pending_review_not_production,admitted,,candidate_pending_review_not_production
inventors:329,inventors,329,330,data/tiu_datasets/inventors.csv,6990771f01efcbae18bfa3960facbe36c39199f850f407540548a9c04339084c,69c1b08e39189785c65184511e08ff3c36f6bc87e8ce3dff0ac7f993842ed783,"{""label"":""1"",""statement"":""Giovanni Caselli lived in Italy.""}",Giovanni Caselli lived in Italy.,db8269f5271e6f9a97e5548cc4bd1eebc3d46d2edae71e00831ee463a0ef6310,1,inventors,affirmative,Giovanni Caselli,entity_eb706b022ce9473cc6017b0f2a167a8aa1c393a0ec1572d1fb6c3f40fe2b3276,train,outer_train,neg_inventors:329,Italy,"[""Italy""]",entity_eb706b022ce9473cc6017b0f2a167a8aa1c393a0ec1572d1fb6c3f40fe2b3276,admitted,[],[],[],provisional,admitted,[],[],candidate_pending_review_not_production,admitted,,candidate_pending_review_not_production
inventors:217,inventors,217,218,data/tiu_datasets/inventors.csv,6990771f01efcbae18bfa3960facbe36c39199f850f407540548a9c04339084c,9bf1dfcf0170ccae33ca47b16230525ba24f333be16ce1c13531a410a44d507f,"{""label"":""0"",""statement"":""William Sturgeon lived in Germany.""}",William Sturgeon lived in Germany.,2c44238c1715557998349555f8e446d27bdaebf96d428dfc0fdacaac503b6b2d,0,inventors,affirmative,William Sturgeon,entity_32ca924a1a4c3c943a2e48ae03d15f82a3fa5a9b9f15036ad4a01e18b6eb9cee,train,outer_train,neg_inventors:217,Germany,"[""Germany""]",entity_32ca924a1a4c3c943a2e48ae03d15f82a3fa5a9b9f15036ad4a01e18b6eb9cee,admitted,[],[],[],provisional,admitted,[],[],candidate_pending_review_not_production,admitted,,candidate_pending_review_not_production
inventors:45,inventors,45,46,data/tiu_datasets/inventors.csv,6990771f01efcbae18bfa3960facbe36c39199f850f407540548a9c04339084c,4502b640cfc34133ee2bdd4a6a454d3d3b858b609ca1c73f5cdbf706e96ba1b8,"{""label"":""1"",""statement"":""John Atanasoff lived in the U.S.""}",John Atanasoff lived in the U.S.,18e501c5fb286efed5e0310f9d224b9df90e1013fc79fb00b70d0f2bc78e6530,1,inventors,affirmative,John Atanasoff,entity_28e64e5d291b3a8c94c8a3d51f62aaeffe7501d40011b5f855fd4796a2f273a9,train,outer_train,neg_inventors:45,the U.S,"[""United States""]",entity_28e64e5d291b3a8c94c8a3d51f62aaeffe7501d40011b5f855fd4796a2f273a9,admitted,[],[],[],provisional,admitted,[],[],candidate_pending_review_not_production,admitted,,candidate_pending_review_not_production
inventors:7,inventors,7,8,data/tiu_datasets/inventors.csv,6990771f01efcbae18bfa3960facbe36c39199f850f407540548a9c04339084c,7a0fd1edb3080700fe6878e3c18dea8488772d854cce745968cc31df30bec4db,"{""label"":""0"",""statement"":""Marvin Camras lived in France.""}",Marvin Camras lived in France.,773e28b32058e0073f50705ceb4bf3267de2e9aea2735da0eeeb4dd4412daf4f,0,inventors,affirmative,Marvin Camras,entity_68d55da7ce3fe99b98754c7aa9a94c1ae2d32f2a6ed7d6a65e1df8efe2b42549,train,outer_train,neg_inventors:7,France,"[""France""]",entity_68d55da7ce3fe99b98754c7aa9a94c1ae2d32f2a6ed7d6a65e1df8efe2b42549,admitted,[],[],[],provisional,admitted,[],[],candidate_pending_review_not_production,admitted,,candidate_pending_review_not_production
inventors:290,inventors,290,291,data/tiu_datasets/inventors.csv,6990771f01efcbae18bfa3960facbe36c39199f850f407540548a9c04339084c,3d8e52195cd0be0d1001c63a0198831fb9e587251c2d9d4feeaeb45d65427fbc,"{""label"":""0"",""statement"":""Samuel Fox lived in France.""}",Samuel Fox lived in France.,57396c1bd984e6bc397f559200fd72a5cca1939c4363e5ff7c9a68078554e84c,0,inventors,affirmative,Samuel Fox,entity_5e9a51e451360ddad4b64f7e0ee5aa612bf0999c4e510d6783ed9afe5ab944fa,train,outer_train,neg_inventors:290,France,"[""France""]",entity_5e9a51e451360ddad4b64f7e0ee5aa612bf0999c4e510d6783ed9afe5ab944fa,admitted,[],[],[],provisional,admitted,[],[],candidate_pending_review_not_production,admitted,,candidate_pending_review_not_production
inventors:305,inventors,305,306,data/tiu_datasets/inventors.csv,6990771f01efcbae18bfa3960facbe36c39199f850f407540548a9c04339084c,3df3e6cb17cf109df5e90b14859c4a03762abd5d8b5527d22dc8abb622ac6ad0,"{""label"":""1"",""statement"":""Charles Townes lived in the U.S.""}",Charles Townes lived in the U.S.,79d98accdd8de44dedf54376ea1c56a314a1caef340af96313c5ad2ded50fa6d,1,inventors,affirmative,Charles Townes,entity_32cd536dc933504c11fed6dbba34afe89cd0552403f90f9abeb4a48f27c8f880,train,outer_train,neg_inventors:305,the U.S,"[""United States""]",entity_32cd536dc933504c11fed6dbba34afe89cd0552403f90f9abeb4a48f27c8f880,admitted,[],[],[],provisional,admitted,[],[],candidate_pending_review_not_production,admitted,,candidate_pending_review_not_production
inventors:342,inventors,342,343,data/tiu_datasets/inventors.csv,6990771f01efcbae18bfa3960facbe36c39199f850f407540548a9c04339084c,cdbdf27fb6a81ca5d04771fb91728248c7b6148152c3b5dbd3fb6ba14348b1b2,"{""label"":""0"",""statement"":""Christopher Cockerell lived in France.""}",Christopher Cockerell lived in France.,282f0c5f7983c0356973c0e719fe75ac208f610a548b2d29a2e877624c464ff8,0,inventors,affirmative,Christopher Cockerell,entity_1a2f2aa449e7c761fc5276e83390842585b202b75823fdf281c5c6b70478d851,train,outer_train,neg_inventors:342,France,"[""France""]",entity_1a2f2aa449e7c761fc5276e83390842585b202b75823fdf281c5c6b70478d851,admitted,[],[],[],provisional,admitted,[],[],candidate_pending_review_not_production,admitted,,candidate_pending_review_not_production
inventors:159,inventors,159,160,data/tiu_datasets/inventors.csv,6990771f01efcbae18bfa3960facbe36c39199f850f407540548a9c04339084c,78c1d9ac8512d2176d2a03853767e7fd6b2268d5d7abe05fd89cd3c745beec57,"{""label"":""1"",""statement"":""Mary Anderson lived in the U.S.""}",Mary Anderson lived in the U.S.,8ba226a79f27f0ced27ba62668db344237361b44dd8eb53c2be29e8779cf9082,1,inventors,affirmative,Mary Anderson,entity_9fd14c2fd47da547890e7c03b37b712421463c575791d659796129d32ed3de9c,train,outer_train,neg_inventors:159,the U.S,"[""United States""]",entity_9fd14c2fd47da547890e7c03b37b712421463c575791d659796129d32ed3de9c,admitted,[],[],[],provisional,admitted,[],[],candidate_pending_review_not_production,admitted,,candidate_pending_review_not_production
inventors:120,inventors,120,121,data/tiu_datasets/inventors.csv,6990771f01efcbae18bfa3960facbe36c39199f850f407540548a9c04339084c,62c09785bbf56f7995d4946332d899b623b86efea664a4e519c877c35fac6b34,"{""label"":""1"",""statement"":""Valdemar Poulsen lived in Denmark.""}",Valdemar Poulsen lived in Denmark.,dcab8f0976981c3f22cd36f5bed014660dffda0ca568e75c221216dcc55ed2e9,1,inventors,affirmative,Valdemar Poulsen,entity_482e5a3e48b682ff44d0f93444fe316d11312bc7e460fbe9664dd083e0223ff1,train,outer_train,neg_inventors:120,Denmark,"[""Denmark""]",entity_482e5a3e48b682ff44d0f93444fe316d11312bc7e460fbe9664dd083e0223ff1,admitted,[],[],[],provisional,admitted,[],[],candidate_pending_review_not_production,admitted,,candidate_pending_review_not_production
inventors:311,inventors,311,312,data/tiu_datasets/inventors.csv,6990771f01efcbae18bfa3960facbe36c39199f850f407540548a9c04339084c,bf07c65a54710057dca30fbddb1680835f0d6db7dfad9fb11b0f2338fc4ea37d,"{""label"":""0"",""statement"":""Reginald Fessenden lived in the U.K.""}",Reginald Fessenden lived in the U.K.,1f06db70679811c06e74e2d188292fbcaa28e89c876f3693cf336957041e3a26,0,inventors,affirmative,Reginald Fessenden,entity_648cc769ef46f12124cad6cfbb5560de64cd5a5e8c61ed5a2384b9f66103c5cb,train,outer_train,neg_inventors:311,the U.K,"[""United Kingdom""]",entity_648cc769ef46f12124cad6cfbb5560de64cd5a5e8c61ed5a2384b9f66103c5cb,admitted,[],[],[],provisional,admitted,[],[],candidate_pending_review_not_production,admitted,,candidate_pending_review_not_production
inventors:380,inventors,380,381,data/tiu_datasets/inventors.csv,6990771f01efcbae18bfa3960facbe36c39199f850f407540548a9c04339084c,f3309d9d6e74f7903b00876e123c83d3efbbd80e8813a634ec149436e67ea505,"{""label"":""1"",""statement"":""Nikolay Slavyanov lived in Russia.""}",Nikolay Slavyanov lived in Russia.,d397afb2aa2855f774a95dac799f2ac1865875d6c21ec1e30dff7d50867f988d,1,inventors,affirmative,Nikolay Slavyanov,entity_a156cfb5b11123b77d020d78ec914d1d4d8d3996b8e52b94780b86fac48cc036,train,outer_train,neg_inventors:380,Russia,"[""Russia""]",entity_a156cfb5b11123b77d020d78ec914d1d4d8d3996b8e52b94780b86fac48cc036,admitted,[],[],[],provisional,admitted,[],[],candidate_pending_review_not_production,admitted,,candidate_pending_review_not_production
inventors:215,inventors,215,216,data/tiu_datasets/inventors.csv,6990771f01efcbae18bfa3960facbe36c39199f850f407540548a9c04339084c,8bab442238e27f165c3c93cafc83f1e9db7669af337c7fda630bdf22955a43c7,"{""label"":""1"",""statement"":""Gottlieb Daimler lived in Germany.""}",Gottlieb Daimler lived in Germany.,75912440567e5e4a91b419b40fd8c7ce62027fc0ec49e988023523f362ef08bd,1,inventors,affirmative,Gottlieb Daimler,entity_f7a815593f2680dbab6896fcd5764e4a22238bd070d6c79d22b6e96526d6377a,train,outer_train,neg_inventors:215,Germany,"[""Germany""]",entity_f7a815593f2680dbab6896fcd5764e4a22238bd070d6c79d22b6e96526d6377a,admitted,[],[],[],provisional,admitted,[],[],candidate_pending_review_not_production,admitted,,candidate_pending_review_not_production
inventors:221,inventors,221,222,data/tiu_datasets/inventors.csv,6990771f01efcbae18bfa3960facbe36c39199f850f407540548a9c04339084c,600d7bc1367042e7ec9f9d222d84927355a2f317b4ac214301adc786d5cd0fe3,"{""label"":""0"",""statement"":""William Kelly lived in France.""}",William Kelly lived in France.,69f7e320ead1567dbc81beffe12e92874eed7cfc9eec4ee97c88b9675869125f,0,inventors,affirmative,William Kelly,entity_8f4964307974c4b8cc22a1944f7e0405dd5b4a3a31123a6b3240c0defd07e60c,train,outer_train,neg_inventors:221,France,"[""France""]",entity_8f4964307974c4b8cc22a1944f7e0405dd5b4a3a31123a6b3240c0defd07e60c,admitted,[],[],[],provisional,admitted,[],[],candidate_pending_review_not_production,admitted,,candidate_pending_review_not_production
inventors:39,inventors,39,40,data/tiu_datasets/inventors.csv,6990771f01efcbae18bfa3960facbe36c39199f850f407540548a9c04339084c,3e8826d9d45ede8e829a4bee82b4d6e0bfa86ed3b8d756b40e26dbdd0fffb913,"{""label"":""0"",""statement"":""Paul Gottlieb Nipkow lived in Denmark.""}",Paul Gottlieb Nipkow lived in Denmark.,7026351f58361123053bdb89cb93d5661cc97da075b3f1b74a36d8d9c8dcc19f,0,inventors,affirmative,Paul Gottlieb Nipkow,entity_d555076aae9c496b1c8fbf94ec9e5351c5204ca20cad98f9e8e4191dc14874e7,train,outer_train,neg_inventors:39,Denmark,"[""Denmark""]",entity_d555076aae9c496b1c8fbf94ec9e5351c5204ca20cad98f9e8e4191dc14874e7,admitted,[],[],[],provisional,admitted,[],[],candidate_pending_review_not_production,admitted,,candidate_pending_review_not_production
inventors:121,inventors,121,122,data/tiu_datasets/inventors.csv,6990771f01efcbae18bfa3960facbe36c39199f850f407540548a9c04339084c,afe62f434813b0aab4aa9ed1fa88e20a4af68357dc72d5f1ab40b6b5f3a07f08,"{""label"":""0"",""statement"":""James Murray Spangler lived in the U.K.""}",James Murray Spangler lived in the U.K.,ee3075877c44a027d23efb7694047646d73da317501c5b669a29f3a309fbd444,0,inventors,affirmative,James Murray Spangler,entity_831706aa554f0314dbd07966ce512cb26a0462830465b7342bac1be64ef5548f,train,outer_train,neg_inventors:121,the U.K,"[""United Kingdom""]",entity_831706aa554f0314dbd07966ce512cb26a0462830465b7342bac1be64ef5548f,admitted,[],[],[],provisional,admitted,[],[],candidate_pending_review_not_production,admitted,,candidate_pending_review_not_production
inventors:83,inventors,83,84,data/tiu_datasets/inventors.csv,6990771f01efcbae18bfa3960facbe36c39199f850f407540548a9c04339084c,044b069ebad6c15e7c316a363353eb6345a0a74f4a2258cf97721dbffd52f3fa,"{""label"":""0"",""statement"":""Carlos Glidden lived in Scotland.""}",Carlos Glidden lived in Scotland.,045a934c335cf55e794ef1f9218a71b91c90a7c6c41c2fdbe686a75fa59de3c7,0,inventors,affirmative,Carlos Glidden,entity_b7e5f40dbeee41816987957715c25f05ec657b6579e9968d73e05ebb2fef08b6,train,outer_train,neg_inventors:83,Scotland,"[""Scotland""]",entity_b7e5f40dbeee41816987957715c25f05ec657b6579e9968d73e05ebb2fef08b6,admitted,[],[],[],provisional,admitted,[],[],candidate_pending_review_not_production,admitted,,candidate_pending_review_not_production
inventors:112,inventors,112,113,data/tiu_datasets/inventors.csv,6990771f01efcbae18bfa3960facbe36c39199f850f407540548a9c04339084c,9f0825866b6fab4be2cd61b8497b43a331613471e04570794bbb276a2385ff91,"{""label"":""1"",""statement"":""Alan Turing lived in the U.K.""}",Alan Turing lived in the U.K.,9e7bf3374e5c1614ef9d7e0f369c16ab9cc2cc87ad97675999c0d627cc48f6b8,1,inventors,affirmative,Alan Turing,entity_dbb029820d24da086e2bbc3f3c81704f835e658cf3757b0e2a2d1c86278b71ff,train,outer_train,neg_inventors:112,the U.K,"[""United Kingdom""]",entity_dbb029820d24da086e2bbc3f3c81704f835e658cf3757b0e2a2d1c86278b71ff,admitted,[],[],[],provisional,admitted,[],[],candidate_pending_review_not_production,admitted,,candidate_pending_review_not_production
inventors:229,inventors,229,230,data/tiu_datasets/inventors.csv,6990771f01efcbae18bfa3960facbe36c39199f850f407540548a9c04339084c,a99d5d716d4cbcb79d23c9ae6a862ba1e4ae351b80cc0b99aae9fb30db0e8ba5,"{""label"":""1"",""statement"":""George Devol lived in the U.S.""}",George Devol lived in the U.S.,b42fba9a6fed6a2ce1f13dcfb4ec5cd0de31a98bbba57369849518cb1d7cfd98,1,inventors,affirmative,George Devol,entity_0d0dde3507f35b7e3fb7ba54ac99e4a74894162c0102be276715d517afb30501,train,outer_train,neg_inventors:229,the U.S,"[""United States""]",entity_0d0dde3507f35b7e3fb7ba54ac99e4a74894162c0102be276715d517afb30501,admitted,[],[],[],provisional,admitted,[],[],candidate_pending_review_not_production,admitted,,candidate_pending_review_not_production
inventors:47,inventors,47,48,data/tiu_datasets/inventors.csv,6990771f01efcbae18bfa3960facbe36c39199f850f407540548a9c04339084c,06fdf1605adb20c208bbd5a2dd287ae1e0a303f7f6d21fd1d2fe0448b22b42a8,"{""label"":""1"",""statement"":""Sir Sandford Fleming lived in Canada.""}",Sir Sandford Fleming lived in Canada.,c36ed1d15eea0ad54962f73d0b502fb9a8bb966041e7ee7de0a515e18bf1a593,1,inventors,affirmative,Sir Sandford Fleming,entity_3bd09da47a502837d3f4306d23e848f902c10d926e41c511c543001ff57ddc2c,train,outer_train,neg_inventors:47,Canada,"[""Canada""]",entity_3bd09da47a502837d3f4306d23e848f902c10d926e41c511c543001ff57ddc2c,admitted,[],[],[],provisional,admitted,[],[],candidate_pending_review_not_production,admitted,,candidate_pending_review_not_production
inventors:374,inventors,374,375,data/tiu_datasets/inventors.csv,6990771f01efcbae18bfa3960facbe36c39199f850f407540548a9c04339084c,9479f82da83d1734292786bbfc16df8c2d80a88c4e71c6d305d33f1263ed7dc0,"{""label"":""1"",""statement"":""Frederick G. Creed lived in Canada.""}",Frederick G. Creed lived in Canada.,4be304218c5d12ac5933de728bbc67b00b86b5c4dcbe51c54e21895999b9c9c2,1,inventors,affirmative,Frederick G. Creed,entity_6c538714f9589781a35a32ac7de0ca2d87e13f3e096c469b5a1ee164600b2705,train,outer_train,neg_inventors:374,Canada,"[""Canada""]",entity_6c538714f9589781a35a32ac7de0ca2d87e13f3e096c469b5a1ee164600b2705,admitted,[],[],[],provisional,admitted,[],[],candidate_pending_review_not_production,admitted,,candidate_pending_review_not_production
inventors:170,inventors,170,171,data/tiu_datasets/inventors.csv,6990771f01efcbae18bfa3960facbe36c39199f850f407540548a9c04339084c,ca5577a44657e6dd98b66a9f30d4059bd6a9fa898f3a2ee18175e4f696db58e2,"{""label"":""1"",""statement"":""Garrett Morgan lived in the U.S.""}",Garrett Morgan lived in the U.S.,eb1f658bcf03faf261b4369eb00fe067a0801bf075f35fc6380c9bfc0eecd2f2,1,inventors,affirmative,Garrett Morgan,entity_8b73a960160a4ae9f6ede829c93c1f499995471513147dc548941369cc6a50bb,train,outer_train,neg_inventors:170,the U.S,"[""United States""]",entity_8b73a960160a4ae9f6ede829c93c1f499995471513147dc548941369cc6a50bb,admitted,[],[],[],provisional,admitted,[],[],candidate_pending_review_not_production,admitted,,candidate_pending_review_not_production
inventors:298,inventors,298,299,data/tiu_datasets/inventors.csv,6990771f01efcbae18bfa3960facbe36c39199f850f407540548a9c04339084c,910af0b55b0d37abd2ac86d7bed4277bc55da618ed3e8761ffc516ed66e8bd14,"{""label"":""1"",""statement"":""Linus Torvalds lived in Finland.""}",Linus Torvalds lived in Finland.,42e57a547b6ac1578e167b7018d5970ed95b95d76d490b6e9ad1e75f11709781,1,inventors,affirmative,Linus Torvalds,entity_7f5fe6fb86bf747d53506321a81af7d51f9b13fe9a2c9b0f503315750cb1e75c,train,outer_train,neg_inventors:298,Finland,"[""Finland""]",entity_7f5fe6fb86bf747d53506321a81af7d51f9b13fe9a2c9b0f503315750cb1e75c,admitted,[],[],[],provisional,admitted,[],[],candidate_pending_review_not_production,admitted,,candidate_pending_review_not_production
inventors:388,inventors,388,389,data/tiu_datasets/inventors.csv,6990771f01efcbae18bfa3960facbe36c39199f850f407540548a9c04339084c,abacd2c233b7538e2bc5ceffc5bfe28486858d5291f1b5c7c8f55f9b47378c7a,"{""label"":""1"",""statement"":""Zhores Alferov lived in Russia.""}",Zhores Alferov lived in Russia.,9d0479473079b2ec43bb9a1a7835185dd3df0ec2db69b8fd7f87374ed15ec6ce,1,inventors,affirmative,Zhores Alferov,entity_12f1081d323af990453d0e32688ea16f110fecb35a0095e3071681717742639f,train,outer_train,neg_inventors:388,Russia,"[""Russia""]",entity_12f1081d323af990453d0e32688ea16f110fecb35a0095e3071681717742639f,admitted,[],[],[],provisional,admitted,[],[],candidate_pending_review_not_production,admitted,,candidate_pending_review_not_production
inventors:370,inventors,370,371,data/tiu_datasets/inventors.csv,6990771f01efcbae18bfa3960facbe36c39199f850f407540548a9c04339084c,c97af48633507457c78d3cce45eb751566a26014ab442a9a1d00016357f9c4c6,"{""label"":""0"",""statement"":""Bartolomeo Cristofori lived in the U.S.""}",Bartolomeo Cristofori lived in the U.S.,58c9e6fdbefd462e080313ba4f6fc1629d3e61defb7a803ba59b019df48ee1c1,0,inventors,affirmative,Bartolomeo Cristofori,entity_03a350a0ce7415f7e8672d344046f2e276f263693add65c1b1a43c9740f9af16,train,outer_train,neg_inventors:370,the U.S,"[""United States""]",entity_03a350a0ce7415f7e8672d344046f2e276f263693add65c1b1a43c9740f9af16,admitted,[],[],[],provisional,admitted,[],[],candidate_pending_review_not_production,admitted,,candidate_pending_review_not_production
inventors:142,inventors,142,143,data/tiu_datasets/inventors.csv,6990771f01efcbae18bfa3960facbe36c39199f850f407540548a9c04339084c,b2930f6f5e868e9ec176523a53f8a576641de21b57892e248060f8bba04f3ff7,"{""label"":""1"",""statement"":""Orville and Wilbur Wright lived in the U.S.""}",Orville and Wilbur Wright lived in the U.S.,e85b0ddc3498ff9023bd33aba6c95b06a398c25ce1322f744e64823e6da76f76,1,inventors,affirmative,Orville and Wilbur Wright,entity_dcd9fb13a7009b2b33137585ed649a77b51878248c0d2924d140684e880e81ad,train,outer_train,neg_inventors:142,the U.S,"[""United States""]",entity_dcd9fb13a7009b2b33137585ed649a77b51878248c0d2924d140684e880e81ad,admitted,[],[],[],provisional,admitted,[],[],candidate_pending_review_not_production,admitted,,candidate_pending_review_not_production
inventors:353,inventors,353,354,data/tiu_datasets/inventors.csv,6990771f01efcbae18bfa3960facbe36c39199f850f407540548a9c04339084c,62f38737a4392cff180af30a1dab49dabd991f4a9d8fcf33ab6fcf7979a610fc,"{""label"":""1"",""statement"":""James Murray Spangler lived in the U.S.""}",James Murray Spangler lived in the U.S.,30b5163900cd47c052b174231dc267a3ef9871b4a74e1b6f8c7971ab16fa96f0,1,inventors,affirmative,James Murray Spangler,entity_831706aa554f0314dbd07966ce512cb26a0462830465b7342bac1be64ef5548f,train,outer_train,neg_inventors:353,the U.S,"[""United States""]",entity_831706aa554f0314dbd07966ce512cb26a0462830465b7342bac1be64ef5548f,admitted,[],[],[],provisional,admitted,[],[],candidate_pending_review_not_production,admitted,,candidate_pending_review_not_production
inventors:360,inventors,360,361,data/tiu_datasets/inventors.csv,6990771f01efcbae18bfa3960facbe36c39199f850f407540548a9c04339084c,d1345452852c226173aedf3507ef2f252406123c010a6c2a587024f93a7234f5,"{""label"":""0"",""statement"":""George de Mestral lived in Canada.""}",George de Mestral lived in Canada.,34d25bf6d376d229f2af5d09bd86164f9ef3254c3a8540639633288026dcb926,0,inventors,affirmative,George de Mestral,entity_286d104c7c6961210bb320b1e924a0bd426bed45228d66ae0be58dee17a8cadd,train,outer_train,neg_inventors:360,Canada,"[""Canada""]",entity_286d104c7c6961210bb320b1e924a0bd426bed45228d66ae0be58dee17a8cadd,admitted,[],[],[],provisional,admitted,[],[],candidate_pending_review_not_production,admitted,,candidate_pending_review_not_production
inventors:78,inventors,78,79,data/tiu_datasets/inventors.csv,6990771f01efcbae18bfa3960facbe36c39199f850f407540548a9c04339084c,e3b2b66dde37f8d38afdc63810ea55f8ea64ee560fc0acd79cc8e726f5ac2e68,"{""label"":""1"",""statement"":""Frank Bunker Gilbreth lived in the U.S.""}",Frank Bunker Gilbreth lived in the U.S.,b8615c30d5dbde10f94c271f7aab63842716051ba64d289eb6dadae5bc3235cb,1,inventors,affirmative,Frank Bunker Gilbreth,entity_9a5cc522c464ad73e9e4dcacbada81be0e38165fea30ffd9b18b518212b9e133,train,outer_train,neg_inventors:78,the U.S,"[""United States""]",entity_9a5cc522c464ad73e9e4dcacbada81be0e38165fea30ffd9b18b518212b9e133,admitted,[],[],[],provisional,admitted,[],[],candidate_pending_review_not_production,admitted,,candidate_pending_review_not_production
inventors:230,inventors,230,231,data/tiu_datasets/inventors.csv,6990771f01efcbae18bfa3960facbe36c39199f850f407540548a9c04339084c,21e5264d890dad286c6a2fd8d7603cab36735941101dc51e98deb06b19518623,"{""label"":""1"",""statement"":""Igor Tamm lived in Russia.""}",Igor Tamm lived in Russia.,697d5a13910494ec66ea587f83c6f40987aaefdc74014379a81ce9a9c08ed6cb,1,inventors,affirmative,Igor Tamm,entity_24e9b16a61afee3daacd4ed55cc1655295d4ddf85e9c02dd6e7b5d83c75261bf,train,outer_train,neg_inventors:230,Russia,"[""Russia""]",entity_24e9b16a61afee3daacd4ed55cc1655295d4ddf85e9c02dd6e7b5d83c75261bf,admitted,[],[],[],provisional,admitted,[],[],candidate_pending_review_not_production,admitted,,candidate_pending_review_not_production
inventors:130,inventors,130,131,data/tiu_datasets/inventors.csv,6990771f01efcbae18bfa3960facbe36c39199f850f407540548a9c04339084c,1d08876b4975a2c50f9101bc57cf2c0f968816501ed1d61b67ae64ea0554fb29,"{""label"":""1"",""statement"":""Ami Argand lived in Switzerland.""}",Ami Argand lived in Switzerland.,325679ce31a5725b3cb358af27b9d011a2323527eee96892d7f406e919d08c03,1,inventors,affirmative,Ami Argand,entity_7e1ac3ec55a6dd8156614391e664c58d64ef348f6824841ad3e8f5b7d14a23e9,train,outer_train,neg_inventors:130,Switzerland,"[""Switzerland""]",entity_7e1ac3ec55a6dd8156614391e664c58d64ef348f6824841ad3e8f5b7d14a23e9,admitted,[],[],[],provisional,admitted,[],[],candidate_pending_review_not_production,admitted,,candidate_pending_review_not_production
inventors:187,inventors,187,188,data/tiu_datasets/inventors.csv,6990771f01efcbae18bfa3960facbe36c39199f850f407540548a9c04339084c,d9ef39c82cd6520b1bbe285c02407195662dd14be61a1a201bf6c72eed930b96,"{""label"":""1"",""statement"":""Robert Chesebrough lived in the U.S.""}",Robert Chesebrough lived in the U.S.,7861e8cf4e90214ba964cb7ca203af9a68f914a124d0f5ae941bd189b4e5da03,1,inventors,affirmative,Robert Chesebrough,entity_cb4b5b08ecb0d3f8fe0880e5249fa86b7c9bdcdcdb631db60f1e9a8125271b7c,train,outer_train,neg_inventors:187,the U.S,"[""United States""]",entity_cb4b5b08ecb0d3f8fe0880e5249fa86b7c9bdcdcdb631db60f1e9a8125271b7c,admitted,[],[],[],provisional,admitted,[],[],candidate_pending_review_not_production,admitted,,candidate_pending_review_not_production
inventors:31,inventors,31,32,data/tiu_datasets/inventors.csv,6990771f01efcbae18bfa3960facbe36c39199f850f407540548a9c04339084c,2f5ee6a2786bb0ea6bcf8c8d11fdfb7a71347b29928453724210283ac25321b6,"{""label"":""1"",""statement"":""Narinder Singh Kapany lived in India.""}",Narinder Singh Kapany lived in India.,c6674f0dd8d5394dedb92e444a4ecdfb5232131f436d257c8e9f1600b1ca925c,1,inventors,affirmative,Narinder Singh Kapany,entity_93cb0a94bca9f578a305514ae91b08e5b92b349e0c7a24dfae92939e9931c52c,train,outer_train,neg_inventors:31,India,"[""India""]",entity_93cb0a94bca9f578a305514ae91b08e5b92b349e0c7a24dfae92939e9931c52c,admitted,[],[],[],provisional,admitted,[],[],candidate_pending_review_not_production,admitted,,candidate_pending_review_not_production
inventors:28,inventors,28,29,data/tiu_datasets/inventors.csv,6990771f01efcbae18bfa3960facbe36c39199f850f407540548a9c04339084c,4c5ee3706dbb8accf320af4c7cbf1d504bec8fbeabe3aadddf09e6ed1c762abd,"{""label"":""0"",""statement"":""Ferdinand Carré lived in the U.S.""}",Ferdinand Carré lived in the U.S.,14c1d5428a367a9b0d81ddb538d4a847a08080b4c16e80573721bf4d89adcb03,0,inventors,affirmative,Ferdinand Carré,entity_1c08972b7a7e540fb698af9bfde88a4655008f24ea2ebbf23e1b89e26c198fe3,train,outer_train,neg_inventors:28,the U.S,"[""United States""]",entity_1c08972b7a7e540fb698af9bfde88a4655008f24ea2ebbf23e1b89e26c198fe3,admitted,[],[],[],provisional,admitted,[],[],candidate_pending_review_not_production,admitted,,candidate_pending_review_not_production
inventors:361,inventors,361,362,data/tiu_datasets/inventors.csv,6990771f01efcbae18bfa3960facbe36c39199f850f407540548a9c04339084c,87e33a55e145bb370af7e04dff27a8a4d77d8cc39609be3c10804e1df2ccfcd0,"{""label"":""0"",""statement"":""Sir Charles Parsons lived in the U.S.""}",Sir Charles Parsons lived in the U.S.,2852cd50b82c903a5bcccbec40ffd1f0be5d2dbcd35af4fffb5aeafb7d1f4a3b,0,inventors,affirmative,Sir Charles Parsons,entity_193f4e1b01adb117c03ef2f4ca937cfac4b60ba1d3f21baa64e811cccb638d06,train,outer_train,neg_inventors:361,the U.S,"[""United States""]",entity_193f4e1b01adb117c03ef2f4ca937cfac4b60ba1d3f21baa64e811cccb638d06,admitted,[],[],[],provisional,admitted,[],[],candidate_pending_review_not_production,admitted,,candidate_pending_review_not_production
inventors:98,inventors,98,99,data/tiu_datasets/inventors.csv,6990771f01efcbae18bfa3960facbe36c39199f850f407540548a9c04339084c,44d2c0a36721fa277ca04dec0674ded14fecedccb660fa98973516e9bdebb9b5,"{""label"":""1"",""statement"":""Gordon Gould lived in the U.S.""}",Gordon Gould lived in the U.S.,77663b15b8f20dfbc52fe2c99887cb12c39e991e53efd26d79b8a9a0e71dbc15,1,inventors,affirmative,Gordon Gould,entity_cf647d3f529b9389aadce3ebd5162e75620bf231b5310d91f0e408331772ef45,train,outer_train,neg_inventors:98,the U.S,"[""United States""]",entity_cf647d3f529b9389aadce3ebd5162e75620bf231b5310d91f0e408331772ef45,admitted,[],[],[],provisional,admitted,[],[],candidate_pending_review_not_production,admitted,,candidate_pending_review_not_production
inventors:330,inventors,330,331,data/tiu_datasets/inventors.csv,6990771f01efcbae18bfa3960facbe36c39199f850f407540548a9c04339084c,0cb3bfe00299e6c513eaebec2aa7442c4cfe90f71d7a4e631082b640862788b4,"{""label"":""0"",""statement"":""Charles Francis Jenkins lived in Germany.""}",Charles Francis Jenkins lived in Germany.,435169d358e3a8d6a292517798b6aa8e53be41ef63bab0445c444ab42a990e95,0,inventors,affirmative,Charles Francis Jenkins,entity_2a1e667a5e632b81776f99a1c00c92c007ac583adb05c5c87739075510b708eb,train,outer_train,neg_inventors:330,Germany,"[""Germany""]",entity_2a1e667a5e632b81776f99a1c00c92c007ac583adb05c5c87739075510b708eb,admitted,[],[],[],provisional,admitted,[],[],candidate_pending_review_not_production,admitted,,candidate_pending_review_not_production
inventors:87,inventors,87,88,data/tiu_datasets/inventors.csv,6990771f01efcbae18bfa3960facbe36c39199f850f407540548a9c04339084c,fb215dba3300d4d8604a33d3b185dec5a838b2c316c6b502229e92e512a03857,"{""label"":""1"",""statement"":""Edwin Link lived in the U.S.""}",Edwin Link lived in the U.S.,bcffa746f817fb6b428f9a8c470c540da36ad21fc58c937664904984c200a31b,1,inventors,affirmative,Edwin Link,entity_84f6c22223e9e25b06fbfdfc0b5a44936c0d1d900314a06d362121f7675ae741,train,outer_train,neg_inventors:87,the U.S,"[""United States""]",entity_84f6c22223e9e25b06fbfdfc0b5a44936c0d1d900314a06d362121f7675ae741,admitted,[],[],[],provisional,admitted,[],[],candidate_pending_review_not_production,admitted,,candidate_pending_review_not_production
inventors:124,inventors,124,125,data/tiu_datasets/inventors.csv,6990771f01efcbae18bfa3960facbe36c39199f850f407540548a9c04339084c,c02ec53f0942eaa97169b09ccc6b0eb79830d1da4b415badc48096e10ceb55eb,"{""label"":""1"",""statement"":""Philo Farnsworth lived in the U.S.""}",Philo Farnsworth lived in the U.S.,1bfa574cc21e34b918bab18456cb8bc228d520343ebf78f8c4e11ce0794ffe40,1,inventors,affirmative,Philo Farnsworth,entity_1f57d9991e70f587c2192a87350da1cadb6fdf1bfc6e637c4917357cb6d82625,train,outer_train,neg_inventors:124,the U.S,"[""United States""]",person_36252372c959143c714bebcea02058b6ece7591e1ad9f988832c4ff55e39edeb,admitted,[],[],[],provisional,admitted,[],[],candidate_pending_review_not_production,admitted,,candidate_pending_review_not_production
inventors:171,inventors,171,172,data/tiu_datasets/inventors.csv,6990771f01efcbae18bfa3960facbe36c39199f850f407540548a9c04339084c,91f6a8c6ec3c9d9a8dfd41fef747bceab80620fae243f7f52acc5c5baa7bef85,"{""label"":""0"",""statement"":""Richard Trevithick lived in the U.S.""}",Richard Trevithick lived in the U.S.,9696cdb66cd9c0dbac2b64fb4b2f9817c45b4e5b250cdc9f0494686f49564e34,0,inventors,affirmative,Richard Trevithick,entity_51dd0f9ea9f05981b54484d85cba4e5f5080cda26f67ecd2f35acd739917e366,train,outer_train,neg_inventors:171,the U.S,"[""United States""]",entity_51dd0f9ea9f05981b54484d85cba4e5f5080cda26f67ecd2f35acd739917e366,admitted,[],[],[],provisional,admitted,[],[],candidate_pending_review_not_production,admitted,,candidate_pending_review_not_production
inventors:182,inventors,182,183,data/tiu_datasets/inventors.csv,6990771f01efcbae18bfa3960facbe36c39199f850f407540548a9c04339084c,69c53eed4aa4dbdbddf2d2c82b6bb37dae84c127fbcfaec661cb50df040e055c,"{""label"":""0"",""statement"":""Edouard Benedictus lived in the U.S.""}",Edouard Benedictus lived in the U.S.,7a74bc1fc1e2d26e0292c1a511253dd43b8dbfc1ee11aa7708a9173ca528d286,0,inventors,affirmative,Edouard Benedictus,entity_d6fe1351fd22178cfda129b2ed29de0890584483146a6e930d5210754d74ee91,train,outer_train,neg_inventors:182,the U.S,"[""United States""]",entity_d6fe1351fd22178cfda129b2ed29de0890584483146a6e930d5210754d74ee91,admitted,[],[],[],provisional,admitted,[],[],candidate_pending_review_not_production,admitted,,candidate_pending_review_not_production
inventors:55,inventors,55,56,data/tiu_datasets/inventors.csv,6990771f01efcbae18bfa3960facbe36c39199f850f407540548a9c04339084c,ff2ba49d4453ef53d60c5a520e705f3f4eab289505f16576a569a2e6426d3b89,"{""label"":""1"",""statement"":""Joseph-Armand Bombardier lived in Canada.""}",Joseph-Armand Bombardier lived in Canada.,1dc74310f00ae330cbd011b22485d6d14ec0b46d548a746815ddf71b073302df,1,inventors,affirmative,Joseph-Armand Bombardier,entity_6543d090d25441c2afc4ef382fb642d5c6c163ebde3637d9eae4631597ac1318,train,outer_train,neg_inventors:55,Canada,"[""Canada""]",entity_6543d090d25441c2afc4ef382fb642d5c6c163ebde3637d9eae4631597ac1318,admitted,[],[],[],provisional,admitted,[],[],candidate_pending_review_not_production,admitted,,candidate_pending_review_not_production
inventors:310,inventors,310,311,data/tiu_datasets/inventors.csv,6990771f01efcbae18bfa3960facbe36c39199f850f407540548a9c04339084c,4462220d51a5bac4730212786be3c369011f6b33a48e39268e2432fc1399a26e,"{""label"":""0"",""statement"":""Karl Landsteiner lived in the U.K.""}",Karl Landsteiner lived in the U.K.,15dce297b812a2c37a9c8091c0e2013ef5f5eda909f6a82f446c116265a056ee,0,inventors,affirmative,Karl Landsteiner,entity_241aa31960ce752aa41aff5636de469e2790ce7461e15ad0c3ee430f3d04c1ec,train,outer_train,neg_inventors:310,the U.K,"[""United Kingdom""]",entity_241aa31960ce752aa41aff5636de469e2790ce7461e15ad0c3ee430f3d04c1ec,admitted,[],[],[],provisional,admitted,[],[],candidate_pending_review_not_production,admitted,,candidate_pending_review_not_production
inventors:365,inventors,365,366,data/tiu_datasets/inventors.csv,6990771f01efcbae18bfa3960facbe36c39199f850f407540548a9c04339084c,bf8304c9fae4d91d93a37252b3e6ec52e6d920cf5472ccdd2072241bb8087aa6,"{""label"":""1"",""statement"":""Joseph Marie Jacquard lived in France.""}",Joseph Marie Jacquard lived in France.,dadf0db86bb8ca3dcbbd3392b08433263dba03997fe058b38186a4cd11c1fe30,1,inventors,affirmative,Joseph Marie Jacquard,entity_d326429a9e19909e428d59f450bd05175d3c81ec92af6b4fa24a57be924b6380,train,outer_train,neg_inventors:365,France,"[""France""]",entity_d326429a9e19909e428d59f450bd05175d3c81ec92af6b4fa24a57be924b6380,admitted,[],[],[],provisional,admitted,[],[],candidate_pending_review_not_production,admitted,,candidate_pending_review_not_production
inventors:392,inventors,392,393,data/tiu_datasets/inventors.csv,6990771f01efcbae18bfa3960facbe36c39199f850f407540548a9c04339084c,45d589a5ccc794fc24bcb6ca6592e2123828e1478570f9ce2b81d00b4cbcf151,"{""label"":""1"",""statement"":""John Walker lived in the U.K.""}",John Walker lived in the U.K.,752e171e2291314b97b808e52090d6430924c8fe383982008e1758f02b2ffc18,1,inventors,affirmative,John Walker,entity_ed509071c1145375acc32adb69779c63056787175d3569540299db81bc677d80,train,outer_train,neg_inventors:392,the U.K,"[""United Kingdom""]",entity_ed509071c1145375acc32adb69779c63056787175d3569540299db81bc677d80,admitted,[],[],[],provisional,admitted,[],[],candidate_pending_review_not_production,admitted,,candidate_pending_review_not_production
inventors:175,inventors,175,176,data/tiu_datasets/inventors.csv,6990771f01efcbae18bfa3960facbe36c39199f850f407540548a9c04339084c,808f4acf33b6817a14a81797f456ff952f3fd41fcb709449c08a78287906761b,"{""label"":""0"",""statement"":""Thomas Wedgwood lived in Finland.""}",Thomas Wedgwood lived in Finland.,29c6e59a738217a0bf0ce84a070b6b2fc0174e86cf41ac271b491cd0188cd2a4,0,inventors,affirmative,Thomas Wedgwood,entity_169a162e881247a3c05dca46687f0c4875f66586a1419bbc034f0bafa3f46689,train,outer_train,neg_inventors:175,Finland,"[""Finland""]",entity_169a162e881247a3c05dca46687f0c4875f66586a1419bbc034f0bafa3f46689,admitted,[],[],[],provisional,admitted,[],[],candidate_pending_review_not_production,admitted,,candidate_pending_review_not_production
inventors:178,inventors,178,179,data/tiu_datasets/inventors.csv,6990771f01efcbae18bfa3960facbe36c39199f850f407540548a9c04339084c,fa84ea9ff954cd049da49a0a45aa22244cb5cc75953fb65c316139bcc4fd4331,"{""label"":""1"",""statement"":""George de Mestral lived in Switzerland.""}",George de Mestral lived in Switzerland.,eb4b9d1b126a434fa1b53dcc945d7f4fb06231c04cbb91e00e80c0f0cd166032,1,inventors,affirmative,George de Mestral,entity_286d104c7c6961210bb320b1e924a0bd426bed45228d66ae0be58dee17a8cadd,train,outer_train,neg_inventors:178,Switzerland,"[""Switzerland""]",entity_286d104c7c6961210bb320b1e924a0bd426bed45228d66ae0be58dee17a8cadd,admitted,[],[],[],provisional,admitted,[],[],candidate_pending_review_not_production,admitted,,candidate_pending_review_not_production
inventors:274,inventors,274,275,data/tiu_datasets/inventors.csv,6990771f01efcbae18bfa3960facbe36c39199f850f407540548a9c04339084c,38f46f495cfe628af374aa26053c0640edd9c643f872e2dfbefca5cd951a78c4,"{""label"":""1"",""statement"":""Karl Benz lived in Germany.""}",Karl Benz lived in Germany.,9572a313ac16d88758ac546b04a70020decf201368718f6db9c697be3302d130,1,inventors,affirmative,Karl Benz,entity_4e750be9fd62b6b52be9618bffc9f6fc617d1f3964440e2cc06ff81b38de4479,train,outer_train,neg_inventors:274,Germany,"[""Germany""]",entity_4e750be9fd62b6b52be9618bffc9f6fc617d1f3964440e2cc06ff81b38de4479,admitted,[],[],[],provisional,admitted,[],[],candidate_pending_review_not_production,admitted,,candidate_pending_review_not_production
inventors:52,inventors,52,53,data/tiu_datasets/inventors.csv,6990771f01efcbae18bfa3960facbe36c39199f850f407540548a9c04339084c,83aabef16105fdd46112981e2ba223b5b8a20ef05d849838616eca7757ec0978,"{""label"":""1"",""statement"":""Fridtjof Nansen lived in Norway.""}",Fridtjof Nansen lived in Norway.,23596a0e52b9785b6fd70d63578826f9523f55bfb7b3e7a94fb06f3d9b68221a,1,inventors,affirmative,Fridtjof Nansen,entity_3686b4dee6c7632b4965f13bd49ffc8b2f169160f4d426d83697e8aa99e8df07,train,outer_train,neg_inventors:52,Norway,"[""Norway""]",entity_3686b4dee6c7632b4965f13bd49ffc8b2f169160f4d426d83697e8aa99e8df07,admitted,[],[],[],provisional,admitted,[],[],candidate_pending_review_not_production,admitted,,candidate_pending_review_not_production
inventors:292,inventors,292,293,data/tiu_datasets/inventors.csv,6990771f01efcbae18bfa3960facbe36c39199f850f407540548a9c04339084c,a0a85f72e7cd84aeac3fe53fcb12662068738f907dddb76b7d27a01fe71fd2bc,"{""label"":""1"",""statement"":""Biruté Galdikas lived in Canada.""}",Biruté Galdikas lived in Canada.,4a6c6dedd642fffa516b49f74e421550de35f0067e403a50db968a35f140b09b,1,inventors,affirmative,Biruté Galdikas,entity_c8b9dde7453a93ce0788711c697ed346db5afe0265d2a99e68dde8fad550111d,train,outer_train,neg_inventors:292,Canada,"[""Canada""]",entity_c8b9dde7453a93ce0788711c697ed346db5afe0265d2a99e68dde8fad550111d,admitted,[],[],[],provisional,admitted,[],[],candidate_pending_review_not_production,admitted,,candidate_pending_review_not_production
inventors:150,inventors,150,151,data/tiu_datasets/inventors.csv,6990771f01efcbae18bfa3960facbe36c39199f850f407540548a9c04339084c,ba1582da208c23485dffb440991b1ec2402af8a8cdc310d3b1f392a3a8695846,"{""label"":""1"",""statement"":""Bartolomeo Cristofori lived in Italy.""}",Bartolomeo Cristofori lived in Italy.,f3454019d95c663eee9a663eaa3117ce8cb6597f109d9d9b4e9b85f613ae6a77,1,inventors,affirmative,Bartolomeo Cristofori,entity_03a350a0ce7415f7e8672d344046f2e276f263693add65c1b1a43c9740f9af16,train,outer_train,neg_inventors:150,Italy,"[""Italy""]",entity_03a350a0ce7415f7e8672d344046f2e276f263693add65c1b1a43c9740f9af16,admitted,[],[],[],provisional,admitted,[],[],candidate_pending_review_not_production,admitted,,candidate_pending_review_not_production
inventors:405,inventors,405,406,data/tiu_datasets/inventors.csv,6990771f01efcbae18bfa3960facbe36c39199f850f407540548a9c04339084c,4071948e567afa176d5260c750065c82d2da458c5d298bdeb4f8fcfd7773f331,"{""label"":""1"",""statement"":""Cai Lun lived in China.""}",Cai Lun lived in China.,79f52a9ba97c3b21bf0ade470f7e0042b43080aea52eecf34f53bdd445f30573,1,inventors,affirmative,Cai Lun,entity_5af84507344c54756347766a5575d9c6f362f41b920ef3da3683237067d289e9,train,outer_train,neg_inventors:405,China,"[""China""]",entity_5af84507344c54756347766a5575d9c6f362f41b920ef3da3683237067d289e9,admitted,[],[],[],provisional,admitted,[],[],candidate_pending_review_not_production,admitted,,candidate_pending_review_not_production
inventors:257,inventors,257,258,data/tiu_datasets/inventors.csv,6990771f01efcbae18bfa3960facbe36c39199f850f407540548a9c04339084c,9c93671e4a91e698ebeaabfbbfbece84ac68acd5b72eacd7d03e79a352cb07e6,"{""label"":""1"",""statement"":""Alessandro Volta lived in Italy.""}",Alessandro Volta lived in Italy.,3e66ca33c2e5481ac800675f2a29ddbfeb7fac9765ff0758649cd561091abe99,1,inventors,affirmative,Alessandro Volta,entity_d7755c24c57984f0e5402622c6fcf0d1addc6901382f97082aab6ca96fd59482,train,outer_train,neg_inventors:257,Italy,"[""Italy""]",entity_d7755c24c57984f0e5402622c6fcf0d1addc6901382f97082aab6ca96fd59482,admitted,[],[],[],provisional,admitted,[],[],candidate_pending_review_not_production,admitted,,candidate_pending_review_not_production
inventors:149,inventors,149,150,data/tiu_datasets/inventors.csv,6990771f01efcbae18bfa3960facbe36c39199f850f407540548a9c04339084c,3a6633df1c439503764f92d050535b61040463b108ce20fdfb51d1f6d6a5da52,"{""label"":""1"",""statement"":""Thomas Savery lived in the U.K.""}",Thomas Savery lived in the U.K.,b77b182e557eaaf54d2d50d26dceb6cd8ea5cd0ee32b48633e9acbf2d2b14d88,1,inventors,affirmative,Thomas Savery,entity_a774531c552cd2f20be901def0de3ef9e970a544a0087c0f45a6f78c4b0a3c03,train,outer_train,neg_inventors:149,the U.K,"[""United Kingdom""]",entity_a774531c552cd2f20be901def0de3ef9e970a544a0087c0f45a6f78c4b0a3c03,admitted,[],[],[],provisional,admitted,[],[],candidate_pending_review_not_production,admitted,,candidate_pending_review_not_production
inventors:251,inventors,251,252,data/tiu_datasets/inventors.csv,6990771f01efcbae18bfa3960facbe36c39199f850f407540548a9c04339084c,bc37577507344f86ecd68ad170c617877741d974d75bb253aba6a8e5948ab044,"{""label"":""1"",""statement"":""Hans Oersted lived in Denmark.""}",Hans Oersted lived in Denmark.,e3d228fb5d39fdd1f7f7831454a29eb3cbd30b3e23ceeb4d53596469d813f425,1,inventors,affirmative,Hans Oersted,entity_891bf2d682473aaf32564b0160c4f0ceaf003f934e67bde3a9ecfcc908a1e017,train,outer_train,neg_inventors:251,Denmark,"[""Denmark""]",entity_891bf2d682473aaf32564b0160c4f0ceaf003f934e67bde3a9ecfcc908a1e017,admitted,[],[],[],provisional,admitted,[],[],candidate_pending_review_not_production,admitted,,candidate_pending_review_not_production
inventors:126,inventors,126,127,data/tiu_datasets/inventors.csv,6990771f01efcbae18bfa3960facbe36c39199f850f407540548a9c04339084c,aa23f96bd46b4c6c474c503afaf64e477d70c61775528ce7ae5e04a2660a967d,"{""label"":""0"",""statement"":""Florence Parpart lived in the U.K.""}",Florence Parpart lived in the U.K.,7ce51cd12cc197b4226a00217689322e9b1dec33337e5621820358f9f820dbcf,0,inventors,affirmative,Florence Parpart,entity_a491edf53867176b1c07858e2ce118a98dfa8d041f67b2ef69bd3c99e208f8e5,train,outer_train,neg_inventors:126,the U.K,"[""United Kingdom""]",entity_a491edf53867176b1c07858e2ce118a98dfa8d041f67b2ef69bd3c99e208f8e5,admitted,[],[],[],provisional,admitted,[],[],candidate_pending_review_not_production,admitted,,candidate_pending_review_not_production
inventors:4,inventors,4,5,data/tiu_datasets/inventors.csv,6990771f01efcbae18bfa3960facbe36c39199f850f407540548a9c04339084c,acd5409c085fb69590c006a96e115df5249c1ae6b38796e7cde88c92e6b6396a,"{""label"":""1"",""statement"":""Gustaf Dalén lived in Sweden.""}",Gustaf Dalén lived in Sweden.,79b0b0933b99d60bd846d6f312f93628a69e6fdf886f3de00e69f70487bea10d,1,inventors,affirmative,Gustaf Dalén,entity_1eab845712f1a4026efd4c41f2e2b5ad7c2ad14c5117ba92383fd229c9b8377e,train,outer_train,neg_inventors:4,Sweden,"[""Sweden""]",entity_1eab845712f1a4026efd4c41f2e2b5ad7c2ad14c5117ba92383fd229c9b8377e,admitted,[],[],[],provisional,admitted,[],[],candidate_pending_review_not_production,admitted,,candidate_pending_review_not_production
inventors:1,inventors,1,2,data/tiu_datasets/inventors.csv,6990771f01efcbae18bfa3960facbe36c39199f850f407540548a9c04339084c,aacb4aca5b4a10b14cd13c3b5a8a505d34045e6da19c0b918b489d82140791f6,"{""label"":""0"",""statement"":""Emile Berliner lived in Russia.""}",Emile Berliner lived in Russia.,130d133adc51133d2a0960a133b2db711e6c4d31ee2cdcc4ddcef4f01347266a,0,inventors,affirmative,Emile Berliner,entity_6c5d95e799d90a3d7db71d03712fb1d717c1a3a0ccd283472f029026ec4ea607,train,outer_train,neg_inventors:1,Russia,"[""Russia""]",entity_6c5d95e799d90a3d7db71d03712fb1d717c1a3a0ccd283472f029026ec4ea607,admitted,[],[],[],provisional,admitted,[],[],candidate_pending_review_not_production,admitted,,candidate_pending_review_not_production
inventors:26,inventors,26,27,data/tiu_datasets/inventors.csv,6990771f01efcbae18bfa3960facbe36c39199f850f407540548a9c04339084c,a48ed78b180cbacedee8012c02cca99556f6b3901c4fbcf0ac39dd7ad2f97fb7,"{""label"":""1"",""statement"":""David Edward Hughes lived in the U.S.""}",David Edward Hughes lived in the U.S.,14064f7cd62f25c71893fca458164efd78671291a5372a2b02b2d3089c6b74bc,1,inventors,affirmative,David Edward Hughes,entity_0c8f2bad35c77e5b5d67057706b25eedef411d8f3d4f42fb6a83f1aff23ebc41,train,outer_train,neg_inventors:26,the U.S,"[""United States""]",entity_0c8f2bad35c77e5b5d67057706b25eedef411d8f3d4f42fb6a83f1aff23ebc41,admitted,[],[],[],provisional,admitted,[],[],candidate_pending_review_not_production,admitted,,candidate_pending_review_not_production
inventors:122,inventors,122,123,data/tiu_datasets/inventors.csv,6990771f01efcbae18bfa3960facbe36c39199f850f407540548a9c04339084c,f98c02f0b9cf62b4be62990fa764162e5340683e275624f027e80aa710c3ffc3,"{""label"":""1"",""statement"":""Joseph Aspdin lived in the U.K.""}",Joseph Aspdin lived in the U.K.,f65beb58c51edea98d4b7a80233ea80d9acb62c3786ffe94bf9412024455a01f,1,inventors,affirmative,Joseph Aspdin,entity_0edcb780d202bbbb53ad8f9a8824ee9dc5360ac6493105ee3ed61beb98780d4d,train,outer_train,neg_inventors:122,the U.K,"[""United Kingdom""]",entity_0edcb780d202bbbb53ad8f9a8824ee9dc5360ac6493105ee3ed61beb98780d4d,admitted,[],[],[],provisional,admitted,[],[],candidate_pending_review_not_production,admitted,,candidate_pending_review_not_production
inventors:29,inventors,29,30,data/tiu_datasets/inventors.csv,6990771f01efcbae18bfa3960facbe36c39199f850f407540548a9c04339084c,4300fd7e99036632afb0cec303688ec08340876dcc7a4ba820b78156a5d00f64,"{""label"":""1"",""statement"":""Rudolf Kálmán lived in Hungary.""}",Rudolf Kálmán lived in Hungary.,5f55c3d02e60a7acefeaab2d5e519b225c9a3dc4cf603d27f9ae14e333d07c17,1,inventors,affirmative,Rudolf Kálmán,entity_ea4e11aa4084638dcd6fd6bed1b54e387d4f4ddd40af06cb4d6464bbddf4dccf,train,outer_train,neg_inventors:29,Hungary,"[""Hungary""]",entity_ea4e11aa4084638dcd6fd6bed1b54e387d4f4ddd40af06cb4d6464bbddf4dccf,admitted,[],[],[],provisional,admitted,[],[],candidate_pending_review_not_production,admitted,,candidate_pending_review_not_production
inventors:48,inventors,48,49,data/tiu_datasets/inventors.csv,6990771f01efcbae18bfa3960facbe36c39199f850f407540548a9c04339084c,c08e7a67f5d9ff0af32cf13cfd257bdef08dcd7327517b3bf652a0521855e7a5,"{""label"":""1"",""statement"":""Robert Moog lived in the U.S.""}",Robert Moog lived in the U.S.,b3a373a52e694548d2fbac14e23c77d7283d28e6894e82c9b85184efa82bcd30,1,inventors,affirmative,Robert Moog,entity_50c92eee31e85106ca5ee01e1c82382f5d7d0928d9c6a11bcba052ce3e522af9,train,outer_train,neg_inventors:48,the U.S,"[""United States""]",entity_50c92eee31e85106ca5ee01e1c82382f5d7d0928d9c6a11bcba052ce3e522af9,admitted,[],[],[],provisional,admitted,[],[],candidate_pending_review_not_production,admitted,,candidate_pending_review_not_production
inventors:114,inventors,114,115,data/tiu_datasets/inventors.csv,6990771f01efcbae18bfa3960facbe36c39199f850f407540548a9c04339084c,e7a31d4b9ba5af19dd1beb5fe64dd3f1a5b6293540311154c16fdeca6133e6db,"{""label"":""1"",""statement"":""Édouard-Léon Scott de Martinville lived in France.""}",Édouard-Léon Scott de Martinville lived in France.,9454de431e1457e27e994a75a52a9637f7b272026a34404eb5531dfcc316ebc3,1,inventors,affirmative,Édouard-Léon Scott de Martinville,entity_22fca1680f3177f5c3e9de140f55d138cd8e36f58ae1dde075f2ff61b7f2e480,train,outer_train,neg_inventors:114,France,"[""France""]",entity_22fca1680f3177f5c3e9de140f55d138cd8e36f58ae1dde075f2ff61b7f2e480,admitted,[],[],[],provisional,admitted,[],[],candidate_pending_review_not_production,admitted,,candidate_pending_review_not_production
inventors:371,inventors,371,372,data/tiu_datasets/inventors.csv,6990771f01efcbae18bfa3960facbe36c39199f850f407540548a9c04339084c,0bff3c32b8a80d6c8c75b4baee17457f58b29aaf6026c33364577c39da7d5549,"{""label"":""1"",""statement"":""Mary Walton lived in the U.S.""}",Mary Walton lived in the U.S.,8b6dbb88b02446dff75f6ebb16ed678a05929e0be04fbdbc32b81e8bb4880b21,1,inventors,affirmative,Mary Walton,entity_9240a6a1cd754b779e934a1c8d1b230b9a491b0438f9c36687c95a2bdfe524b9,train,outer_train,neg_inventors:371,the U.S,"[""United States""]",entity_9240a6a1cd754b779e934a1c8d1b230b9a491b0438f9c36687c95a2bdfe524b9,admitted,[],[],[],provisional,admitted,[],[],candidate_pending_review_not_production,admitted,,candidate_pending_review_not_production
inventors:266,inventors,266,267,data/tiu_datasets/inventors.csv,6990771f01efcbae18bfa3960facbe36c39199f850f407540548a9c04339084c,5e6a7d09daec2247564654cd64dc4356cf03ca76f2350792920e1e0f1d00b1d6,"{""label"":""0"",""statement"":""Gordon Gould lived in Canada.""}",Gordon Gould lived in Canada.,41acec5b30f6d7f11bb930d4e88f98235b70d4311a910f59eff3a26d0bb7dd74,0,inventors,affirmative,Gordon Gould,entity_cf647d3f529b9389aadce3ebd5162e75620bf231b5310d91f0e408331772ef45,train,outer_train,neg_inventors:266,Canada,"[""Canada""]",entity_cf647d3f529b9389aadce3ebd5162e75620bf231b5310d91f0e408331772ef45,admitted,[],[],[],provisional,admitted,[],[],candidate_pending_review_not_production,admitted,,candidate_pending_review_not_production
inventors:224,inventors,224,225,data/tiu_datasets/inventors.csv,6990771f01efcbae18bfa3960facbe36c39199f850f407540548a9c04339084c,03e1793635e007e596b86ca13860a833825ac42765868b1b25c6c4b1c4df7a49,"{""label"":""1"",""statement"":""Thomas Edison lived in the U.S.""}",Thomas Edison lived in the U.S.,7f81a72ea82af1f5bc56c49c64caa682c11a8f37b827b50ce9504a941e87d608,1,inventors,affirmative,Thomas Edison,entity_e24b6eb91ce3e643c28250b924eeb334eb49bb6d7e7b3fabd099bd5a4da961c4,train,outer_train,neg_inventors:224,the U.S,"[""United States""]",entity_e24b6eb91ce3e643c28250b924eeb334eb49bb6d7e7b3fabd099bd5a4da961c4,admitted,[],[],[],provisional,admitted,[],[],candidate_pending_review_not_production,admitted,,candidate_pending_review_not_production
neg_inventors:77,neg_inventors,77,78,data/tiu_datasets/neg_inventors.csv,f275742ae02a1d2ca11e90d25753b2d3a90f4788f6399e22442cd7774b7db8a7,89627fdb58d53df9fb700d4f44731a61fb11f0af1061c84cb7cec3b55b60ce7b,"{""label"":""0"",""statement"":""Thomas Wedgwood did not live in the U.K.""}",Thomas Wedgwood did not live in the U.K.,ee9be4dfe05799155eda30a340fd9461d950eac9a8f1582271a5ca99025a7eca,0,inventors,negated,Thomas Wedgwood,entity_169a162e881247a3c05dca46687f0c4875f66586a1419bbc034f0bafa3f46689,train,outer_train,inventors:77,the U.K,"[""United Kingdom""]",entity_169a162e881247a3c05dca46687f0c4875f66586a1419bbc034f0bafa3f46689,admitted,[],[],[],provisional,admitted,[],[],candidate_pending_review_not_production,admitted,,candidate_pending_review_not_production
neg_inventors:152,neg_inventors,152,153,data/tiu_datasets/neg_inventors.csv,f275742ae02a1d2ca11e90d25753b2d3a90f4788f6399e22442cd7774b7db8a7,e84da1fd04f731befbc023fadf62f8e3c72124798b8910921f83f6d53ed53f83,"{""label"":""1"",""statement"":""Frederick G. Creed did not live in Sweden.""}",Frederick G. Creed did not live in Sweden.,4bde96ed131dc4a651480e9f088aaf583615a1914d2cc95b146b2930d94a3aba,1,inventors,negated,Frederick G. Creed,entity_6c538714f9589781a35a32ac7de0ca2d87e13f3e096c469b5a1ee164600b2705,train,outer_train,inventors:152,Sweden,"[""Sweden""]",entity_6c538714f9589781a35a32ac7de0ca2d87e13f3e096c469b5a1ee164600b2705,admitted,[],[],[],provisional,admitted,[],[],candidate_pending_review_not_production,admitted,,candidate_pending_review_not_production
neg_inventors:157,neg_inventors,157,158,data/tiu_datasets/neg_inventors.csv,f275742ae02a1d2ca11e90d25753b2d3a90f4788f6399e22442cd7774b7db8a7,10d5b58fa4f37e5b20ea010d6c70f628f030a4b9989ead6a15b7e4e6d25a8dc6,"{""label"":""1"",""statement"":""Hippolyte Mège-Mouriès did not live in the U.S.""}",Hippolyte Mège-Mouriès did not live in the U.S.,be5c71c8256d3653726b5605478e4e1f2b30b7930f94cb1bbf8157031fa4fcc1,1,inventors,negated,Hippolyte Mège-Mouriès,entity_ed74407dfa7b1ab4cb8cd821fe9172cf89e2f444ae3bfcf55fe351d2f59f0632,train,outer_train,inventors:157,the U.S,"[""United States""]",entity_ed74407dfa7b1ab4cb8cd821fe9172cf89e2f444ae3bfcf55fe351d2f59f0632,admitted,[],[],[],provisional,admitted,[],[],candidate_pending_review_not_production,admitted,,candidate_pending_review_not_production
neg_inventors:140,neg_inventors,140,141,data/tiu_datasets/neg_inventors.csv,f275742ae02a1d2ca11e90d25753b2d3a90f4788f6399e22442cd7774b7db8a7,88ba46d51a096c08c92d60ae3ccc28afdb06f46116f2dc0490f610e817de8306,"{""label"":""0"",""statement"":""Bette Nesmith Graham did not live in the U.S.""}",Bette Nesmith Graham did not live in the U.S.,77a0b620ba973471bf1b78e514a173698a4bf87f436d0b7e214e8e0b9df9c1ed,0,inventors,negated,Bette Nesmith Graham,entity_5e5c11a74bf355507521edf353e8d8064ab27f399dcaedbc24345f9a09aff777,train,outer_train,inventors:140,the U.S,"[""United States""]",entity_5e5c11a74bf355507521edf353e8d8064ab27f399dcaedbc24345f9a09aff777,admitted,[],[],[],provisional,admitted,[],[],candidate_pending_review_not_production,admitted,,candidate_pending_review_not_production
neg_inventors:50,neg_inventors,50,51,data/tiu_datasets/neg_inventors.csv,f275742ae02a1d2ca11e90d25753b2d3a90f4788f6399e22442cd7774b7db8a7,dda36ed035487ba5957dea8654409b3e0365572c132fef9ff7ffa737d9fecda7,"{""label"":""1"",""statement"":""James Clerk Maxwell did not live in the U.S.""}",James Clerk Maxwell did not live in the U.S.,c6e05f83389f1e6f7522ef1519bd33f2c5de53e57eb95f487a5c3f38bfd5d0d4,1,inventors,negated,James Clerk Maxwell,entity_2c32b064fe12d3f3726a09b32f49e8e58eee5b3e9dac16fb2bd023c46fbc77a8,train,outer_train,inventors:50,the U.S,"[""United States""]",entity_2c32b064fe12d3f3726a09b32f49e8e58eee5b3e9dac16fb2bd023c46fbc77a8,admitted,[],[],[],provisional,admitted,[],[],candidate_pending_review_not_production,admitted,,candidate_pending_review_not_production
neg_inventors:23,neg_inventors,23,24,data/tiu_datasets/neg_inventors.csv,f275742ae02a1d2ca11e90d25753b2d3a90f4788f6399e22442cd7774b7db8a7,c03c999dcd5c8634c8a7e409c453de3c510d447c6b4643383a959918b031fe0c,"{""label"":""1"",""statement"":""Herbert Saffir did not live in the U.K.""}",Herbert Saffir did not live in the U.K.,06020de9d9005ddd748875445ff51d50922a197da3f5f56fd8b526184eef909c,1,inventors,negated,Herbert Saffir,entity_d7cc8ea4e29294ff2f5424209d056df11ab57c68a360b1037573c49bd287dd7d,train,outer_train,inventors:23,the U.K,"[""United Kingdom""]",entity_d7cc8ea4e29294ff2f5424209d056df11ab57c68a360b1037573c49bd287dd7d,admitted,[],[],[],provisional,admitted,[],[],candidate_pending_review_not_production,admitted,,candidate_pending_review_not_production
neg_inventors:295,neg_inventors,295,296,data/tiu_datasets/neg_inventors.csv,f275742ae02a1d2ca11e90d25753b2d3a90f4788f6399e22442cd7774b7db8a7,a1bbe53beb891b496e0dbcc66ee0354b717334a5f2aba264b681d84245c0a77b,"{""label"":""0"",""statement"":""Karl Landsteiner did not live in Austria.""}",Karl Landsteiner did not live in Austria.,e4a7ce57e3235b6dfe2e81f835626018944375fbf8cc110057dc94b07be6d21f,0,inventors,negated,Karl Landsteiner,entity_241aa31960ce752aa41aff5636de469e2790ce7461e15ad0c3ee430f3d04c1ec,train,outer_train,inventors:295,Austria,"[""Austria""]",entity_241aa31960ce752aa41aff5636de469e2790ce7461e15ad0c3ee430f3d04c1ec,admitted,[],[],[],provisional,admitted,[],[],candidate_pending_review_not_production,admitted,,candidate_pending_review_not_production
neg_inventors:9,neg_inventors,9,10,data/tiu_datasets/neg_inventors.csv,f275742ae02a1d2ca11e90d25753b2d3a90f4788f6399e22442cd7774b7db8a7,cce8249662b4064d5e0a937f4039aef8757b09b9a5e30cc0c144e081560843de,"{""label"":""0"",""statement"":""Frederick Walton did not live in the U.K.""}",Frederick Walton did not live in the U.K.,2032fd30ae2ae0e6ec729429bb7554d9d8b79791294171e0c423e16cf0cb9123,0,inventors,negated,Frederick Walton,entity_8e5f5f10d41f09992da14b6097cd0280ce6c4594a46b0cb3e504167b53de4cd2,train,outer_train,inventors:9,the U.K,"[""United Kingdom""]",entity_8e5f5f10d41f09992da14b6097cd0280ce6c4594a46b0cb3e504167b53de4cd2,admitted,[],[],[],provisional,admitted,[],[],candidate_pending_review_not_production,admitted,,candidate_pending_review_not_production
neg_inventors:308,neg_inventors,308,309,data/tiu_datasets/neg_inventors.csv,f275742ae02a1d2ca11e90d25753b2d3a90f4788f6399e22442cd7774b7db8a7,28cb00bb3ca6c929ff4903e687246997d1744dee87dd978a63e170968379ffe3,"{""label"":""1"",""statement"":""Antoine Lavoisier did not live in Austria.""}",Antoine Lavoisier did not live in Austria.,f7cb26a43ee74789c4544ecb0f32b62c7f37f75b45a73174c2e3128512aecdfb,1,inventors,negated,Antoine Lavoisier,entity_2893aa6253722d064f89b95bfdab30ec1a3b479197fef9e96abef5ae6a4fb1da,train,outer_train,inventors:308,Austria,"[""Austria""]",entity_2893aa6253722d064f89b95bfdab30ec1a3b479197fef9e96abef5ae6a4fb1da,admitted,[],[],[],provisional,admitted,[],[],candidate_pending_review_not_production,admitted,,candidate_pending_review_not_production
neg_inventors:86,neg_inventors,86,87,data/tiu_datasets/neg_inventors.csv,f275742ae02a1d2ca11e90d25753b2d3a90f4788f6399e22442cd7774b7db8a7,a1bb3d6df2f41f6f30b02a8d089982f4d296b4b4e9f134f87373bbd5678c67c7,"{""label"":""1"",""statement"":""James Watt did not live in the U.S.""}",James Watt did not live in the U.S.,f2617c244dd7da4645abda0174c51993be74ccef7a2037afaf14c3d7a597cba0,1,inventors,negated,James Watt,entity_9f6356c71983dc7f2df1a26508666518aa54985f0480a3fd3d36dcb5a1db5520,train,outer_train,inventors:86,the U.S,"[""United States""]",entity_9f6356c71983dc7f2df1a26508666518aa54985f0480a3fd3d36dcb5a1db5520,admitted,[],[],[],provisional,admitted,[],[],candidate_pending_review_not_production,admitted,,candidate_pending_review_not_production
neg_inventors:163,neg_inventors,163,164,data/tiu_datasets/neg_inventors.csv,f275742ae02a1d2ca11e90d25753b2d3a90f4788f6399e22442cd7774b7db8a7,95b3b47a5979a5af1fabc48fadccc50c64e980715be20c932c02f31b57275fae,"{""label"":""0"",""statement"":""Samuel Fox did not live in the U.K.""}",Samuel Fox did not live in the U.K.,988135039d666cdc7e783328fbd21816fc0cd1f3cd92f429cd3714967eeee001,0,inventors,negated,Samuel Fox,entity_5e9a51e451360ddad4b64f7e0ee5aa612bf0999c4e510d6783ed9afe5ab944fa,train,outer_train,inventors:163,the U.K,"[""United Kingdom""]",entity_5e9a51e451360ddad4b64f7e0ee5aa612bf0999c4e510d6783ed9afe5ab944fa,admitted,[],[],[],provisional,admitted,[],[],candidate_pending_review_not_production,admitted,,candidate_pending_review_not_production
neg_inventors:239,neg_inventors,239,240,data/tiu_datasets/neg_inventors.csv,f275742ae02a1d2ca11e90d25753b2d3a90f4788f6399e22442cd7774b7db8a7,e9c89979289907a399e2efffe593467282b555d90ae3aae2d7cb737ccad6031d,"{""label"":""0"",""statement"":""John Harrison did not live in the U.K.""}",John Harrison did not live in the U.K.,bf23bfc290b81fd057fc599f0acaa3f02b2b9f45acb2126286ec747f812e7a76,0,inventors,negated,John Harrison,entity_d7ad661bd43eb5968863bc1b7dbd91dda7337fc8b5db8454fa177d3a820c9e23,train,outer_train,inventors:239,the U.K,"[""United Kingdom""]",entity_d7ad661bd43eb5968863bc1b7dbd91dda7337fc8b5db8454fa177d3a820c9e23,admitted,[],[],[],provisional,admitted,[],[],candidate_pending_review_not_production,admitted,,candidate_pending_review_not_production
neg_inventors:91,neg_inventors,91,92,data/tiu_datasets/neg_inventors.csv,f275742ae02a1d2ca11e90d25753b2d3a90f4788f6399e22442cd7774b7db8a7,03c34e54dc5f7eadf2f2f97c6b2578d6d77f2337c53813433639cec971295f23,"{""label"":""0"",""statement"":""Edwin H. Land did not live in the U.S.""}",Edwin H. Land did not live in the U.S.,5ad0db2fd82b83132aa5b8fa490bebc97333d7fecbb27602f80c07137e7f05ef,0,inventors,negated,Edwin H. Land,entity_e71a928e187e1b2b74b50f6ede0a620d79ca94ef0fd86fcf1d1244c11c188286,train,outer_train,inventors:91,the U.S,"[""United States""]",entity_e71a928e187e1b2b74b50f6ede0a620d79ca94ef0fd86fcf1d1244c11c188286,admitted,[],[],[],provisional,admitted,[],[],candidate_pending_review_not_production,admitted,,candidate_pending_review_not_production
neg_inventors:313,neg_inventors,313,314,data/tiu_datasets/neg_inventors.csv,f275742ae02a1d2ca11e90d25753b2d3a90f4788f6399e22442cd7774b7db8a7,f4a4bc0db27904acd63e27af5a7a59e785f00b2a64ec81613947b86229e5be69,"{""label"":""1"",""statement"":""Frank Bunker Gilbreth did not live in Russia.""}",Frank Bunker Gilbreth did not live in Russia.,23f3339524f400d967a3426c00c6fd5b88f982f998462cc39832c01808eb41ad,1,inventors,negated,Frank Bunker Gilbreth,entity_9a5cc522c464ad73e9e4dcacbada81be0e38165fea30ffd9b18b518212b9e133,train,outer_train,inventors:313,Russia,"[""Russia""]",entity_9a5cc522c464ad73e9e4dcacbada81be0e38165fea30ffd9b18b518212b9e133,admitted,[],[],[],provisional,admitted,[],[],candidate_pending_review_not_production,admitted,,candidate_pending_review_not_production
neg_inventors:100,neg_inventors,100,101,data/tiu_datasets/neg_inventors.csv,f275742ae02a1d2ca11e90d25753b2d3a90f4788f6399e22442cd7774b7db8a7,cf4cd3ae0ca34a27c5d1487b77a243c13d1bb2e1e6477d16e6926bacc8e8f060,"{""label"":""0"",""statement"":""Ernesto Blanco did not live in the U.S.""}",Ernesto Blanco did not live in the U.S.,7bf770aa07b8cc4bf1027021d22ca10912d914ec6418f72c0cb923b533b6cf1a,0,inventors,negated,Ernesto Blanco,entity_352a40c66a7ab8e8865895198ce0d679604b1143b51b7e5607e78b419895caf7,train,outer_train,inventors:100,the U.S,"[""United States""]",entity_352a40c66a7ab8e8865895198ce0d679604b1143b51b7e5607e78b419895caf7,admitted,[],[],[],provisional,admitted,[],[],candidate_pending_review_not_production,admitted,,candidate_pending_review_not_production
neg_inventors:275,neg_inventors,275,276,data/tiu_datasets/neg_inventors.csv,f275742ae02a1d2ca11e90d25753b2d3a90f4788f6399e22442cd7774b7db8a7,b1dd72e922e1a88645a7c4534611baa5ccd02ea33988884ee35e924bdfcee1f1,"{""label"":""0"",""statement"":""James Starley did not live in the U.K.""}",James Starley did not live in the U.K.,923f5712bc3834c5e8bedd3ba765201f81bf2fa16311b9bfd8d84badca9bc2db,0,inventors,negated,James Starley,entity_4cdb26140c9bec6b4662202c8a0132d97d578e2829ff902943cb7c1e6640c2b0,train,outer_train,inventors:275,the U.K,"[""United Kingdom""]",entity_4cdb26140c9bec6b4662202c8a0132d97d578e2829ff902943cb7c1e6640c2b0,admitted,[],[],[],provisional,admitted,[],[],candidate_pending_review_not_production,admitted,,candidate_pending_review_not_production
neg_inventors:134,neg_inventors,134,135,data/tiu_datasets/neg_inventors.csv,f275742ae02a1d2ca11e90d25753b2d3a90f4788f6399e22442cd7774b7db8a7,9f6103aa0183b8f266921e08e275fe81a7be02f441f2d92f34925cb5f506ca58,"{""label"":""0"",""statement"":""Joseph Bramah did not live in the U.K.""}",Joseph Bramah did not live in the U.K.,66aec5a8155d9dc6a8fec66417565fd22673f52a86146be971672dc7c707cee6,0,inventors,negated,Joseph Bramah,entity_a2d9f017e0a0d61da45e06ba11ac94c7b18213d3f06f06442d83bd9d99f76cfa,train,outer_train,inventors:134,the U.K,"[""United Kingdom""]",entity_a2d9f017e0a0d61da45e06ba11ac94c7b18213d3f06f06442d83bd9d99f76cfa,admitted,[],[],[],provisional,admitted,[],[],candidate_pending_review_not_production,admitted,,candidate_pending_review_not_production
neg_inventors:324,neg_inventors,324,325,data/tiu_datasets/neg_inventors.csv,f275742ae02a1d2ca11e90d25753b2d3a90f4788f6399e22442cd7774b7db8a7,6d25a6fa6e6e0a383fb6aede0b6eb3e7c890e1b9ed11275bafb560b894ec1e14,"{""label"":""0"",""statement"":""Hans Geiger did not live in Germany.""}",Hans Geiger did not live in Germany.,cbf8da82647341bbb034e94f74487b5a35b301ebf958355234727038500b81ef,0,inventors,negated,Hans Geiger,entity_675c7aab0bec3594dce5aed35707ed052942a9552e8349f88dba7e354ff53ffe,train,outer_train,inventors:324,Germany,"[""Germany""]",entity_675c7aab0bec3594dce5aed35707ed052942a9552e8349f88dba7e354ff53ffe,admitted,[],[],[],provisional,admitted,[],[],candidate_pending_review_not_production,admitted,,candidate_pending_review_not_production
neg_inventors:281,neg_inventors,281,282,data/tiu_datasets/neg_inventors.csv,f275742ae02a1d2ca11e90d25753b2d3a90f4788f6399e22442cd7774b7db8a7,f797aac37bc0d324bd08d9b8d78d07a7dd0ccb65a0e4eaddb2875c4996f772ea,"{""label"":""1"",""statement"":""Gustaf Dalén did not live in Germany.""}",Gustaf Dalén did not live in Germany.,014301e8eb13a86cf8b1d49c7549f0950097a4326f2746e79f3855b9ac8fa540,1,inventors,negated,Gustaf Dalén,entity_1eab845712f1a4026efd4c41f2e2b5ad7c2ad14c5117ba92383fd229c9b8377e,train,outer_train,inventors:281,Germany,"[""Germany""]",entity_1eab845712f1a4026efd4c41f2e2b5ad7c2ad14c5117ba92383fd229c9b8377e,admitted,[],[],[],provisional,admitted,[],[],candidate_pending_review_not_production,admitted,,candidate_pending_review_not_production
neg_inventors:95,neg_inventors,95,96,data/tiu_datasets/neg_inventors.csv,f275742ae02a1d2ca11e90d25753b2d3a90f4788f6399e22442cd7774b7db8a7,36155d896725afd84ff3efca5dd8832da190994efc1c60e1d09076c633dbe6b2,"{""label"":""0"",""statement"":""James Watt did not live in Scotland.""}",James Watt did not live in Scotland.,00eb20149c4613af1ce87dbf7d37f42b1c7373579945c9bb31093e143e1fe9ed,0,inventors,negated,James Watt,entity_9f6356c71983dc7f2df1a26508666518aa54985f0480a3fd3d36dcb5a1db5520,train,outer_train,inventors:95,Scotland,"[""Scotland""]",entity_9f6356c71983dc7f2df1a26508666518aa54985f0480a3fd3d36dcb5a1db5520,admitted,[],[],[],provisional,admitted,[],[],candidate_pending_review_not_production,admitted,,candidate_pending_review_not_production
neg_inventors:304,neg_inventors,304,305,data/tiu_datasets/neg_inventors.csv,f275742ae02a1d2ca11e90d25753b2d3a90f4788f6399e22442cd7774b7db8a7,2d31ee44d300b40175f63833868cd7cc2cf04d095a6dd3937e367834c068fb0c,"{""label"":""1"",""statement"":""Arthur Fry did not live in France.""}",Arthur Fry did not live in France.,82d4e8f5d05dada75e73d5c5bdb0ef80c0cc6ee60647c23fbc6df89709c845bc,1,inventors,negated,Arthur Fry,entity_f64a7bcf458a9a4fc914bccaa5ec5d3848cb976601dc15b26030465a2471cbfc,train,outer_train,inventors:304,France,"[""France""]",entity_f64a7bcf458a9a4fc914bccaa5ec5d3848cb976601dc15b26030465a2471cbfc,admitted,[],[],[],provisional,admitted,[],[],candidate_pending_review_not_production,admitted,,candidate_pending_review_not_production
neg_inventors:285,neg_inventors,285,286,data/tiu_datasets/neg_inventors.csv,f275742ae02a1d2ca11e90d25753b2d3a90f4788f6399e22442cd7774b7db8a7,4e24f40fc5b5ec259ec201edb16e969fe245e43d64bed98278de1165e5de6bc8,"{""label"":""0"",""statement"":""Spencer Silver did not live in the U.S.""}",Spencer Silver did not live in the U.S.,7be39f06e706c9dfc735288e710382c5f2a9c0134f7e07db2215611ca6ae6272,0,inventors,negated,Spencer Silver,entity_162096dd276925d4e85761141810e74e189ffc69d29b292beddb349e673d35eb,train,outer_train,inventors:285,the U.S,"[""United States""]",entity_162096dd276925d4e85761141810e74e189ffc69d29b292beddb349e673d35eb,admitted,[],[],[],provisional,admitted,[],[],candidate_pending_review_not_production,admitted,,candidate_pending_review_not_production
neg_inventors:185,neg_inventors,185,186,data/tiu_datasets/neg_inventors.csv,f275742ae02a1d2ca11e90d25753b2d3a90f4788f6399e22442cd7774b7db8a7,01551b760ad69460e94d3f504db1bd2353d1347d7d6312b5fae504e1570b6242,"{""label"":""1"",""statement"":""Giovanni Caselli did not live in the U.S.""}",Giovanni Caselli did not live in the U.S.,7fb9c2fc880227218f2c9f694184495909c566bb5dcf11de7e4d53ea742b191a,1,inventors,negated,Giovanni Caselli,entity_eb706b022ce9473cc6017b0f2a167a8aa1c393a0ec1572d1fb6c3f40fe2b3276,train,outer_train,inventors:185,the U.S,"[""United States""]",entity_eb706b022ce9473cc6017b0f2a167a8aa1c393a0ec1572d1fb6c3f40fe2b3276,admitted,[],[],[],provisional,admitted,[],[],candidate_pending_review_not_production,admitted,,candidate_pending_review_not_production
neg_inventors:156,neg_inventors,156,157,data/tiu_datasets/neg_inventors.csv,f275742ae02a1d2ca11e90d25753b2d3a90f4788f6399e22442cd7774b7db8a7,32d59595fd13ca35797dadb92217e6b91edee5ad15b911cbc2e9bf59ff9c798a,"{""label"":""0"",""statement"":""Paul Gottlieb Nipkow did not live in Germany.""}",Paul Gottlieb Nipkow did not live in Germany.,87c31be55d066850c8efd559d1e8dd0a4b12239b73b8924827a43e61dd6d164d,0,inventors,negated,Paul Gottlieb Nipkow,entity_d555076aae9c496b1c8fbf94ec9e5351c5204ca20cad98f9e8e4191dc14874e7,train,outer_train,inventors:156,Germany,"[""Germany""]",entity_d555076aae9c496b1c8fbf94ec9e5351c5204ca20cad98f9e8e4191dc14874e7,admitted,[],[],[],provisional,admitted,[],[],candidate_pending_review_not_production,admitted,,candidate_pending_review_not_production
neg_inventors:8,neg_inventors,8,9,data/tiu_datasets/neg_inventors.csv,f275742ae02a1d2ca11e90d25753b2d3a90f4788f6399e22442cd7774b7db8a7,f7656fe54e198df155eda27cee5e93010187b1b6f2e406a7242a5c77b24aeaa7,"{""label"":""0"",""statement"":""William Sturgeon did not live in the U.K.""}",William Sturgeon did not live in the U.K.,2cb050a62d90c80e5ae3ebb8052d3481e61e78174822c1780e6f5356b3d46138,0,inventors,negated,William Sturgeon,entity_32ca924a1a4c3c943a2e48ae03d15f82a3fa5a9b9f15036ad4a01e18b6eb9cee,train,outer_train,inventors:8,the U.K,"[""United Kingdom""]",entity_32ca924a1a4c3c943a2e48ae03d15f82a3fa5a9b9f15036ad4a01e18b6eb9cee,admitted,[],[],[],provisional,admitted,[],[],candidate_pending_review_not_production,admitted,,candidate_pending_review_not_production
neg_inventors:168,neg_inventors,168,169,data/tiu_datasets/neg_inventors.csv,f275742ae02a1d2ca11e90d25753b2d3a90f4788f6399e22442cd7774b7db8a7,570ca113c075df05b5c97a51dd7b230a998614f0e793598bece8c9fb0049e6dc,"{""label"":""1"",""statement"":""Hans Goldschmidt did not live in the Netherlands.""}",Hans Goldschmidt did not live in the Netherlands.,5e33fd2f01fbdd758e1b4736d5062f65c41a92fc913778ec956e9e4b7f94e7a3,1,inventors,negated,Hans Goldschmidt,entity_d27e81df65d0f8aae07dc2193a2a832bdc791f40f614bf984b3cab2bdbe11646,train,outer_train,inventors:168,the Netherlands,"[""Netherlands""]",entity_d27e81df65d0f8aae07dc2193a2a832bdc791f40f614bf984b3cab2bdbe11646,admitted,[],[],[],provisional,admitted,[],[],candidate_pending_review_not_production,admitted,,candidate_pending_review_not_production
neg_inventors:65,neg_inventors,65,66,data/tiu_datasets/neg_inventors.csv,f275742ae02a1d2ca11e90d25753b2d3a90f4788f6399e22442cd7774b7db8a7,9a55d39a5b67ce47483cd152b1ebb8417bfaf6cdae3179d0f1d61e0c237f30a7,"{""label"":""0"",""statement"":""Walter Hunt did not live in the U.S.""}",Walter Hunt did not live in the U.S.,1cacaee618caecb5c219c48bef2773d37194e696fd11f28972c9972a5ae147db,0,inventors,negated,Walter Hunt,entity_13d46f662918ef3345308e025bf5b93f2d9d0af70dbe06be668fd2d89bcd8e1c,train,outer_train,inventors:65,the U.S,"[""United States""]",entity_13d46f662918ef3345308e025bf5b93f2d9d0af70dbe06be668fd2d89bcd8e1c,admitted,[],[],[],provisional,admitted,[],[],candidate_pending_review_not_production,admitted,,candidate_pending_review_not_production
neg_inventors:314,neg_inventors,314,315,data/tiu_datasets/neg_inventors.csv,f275742ae02a1d2ca11e90d25753b2d3a90f4788f6399e22442cd7774b7db8a7,63a0cd7ef90e6645d99e5d2470853143c435e09649bb4ae4a07bdb8fd7f7be3a,"{""label"":""1"",""statement"":""Daisuke Inoue did not live in the U.S.""}",Daisuke Inoue did not live in the U.S.,8ed3ea248c858d1079c3c63614dccdaf6527c1ceaa2b3eeaaa708b1fc9fd2702,1,inventors,negated,Daisuke Inoue,entity_a194566f08ad5b17675d15fc2f7c357060a41e14fce3074cd8b7a12544ce2f39,train,outer_train,inventors:314,the U.S,"[""United States""]",entity_a194566f08ad5b17675d15fc2f7c357060a41e14fce3074cd8b7a12544ce2f39,admitted,[],[],[],provisional,admitted,[],[],candidate_pending_review_not_production,admitted,,candidate_pending_review_not_production
neg_inventors:109,neg_inventors,109,110,data/tiu_datasets/neg_inventors.csv,f275742ae02a1d2ca11e90d25753b2d3a90f4788f6399e22442cd7774b7db8a7,295938f6135be5f7d46b1b9f2715a9a1276715e5acc24a46e6f35de866da673b,"{""label"":""0"",""statement"":""Michael Faraday did not live in the U.K.""}",Michael Faraday did not live in the U.K.,708023f9e4f542df310e511258130f59d8d3d6ec91565bc5952921cd99ad6caa,0,inventors,negated,Michael Faraday,entity_e633e8a2e08c99d3102240879f8e8a2ff048f0fa22c9a9d0870dfd4aec3b1828,train,outer_train,inventors:109,the U.K,"[""United Kingdom""]",entity_e633e8a2e08c99d3102240879f8e8a2ff048f0fa22c9a9d0870dfd4aec3b1828,admitted,[],[],[],provisional,admitted,[],[],candidate_pending_review_not_production,admitted,,candidate_pending_review_not_production
neg_inventors:81,neg_inventors,81,82,data/tiu_datasets/neg_inventors.csv,f275742ae02a1d2ca11e90d25753b2d3a90f4788f6399e22442cd7774b7db8a7,a32adcf3b2983ca274ff8f7278c682b7fb3c24871cd02698000b29c4ffe1cd62,"{""label"":""1"",""statement"":""Godfrey Hounsfield did not live in Denmark.""}",Godfrey Hounsfield did not live in Denmark.,ed7c65cfa608014f19bedeb2b8ffdd743ff2b9706bb5b4f7599e7ab3ead060d2,1,inventors,negated,Godfrey Hounsfield,entity_78f19d21d14dd9d6073f64b47abb97c98cba199e992f02388171b73ed96795eb,train,outer_train,inventors:81,Denmark,"[""Denmark""]",entity_78f19d21d14dd9d6073f64b47abb97c98cba199e992f02388171b73ed96795eb,admitted,[],[],[],provisional,admitted,[],[],candidate_pending_review_not_production,admitted,,candidate_pending_review_not_production
neg_inventors:60,neg_inventors,60,61,data/tiu_datasets/neg_inventors.csv,f275742ae02a1d2ca11e90d25753b2d3a90f4788f6399e22442cd7774b7db8a7,fff14cd4974a1abc5b5bf982877ea6fd64ff06698c5100e9a27a5f201678157b,"{""label"":""0"",""statement"":""Wallace Carothers did not live in the U.S.""}",Wallace Carothers did not live in the U.S.,33de05a8b8da9ab6a9d6396e077898bb8e011875fec5b8a10765349f87df5b43,0,inventors,negated,Wallace Carothers,entity_1b0f1f2bb5a919012ce64b1229b4eb31e552caa4f9f09251d317353ea8e55d2e,train,outer_train,inventors:60,the U.S,"[""United States""]",entity_1b0f1f2bb5a919012ce64b1229b4eb31e552caa4f9f09251d317353ea8e55d2e,admitted,[],[],[],provisional,admitted,[],[],candidate_pending_review_not_production,admitted,,candidate_pending_review_not_production
neg_inventors:372,neg_inventors,372,373,data/tiu_datasets/neg_inventors.csv,f275742ae02a1d2ca11e90d25753b2d3a90f4788f6399e22442cd7774b7db8a7,5ed6b5a54f9d57ee08a4f113e3616b75d6fc7f44657559983f3dcb0bdf03d3e8,"{""label"":""0"",""statement"":""Felix Hoffmann did not live in Germany.""}",Felix Hoffmann did not live in Germany.,a27ee9244c45c44f344dd8d44b97962e1bffe83f9dc9203c88a2d4b84a206712,0,inventors,negated,Felix Hoffmann,entity_c31120bc3d1f106ef87ecf7713c451f3ff17e63b15000adccd97a2269609870e,train,outer_train,inventors:372,Germany,"[""Germany""]",entity_c31120bc3d1f106ef87ecf7713c451f3ff17e63b15000adccd97a2269609870e,admitted,[],[],[],provisional,admitted,[],[],candidate_pending_review_not_production,admitted,,candidate_pending_review_not_production
neg_inventors:219,neg_inventors,219,220,data/tiu_datasets/neg_inventors.csv,f275742ae02a1d2ca11e90d25753b2d3a90f4788f6399e22442cd7774b7db8a7,282da72cc574114ffa226b8c99d8e621e7279f35f9878d26de1dcf184f14bd7a,"{""label"":""0"",""statement"":""Frank Julian Sprague did not live in the U.S.""}",Frank Julian Sprague did not live in the U.S.,ec67cdff0cc4f0d5e2f0acb3b7de3e5e35ca502d1a5e61bff2bcf167e7618fcb,0,inventors,negated,Frank Julian Sprague,entity_4d8d21dee789ab3055d0a461e8d745a132bde7d16666eacee6a4cb365eff29fb,train,outer_train,inventors:219,the U.S,"[""United States""]",entity_4d8d21dee789ab3055d0a461e8d745a132bde7d16666eacee6a4cb365eff29fb,admitted,[],[],[],provisional,admitted,[],[],candidate_pending_review_not_production,admitted,,candidate_pending_review_not_production
neg_inventors:328,neg_inventors,328,329,data/tiu_datasets/neg_inventors.csv,f275742ae02a1d2ca11e90d25753b2d3a90f4788f6399e22442cd7774b7db8a7,0f1059447a94120bde03b56b471d0248c2b1db4289efae9f2aef28700e2b4ca0,"{""label"":""0"",""statement"":""Shinya Yamanaka did not live in Japan.""}",Shinya Yamanaka did not live in Japan.,85ba638cd9693530e92dbeb4c1b659d10523d96627f51eb48bf7ef7b41b2e5ac,0,inventors,negated,Shinya Yamanaka,entity_fd540038a74ef8f8ce0cdc1205b1bafb266bc6c4094fce27843a65986fc41160,train,outer_train,inventors:328,Japan,"[""Japan""]",entity_fd540038a74ef8f8ce0cdc1205b1bafb266bc6c4094fce27843a65986fc41160,admitted,[],[],[],provisional,admitted,[],[],candidate_pending_review_not_production,admitted,,candidate_pending_review_not_production
neg_inventors:312,neg_inventors,312,313,data/tiu_datasets/neg_inventors.csv,f275742ae02a1d2ca11e90d25753b2d3a90f4788f6399e22442cd7774b7db8a7,9ba99f22636aa24203f4f9a124b522fd466695fd076cae83cde350abc2da5aed,"{""label"":""1"",""statement"":""John Shepherd-Barron did not live in the U.S.""}",John Shepherd-Barron did not live in the U.S.,9f078dd59119c79b0c11fbdab8ab07e8ad0d59d22a140b59037f58ea0c57000c,1,inventors,negated,John Shepherd-Barron,entity_5072e2006427b892d26836ed6763295a988a5730656386442ae299ddd741af05,train,outer_train,inventors:312,the U.S,"[""United States""]",entity_5072e2006427b892d26836ed6763295a988a5730656386442ae299ddd741af05,admitted,[],[],[],provisional,admitted,[],[],candidate_pending_review_not_production,admitted,,candidate_pending_review_not_production
neg_inventors:329,neg_inventors,329,330,data/tiu_datasets/neg_inventors.csv,f275742ae02a1d2ca11e90d25753b2d3a90f4788f6399e22442cd7774b7db8a7,59a6ba242e13c017e4cba078134eebbc5af86a99d9cf4cb5fc2ea524b1bbc58a,"{""label"":""0"",""statement"":""Giovanni Caselli did not live in Italy.""}",Giovanni Caselli did not live in Italy.,1e856a4d1bedbe3b3cc37918a85374c96e9b4725d7feff14b6a3eb2bd88ad269,0,inventors,negated,Giovanni Caselli,entity_eb706b022ce9473cc6017b0f2a167a8aa1c393a0ec1572d1fb6c3f40fe2b3276,train,outer_train,inventors:329,Italy,"[""Italy""]",entity_eb706b022ce9473cc6017b0f2a167a8aa1c393a0ec1572d1fb6c3f40fe2b3276,admitted,[],[],[],provisional,admitted,[],[],candidate_pending_review_not_production,admitted,,candidate_pending_review_not_production
neg_inventors:217,neg_inventors,217,218,data/tiu_datasets/neg_inventors.csv,f275742ae02a1d2ca11e90d25753b2d3a90f4788f6399e22442cd7774b7db8a7,ac00f5a6cc515ee204f0efb49027ee6d0c7d0670c04d0e1f7de1c6f371126339,"{""label"":""1"",""statement"":""William Sturgeon did not live in Germany.""}",William Sturgeon did not live in Germany.,46d0687e472d81649eae31b608e985d2b377583f5b3bd550c9c79dcb2bc3c4bf,1,inventors,negated,William Sturgeon,entity_32ca924a1a4c3c943a2e48ae03d15f82a3fa5a9b9f15036ad4a01e18b6eb9cee,train,outer_train,inventors:217,Germany,"[""Germany""]",entity_32ca924a1a4c3c943a2e48ae03d15f82a3fa5a9b9f15036ad4a01e18b6eb9cee,admitted,[],[],[],provisional,admitted,[],[],candidate_pending_review_not_production,admitted,,candidate_pending_review_not_production
neg_inventors:45,neg_inventors,45,46,data/tiu_datasets/neg_inventors.csv,f275742ae02a1d2ca11e90d25753b2d3a90f4788f6399e22442cd7774b7db8a7,f38843b613016f4b86292efc2970c7dbc50e94945074550a7a604f67e572b2ee,"{""label"":""0"",""statement"":""John Atanasoff did not live in the U.S.""}",John Atanasoff did not live in the U.S.,dd23df9077c12bb39555c69de9737f8b8f5b8831e5e10c7f1bfc847118786c47,0,inventors,negated,John Atanasoff,entity_28e64e5d291b3a8c94c8a3d51f62aaeffe7501d40011b5f855fd4796a2f273a9,train,outer_train,inventors:45,the U.S,"[""United States""]",entity_28e64e5d291b3a8c94c8a3d51f62aaeffe7501d40011b5f855fd4796a2f273a9,admitted,[],[],[],provisional,admitted,[],[],candidate_pending_review_not_production,admitted,,candidate_pending_review_not_production
neg_inventors:7,neg_inventors,7,8,data/tiu_datasets/neg_inventors.csv,f275742ae02a1d2ca11e90d25753b2d3a90f4788f6399e22442cd7774b7db8a7,065a6926c25f50d2a124853b670b044e73b61838d57de4408c641fa0f4b57e67,"{""label"":""1"",""statement"":""Marvin Camras did not live in France.""}",Marvin Camras did not live in France.,9cb9e47cb8f4babf0ba6be7ccac321df81bd2a0510950748538ff780b2759a1b,1,inventors,negated,Marvin Camras,entity_68d55da7ce3fe99b98754c7aa9a94c1ae2d32f2a6ed7d6a65e1df8efe2b42549,train,outer_train,inventors:7,France,"[""France""]",entity_68d55da7ce3fe99b98754c7aa9a94c1ae2d32f2a6ed7d6a65e1df8efe2b42549,admitted,[],[],[],provisional,admitted,[],[],candidate_pending_review_not_production,admitted,,candidate_pending_review_not_production
neg_inventors:290,neg_inventors,290,291,data/tiu_datasets/neg_inventors.csv,f275742ae02a1d2ca11e90d25753b2d3a90f4788f6399e22442cd7774b7db8a7,55675e4a972c4d7d1e81018ba4738ca2a2c6c1c16e16706f0de1460d044bb0c9,"{""label"":""1"",""statement"":""Samuel Fox did not live in France.""}",Samuel Fox did not live in France.,b8bbadd9f5f4b914b2e8cc95103dd31c7689a9fb71f725e5111eb92f0c24ccba,1,inventors,negated,Samuel Fox,entity_5e9a51e451360ddad4b64f7e0ee5aa612bf0999c4e510d6783ed9afe5ab944fa,train,outer_train,inventors:290,France,"[""France""]",entity_5e9a51e451360ddad4b64f7e0ee5aa612bf0999c4e510d6783ed9afe5ab944fa,admitted,[],[],[],provisional,admitted,[],[],candidate_pending_review_not_production,admitted,,candidate_pending_review_not_production
neg_inventors:305,neg_inventors,305,306,data/tiu_datasets/neg_inventors.csv,f275742ae02a1d2ca11e90d25753b2d3a90f4788f6399e22442cd7774b7db8a7,f1e801f90f2244fec12e993ab7241a266d1781aa057ad7489a1e211fa75081d5,"{""label"":""0"",""statement"":""Charles Townes did not live in the U.S.""}",Charles Townes did not live in the U.S.,cb18c61f8f28107d8027def137c7c9ebef05373671cba99fcd8c0a2fea0d237b,0,inventors,negated,Charles Townes,entity_32cd536dc933504c11fed6dbba34afe89cd0552403f90f9abeb4a48f27c8f880,train,outer_train,inventors:305,the U.S,"[""United States""]",entity_32cd536dc933504c11fed6dbba34afe89cd0552403f90f9abeb4a48f27c8f880,admitted,[],[],[],provisional,admitted,[],[],candidate_pending_review_not_production,admitted,,candidate_pending_review_not_production
neg_inventors:342,neg_inventors,342,343,data/tiu_datasets/neg_inventors.csv,f275742ae02a1d2ca11e90d25753b2d3a90f4788f6399e22442cd7774b7db8a7,fdedddb95d21f9631383d6eebd57c20c319c2cd1f0210b66e3c330f9ab9e1a05,"{""label"":""1"",""statement"":""Christopher Cockerell did not live in France.""}",Christopher Cockerell did not live in France.,6f62aff8bc9b076b0bc3672ee6d4e79132f3942c2dc18efba47ec3d3f8ec243e,1,inventors,negated,Christopher Cockerell,entity_1a2f2aa449e7c761fc5276e83390842585b202b75823fdf281c5c6b70478d851,train,outer_train,inventors:342,France,"[""France""]",entity_1a2f2aa449e7c761fc5276e83390842585b202b75823fdf281c5c6b70478d851,admitted,[],[],[],provisional,admitted,[],[],candidate_pending_review_not_production,admitted,,candidate_pending_review_not_production
neg_inventors:159,neg_inventors,159,160,data/tiu_datasets/neg_inventors.csv,f275742ae02a1d2ca11e90d25753b2d3a90f4788f6399e22442cd7774b7db8a7,618370dbfb5dddbf3840acc9d7f0a855290e77885907d9f7a270dc408a7ae96c,"{""label"":""0"",""statement"":""Mary Anderson did not live in the U.S.""}",Mary Anderson did not live in the U.S.,c5792fd37016609d2cb1152bf78a2c5b920aa471e165aa5366f838e783955570,0,inventors,negated,Mary Anderson,entity_9fd14c2fd47da547890e7c03b37b712421463c575791d659796129d32ed3de9c,train,outer_train,inventors:159,the U.S,"[""United States""]",entity_9fd14c2fd47da547890e7c03b37b712421463c575791d659796129d32ed3de9c,admitted,[],[],[],provisional,admitted,[],[],candidate_pending_review_not_production,admitted,,candidate_pending_review_not_production
neg_inventors:120,neg_inventors,120,121,data/tiu_datasets/neg_inventors.csv,f275742ae02a1d2ca11e90d25753b2d3a90f4788f6399e22442cd7774b7db8a7,6aef0857af2f2f11d7111d003d43b083b0b7b8446e35530c3e44dc48b9809928,"{""label"":""0"",""statement"":""Valdemar Poulsen did not live in Denmark.""}",Valdemar Poulsen did not live in Denmark.,d2f96617489b534a8461aa0d60f334d175cc48da3a63cc2a9deaf70e93cd9cc7,0,inventors,negated,Valdemar Poulsen,entity_482e5a3e48b682ff44d0f93444fe316d11312bc7e460fbe9664dd083e0223ff1,train,outer_train,inventors:120,Denmark,"[""Denmark""]",entity_482e5a3e48b682ff44d0f93444fe316d11312bc7e460fbe9664dd083e0223ff1,admitted,[],[],[],provisional,admitted,[],[],candidate_pending_review_not_production,admitted,,candidate_pending_review_not_production
neg_inventors:311,neg_inventors,311,312,data/tiu_datasets/neg_inventors.csv,f275742ae02a1d2ca11e90d25753b2d3a90f4788f6399e22442cd7774b7db8a7,ff682eabfadc91fe1ae6d973894e4822cf85d9400b870dcb07125956dd32a7b8,"{""label"":""1"",""statement"":""Reginald Fessenden did not live in the U.K.""}",Reginald Fessenden did not live in the U.K.,c542e06b3d63985e5e5480b37a6bf472cbaee32e465fba755370799ef46206b2,1,inventors,negated,Reginald Fessenden,entity_648cc769ef46f12124cad6cfbb5560de64cd5a5e8c61ed5a2384b9f66103c5cb,train,outer_train,inventors:311,the U.K,"[""United Kingdom""]",entity_648cc769ef46f12124cad6cfbb5560de64cd5a5e8c61ed5a2384b9f66103c5cb,admitted,[],[],[],provisional,admitted,[],[],candidate_pending_review_not_production,admitted,,candidate_pending_review_not_production
neg_inventors:380,neg_inventors,380,381,data/tiu_datasets/neg_inventors.csv,f275742ae02a1d2ca11e90d25753b2d3a90f4788f6399e22442cd7774b7db8a7,b4be90632391aa0135092bfe7bb90aa0a99a31bb43b5f003157cb3e532f10aeb,"{""label"":""0"",""statement"":""Nikolay Slavyanov did not live in Russia.""}",Nikolay Slavyanov did not live in Russia.,50d8eddabe73cc0a8ff7128fe5ec122576ec4d5a1666958e23579f5c83d4c785,0,inventors,negated,Nikolay Slavyanov,entity_a156cfb5b11123b77d020d78ec914d1d4d8d3996b8e52b94780b86fac48cc036,train,outer_train,inventors:380,Russia,"[""Russia""]",entity_a156cfb5b11123b77d020d78ec914d1d4d8d3996b8e52b94780b86fac48cc036,admitted,[],[],[],provisional,admitted,[],[],candidate_pending_review_not_production,admitted,,candidate_pending_review_not_production
neg_inventors:215,neg_inventors,215,216,data/tiu_datasets/neg_inventors.csv,f275742ae02a1d2ca11e90d25753b2d3a90f4788f6399e22442cd7774b7db8a7,b018b4e3971f1f81511f3054ba00d4c2c444e2804a418b1b08fc8fe2d33c0a4e,"{""label"":""0"",""statement"":""Gottlieb Daimler did not live in Germany.""}",Gottlieb Daimler did not live in Germany.,404db09c136f1a2860cca3995f35706639da838f02298251ccbbf7f58c3a85b5,0,inventors,negated,Gottlieb Daimler,entity_f7a815593f2680dbab6896fcd5764e4a22238bd070d6c79d22b6e96526d6377a,train,outer_train,inventors:215,Germany,"[""Germany""]",entity_f7a815593f2680dbab6896fcd5764e4a22238bd070d6c79d22b6e96526d6377a,admitted,[],[],[],provisional,admitted,[],[],candidate_pending_review_not_production,admitted,,candidate_pending_review_not_production
neg_inventors:221,neg_inventors,221,222,data/tiu_datasets/neg_inventors.csv,f275742ae02a1d2ca11e90d25753b2d3a90f4788f6399e22442cd7774b7db8a7,f5a6bcdbdf284336d863d6d48886c6d1d3193849c0697ff3995630fd085a48e8,"{""label"":""1"",""statement"":""William Kelly did not live in France.""}",William Kelly did not live in France.,95ccd379733743caa525efccd0476820f5ab0cd536ef09271fac95fbd0d6b2f4,1,inventors,negated,William Kelly,entity_8f4964307974c4b8cc22a1944f7e0405dd5b4a3a31123a6b3240c0defd07e60c,train,outer_train,inventors:221,France,"[""France""]",entity_8f4964307974c4b8cc22a1944f7e0405dd5b4a3a31123a6b3240c0defd07e60c,admitted,[],[],[],provisional,admitted,[],[],candidate_pending_review_not_production,admitted,,candidate_pending_review_not_production
neg_inventors:39,neg_inventors,39,40,data/tiu_datasets/neg_inventors.csv,f275742ae02a1d2ca11e90d25753b2d3a90f4788f6399e22442cd7774b7db8a7,bb271dfd0a4bf9aa14e7f367041d126b4613e40cb4358bd0029e362a15081279,"{""label"":""1"",""statement"":""Paul Gottlieb Nipkow did not live in Denmark.""}",Paul Gottlieb Nipkow did not live in Denmark.,487729c7f0fad07776e310c3b096f98967db1048dc67538519a7d20b6bfdf9a0,1,inventors,negated,Paul Gottlieb Nipkow,entity_d555076aae9c496b1c8fbf94ec9e5351c5204ca20cad98f9e8e4191dc14874e7,train,outer_train,inventors:39,Denmark,"[""Denmark""]",entity_d555076aae9c496b1c8fbf94ec9e5351c5204ca20cad98f9e8e4191dc14874e7,admitted,[],[],[],provisional,admitted,[],[],candidate_pending_review_not_production,admitted,,candidate_pending_review_not_production
neg_inventors:121,neg_inventors,121,122,data/tiu_datasets/neg_inventors.csv,f275742ae02a1d2ca11e90d25753b2d3a90f4788f6399e22442cd7774b7db8a7,d26a4bb40abca7091a9de929158436f8110b0d1ee1363fa136de4e8946e755e7,"{""label"":""1"",""statement"":""James Murray Spangler did not live in the U.K.""}",James Murray Spangler did not live in the U.K.,3086e1e3b9e3d704d3bdeb6dd6ad26a6e04ed612c369174e076e79804b693a94,1,inventors,negated,James Murray Spangler,entity_831706aa554f0314dbd07966ce512cb26a0462830465b7342bac1be64ef5548f,train,outer_train,inventors:121,the U.K,"[""United Kingdom""]",entity_831706aa554f0314dbd07966ce512cb26a0462830465b7342bac1be64ef5548f,admitted,[],[],[],provisional,admitted,[],[],candidate_pending_review_not_production,admitted,,candidate_pending_review_not_production
neg_inventors:83,neg_inventors,83,84,data/tiu_datasets/neg_inventors.csv,f275742ae02a1d2ca11e90d25753b2d3a90f4788f6399e22442cd7774b7db8a7,8e177f60cf92e2984766088618ce32295e678dca1fa10ea493a64107b5c958bc,"{""label"":""1"",""statement"":""Carlos Glidden did not live in Scotland.""}",Carlos Glidden did not live in Scotland.,6f980184b1320be3ff836bcb5f694766b497b20b0046ecd9df441e17a9fd380d,1,inventors,negated,Carlos Glidden,entity_b7e5f40dbeee41816987957715c25f05ec657b6579e9968d73e05ebb2fef08b6,train,outer_train,inventors:83,Scotland,"[""Scotland""]",entity_b7e5f40dbeee41816987957715c25f05ec657b6579e9968d73e05ebb2fef08b6,admitted,[],[],[],provisional,admitted,[],[],candidate_pending_review_not_production,admitted,,candidate_pending_review_not_production
neg_inventors:112,neg_inventors,112,113,data/tiu_datasets/neg_inventors.csv,f275742ae02a1d2ca11e90d25753b2d3a90f4788f6399e22442cd7774b7db8a7,622fe1d0d787dfb0eb70321661ade662117cf8a6b77a1880214bb2c3828653ed,"{""label"":""0"",""statement"":""Alan Turing did not live in the U.K.""}",Alan Turing did not live in the U.K.,bfb99c31fc96986259a0a257c99068876d0bb42aee0ae93c4649de6d2351c71e,0,inventors,negated,Alan Turing,entity_dbb029820d24da086e2bbc3f3c81704f835e658cf3757b0e2a2d1c86278b71ff,train,outer_train,inventors:112,the U.K,"[""United Kingdom""]",entity_dbb029820d24da086e2bbc3f3c81704f835e658cf3757b0e2a2d1c86278b71ff,admitted,[],[],[],provisional,admitted,[],[],candidate_pending_review_not_production,admitted,,candidate_pending_review_not_production
neg_inventors:229,neg_inventors,229,230,data/tiu_datasets/neg_inventors.csv,f275742ae02a1d2ca11e90d25753b2d3a90f4788f6399e22442cd7774b7db8a7,02816c134cfebb82246e6a18465959642b4d705a3db2cd9c76065446127f930b,"{""label"":""0"",""statement"":""George Devol did not live in the U.S.""}",George Devol did not live in the U.S.,fb75d3a22b66e0c563ddb6a6e5600d80f8897a98145b351733e3f55b5ce62160,0,inventors,negated,George Devol,entity_0d0dde3507f35b7e3fb7ba54ac99e4a74894162c0102be276715d517afb30501,train,outer_train,inventors:229,the U.S,"[""United States""]",entity_0d0dde3507f35b7e3fb7ba54ac99e4a74894162c0102be276715d517afb30501,admitted,[],[],[],provisional,admitted,[],[],candidate_pending_review_not_production,admitted,,candidate_pending_review_not_production
neg_inventors:47,neg_inventors,47,48,data/tiu_datasets/neg_inventors.csv,f275742ae02a1d2ca11e90d25753b2d3a90f4788f6399e22442cd7774b7db8a7,f15af94ca2ac69f0ab3642c68cf43807328735d4259ab9bec224ab871cefd3fb,"{""label"":""0"",""statement"":""Sir Sandford Fleming did not live in Canada.""}",Sir Sandford Fleming did not live in Canada.,aa341ea69c7a44933206ed4c6e8c1c8b2ee5505f08c20d8b5332eae41f120dbf,0,inventors,negated,Sir Sandford Fleming,entity_3bd09da47a502837d3f4306d23e848f902c10d926e41c511c543001ff57ddc2c,train,outer_train,inventors:47,Canada,"[""Canada""]",entity_3bd09da47a502837d3f4306d23e848f902c10d926e41c511c543001ff57ddc2c,admitted,[],[],[],provisional,admitted,[],[],candidate_pending_review_not_production,admitted,,candidate_pending_review_not_production
neg_inventors:374,neg_inventors,374,375,data/tiu_datasets/neg_inventors.csv,f275742ae02a1d2ca11e90d25753b2d3a90f4788f6399e22442cd7774b7db8a7,2dfac45389951d79e533445546e1a49af5a4deb45812151883cd4d700b7d17f1,"{""label"":""0"",""statement"":""Frederick G. Creed did not live in Canada.""}",Frederick G. Creed did not live in Canada.,85b62166eb4b3d3685a85ebcceda08ebc994a93ff9c67fa4d70dec5b382f8421,0,inventors,negated,Frederick G. Creed,entity_6c538714f9589781a35a32ac7de0ca2d87e13f3e096c469b5a1ee164600b2705,train,outer_train,inventors:374,Canada,"[""Canada""]",entity_6c538714f9589781a35a32ac7de0ca2d87e13f3e096c469b5a1ee164600b2705,admitted,[],[],[],provisional,admitted,[],[],candidate_pending_review_not_production,admitted,,candidate_pending_review_not_production
neg_inventors:170,neg_inventors,170,171,data/tiu_datasets/neg_inventors.csv,f275742ae02a1d2ca11e90d25753b2d3a90f4788f6399e22442cd7774b7db8a7,c96d929ae140e959ecef133d1dbd6a96b7a940e76081c72f7eb8b9f0f2ca4fa4,"{""label"":""0"",""statement"":""Garrett Morgan did not live in the U.S.""}",Garrett Morgan did not live in the U.S.,e200af9308eeb2a2cf64aa97cd83060ba9d4d406dc0388f28e9c16f757d3ca07,0,inventors,negated,Garrett Morgan,entity_8b73a960160a4ae9f6ede829c93c1f499995471513147dc548941369cc6a50bb,train,outer_train,inventors:170,the U.S,"[""United States""]",entity_8b73a960160a4ae9f6ede829c93c1f499995471513147dc548941369cc6a50bb,admitted,[],[],[],provisional,admitted,[],[],candidate_pending_review_not_production,admitted,,candidate_pending_review_not_production
neg_inventors:298,neg_inventors,298,299,data/tiu_datasets/neg_inventors.csv,f275742ae02a1d2ca11e90d25753b2d3a90f4788f6399e22442cd7774b7db8a7,a179a9be38b665313b4e76cb324892ceae4447015a9958da82f849a6452a2432,"{""label"":""0"",""statement"":""Linus Torvalds did not live in Finland.""}",Linus Torvalds did not live in Finland.,9a413832bc5e7935f60882b820e47e4401104e0b2ccee874caf4c2c8835f328a,0,inventors,negated,Linus Torvalds,entity_7f5fe6fb86bf747d53506321a81af7d51f9b13fe9a2c9b0f503315750cb1e75c,train,outer_train,inventors:298,Finland,"[""Finland""]",entity_7f5fe6fb86bf747d53506321a81af7d51f9b13fe9a2c9b0f503315750cb1e75c,admitted,[],[],[],provisional,admitted,[],[],candidate_pending_review_not_production,admitted,,candidate_pending_review_not_production
neg_inventors:388,neg_inventors,388,389,data/tiu_datasets/neg_inventors.csv,f275742ae02a1d2ca11e90d25753b2d3a90f4788f6399e22442cd7774b7db8a7,631c956ab008d6be081111a34ba7ed13f7dc23e1e8e03eb8604010072297f6c1,"{""label"":""0"",""statement"":""Zhores Alferov did not live in Russia.""}",Zhores Alferov did not live in Russia.,c6f1b344cf845ab378a34c5e091320e3671be5d6bde5661dd27f718c42a28051,0,inventors,negated,Zhores Alferov,entity_12f1081d323af990453d0e32688ea16f110fecb35a0095e3071681717742639f,train,outer_train,inventors:388,Russia,"[""Russia""]",entity_12f1081d323af990453d0e32688ea16f110fecb35a0095e3071681717742639f,admitted,[],[],[],provisional,admitted,[],[],candidate_pending_review_not_production,admitted,,candidate_pending_review_not_production
neg_inventors:370,neg_inventors,370,371,data/tiu_datasets/neg_inventors.csv,f275742ae02a1d2ca11e90d25753b2d3a90f4788f6399e22442cd7774b7db8a7,f92376a3a734a2ed052d99c0838696267a6a9c5f59289ad1224c6ad430d3b2d0,"{""label"":""1"",""statement"":""Bartolomeo Cristofori did not live in the U.S.""}",Bartolomeo Cristofori did not live in the U.S.,b9551a48ac676af27fca7255c9cf2f1de360f1617b53daf2f3ee27993e5530aa,1,inventors,negated,Bartolomeo Cristofori,entity_03a350a0ce7415f7e8672d344046f2e276f263693add65c1b1a43c9740f9af16,train,outer_train,inventors:370,the U.S,"[""United States""]",entity_03a350a0ce7415f7e8672d344046f2e276f263693add65c1b1a43c9740f9af16,admitted,[],[],[],provisional,admitted,[],[],candidate_pending_review_not_production,admitted,,candidate_pending_review_not_production
neg_inventors:142,neg_inventors,142,143,data/tiu_datasets/neg_inventors.csv,f275742ae02a1d2ca11e90d25753b2d3a90f4788f6399e22442cd7774b7db8a7,84b647c5e52b8e10556e1c68b4c6888cc63fac33e23a058bc74ffc5eaa10f3c8,"{""label"":""0"",""statement"":""Orville and Wilbur Wright did not live in the U.S.""}",Orville and Wilbur Wright did not live in the U.S.,c051f48d54f13647619962af3901e32adc750730251f69f180c88de547103bfe,0,inventors,negated,Orville and Wilbur Wright,entity_dcd9fb13a7009b2b33137585ed649a77b51878248c0d2924d140684e880e81ad,train,outer_train,inventors:142,the U.S,"[""United States""]",entity_dcd9fb13a7009b2b33137585ed649a77b51878248c0d2924d140684e880e81ad,admitted,[],[],[],provisional,admitted,[],[],candidate_pending_review_not_production,admitted,,candidate_pending_review_not_production
neg_inventors:353,neg_inventors,353,354,data/tiu_datasets/neg_inventors.csv,f275742ae02a1d2ca11e90d25753b2d3a90f4788f6399e22442cd7774b7db8a7,1da8d868c6996f50955e4ebc228bdfc446ff0ad77977144aa6cf344b977f3213,"{""label"":""0"",""statement"":""James Murray Spangler did not live in the U.S.""}",James Murray Spangler did not live in the U.S.,cb1f5137c391bc1f7703d95d3221580af5dbb809fe74d62250027e116020f1bd,0,inventors,negated,James Murray Spangler,entity_831706aa554f0314dbd07966ce512cb26a0462830465b7342bac1be64ef5548f,train,outer_train,inventors:353,the U.S,"[""United States""]",entity_831706aa554f0314dbd07966ce512cb26a0462830465b7342bac1be64ef5548f,admitted,[],[],[],provisional,admitted,[],[],candidate_pending_review_not_production,admitted,,candidate_pending_review_not_production
neg_inventors:360,neg_inventors,360,361,data/tiu_datasets/neg_inventors.csv,f275742ae02a1d2ca11e90d25753b2d3a90f4788f6399e22442cd7774b7db8a7,5de6f2bd92fc41be5816a555a99cd1a6740a9bcca5dcedf59b782fee129271f4,"{""label"":""1"",""statement"":""George de Mestral did not live in Canada.""}",George de Mestral did not live in Canada.,9b9407df193a95dd3da09683466c7ff3dc85f31889ceac07b6638c4ac44954d8,1,inventors,negated,George de Mestral,entity_286d104c7c6961210bb320b1e924a0bd426bed45228d66ae0be58dee17a8cadd,train,outer_train,inventors:360,Canada,"[""Canada""]",entity_286d104c7c6961210bb320b1e924a0bd426bed45228d66ae0be58dee17a8cadd,admitted,[],[],[],provisional,admitted,[],[],candidate_pending_review_not_production,admitted,,candidate_pending_review_not_production
neg_inventors:78,neg_inventors,78,79,data/tiu_datasets/neg_inventors.csv,f275742ae02a1d2ca11e90d25753b2d3a90f4788f6399e22442cd7774b7db8a7,089aea26f7ae5e24c05e5017ad7d6a11c551650465ab3d99c50abfe931fae99a,"{""label"":""0"",""statement"":""Frank Bunker Gilbreth did not live in the U.S.""}",Frank Bunker Gilbreth did not live in the U.S.,9ddec655ddd05ebacb037655b21b081ec5d56bc3b9a1a544e6099964d2958722,0,inventors,negated,Frank Bunker Gilbreth,entity_9a5cc522c464ad73e9e4dcacbada81be0e38165fea30ffd9b18b518212b9e133,train,outer_train,inventors:78,the U.S,"[""United States""]",entity_9a5cc522c464ad73e9e4dcacbada81be0e38165fea30ffd9b18b518212b9e133,admitted,[],[],[],provisional,admitted,[],[],candidate_pending_review_not_production,admitted,,candidate_pending_review_not_production
neg_inventors:230,neg_inventors,230,231,data/tiu_datasets/neg_inventors.csv,f275742ae02a1d2ca11e90d25753b2d3a90f4788f6399e22442cd7774b7db8a7,b300aeba68cb0feef30b2f3ce51039fad9b30da8b0c4a948665ff69920fa037c,"{""label"":""0"",""statement"":""Igor Tamm did not live in Russia.""}",Igor Tamm did not live in Russia.,8237e1f7141791d3a02c4fe2c74771e9cf7e2f60a105f480665f7ed49d54ab2d,0,inventors,negated,Igor Tamm,entity_24e9b16a61afee3daacd4ed55cc1655295d4ddf85e9c02dd6e7b5d83c75261bf,train,outer_train,inventors:230,Russia,"[""Russia""]",entity_24e9b16a61afee3daacd4ed55cc1655295d4ddf85e9c02dd6e7b5d83c75261bf,admitted,[],[],[],provisional,admitted,[],[],candidate_pending_review_not_production,admitted,,candidate_pending_review_not_production
neg_inventors:130,neg_inventors,130,131,data/tiu_datasets/neg_inventors.csv,f275742ae02a1d2ca11e90d25753b2d3a90f4788f6399e22442cd7774b7db8a7,1ee2899465edd08a112b8a1c749f3f9cc4dc307f1bf19b72d0cde8f5c2d1355a,"{""label"":""0"",""statement"":""Ami Argand did not live in Switzerland.""}",Ami Argand did not live in Switzerland.,a6e816afbd25d8e245812341d9be24cbab10e432b8c68db375dbb28ad913267e,0,inventors,negated,Ami Argand,entity_7e1ac3ec55a6dd8156614391e664c58d64ef348f6824841ad3e8f5b7d14a23e9,train,outer_train,inventors:130,Switzerland,"[""Switzerland""]",entity_7e1ac3ec55a6dd8156614391e664c58d64ef348f6824841ad3e8f5b7d14a23e9,admitted,[],[],[],provisional,admitted,[],[],candidate_pending_review_not_production,admitted,,candidate_pending_review_not_production
neg_inventors:187,neg_inventors,187,188,data/tiu_datasets/neg_inventors.csv,f275742ae02a1d2ca11e90d25753b2d3a90f4788f6399e22442cd7774b7db8a7,f23a656ea1a69ec40419efe32d5cb37ef572b6e2ed7481ce44efb74883a76764,"{""label"":""0"",""statement"":""Robert Chesebrough did not live in the U.S.""}",Robert Chesebrough did not live in the U.S.,52c371bb4ec0b9d40c1911a7317d73cfa4da94d49821dfab495409beedcf0007,0,inventors,negated,Robert Chesebrough,entity_cb4b5b08ecb0d3f8fe0880e5249fa86b7c9bdcdcdb631db60f1e9a8125271b7c,train,outer_train,inventors:187,the U.S,"[""United States""]",entity_cb4b5b08ecb0d3f8fe0880e5249fa86b7c9bdcdcdb631db60f1e9a8125271b7c,admitted,[],[],[],provisional,admitted,[],[],candidate_pending_review_not_production,admitted,,candidate_pending_review_not_production
neg_inventors:31,neg_inventors,31,32,data/tiu_datasets/neg_inventors.csv,f275742ae02a1d2ca11e90d25753b2d3a90f4788f6399e22442cd7774b7db8a7,0c36703ea1fcbd0fa8fdb108c75189625397598018019f7ef2744d1ded02ca73,"{""label"":""0"",""statement"":""Narinder Singh Kapany did not live in India.""}",Narinder Singh Kapany did not live in India.,e84d89448e3c85421c1110dcba390dfdab8aa0c4bdb87ad68672ae1ffa90b7d3,0,inventors,negated,Narinder Singh Kapany,entity_93cb0a94bca9f578a305514ae91b08e5b92b349e0c7a24dfae92939e9931c52c,train,outer_train,inventors:31,India,"[""India""]",entity_93cb0a94bca9f578a305514ae91b08e5b92b349e0c7a24dfae92939e9931c52c,admitted,[],[],[],provisional,admitted,[],[],candidate_pending_review_not_production,admitted,,candidate_pending_review_not_production
neg_inventors:28,neg_inventors,28,29,data/tiu_datasets/neg_inventors.csv,f275742ae02a1d2ca11e90d25753b2d3a90f4788f6399e22442cd7774b7db8a7,f11f1811d2b6575f0044d2c7b7cfdebefb84e35f06692efa36569477f5122337,"{""label"":""1"",""statement"":""Ferdinand Carré did not live in the U.S.""}",Ferdinand Carré did not live in the U.S.,76298d37d29faf01cc425d90b51f0c8c27537a5ca830d8842b516f745358ac14,1,inventors,negated,Ferdinand Carré,entity_1c08972b7a7e540fb698af9bfde88a4655008f24ea2ebbf23e1b89e26c198fe3,train,outer_train,inventors:28,the U.S,"[""United States""]",entity_1c08972b7a7e540fb698af9bfde88a4655008f24ea2ebbf23e1b89e26c198fe3,admitted,[],[],[],provisional,admitted,[],[],candidate_pending_review_not_production,admitted,,candidate_pending_review_not_production
neg_inventors:361,neg_inventors,361,362,data/tiu_datasets/neg_inventors.csv,f275742ae02a1d2ca11e90d25753b2d3a90f4788f6399e22442cd7774b7db8a7,777987533d6c0af739b8b1b59ccba0ebd821c6c1ce151e1c3b0d821193956197,"{""label"":""1"",""statement"":""Sir Charles Parsons did not live in the U.S.""}",Sir Charles Parsons did not live in the U.S.,7a17fab401b157511d9d39084c509af9ca42056ef3c7313806bd5a019122c3a1,1,inventors,negated,Sir Charles Parsons,entity_193f4e1b01adb117c03ef2f4ca937cfac4b60ba1d3f21baa64e811cccb638d06,train,outer_train,inventors:361,the U.S,"[""United States""]",entity_193f4e1b01adb117c03ef2f4ca937cfac4b60ba1d3f21baa64e811cccb638d06,admitted,[],[],[],provisional,admitted,[],[],candidate_pending_review_not_production,admitted,,candidate_pending_review_not_production
neg_inventors:98,neg_inventors,98,99,data/tiu_datasets/neg_inventors.csv,f275742ae02a1d2ca11e90d25753b2d3a90f4788f6399e22442cd7774b7db8a7,9489a5ced2acdba958989e7e0cbd44cdd9b737ee5c875ef92f14e58bd0b2826c,"{""label"":""0"",""statement"":""Gordon Gould did not live in the U.S.""}",Gordon Gould did not live in the U.S.,63e87e1ffc7314dbf5576a36063eb996c235b8dd2669527d34f66a8e9daddcf9,0,inventors,negated,Gordon Gould,entity_cf647d3f529b9389aadce3ebd5162e75620bf231b5310d91f0e408331772ef45,train,outer_train,inventors:98,the U.S,"[""United States""]",entity_cf647d3f529b9389aadce3ebd5162e75620bf231b5310d91f0e408331772ef45,admitted,[],[],[],provisional,admitted,[],[],candidate_pending_review_not_production,admitted,,candidate_pending_review_not_production
neg_inventors:330,neg_inventors,330,331,data/tiu_datasets/neg_inventors.csv,f275742ae02a1d2ca11e90d25753b2d3a90f4788f6399e22442cd7774b7db8a7,86a0ae14c8c8b25306a089e44e52d0eac3ce31b9346aa4d18c99c9f78f72ff74,"{""label"":""1"",""statement"":""Charles Francis Jenkins did not live in Germany.""}",Charles Francis Jenkins did not live in Germany.,4df4cbc5493054130230aaea8c662f5364e64e0abe0607597b386395b04d8c87,1,inventors,negated,Charles Francis Jenkins,entity_2a1e667a5e632b81776f99a1c00c92c007ac583adb05c5c87739075510b708eb,train,outer_train,inventors:330,Germany,"[""Germany""]",entity_2a1e667a5e632b81776f99a1c00c92c007ac583adb05c5c87739075510b708eb,admitted,[],[],[],provisional,admitted,[],[],candidate_pending_review_not_production,admitted,,candidate_pending_review_not_production
neg_inventors:87,neg_inventors,87,88,data/tiu_datasets/neg_inventors.csv,f275742ae02a1d2ca11e90d25753b2d3a90f4788f6399e22442cd7774b7db8a7,770421b7da54f8859d3c21d0cde25c36864665049d039732b4d00c90ed0e8eef,"{""label"":""0"",""statement"":""Edwin Link did not live in the U.S.""}",Edwin Link did not live in the U.S.,fdbded66f08e293a7e11c44ee720cfa256ef45a77057ba2ae992fd832c601e43,0,inventors,negated,Edwin Link,entity_84f6c22223e9e25b06fbfdfc0b5a44936c0d1d900314a06d362121f7675ae741,train,outer_train,inventors:87,the U.S,"[""United States""]",entity_84f6c22223e9e25b06fbfdfc0b5a44936c0d1d900314a06d362121f7675ae741,admitted,[],[],[],provisional,admitted,[],[],candidate_pending_review_not_production,admitted,,candidate_pending_review_not_production
neg_inventors:124,neg_inventors,124,125,data/tiu_datasets/neg_inventors.csv,f275742ae02a1d2ca11e90d25753b2d3a90f4788f6399e22442cd7774b7db8a7,57d6d021e253137c588506f7577b38f0f1954ae3dd9d88790db51055dbeef158,"{""label"":""0"",""statement"":""Philo Farnsworth did not live in the U.S.""}",Philo Farnsworth did not live in the U.S.,6df480df65ed9ba16a73aebf779bb9a16da0a0de5e14f631652bb198912fbed9,0,inventors,negated,Philo Farnsworth,entity_1f57d9991e70f587c2192a87350da1cadb6fdf1bfc6e637c4917357cb6d82625,train,outer_train,inventors:124,the U.S,"[""United States""]",person_36252372c959143c714bebcea02058b6ece7591e1ad9f988832c4ff55e39edeb,admitted,[],[],[],provisional,admitted,[],[],candidate_pending_review_not_production,admitted,,candidate_pending_review_not_production
neg_inventors:171,neg_inventors,171,172,data/tiu_datasets/neg_inventors.csv,f275742ae02a1d2ca11e90d25753b2d3a90f4788f6399e22442cd7774b7db8a7,306f25e582fc055fc89129535bbf6f7465a4da1634c644fa1297ef091c0cd389,"{""label"":""1"",""statement"":""Richard Trevithick did not live in the U.S.""}",Richard Trevithick did not live in the U.S.,756c15dec52a360ee063dea2c52d2383bf3e68da2df9e5e51ccf85f916f1bd56,1,inventors,negated,Richard Trevithick,entity_51dd0f9ea9f05981b54484d85cba4e5f5080cda26f67ecd2f35acd739917e366,train,outer_train,inventors:171,the U.S,"[""United States""]",entity_51dd0f9ea9f05981b54484d85cba4e5f5080cda26f67ecd2f35acd739917e366,admitted,[],[],[],provisional,admitted,[],[],candidate_pending_review_not_production,admitted,,candidate_pending_review_not_production
neg_inventors:182,neg_inventors,182,183,data/tiu_datasets/neg_inventors.csv,f275742ae02a1d2ca11e90d25753b2d3a90f4788f6399e22442cd7774b7db8a7,bbddafcd638201709ce012344e127d0fe6ff51cb1f6ed8c40ea322f5937967bf,"{""label"":""1"",""statement"":""Edouard Benedictus did not live in the U.S.""}",Edouard Benedictus did not live in the U.S.,b769e4e3e69f4d4fcc8e9ced1845d2b75e7450b2e55391cbbdeec48ea0426e65,1,inventors,negated,Edouard Benedictus,entity_d6fe1351fd22178cfda129b2ed29de0890584483146a6e930d5210754d74ee91,train,outer_train,inventors:182,the U.S,"[""United States""]",entity_d6fe1351fd22178cfda129b2ed29de0890584483146a6e930d5210754d74ee91,admitted,[],[],[],provisional,admitted,[],[],candidate_pending_review_not_production,admitted,,candidate_pending_review_not_production
neg_inventors:55,neg_inventors,55,56,data/tiu_datasets/neg_inventors.csv,f275742ae02a1d2ca11e90d25753b2d3a90f4788f6399e22442cd7774b7db8a7,82625c901ca95afd024a681daf6c5dffaef9a411bb2617867379ba397087a12d,"{""label"":""0"",""statement"":""Joseph-Armand Bombardier did not live in Canada.""}",Joseph-Armand Bombardier did not live in Canada.,534e30c0d7365026b6e23ca1f0daad3d615479cbfbef9991307dda8c25c7a219,0,inventors,negated,Joseph-Armand Bombardier,entity_6543d090d25441c2afc4ef382fb642d5c6c163ebde3637d9eae4631597ac1318,train,outer_train,inventors:55,Canada,"[""Canada""]",entity_6543d090d25441c2afc4ef382fb642d5c6c163ebde3637d9eae4631597ac1318,admitted,[],[],[],provisional,admitted,[],[],candidate_pending_review_not_production,admitted,,candidate_pending_review_not_production
neg_inventors:310,neg_inventors,310,311,data/tiu_datasets/neg_inventors.csv,f275742ae02a1d2ca11e90d25753b2d3a90f4788f6399e22442cd7774b7db8a7,7f1baaf67def428c43baada7fdefb7b47eafdec48e86fbc32cdf5d4a0c5860c6,"{""label"":""1"",""statement"":""Karl Landsteiner did not live in the U.K.""}",Karl Landsteiner did not live in the U.K.,5748086dc57ccefa0339e0bde6378144c7b29d45f78ad5a0e0c7a307fd10fd3d,1,inventors,negated,Karl Landsteiner,entity_241aa31960ce752aa41aff5636de469e2790ce7461e15ad0c3ee430f3d04c1ec,train,outer_train,inventors:310,the U.K,"[""United Kingdom""]",entity_241aa31960ce752aa41aff5636de469e2790ce7461e15ad0c3ee430f3d04c1ec,admitted,[],[],[],provisional,admitted,[],[],candidate_pending_review_not_production,admitted,,candidate_pending_review_not_production
neg_inventors:365,neg_inventors,365,366,data/tiu_datasets/neg_inventors.csv,f275742ae02a1d2ca11e90d25753b2d3a90f4788f6399e22442cd7774b7db8a7,5359473b74796beacc3ed87021b2999b855063b653d5d1a26d0e73532572a142,"{""label"":""0"",""statement"":""Joseph Marie Jacquard did not live in France.""}",Joseph Marie Jacquard did not live in France.,0942a092bf85459bcb6813a14e96826f202d406e2977a1ced84858912dbd8fbe,0,inventors,negated,Joseph Marie Jacquard,entity_d326429a9e19909e428d59f450bd05175d3c81ec92af6b4fa24a57be924b6380,train,outer_train,inventors:365,France,"[""France""]",entity_d326429a9e19909e428d59f450bd05175d3c81ec92af6b4fa24a57be924b6380,admitted,[],[],[],provisional,admitted,[],[],candidate_pending_review_not_production,admitted,,candidate_pending_review_not_production
neg_inventors:392,neg_inventors,392,393,data/tiu_datasets/neg_inventors.csv,f275742ae02a1d2ca11e90d25753b2d3a90f4788f6399e22442cd7774b7db8a7,1a498d2913717e799a50c264380502dcc688734e5a8014efe5e528379840aadc,"{""label"":""0"",""statement"":""John Walker did not live in the U.K.""}",John Walker did not live in the U.K.,1c5dc417bc2207add5fe1c3fceccd24034057882ce00f37e4bedaa24ed780299,0,inventors,negated,John Walker,entity_ed509071c1145375acc32adb69779c63056787175d3569540299db81bc677d80,train,outer_train,inventors:392,the U.K,"[""United Kingdom""]",entity_ed509071c1145375acc32adb69779c63056787175d3569540299db81bc677d80,admitted,[],[],[],provisional,admitted,[],[],candidate_pending_review_not_production,admitted,,candidate_pending_review_not_production
neg_inventors:175,neg_inventors,175,176,data/tiu_datasets/neg_inventors.csv,f275742ae02a1d2ca11e90d25753b2d3a90f4788f6399e22442cd7774b7db8a7,849ecfcdfd9cff0abcfa35051b963842974d1eece241fb27ead8a9fe4a91782a,"{""label"":""1"",""statement"":""Thomas Wedgwood did not live in Finland.""}",Thomas Wedgwood did not live in Finland.,eeb4c31595e7d9269b06c4ac9f1e28f941b474b39d1435b0ac50d46851834120,1,inventors,negated,Thomas Wedgwood,entity_169a162e881247a3c05dca46687f0c4875f66586a1419bbc034f0bafa3f46689,train,outer_train,inventors:175,Finland,"[""Finland""]",entity_169a162e881247a3c05dca46687f0c4875f66586a1419bbc034f0bafa3f46689,admitted,[],[],[],provisional,admitted,[],[],candidate_pending_review_not_production,admitted,,candidate_pending_review_not_production
neg_inventors:178,neg_inventors,178,179,data/tiu_datasets/neg_inventors.csv,f275742ae02a1d2ca11e90d25753b2d3a90f4788f6399e22442cd7774b7db8a7,789677546c57b94d9eb056df988335295d8bf19ef26480927e4457452f287168,"{""label"":""0"",""statement"":""George de Mestral did not live in Switzerland.""}",George de Mestral did not live in Switzerland.,97dc40be47b4fb41f97a07fefcdbf7bb94dcc229cec8f0faeaa594ceb6a3d292,0,inventors,negated,George de Mestral,entity_286d104c7c6961210bb320b1e924a0bd426bed45228d66ae0be58dee17a8cadd,train,outer_train,inventors:178,Switzerland,"[""Switzerland""]",entity_286d104c7c6961210bb320b1e924a0bd426bed45228d66ae0be58dee17a8cadd,admitted,[],[],[],provisional,admitted,[],[],candidate_pending_review_not_production,admitted,,candidate_pending_review_not_production
neg_inventors:274,neg_inventors,274,275,data/tiu_datasets/neg_inventors.csv,f275742ae02a1d2ca11e90d25753b2d3a90f4788f6399e22442cd7774b7db8a7,89cf434b5c09643577a578c8fb69539822ffaf0bbe0ada6f6fd62e3b91b566f4,"{""label"":""0"",""statement"":""Karl Benz did not live in Germany.""}",Karl Benz did not live in Germany.,b1e328d012ae42153ef8e8540e52d6ba423615078b21baefd298395c097958e7,0,inventors,negated,Karl Benz,entity_4e750be9fd62b6b52be9618bffc9f6fc617d1f3964440e2cc06ff81b38de4479,train,outer_train,inventors:274,Germany,"[""Germany""]",entity_4e750be9fd62b6b52be9618bffc9f6fc617d1f3964440e2cc06ff81b38de4479,admitted,[],[],[],provisional,admitted,[],[],candidate_pending_review_not_production,admitted,,candidate_pending_review_not_production
neg_inventors:52,neg_inventors,52,53,data/tiu_datasets/neg_inventors.csv,f275742ae02a1d2ca11e90d25753b2d3a90f4788f6399e22442cd7774b7db8a7,8f740b04a971af4f49c374409d8224dfe549de0ca4af8e4c146b053f2063c3d2,"{""label"":""0"",""statement"":""Fridtjof Nansen did not live in Norway.""}",Fridtjof Nansen did not live in Norway.,6505f1e77699f3a74d1f547376ca36d40b270fdc3aa1419ebfdb3d867382a381,0,inventors,negated,Fridtjof Nansen,entity_3686b4dee6c7632b4965f13bd49ffc8b2f169160f4d426d83697e8aa99e8df07,train,outer_train,inventors:52,Norway,"[""Norway""]",entity_3686b4dee6c7632b4965f13bd49ffc8b2f169160f4d426d83697e8aa99e8df07,admitted,[],[],[],provisional,admitted,[],[],candidate_pending_review_not_production,admitted,,candidate_pending_review_not_production
neg_inventors:292,neg_inventors,292,293,data/tiu_datasets/neg_inventors.csv,f275742ae02a1d2ca11e90d25753b2d3a90f4788f6399e22442cd7774b7db8a7,a5bf8a780dc05dd0c0859ac4ca5fbf53fcaafc0a27ad1748287e53dd95d20814,"{""label"":""0"",""statement"":""Biruté Galdikas did not live in Canada.""}",Biruté Galdikas did not live in Canada.,39a0ba850f8b88056c074f8742e15acd23e81e1660c5cb77d3a60afc7dfb8d67,0,inventors,negated,Biruté Galdikas,entity_c8b9dde7453a93ce0788711c697ed346db5afe0265d2a99e68dde8fad550111d,train,outer_train,inventors:292,Canada,"[""Canada""]",entity_c8b9dde7453a93ce0788711c697ed346db5afe0265d2a99e68dde8fad550111d,admitted,[],[],[],provisional,admitted,[],[],candidate_pending_review_not_production,admitted,,candidate_pending_review_not_production
neg_inventors:150,neg_inventors,150,151,data/tiu_datasets/neg_inventors.csv,f275742ae02a1d2ca11e90d25753b2d3a90f4788f6399e22442cd7774b7db8a7,2b90aeb3c9fb511a116c9d43dbb9e3bbf322da3bbf06cae5f746d14b93356047,"{""label"":""0"",""statement"":""Bartolomeo Cristofori did not live in Italy.""}",Bartolomeo Cristofori did not live in Italy.,28a58855b56070d0ce7b7c350c0b0e8344fc4c1c3f53cff5ac71385ad361f3ed,0,inventors,negated,Bartolomeo Cristofori,entity_03a350a0ce7415f7e8672d344046f2e276f263693add65c1b1a43c9740f9af16,train,outer_train,inventors:150,Italy,"[""Italy""]",entity_03a350a0ce7415f7e8672d344046f2e276f263693add65c1b1a43c9740f9af16,admitted,[],[],[],provisional,admitted,[],[],candidate_pending_review_not_production,admitted,,candidate_pending_review_not_production
neg_inventors:405,neg_inventors,405,406,data/tiu_datasets/neg_inventors.csv,f275742ae02a1d2ca11e90d25753b2d3a90f4788f6399e22442cd7774b7db8a7,51dec952bbf8e0136e2e919e1850293eaf078f0032a802620a186cb5f39aaaae,"{""label"":""0"",""statement"":""Cai Lun did not live in China.""}",Cai Lun did not live in China.,e5ddbb21e31bfc5b26bc2cd4c5d9e1909604e1ed01d4d75af7f5f8487984eccd,0,inventors,negated,Cai Lun,entity_5af84507344c54756347766a5575d9c6f362f41b920ef3da3683237067d289e9,train,outer_train,inventors:405,China,"[""China""]",entity_5af84507344c54756347766a5575d9c6f362f41b920ef3da3683237067d289e9,admitted,[],[],[],provisional,admitted,[],[],candidate_pending_review_not_production,admitted,,candidate_pending_review_not_production
neg_inventors:257,neg_inventors,257,258,data/tiu_datasets/neg_inventors.csv,f275742ae02a1d2ca11e90d25753b2d3a90f4788f6399e22442cd7774b7db8a7,2b5a9e868ff66ea0439e423496e739c8851e61175fe22dc115fc80d2896cac2e,"{""label"":""0"",""statement"":""Alessandro Volta did not live in Italy.""}",Alessandro Volta did not live in Italy.,61db42d9e0408cce9bd24d357fb1d7fbfce162600011e22a48ed6b6282d78150,0,inventors,negated,Alessandro Volta,entity_d7755c24c57984f0e5402622c6fcf0d1addc6901382f97082aab6ca96fd59482,train,outer_train,inventors:257,Italy,"[""Italy""]",entity_d7755c24c57984f0e5402622c6fcf0d1addc6901382f97082aab6ca96fd59482,admitted,[],[],[],provisional,admitted,[],[],candidate_pending_review_not_production,admitted,,candidate_pending_review_not_production
neg_inventors:149,neg_inventors,149,150,data/tiu_datasets/neg_inventors.csv,f275742ae02a1d2ca11e90d25753b2d3a90f4788f6399e22442cd7774b7db8a7,e7c401b4672ae2fa38260f5b7de22451b54a01ddaa52f5ebfe2a583bc757b786,"{""label"":""0"",""statement"":""Thomas Savery did not live in the U.K.""}",Thomas Savery did not live in the U.K.,5e8bae99d20caa6313b713ad67118557165d648b019d301e06853583470d12d0,0,inventors,negated,Thomas Savery,entity_a774531c552cd2f20be901def0de3ef9e970a544a0087c0f45a6f78c4b0a3c03,train,outer_train,inventors:149,the U.K,"[""United Kingdom""]",entity_a774531c552cd2f20be901def0de3ef9e970a544a0087c0f45a6f78c4b0a3c03,admitted,[],[],[],provisional,admitted,[],[],candidate_pending_review_not_production,admitted,,candidate_pending_review_not_production
neg_inventors:251,neg_inventors,251,252,data/tiu_datasets/neg_inventors.csv,f275742ae02a1d2ca11e90d25753b2d3a90f4788f6399e22442cd7774b7db8a7,7085ff7f18f7625bb64b629e9ee3a6efddd9895702301c81ad757312fbebd3c8,"{""label"":""0"",""statement"":""Hans Oersted did not live in Denmark.""}",Hans Oersted did not live in Denmark.,4ace09be6404c1f3b208ebe8be18e60009b642b9af9d7da4210aa4d7ba56f437,0,inventors,negated,Hans Oersted,entity_891bf2d682473aaf32564b0160c4f0ceaf003f934e67bde3a9ecfcc908a1e017,train,outer_train,inventors:251,Denmark,"[""Denmark""]",entity_891bf2d682473aaf32564b0160c4f0ceaf003f934e67bde3a9ecfcc908a1e017,admitted,[],[],[],provisional,admitted,[],[],candidate_pending_review_not_production,admitted,,candidate_pending_review_not_production
neg_inventors:126,neg_inventors,126,127,data/tiu_datasets/neg_inventors.csv,f275742ae02a1d2ca11e90d25753b2d3a90f4788f6399e22442cd7774b7db8a7,737a8439314c3787004dfe54cbdef48a48b3ca96dc615bde26d6cf90c437c145,"{""label"":""1"",""statement"":""Florence Parpart did not live in the U.K.""}",Florence Parpart did not live in the U.K.,bcbd08d395b239bffe2cb8fa1ad4fc9f66fea31c1a8949144ee6cdd45e5356fe,1,inventors,negated,Florence Parpart,entity_a491edf53867176b1c07858e2ce118a98dfa8d041f67b2ef69bd3c99e208f8e5,train,outer_train,inventors:126,the U.K,"[""United Kingdom""]",entity_a491edf53867176b1c07858e2ce118a98dfa8d041f67b2ef69bd3c99e208f8e5,admitted,[],[],[],provisional,admitted,[],[],candidate_pending_review_not_production,admitted,,candidate_pending_review_not_production
neg_inventors:4,neg_inventors,4,5,data/tiu_datasets/neg_inventors.csv,f275742ae02a1d2ca11e90d25753b2d3a90f4788f6399e22442cd7774b7db8a7,a856fd9619eb0b1e9d1ecf37d8962525c8b760c5800c76976c0aa861f1749ac5,"{""label"":""0"",""statement"":""Gustaf Dalén did not live in Sweden.""}",Gustaf Dalén did not live in Sweden.,740286f5f8111ade6daf92f00a881266959c0b68c98f4c701e088ec2623ec5a9,0,inventors,negated,Gustaf Dalén,entity_1eab845712f1a4026efd4c41f2e2b5ad7c2ad14c5117ba92383fd229c9b8377e,train,outer_train,inventors:4,Sweden,"[""Sweden""]",entity_1eab845712f1a4026efd4c41f2e2b5ad7c2ad14c5117ba92383fd229c9b8377e,admitted,[],[],[],provisional,admitted,[],[],candidate_pending_review_not_production,admitted,,candidate_pending_review_not_production
neg_inventors:1,neg_inventors,1,2,data/tiu_datasets/neg_inventors.csv,f275742ae02a1d2ca11e90d25753b2d3a90f4788f6399e22442cd7774b7db8a7,0b36725005bd6a193ec94bd9ebc6684b661b0f4d2aac6070a652e1b678d775e8,"{""label"":""1"",""statement"":""Emile Berliner did not live in Russia.""}",Emile Berliner did not live in Russia.,24f64cf34598ce15cdb78316450ffe68a1b2ce1ad02a4be1f180e0d49f7ad66f,1,inventors,negated,Emile Berliner,entity_6c5d95e799d90a3d7db71d03712fb1d717c1a3a0ccd283472f029026ec4ea607,train,outer_train,inventors:1,Russia,"[""Russia""]",entity_6c5d95e799d90a3d7db71d03712fb1d717c1a3a0ccd283472f029026ec4ea607,admitted,[],[],[],provisional,admitted,[],[],candidate_pending_review_not_production,admitted,,candidate_pending_review_not_production
neg_inventors:26,neg_inventors,26,27,data/tiu_datasets/neg_inventors.csv,f275742ae02a1d2ca11e90d25753b2d3a90f4788f6399e22442cd7774b7db8a7,22640e044a63395e75796ef00bc6554777f857fe1fd15f48d7c404db978aa882,"{""label"":""0"",""statement"":""David Edward Hughes did not live in the U.S.""}",David Edward Hughes did not live in the U.S.,f3a2ca28bade6150a03a65df83e34c5749bbe049969ed26a3aa657ed7559a76f,0,inventors,negated,David Edward Hughes,entity_0c8f2bad35c77e5b5d67057706b25eedef411d8f3d4f42fb6a83f1aff23ebc41,train,outer_train,inventors:26,the U.S,"[""United States""]",entity_0c8f2bad35c77e5b5d67057706b25eedef411d8f3d4f42fb6a83f1aff23ebc41,admitted,[],[],[],provisional,admitted,[],[],candidate_pending_review_not_production,admitted,,candidate_pending_review_not_production
neg_inventors:122,neg_inventors,122,123,data/tiu_datasets/neg_inventors.csv,f275742ae02a1d2ca11e90d25753b2d3a90f4788f6399e22442cd7774b7db8a7,1c65118d528b2059d142d567a1999349f01669acc2599721eee5bda0eaa475ac,"{""label"":""0"",""statement"":""Joseph Aspdin did not live in the U.K.""}",Joseph Aspdin did not live in the U.K.,2da4a7d8535828ca9ceb6859c5ecf72070a5d8efe9c7b108bf35752d9f2feb23,0,inventors,negated,Joseph Aspdin,entity_0edcb780d202bbbb53ad8f9a8824ee9dc5360ac6493105ee3ed61beb98780d4d,train,outer_train,inventors:122,the U.K,"[""United Kingdom""]",entity_0edcb780d202bbbb53ad8f9a8824ee9dc5360ac6493105ee3ed61beb98780d4d,admitted,[],[],[],provisional,admitted,[],[],candidate_pending_review_not_production,admitted,,candidate_pending_review_not_production
neg_inventors:29,neg_inventors,29,30,data/tiu_datasets/neg_inventors.csv,f275742ae02a1d2ca11e90d25753b2d3a90f4788f6399e22442cd7774b7db8a7,91e7791d7745e13187d684c47140709813864a8aa56a967036d71d99f090d624,"{""label"":""0"",""statement"":""Rudolf Kálmán did not live in Hungary.""}",Rudolf Kálmán did not live in Hungary.,6d323d7adb98a54b5173190273a9bc8f2e805f6eae9f3f2da096a9d3413d45d0,0,inventors,negated,Rudolf Kálmán,entity_ea4e11aa4084638dcd6fd6bed1b54e387d4f4ddd40af06cb4d6464bbddf4dccf,train,outer_train,inventors:29,Hungary,"[""Hungary""]",entity_ea4e11aa4084638dcd6fd6bed1b54e387d4f4ddd40af06cb4d6464bbddf4dccf,admitted,[],[],[],provisional,admitted,[],[],candidate_pending_review_not_production,admitted,,candidate_pending_review_not_production
neg_inventors:48,neg_inventors,48,49,data/tiu_datasets/neg_inventors.csv,f275742ae02a1d2ca11e90d25753b2d3a90f4788f6399e22442cd7774b7db8a7,95af33eb92fd8ea1521c05ef14512231960c68432332e9c7fe2a3c638fa73932,"{""label"":""0"",""statement"":""Robert Moog did not live in the U.S.""}",Robert Moog did not live in the U.S.,eeddff8ed46a4502c3803a5b20e20cb437022f709c797d23758493240943874d,0,inventors,negated,Robert Moog,entity_50c92eee31e85106ca5ee01e1c82382f5d7d0928d9c6a11bcba052ce3e522af9,train,outer_train,inventors:48,the U.S,"[""United States""]",entity_50c92eee31e85106ca5ee01e1c82382f5d7d0928d9c6a11bcba052ce3e522af9,admitted,[],[],[],provisional,admitted,[],[],candidate_pending_review_not_production,admitted,,candidate_pending_review_not_production
neg_inventors:114,neg_inventors,114,115,data/tiu_datasets/neg_inventors.csv,f275742ae02a1d2ca11e90d25753b2d3a90f4788f6399e22442cd7774b7db8a7,05518d731a4b90d9c929cd8609d2912af7405609a6cad40a3aff9bc5a05bb869,"{""label"":""0"",""statement"":""Édouard-Léon Scott de Martinville did not live in France.""}",Édouard-Léon Scott de Martinville did not live in France.,8a51ecbdb980079256cbd34d5c2b7d6d5d5ff12433bd0b4d3c7a1736a8bb5b63,0,inventors,negated,Édouard-Léon Scott de Martinville,entity_22fca1680f3177f5c3e9de140f55d138cd8e36f58ae1dde075f2ff61b7f2e480,train,outer_train,inventors:114,France,"[""France""]",entity_22fca1680f3177f5c3e9de140f55d138cd8e36f58ae1dde075f2ff61b7f2e480,admitted,[],[],[],provisional,admitted,[],[],candidate_pending_review_not_production,admitted,,candidate_pending_review_not_production
neg_inventors:371,neg_inventors,371,372,data/tiu_datasets/neg_inventors.csv,f275742ae02a1d2ca11e90d25753b2d3a90f4788f6399e22442cd7774b7db8a7,e2b83205ab0f455c6319af20a9a4147b80d11c0a0d4f0e226eae5a5d78fbbd11,"{""label"":""0"",""statement"":""Mary Walton did not live in the U.S.""}",Mary Walton did not live in the U.S.,40c4e97db8b2b58ca51abdcfeb81fcb7b4ce3465a9f0f695bcfdf58076b122a1,0,inventors,negated,Mary Walton,entity_9240a6a1cd754b779e934a1c8d1b230b9a491b0438f9c36687c95a2bdfe524b9,train,outer_train,inventors:371,the U.S,"[""United States""]",entity_9240a6a1cd754b779e934a1c8d1b230b9a491b0438f9c36687c95a2bdfe524b9,admitted,[],[],[],provisional,admitted,[],[],candidate_pending_review_not_production,admitted,,candidate_pending_review_not_production
neg_inventors:266,neg_inventors,266,267,data/tiu_datasets/neg_inventors.csv,f275742ae02a1d2ca11e90d25753b2d3a90f4788f6399e22442cd7774b7db8a7,7537975242dbbcdecf658428bb699019b626a9ff52cf8ebb55f5eaea7a46a804,"{""label"":""1"",""statement"":""Gordon Gould did not live in Canada.""}",Gordon Gould did not live in Canada.,dc3bd556358696386acb5125d33309797104e61b06ebf57b2eb265f3c196cd6f,1,inventors,negated,Gordon Gould,entity_cf647d3f529b9389aadce3ebd5162e75620bf231b5310d91f0e408331772ef45,train,outer_train,inventors:266,Canada,"[""Canada""]",entity_cf647d3f529b9389aadce3ebd5162e75620bf231b5310d91f0e408331772ef45,admitted,[],[],[],provisional,admitted,[],[],candidate_pending_review_not_production,admitted,,candidate_pending_review_not_production
neg_inventors:224,neg_inventors,224,225,data/tiu_datasets/neg_inventors.csv,f275742ae02a1d2ca11e90d25753b2d3a90f4788f6399e22442cd7774b7db8a7,3f47b855c010fbebe14c316899f1fc38efbcde23d7a061d3b1cb3ba8bd48fcb2,"{""label"":""0"",""statement"":""Thomas Edison did not live in the U.S.""}",Thomas Edison did not live in the U.S.,0cdfb27f81df39be64ea80fcc7d989d2b99d5ee2d254a81600c9aa66d942ad74,0,inventors,negated,Thomas Edison,entity_e24b6eb91ce3e643c28250b924eeb334eb49bb6d7e7b3fabd099bd5a4da961c4,train,outer_train,inventors:224,the U.S,"[""United States""]",entity_e24b6eb91ce3e643c28250b924eeb334eb49bb6d7e7b3fabd099bd5a4da961c4,admitted,[],[],[],provisional,admitted,[],[],candidate_pending_review_not_production,admitted,,candidate_pending_review_not_production
animal_class:124,animal_class,124,125,data/tiu_datasets/animal_class.csv,598ed996dd00dd6cddcf125fafad48ad7c4d827a91dfbd8202473354fdba0d97,b473281c6e8780567cab54167adeacbf343a65725416561accf4af24cd1d1210,"{""label"":""1"",""statement"":""The hippopotamus is a mammal.""}",The hippopotamus is a mammal.,63bdd776764deeac0f23d2b4bf4673d853fd7e494ebe8c3a2628c6526bdec13a,1,animal_class,affirmative,hippopotamus,entity_483c04577fa366e36374dd410ea22ba91850d53f8763df0431f09f00c7f251c0,train,outer_train,neg_animal_class:124,,[],entity_483c04577fa366e36374dd410ea22ba91850d53f8763df0431f09f00c7f251c0,admitted,[],[],[],provisional,admitted,[],[],candidate_pending_review_not_production,admitted,,candidate_pending_review_not_production
animal_class:63,animal_class,63,64,data/tiu_datasets/animal_class.csv,598ed996dd00dd6cddcf125fafad48ad7c4d827a91dfbd8202473354fdba0d97,10ac8d14364d21efe47e7799b540e28eb74432f11023816901587865e32fa225,"{""label"":""0"",""statement"":""The eagle is a mammal.""}",The eagle is a mammal.,e124e9debcdfbeed50591627d201b18fcb29d4ec57f19daa767ecf6f38854939,0,animal_class,affirmative,eagle,entity_adf418dacaaa39c3175d4588127b685a161e131f97eb4c99a46285fc5bc5bc4c,train,outer_train,neg_animal_class:63,,[],entity_adf418dacaaa39c3175d4588127b685a161e131f97eb4c99a46285fc5bc5bc4c,admitted,[],[],[],provisional,admitted,[],[],candidate_pending_review_not_production,admitted,,candidate_pending_review_not_production
animal_class:5,animal_class,5,6,data/tiu_datasets/animal_class.csv,598ed996dd00dd6cddcf125fafad48ad7c4d827a91dfbd8202473354fdba0d97,68bf112e37cd6584119a55bdf70c68052fa0c8aeedbecf3211e6bd25459b40ea,"{""label"":""0"",""statement"":""The giant anteater is a fish.""}",The giant anteater is a fish.,9df9da01b4ee21875896243c7645db603148cd1b312e4c2bfbd78b94ab1d0040,0,animal_class,affirmative,giant anteater,entity_18c63950c36aa062bd59476907617a30b36a523de6b0c056386b03d24640632b,train,outer_train,neg_animal_class:5,,[],entity_18c63950c36aa062bd59476907617a30b36a523de6b0c056386b03d24640632b,admitted,[],[],[],provisional,admitted,[],[],candidate_pending_review_not_production,admitted,,candidate_pending_review_not_production
animal_class:56,animal_class,56,57,data/tiu_datasets/animal_class.csv,598ed996dd00dd6cddcf125fafad48ad7c4d827a91dfbd8202473354fdba0d97,22ddf25a022c15d0153a3722e6cf1a17843a2ac67bde06d2a264fdd46bdb3c94,"{""label"":""1"",""statement"":""The camel is a mammal.""}",The camel is a mammal.,0aedd1b85b369eccfb34fc4d264d220fd2cf2ff8b463a3a64d3a6ec1c347f613,1,animal_class,affirmative,camel,entity_7cd0d33345f562b597444cee3c8335226548f6c172dd13e6675648ac645035ea,train,outer_train,neg_animal_class:56,,[],entity_7cd0d33345f562b597444cee3c8335226548f6c172dd13e6675648ac645035ea,admitted,[],[],[],provisional,admitted,[],[],candidate_pending_review_not_production,admitted,,candidate_pending_review_not_production
animal_class:60,animal_class,60,61,data/tiu_datasets/animal_class.csv,598ed996dd00dd6cddcf125fafad48ad7c4d827a91dfbd8202473354fdba0d97,d3a43815a9ce1e065df2f8ec1e3ed08eaf237c3957a8913081f6f43e0f731e81,"{""label"":""1"",""statement"":""The koala is a mammal.""}",The koala is a mammal.,fa6f86b4280b84f6904f30ce6a8ffb548d4e63b5f51f6009c29082f6a5612e53,1,animal_class,affirmative,koala,entity_694b218264497897f3fd4fbe2e6be835c1cc925ac08ecf6626f5a0d3e9289f22,train,outer_train,neg_animal_class:60,,[],entity_694b218264497897f3fd4fbe2e6be835c1cc925ac08ecf6626f5a0d3e9289f22,admitted,[],[],[],provisional,admitted,[],[],candidate_pending_review_not_production,admitted,,candidate_pending_review_not_production
animal_class:46,animal_class,46,47,data/tiu_datasets/animal_class.csv,598ed996dd00dd6cddcf125fafad48ad7c4d827a91dfbd8202473354fdba0d97,16004a32bff59c33604a463f5e9495c811ba8d81272e2d7ce17167618783e2f7,"{""label"":""0"",""statement"":""The manta ray is a mammal.""}",The manta ray is a mammal.,6b2e2a2d1d21e3bca191e618c619ef3fd448b17c430025f4cc8849c973cbb2a6,0,animal_class,affirmative,manta ray,entity_a4c8ca21cf6882b512aa09774bb371231995797bcf3a07a27d5a904e51b55956,train,outer_train,neg_animal_class:46,,[],entity_a4c8ca21cf6882b512aa09774bb371231995797bcf3a07a27d5a904e51b55956,admitted,[],[],[],provisional,admitted,[],[],candidate_pending_review_not_production,admitted,,candidate_pending_review_not_production
animal_class:118,animal_class,118,119,data/tiu_datasets/animal_class.csv,598ed996dd00dd6cddcf125fafad48ad7c4d827a91dfbd8202473354fdba0d97,d2eac2d31cbc935fc17cc8b8e7ee2e5ff2ebef7b9d9533ba0c18a5f4139e20d8,"{""label"":""0"",""statement"":""The dog is a bird.""}",The dog is a bird.,bbcba6255bbb2cdf503466ccc3c9dd8d082f5f28bb0a503592350103dafcb8e1,0,animal_class,affirmative,dog,entity_3a149f71aeb4f5545da0b7eaa787531c0236472595baa3f72abc69ceb9d72867,train,outer_train,neg_animal_class:118,,[],entity_3a149f71aeb4f5545da0b7eaa787531c0236472595baa3f72abc69ceb9d72867,admitted,[],[],[],provisional,admitted,[],[],candidate_pending_review_not_production,admitted,,candidate_pending_review_not_production
animal_class:147,animal_class,147,148,data/tiu_datasets/animal_class.csv,598ed996dd00dd6cddcf125fafad48ad7c4d827a91dfbd8202473354fdba0d97,d0d469c37e52fc64333f80228625ac43dddfcb49988e41d535836de1f0dd59f4,"{""label"":""0"",""statement"":""The gazelle is a mollusk.""}",The gazelle is a mollusk.,df855166cd823c4c44bb90ab7de7117d187d0d93d42db65fea1b53f6995ac944,0,animal_class,affirmative,gazelle,entity_56dda79fb88a7ddd5ca98f6ae47726a0fd2ec9c3dec56fbcc53dfd80c7912140,train,outer_train,neg_animal_class:147,,[],entity_56dda79fb88a7ddd5ca98f6ae47726a0fd2ec9c3dec56fbcc53dfd80c7912140,admitted,[],[],[],provisional,admitted,[],[],candidate_pending_review_not_production,admitted,,candidate_pending_review_not_production
animal_class:125,animal_class,125,126,data/tiu_datasets/animal_class.csv,598ed996dd00dd6cddcf125fafad48ad7c4d827a91dfbd8202473354fdba0d97,912021be24523ca7ccad761037daa5c1981c9b871a355acb12eb00da1fd2987a,"{""label"":""0"",""statement"":""The jellyfish is a mammal.""}",The jellyfish is a mammal.,f27d7ba8548d0b0d5a2521ed4f7ee7bc453a35e149160d82c5a5b7a164fb3b38,0,animal_class,affirmative,jellyfish,entity_2675b18d22ab41fd83a19957ee0ddd0980d15500682ca9da1430e707e249ee1a,train,outer_train,neg_animal_class:125,,[],entity_2675b18d22ab41fd83a19957ee0ddd0980d15500682ca9da1430e707e249ee1a,admitted,[],[],[],provisional,admitted,[],[],candidate_pending_review_not_production,admitted,,candidate_pending_review_not_production
animal_class:77,animal_class,77,78,data/tiu_datasets/animal_class.csv,598ed996dd00dd6cddcf125fafad48ad7c4d827a91dfbd8202473354fdba0d97,ace668ec3125158dde88c9a1c7e02ed7e771695eef65a332e403e61c5d5548a4,"{""label"":""1"",""statement"":""The hedgehog is a mammal.""}",The hedgehog is a mammal.,068e72bec323f0b5057165e3a2e400873edf65a20096909a32b7bd6f716d7b80,1,animal_class,affirmative,hedgehog,entity_e5c5d003f4f1a533abe1d9ff94cc2c0315fc9eee40b7586090e690af6292000a,train,outer_train,neg_animal_class:77,,[],entity_e5c5d003f4f1a533abe1d9ff94cc2c0315fc9eee40b7586090e690af6292000a,admitted,[],[],[],provisional,admitted,[],[],candidate_pending_review_not_production,admitted,,candidate_pending_review_not_production
animal_class:91,animal_class,91,92,data/tiu_datasets/animal_class.csv,598ed996dd00dd6cddcf125fafad48ad7c4d827a91dfbd8202473354fdba0d97,7c4b77428e5e287704ff97ff078b16ee15060b495ac7659afffd996f79514089,"{""label"":""1"",""statement"":""The tuna is a fish.""}",The tuna is a fish.,986f98f51495d77f956c085bbe894bfff3cf57cb9d735d279b395b8cbce3c821,1,animal_class,affirmative,tuna,entity_570fce305585354c910700ffb850cdb190088d2482321afebe8b12d399b94fa7,train,outer_train,neg_animal_class:91,,[],entity_570fce305585354c910700ffb850cdb190088d2482321afebe8b12d399b94fa7,admitted,[],[],[],provisional,admitted,[],[],candidate_pending_review_not_production,admitted,,candidate_pending_review_not_production
animal_class:103,animal_class,103,104,data/tiu_datasets/animal_class.csv,598ed996dd00dd6cddcf125fafad48ad7c4d827a91dfbd8202473354fdba0d97,18fe22ea528a3349abc26534b5feb568f39bebc11e779ca66adf081f4fe64fbc,"{""label"":""0"",""statement"":""The squirrel is a bird.""}",The squirrel is a bird.,ea1ac380b4298af9aea334d16a109692a7a8ebfccc7b321607759d36c3abed8a,0,animal_class,affirmative,squirrel,entity_e33d2732392551a6325f8374f3a2b29a373983d6ffb8701e8240969063fc70d9,train,outer_train,neg_animal_class:103,,[],entity_e33d2732392551a6325f8374f3a2b29a373983d6ffb8701e8240969063fc70d9,admitted,[],[],[],provisional,admitted,[],[],candidate_pending_review_not_production,admitted,,candidate_pending_review_not_production
animal_class:87,animal_class,87,88,data/tiu_datasets/animal_class.csv,598ed996dd00dd6cddcf125fafad48ad7c4d827a91dfbd8202473354fdba0d97,a3820f3c04852a96d06322109caf8801155058bc3f90719c8268169e243a0b4e,"{""label"":""1"",""statement"":""The panda is a mammal.""}",The panda is a mammal.,27e46e5b684dc7b20d959eae2faa0cae57c1437c521a790615a6460aba8f6f54,1,animal_class,affirmative,panda,entity_d7a915f719056cc918bcbd148a8de304a8b4de1a3bc6d5e7dc9bd3e326629dea,train,outer_train,neg_animal_class:87,,[],entity_d7a915f719056cc918bcbd148a8de304a8b4de1a3bc6d5e7dc9bd3e326629dea,admitted,[],[],[],provisional,admitted,[],[],candidate_pending_review_not_production,admitted,,candidate_pending_review_not_production
animal_class:6,animal_class,6,7,data/tiu_datasets/animal_class.csv,598ed996dd00dd6cddcf125fafad48ad7c4d827a91dfbd8202473354fdba0d97,c8f772d1536205a96918941fe4f560f7807d76e7cebb5bc6cc79c49a3827cd6f,"{""label"":""0"",""statement"":""The aardvark is a fish.""}",The aardvark is a fish.,e35b643c1ae4412f0cfc253428e1cc4683c8f2a4c785bb01f5d6483380191e6a,0,animal_class,affirmative,aardvark,entity_51710b7b05862dc20152fa8eec71436ca7cac0e6fd27fddc92934cbd9e2b3cc4,train,outer_train,neg_animal_class:6,,[],entity_51710b7b05862dc20152fa8eec71436ca7cac0e6fd27fddc92934cbd9e2b3cc4,admitted,[],[],[],provisional,admitted,[],[],candidate_pending_review_not_production,admitted,,candidate_pending_review_not_production
animal_class:36,animal_class,36,37,data/tiu_datasets/animal_class.csv,598ed996dd00dd6cddcf125fafad48ad7c4d827a91dfbd8202473354fdba0d97,22cd652ab02d4a56f222e38c46e8a59431e809bbe62f33fdafe44cb8cd592f98,"{""label"":""1"",""statement"":""The aardvark is a mammal.""}",The aardvark is a mammal.,59f4b975a1e61227564d935f60deba772778384b94bf68860baf9059bc694384,1,animal_class,affirmative,aardvark,entity_51710b7b05862dc20152fa8eec71436ca7cac0e6fd27fddc92934cbd9e2b3cc4,train,outer_train,neg_animal_class:36,,[],entity_51710b7b05862dc20152fa8eec71436ca7cac0e6fd27fddc92934cbd9e2b3cc4,admitted,[],[],[],provisional,admitted,[],[],candidate_pending_review_not_production,admitted,,candidate_pending_review_not_production
animal_class:90,animal_class,90,91,data/tiu_datasets/animal_class.csv,598ed996dd00dd6cddcf125fafad48ad7c4d827a91dfbd8202473354fdba0d97,484ca5d40843be164891e771e9c3430d81649b5df54e946359b73de1146a0939,"{""label"":""0"",""statement"":""The flamingo is a mammal.""}",The flamingo is a mammal.,6adeb7041a06ec97f7cca533719086a41e6a9c309e3bfd9d458242e380f00d68,0,animal_class,affirmative,flamingo,entity_6a8b5afe59059312f8510224439d00ac13083151e4f627d0ff57f2f0b8fb62fe,train,outer_train,neg_animal_class:90,,[],entity_6a8b5afe59059312f8510224439d00ac13083151e4f627d0ff57f2f0b8fb62fe,admitted,[],[],[],provisional,admitted,[],[],candidate_pending_review_not_production,admitted,,candidate_pending_review_not_production
animal_class:54,animal_class,54,55,data/tiu_datasets/animal_class.csv,598ed996dd00dd6cddcf125fafad48ad7c4d827a91dfbd8202473354fdba0d97,4f3a4c8d2b0235428afdb8c42e9fdbedf2354eca9162b3a543e1ee5061c53e80,"{""label"":""0"",""statement"":""The axolotl is a reptile.""}",The axolotl is a reptile.,7b77f18a91162c082d26b921789e3d122f294bbd17600608531f451d8fcdfefe,0,animal_class,affirmative,axolotl,entity_a610ee05dfb353899f79679ee9c116bb2c2e162a497d28068358835eab065ba1,train,outer_train,neg_animal_class:54,,[],entity_a610ee05dfb353899f79679ee9c116bb2c2e162a497d28068358835eab065ba1,admitted,[],[],[],provisional,admitted,[],[],candidate_pending_review_not_production,admitted,,candidate_pending_review_not_production
animal_class:85,animal_class,85,86,data/tiu_datasets/animal_class.csv,598ed996dd00dd6cddcf125fafad48ad7c4d827a91dfbd8202473354fdba0d97,620c9e6fc54252720b3070149fc67ba691c9cd6ef0b25fd4c16a0a38257394ba,"{""label"":""0"",""statement"":""The beaver is a bird.""}",The beaver is a bird.,3305e679bd218286228ba667b8b82bef37974897bc6f8f5e0a8b3d9b5af581b5,0,animal_class,affirmative,beaver,entity_6abb4bbfff22377d140a38df9eec4c659587438e25eac9e18a6da6d98e600684,train,outer_train,neg_animal_class:85,,[],entity_6abb4bbfff22377d140a38df9eec4c659587438e25eac9e18a6da6d98e600684,admitted,[],[],[],provisional,admitted,[],[],candidate_pending_review_not_production,admitted,,candidate_pending_review_not_production
animal_class:17,animal_class,17,18,data/tiu_datasets/animal_class.csv,598ed996dd00dd6cddcf125fafad48ad7c4d827a91dfbd8202473354fdba0d97,d6db35b239eb8ebb8561714ec1bf3e2fa5765b92846c637da18ef333655e5a0d,"{""label"":""0"",""statement"":""The kangaroo is a crustacean.""}",The kangaroo is a crustacean.,15ed9c410eddbcd23bc736e1c147d78d63a86857af427aa2957050d37f8e550b,0,animal_class,affirmative,kangaroo,entity_99d437eb4622d2de9b48c3653c0b8adbed6ccfaed612a6497b589dd9b0cca421,train,outer_train,neg_animal_class:17,,[],entity_99d437eb4622d2de9b48c3653c0b8adbed6ccfaed612a6497b589dd9b0cca421,admitted,[],[],[],provisional,admitted,[],[],candidate_pending_review_not_production,admitted,,candidate_pending_review_not_production
animal_class:48,animal_class,48,49,data/tiu_datasets/animal_class.csv,598ed996dd00dd6cddcf125fafad48ad7c4d827a91dfbd8202473354fdba0d97,90a69f8d81ddc7eefbdd255a699f9a89488e04d4785603817f437165125f802c,"{""label"":""0"",""statement"":""The parrot is a mammal.""}",The parrot is a mammal.,209957a20b34cd3f019cde0e73cfdfacf24853fc497aa6a1d71f29c35c1d6ab4,0,animal_class,affirmative,parrot,entity_b4cb07ac5ad2aacbb9a15615c7c6e07b42d8d6a2c441a42cedee471f921245f5,train,outer_train,neg_animal_class:48,,[],entity_b4cb07ac5ad2aacbb9a15615c7c6e07b42d8d6a2c441a42cedee471f921245f5,admitted,[],[],[],provisional,admitted,[],[],candidate_pending_review_not_production,admitted,,candidate_pending_review_not_production
animal_class:13,animal_class,13,14,data/tiu_datasets/animal_class.csv,598ed996dd00dd6cddcf125fafad48ad7c4d827a91dfbd8202473354fdba0d97,3cb2e717003601379d59eab81abe440effea2786146a06d53b84d8a7b8faf707,"{""label"":""1"",""statement"":""The tapir is a mammal.""}",The tapir is a mammal.,299ec0d16f3ae4659ef92627485784b8990c575e5f1fa97aa58212daaed33b8d,1,animal_class,affirmative,tapir,entity_c99e4f6ba7449c95d5d022d7af4e5fb1db4858bd62af1ef32ec347e4a9e772a2,train,outer_train,neg_animal_class:13,,[],entity_c99e4f6ba7449c95d5d022d7af4e5fb1db4858bd62af1ef32ec347e4a9e772a2,admitted,[],[],[],provisional,admitted,[],[],candidate_pending_review_not_production,admitted,,candidate_pending_review_not_production
animal_class:8,animal_class,8,9,data/tiu_datasets/animal_class.csv,598ed996dd00dd6cddcf125fafad48ad7c4d827a91dfbd8202473354fdba0d97,455a150c680d6d5f817af4d20b952b54594c0e979357c69c0b6053961c2fd1f9,"{""label"":""1"",""statement"":""The armadillo is a mammal.""}",The armadillo is a mammal.,96b54e82e67d2e04e85b807f96ed40d7130a1240d5d744c89bfaea1276614171,1,animal_class,affirmative,armadillo,entity_0dd5a5e34dd0285a866f19c7587022a99a72aca52ec3a6dca06f874e68667d73,train,outer_train,neg_animal_class:8,,[],entity_0dd5a5e34dd0285a866f19c7587022a99a72aca52ec3a6dca06f874e68667d73,admitted,[],[],[],provisional,admitted,[],[],candidate_pending_review_not_production,admitted,,candidate_pending_review_not_production
animal_class:82,animal_class,82,83,data/tiu_datasets/animal_class.csv,598ed996dd00dd6cddcf125fafad48ad7c4d827a91dfbd8202473354fdba0d97,c8224451d98cad8db567488f9c939865af5fb06698e6e449964ede6307f9e939,"{""label"":""1"",""statement"":""The snake is a reptile.""}",The snake is a reptile.,4cb43bb5af90ff7be9bd0f6e8f6f9bd2591c9731b4cc42326dbd7e46cda242c9,1,animal_class,affirmative,snake,entity_fe2970983457319c7c8e4172b8e9e74a4b0f4c946b69a03ffa8769a754443723,train,outer_train,neg_animal_class:82,,[],entity_fe2970983457319c7c8e4172b8e9e74a4b0f4c946b69a03ffa8769a754443723,admitted,[],[],[],provisional,admitted,[],[],candidate_pending_review_not_production,admitted,,candidate_pending_review_not_production
animal_class:35,animal_class,35,36,data/tiu_datasets/animal_class.csv,598ed996dd00dd6cddcf125fafad48ad7c4d827a91dfbd8202473354fdba0d97,ccc869121789302e18914d6906c2ce2a3784c13c5dbb429820c291a9a38ea025,"{""label"":""0"",""statement"":""The panda is a bird.""}",The panda is a bird.,334e4cd69c278d1d53e7413bbd0e090be53971179a933d6ea375070cc3037018,0,animal_class,affirmative,panda,entity_d7a915f719056cc918bcbd148a8de304a8b4de1a3bc6d5e7dc9bd3e326629dea,train,outer_train,neg_animal_class:35,,[],entity_d7a915f719056cc918bcbd148a8de304a8b4de1a3bc6d5e7dc9bd3e326629dea,admitted,[],[],[],provisional,admitted,[],[],candidate_pending_review_not_production,admitted,,candidate_pending_review_not_production
animal_class:1,animal_class,1,2,data/tiu_datasets/animal_class.csv,598ed996dd00dd6cddcf125fafad48ad7c4d827a91dfbd8202473354fdba0d97,ec05ae509a137bec695ec23cb335fdec82ebb67403e72b0e81d7e2a564d584de,"{""label"":""0"",""statement"":""The frog is a bird.""}",The frog is a bird.,a7323e2e919b5fd4bf7539bf3833691f4bee9920c072e4f1c3a959f252d790dc,0,animal_class,affirmative,frog,entity_eced699350172fc8081149a15aca48234a84c4eddb36dfb469c89fda51058f7f,train,outer_train,neg_animal_class:1,,[],entity_eced699350172fc8081149a15aca48234a84c4eddb36dfb469c89fda51058f7f,admitted,[],[],[],provisional,admitted,[],[],candidate_pending_review_not_production,admitted,,candidate_pending_review_not_production
animal_class:18,animal_class,18,19,data/tiu_datasets/animal_class.csv,598ed996dd00dd6cddcf125fafad48ad7c4d827a91dfbd8202473354fdba0d97,2322eecae9766264e24150ec7cde76df692554949970ff6ea7f9a7958a974157,"{""label"":""0"",""statement"":""The camel is a amphibian.""}",The camel is a amphibian.,a447ae1c74fd02fb7cff194bf7938b676540b455f891e13bdd62094d35b96a63,0,animal_class,affirmative,camel,entity_7cd0d33345f562b597444cee3c8335226548f6c172dd13e6675648ac645035ea,train,outer_train,neg_animal_class:18,,[],entity_7cd0d33345f562b597444cee3c8335226548f6c172dd13e6675648ac645035ea,admitted,[],[],[],provisional,admitted,[],[],candidate_pending_review_not_production,admitted,,candidate_pending_review_not_production
animal_class:27,animal_class,27,28,data/tiu_datasets/animal_class.csv,598ed996dd00dd6cddcf125fafad48ad7c4d827a91dfbd8202473354fdba0d97,13999c8a64295fd753dafd3c1ae26a129b9ef121143b2fb4bee7f8b637b371f3,"{""label"":""0"",""statement"":""The tuna is a mammal.""}",The tuna is a mammal.,0a9ef149aca3b4b61a5ac53ba048e7111f81d653ac6f0498744f588f97a8c607,0,animal_class,affirmative,tuna,entity_570fce305585354c910700ffb850cdb190088d2482321afebe8b12d399b94fa7,train,outer_train,neg_animal_class:27,,[],entity_570fce305585354c910700ffb850cdb190088d2482321afebe8b12d399b94fa7,admitted,[],[],[],provisional,admitted,[],[],candidate_pending_review_not_production,admitted,,candidate_pending_review_not_production
animal_class:84,animal_class,84,85,data/tiu_datasets/animal_class.csv,598ed996dd00dd6cddcf125fafad48ad7c4d827a91dfbd8202473354fdba0d97,441b51127cd3f43079344daff92d1f394d4c2781b7f56e803e40fc8320b268e3,"{""label"":""1"",""statement"":""The iguana is a reptile.""}",The iguana is a reptile.,f27d3a21d2429798753b66767fcfe265db14aa5e700793c4af2dd2439be6679c,1,animal_class,affirmative,iguana,entity_f0d378d1a9ca138e6d23459ce61f6a59c0ea4c1ed3699b01c79511c03632c969,train,outer_train,neg_animal_class:84,,[],entity_f0d378d1a9ca138e6d23459ce61f6a59c0ea4c1ed3699b01c79511c03632c969,admitted,[],[],[],provisional,admitted,[],[],candidate_pending_review_not_production,admitted,,candidate_pending_review_not_production
animal_class:15,animal_class,15,16,data/tiu_datasets/animal_class.csv,598ed996dd00dd6cddcf125fafad48ad7c4d827a91dfbd8202473354fdba0d97,d7d0350e9d99208d5dd6cd573b4251d250ceee162f228f2262e1a657456eb0b6,"{""label"":""0"",""statement"":""The platypus is a bird.""}",The platypus is a bird.,2bc02e077bd25b7614a431dca3392fce10047993a330665db4a9bd418636989e,0,animal_class,affirmative,platypus,entity_9772371c01bbaf94b8c941a49b8e2561c950baa58549e2c0245e2f03ba000aac,train,outer_train,neg_animal_class:15,,[],entity_9772371c01bbaf94b8c941a49b8e2561c950baa58549e2c0245e2f03ba000aac,admitted,[],[],[],provisional,admitted,[],[],candidate_pending_review_not_production,admitted,,candidate_pending_review_not_production
animal_class:59,animal_class,59,60,data/tiu_datasets/animal_class.csv,598ed996dd00dd6cddcf125fafad48ad7c4d827a91dfbd8202473354fdba0d97,edad9695fc8f45bd331e074bc2cb384bde85b54ac2db2200bcd0c31d033547c0,"{""label"":""0"",""statement"":""The armadillo is a reptile.""}",The armadillo is a reptile.,9637987220d57bb4c6d5f56fd41984a82cf05b1a93a7d567b99a98f05ecf7a68,0,animal_class,affirmative,armadillo,entity_0dd5a5e34dd0285a866f19c7587022a99a72aca52ec3a6dca06f874e68667d73,train,outer_train,neg_animal_class:59,,[],entity_0dd5a5e34dd0285a866f19c7587022a99a72aca52ec3a6dca06f874e68667d73,admitted,[],[],[],provisional,admitted,[],[],candidate_pending_review_not_production,admitted,,candidate_pending_review_not_production
animal_class:40,animal_class,40,41,data/tiu_datasets/animal_class.csv,598ed996dd00dd6cddcf125fafad48ad7c4d827a91dfbd8202473354fdba0d97,cacfdcad14bc91477eb3bcbbe31a31cd40b3315ae77f0ece9a0e93e8ef6734d5,"{""label"":""1"",""statement"":""The tarantula is a arachnid.""}",The tarantula is a arachnid.,83e693cf296b9b2987ce02ffd19aafc6db826c156252a67894ef55a7f38e9e29,1,animal_class,affirmative,tarantula,entity_e08b106bed1dc6e83945dcabc6863df4ad3a1e5a10f4cf9ab93a9ab38b20324f,train,outer_train,neg_animal_class:40,,[],entity_e08b106bed1dc6e83945dcabc6863df4ad3a1e5a10f4cf9ab93a9ab38b20324f,admitted,[],[],[],provisional,admitted,[],[],candidate_pending_review_not_production,admitted,,candidate_pending_review_not_production
animal_class:66,animal_class,66,67,data/tiu_datasets/animal_class.csv,598ed996dd00dd6cddcf125fafad48ad7c4d827a91dfbd8202473354fdba0d97,d9e44cfa1faee69ee03ccd2952476d42fbbcf8d91d721eca5e31f0e146f601c1,"{""label"":""0"",""statement"":""The dolphin is a crustacean.""}",The dolphin is a crustacean.,db0fde93fbf0b0ffe25800d86c23a5411dd36a7a07aed259c401e6ad9192aa81,0,animal_class,affirmative,dolphin,entity_64bc24902edb91380136ba50ddcf621045a1026f217c5b7c645d6a6863306dd5,train,outer_train,neg_animal_class:66,,[],entity_64bc24902edb91380136ba50ddcf621045a1026f217c5b7c645d6a6863306dd5,admitted,[],[],[],provisional,admitted,[],[],candidate_pending_review_not_production,admitted,,candidate_pending_review_not_production
animal_class:136,animal_class,136,137,data/tiu_datasets/animal_class.csv,598ed996dd00dd6cddcf125fafad48ad7c4d827a91dfbd8202473354fdba0d97,2510cd8d915b89d73b8ec3918c6feab4fd6d719e0098e4c2dbd9cfece7aa5cc6,"{""label"":""1"",""statement"":""The dog is a mammal.""}",The dog is a mammal.,1d94b1c23e0eb7be5a8e7a0a33e181c6403dc7ff8afba99ed9a5e7b9fb300053,1,animal_class,affirmative,dog,entity_3a149f71aeb4f5545da0b7eaa787531c0236472595baa3f72abc69ceb9d72867,train,outer_train,neg_animal_class:136,,[],entity_3a149f71aeb4f5545da0b7eaa787531c0236472595baa3f72abc69ceb9d72867,admitted,[],[],[],provisional,admitted,[],[],candidate_pending_review_not_production,admitted,,candidate_pending_review_not_production
animal_class:108,animal_class,108,109,data/tiu_datasets/animal_class.csv,598ed996dd00dd6cddcf125fafad48ad7c4d827a91dfbd8202473354fdba0d97,3aea77294dd78f3e42d83a86005f97de2a56ea38727b3a1039895212b2851f15,"{""label"":""0"",""statement"":""The alpaca is a bird.""}",The alpaca is a bird.,f6e9c086850d0513c795da61686b31c0fcd15f4df1896dcbb9c123e0fedcf086,0,animal_class,affirmative,alpaca,entity_94086439f6f5213caf5eb4ec1a721f49ce9adff94dc6a4efab321fb15a3731fa,train,outer_train,neg_animal_class:108,,[],entity_94086439f6f5213caf5eb4ec1a721f49ce9adff94dc6a4efab321fb15a3731fa,admitted,[],[],[],provisional,admitted,[],[],candidate_pending_review_not_production,admitted,,candidate_pending_review_not_production
animal_class:81,animal_class,81,82,data/tiu_datasets/animal_class.csv,598ed996dd00dd6cddcf125fafad48ad7c4d827a91dfbd8202473354fdba0d97,7bdb05a93ab6fa368288f4942ed5cf349ea2dc05d47126ecdaa5263a59eb9c86,"{""label"":""1"",""statement"":""The ostrich is a bird.""}",The ostrich is a bird.,102f55c9b2a2f8411a1301d1ea2ff2d439bc46fe62084c6c0f91c32586dfd0bf,1,animal_class,affirmative,ostrich,entity_03398019a378d4d2c73ee86bbb1d2f5bb2922f06c3e1a028b3bbbea93eef0785,train,outer_train,neg_animal_class:81,,[],entity_03398019a378d4d2c73ee86bbb1d2f5bb2922f06c3e1a028b3bbbea93eef0785,admitted,[],[],[],provisional,admitted,[],[],candidate_pending_review_not_production,admitted,,candidate_pending_review_not_production
animal_class:130,animal_class,130,131,data/tiu_datasets/animal_class.csv,598ed996dd00dd6cddcf125fafad48ad7c4d827a91dfbd8202473354fdba0d97,9bf1bfb51474fec4f6b8c646da833c9b80acbe921d46363e6b0adfe7875b4159,"{""label"":""1"",""statement"":""The walrus is a mammal.""}",The walrus is a mammal.,6cd10b369c09ff76ced8cefe6195e7c5a2f8deadb5e4618e3f67004c68555862,1,animal_class,affirmative,walrus,entity_36b697392bc276973d8a123d9c188a8291ee4ef1f45ed4dbc1a98216d0329932,train,outer_train,neg_animal_class:130,,[],entity_36b697392bc276973d8a123d9c188a8291ee4ef1f45ed4dbc1a98216d0329932,admitted,[],[],[],provisional,admitted,[],[],candidate_pending_review_not_production,admitted,,candidate_pending_review_not_production
animal_class:55,animal_class,55,56,data/tiu_datasets/animal_class.csv,598ed996dd00dd6cddcf125fafad48ad7c4d827a91dfbd8202473354fdba0d97,554647687b6b0fdf6d67ae6ab71da3cd378cc1b6d9a02c3fe7efb4e21c42eef4,"{""label"":""1"",""statement"":""The frog is a amphibian.""}",The frog is a amphibian.,facef9d81ffbd4f819e8983986cdd4d87c024c495eeec0c05fabf942425b1df4,1,animal_class,affirmative,frog,entity_eced699350172fc8081149a15aca48234a84c4eddb36dfb469c89fda51058f7f,train,outer_train,neg_animal_class:55,,[],entity_eced699350172fc8081149a15aca48234a84c4eddb36dfb469c89fda51058f7f,admitted,[],[],[],provisional,admitted,[],[],candidate_pending_review_not_production,admitted,,candidate_pending_review_not_production
animal_class:45,animal_class,45,46,data/tiu_datasets/animal_class.csv,598ed996dd00dd6cddcf125fafad48ad7c4d827a91dfbd8202473354fdba0d97,1e8d03c40629c2d636080b9069a79eb5b9cc0eb063df249e9c64ee0e3ad74d27,"{""label"":""0"",""statement"":""The sea turtle is a fish.""}",The sea turtle is a fish.,e7cab1782129a9462019311250337c4b38020a4e7c9c4c5a65536a60d3bd24c3,0,animal_class,affirmative,sea turtle,entity_f670d7ef239996490aead5d2cb06a53083463deaad6bf381c6c6afaa8e99133e,train,outer_train,neg_animal_class:45,,[],entity_f670d7ef239996490aead5d2cb06a53083463deaad6bf381c6c6afaa8e99133e,admitted,[],[],[],provisional,admitted,[],[],candidate_pending_review_not_production,admitted,,candidate_pending_review_not_production
animal_class:95,animal_class,95,96,data/tiu_datasets/animal_class.csv,598ed996dd00dd6cddcf125fafad48ad7c4d827a91dfbd8202473354fdba0d97,6f52a6fd672e8c1fbce8fae5b7dfc53c8f6361797683894f8bdc8b95187b2834,"{""label"":""0"",""statement"":""The polar bear is a fish.""}",The polar bear is a fish.,0c22365f54c306ca0bace7ea6ec92dfea4358cd543d60063fa837e35de4a5b71,0,animal_class,affirmative,polar bear,entity_cba3593e3c4b9c766e8525eb0f18f4b61209596cf784c7066bb1396b13b12bfb,train,outer_train,neg_animal_class:95,,[],entity_cba3593e3c4b9c766e8525eb0f18f4b61209596cf784c7066bb1396b13b12bfb,admitted,[],[],[],provisional,admitted,[],[],candidate_pending_review_not_production,admitted,,candidate_pending_review_not_production
animal_class:24,animal_class,24,25,data/tiu_datasets/animal_class.csv,598ed996dd00dd6cddcf125fafad48ad7c4d827a91dfbd8202473354fdba0d97,b9ce29bba385f62948ae5d2f0a400f2bb784d8cbbabf14c4140bcdb354490b7e,"{""label"":""0"",""statement"":""The mongoose is a bird.""}",The mongoose is a bird.,2b9311ea8dc546e22fe997806a2ca41f1ae7f00044bb88af448b18562427f03c,0,animal_class,affirmative,mongoose,entity_897679fa829944c5683fba4dde56773a703ff1b11cd768b003bbf2554e0ece58,train,outer_train,neg_animal_class:24,,[],entity_897679fa829944c5683fba4dde56773a703ff1b11cd768b003bbf2554e0ece58,admitted,[],[],[],provisional,admitted,[],[],candidate_pending_review_not_production,admitted,,candidate_pending_review_not_production
animal_class:111,animal_class,111,112,data/tiu_datasets/animal_class.csv,598ed996dd00dd6cddcf125fafad48ad7c4d827a91dfbd8202473354fdba0d97,913d058ed5577d777e1b18a6e7696588f9341f10e71392a77927830800821341,"{""label"":""1"",""statement"":""The shark is a fish.""}",The shark is a fish.,0376e961c383d3ccc3d4bbecc39e4725021c021ef8463eebfa0c1bb6b705fdc0,1,animal_class,affirmative,shark,entity_7697c9b82480da95a941743985726ecb704995ad81c68c7c5c8700eb2974d44a,train,outer_train,neg_animal_class:111,,[],entity_7697c9b82480da95a941743985726ecb704995ad81c68c7c5c8700eb2974d44a,admitted,[],[],[],provisional,admitted,[],[],candidate_pending_review_not_production,admitted,,candidate_pending_review_not_production
animal_class:64,animal_class,64,65,data/tiu_datasets/animal_class.csv,598ed996dd00dd6cddcf125fafad48ad7c4d827a91dfbd8202473354fdba0d97,e00b410d3aa614f574469849c67ebc84d3bc746810304268689bd0b96b8af69f,"{""label"":""1"",""statement"":""The beaver is a mammal.""}",The beaver is a mammal.,14e2f33d075be9a8115bc270225894b0b543f9def55ddcb8cd909622c1ac77d2,1,animal_class,affirmative,beaver,entity_6abb4bbfff22377d140a38df9eec4c659587438e25eac9e18a6da6d98e600684,train,outer_train,neg_animal_class:64,,[],entity_6abb4bbfff22377d140a38df9eec4c659587438e25eac9e18a6da6d98e600684,admitted,[],[],[],provisional,admitted,[],[],candidate_pending_review_not_production,admitted,,candidate_pending_review_not_production
animal_class:113,animal_class,113,114,data/tiu_datasets/animal_class.csv,598ed996dd00dd6cddcf125fafad48ad7c4d827a91dfbd8202473354fdba0d97,7849a1f4526f123c57f3fe414a0ff2898f6eb126a36ee83b137e0cf2cd0e27a8,"{""label"":""0"",""statement"":""The octopus is a fish.""}",The octopus is a fish.,d1e32ab8a944d2de752366bbd2ffeb778622fa71b3a01eb3ae1f87b75e78e13c,0,animal_class,affirmative,octopus,entity_68fe80c9dc31be51d7b4b4dc39db6f2273a307764773be0829a1ed0fbc9a435e,train,outer_train,neg_animal_class:113,,[],entity_68fe80c9dc31be51d7b4b4dc39db6f2273a307764773be0829a1ed0fbc9a435e,admitted,[],[],[],provisional,admitted,[],[],candidate_pending_review_not_production,admitted,,candidate_pending_review_not_production
animal_class:99,animal_class,99,100,data/tiu_datasets/animal_class.csv,598ed996dd00dd6cddcf125fafad48ad7c4d827a91dfbd8202473354fdba0d97,f18c020c7b7b0e0f786e485dc183f3903777155253a0eda61333e445b2073263,"{""label"":""1"",""statement"":""The platypus is a mammal.""}",The platypus is a mammal.,92f617f00774508f4caef0ceacb358b0b7cacf2a45d911a0b252fa661dfa55ad,1,animal_class,affirmative,platypus,entity_9772371c01bbaf94b8c941a49b8e2561c950baa58549e2c0245e2f03ba000aac,train,outer_train,neg_animal_class:99,,[],entity_9772371c01bbaf94b8c941a49b8e2561c950baa58549e2c0245e2f03ba000aac,admitted,[],[],[],provisional,admitted,[],[],candidate_pending_review_not_production,admitted,,candidate_pending_review_not_production
animal_class:68,animal_class,68,69,data/tiu_datasets/animal_class.csv,598ed996dd00dd6cddcf125fafad48ad7c4d827a91dfbd8202473354fdba0d97,256f0f82d5998dad9945ef1bab35608f6caa3ac83bbdfc8944135f055a7b047e,"{""label"":""0"",""statement"":""The crocodile is a mammal.""}",The crocodile is a mammal.,6b1baa7b13c7ffe5bfcd6a277a491a28bcc5b304b00bcae7ce3cf3859dc38261,0,animal_class,affirmative,crocodile,entity_f8974887b17ff3afb0c21e90f66e134b2e2f2bbf9f5b0489d266dd304da3840d,train,outer_train,neg_animal_class:68,,[],entity_f8974887b17ff3afb0c21e90f66e134b2e2f2bbf9f5b0489d266dd304da3840d,admitted,[],[],[],provisional,admitted,[],[],candidate_pending_review_not_production,admitted,,candidate_pending_review_not_production
animal_class:142,animal_class,142,143,data/tiu_datasets/animal_class.csv,598ed996dd00dd6cddcf125fafad48ad7c4d827a91dfbd8202473354fdba0d97,9ca6149be54b8f43ae8c5e3ce8dc144053a17742ad31b26e535a036b03dd8774,"{""label"":""0"",""statement"":""The ostrich is a fish.""}",The ostrich is a fish.,8960aff4775865034b0c5a7baa6db6c1ca470e400e65c4020ea735040f725c25,0,animal_class,affirmative,ostrich,entity_03398019a378d4d2c73ee86bbb1d2f5bb2922f06c3e1a028b3bbbea93eef0785,train,outer_train,neg_animal_class:142,,[],entity_03398019a378d4d2c73ee86bbb1d2f5bb2922f06c3e1a028b3bbbea93eef0785,admitted,[],[],[],provisional,admitted,[],[],candidate_pending_review_not_production,admitted,,candidate_pending_review_not_production
animal_class:123,animal_class,123,124,data/tiu_datasets/animal_class.csv,598ed996dd00dd6cddcf125fafad48ad7c4d827a91dfbd8202473354fdba0d97,f8195ba73f8b0003812a2c96c58a28c17ed3ec7e5b94a29746fc9ba554cff9f6,"{""label"":""1"",""statement"":""The eagle is a bird.""}",The eagle is a bird.,49d885f792801d8e081aa06eb3e2722716516263845013ba4afe61aafd074826,1,animal_class,affirmative,eagle,entity_adf418dacaaa39c3175d4588127b685a161e131f97eb4c99a46285fc5bc5bc4c,train,outer_train,neg_animal_class:123,,[],entity_adf418dacaaa39c3175d4588127b685a161e131f97eb4c99a46285fc5bc5bc4c,admitted,[],[],[],provisional,admitted,[],[],candidate_pending_review_not_production,admitted,,candidate_pending_review_not_production
animal_class:74,animal_class,74,75,data/tiu_datasets/animal_class.csv,598ed996dd00dd6cddcf125fafad48ad7c4d827a91dfbd8202473354fdba0d97,de5b94a2bbd42b73f13acf831f26566fee273b356b61145d8b302078c19d0866,"{""label"":""1"",""statement"":""The squirrel is a mammal.""}",The squirrel is a mammal.,fec3d8ffffb9661c02072ff5964c48752bc6c57c2b4923dc6a4596cec59754ad,1,animal_class,affirmative,squirrel,entity_e33d2732392551a6325f8374f3a2b29a373983d6ffb8701e8240969063fc70d9,train,outer_train,neg_animal_class:74,,[],entity_e33d2732392551a6325f8374f3a2b29a373983d6ffb8701e8240969063fc70d9,admitted,[],[],[],provisional,admitted,[],[],candidate_pending_review_not_production,admitted,,candidate_pending_review_not_production
animal_class:33,animal_class,33,34,data/tiu_datasets/animal_class.csv,598ed996dd00dd6cddcf125fafad48ad7c4d827a91dfbd8202473354fdba0d97,564a00d8cb7d5065d8eae74c734750254da9caeef669e911334d9906b44ae28d,"{""label"":""1"",""statement"":""The flamingo is a bird.""}",The flamingo is a bird.,a37f5ae7ea381976116e654639c865d182cfc22f2d99f0052c9e108640be2ab6,1,animal_class,affirmative,flamingo,entity_6a8b5afe59059312f8510224439d00ac13083151e4f627d0ff57f2f0b8fb62fe,train,outer_train,neg_animal_class:33,,[],entity_6a8b5afe59059312f8510224439d00ac13083151e4f627d0ff57f2f0b8fb62fe,admitted,[],[],[],provisional,admitted,[],[],candidate_pending_review_not_production,admitted,,candidate_pending_review_not_production
animal_class:22,animal_class,22,23,data/tiu_datasets/animal_class.csv,598ed996dd00dd6cddcf125fafad48ad7c4d827a91dfbd8202473354fdba0d97,88f8c88466c7c9c0c640a2bd1a4203efb394c173653416ae1770288efcd77f22,"{""label"":""1"",""statement"":""The seahorse is a fish.""}",The seahorse is a fish.,e9879947ce28e779d39e3a36380aeb416ee2fbaa0d7cd0218ee347669724733e,1,animal_class,affirmative,seahorse,entity_49dda36b98cc615b18db1ef94a017f28112da18935d561e2d18c91e3385e0428,train,outer_train,neg_animal_class:22,,[],entity_49dda36b98cc615b18db1ef94a017f28112da18935d561e2d18c91e3385e0428,admitted,[],[],[],provisional,admitted,[],[],candidate_pending_review_not_production,admitted,,candidate_pending_review_not_production
animal_class:29,animal_class,29,30,data/tiu_datasets/animal_class.csv,598ed996dd00dd6cddcf125fafad48ad7c4d827a91dfbd8202473354fdba0d97,da4eb41536a73a12354cae44a558d53dcda625f3dfeffa89376fc4f8a1327933,"{""label"":""1"",""statement"":""The peacock is a bird.""}",The peacock is a bird.,607c7c395e7bf67903aa52c305d693f984e15898cf7100c4c4f88fa308e545b0,1,animal_class,affirmative,peacock,entity_95addcd92b49eab32a06b04f1e5f3827db40d9854ab12a1269a9fc9cb7800e4c,train,outer_train,neg_animal_class:29,,[],entity_95addcd92b49eab32a06b04f1e5f3827db40d9854ab12a1269a9fc9cb7800e4c,admitted,[],[],[],provisional,admitted,[],[],candidate_pending_review_not_production,admitted,,candidate_pending_review_not_production
animal_class:114,animal_class,114,115,data/tiu_datasets/animal_class.csv,598ed996dd00dd6cddcf125fafad48ad7c4d827a91dfbd8202473354fdba0d97,1767bdfe8b9cdd5162f8a2fa91d57dab5e509285b222bcbf41ba2a4e4282f233,"{""label"":""1"",""statement"":""The dolphin is a mammal.""}",The dolphin is a mammal.,b97d8a0800b947aaa99eb4a89ab69f07b673e042ca8757eeff00aa800d45dccb,1,animal_class,affirmative,dolphin,entity_64bc24902edb91380136ba50ddcf621045a1026f217c5b7c645d6a6863306dd5,train,outer_train,neg_animal_class:114,,[],entity_64bc24902edb91380136ba50ddcf621045a1026f217c5b7c645d6a6863306dd5,admitted,[],[],[],provisional,admitted,[],[],candidate_pending_review_not_production,admitted,,candidate_pending_review_not_production
animal_class:25,animal_class,25,26,data/tiu_datasets/animal_class.csv,598ed996dd00dd6cddcf125fafad48ad7c4d827a91dfbd8202473354fdba0d97,59cc53375c3dc4b9d49332d8bfe5ea755005739d0615941fbaccefd1f6c14432,"{""label"":""1"",""statement"":""The cassowary is a bird.""}",The cassowary is a bird.,551a6b84133ba251071bd107f3a889406263d2fe6908e8b91ff353e87c769538,1,animal_class,affirmative,cassowary,entity_4c405ed559daf5f9764dbf3f1c69f029d6828160db6c511a3aad45b998002a49,train,outer_train,neg_animal_class:25,,[],entity_4c405ed559daf5f9764dbf3f1c69f029d6828160db6c511a3aad45b998002a49,admitted,[],[],[],provisional,admitted,[],[],candidate_pending_review_not_production,admitted,,candidate_pending_review_not_production
animal_class:119,animal_class,119,120,data/tiu_datasets/animal_class.csv,598ed996dd00dd6cddcf125fafad48ad7c4d827a91dfbd8202473354fdba0d97,8ceb7e805c1a916c62279dbcc2cce05c026a6ad6c4171714eb8c047aad44adf5,"{""label"":""1"",""statement"":""The axolotl is a amphibian.""}",The axolotl is a amphibian.,c7444ba380f9756325033e9d5970864220639b98c247fc652de58fae6bb204d0,1,animal_class,affirmative,axolotl,entity_a610ee05dfb353899f79679ee9c116bb2c2e162a497d28068358835eab065ba1,train,outer_train,neg_animal_class:119,,[],entity_a610ee05dfb353899f79679ee9c116bb2c2e162a497d28068358835eab065ba1,admitted,[],[],[],provisional,admitted,[],[],candidate_pending_review_not_production,admitted,,candidate_pending_review_not_production
animal_class:47,animal_class,47,48,data/tiu_datasets/animal_class.csv,598ed996dd00dd6cddcf125fafad48ad7c4d827a91dfbd8202473354fdba0d97,0a816fdd58be8d1309979e24684ebc4aee3e51f4680171c57aa8b578c586d341,"{""label"":""1"",""statement"":""The parrot is a bird.""}",The parrot is a bird.,57fe74d7048ef6b8b55141b2e064652993486e2623667ce66ac22bf66b18af3d,1,animal_class,affirmative,parrot,entity_b4cb07ac5ad2aacbb9a15615c7c6e07b42d8d6a2c441a42cedee471f921245f5,train,outer_train,neg_animal_class:47,,[],entity_b4cb07ac5ad2aacbb9a15615c7c6e07b42d8d6a2c441a42cedee471f921245f5,admitted,[],[],[],provisional,admitted,[],[],candidate_pending_review_not_production,admitted,,candidate_pending_review_not_production
animal_class:83,animal_class,83,84,data/tiu_datasets/animal_class.csv,598ed996dd00dd6cddcf125fafad48ad7c4d827a91dfbd8202473354fdba0d97,9d580131c4c161e459674d35bb4fff480e77824d924b0377538d0183bf708784,"{""label"":""0"",""statement"":""The shark is a mammal.""}",The shark is a mammal.,ff70ae916a8535118e24ef3348c772a81095806fd6f4e48679a9ecc33b2f50f3,0,animal_class,affirmative,shark,entity_7697c9b82480da95a941743985726ecb704995ad81c68c7c5c8700eb2974d44a,train,outer_train,neg_animal_class:83,,[],entity_7697c9b82480da95a941743985726ecb704995ad81c68c7c5c8700eb2974d44a,admitted,[],[],[],provisional,admitted,[],[],candidate_pending_review_not_production,admitted,,candidate_pending_review_not_production
animal_class:138,animal_class,138,139,data/tiu_datasets/animal_class.csv,598ed996dd00dd6cddcf125fafad48ad7c4d827a91dfbd8202473354fdba0d97,fc5b3ecffff59dd326ffcd954fedeefb6f54f73fc49bf037587ae221ef83f02d,"{""label"":""0"",""statement"":""The snake is a fish.""}",The snake is a fish.,8a495078eb6a728aee953d33a2f09733f26c9c31e22eb7edf1f240cad4b38dba,0,animal_class,affirmative,snake,entity_fe2970983457319c7c8e4172b8e9e74a4b0f4c946b69a03ffa8769a754443723,train,outer_train,neg_animal_class:138,,[],entity_fe2970983457319c7c8e4172b8e9e74a4b0f4c946b69a03ffa8769a754443723,admitted,[],[],[],provisional,admitted,[],[],candidate_pending_review_not_production,admitted,,candidate_pending_review_not_production
animal_class:79,animal_class,79,80,data/tiu_datasets/animal_class.csv,598ed996dd00dd6cddcf125fafad48ad7c4d827a91dfbd8202473354fdba0d97,74eff7d847d9af12cd5ce247ef2f66dd736a9fe8d40b772071510623f4c6ebd5,"{""label"":""1"",""statement"":""The hyena is a mammal.""}",The hyena is a mammal.,814dd4043fdaf9ea7d6a626d2482ca21f23b7e448c5d70ff652035a553f806ae,1,animal_class,affirmative,hyena,entity_ffdcfdd88f9acb8d502007d2426151ddd9bf1c410fec8c52605c3d74abb5771e,train,outer_train,neg_animal_class:79,,[],entity_ffdcfdd88f9acb8d502007d2426151ddd9bf1c410fec8c52605c3d74abb5771e,admitted,[],[],[],provisional,admitted,[],[],candidate_pending_review_not_production,admitted,,candidate_pending_review_not_production
animal_class:16,animal_class,16,17,data/tiu_datasets/animal_class.csv,598ed996dd00dd6cddcf125fafad48ad7c4d827a91dfbd8202473354fdba0d97,8c85f42a54b1eda1ab2c23ba58a098573734e1d5609de2b784f5f18110ab98cf,"{""label"":""0"",""statement"":""The moose is a bird.""}",The moose is a bird.,9b4a3ae113d8af496f4c3c289c3a933e4d98f323f5fcf1e047eb7fe2606c0b2d,0,animal_class,affirmative,moose,entity_4ad5850fa3ea2da1ee20f1c2f056d7c933a74174ced044ee46bb3514951951d6,train,outer_train,neg_animal_class:16,,[],entity_4ad5850fa3ea2da1ee20f1c2f056d7c933a74174ced044ee46bb3514951951d6,admitted,[],[],[],provisional,admitted,[],[],candidate_pending_review_not_production,admitted,,candidate_pending_review_not_production
animal_class:71,animal_class,71,72,data/tiu_datasets/animal_class.csv,598ed996dd00dd6cddcf125fafad48ad7c4d827a91dfbd8202473354fdba0d97,3972054fd62dbf0174cca990fae15af62e7bcd8cd4d31d73d8a95f3651f76c68,"{""label"":""0"",""statement"":""The cheetah is a insect.""}",The cheetah is a insect.,ba9f449bdec2ad6efbadfab348dea0bea03cab02fd676ed274fe4fce2a3b1135,0,animal_class,affirmative,cheetah,entity_99fada9747fb0a6b100222960ebd7ddef0adfe9a4e1b391867edf9d5b25bf8e1,train,outer_train,neg_animal_class:71,,[],entity_99fada9747fb0a6b100222960ebd7ddef0adfe9a4e1b391867edf9d5b25bf8e1,admitted,[],[],[],provisional,admitted,[],[],candidate_pending_review_not_production,admitted,,candidate_pending_review_not_production
animal_class:10,animal_class,10,11,data/tiu_datasets/animal_class.csv,598ed996dd00dd6cddcf125fafad48ad7c4d827a91dfbd8202473354fdba0d97,e8dff93a104c2346e243cd437f9be2fba8fca5124f3415947fb9d9724b2a9cd1,"{""label"":""1"",""statement"":""The gorilla is a mammal.""}",The gorilla is a mammal.,9dd7fc14ec7ec568894094620ae400893a2f518546b893ed976ad0f0ab18b63b,1,animal_class,affirmative,gorilla,entity_4d8dcd8163b6efdb6c45dfa5238d9b80b7150256bd63b15fe99b9c6a521bae21,train,outer_train,neg_animal_class:10,,[],entity_4d8dcd8163b6efdb6c45dfa5238d9b80b7150256bd63b15fe99b9c6a521bae21,admitted,[],[],[],provisional,admitted,[],[],candidate_pending_review_not_production,admitted,,candidate_pending_review_not_production
animal_class:98,animal_class,98,99,data/tiu_datasets/animal_class.csv,598ed996dd00dd6cddcf125fafad48ad7c4d827a91dfbd8202473354fdba0d97,4a7a0fb7eb562594a634941a9691eb54461bba4f1eecc75da7c3ba43b9a9ef84,"{""label"":""1"",""statement"":""The bison is a mammal.""}",The bison is a mammal.,4d54f9f95f6fbe13f40a89aba41517fc4eed821b3de21295d31e434def14884c,1,animal_class,affirmative,bison,entity_dd5ebd3b3a3bd0f8632af49031cac6018efd3619d8419f5d2d4ab990e5399c3f,train,outer_train,neg_animal_class:98,,[],entity_dd5ebd3b3a3bd0f8632af49031cac6018efd3619d8419f5d2d4ab990e5399c3f,admitted,[],[],[],provisional,admitted,[],[],candidate_pending_review_not_production,admitted,,candidate_pending_review_not_production
animal_class:97,animal_class,97,98,data/tiu_datasets/animal_class.csv,598ed996dd00dd6cddcf125fafad48ad7c4d827a91dfbd8202473354fdba0d97,5e48ea2587e259723bc0eb3086dd9d264deb69982b3c2095ebac05610d24e6b7,"{""label"":""0"",""statement"":""The seagull is a mammal.""}",The seagull is a mammal.,8372029c940ac6a169b6d4f3e192970dca147ecf6a98c0c41a5517e651a9194c,0,animal_class,affirmative,seagull,entity_857bc5bdaf78be4c437e30072c62d05051d684450e3b129752762a74b68acde1,train,outer_train,neg_animal_class:97,,[],entity_857bc5bdaf78be4c437e30072c62d05051d684450e3b129752762a74b68acde1,admitted,[],[],[],provisional,admitted,[],[],candidate_pending_review_not_production,admitted,,candidate_pending_review_not_production
animal_class:4,animal_class,4,5,data/tiu_datasets/animal_class.csv,598ed996dd00dd6cddcf125fafad48ad7c4d827a91dfbd8202473354fdba0d97,e93b9fb4c4bee55fabe2e7b088a64ffc283c4e6b1d049ca0b0945d1a4b3f72cd,"{""label"":""1"",""statement"":""The horse is a mammal.""}",The horse is a mammal.,146c05f4f77a974cf52ab1563749ffe0e90412930167ddcb84fceafbe9fcab02,1,animal_class,affirmative,horse,entity_08b83241ed80ac7928bba3c7c361e43dec1bd2f5d921eebcf5f09bf6e9d2a27e,train,outer_train,neg_animal_class:4,,[],entity_08b83241ed80ac7928bba3c7c361e43dec1bd2f5d921eebcf5f09bf6e9d2a27e,admitted,[],[],[],provisional,admitted,[],[],candidate_pending_review_not_production,admitted,,candidate_pending_review_not_production
animal_class:37,animal_class,37,38,data/tiu_datasets/animal_class.csv,598ed996dd00dd6cddcf125fafad48ad7c4d827a91dfbd8202473354fdba0d97,1eaf96b63337bdde40bfac759f93694a85786d09320e16f25cde8e122731307b,"{""label"":""0"",""statement"":""The slug is a mammal.""}",The slug is a mammal.,add05c3b700d48795b90f60b7dbc5eb9acf54a034cba91da16bf85bb2ffa9316,0,animal_class,affirmative,slug,entity_33cb025ed42cb1797a8a25566f41cb7e75851c889b4b03c454a138ecfd319bd3,train,outer_train,neg_animal_class:37,,[],entity_33cb025ed42cb1797a8a25566f41cb7e75851c889b4b03c454a138ecfd319bd3,admitted,[],[],[],provisional,admitted,[],[],candidate_pending_review_not_production,admitted,,candidate_pending_review_not_production
animal_class:140,animal_class,140,141,data/tiu_datasets/animal_class.csv,598ed996dd00dd6cddcf125fafad48ad7c4d827a91dfbd8202473354fdba0d97,432934b1e659b4cabd7ca0eb6979098bb9884fb379bf423a77b0974b166839ce,"{""label"":""1"",""statement"":""The moose is a mammal.""}",The moose is a mammal.,faabbb3ac7334d3277dd99e7ffa32beecb969d2decdc9c195fe02a7d75ac4f40,1,animal_class,affirmative,moose,entity_4ad5850fa3ea2da1ee20f1c2f056d7c933a74174ced044ee46bb3514951951d6,train,outer_train,neg_animal_class:140,,[],entity_4ad5850fa3ea2da1ee20f1c2f056d7c933a74174ced044ee46bb3514951951d6,admitted,[],[],[],provisional,admitted,[],[],candidate_pending_review_not_production,admitted,,candidate_pending_review_not_production
animal_class:31,animal_class,31,32,data/tiu_datasets/animal_class.csv,598ed996dd00dd6cddcf125fafad48ad7c4d827a91dfbd8202473354fdba0d97,233ea8ad93dc60a4d51eead5aefe7e2feb219422bf9db50c3103e12f9cf26623,"{""label"":""1"",""statement"":""The seagull is a bird.""}",The seagull is a bird.,92a78a27155f61e4fc210434877f5390b4c8a634422dd9c4826d8ca6458a329f,1,animal_class,affirmative,seagull,entity_857bc5bdaf78be4c437e30072c62d05051d684450e3b129752762a74b68acde1,train,outer_train,neg_animal_class:31,,[],entity_857bc5bdaf78be4c437e30072c62d05051d684450e3b129752762a74b68acde1,admitted,[],[],[],provisional,admitted,[],[],candidate_pending_review_not_production,admitted,,candidate_pending_review_not_production
animal_class:100,animal_class,100,101,data/tiu_datasets/animal_class.csv,598ed996dd00dd6cddcf125fafad48ad7c4d827a91dfbd8202473354fdba0d97,1588f1ffd75d115f284ffe39ed63501f7385598825b42099ae2a57bea528ee80,"{""label"":""0"",""statement"":""The cat is a bird.""}",The cat is a bird.,51aa94055ffdac93e2da4223d37f0b134a1b219908397313692db4d49e84ad4f,0,animal_class,affirmative,cat,entity_169599af0fea9fc83c9921b74f8782f4569d018434db713fa1cc0b27be3b4d5c,train,outer_train,neg_animal_class:100,,[],entity_169599af0fea9fc83c9921b74f8782f4569d018434db713fa1cc0b27be3b4d5c,admitted,[],[],[],provisional,admitted,[],[],candidate_pending_review_not_production,admitted,,candidate_pending_review_not_production
animal_class:73,animal_class,73,74,data/tiu_datasets/animal_class.csv,598ed996dd00dd6cddcf125fafad48ad7c4d827a91dfbd8202473354fdba0d97,61d7aa593c53d3d3a5742082e74f8691601d29f42632819e9df1a7be4b02d130,"{""label"":""0"",""statement"":""The tarantula is a insect.""}",The tarantula is a insect.,a8242868f4e26522fac544d87d6a17e4b3c75a80fdb08d35b0792cd82d06bc4b,0,animal_class,affirmative,tarantula,entity_e08b106bed1dc6e83945dcabc6863df4ad3a1e5a10f4cf9ab93a9ab38b20324f,train,outer_train,neg_animal_class:73,,[],entity_e08b106bed1dc6e83945dcabc6863df4ad3a1e5a10f4cf9ab93a9ab38b20324f,admitted,[],[],[],provisional,admitted,[],[],candidate_pending_review_not_production,admitted,,candidate_pending_review_not_production
animal_class:11,animal_class,11,12,data/tiu_datasets/animal_class.csv,598ed996dd00dd6cddcf125fafad48ad7c4d827a91dfbd8202473354fdba0d97,3390a5a1e5993b50a67d80884970eaa512a9d2ba639fd8278e1863026f8e1ae1,"{""label"":""1"",""statement"":""The cheetah is a mammal.""}",The cheetah is a mammal.,e86eb1e7e0a3ea52b85db8e3fb347ff33398d79af7f763d4e41fa749c437b9c9,1,animal_class,affirmative,cheetah,entity_99fada9747fb0a6b100222960ebd7ddef0adfe9a4e1b391867edf9d5b25bf8e1,train,outer_train,neg_animal_class:11,,[],entity_99fada9747fb0a6b100222960ebd7ddef0adfe9a4e1b391867edf9d5b25bf8e1,admitted,[],[],[],provisional,admitted,[],[],candidate_pending_review_not_production,admitted,,candidate_pending_review_not_production
animal_class:104,animal_class,104,105,data/tiu_datasets/animal_class.csv,598ed996dd00dd6cddcf125fafad48ad7c4d827a91dfbd8202473354fdba0d97,9538f455ef57408d98c18f6597802e9557fdf1f756743e99776c801e56b73661,"{""label"":""0"",""statement"":""The lobster is a mammal.""}",The lobster is a mammal.,f1f31a548f9ae1aaa3a4dee0f80d0d4ced0e8e813eab2513ce61448c99b12274,0,animal_class,affirmative,lobster,entity_f437f7ff80f2a27dcb587f0fe58c6b819240955884f9409f228b98ab9b9e4706,train,outer_train,neg_animal_class:104,,[],entity_f437f7ff80f2a27dcb587f0fe58c6b819240955884f9409f228b98ab9b9e4706,admitted,[],[],[],provisional,admitted,[],[],candidate_pending_review_not_production,admitted,,candidate_pending_review_not_production
animal_class:112,animal_class,112,113,data/tiu_datasets/animal_class.csv,598ed996dd00dd6cddcf125fafad48ad7c4d827a91dfbd8202473354fdba0d97,5c5b93cbef8aa6de1a2b6f62790caf81df777b5106e781cd5f909f06e4057e9a,"{""label"":""1"",""statement"":""The gazelle is a mammal.""}",The gazelle is a mammal.,e6f4ea47f849880b2ab92f74afa3a263da98104997227e9f059eed1b43d4908c,1,animal_class,affirmative,gazelle,entity_56dda79fb88a7ddd5ca98f6ae47726a0fd2ec9c3dec56fbcc53dfd80c7912140,train,outer_train,neg_animal_class:112,,[],entity_56dda79fb88a7ddd5ca98f6ae47726a0fd2ec9c3dec56fbcc53dfd80c7912140,admitted,[],[],[],provisional,admitted,[],[],candidate_pending_review_not_production,admitted,,candidate_pending_review_not_production
animal_class:163,animal_class,163,164,data/tiu_datasets/animal_class.csv,598ed996dd00dd6cddcf125fafad48ad7c4d827a91dfbd8202473354fdba0d97,d8b7c316f434553912fe6ff8aefde3b2a89a11fe18ea2f359777ffdd069e331f,"{""label"":""1"",""statement"":""The alpaca is a mammal.""}",The alpaca is a mammal.,0eb9a94c5820f080399389ab64b967e4357e4a5e4e43e721f0b16e70b072f88f,1,animal_class,affirmative,alpaca,entity_94086439f6f5213caf5eb4ec1a721f49ce9adff94dc6a4efab321fb15a3731fa,train,outer_train,neg_animal_class:163,,[],entity_94086439f6f5213caf5eb4ec1a721f49ce9adff94dc6a4efab321fb15a3731fa,admitted,[],[],[],provisional,admitted,[],[],candidate_pending_review_not_production,admitted,,candidate_pending_review_not_production
animal_class:30,animal_class,30,31,data/tiu_datasets/animal_class.csv,598ed996dd00dd6cddcf125fafad48ad7c4d827a91dfbd8202473354fdba0d97,f58611af42116fd3c027d70482828da0321bcfe880fe912058b0fb1ee3abdbc7,"{""label"":""0"",""statement"":""The walrus is a mollusk.""}",The walrus is a mollusk.,8bfaf7bbc02902b102c3f11983d768a7355cda6a20f89170971c7001b982039d,0,animal_class,affirmative,walrus,entity_36b697392bc276973d8a123d9c188a8291ee4ef1f45ed4dbc1a98216d0329932,train,outer_train,neg_animal_class:30,,[],entity_36b697392bc276973d8a123d9c188a8291ee4ef1f45ed4dbc1a98216d0329932,admitted,[],[],[],provisional,admitted,[],[],candidate_pending_review_not_production,admitted,,candidate_pending_review_not_production
animal_class:69,animal_class,69,70,data/tiu_datasets/animal_class.csv,598ed996dd00dd6cddcf125fafad48ad7c4d827a91dfbd8202473354fdba0d97,6cbbaf3d12f45ffe2b91fae2a896a240eed7ef59687c20e80823b489480e4d7b,"{""label"":""0"",""statement"":""The peacock is a mammal.""}",The peacock is a mammal.,be83b4932b9eade6fe2fd35004819103a08f7d7a5cd8d53991b12aed376b8c0c,0,animal_class,affirmative,peacock,entity_95addcd92b49eab32a06b04f1e5f3827db40d9854ab12a1269a9fc9cb7800e4c,train,outer_train,neg_animal_class:69,,[],entity_95addcd92b49eab32a06b04f1e5f3827db40d9854ab12a1269a9fc9cb7800e4c,admitted,[],[],[],provisional,admitted,[],[],candidate_pending_review_not_production,admitted,,candidate_pending_review_not_production
animal_class:151,animal_class,151,152,data/tiu_datasets/animal_class.csv,598ed996dd00dd6cddcf125fafad48ad7c4d827a91dfbd8202473354fdba0d97,a7f904fc6c98d91f51310540a817ab061a813daabc5a2ae4e9d28a326041fcd2,"{""label"":""0"",""statement"":""The seahorse is a mammal.""}",The seahorse is a mammal.,a053d6ca14d4de8cd72b8b2746393ef66b40075f84c742ff09e3a14843d0f40a,0,animal_class,affirmative,seahorse,entity_49dda36b98cc615b18db1ef94a017f28112da18935d561e2d18c91e3385e0428,train,outer_train,neg_animal_class:151,,[],entity_49dda36b98cc615b18db1ef94a017f28112da18935d561e2d18c91e3385e0428,admitted,[],[],[],provisional,admitted,[],[],candidate_pending_review_not_production,admitted,,candidate_pending_review_not_production
animal_class:78,animal_class,78,79,data/tiu_datasets/animal_class.csv,598ed996dd00dd6cddcf125fafad48ad7c4d827a91dfbd8202473354fdba0d97,0491144ec38ae2ac85440ebeb76dde82dd6a6419302d262e29b6ae0a74a66173,"{""label"":""1"",""statement"":""The cat is a mammal.""}",The cat is a mammal.,b9fc4ee959cbf7736c57c9a8c5eca655adaccd677abb8734dc8e3f3118bdd7b7,1,animal_class,affirmative,cat,entity_169599af0fea9fc83c9921b74f8782f4569d018434db713fa1cc0b27be3b4d5c,train,outer_train,neg_animal_class:78,,[],entity_169599af0fea9fc83c9921b74f8782f4569d018434db713fa1cc0b27be3b4d5c,admitted,[],[],[],provisional,admitted,[],[],candidate_pending_review_not_production,admitted,,candidate_pending_review_not_production
animal_class:38,animal_class,38,39,data/tiu_datasets/animal_class.csv,598ed996dd00dd6cddcf125fafad48ad7c4d827a91dfbd8202473354fdba0d97,c7c5fa2a485b6243974366254cfb3a0b7bac02101b1ce277d21680ec7cbd6953,"{""label"":""0"",""statement"":""The horse is a mollusk.""}",The horse is a mollusk.,13cf680dd06b375988980ca88a0ed39a033a48d02c574c5c4772f50a87dd5df9,0,animal_class,affirmative,horse,entity_08b83241ed80ac7928bba3c7c361e43dec1bd2f5d921eebcf5f09bf6e9d2a27e,train,outer_train,neg_animal_class:38,,[],entity_08b83241ed80ac7928bba3c7c361e43dec1bd2f5d921eebcf5f09bf6e9d2a27e,admitted,[],[],[],provisional,admitted,[],[],candidate_pending_review_not_production,admitted,,candidate_pending_review_not_production
animal_class:160,animal_class,160,161,data/tiu_datasets/animal_class.csv,598ed996dd00dd6cddcf125fafad48ad7c4d827a91dfbd8202473354fdba0d97,58a41cb81409b5f352e8d0cbcd342af63f5e21be18b588b4fd30bb403934f0e7,"{""label"":""0"",""statement"":""The tapir is a bird.""}",The tapir is a bird.,40ac4cdd83c1a427fae01cd68a960b7a1e6e8695aa9f3a266a2e4b3afd7a5d2f,0,animal_class,affirmative,tapir,entity_c99e4f6ba7449c95d5d022d7af4e5fb1db4858bd62af1ef32ec347e4a9e772a2,train,outer_train,neg_animal_class:160,,[],entity_c99e4f6ba7449c95d5d022d7af4e5fb1db4858bd62af1ef32ec347e4a9e772a2,admitted,[],[],[],provisional,admitted,[],[],candidate_pending_review_not_production,admitted,,candidate_pending_review_not_production
animal_class:120,animal_class,120,121,data/tiu_datasets/animal_class.csv,598ed996dd00dd6cddcf125fafad48ad7c4d827a91dfbd8202473354fdba0d97,663b595a75be7188ac63ab274871e1fb729b8bc7b45d432154e93a33526819c3,"{""label"":""0"",""statement"":""The hamster is a fish.""}",The hamster is a fish.,7e6d60f967309f3a64dc93e163ec0eba8698280df79b01a96ded43562898d033,0,animal_class,affirmative,hamster,entity_9e1a6cabed1ee178cfba6190c44b1fa2794fff6e447cc15b729422ba2e4d6cc4,train,outer_train,neg_animal_class:120,,[],entity_9e1a6cabed1ee178cfba6190c44b1fa2794fff6e447cc15b729422ba2e4d6cc4,admitted,[],[],[],provisional,admitted,[],[],candidate_pending_review_not_production,admitted,,candidate_pending_review_not_production
animal_class:2,animal_class,2,3,data/tiu_datasets/animal_class.csv,598ed996dd00dd6cddcf125fafad48ad7c4d827a91dfbd8202473354fdba0d97,6498ba49e418b48feef2a1a9894f00a8621ebcc89c2d1d73d10ebb8e8730803f,"{""label"":""1"",""statement"":""The lobster is a crustacean.""}",The lobster is a crustacean.,5a660780ca8ad8ea61fb5174613149adae1b5ee31502d190cb2d77fe096784e3,1,animal_class,affirmative,lobster,entity_f437f7ff80f2a27dcb587f0fe58c6b819240955884f9409f228b98ab9b9e4706,train,outer_train,neg_animal_class:2,,[],entity_f437f7ff80f2a27dcb587f0fe58c6b819240955884f9409f228b98ab9b9e4706,admitted,[],[],[],provisional,admitted,[],[],candidate_pending_review_not_production,admitted,,candidate_pending_review_not_production
animal_class:109,animal_class,109,110,data/tiu_datasets/animal_class.csv,598ed996dd00dd6cddcf125fafad48ad7c4d827a91dfbd8202473354fdba0d97,5ab322b5a4467745f7e7c4399e51f4a8b2c079e6af106a1dd9900f5d877d3601,"{""label"":""0"",""statement"":""The koala is a fish.""}",The koala is a fish.,1775c6011ff2c731df8440e40fa9f3029ab220f286cc21176da7b3c8e99488d2,0,animal_class,affirmative,koala,entity_694b218264497897f3fd4fbe2e6be835c1cc925ac08ecf6626f5a0d3e9289f22,train,outer_train,neg_animal_class:109,,[],entity_694b218264497897f3fd4fbe2e6be835c1cc925ac08ecf6626f5a0d3e9289f22,admitted,[],[],[],provisional,admitted,[],[],candidate_pending_review_not_production,admitted,,candidate_pending_review_not_production
animal_class:137,animal_class,137,138,data/tiu_datasets/animal_class.csv,598ed996dd00dd6cddcf125fafad48ad7c4d827a91dfbd8202473354fdba0d97,dc86eb52991fd29b0f680d1594fbfde6cfef4c9fea712c2d649d08ba1ce3d635,"{""label"":""0"",""statement"":""The hedgehog is a bird.""}",The hedgehog is a bird.,86f23776c2c9a3b32926947ab4409a16d87143f6c8894cf6afdecc57bdf6b58c,0,animal_class,affirmative,hedgehog,entity_e5c5d003f4f1a533abe1d9ff94cc2c0315fc9eee40b7586090e690af6292000a,train,outer_train,neg_animal_class:137,,[],entity_e5c5d003f4f1a533abe1d9ff94cc2c0315fc9eee40b7586090e690af6292000a,admitted,[],[],[],provisional,admitted,[],[],candidate_pending_review_not_production,admitted,,candidate_pending_review_not_production
animal_class:106,animal_class,106,107,data/tiu_datasets/animal_class.csv,598ed996dd00dd6cddcf125fafad48ad7c4d827a91dfbd8202473354fdba0d97,279a79945feca882f49c6ca3c33bfb540b57402c09d77398ef369b1b9995a11e,"{""label"":""1"",""statement"":""The hamster is a mammal.""}",The hamster is a mammal.,654b048743e27c359b3fbfbabf678c2bac4dd6ccec7226cded3938e1f2484db3,1,animal_class,affirmative,hamster,entity_9e1a6cabed1ee178cfba6190c44b1fa2794fff6e447cc15b729422ba2e4d6cc4,train,outer_train,neg_animal_class:106,,[],entity_9e1a6cabed1ee178cfba6190c44b1fa2794fff6e447cc15b729422ba2e4d6cc4,admitted,[],[],[],provisional,admitted,[],[],candidate_pending_review_not_production,admitted,,candidate_pending_review_not_production
animal_class:145,animal_class,145,146,data/tiu_datasets/animal_class.csv,598ed996dd00dd6cddcf125fafad48ad7c4d827a91dfbd8202473354fdba0d97,5af7aa0b3bd7fa24a34c3b454ef5a7a422ef84aa2345e14b9010d8d29b7e0860,"{""label"":""0"",""statement"":""The gorilla is a amphibian.""}",The gorilla is a amphibian.,ba0f3740b111f776f27c6b4da463c2d628046828827e0fade327282946cddce6,0,animal_class,affirmative,gorilla,entity_4d8dcd8163b6efdb6c45dfa5238d9b80b7150256bd63b15fe99b9c6a521bae21,train,outer_train,neg_animal_class:145,,[],entity_4d8dcd8163b6efdb6c45dfa5238d9b80b7150256bd63b15fe99b9c6a521bae21,admitted,[],[],[],provisional,admitted,[],[],candidate_pending_review_not_production,admitted,,candidate_pending_review_not_production
animal_class:52,animal_class,52,53,data/tiu_datasets/animal_class.csv,598ed996dd00dd6cddcf125fafad48ad7c4d827a91dfbd8202473354fdba0d97,47d978e761ebdf43afd3ceb4257c3a6d0050c4f9c630105da5255b161b59f3c5,"{""label"":""0"",""statement"":""The chimpanzee is a fish.""}",The chimpanzee is a fish.,5840b33740c027f61cb8e44cfd527f42fa155aeb26490215bcf0e880a12c1f8f,0,animal_class,affirmative,chimpanzee,entity_d193a983bb84e2b2bad3fdaca343588c64d9a1a01a2da0e94d2acbcfb13cb58f,train,outer_train,neg_animal_class:52,,[],entity_d193a983bb84e2b2bad3fdaca343588c64d9a1a01a2da0e94d2acbcfb13cb58f,admitted,[],[],[],provisional,admitted,[],[],candidate_pending_review_not_production,admitted,,candidate_pending_review_not_production
animal_class:110,animal_class,110,111,data/tiu_datasets/animal_class.csv,598ed996dd00dd6cddcf125fafad48ad7c4d827a91dfbd8202473354fdba0d97,118d86fd891ff195183f93039615907ca5dd6f19845111b067e5dae5ce864dc8,"{""label"":""1"",""statement"":""The jellyfish is a cnidarian.""}",The jellyfish is a cnidarian.,4c95bbc93a21efcc121c8a8e943f411c0947d34cd19e4dff86a1dd796d87c3c9,1,animal_class,affirmative,jellyfish,entity_2675b18d22ab41fd83a19957ee0ddd0980d15500682ca9da1430e707e249ee1a,train,outer_train,neg_animal_class:110,,[],entity_2675b18d22ab41fd83a19957ee0ddd0980d15500682ca9da1430e707e249ee1a,admitted,[],[],[],provisional,admitted,[],[],candidate_pending_review_not_production,admitted,,candidate_pending_review_not_production
animal_class:128,animal_class,128,129,data/tiu_datasets/animal_class.csv,598ed996dd00dd6cddcf125fafad48ad7c4d827a91dfbd8202473354fdba0d97,6f8f37ab96bede817fa1df2c2acd86e22c0c0749216b9a394f2c6786444a02d6,"{""label"":""1"",""statement"":""The octopus is a mollusk.""}",The octopus is a mollusk.,b6a94c283857e184fa1c8d80f7d3fef3ad43fbaf910cea0dd817be50629b38f7,1,animal_class,affirmative,octopus,entity_68fe80c9dc31be51d7b4b4dc39db6f2273a307764773be0829a1ed0fbc9a435e,train,outer_train,neg_animal_class:128,,[],entity_68fe80c9dc31be51d7b4b4dc39db6f2273a307764773be0829a1ed0fbc9a435e,admitted,[],[],[],provisional,admitted,[],[],candidate_pending_review_not_production,admitted,,candidate_pending_review_not_production
animal_class:105,animal_class,105,106,data/tiu_datasets/animal_class.csv,598ed996dd00dd6cddcf125fafad48ad7c4d827a91dfbd8202473354fdba0d97,baa4c604ef284a93e87cb593eabd66c56369afbfb3d07968cdcc73d60e02d292,"{""label"":""0"",""statement"":""The cassowary is a mammal.""}",The cassowary is a mammal.,ad6a37808b6afad3623b41fdda9c3d9b2bd5808879183eec992a1c3bd286d393,0,animal_class,affirmative,cassowary,entity_4c405ed559daf5f9764dbf3f1c69f029d6828160db6c511a3aad45b998002a49,train,outer_train,neg_animal_class:105,,[],entity_4c405ed559daf5f9764dbf3f1c69f029d6828160db6c511a3aad45b998002a49,admitted,[],[],[],provisional,admitted,[],[],candidate_pending_review_not_production,admitted,,candidate_pending_review_not_production
animal_class:101,animal_class,101,102,data/tiu_datasets/animal_class.csv,598ed996dd00dd6cddcf125fafad48ad7c4d827a91dfbd8202473354fdba0d97,692649659d629e643ab3e96cc97be4a1e84bbbeb18e3a02d227c0603465adfa1,"{""label"":""1"",""statement"":""The mongoose is a mammal.""}",The mongoose is a mammal.,b1d7e45b05fa2dd585911504c29f423b5b270ae9183f4a998250920278011b61,1,animal_class,affirmative,mongoose,entity_897679fa829944c5683fba4dde56773a703ff1b11cd768b003bbf2554e0ece58,train,outer_train,neg_animal_class:101,,[],entity_897679fa829944c5683fba4dde56773a703ff1b11cd768b003bbf2554e0ece58,admitted,[],[],[],provisional,admitted,[],[],candidate_pending_review_not_production,admitted,,candidate_pending_review_not_production
animal_class:43,animal_class,43,44,data/tiu_datasets/animal_class.csv,598ed996dd00dd6cddcf125fafad48ad7c4d827a91dfbd8202473354fdba0d97,2ee9541ac77f5808b742ff5184dd9d96adb247d32a78b98e226c1219662747b5,"{""label"":""0"",""statement"":""The hippopotamus is a reptile.""}",The hippopotamus is a reptile.,4d2e657aad1769663f198621aac251431f4ce97991acfe42589125418bdb8e9a,0,animal_class,affirmative,hippopotamus,entity_483c04577fa366e36374dd410ea22ba91850d53f8763df0431f09f00c7f251c0,train,outer_train,neg_animal_class:43,,[],entity_483c04577fa366e36374dd410ea22ba91850d53f8763df0431f09f00c7f251c0,admitted,[],[],[],provisional,admitted,[],[],candidate_pending_review_not_production,admitted,,candidate_pending_review_not_production
animal_class:7,animal_class,7,8,data/tiu_datasets/animal_class.csv,598ed996dd00dd6cddcf125fafad48ad7c4d827a91dfbd8202473354fdba0d97,83bb7c3eb48029d3e20c0e20d93172100ef3682d5f9e1a1c94fc5ccd4fb58a89,"{""label"":""1"",""statement"":""The hummingbird is a bird.""}",The hummingbird is a bird.,3f8fc0400cfa6de3a10fa3ebfff483af747c4f7b5199beb8208d195f1164f0af,1,animal_class,affirmative,hummingbird,entity_797598c9fa00f88bdc9c42cfcebb86b87a6747d50899b03bbd1b4730bfb09c47,train,outer_train,neg_animal_class:7,,[],entity_797598c9fa00f88bdc9c42cfcebb86b87a6747d50899b03bbd1b4730bfb09c47,admitted,[],[],[],provisional,admitted,[],[],candidate_pending_review_not_production,admitted,,candidate_pending_review_not_production
animal_class:152,animal_class,152,153,data/tiu_datasets/animal_class.csv,598ed996dd00dd6cddcf125fafad48ad7c4d827a91dfbd8202473354fdba0d97,8ccda23f2a0c9a83b7b37fcad6fdaac6221da8a1f1ba2f420e581eed8192a505,"{""label"":""1"",""statement"":""The crocodile is a reptile.""}",The crocodile is a reptile.,b79036b93e201bfafd4e174780965d4f3e35a57622a82f08f51cbc6f1bd85c87,1,animal_class,affirmative,crocodile,entity_f8974887b17ff3afb0c21e90f66e134b2e2f2bbf9f5b0489d266dd304da3840d,train,outer_train,neg_animal_class:152,,[],entity_f8974887b17ff3afb0c21e90f66e134b2e2f2bbf9f5b0489d266dd304da3840d,admitted,[],[],[],provisional,admitted,[],[],candidate_pending_review_not_production,admitted,,candidate_pending_review_not_production
animal_class:75,animal_class,75,76,data/tiu_datasets/animal_class.csv,598ed996dd00dd6cddcf125fafad48ad7c4d827a91dfbd8202473354fdba0d97,f0c29a08811affd74d62d3f6e7848eb69f78aee9a2cad98174af8fa0c235ef1f,"{""label"":""1"",""statement"":""The chimpanzee is a mammal.""}",The chimpanzee is a mammal.,803496b1990c519e0e390800ff72caefae784ecc4e009ec4750a46661a07809d,1,animal_class,affirmative,chimpanzee,entity_d193a983bb84e2b2bad3fdaca343588c64d9a1a01a2da0e94d2acbcfb13cb58f,train,outer_train,neg_animal_class:75,,[],entity_d193a983bb84e2b2bad3fdaca343588c64d9a1a01a2da0e94d2acbcfb13cb58f,admitted,[],[],[],provisional,admitted,[],[],candidate_pending_review_not_production,admitted,,candidate_pending_review_not_production
animal_class:117,animal_class,117,118,data/tiu_datasets/animal_class.csv,598ed996dd00dd6cddcf125fafad48ad7c4d827a91dfbd8202473354fdba0d97,f51143301f06b773916a22507b1948b88d972e03b28fec455564cc86f79f3616,"{""label"":""0"",""statement"":""The bison is a amphibian.""}",The bison is a amphibian.,91f97b332bcdf0e031681daf3c7dc432ddd19e804a8d1b08ba54df0fd437a9c3,0,animal_class,affirmative,bison,entity_dd5ebd3b3a3bd0f8632af49031cac6018efd3619d8419f5d2d4ab990e5399c3f,train,outer_train,neg_animal_class:117,,[],entity_dd5ebd3b3a3bd0f8632af49031cac6018efd3619d8419f5d2d4ab990e5399c3f,admitted,[],[],[],provisional,admitted,[],[],candidate_pending_review_not_production,admitted,,candidate_pending_review_not_production
animal_class:42,animal_class,42,43,data/tiu_datasets/animal_class.csv,598ed996dd00dd6cddcf125fafad48ad7c4d827a91dfbd8202473354fdba0d97,36e88f0a025654c86be7acc3c4f1fb5fde6a0b1f57dd4605bb65ccbd0a1da86c,"{""label"":""1"",""statement"":""The slug is a mollusk.""}",The slug is a mollusk.,eb6e68f1dd523e657b7609382f1e4bfec348f99da223724b9a021f5d0b3be450,1,animal_class,affirmative,slug,entity_33cb025ed42cb1797a8a25566f41cb7e75851c889b4b03c454a138ecfd319bd3,train,outer_train,neg_animal_class:42,,[],entity_33cb025ed42cb1797a8a25566f41cb7e75851c889b4b03c454a138ecfd319bd3,admitted,[],[],[],provisional,admitted,[],[],candidate_pending_review_not_production,admitted,,candidate_pending_review_not_production
animal_class:131,animal_class,131,132,data/tiu_datasets/animal_class.csv,598ed996dd00dd6cddcf125fafad48ad7c4d827a91dfbd8202473354fdba0d97,757927946401d2ba5243968ff52ebbf04fe84796d654bafe7d7a32bfd4b95c3a,"{""label"":""0"",""statement"":""The hummingbird is a mammal.""}",The hummingbird is a mammal.,0436c834168cdcb83aed3f125162df29c5d8a2633e3623972c64e22febc67f98,0,animal_class,affirmative,hummingbird,entity_797598c9fa00f88bdc9c42cfcebb86b87a6747d50899b03bbd1b4730bfb09c47,train,outer_train,neg_animal_class:131,,[],entity_797598c9fa00f88bdc9c42cfcebb86b87a6747d50899b03bbd1b4730bfb09c47,admitted,[],[],[],provisional,admitted,[],[],candidate_pending_review_not_production,admitted,,candidate_pending_review_not_production
animal_class:122,animal_class,122,123,data/tiu_datasets/animal_class.csv,598ed996dd00dd6cddcf125fafad48ad7c4d827a91dfbd8202473354fdba0d97,7e686478804938fad6bf0ec74be08525e681f1761f3df3ba8378d6e212533ba0,"{""label"":""0"",""statement"":""The iguana is a bird.""}",The iguana is a bird.,6e6140b5e53cb7e32351b6dad0dce93a14951f705fe1d7e959a63bd5f9dea1b5,0,animal_class,affirmative,iguana,entity_f0d378d1a9ca138e6d23459ce61f6a59c0ea4c1ed3699b01c79511c03632c969,train,outer_train,neg_animal_class:122,,[],entity_f0d378d1a9ca138e6d23459ce61f6a59c0ea4c1ed3699b01c79511c03632c969,admitted,[],[],[],provisional,admitted,[],[],candidate_pending_review_not_production,admitted,,candidate_pending_review_not_production
animal_class:162,animal_class,162,163,data/tiu_datasets/animal_class.csv,598ed996dd00dd6cddcf125fafad48ad7c4d827a91dfbd8202473354fdba0d97,0da2ac1d05c0ec0563d02c610cc9e56b0b7eed2e14664e7a6f39fa3c1fcffa40,"{""label"":""1"",""statement"":""The kangaroo is a mammal.""}",The kangaroo is a mammal.,142dd51d3591814373197aad58dccaeab7cf32536ebed85a04bd5b50f38316d8,1,animal_class,affirmative,kangaroo,entity_99d437eb4622d2de9b48c3653c0b8adbed6ccfaed612a6497b589dd9b0cca421,train,outer_train,neg_animal_class:162,,[],entity_99d437eb4622d2de9b48c3653c0b8adbed6ccfaed612a6497b589dd9b0cca421,admitted,[],[],[],provisional,admitted,[],[],candidate_pending_review_not_production,admitted,,candidate_pending_review_not_production
animal_class:72,animal_class,72,73,data/tiu_datasets/animal_class.csv,598ed996dd00dd6cddcf125fafad48ad7c4d827a91dfbd8202473354fdba0d97,51c8cfe99eaa96910e7ea80564c6f5118b76a44e0310fe4dabf751cb1c893e65,"{""label"":""0"",""statement"":""The hyena is a bird.""}",The hyena is a bird.,97a3d90f020cef1012e3c2cda63fb7f8ca0a7ed619816d34ea5f30266ab511cf,0,animal_class,affirmative,hyena,entity_ffdcfdd88f9acb8d502007d2426151ddd9bf1c410fec8c52605c3d74abb5771e,train,outer_train,neg_animal_class:72,,[],entity_ffdcfdd88f9acb8d502007d2426151ddd9bf1c410fec8c52605c3d74abb5771e,admitted,[],[],[],provisional,admitted,[],[],candidate_pending_review_not_production,admitted,,candidate_pending_review_not_production
neg_animal_class:124,neg_animal_class,124,125,data/tiu_datasets/neg_animal_class.csv,03676e51600e8357e4e200d08eca7c38952b07a5aef807d5aaefbedc7f257256,da0527705ab2c25a0ddf5c03229134585a55f5a64ab0c7960ac80534173ff76c,"{""label"":""0"",""statement"":""The hippopotamus is not a mammal.""}",The hippopotamus is not a mammal.,dd8899988d327c693a0e1c9574351d0dd78eea9297e5dfac055df4f76c940dab,0,animal_class,negated,hippopotamus,entity_483c04577fa366e36374dd410ea22ba91850d53f8763df0431f09f00c7f251c0,train,outer_train,animal_class:124,,[],entity_483c04577fa366e36374dd410ea22ba91850d53f8763df0431f09f00c7f251c0,admitted,[],[],[],provisional,admitted,[],[],candidate_pending_review_not_production,admitted,,candidate_pending_review_not_production
neg_animal_class:63,neg_animal_class,63,64,data/tiu_datasets/neg_animal_class.csv,03676e51600e8357e4e200d08eca7c38952b07a5aef807d5aaefbedc7f257256,814c6a766f97a89997ab6b297d3ee609d7da89ce0f2079081254e44a4f0adc63,"{""label"":""1"",""statement"":""The eagle is not a mammal.""}",The eagle is not a mammal.,a8e2a9ffbe5a1874f3e16fb0c4a1b284b1153d5cd210ee68be79fd2390369261,1,animal_class,negated,eagle,entity_adf418dacaaa39c3175d4588127b685a161e131f97eb4c99a46285fc5bc5bc4c,train,outer_train,animal_class:63,,[],entity_adf418dacaaa39c3175d4588127b685a161e131f97eb4c99a46285fc5bc5bc4c,admitted,[],[],[],provisional,admitted,[],[],candidate_pending_review_not_production,admitted,,candidate_pending_review_not_production
neg_animal_class:5,neg_animal_class,5,6,data/tiu_datasets/neg_animal_class.csv,03676e51600e8357e4e200d08eca7c38952b07a5aef807d5aaefbedc7f257256,5ca200bbc87947d7e38ec52c563cd1b12b53ba05023e98226a6697ce1f97812d,"{""label"":""1"",""statement"":""The giant anteater is not a fish.""}",The giant anteater is not a fish.,080602d49a93c5b7e50783bd03563d4119002e0018709d82fb0c2237c9ba6fdd,1,animal_class,negated,giant anteater,entity_18c63950c36aa062bd59476907617a30b36a523de6b0c056386b03d24640632b,train,outer_train,animal_class:5,,[],entity_18c63950c36aa062bd59476907617a30b36a523de6b0c056386b03d24640632b,admitted,[],[],[],provisional,admitted,[],[],candidate_pending_review_not_production,admitted,,candidate_pending_review_not_production
neg_animal_class:56,neg_animal_class,56,57,data/tiu_datasets/neg_animal_class.csv,03676e51600e8357e4e200d08eca7c38952b07a5aef807d5aaefbedc7f257256,fb6923476bca40c6b818483a314aaaaa89a654076d9e05ea80e3cd56adebed1b,"{""label"":""0"",""statement"":""The camel is not a mammal.""}",The camel is not a mammal.,32742613f91eb9a442a6b10db97b8a8651825b0357900fbc35714b418ccc2f19,0,animal_class,negated,camel,entity_7cd0d33345f562b597444cee3c8335226548f6c172dd13e6675648ac645035ea,train,outer_train,animal_class:56,,[],entity_7cd0d33345f562b597444cee3c8335226548f6c172dd13e6675648ac645035ea,admitted,[],[],[],provisional,admitted,[],[],candidate_pending_review_not_production,admitted,,candidate_pending_review_not_production
neg_animal_class:60,neg_animal_class,60,61,data/tiu_datasets/neg_animal_class.csv,03676e51600e8357e4e200d08eca7c38952b07a5aef807d5aaefbedc7f257256,cf6ca4b9b87a157e716382d6dcdccfe42a74a797f703f6cffccdc67404493b33,"{""label"":""0"",""statement"":""The koala is not a mammal.""}",The koala is not a mammal.,ec7df8ecf3a49be90934df315b5b30c11eb73b0088a48a6d258387e63b0341c9,0,animal_class,negated,koala,entity_694b218264497897f3fd4fbe2e6be835c1cc925ac08ecf6626f5a0d3e9289f22,train,outer_train,animal_class:60,,[],entity_694b218264497897f3fd4fbe2e6be835c1cc925ac08ecf6626f5a0d3e9289f22,admitted,[],[],[],provisional,admitted,[],[],candidate_pending_review_not_production,admitted,,candidate_pending_review_not_production
neg_animal_class:46,neg_animal_class,46,47,data/tiu_datasets/neg_animal_class.csv,03676e51600e8357e4e200d08eca7c38952b07a5aef807d5aaefbedc7f257256,68cd905a6a056adbd80232de0ea2ed930e21bbf842dc9dc99453f890528c3751,"{""label"":""1"",""statement"":""The manta ray is not a mammal.""}",The manta ray is not a mammal.,b3a823c2090851282364c72fdb50ddae2a127eb71e12ad23493d4ea9c326cce1,1,animal_class,negated,manta ray,entity_a4c8ca21cf6882b512aa09774bb371231995797bcf3a07a27d5a904e51b55956,train,outer_train,animal_class:46,,[],entity_a4c8ca21cf6882b512aa09774bb371231995797bcf3a07a27d5a904e51b55956,admitted,[],[],[],provisional,admitted,[],[],candidate_pending_review_not_production,admitted,,candidate_pending_review_not_production
neg_animal_class:118,neg_animal_class,118,119,data/tiu_datasets/neg_animal_class.csv,03676e51600e8357e4e200d08eca7c38952b07a5aef807d5aaefbedc7f257256,174aad61350da72687837637799af2defdb04c63d80f17ff26361666bfe0d84c,"{""label"":""1"",""statement"":""The dog is not a bird.""}",The dog is not a bird.,00ab82b9d87cca58736f6d062e4b31f846cbc199d50144351e517dd80905667a,1,animal_class,negated,dog,entity_3a149f71aeb4f5545da0b7eaa787531c0236472595baa3f72abc69ceb9d72867,train,outer_train,animal_class:118,,[],entity_3a149f71aeb4f5545da0b7eaa787531c0236472595baa3f72abc69ceb9d72867,admitted,[],[],[],provisional,admitted,[],[],candidate_pending_review_not_production,admitted,,candidate_pending_review_not_production
neg_animal_class:147,neg_animal_class,147,148,data/tiu_datasets/neg_animal_class.csv,03676e51600e8357e4e200d08eca7c38952b07a5aef807d5aaefbedc7f257256,297581233807bc28bba6e660afc29f2a1e788874f18494c27b06054bd6c0b8f0,"{""label"":""1"",""statement"":""The gazelle is not a mollusk.""}",The gazelle is not a mollusk.,7d601dd82e837044927828808efec851e64b2d861ddb73b66d26d75d4c3125fa,1,animal_class,negated,gazelle,entity_56dda79fb88a7ddd5ca98f6ae47726a0fd2ec9c3dec56fbcc53dfd80c7912140,train,outer_train,animal_class:147,,[],entity_56dda79fb88a7ddd5ca98f6ae47726a0fd2ec9c3dec56fbcc53dfd80c7912140,admitted,[],[],[],provisional,admitted,[],[],candidate_pending_review_not_production,admitted,,candidate_pending_review_not_production
neg_animal_class:125,neg_animal_class,125,126,data/tiu_datasets/neg_animal_class.csv,03676e51600e8357e4e200d08eca7c38952b07a5aef807d5aaefbedc7f257256,65d444a91b98a0fe6120a38af26635fc314f750f2235f69225326624141b39cc,"{""label"":""1"",""statement"":""The jellyfish is not a mammal.""}",The jellyfish is not a mammal.,9b2f0aec31ce093765d2aebecec4ea55fb72707f1d7475a44f68c0441d4cfcab,1,animal_class,negated,jellyfish,entity_2675b18d22ab41fd83a19957ee0ddd0980d15500682ca9da1430e707e249ee1a,train,outer_train,animal_class:125,,[],entity_2675b18d22ab41fd83a19957ee0ddd0980d15500682ca9da1430e707e249ee1a,admitted,[],[],[],provisional,admitted,[],[],candidate_pending_review_not_production,admitted,,candidate_pending_review_not_production
neg_animal_class:77,neg_animal_class,77,78,data/tiu_datasets/neg_animal_class.csv,03676e51600e8357e4e200d08eca7c38952b07a5aef807d5aaefbedc7f257256,6108aadd706354edb0479d23cf77b80f7ff202b575aec0b8ba25e5a4975a9a83,"{""label"":""0"",""statement"":""The hedgehog is not a mammal.""}",The hedgehog is not a mammal.,1c1696648c05fa56fd5ed68baa92caa6328e050ce1a1b048c7458fac93082cbb,0,animal_class,negated,hedgehog,entity_e5c5d003f4f1a533abe1d9ff94cc2c0315fc9eee40b7586090e690af6292000a,train,outer_train,animal_class:77,,[],entity_e5c5d003f4f1a533abe1d9ff94cc2c0315fc9eee40b7586090e690af6292000a,admitted,[],[],[],provisional,admitted,[],[],candidate_pending_review_not_production,admitted,,candidate_pending_review_not_production
neg_animal_class:91,neg_animal_class,91,92,data/tiu_datasets/neg_animal_class.csv,03676e51600e8357e4e200d08eca7c38952b07a5aef807d5aaefbedc7f257256,1b57dcb0e453cbee06b3aaed57244419ab35b5734c00f26762c1141a4cb3dbb0,"{""label"":""0"",""statement"":""The tuna is not a fish.""}",The tuna is not a fish.,2ddad1cbea747b97578b3c01d47d006198064d9a12974e7c6786e463513bd609,0,animal_class,negated,tuna,entity_570fce305585354c910700ffb850cdb190088d2482321afebe8b12d399b94fa7,train,outer_train,animal_class:91,,[],entity_570fce305585354c910700ffb850cdb190088d2482321afebe8b12d399b94fa7,admitted,[],[],[],provisional,admitted,[],[],candidate_pending_review_not_production,admitted,,candidate_pending_review_not_production
neg_animal_class:103,neg_animal_class,103,104,data/tiu_datasets/neg_animal_class.csv,03676e51600e8357e4e200d08eca7c38952b07a5aef807d5aaefbedc7f257256,6238c3d61f2f189148bad7325ae1d66fe9fc87da485f80340167bda050077b86,"{""label"":""1"",""statement"":""The squirrel is not a bird.""}",The squirrel is not a bird.,7a3b23eca0ca016b7c18731ff7b9eeb81a3be2d861de9b948b966186c6a695c9,1,animal_class,negated,squirrel,entity_e33d2732392551a6325f8374f3a2b29a373983d6ffb8701e8240969063fc70d9,train,outer_train,animal_class:103,,[],entity_e33d2732392551a6325f8374f3a2b29a373983d6ffb8701e8240969063fc70d9,admitted,[],[],[],provisional,admitted,[],[],candidate_pending_review_not_production,admitted,,candidate_pending_review_not_production
neg_animal_class:87,neg_animal_class,87,88,data/tiu_datasets/neg_animal_class.csv,03676e51600e8357e4e200d08eca7c38952b07a5aef807d5aaefbedc7f257256,511287d54cc5bc420ac8f0912f04c1e2748c348af9871222f8619ae1f78a254f,"{""label"":""0"",""statement"":""The panda is not a mammal.""}",The panda is not a mammal.,cf566233fc418ef9da4fbe711324f66073afebcd5ba8b25af35858752a26eff2,0,animal_class,negated,panda,entity_d7a915f719056cc918bcbd148a8de304a8b4de1a3bc6d5e7dc9bd3e326629dea,train,outer_train,animal_class:87,,[],entity_d7a915f719056cc918bcbd148a8de304a8b4de1a3bc6d5e7dc9bd3e326629dea,admitted,[],[],[],provisional,admitted,[],[],candidate_pending_review_not_production,admitted,,candidate_pending_review_not_production
neg_animal_class:6,neg_animal_class,6,7,data/tiu_datasets/neg_animal_class.csv,03676e51600e8357e4e200d08eca7c38952b07a5aef807d5aaefbedc7f257256,ad61a060c657dfd3c5149faee5329a54d0e69b09bc495a0951e192983a0414ab,"{""label"":""1"",""statement"":""The aardvark is not a fish.""}",The aardvark is not a fish.,b5c564e7d55bbb4f720406925f097a919e4f33eb3df82771172bda750262c45f,1,animal_class,negated,aardvark,entity_51710b7b05862dc20152fa8eec71436ca7cac0e6fd27fddc92934cbd9e2b3cc4,train,outer_train,animal_class:6,,[],entity_51710b7b05862dc20152fa8eec71436ca7cac0e6fd27fddc92934cbd9e2b3cc4,admitted,[],[],[],provisional,admitted,[],[],candidate_pending_review_not_production,admitted,,candidate_pending_review_not_production
neg_animal_class:36,neg_animal_class,36,37,data/tiu_datasets/neg_animal_class.csv,03676e51600e8357e4e200d08eca7c38952b07a5aef807d5aaefbedc7f257256,62ba1b52efc97eff3361771c63ffb936ca111a7e476251723ce42582dc91bf0e,"{""label"":""0"",""statement"":""The aardvark is not a mammal.""}",The aardvark is not a mammal.,939e04d122761a169d25d0a95ee0d06b4b1f4d73bf9e7b22c3c1d60cc5998cac,0,animal_class,negated,aardvark,entity_51710b7b05862dc20152fa8eec71436ca7cac0e6fd27fddc92934cbd9e2b3cc4,train,outer_train,animal_class:36,,[],entity_51710b7b05862dc20152fa8eec71436ca7cac0e6fd27fddc92934cbd9e2b3cc4,admitted,[],[],[],provisional,admitted,[],[],candidate_pending_review_not_production,admitted,,candidate_pending_review_not_production
neg_animal_class:90,neg_animal_class,90,91,data/tiu_datasets/neg_animal_class.csv,03676e51600e8357e4e200d08eca7c38952b07a5aef807d5aaefbedc7f257256,8046ba2d4b91915d53f4cf74b55cf9e99ebef246901981726d5520166686fdaf,"{""label"":""1"",""statement"":""The flamingo is not a mammal.""}",The flamingo is not a mammal.,f762a5d52a03105a6f7f620ed40f1c4d2b141fe057677bb5b8b8a7502e768d08,1,animal_class,negated,flamingo,entity_6a8b5afe59059312f8510224439d00ac13083151e4f627d0ff57f2f0b8fb62fe,train,outer_train,animal_class:90,,[],entity_6a8b5afe59059312f8510224439d00ac13083151e4f627d0ff57f2f0b8fb62fe,admitted,[],[],[],provisional,admitted,[],[],candidate_pending_review_not_production,admitted,,candidate_pending_review_not_production
neg_animal_class:54,neg_animal_class,54,55,data/tiu_datasets/neg_animal_class.csv,03676e51600e8357e4e200d08eca7c38952b07a5aef807d5aaefbedc7f257256,798c60fc4c46116d89b72977cdf57df7a5bc0bb859ef4da26b9c7d6866d18548,"{""label"":""1"",""statement"":""The axolotl is not a reptile.""}",The axolotl is not a reptile.,6b71a25582cba5cddeacce8c36fd55e40e89f51edc6adcd4d4dbb9fe115d3989,1,animal_class,negated,axolotl,entity_a610ee05dfb353899f79679ee9c116bb2c2e162a497d28068358835eab065ba1,train,outer_train,animal_class:54,,[],entity_a610ee05dfb353899f79679ee9c116bb2c2e162a497d28068358835eab065ba1,admitted,[],[],[],provisional,admitted,[],[],candidate_pending_review_not_production,admitted,,candidate_pending_review_not_production
neg_animal_class:85,neg_animal_class,85,86,data/tiu_datasets/neg_animal_class.csv,03676e51600e8357e4e200d08eca7c38952b07a5aef807d5aaefbedc7f257256,65d8cd87a7165692bcba3883ee00ea4e1e17715aaa9a4e40f05cdc7e202e50a9,"{""label"":""1"",""statement"":""The beaver is not a bird.""}",The beaver is not a bird.,c95183ddb213874d1842d00b2db3fa2848c9680876028b77f7f19390baffe457,1,animal_class,negated,beaver,entity_6abb4bbfff22377d140a38df9eec4c659587438e25eac9e18a6da6d98e600684,train,outer_train,animal_class:85,,[],entity_6abb4bbfff22377d140a38df9eec4c659587438e25eac9e18a6da6d98e600684,admitted,[],[],[],provisional,admitted,[],[],candidate_pending_review_not_production,admitted,,candidate_pending_review_not_production
neg_animal_class:17,neg_animal_class,17,18,data/tiu_datasets/neg_animal_class.csv,03676e51600e8357e4e200d08eca7c38952b07a5aef807d5aaefbedc7f257256,520557c3abfd1e72c9a925fc66bc36855d53f3e8a936c0d9e98070eddec1d429,"{""label"":""1"",""statement"":""The kangaroo is not a crustacean.""}",The kangaroo is not a crustacean.,650c62250e526011293395ea63b9c981d83f14a930d73ff70bfa4040e353c690,1,animal_class,negated,kangaroo,entity_99d437eb4622d2de9b48c3653c0b8adbed6ccfaed612a6497b589dd9b0cca421,train,outer_train,animal_class:17,,[],entity_99d437eb4622d2de9b48c3653c0b8adbed6ccfaed612a6497b589dd9b0cca421,admitted,[],[],[],provisional,admitted,[],[],candidate_pending_review_not_production,admitted,,candidate_pending_review_not_production
neg_animal_class:48,neg_animal_class,48,49,data/tiu_datasets/neg_animal_class.csv,03676e51600e8357e4e200d08eca7c38952b07a5aef807d5aaefbedc7f257256,1517e465ed2a667e03e30ecd0072f210a76d747b97b6bbf22163eb08b72733ae,"{""label"":""1"",""statement"":""The parrot is not a mammal.""}",The parrot is not a mammal.,301f6305fc2bce4d3a162b1c4a7ae9f71e4beee24ddea5435886edab77813e91,1,animal_class,negated,parrot,entity_b4cb07ac5ad2aacbb9a15615c7c6e07b42d8d6a2c441a42cedee471f921245f5,train,outer_train,animal_class:48,,[],entity_b4cb07ac5ad2aacbb9a15615c7c6e07b42d8d6a2c441a42cedee471f921245f5,admitted,[],[],[],provisional,admitted,[],[],candidate_pending_review_not_production,admitted,,candidate_pending_review_not_production
neg_animal_class:13,neg_animal_class,13,14,data/tiu_datasets/neg_animal_class.csv,03676e51600e8357e4e200d08eca7c38952b07a5aef807d5aaefbedc7f257256,04df986e5a95441d8c542acc6a2cc1a9a1fc1cca7d4de686861d05fe25d513ab,"{""label"":""0"",""statement"":""The tapir is not a mammal.""}",The tapir is not a mammal.,887f813f8f76b5dc3a60057e750fcd74d0c60c44bd14ebcd8a984b0d729f21fa,0,animal_class,negated,tapir,entity_c99e4f6ba7449c95d5d022d7af4e5fb1db4858bd62af1ef32ec347e4a9e772a2,train,outer_train,animal_class:13,,[],entity_c99e4f6ba7449c95d5d022d7af4e5fb1db4858bd62af1ef32ec347e4a9e772a2,admitted,[],[],[],provisional,admitted,[],[],candidate_pending_review_not_production,admitted,,candidate_pending_review_not_production
neg_animal_class:8,neg_animal_class,8,9,data/tiu_datasets/neg_animal_class.csv,03676e51600e8357e4e200d08eca7c38952b07a5aef807d5aaefbedc7f257256,a3bf2570ce66ad6f7ff79a6eac311527fb4c7a5e46acd3ad4470caf071b13825,"{""label"":""0"",""statement"":""The armadillo is not a mammal.""}",The armadillo is not a mammal.,e76747e83b2ec6cbfeebcec9d72bb5912d83031cfde52c3d57830ea40a2f879f,0,animal_class,negated,armadillo,entity_0dd5a5e34dd0285a866f19c7587022a99a72aca52ec3a6dca06f874e68667d73,train,outer_train,animal_class:8,,[],entity_0dd5a5e34dd0285a866f19c7587022a99a72aca52ec3a6dca06f874e68667d73,admitted,[],[],[],provisional,admitted,[],[],candidate_pending_review_not_production,admitted,,candidate_pending_review_not_production
neg_animal_class:82,neg_animal_class,82,83,data/tiu_datasets/neg_animal_class.csv,03676e51600e8357e4e200d08eca7c38952b07a5aef807d5aaefbedc7f257256,928c7e2f82c13de8cf5b967a48719692966a209778afcff78f6fc6b8f5e953ab,"{""label"":""0"",""statement"":""The snake is not a reptile.""}",The snake is not a reptile.,c1cb6e1495a32b7b30ed3d976d057121107a7434cdb6eb2c42b062aa55ae12cd,0,animal_class,negated,snake,entity_fe2970983457319c7c8e4172b8e9e74a4b0f4c946b69a03ffa8769a754443723,train,outer_train,animal_class:82,,[],entity_fe2970983457319c7c8e4172b8e9e74a4b0f4c946b69a03ffa8769a754443723,admitted,[],[],[],provisional,admitted,[],[],candidate_pending_review_not_production,admitted,,candidate_pending_review_not_production
neg_animal_class:35,neg_animal_class,35,36,data/tiu_datasets/neg_animal_class.csv,03676e51600e8357e4e200d08eca7c38952b07a5aef807d5aaefbedc7f257256,fc5d9e14d8e66fdf046ff2098e94688ca809ea534e05a975553f9c5bcc246664,"{""label"":""1"",""statement"":""The panda is not a bird.""}",The panda is not a bird.,20bad24a044d73942d4a17cafac3f0b79d06567c5a3d2655bb5c4b7baaa5e38a,1,animal_class,negated,panda,entity_d7a915f719056cc918bcbd148a8de304a8b4de1a3bc6d5e7dc9bd3e326629dea,train,outer_train,animal_class:35,,[],entity_d7a915f719056cc918bcbd148a8de304a8b4de1a3bc6d5e7dc9bd3e326629dea,admitted,[],[],[],provisional,admitted,[],[],candidate_pending_review_not_production,admitted,,candidate_pending_review_not_production
neg_animal_class:1,neg_animal_class,1,2,data/tiu_datasets/neg_animal_class.csv,03676e51600e8357e4e200d08eca7c38952b07a5aef807d5aaefbedc7f257256,bb3b1816818b9011a0162cff6306436818fab6586334b4aaf667d028aff1168b,"{""label"":""1"",""statement"":""The frog is not a bird.""}",The frog is not a bird.,19cf7459dbb2252290da48b136428198a87145ad57bd098072e799188ac52fa4,1,animal_class,negated,frog,entity_eced699350172fc8081149a15aca48234a84c4eddb36dfb469c89fda51058f7f,train,outer_train,animal_class:1,,[],entity_eced699350172fc8081149a15aca48234a84c4eddb36dfb469c89fda51058f7f,admitted,[],[],[],provisional,admitted,[],[],candidate_pending_review_not_production,admitted,,candidate_pending_review_not_production
neg_animal_class:18,neg_animal_class,18,19,data/tiu_datasets/neg_animal_class.csv,03676e51600e8357e4e200d08eca7c38952b07a5aef807d5aaefbedc7f257256,f276a3d5c37fb59d4d243bfc12b08ed523cf55bb830e45502958f8fa234eacb1,"{""label"":""1"",""statement"":""The camel is not a amphibian.""}",The camel is not a amphibian.,90e4a82205fe97ff9a259c5a2120e8fa849cf917ee05b1a177e4586b6283b3f2,1,animal_class,negated,camel,entity_7cd0d33345f562b597444cee3c8335226548f6c172dd13e6675648ac645035ea,train,outer_train,animal_class:18,,[],entity_7cd0d33345f562b597444cee3c8335226548f6c172dd13e6675648ac645035ea,admitted,[],[],[],provisional,admitted,[],[],candidate_pending_review_not_production,admitted,,candidate_pending_review_not_production
neg_animal_class:27,neg_animal_class,27,28,data/tiu_datasets/neg_animal_class.csv,03676e51600e8357e4e200d08eca7c38952b07a5aef807d5aaefbedc7f257256,c9fe8477c8c33ad2760c5e6dcd8cfcdfc8e1e035cfe3d91a287dab957bd526c6,"{""label"":""1"",""statement"":""The tuna is not a mammal.""}",The tuna is not a mammal.,8d3e981808539ca730018aafdee3dcfbe6aaba71da26e5aff241031fc9b66f32,1,animal_class,negated,tuna,entity_570fce305585354c910700ffb850cdb190088d2482321afebe8b12d399b94fa7,train,outer_train,animal_class:27,,[],entity_570fce305585354c910700ffb850cdb190088d2482321afebe8b12d399b94fa7,admitted,[],[],[],provisional,admitted,[],[],candidate_pending_review_not_production,admitted,,candidate_pending_review_not_production
neg_animal_class:84,neg_animal_class,84,85,data/tiu_datasets/neg_animal_class.csv,03676e51600e8357e4e200d08eca7c38952b07a5aef807d5aaefbedc7f257256,1bef0f41c6fb54a54cf1f6a2e434f397f88e177faa3b7bff1f087977290f37fa,"{""label"":""0"",""statement"":""The iguana is not a reptile.""}",The iguana is not a reptile.,7570d2cc3f5d9e2bbd382e54f3507cd06f4556dc3c2df5fa04602e60b899d712,0,animal_class,negated,iguana,entity_f0d378d1a9ca138e6d23459ce61f6a59c0ea4c1ed3699b01c79511c03632c969,train,outer_train,animal_class:84,,[],entity_f0d378d1a9ca138e6d23459ce61f6a59c0ea4c1ed3699b01c79511c03632c969,admitted,[],[],[],provisional,admitted,[],[],candidate_pending_review_not_production,admitted,,candidate_pending_review_not_production
neg_animal_class:15,neg_animal_class,15,16,data/tiu_datasets/neg_animal_class.csv,03676e51600e8357e4e200d08eca7c38952b07a5aef807d5aaefbedc7f257256,50e45d77e62f07e1afbea8c5cdd376aadf1b40e5334f931cf7e29b0eaeb9e59f,"{""label"":""1"",""statement"":""The platypus is not a bird.""}",The platypus is not a bird.,29319d12fe38d8b47c248c1cc242230066de7cbcb67f256176b63cda383709c8,1,animal_class,negated,platypus,entity_9772371c01bbaf94b8c941a49b8e2561c950baa58549e2c0245e2f03ba000aac,train,outer_train,animal_class:15,,[],entity_9772371c01bbaf94b8c941a49b8e2561c950baa58549e2c0245e2f03ba000aac,admitted,[],[],[],provisional,admitted,[],[],candidate_pending_review_not_production,admitted,,candidate_pending_review_not_production
neg_animal_class:59,neg_animal_class,59,60,data/tiu_datasets/neg_animal_class.csv,03676e51600e8357e4e200d08eca7c38952b07a5aef807d5aaefbedc7f257256,a03d49e0c826c008cd7d515ab6e8b47db3d49a516d7a0721b820d2e7d16023c9,"{""label"":""1"",""statement"":""The armadillo is not a reptile.""}",The armadillo is not a reptile.,e9c4183988de4ba402c1b0ed0e89e13f7db04180954ce57dd43f8ad687471b91,1,animal_class,negated,armadillo,entity_0dd5a5e34dd0285a866f19c7587022a99a72aca52ec3a6dca06f874e68667d73,train,outer_train,animal_class:59,,[],entity_0dd5a5e34dd0285a866f19c7587022a99a72aca52ec3a6dca06f874e68667d73,admitted,[],[],[],provisional,admitted,[],[],candidate_pending_review_not_production,admitted,,candidate_pending_review_not_production
neg_animal_class:40,neg_animal_class,40,41,data/tiu_datasets/neg_animal_class.csv,03676e51600e8357e4e200d08eca7c38952b07a5aef807d5aaefbedc7f257256,50a0360e10522e85c3adb78c471bde3a197b82bd1b7ddb29d416e40c7070c07d,"{""label"":""0"",""statement"":""The tarantula is not a arachnid.""}",The tarantula is not a arachnid.,e1f98da743006e695235f19fae6f827ffa4d415c36766e635222623005be1829,0,animal_class,negated,tarantula,entity_e08b106bed1dc6e83945dcabc6863df4ad3a1e5a10f4cf9ab93a9ab38b20324f,train,outer_train,animal_class:40,,[],entity_e08b106bed1dc6e83945dcabc6863df4ad3a1e5a10f4cf9ab93a9ab38b20324f,admitted,[],[],[],provisional,admitted,[],[],candidate_pending_review_not_production,admitted,,candidate_pending_review_not_production
neg_animal_class:66,neg_animal_class,66,67,data/tiu_datasets/neg_animal_class.csv,03676e51600e8357e4e200d08eca7c38952b07a5aef807d5aaefbedc7f257256,60e8bebe10fdb33877c939deeaffeadd7ab1a2fc486970645b25a70da0536ad4,"{""label"":""1"",""statement"":""The dolphin is not a crustacean.""}",The dolphin is not a crustacean.,8c53d43f0156b22b6e840d28d13a20ff00bfe19386a302fe4129eb6e90483a15,1,animal_class,negated,dolphin,entity_64bc24902edb91380136ba50ddcf621045a1026f217c5b7c645d6a6863306dd5,train,outer_train,animal_class:66,,[],entity_64bc24902edb91380136ba50ddcf621045a1026f217c5b7c645d6a6863306dd5,admitted,[],[],[],provisional,admitted,[],[],candidate_pending_review_not_production,admitted,,candidate_pending_review_not_production
neg_animal_class:136,neg_animal_class,136,137,data/tiu_datasets/neg_animal_class.csv,03676e51600e8357e4e200d08eca7c38952b07a5aef807d5aaefbedc7f257256,9206fab1e29e9d5969dcab4dd8e586e75353dfcdad0bf4d0b5cf9e9180563ba4,"{""label"":""0"",""statement"":""The dog is not a mammal.""}",The dog is not a mammal.,52af211efbdcaf4821ef7b03b1b91cccc42af357005f3ff7328e6cc83906140b,0,animal_class,negated,dog,entity_3a149f71aeb4f5545da0b7eaa787531c0236472595baa3f72abc69ceb9d72867,train,outer_train,animal_class:136,,[],entity_3a149f71aeb4f5545da0b7eaa787531c0236472595baa3f72abc69ceb9d72867,admitted,[],[],[],provisional,admitted,[],[],candidate_pending_review_not_production,admitted,,candidate_pending_review_not_production
neg_animal_class:108,neg_animal_class,108,109,data/tiu_datasets/neg_animal_class.csv,03676e51600e8357e4e200d08eca7c38952b07a5aef807d5aaefbedc7f257256,40abe321bff77ddd40cad9cafa97ad2a33c3a2e0ebcdc5a69ae673f42f1d73e9,"{""label"":""1"",""statement"":""The alpaca is not a bird.""}",The alpaca is not a bird.,cafe61a6364ab7ec115c5aab29abeeef10134ec956736bb175a0fee642345978,1,animal_class,negated,alpaca,entity_94086439f6f5213caf5eb4ec1a721f49ce9adff94dc6a4efab321fb15a3731fa,train,outer_train,animal_class:108,,[],entity_94086439f6f5213caf5eb4ec1a721f49ce9adff94dc6a4efab321fb15a3731fa,admitted,[],[],[],provisional,admitted,[],[],candidate_pending_review_not_production,admitted,,candidate_pending_review_not_production
neg_animal_class:81,neg_animal_class,81,82,data/tiu_datasets/neg_animal_class.csv,03676e51600e8357e4e200d08eca7c38952b07a5aef807d5aaefbedc7f257256,5447e970ff65bdf4eb115ae5f2941154f210d3682e226382d6965c687d0fd873,"{""label"":""0"",""statement"":""The ostrich is not a bird.""}",The ostrich is not a bird.,18179e5564530ca50d17df09854b94fb23c4fab13a68a481767daa8406bc2a2f,0,animal_class,negated,ostrich,entity_03398019a378d4d2c73ee86bbb1d2f5bb2922f06c3e1a028b3bbbea93eef0785,train,outer_train,animal_class:81,,[],entity_03398019a378d4d2c73ee86bbb1d2f5bb2922f06c3e1a028b3bbbea93eef0785,admitted,[],[],[],provisional,admitted,[],[],candidate_pending_review_not_production,admitted,,candidate_pending_review_not_production
neg_animal_class:130,neg_animal_class,130,131,data/tiu_datasets/neg_animal_class.csv,03676e51600e8357e4e200d08eca7c38952b07a5aef807d5aaefbedc7f257256,204aa1eeaeb6f7abe072616ab3cfb8e55c9179e057c7aeb82a033d68f83d7b28,"{""label"":""0"",""statement"":""The walrus is not a mammal.""}",The walrus is not a mammal.,b3a8949b5d76691541e677ed0d68011a98750d64186c441c1d811e096d40b1fe,0,animal_class,negated,walrus,entity_36b697392bc276973d8a123d9c188a8291ee4ef1f45ed4dbc1a98216d0329932,train,outer_train,animal_class:130,,[],entity_36b697392bc276973d8a123d9c188a8291ee4ef1f45ed4dbc1a98216d0329932,admitted,[],[],[],provisional,admitted,[],[],candidate_pending_review_not_production,admitted,,candidate_pending_review_not_production
neg_animal_class:55,neg_animal_class,55,56,data/tiu_datasets/neg_animal_class.csv,03676e51600e8357e4e200d08eca7c38952b07a5aef807d5aaefbedc7f257256,a2e8ef912ef89b34e164e932440bb178c3d30a712e999d3af301aa21e91093a9,"{""label"":""0"",""statement"":""The frog is not a amphibian.""}",The frog is not a amphibian.,2511defaa29f32cfa00f92b428810ef14073f4aeadb94209d11c361977cfb0f4,0,animal_class,negated,frog,entity_eced699350172fc8081149a15aca48234a84c4eddb36dfb469c89fda51058f7f,train,outer_train,animal_class:55,,[],entity_eced699350172fc8081149a15aca48234a84c4eddb36dfb469c89fda51058f7f,admitted,[],[],[],provisional,admitted,[],[],candidate_pending_review_not_production,admitted,,candidate_pending_review_not_production
neg_animal_class:45,neg_animal_class,45,46,data/tiu_datasets/neg_animal_class.csv,03676e51600e8357e4e200d08eca7c38952b07a5aef807d5aaefbedc7f257256,46b4fae02ff0a12a832c71cd40e555356417f8e76ef653f792c411c29956e9a8,"{""label"":""1"",""statement"":""The sea turtle is not a fish.""}",The sea turtle is not a fish.,825a591062c27643de263f1990b17d337136f49dec3edc8dc9e2bc25314094b0,1,animal_class,negated,sea turtle,entity_f670d7ef239996490aead5d2cb06a53083463deaad6bf381c6c6afaa8e99133e,train,outer_train,animal_class:45,,[],entity_f670d7ef239996490aead5d2cb06a53083463deaad6bf381c6c6afaa8e99133e,admitted,[],[],[],provisional,admitted,[],[],candidate_pending_review_not_production,admitted,,candidate_pending_review_not_production
neg_animal_class:95,neg_animal_class,95,96,data/tiu_datasets/neg_animal_class.csv,03676e51600e8357e4e200d08eca7c38952b07a5aef807d5aaefbedc7f257256,1ba139f47398a0af12ad71a85aa4364cd41a7160df02efa53bc9be0df9233efb,"{""label"":""1"",""statement"":""The polar bear is not a fish.""}",The polar bear is not a fish.,2791ea1c8b5ef9ed9f79b17242486a4e70977227ca8891a5b8a7cb04f09eb2f9,1,animal_class,negated,polar bear,entity_cba3593e3c4b9c766e8525eb0f18f4b61209596cf784c7066bb1396b13b12bfb,train,outer_train,animal_class:95,,[],entity_cba3593e3c4b9c766e8525eb0f18f4b61209596cf784c7066bb1396b13b12bfb,admitted,[],[],[],provisional,admitted,[],[],candidate_pending_review_not_production,admitted,,candidate_pending_review_not_production
neg_animal_class:24,neg_animal_class,24,25,data/tiu_datasets/neg_animal_class.csv,03676e51600e8357e4e200d08eca7c38952b07a5aef807d5aaefbedc7f257256,f0bba19e7222fed788d4aeffe27d48f49474d2aede1f45105eb1494cd6f07ecf,"{""label"":""1"",""statement"":""The mongoose is not a bird.""}",The mongoose is not a bird.,e8f5d0e2b49a090016358022f36ebc5adbecdcecd9ce7093fc18bee108d88482,1,animal_class,negated,mongoose,entity_897679fa829944c5683fba4dde56773a703ff1b11cd768b003bbf2554e0ece58,train,outer_train,animal_class:24,,[],entity_897679fa829944c5683fba4dde56773a703ff1b11cd768b003bbf2554e0ece58,admitted,[],[],[],provisional,admitted,[],[],candidate_pending_review_not_production,admitted,,candidate_pending_review_not_production
neg_animal_class:111,neg_animal_class,111,112,data/tiu_datasets/neg_animal_class.csv,03676e51600e8357e4e200d08eca7c38952b07a5aef807d5aaefbedc7f257256,1ad54270e99e9cb9c654f6d34e42a730a7332bc533c8adcc9ddb70d00008bb2e,"{""label"":""0"",""statement"":""The shark is not a fish.""}",The shark is not a fish.,f2906d13a9999859186e14553e928518afd5712872dd2f180ab023a830467dc2,0,animal_class,negated,shark,entity_7697c9b82480da95a941743985726ecb704995ad81c68c7c5c8700eb2974d44a,train,outer_train,animal_class:111,,[],entity_7697c9b82480da95a941743985726ecb704995ad81c68c7c5c8700eb2974d44a,admitted,[],[],[],provisional,admitted,[],[],candidate_pending_review_not_production,admitted,,candidate_pending_review_not_production
neg_animal_class:64,neg_animal_class,64,65,data/tiu_datasets/neg_animal_class.csv,03676e51600e8357e4e200d08eca7c38952b07a5aef807d5aaefbedc7f257256,dc6cd6f67db723f7ee27b8bbd67e42a9028b2d60f797d97eed1be045c42433b8,"{""label"":""0"",""statement"":""The beaver is not a mammal.""}",The beaver is not a mammal.,d63579e09cf61450004ffde630ed051ba21011ccb647ad6d3e2f410624d27b9d,0,animal_class,negated,beaver,entity_6abb4bbfff22377d140a38df9eec4c659587438e25eac9e18a6da6d98e600684,train,outer_train,animal_class:64,,[],entity_6abb4bbfff22377d140a38df9eec4c659587438e25eac9e18a6da6d98e600684,admitted,[],[],[],provisional,admitted,[],[],candidate_pending_review_not_production,admitted,,candidate_pending_review_not_production
neg_animal_class:113,neg_animal_class,113,114,data/tiu_datasets/neg_animal_class.csv,03676e51600e8357e4e200d08eca7c38952b07a5aef807d5aaefbedc7f257256,08db604acfb83fc8e07dd7f1c719f543e2ec823781b5ad668d96a708ab01bf6d,"{""label"":""1"",""statement"":""The octopus is not a fish.""}",The octopus is not a fish.,a39ecbaee69cb0906128aa434f5590dc6b355cbb7152662ff84579a988d71993,1,animal_class,negated,octopus,entity_68fe80c9dc31be51d7b4b4dc39db6f2273a307764773be0829a1ed0fbc9a435e,train,outer_train,animal_class:113,,[],entity_68fe80c9dc31be51d7b4b4dc39db6f2273a307764773be0829a1ed0fbc9a435e,admitted,[],[],[],provisional,admitted,[],[],candidate_pending_review_not_production,admitted,,candidate_pending_review_not_production
neg_animal_class:99,neg_animal_class,99,100,data/tiu_datasets/neg_animal_class.csv,03676e51600e8357e4e200d08eca7c38952b07a5aef807d5aaefbedc7f257256,ab3b936fd821dd880b4ae9fd3eebbf3f9034cbf12a60b5077b9432be98f439c7,"{""label"":""0"",""statement"":""The platypus is not a mammal.""}",The platypus is not a mammal.,a15e7cbda0f91817f57ff48e8d72e927f49822a8163b6ac6c5cfee9c75b91281,0,animal_class,negated,platypus,entity_9772371c01bbaf94b8c941a49b8e2561c950baa58549e2c0245e2f03ba000aac,train,outer_train,animal_class:99,,[],entity_9772371c01bbaf94b8c941a49b8e2561c950baa58549e2c0245e2f03ba000aac,admitted,[],[],[],provisional,admitted,[],[],candidate_pending_review_not_production,admitted,,candidate_pending_review_not_production
neg_animal_class:68,neg_animal_class,68,69,data/tiu_datasets/neg_animal_class.csv,03676e51600e8357e4e200d08eca7c38952b07a5aef807d5aaefbedc7f257256,ee89e99434e96f5eb07c30e386c1c15083230767dbdc318170b94283a3f25880,"{""label"":""1"",""statement"":""The crocodile is not a mammal.""}",The crocodile is not a mammal.,1f9de761a495b51c0216b7a7925ce22be747876794b3375a7b71ddc122930e03,1,animal_class,negated,crocodile,entity_f8974887b17ff3afb0c21e90f66e134b2e2f2bbf9f5b0489d266dd304da3840d,train,outer_train,animal_class:68,,[],entity_f8974887b17ff3afb0c21e90f66e134b2e2f2bbf9f5b0489d266dd304da3840d,admitted,[],[],[],provisional,admitted,[],[],candidate_pending_review_not_production,admitted,,candidate_pending_review_not_production
neg_animal_class:142,neg_animal_class,142,143,data/tiu_datasets/neg_animal_class.csv,03676e51600e8357e4e200d08eca7c38952b07a5aef807d5aaefbedc7f257256,733e95d56987eafcadf40d3f8789c350d0aec3ecc8cfe40eeaface47e381daad,"{""label"":""1"",""statement"":""The ostrich is not a fish.""}",The ostrich is not a fish.,e5f7822ee4356033ba40b27dd49c70b12a0f2b9f62579f81abc2a0092f9597b2,1,animal_class,negated,ostrich,entity_03398019a378d4d2c73ee86bbb1d2f5bb2922f06c3e1a028b3bbbea93eef0785,train,outer_train,animal_class:142,,[],entity_03398019a378d4d2c73ee86bbb1d2f5bb2922f06c3e1a028b3bbbea93eef0785,admitted,[],[],[],provisional,admitted,[],[],candidate_pending_review_not_production,admitted,,candidate_pending_review_not_production
neg_animal_class:123,neg_animal_class,123,124,data/tiu_datasets/neg_animal_class.csv,03676e51600e8357e4e200d08eca7c38952b07a5aef807d5aaefbedc7f257256,68553559aa6fa9e3738172139e5135597321d1c850f0900eafbe380b847f0f26,"{""label"":""0"",""statement"":""The eagle is not a bird.""}",The eagle is not a bird.,239e0f5d6ece663164414e5c12bdf718292acda1af27afe7f266275312a0c4c5,0,animal_class,negated,eagle,entity_adf418dacaaa39c3175d4588127b685a161e131f97eb4c99a46285fc5bc5bc4c,train,outer_train,animal_class:123,,[],entity_adf418dacaaa39c3175d4588127b685a161e131f97eb4c99a46285fc5bc5bc4c,admitted,[],[],[],provisional,admitted,[],[],candidate_pending_review_not_production,admitted,,candidate_pending_review_not_production
neg_animal_class:74,neg_animal_class,74,75,data/tiu_datasets/neg_animal_class.csv,03676e51600e8357e4e200d08eca7c38952b07a5aef807d5aaefbedc7f257256,942f6f8957edfa4ea8551f2ef4cee14fdfa8631eff6cd3f7962ae05f395ca786,"{""label"":""0"",""statement"":""The squirrel is not a mammal.""}",The squirrel is not a mammal.,679aef4e0dedab6d4fd00dd7ab5c955de383c5472a25754d61a7946d1277e2cd,0,animal_class,negated,squirrel,entity_e33d2732392551a6325f8374f3a2b29a373983d6ffb8701e8240969063fc70d9,train,outer_train,animal_class:74,,[],entity_e33d2732392551a6325f8374f3a2b29a373983d6ffb8701e8240969063fc70d9,admitted,[],[],[],provisional,admitted,[],[],candidate_pending_review_not_production,admitted,,candidate_pending_review_not_production
neg_animal_class:33,neg_animal_class,33,34,data/tiu_datasets/neg_animal_class.csv,03676e51600e8357e4e200d08eca7c38952b07a5aef807d5aaefbedc7f257256,04beb665f9ffb4eed488c0516fe9f9da7e0352d101e684a2eadd12b2d7bbf0c1,"{""label"":""0"",""statement"":""The flamingo is not a bird.""}",The flamingo is not a bird.,3c0028273ee42ebbb9471d7e7467c9e7ffeef33dd90b4fd41f218ada63f167d8,0,animal_class,negated,flamingo,entity_6a8b5afe59059312f8510224439d00ac13083151e4f627d0ff57f2f0b8fb62fe,train,outer_train,animal_class:33,,[],entity_6a8b5afe59059312f8510224439d00ac13083151e4f627d0ff57f2f0b8fb62fe,admitted,[],[],[],provisional,admitted,[],[],candidate_pending_review_not_production,admitted,,candidate_pending_review_not_production
neg_animal_class:22,neg_animal_class,22,23,data/tiu_datasets/neg_animal_class.csv,03676e51600e8357e4e200d08eca7c38952b07a5aef807d5aaefbedc7f257256,ecbf6fa796c97cbcbe259460dc13687c9c5382ea7d9178c3d2792f5bfb81eb7b,"{""label"":""0"",""statement"":""The seahorse is not a fish.""}",The seahorse is not a fish.,11a7b73a680353e7b330797fed760252fee048888a8a6cd34e89cd73e4c9e017,0,animal_class,negated,seahorse,entity_49dda36b98cc615b18db1ef94a017f28112da18935d561e2d18c91e3385e0428,train,outer_train,animal_class:22,,[],entity_49dda36b98cc615b18db1ef94a017f28112da18935d561e2d18c91e3385e0428,admitted,[],[],[],provisional,admitted,[],[],candidate_pending_review_not_production,admitted,,candidate_pending_review_not_production
neg_animal_class:29,neg_animal_class,29,30,data/tiu_datasets/neg_animal_class.csv,03676e51600e8357e4e200d08eca7c38952b07a5aef807d5aaefbedc7f257256,45af1314220739b05fa7847770b6cfed23909e53c2df14858e063dfe8325e795,"{""label"":""0"",""statement"":""The peacock is not a bird.""}",The peacock is not a bird.,e609c1224913d0139cba63bfefbbc7bd1b6d5517cb990853e241c233f22a2fc0,0,animal_class,negated,peacock,entity_95addcd92b49eab32a06b04f1e5f3827db40d9854ab12a1269a9fc9cb7800e4c,train,outer_train,animal_class:29,,[],entity_95addcd92b49eab32a06b04f1e5f3827db40d9854ab12a1269a9fc9cb7800e4c,admitted,[],[],[],provisional,admitted,[],[],candidate_pending_review_not_production,admitted,,candidate_pending_review_not_production
neg_animal_class:114,neg_animal_class,114,115,data/tiu_datasets/neg_animal_class.csv,03676e51600e8357e4e200d08eca7c38952b07a5aef807d5aaefbedc7f257256,0635c57aa09056715fec1eefb03f31e72b2cff9c4069d57a1c90bdacb3a5bf2c,"{""label"":""0"",""statement"":""The dolphin is not a mammal.""}",The dolphin is not a mammal.,c388f97397cd2e60878641afe855650f7809114a6b421ceec2287eb79ea12b24,0,animal_class,negated,dolphin,entity_64bc24902edb91380136ba50ddcf621045a1026f217c5b7c645d6a6863306dd5,train,outer_train,animal_class:114,,[],entity_64bc24902edb91380136ba50ddcf621045a1026f217c5b7c645d6a6863306dd5,admitted,[],[],[],provisional,admitted,[],[],candidate_pending_review_not_production,admitted,,candidate_pending_review_not_production
neg_animal_class:25,neg_animal_class,25,26,data/tiu_datasets/neg_animal_class.csv,03676e51600e8357e4e200d08eca7c38952b07a5aef807d5aaefbedc7f257256,3e63b172beb8bed981c40928a9b4d59d0c98b474dec2e26b45b3c5ac9860036f,"{""label"":""0"",""statement"":""The cassowary is not a bird.""}",The cassowary is not a bird.,f50dbc2b6b996d66c668ccaea9e37eaafc5d22520e0a68deeacd577cf6695d04,0,animal_class,negated,cassowary,entity_4c405ed559daf5f9764dbf3f1c69f029d6828160db6c511a3aad45b998002a49,train,outer_train,animal_class:25,,[],entity_4c405ed559daf5f9764dbf3f1c69f029d6828160db6c511a3aad45b998002a49,admitted,[],[],[],provisional,admitted,[],[],candidate_pending_review_not_production,admitted,,candidate_pending_review_not_production
neg_animal_class:119,neg_animal_class,119,120,data/tiu_datasets/neg_animal_class.csv,03676e51600e8357e4e200d08eca7c38952b07a5aef807d5aaefbedc7f257256,b89bfba1b2ae235814327d7bc36e69fcf4eb4eb92ff7c2799b1b07400c566336,"{""label"":""0"",""statement"":""The axolotl is not a amphibian.""}",The axolotl is not a amphibian.,304adad29a964605649143fab801b80f97a0e2cdf4165f8249ff16e68b2cb60b,0,animal_class,negated,axolotl,entity_a610ee05dfb353899f79679ee9c116bb2c2e162a497d28068358835eab065ba1,train,outer_train,animal_class:119,,[],entity_a610ee05dfb353899f79679ee9c116bb2c2e162a497d28068358835eab065ba1,admitted,[],[],[],provisional,admitted,[],[],candidate_pending_review_not_production,admitted,,candidate_pending_review_not_production
neg_animal_class:47,neg_animal_class,47,48,data/tiu_datasets/neg_animal_class.csv,03676e51600e8357e4e200d08eca7c38952b07a5aef807d5aaefbedc7f257256,f167c28ee49e502706131be3e08aaae320916aee4ca0e28f5bc55d14382658e8,"{""label"":""0"",""statement"":""The parrot is not a bird.""}",The parrot is not a bird.,ab5410190585d41952a2e9777629a6f7c062b4408294fc5839b1207adec639ff,0,animal_class,negated,parrot,entity_b4cb07ac5ad2aacbb9a15615c7c6e07b42d8d6a2c441a42cedee471f921245f5,train,outer_train,animal_class:47,,[],entity_b4cb07ac5ad2aacbb9a15615c7c6e07b42d8d6a2c441a42cedee471f921245f5,admitted,[],[],[],provisional,admitted,[],[],candidate_pending_review_not_production,admitted,,candidate_pending_review_not_production
neg_animal_class:83,neg_animal_class,83,84,data/tiu_datasets/neg_animal_class.csv,03676e51600e8357e4e200d08eca7c38952b07a5aef807d5aaefbedc7f257256,b8366117c0680d3f59e54025edd7f898c06a7f747f57f31ce1151c6b734f15bc,"{""label"":""1"",""statement"":""The shark is not a mammal.""}",The shark is not a mammal.,2b31c930cd6fea033cbc06e2c42984ab665fd158e1a610eb583c8e39c918e7ef,1,animal_class,negated,shark,entity_7697c9b82480da95a941743985726ecb704995ad81c68c7c5c8700eb2974d44a,train,outer_train,animal_class:83,,[],entity_7697c9b82480da95a941743985726ecb704995ad81c68c7c5c8700eb2974d44a,admitted,[],[],[],provisional,admitted,[],[],candidate_pending_review_not_production,admitted,,candidate_pending_review_not_production
neg_animal_class:138,neg_animal_class,138,139,data/tiu_datasets/neg_animal_class.csv,03676e51600e8357e4e200d08eca7c38952b07a5aef807d5aaefbedc7f257256,18f3643fc251d6017734bb2f04c04d8211bcb7ac158347127c85fbdb31e3d8b9,"{""label"":""1"",""statement"":""The snake is not a fish.""}",The snake is not a fish.,6e712bd43cfffba67ffc131df854997b1ae2ffeb2fa2085872e81c2d730d3061,1,animal_class,negated,snake,entity_fe2970983457319c7c8e4172b8e9e74a4b0f4c946b69a03ffa8769a754443723,train,outer_train,animal_class:138,,[],entity_fe2970983457319c7c8e4172b8e9e74a4b0f4c946b69a03ffa8769a754443723,admitted,[],[],[],provisional,admitted,[],[],candidate_pending_review_not_production,admitted,,candidate_pending_review_not_production
neg_animal_class:79,neg_animal_class,79,80,data/tiu_datasets/neg_animal_class.csv,03676e51600e8357e4e200d08eca7c38952b07a5aef807d5aaefbedc7f257256,c93fcb9cbf38337d555a85697c3a5729bd645a55cec3fd1338e8d1d239db340b,"{""label"":""0"",""statement"":""The hyena is not a mammal.""}",The hyena is not a mammal.,46698aea6895d8be8eadbb05dfb3f0005ce9b992bc56ed5058f1b8bdf31306d4,0,animal_class,negated,hyena,entity_ffdcfdd88f9acb8d502007d2426151ddd9bf1c410fec8c52605c3d74abb5771e,train,outer_train,animal_class:79,,[],entity_ffdcfdd88f9acb8d502007d2426151ddd9bf1c410fec8c52605c3d74abb5771e,admitted,[],[],[],provisional,admitted,[],[],candidate_pending_review_not_production,admitted,,candidate_pending_review_not_production
neg_animal_class:16,neg_animal_class,16,17,data/tiu_datasets/neg_animal_class.csv,03676e51600e8357e4e200d08eca7c38952b07a5aef807d5aaefbedc7f257256,01e891bd7a3ed135ea341fe465867b554e6db08db9b2ef9c713ddabd111b5757,"{""label"":""1"",""statement"":""The moose is not a bird.""}",The moose is not a bird.,a374132ccd22cbd2cba41fe98757013089ab3b87e12613d9fa37e33c5a0ca480,1,animal_class,negated,moose,entity_4ad5850fa3ea2da1ee20f1c2f056d7c933a74174ced044ee46bb3514951951d6,train,outer_train,animal_class:16,,[],entity_4ad5850fa3ea2da1ee20f1c2f056d7c933a74174ced044ee46bb3514951951d6,admitted,[],[],[],provisional,admitted,[],[],candidate_pending_review_not_production,admitted,,candidate_pending_review_not_production
neg_animal_class:71,neg_animal_class,71,72,data/tiu_datasets/neg_animal_class.csv,03676e51600e8357e4e200d08eca7c38952b07a5aef807d5aaefbedc7f257256,5d9687e9eb004eb13fe2cd07925c50a276b3f2df305b423d98879d30fbeff688,"{""label"":""1"",""statement"":""The cheetah is not a insect.""}",The cheetah is not a insect.,13db42b8042294620562373228307df52454db8df81e1ff22fb4e92a9ea3a48f,1,animal_class,negated,cheetah,entity_99fada9747fb0a6b100222960ebd7ddef0adfe9a4e1b391867edf9d5b25bf8e1,train,outer_train,animal_class:71,,[],entity_99fada9747fb0a6b100222960ebd7ddef0adfe9a4e1b391867edf9d5b25bf8e1,admitted,[],[],[],provisional,admitted,[],[],candidate_pending_review_not_production,admitted,,candidate_pending_review_not_production
neg_animal_class:10,neg_animal_class,10,11,data/tiu_datasets/neg_animal_class.csv,03676e51600e8357e4e200d08eca7c38952b07a5aef807d5aaefbedc7f257256,5be1b86bb644269d97fd11f8f7d36833b1a25322208a9424c93d8e5cf9ca620d,"{""label"":""0"",""statement"":""The gorilla is not a mammal.""}",The gorilla is not a mammal.,dd66f477a809c079c8cf16ea09b45f96a7148bacf75ca753a1d0b9823926a07b,0,animal_class,negated,gorilla,entity_4d8dcd8163b6efdb6c45dfa5238d9b80b7150256bd63b15fe99b9c6a521bae21,train,outer_train,animal_class:10,,[],entity_4d8dcd8163b6efdb6c45dfa5238d9b80b7150256bd63b15fe99b9c6a521bae21,admitted,[],[],[],provisional,admitted,[],[],candidate_pending_review_not_production,admitted,,candidate_pending_review_not_production
neg_animal_class:98,neg_animal_class,98,99,data/tiu_datasets/neg_animal_class.csv,03676e51600e8357e4e200d08eca7c38952b07a5aef807d5aaefbedc7f257256,efb7bf38b8bd3a6ba4794dfa1ecebd05c5f882beb5f865d9708936c5073c5fd6,"{""label"":""0"",""statement"":""The bison is not a mammal.""}",The bison is not a mammal.,d34c936253b545932b17a82c6235de7262ab322b395192493060f5d09f2ded68,0,animal_class,negated,bison,entity_dd5ebd3b3a3bd0f8632af49031cac6018efd3619d8419f5d2d4ab990e5399c3f,train,outer_train,animal_class:98,,[],entity_dd5ebd3b3a3bd0f8632af49031cac6018efd3619d8419f5d2d4ab990e5399c3f,admitted,[],[],[],provisional,admitted,[],[],candidate_pending_review_not_production,admitted,,candidate_pending_review_not_production
neg_animal_class:97,neg_animal_class,97,98,data/tiu_datasets/neg_animal_class.csv,03676e51600e8357e4e200d08eca7c38952b07a5aef807d5aaefbedc7f257256,1472b9a0ab578f8d6255d28e56fa49309769e603fd0c59fcfb98e95889f4c530,"{""label"":""1"",""statement"":""The seagull is not a mammal.""}",The seagull is not a mammal.,c2f8c1cd6d0f2ecbe0038cf0dcc6b4518214362fed6f165dd5feb7948a225354,1,animal_class,negated,seagull,entity_857bc5bdaf78be4c437e30072c62d05051d684450e3b129752762a74b68acde1,train,outer_train,animal_class:97,,[],entity_857bc5bdaf78be4c437e30072c62d05051d684450e3b129752762a74b68acde1,admitted,[],[],[],provisional,admitted,[],[],candidate_pending_review_not_production,admitted,,candidate_pending_review_not_production
neg_animal_class:4,neg_animal_class,4,5,data/tiu_datasets/neg_animal_class.csv,03676e51600e8357e4e200d08eca7c38952b07a5aef807d5aaefbedc7f257256,2a738e59f42180c60cbd3fe195cd29e3917b0f6808c5c8eb5756b178eab104c9,"{""label"":""0"",""statement"":""The horse is not a mammal.""}",The horse is not a mammal.,7c9c3019f68632934908129085ea693d8a6c979f3f5bccbc4cb4c949a1dcf3af,0,animal_class,negated,horse,entity_08b83241ed80ac7928bba3c7c361e43dec1bd2f5d921eebcf5f09bf6e9d2a27e,train,outer_train,animal_class:4,,[],entity_08b83241ed80ac7928bba3c7c361e43dec1bd2f5d921eebcf5f09bf6e9d2a27e,admitted,[],[],[],provisional,admitted,[],[],candidate_pending_review_not_production,admitted,,candidate_pending_review_not_production
neg_animal_class:37,neg_animal_class,37,38,data/tiu_datasets/neg_animal_class.csv,03676e51600e8357e4e200d08eca7c38952b07a5aef807d5aaefbedc7f257256,afa9b3ff015160e3d87f55d278d0b2f0a5088ab65d1875ba0e571baff183f5e9,"{""label"":""1"",""statement"":""The slug is not a mammal.""}",The slug is not a mammal.,d78e9a9bdfa87b498fa4c04c6aca384eb31f622ab6dbea3a2602096009df5716,1,animal_class,negated,slug,entity_33cb025ed42cb1797a8a25566f41cb7e75851c889b4b03c454a138ecfd319bd3,train,outer_train,animal_class:37,,[],entity_33cb025ed42cb1797a8a25566f41cb7e75851c889b4b03c454a138ecfd319bd3,admitted,[],[],[],provisional,admitted,[],[],candidate_pending_review_not_production,admitted,,candidate_pending_review_not_production
neg_animal_class:140,neg_animal_class,140,141,data/tiu_datasets/neg_animal_class.csv,03676e51600e8357e4e200d08eca7c38952b07a5aef807d5aaefbedc7f257256,693519eeda912f0a46703b7b9ebe1b609abd4dfeddfd4cd66bb401895f643a04,"{""label"":""0"",""statement"":""The moose is not a mammal.""}",The moose is not a mammal.,82aeb0d3fb50e1f08fe034433202c22c277defddbd96664ba814074df5471c45,0,animal_class,negated,moose,entity_4ad5850fa3ea2da1ee20f1c2f056d7c933a74174ced044ee46bb3514951951d6,train,outer_train,animal_class:140,,[],entity_4ad5850fa3ea2da1ee20f1c2f056d7c933a74174ced044ee46bb3514951951d6,admitted,[],[],[],provisional,admitted,[],[],candidate_pending_review_not_production,admitted,,candidate_pending_review_not_production
neg_animal_class:31,neg_animal_class,31,32,data/tiu_datasets/neg_animal_class.csv,03676e51600e8357e4e200d08eca7c38952b07a5aef807d5aaefbedc7f257256,00cd2e66bd88f49a57d5894fd4130a5084b8ebf2445b6f6b9d306bcdea93e974,"{""label"":""0"",""statement"":""The seagull is not a bird.""}",The seagull is not a bird.,fa191e2624e1761b401af918067ce9f40c365d706cc1062eee6f6181bcd647ca,0,animal_class,negated,seagull,entity_857bc5bdaf78be4c437e30072c62d05051d684450e3b129752762a74b68acde1,train,outer_train,animal_class:31,,[],entity_857bc5bdaf78be4c437e30072c62d05051d684450e3b129752762a74b68acde1,admitted,[],[],[],provisional,admitted,[],[],candidate_pending_review_not_production,admitted,,candidate_pending_review_not_production
neg_animal_class:100,neg_animal_class,100,101,data/tiu_datasets/neg_animal_class.csv,03676e51600e8357e4e200d08eca7c38952b07a5aef807d5aaefbedc7f257256,5dae95f2353a23b62c12aeb10a893e468cfb0e69c516298ce9fc777494995df9,"{""label"":""1"",""statement"":""The cat is not a bird.""}",The cat is not a bird.,a851b3bfb56cad9d575bf2cc985e8ffc2a63fa44b811315b23ee1339798240bf,1,animal_class,negated,cat,entity_169599af0fea9fc83c9921b74f8782f4569d018434db713fa1cc0b27be3b4d5c,train,outer_train,animal_class:100,,[],entity_169599af0fea9fc83c9921b74f8782f4569d018434db713fa1cc0b27be3b4d5c,admitted,[],[],[],provisional,admitted,[],[],candidate_pending_review_not_production,admitted,,candidate_pending_review_not_production
neg_animal_class:73,neg_animal_class,73,74,data/tiu_datasets/neg_animal_class.csv,03676e51600e8357e4e200d08eca7c38952b07a5aef807d5aaefbedc7f257256,d5075d94c0c3b7f92605275923db6e3116edaab9501db22386ee16f8c6e49b44,"{""label"":""1"",""statement"":""The tarantula is not a insect.""}",The tarantula is not a insect.,d54642a1e2c1a4763dbc6cae139063df72296041a5b9ed4530b90deea468dcb0,1,animal_class,negated,tarantula,entity_e08b106bed1dc6e83945dcabc6863df4ad3a1e5a10f4cf9ab93a9ab38b20324f,train,outer_train,animal_class:73,,[],entity_e08b106bed1dc6e83945dcabc6863df4ad3a1e5a10f4cf9ab93a9ab38b20324f,admitted,[],[],[],provisional,admitted,[],[],candidate_pending_review_not_production,admitted,,candidate_pending_review_not_production
neg_animal_class:11,neg_animal_class,11,12,data/tiu_datasets/neg_animal_class.csv,03676e51600e8357e4e200d08eca7c38952b07a5aef807d5aaefbedc7f257256,1fd9c8549ef97b5f7d73c715558f6eb3ab12b65dae5ed9476d70f0f7783610ce,"{""label"":""0"",""statement"":""The cheetah is not a mammal.""}",The cheetah is not a mammal.,f59172142a9f38524cc7ba47aab4d549939d872fc02669d295cb9ebe543dcfb1,0,animal_class,negated,cheetah,entity_99fada9747fb0a6b100222960ebd7ddef0adfe9a4e1b391867edf9d5b25bf8e1,train,outer_train,animal_class:11,,[],entity_99fada9747fb0a6b100222960ebd7ddef0adfe9a4e1b391867edf9d5b25bf8e1,admitted,[],[],[],provisional,admitted,[],[],candidate_pending_review_not_production,admitted,,candidate_pending_review_not_production
neg_animal_class:104,neg_animal_class,104,105,data/tiu_datasets/neg_animal_class.csv,03676e51600e8357e4e200d08eca7c38952b07a5aef807d5aaefbedc7f257256,81321bf4a591d97d9f2ad7a1d8298b85c00529c54c5af155501394a17ce8a128,"{""label"":""1"",""statement"":""The lobster is not a mammal.""}",The lobster is not a mammal.,55cc00deea4b3b49481fc24ce30446b273f3ac95911e846b0da18d6f3f029b9b,1,animal_class,negated,lobster,entity_f437f7ff80f2a27dcb587f0fe58c6b819240955884f9409f228b98ab9b9e4706,train,outer_train,animal_class:104,,[],entity_f437f7ff80f2a27dcb587f0fe58c6b819240955884f9409f228b98ab9b9e4706,admitted,[],[],[],provisional,admitted,[],[],candidate_pending_review_not_production,admitted,,candidate_pending_review_not_production
neg_animal_class:112,neg_animal_class,112,113,data/tiu_datasets/neg_animal_class.csv,03676e51600e8357e4e200d08eca7c38952b07a5aef807d5aaefbedc7f257256,4d7a10cc4ba2bfadc57b76f9e8431541049189c21c3af9632a593ac886571291,"{""label"":""0"",""statement"":""The gazelle is not a mammal.""}",The gazelle is not a mammal.,3cd53469bc17f0c17fbfb93f2207f61e2524583438ee461421081e3f3d137cae,0,animal_class,negated,gazelle,entity_56dda79fb88a7ddd5ca98f6ae47726a0fd2ec9c3dec56fbcc53dfd80c7912140,train,outer_train,animal_class:112,,[],entity_56dda79fb88a7ddd5ca98f6ae47726a0fd2ec9c3dec56fbcc53dfd80c7912140,admitted,[],[],[],provisional,admitted,[],[],candidate_pending_review_not_production,admitted,,candidate_pending_review_not_production
neg_animal_class:163,neg_animal_class,163,164,data/tiu_datasets/neg_animal_class.csv,03676e51600e8357e4e200d08eca7c38952b07a5aef807d5aaefbedc7f257256,a3518430904b5d4b8373da3c8877eaf478c6d4141f3ad79e4943248670969e04,"{""label"":""0"",""statement"":""The alpaca is not a mammal.""}",The alpaca is not a mammal.,4145c2c0eacac07ec9ef2c2acb31ca91c2d2bde5c68add9287e119bfb4ccf25a,0,animal_class,negated,alpaca,entity_94086439f6f5213caf5eb4ec1a721f49ce9adff94dc6a4efab321fb15a3731fa,train,outer_train,animal_class:163,,[],entity_94086439f6f5213caf5eb4ec1a721f49ce9adff94dc6a4efab321fb15a3731fa,admitted,[],[],[],provisional,admitted,[],[],candidate_pending_review_not_production,admitted,,candidate_pending_review_not_production
neg_animal_class:30,neg_animal_class,30,31,data/tiu_datasets/neg_animal_class.csv,03676e51600e8357e4e200d08eca7c38952b07a5aef807d5aaefbedc7f257256,7c810f5ec0f2d66e1bff35f6a64ae7981e3f91bce35581f54cf5efa3ead6b24d,"{""label"":""1"",""statement"":""The walrus is not a mollusk.""}",The walrus is not a mollusk.,8435c24e87a1f0a079eb7d07c2bddc304276ed8a248ddc2630cdb1882ea67262,1,animal_class,negated,walrus,entity_36b697392bc276973d8a123d9c188a8291ee4ef1f45ed4dbc1a98216d0329932,train,outer_train,animal_class:30,,[],entity_36b697392bc276973d8a123d9c188a8291ee4ef1f45ed4dbc1a98216d0329932,admitted,[],[],[],provisional,admitted,[],[],candidate_pending_review_not_production,admitted,,candidate_pending_review_not_production
neg_animal_class:69,neg_animal_class,69,70,data/tiu_datasets/neg_animal_class.csv,03676e51600e8357e4e200d08eca7c38952b07a5aef807d5aaefbedc7f257256,88fdb08cca6f69e10a51010ad667092a95c876152b246024dc9c74295effa71b,"{""label"":""1"",""statement"":""The peacock is not a mammal.""}",The peacock is not a mammal.,0c9c946e419c21106cc8ba79c26efe4e2ee7e8ac47a1d1130ead01a6d3ad9151,1,animal_class,negated,peacock,entity_95addcd92b49eab32a06b04f1e5f3827db40d9854ab12a1269a9fc9cb7800e4c,train,outer_train,animal_class:69,,[],entity_95addcd92b49eab32a06b04f1e5f3827db40d9854ab12a1269a9fc9cb7800e4c,admitted,[],[],[],provisional,admitted,[],[],candidate_pending_review_not_production,admitted,,candidate_pending_review_not_production
neg_animal_class:151,neg_animal_class,151,152,data/tiu_datasets/neg_animal_class.csv,03676e51600e8357e4e200d08eca7c38952b07a5aef807d5aaefbedc7f257256,bdc7335f88bb0f858aa26bd7787343943a6a28fec33138378eb96a59af39650f,"{""label"":""1"",""statement"":""The seahorse is not a mammal.""}",The seahorse is not a mammal.,bdc19fa6fd3343af2eb999d2a84e513cd8bfb06f875781365eab2c275c129bc0,1,animal_class,negated,seahorse,entity_49dda36b98cc615b18db1ef94a017f28112da18935d561e2d18c91e3385e0428,train,outer_train,animal_class:151,,[],entity_49dda36b98cc615b18db1ef94a017f28112da18935d561e2d18c91e3385e0428,admitted,[],[],[],provisional,admitted,[],[],candidate_pending_review_not_production,admitted,,candidate_pending_review_not_production
neg_animal_class:78,neg_animal_class,78,79,data/tiu_datasets/neg_animal_class.csv,03676e51600e8357e4e200d08eca7c38952b07a5aef807d5aaefbedc7f257256,275d6fbaf1a4dcd3367f7373eed38c08bdbf118df6f3a6fa8856674900d7b496,"{""label"":""0"",""statement"":""The cat is not a mammal.""}",The cat is not a mammal.,85d08c5f1de750e0663837e52dfbb73a7c28f022c906bf50953ad6647cd5ded1,0,animal_class,negated,cat,entity_169599af0fea9fc83c9921b74f8782f4569d018434db713fa1cc0b27be3b4d5c,train,outer_train,animal_class:78,,[],entity_169599af0fea9fc83c9921b74f8782f4569d018434db713fa1cc0b27be3b4d5c,admitted,[],[],[],provisional,admitted,[],[],candidate_pending_review_not_production,admitted,,candidate_pending_review_not_production
neg_animal_class:38,neg_animal_class,38,39,data/tiu_datasets/neg_animal_class.csv,03676e51600e8357e4e200d08eca7c38952b07a5aef807d5aaefbedc7f257256,4ebbf44833fba3f1ba156e23a42b9832d88292bb02c85eb10d45b3bfdc806fff,"{""label"":""1"",""statement"":""The horse is not a mollusk.""}",The horse is not a mollusk.,ac953c54a88adab4607b06cf54f162dc2d18c6b238b56b4e5bd87ae52eb19e3c,1,animal_class,negated,horse,entity_08b83241ed80ac7928bba3c7c361e43dec1bd2f5d921eebcf5f09bf6e9d2a27e,train,outer_train,animal_class:38,,[],entity_08b83241ed80ac7928bba3c7c361e43dec1bd2f5d921eebcf5f09bf6e9d2a27e,admitted,[],[],[],provisional,admitted,[],[],candidate_pending_review_not_production,admitted,,candidate_pending_review_not_production
neg_animal_class:160,neg_animal_class,160,161,data/tiu_datasets/neg_animal_class.csv,03676e51600e8357e4e200d08eca7c38952b07a5aef807d5aaefbedc7f257256,33c2a79be9e3a2fa5b53c55d2aa7ba2f0494670ec37fd3577ebde39f4d407c69,"{""label"":""1"",""statement"":""The tapir is not a bird.""}",The tapir is not a bird.,aa78d3c7b38948719ec9d331dd5b665beff1f3fb53331ff5420dfcd9b985bef3,1,animal_class,negated,tapir,entity_c99e4f6ba7449c95d5d022d7af4e5fb1db4858bd62af1ef32ec347e4a9e772a2,train,outer_train,animal_class:160,,[],entity_c99e4f6ba7449c95d5d022d7af4e5fb1db4858bd62af1ef32ec347e4a9e772a2,admitted,[],[],[],provisional,admitted,[],[],candidate_pending_review_not_production,admitted,,candidate_pending_review_not_production
neg_animal_class:120,neg_animal_class,120,121,data/tiu_datasets/neg_animal_class.csv,03676e51600e8357e4e200d08eca7c38952b07a5aef807d5aaefbedc7f257256,65f259d893ab191f243ee479de67cd35725b21780cd3f946a8dee679cc671b66,"{""label"":""1"",""statement"":""The hamster is not a fish.""}",The hamster is not a fish.,e98f43542a109898d49cdf7a048cd7ecf97565a7da1c6141a06af099cbe2f322,1,animal_class,negated,hamster,entity_9e1a6cabed1ee178cfba6190c44b1fa2794fff6e447cc15b729422ba2e4d6cc4,train,outer_train,animal_class:120,,[],entity_9e1a6cabed1ee178cfba6190c44b1fa2794fff6e447cc15b729422ba2e4d6cc4,admitted,[],[],[],provisional,admitted,[],[],candidate_pending_review_not_production,admitted,,candidate_pending_review_not_production
neg_animal_class:2,neg_animal_class,2,3,data/tiu_datasets/neg_animal_class.csv,03676e51600e8357e4e200d08eca7c38952b07a5aef807d5aaefbedc7f257256,72d9db88132178423ec34f37fb53e2643784359629159a7efdd824299783a96b,"{""label"":""0"",""statement"":""The lobster is not a crustacean.""}",The lobster is not a crustacean.,2718bcc81bfe4033bf7bf09effc8f95d064ba70fb92456d950a3c8c53dd369f9,0,animal_class,negated,lobster,entity_f437f7ff80f2a27dcb587f0fe58c6b819240955884f9409f228b98ab9b9e4706,train,outer_train,animal_class:2,,[],entity_f437f7ff80f2a27dcb587f0fe58c6b819240955884f9409f228b98ab9b9e4706,admitted,[],[],[],provisional,admitted,[],[],candidate_pending_review_not_production,admitted,,candidate_pending_review_not_production
neg_animal_class:109,neg_animal_class,109,110,data/tiu_datasets/neg_animal_class.csv,03676e51600e8357e4e200d08eca7c38952b07a5aef807d5aaefbedc7f257256,6e71fbc41e24bed9f77972c4980a48507f10a75b8247675179c726058cba2a26,"{""label"":""1"",""statement"":""The koala is not a fish.""}",The koala is not a fish.,5fa9aa0a9eb51b1ae025dd8c702dc261d9d65eae6b25cd563da5e3683c47214d,1,animal_class,negated,koala,entity_694b218264497897f3fd4fbe2e6be835c1cc925ac08ecf6626f5a0d3e9289f22,train,outer_train,animal_class:109,,[],entity_694b218264497897f3fd4fbe2e6be835c1cc925ac08ecf6626f5a0d3e9289f22,admitted,[],[],[],provisional,admitted,[],[],candidate_pending_review_not_production,admitted,,candidate_pending_review_not_production
neg_animal_class:137,neg_animal_class,137,138,data/tiu_datasets/neg_animal_class.csv,03676e51600e8357e4e200d08eca7c38952b07a5aef807d5aaefbedc7f257256,44c0e7a1a60fe080a83cc945fff5313a00aeda1661333ec582cded9f21f7be76,"{""label"":""1"",""statement"":""The hedgehog is not a bird.""}",The hedgehog is not a bird.,54c386f7dd4b6901905c65753760fc5731eee38903c249b849657bbadbb0508e,1,animal_class,negated,hedgehog,entity_e5c5d003f4f1a533abe1d9ff94cc2c0315fc9eee40b7586090e690af6292000a,train,outer_train,animal_class:137,,[],entity_e5c5d003f4f1a533abe1d9ff94cc2c0315fc9eee40b7586090e690af6292000a,admitted,[],[],[],provisional,admitted,[],[],candidate_pending_review_not_production,admitted,,candidate_pending_review_not_production
neg_animal_class:106,neg_animal_class,106,107,data/tiu_datasets/neg_animal_class.csv,03676e51600e8357e4e200d08eca7c38952b07a5aef807d5aaefbedc7f257256,8c90f9f16f5687bae3b380597940387b3981e2093af4767a3c7271c3a0c756c0,"{""label"":""0"",""statement"":""The hamster is not a mammal.""}",The hamster is not a mammal.,7f5bb5f0808099459b437c386459174a001a1b3ec177a2f2b16f6eaf78b20ed3,0,animal_class,negated,hamster,entity_9e1a6cabed1ee178cfba6190c44b1fa2794fff6e447cc15b729422ba2e4d6cc4,train,outer_train,animal_class:106,,[],entity_9e1a6cabed1ee178cfba6190c44b1fa2794fff6e447cc15b729422ba2e4d6cc4,admitted,[],[],[],provisional,admitted,[],[],candidate_pending_review_not_production,admitted,,candidate_pending_review_not_production
neg_animal_class:145,neg_animal_class,145,146,data/tiu_datasets/neg_animal_class.csv,03676e51600e8357e4e200d08eca7c38952b07a5aef807d5aaefbedc7f257256,8223f80d3f3a18d213399a04110a88780cbd3d23a9746ba2693d74d0cb1bd80f,"{""label"":""1"",""statement"":""The gorilla is not a amphibian.""}",The gorilla is not a amphibian.,b96742624b34c2b59f20f9b517acc14d7b14f1e0d12553c41ed848627b59d4b1,1,animal_class,negated,gorilla,entity_4d8dcd8163b6efdb6c45dfa5238d9b80b7150256bd63b15fe99b9c6a521bae21,train,outer_train,animal_class:145,,[],entity_4d8dcd8163b6efdb6c45dfa5238d9b80b7150256bd63b15fe99b9c6a521bae21,admitted,[],[],[],provisional,admitted,[],[],candidate_pending_review_not_production,admitted,,candidate_pending_review_not_production
neg_animal_class:52,neg_animal_class,52,53,data/tiu_datasets/neg_animal_class.csv,03676e51600e8357e4e200d08eca7c38952b07a5aef807d5aaefbedc7f257256,7cccc0d5908632e4e8d225d02659d5ee33c2d970fb7988270b755a21d42dcf26,"{""label"":""1"",""statement"":""The chimpanzee is not a fish.""}",The chimpanzee is not a fish.,dde10e7cf1156c9c1cf733eecb46f58e254f0ba027a949cd28ae2bb93d5a9d73,1,animal_class,negated,chimpanzee,entity_d193a983bb84e2b2bad3fdaca343588c64d9a1a01a2da0e94d2acbcfb13cb58f,train,outer_train,animal_class:52,,[],entity_d193a983bb84e2b2bad3fdaca343588c64d9a1a01a2da0e94d2acbcfb13cb58f,admitted,[],[],[],provisional,admitted,[],[],candidate_pending_review_not_production,admitted,,candidate_pending_review_not_production
neg_animal_class:110,neg_animal_class,110,111,data/tiu_datasets/neg_animal_class.csv,03676e51600e8357e4e200d08eca7c38952b07a5aef807d5aaefbedc7f257256,9437d3c2bb85c4a39c306d1cc1ba343a50a7b13a2e8eda41f11ef62d9ad3a22f,"{""label"":""0"",""statement"":""The jellyfish is not a cnidarian.""}",The jellyfish is not a cnidarian.,877bf400e603336f5b6b3c7297c3399eadec8c1f466ed526d4b323691065df89,0,animal_class,negated,jellyfish,entity_2675b18d22ab41fd83a19957ee0ddd0980d15500682ca9da1430e707e249ee1a,train,outer_train,animal_class:110,,[],entity_2675b18d22ab41fd83a19957ee0ddd0980d15500682ca9da1430e707e249ee1a,admitted,[],[],[],provisional,admitted,[],[],candidate_pending_review_not_production,admitted,,candidate_pending_review_not_production
neg_animal_class:128,neg_animal_class,128,129,data/tiu_datasets/neg_animal_class.csv,03676e51600e8357e4e200d08eca7c38952b07a5aef807d5aaefbedc7f257256,288df3a0096b2af0dc708f557427db8b2d0a549476ff981b40ba95acfe8bc55d,"{""label"":""0"",""statement"":""The octopus is not a mollusk.""}",The octopus is not a mollusk.,a3274b19b0108082b2b98ea0a963e991c164c8fdb3bedfd5faff10e0b8916c79,0,animal_class,negated,octopus,entity_68fe80c9dc31be51d7b4b4dc39db6f2273a307764773be0829a1ed0fbc9a435e,train,outer_train,animal_class:128,,[],entity_68fe80c9dc31be51d7b4b4dc39db6f2273a307764773be0829a1ed0fbc9a435e,admitted,[],[],[],provisional,admitted,[],[],candidate_pending_review_not_production,admitted,,candidate_pending_review_not_production
neg_animal_class:105,neg_animal_class,105,106,data/tiu_datasets/neg_animal_class.csv,03676e51600e8357e4e200d08eca7c38952b07a5aef807d5aaefbedc7f257256,458a26e1dfd8a6194d67d131fcc34bdda211e0dd3672a251c7dba703707420f1,"{""label"":""1"",""statement"":""The cassowary is not a mammal.""}",The cassowary is not a mammal.,d771cae9ceecf57ed26b02e06119efd6fc5bbaf02a1c8b97153f525a87c9da2e,1,animal_class,negated,cassowary,entity_4c405ed559daf5f9764dbf3f1c69f029d6828160db6c511a3aad45b998002a49,train,outer_train,animal_class:105,,[],entity_4c405ed559daf5f9764dbf3f1c69f029d6828160db6c511a3aad45b998002a49,admitted,[],[],[],provisional,admitted,[],[],candidate_pending_review_not_production,admitted,,candidate_pending_review_not_production
neg_animal_class:101,neg_animal_class,101,102,data/tiu_datasets/neg_animal_class.csv,03676e51600e8357e4e200d08eca7c38952b07a5aef807d5aaefbedc7f257256,f6b3d595d6027903135d970a88a1240def46ac92e2469592d27985c40d95c175,"{""label"":""0"",""statement"":""The mongoose is not a mammal.""}",The mongoose is not a mammal.,7fc1c59683272dfadf5b433273312d104e87d3b16bc96069f494d319e4610c76,0,animal_class,negated,mongoose,entity_897679fa829944c5683fba4dde56773a703ff1b11cd768b003bbf2554e0ece58,train,outer_train,animal_class:101,,[],entity_897679fa829944c5683fba4dde56773a703ff1b11cd768b003bbf2554e0ece58,admitted,[],[],[],provisional,admitted,[],[],candidate_pending_review_not_production,admitted,,candidate_pending_review_not_production
neg_animal_class:43,neg_animal_class,43,44,data/tiu_datasets/neg_animal_class.csv,03676e51600e8357e4e200d08eca7c38952b07a5aef807d5aaefbedc7f257256,d0d433e770a254125270c7d2fad738edcbda36764ca4e6f32eeea10cf5db9fed,"{""label"":""1"",""statement"":""The hippopotamus is not a reptile.""}",The hippopotamus is not a reptile.,7a215b5bdf368767af3cb26024b69265fb4e3486df03028cca7f5706bf03a9ff,1,animal_class,negated,hippopotamus,entity_483c04577fa366e36374dd410ea22ba91850d53f8763df0431f09f00c7f251c0,train,outer_train,animal_class:43,,[],entity_483c04577fa366e36374dd410ea22ba91850d53f8763df0431f09f00c7f251c0,admitted,[],[],[],provisional,admitted,[],[],candidate_pending_review_not_production,admitted,,candidate_pending_review_not_production
neg_animal_class:7,neg_animal_class,7,8,data/tiu_datasets/neg_animal_class.csv,03676e51600e8357e4e200d08eca7c38952b07a5aef807d5aaefbedc7f257256,321b959f65c2796dce6cb9931c3f57f0e0fd767aec8723eed1ad29419ffefdfc,"{""label"":""0"",""statement"":""The hummingbird is not a bird.""}",The hummingbird is not a bird.,0fd2f8fb0b9f90d0edb40e26420e86bc080061e546101c8e194fae1e970165a5,0,animal_class,negated,hummingbird,entity_797598c9fa00f88bdc9c42cfcebb86b87a6747d50899b03bbd1b4730bfb09c47,train,outer_train,animal_class:7,,[],entity_797598c9fa00f88bdc9c42cfcebb86b87a6747d50899b03bbd1b4730bfb09c47,admitted,[],[],[],provisional,admitted,[],[],candidate_pending_review_not_production,admitted,,candidate_pending_review_not_production
neg_animal_class:152,neg_animal_class,152,153,data/tiu_datasets/neg_animal_class.csv,03676e51600e8357e4e200d08eca7c38952b07a5aef807d5aaefbedc7f257256,fd701056623afeda0891d61a78e5df53b77d1ffeeefca2b649c4c5136c330700,"{""label"":""0"",""statement"":""The crocodile is not a reptile.""}",The crocodile is not a reptile.,c8010d9d43c54da04493c17f8f11820840bb83b530bc954f2fcdb7f707dc655a,0,animal_class,negated,crocodile,entity_f8974887b17ff3afb0c21e90f66e134b2e2f2bbf9f5b0489d266dd304da3840d,train,outer_train,animal_class:152,,[],entity_f8974887b17ff3afb0c21e90f66e134b2e2f2bbf9f5b0489d266dd304da3840d,admitted,[],[],[],provisional,admitted,[],[],candidate_pending_review_not_production,admitted,,candidate_pending_review_not_production
neg_animal_class:75,neg_animal_class,75,76,data/tiu_datasets/neg_animal_class.csv,03676e51600e8357e4e200d08eca7c38952b07a5aef807d5aaefbedc7f257256,8f79fa022d101fe2b17356b777f86500d243789a82605406dd87f930bb7d6bd4,"{""label"":""0"",""statement"":""The chimpanzee is not a mammal.""}",The chimpanzee is not a mammal.,340e3b948d611d2c5ff821b1b08a308ebbebfd69c57108d4d22c4aa8fc9c079f,0,animal_class,negated,chimpanzee,entity_d193a983bb84e2b2bad3fdaca343588c64d9a1a01a2da0e94d2acbcfb13cb58f,train,outer_train,animal_class:75,,[],entity_d193a983bb84e2b2bad3fdaca343588c64d9a1a01a2da0e94d2acbcfb13cb58f,admitted,[],[],[],provisional,admitted,[],[],candidate_pending_review_not_production,admitted,,candidate_pending_review_not_production
neg_animal_class:117,neg_animal_class,117,118,data/tiu_datasets/neg_animal_class.csv,03676e51600e8357e4e200d08eca7c38952b07a5aef807d5aaefbedc7f257256,fa508ba7104bf6fe8210758345c7a8e40b91075865c652a1b0d443411c239950,"{""label"":""1"",""statement"":""The bison is not a amphibian.""}",The bison is not a amphibian.,8e2c70f91dc8754aed446ca8927d4d5944b4249890f439d4cba988675e9361e0,1,animal_class,negated,bison,entity_dd5ebd3b3a3bd0f8632af49031cac6018efd3619d8419f5d2d4ab990e5399c3f,train,outer_train,animal_class:117,,[],entity_dd5ebd3b3a3bd0f8632af49031cac6018efd3619d8419f5d2d4ab990e5399c3f,admitted,[],[],[],provisional,admitted,[],[],candidate_pending_review_not_production,admitted,,candidate_pending_review_not_production
neg_animal_class:42,neg_animal_class,42,43,data/tiu_datasets/neg_animal_class.csv,03676e51600e8357e4e200d08eca7c38952b07a5aef807d5aaefbedc7f257256,a6dde6d58e814c5dc52ea1c86b8ce789f1c7cee1899a2f251c66aff7fe6945c5,"{""label"":""0"",""statement"":""The slug is not a mollusk.""}",The slug is not a mollusk.,61641022a0cd5c9d2b05a3bd5a6e7f4975359588ed745dd08ae85d6794a175b9,0,animal_class,negated,slug,entity_33cb025ed42cb1797a8a25566f41cb7e75851c889b4b03c454a138ecfd319bd3,train,outer_train,animal_class:42,,[],entity_33cb025ed42cb1797a8a25566f41cb7e75851c889b4b03c454a138ecfd319bd3,admitted,[],[],[],provisional,admitted,[],[],candidate_pending_review_not_production,admitted,,candidate_pending_review_not_production
neg_animal_class:131,neg_animal_class,131,132,data/tiu_datasets/neg_animal_class.csv,03676e51600e8357e4e200d08eca7c38952b07a5aef807d5aaefbedc7f257256,290ae5971bff9ed3f07b7c43ae9cf54369c8c9e415ec6106fae0468ddc2b612e,"{""label"":""1"",""statement"":""The hummingbird is not a mammal.""}",The hummingbird is not a mammal.,04ca5f0aa86e384dea424aa04a5c2754e4fbac33565c73de3f0a8f57000630a7,1,animal_class,negated,hummingbird,entity_797598c9fa00f88bdc9c42cfcebb86b87a6747d50899b03bbd1b4730bfb09c47,train,outer_train,animal_class:131,,[],entity_797598c9fa00f88bdc9c42cfcebb86b87a6747d50899b03bbd1b4730bfb09c47,admitted,[],[],[],provisional,admitted,[],[],candidate_pending_review_not_production,admitted,,candidate_pending_review_not_production
neg_animal_class:122,neg_animal_class,122,123,data/tiu_datasets/neg_animal_class.csv,03676e51600e8357e4e200d08eca7c38952b07a5aef807d5aaefbedc7f257256,3cc84ed065bdeb597a1aac0a5b1fa858206ec98e02d13a005134993f674bb71a,"{""label"":""1"",""statement"":""The iguana is not a bird.""}",The iguana is not a bird.,5fd10115979f19191cad8a28eac4b8a519627c1319f668ee70e1fb684d5f95e4,1,animal_class,negated,iguana,entity_f0d378d1a9ca138e6d23459ce61f6a59c0ea4c1ed3699b01c79511c03632c969,train,outer_train,animal_class:122,,[],entity_f0d378d1a9ca138e6d23459ce61f6a59c0ea4c1ed3699b01c79511c03632c969,admitted,[],[],[],provisional,admitted,[],[],candidate_pending_review_not_production,admitted,,candidate_pending_review_not_production
neg_animal_class:162,neg_animal_class,162,163,data/tiu_datasets/neg_animal_class.csv,03676e51600e8357e4e200d08eca7c38952b07a5aef807d5aaefbedc7f257256,a807be3746813d2d4b75b57726cbc1e0e027a0f59684b75e943dc336b140d773,"{""label"":""0"",""statement"":""The kangaroo is not a mammal.""}",The kangaroo is not a mammal.,4e5487a5699bac3409082d4e3495fa5ba8cbd084c9e8b36919db7b1306ea8f95,0,animal_class,negated,kangaroo,entity_99d437eb4622d2de9b48c3653c0b8adbed6ccfaed612a6497b589dd9b0cca421,train,outer_train,animal_class:162,,[],entity_99d437eb4622d2de9b48c3653c0b8adbed6ccfaed612a6497b589dd9b0cca421,admitted,[],[],[],provisional,admitted,[],[],candidate_pending_review_not_production,admitted,,candidate_pending_review_not_production
neg_animal_class:72,neg_animal_class,72,73,data/tiu_datasets/neg_animal_class.csv,03676e51600e8357e4e200d08eca7c38952b07a5aef807d5aaefbedc7f257256,f26c602fc508557c6cb52730c98711b242f36daf6c238f05360ec100c261a6b9,"{""label"":""1"",""statement"":""The hyena is not a bird.""}",The hyena is not a bird.,cd20a0478dbc562bc3c873b113caa3d398bd18346f37790e766a3f4397115141,1,animal_class,negated,hyena,entity_ffdcfdd88f9acb8d502007d2426151ddd9bf1c410fec8c52605c3d74abb5771e,train,outer_train,animal_class:72,,[],entity_ffdcfdd88f9acb8d502007d2426151ddd9bf1c410fec8c52605c3d74abb5771e,admitted,[],[],[],provisional,admitted,[],[],candidate_pending_review_not_production,admitted,,candidate_pending_review_not_production
element_symb:12,element_symb,12,13,data/tiu_datasets/element_symb.csv,2aa8da5696a1f0f0c4630b7a75949cf47e81254728be13c0f4e835ed6129a5a6,37c5cca5f3ef388040ab9ea68d6cc028e46c4b4f41388e59b96623b796bc710e,"{""label"":""1"",""statement"":""Xenon has the symbol Xe.""}",Xenon has the symbol Xe.,c09cdf4b0101c14d52213f393b1f0fec98a73e72e0c4ec3100665508e5d67a93,1,element_symb,affirmative,Xenon,entity_86ce77c484b14bcdf1bf3f3b3f87176f09f962d8fbf1cfe11c23a8f920d47e9c,train,outer_train,neg_element_symb:12,,[],entity_86ce77c484b14bcdf1bf3f3b3f87176f09f962d8fbf1cfe11c23a8f920d47e9c,admitted,[],[],[],provisional,admitted,[],[],candidate_pending_review_not_production,admitted,,candidate_pending_review_not_production
element_symb:0,element_symb,0,1,data/tiu_datasets/element_symb.csv,2aa8da5696a1f0f0c4630b7a75949cf47e81254728be13c0f4e835ed6129a5a6,f95ad0bd0adb830def5ba4b2194a58b9c14f854178dccfd25d04128a78e42246,"{""label"":""1"",""statement"":""Thallium has the symbol Tl.""}",Thallium has the symbol Tl.,01f20da9b76ce41a6a7bfb79ccbbd6618fe44b44babfa3f03799e8453aa7e738,1,element_symb,affirmative,Thallium,entity_3dd2d429c085f803d55cef4d831e8bdf586f6007915f1204fb031917cc4d084f,train,outer_train,neg_element_symb:0,,[],entity_3dd2d429c085f803d55cef4d831e8bdf586f6007915f1204fb031917cc4d084f,admitted,[],[],[],provisional,admitted,[],[],candidate_pending_review_not_production,admitted,,candidate_pending_review_not_production
element_symb:88,element_symb,88,89,data/tiu_datasets/element_symb.csv,2aa8da5696a1f0f0c4630b7a75949cf47e81254728be13c0f4e835ed6129a5a6,6ac8e3933b1a9d0d64781ac558d36299abb43cd79a7fe1e38cf954510400cb42,"{""label"":""1"",""statement"":""Cesium has the symbol Cs.""}",Cesium has the symbol Cs.,4d421702e13a1c7fb2bf5deae09cd2f9fe997209eec88b641990d5c37f4704ef,1,element_symb,affirmative,Cesium,entity_89fb9f75234557d3c374ece3f4f98d832b4c3a16d64c8e7261611e381d6364f9,train,outer_train,neg_element_symb:88,,[],entity_89fb9f75234557d3c374ece3f4f98d832b4c3a16d64c8e7261611e381d6364f9,admitted,[],[],[],provisional,admitted,[],[],candidate_pending_review_not_production,admitted,,candidate_pending_review_not_production
element_symb:56,element_symb,56,57,data/tiu_datasets/element_symb.csv,2aa8da5696a1f0f0c4630b7a75949cf47e81254728be13c0f4e835ed6129a5a6,734b52be9d76d3710114d8fa5d2d7b4eefdd442be235c6d3ff8a47cb036ea663,"{""label"":""0"",""statement"":""Xenon has the symbol F.""}",Xenon has the symbol F.,204cdc9d5b3c153f1e5e8b326c41e2a812f1deb46cd1ff54203e3a73fd542c20,0,element_symb,affirmative,Xenon,entity_86ce77c484b14bcdf1bf3f3b3f87176f09f962d8fbf1cfe11c23a8f920d47e9c,train,outer_train,neg_element_symb:56,,[],entity_86ce77c484b14bcdf1bf3f3b3f87176f09f962d8fbf1cfe11c23a8f920d47e9c,admitted,[],[],[],provisional,admitted,[],[],candidate_pending_review_not_production,admitted,,candidate_pending_review_not_production
element_symb:63,element_symb,63,64,data/tiu_datasets/element_symb.csv,2aa8da5696a1f0f0c4630b7a75949cf47e81254728be13c0f4e835ed6129a5a6,02455a62369f6f742df2fa767b0d5d054b79d4e4e899819cafbde982068eb013,"{""label"":""1"",""statement"":""Thulium has the symbol Tm.""}",Thulium has the symbol Tm.,11eaa80b507e7d45b098c70bd15e2dce5362460d422e47f671d61f632206f4b4,1,element_symb,affirmative,Thulium,entity_e135c38e252ae843c2a0bed605f9d3f8af3b923f6f078c63f68151cf924d9497,train,outer_train,neg_element_symb:63,,[],entity_e135c38e252ae843c2a0bed605f9d3f8af3b923f6f078c63f68151cf924d9497,admitted,[],[],[],provisional,admitted,[],[],candidate_pending_review_not_production,admitted,,candidate_pending_review_not_production
element_symb:115,element_symb,115,116,data/tiu_datasets/element_symb.csv,2aa8da5696a1f0f0c4630b7a75949cf47e81254728be13c0f4e835ed6129a5a6,5e193e5cc31e2900f1e376301ea5f52dba8e0880288f85550661e19a6d1fcd7d,"{""label"":""1"",""statement"":""Yttrium has the symbol Y.""}",Yttrium has the symbol Y.,ceb219c52fe78e4efe38900321b48d4b547e1c1fa11122429db0da5a59be4ea2,1,element_symb,affirmative,Yttrium,entity_aa9e6bcded011c95487b80fee77faace4b438411c073e9fda39625a2098bd0c8,train,outer_train,neg_element_symb:115,,[],entity_aa9e6bcded011c95487b80fee77faace4b438411c073e9fda39625a2098bd0c8,admitted,[],[],[],provisional,admitted,[],[],candidate_pending_review_not_production,admitted,,candidate_pending_review_not_production
element_symb:126,element_symb,126,127,data/tiu_datasets/element_symb.csv,2aa8da5696a1f0f0c4630b7a75949cf47e81254728be13c0f4e835ed6129a5a6,4a37d537efcbf7349bf79c5072a30de7bd20ac4026aa5d397632b0a1f017a205,"{""label"":""0"",""statement"":""Tin has the symbol Be.""}",Tin has the symbol Be.,d007cf55f2bccde19e80abf43951a5340f0d3d14bde7fda484755ce7f3f85115,0,element_symb,affirmative,Tin,entity_f08e5eeb37a754dbfe89ea9ca33b46a79784078910886b391a5c46065fb4a655,train,outer_train,neg_element_symb:126,,[],entity_f08e5eeb37a754dbfe89ea9ca33b46a79784078910886b391a5c46065fb4a655,admitted,[],[],[],provisional,admitted,[],[],candidate_pending_review_not_production,admitted,,candidate_pending_review_not_production
element_symb:175,element_symb,175,176,data/tiu_datasets/element_symb.csv,2aa8da5696a1f0f0c4630b7a75949cf47e81254728be13c0f4e835ed6129a5a6,1d6c779df1f50e577232f48c6db3cb92b9f263ee0bed51e5a840987e91e12412,"{""label"":""1"",""statement"":""Tin has the symbol Sn.""}",Tin has the symbol Sn.,b1ce3f45ea4f4a656f05ad99d71228aa0de07a972a4bcc83e61a23fe5310a33a,1,element_symb,affirmative,Tin,entity_f08e5eeb37a754dbfe89ea9ca33b46a79784078910886b391a5c46065fb4a655,train,outer_train,neg_element_symb:175,,[],entity_f08e5eeb37a754dbfe89ea9ca33b46a79784078910886b391a5c46065fb4a655,admitted,[],[],[],provisional,admitted,[],[],candidate_pending_review_not_production,admitted,,candidate_pending_review_not_production
element_symb:14,element_symb,14,15,data/tiu_datasets/element_symb.csv,2aa8da5696a1f0f0c4630b7a75949cf47e81254728be13c0f4e835ed6129a5a6,4c29268a12862646b130c67e89cb6d48b6cf608a36d68119e55432ae468a18ac,"{""label"":""0"",""statement"":""Indium has the symbol As.""}",Indium has the symbol As.,3efd8b600d8bd3a846fb9833de8ce302068b9983d750a9c0367b82a6679039d6,0,element_symb,affirmative,Indium,entity_3b12bdaabb6ceca229de4036558be3762b543d51c0b794aba40524ed47dd94d8,train,outer_train,neg_element_symb:14,,[],entity_3b12bdaabb6ceca229de4036558be3762b543d51c0b794aba40524ed47dd94d8,admitted,[],[],[],provisional,admitted,[],[],candidate_pending_review_not_production,admitted,,candidate_pending_review_not_production
element_symb:149,element_symb,149,150,data/tiu_datasets/element_symb.csv,2aa8da5696a1f0f0c4630b7a75949cf47e81254728be13c0f4e835ed6129a5a6,9db4187775f4e88277770485316cf9332490b003171fd5382c195263ba0fd5bb,"{""label"":""0"",""statement"":""Nickel has the symbol Rb.""}",Nickel has the symbol Rb.,397b50a2cba5b5cad2930dd3a2b69944487fbf38401800d9e45abca6d1be2771,0,element_symb,affirmative,Nickel,entity_5c4ead21b002ee83dc58d41098045ecc98606acc9eb188d109959c15f99e8ad4,train,outer_train,neg_element_symb:149,,[],entity_5c4ead21b002ee83dc58d41098045ecc98606acc9eb188d109959c15f99e8ad4,admitted,[],[],[],provisional,admitted,[],[],candidate_pending_review_not_production,admitted,,candidate_pending_review_not_production
element_symb:9,element_symb,9,10,data/tiu_datasets/element_symb.csv,2aa8da5696a1f0f0c4630b7a75949cf47e81254728be13c0f4e835ed6129a5a6,e2b090718595a616688b78bfb3b0a0b47f98647136c9872611424761e683ed87,"{""label"":""1"",""statement"":""Titanium has the symbol Ti.""}",Titanium has the symbol Ti.,0d94ad3e9d8346fdb1760a96c513c8bde3417fdc19cddead05ea6f0806e3a5db,1,element_symb,affirmative,Titanium,entity_e0edbd6d41332ed3479965c398b2f2a654b4b09a3e8b4308b499910546a2dbf6,train,outer_train,neg_element_symb:9,,[],entity_e0edbd6d41332ed3479965c398b2f2a654b4b09a3e8b4308b499910546a2dbf6,admitted,[],[],[],provisional,admitted,[],[],candidate_pending_review_not_production,admitted,,candidate_pending_review_not_production
element_symb:180,element_symb,180,181,data/tiu_datasets/element_symb.csv,2aa8da5696a1f0f0c4630b7a75949cf47e81254728be13c0f4e835ed6129a5a6,c246f71d7531f34616aaaa60414f2e7a52a82eaa7d2cdd4f471f7fe03b2964ac,"{""label"":""0"",""statement"":""Radon has the symbol H.""}",Radon has the symbol H.,5272e606c92b4198d1caa706c1414eb4c39653c989aca5e850e40573a6217ae0,0,element_symb,affirmative,Radon,entity_6bf3a30516508151849271a80d2fad01dae99791eed387ff178ee3c2c1c73e77,train,outer_train,neg_element_symb:180,,[],entity_6bf3a30516508151849271a80d2fad01dae99791eed387ff178ee3c2c1c73e77,admitted,[],[],[],provisional,admitted,[],[],candidate_pending_review_not_production,admitted,,candidate_pending_review_not_production
element_symb:42,element_symb,42,43,data/tiu_datasets/element_symb.csv,2aa8da5696a1f0f0c4630b7a75949cf47e81254728be13c0f4e835ed6129a5a6,2cdd54fba226df89d3024fa5f2e4b885d632b8c50a7aa134f9b7f892b971162c,"{""label"":""0"",""statement"":""Actinium has the symbol Ar.""}",Actinium has the symbol Ar.,61d41ac838b5e5e989e950259a5179a3e40459c78f5f98ab5780a696cdcb0e2e,0,element_symb,affirmative,Actinium,entity_3082fcb6b6d2b09427cee8d9ed1940b10588c9a35cc061ba5e4c0fcb5657be27,train,outer_train,neg_element_symb:42,,[],entity_3082fcb6b6d2b09427cee8d9ed1940b10588c9a35cc061ba5e4c0fcb5657be27,admitted,[],[],[],provisional,admitted,[],[],candidate_pending_review_not_production,admitted,,candidate_pending_review_not_production
element_symb:11,element_symb,11,12,data/tiu_datasets/element_symb.csv,2aa8da5696a1f0f0c4630b7a75949cf47e81254728be13c0f4e835ed6129a5a6,b93312d8c295727d28599e289cb73cacc6662d1b70ef73e70d886cc7fb65fddc,"{""label"":""0"",""statement"":""Mercury has the symbol Cl.""}",Mercury has the symbol Cl.,ed9a00e4ac7bc01048910eedc8fce37a4d5828e5982d490430d113bcff1dd6bb,0,element_symb,affirmative,Mercury,entity_aa049853fde6dea0353519102d733fa9c046cf6cc2ac00efe457cb312331bde3,train,outer_train,neg_element_symb:11,,[],entity_aa049853fde6dea0353519102d733fa9c046cf6cc2ac00efe457cb312331bde3,admitted,[],[],[],provisional,admitted,[],[],candidate_pending_review_not_production,admitted,,candidate_pending_review_not_production
element_symb:162,element_symb,162,163,data/tiu_datasets/element_symb.csv,2aa8da5696a1f0f0c4630b7a75949cf47e81254728be13c0f4e835ed6129a5a6,fd7495c04b39d5f6e5badc2bf80a5e3cd129ae23d11b7b372a5cd18b981d1c2f,"{""label"":""1"",""statement"":""Helium has the symbol He.""}",Helium has the symbol He.,b4787355a0b3277a0fdf2d9988e86e5dbb053bb21e87d660656a8bf3ca8a6f2f,1,element_symb,affirmative,Helium,entity_095fdaec82615f37c241c9fd9330579d4f037d77a203b87d82c71dd4dd7c0d27,train,outer_train,neg_element_symb:162,,[],entity_095fdaec82615f37c241c9fd9330579d4f037d77a203b87d82c71dd4dd7c0d27,admitted,[],[],[],provisional,admitted,[],[],candidate_pending_review_not_production,admitted,,candidate_pending_review_not_production
element_symb:67,element_symb,67,68,data/tiu_datasets/element_symb.csv,2aa8da5696a1f0f0c4630b7a75949cf47e81254728be13c0f4e835ed6129a5a6,7b7ed9fd23fc110cfa46f3f8b5f384578da1f612870e7f59b190618528aeacc0,"{""label"":""1"",""statement"":""Promethium has the symbol Pm.""}",Promethium has the symbol Pm.,3561f22069ef7a8b82a83e8fa2c46e336651ced2e2501acbc57ce3aacb1737b3,1,element_symb,affirmative,Promethium,entity_445001c7997247ab6f542438a65c8e1c02ba03346d568db13b38ecae276f6b88,train,outer_train,neg_element_symb:67,,[],entity_445001c7997247ab6f542438a65c8e1c02ba03346d568db13b38ecae276f6b88,admitted,[],[],[],provisional,admitted,[],[],candidate_pending_review_not_production,admitted,,candidate_pending_review_not_production
element_symb:111,element_symb,111,112,data/tiu_datasets/element_symb.csv,2aa8da5696a1f0f0c4630b7a75949cf47e81254728be13c0f4e835ed6129a5a6,50aa606f9c204761518114e6ce9f7b78cde364c128b75f9304739beaeb4eeae9,"{""label"":""1"",""statement"":""Chromium has the symbol Cr.""}",Chromium has the symbol Cr.,25855ef9ae2e126b04e6701e9043164fb87207bc65e3e314c4156a8c667ff06d,1,element_symb,affirmative,Chromium,entity_435af1e2802d70260b9ec942af4183f644ebe27708d5f7df2094af8668f9d99c,train,outer_train,neg_element_symb:111,,[],entity_435af1e2802d70260b9ec942af4183f644ebe27708d5f7df2094af8668f9d99c,admitted,[],[],[],provisional,admitted,[],[],candidate_pending_review_not_production,admitted,,candidate_pending_review_not_production
element_symb:173,element_symb,173,174,data/tiu_datasets/element_symb.csv,2aa8da5696a1f0f0c4630b7a75949cf47e81254728be13c0f4e835ed6129a5a6,f31defac5574cfe42d6156abffa002581f608470ded256a0c75acc1028965746,"{""label"":""0"",""statement"":""Protactinium has the symbol Ir.""}",Protactinium has the symbol Ir.,0c39227a67619a33bf4b2b9fd64e023e3aa52d364a9c504db4519bebd19d0bec,0,element_symb,affirmative,Protactinium,entity_8bc5cb7fb5745b0efd4a62e6c018ca9f773ec9ea79fe3c138f56cf505932ee78,train,outer_train,neg_element_symb:173,,[],entity_8bc5cb7fb5745b0efd4a62e6c018ca9f773ec9ea79fe3c138f56cf505932ee78,admitted,[],[],[],provisional,admitted,[],[],candidate_pending_review_not_production,admitted,,candidate_pending_review_not_production
element_symb:165,element_symb,165,166,data/tiu_datasets/element_symb.csv,2aa8da5696a1f0f0c4630b7a75949cf47e81254728be13c0f4e835ed6129a5a6,f50c2ff1bd1fd888205f2db1040815f4407038baf641b06d9f8ce421266a761f,"{""label"":""0"",""statement"":""Germanium has the symbol Br.""}",Germanium has the symbol Br.,ff318858261c109b8d3f63ed6df952076ccf439725aeb094b1e726eacaeaba5b,0,element_symb,affirmative,Germanium,entity_a64c4a3bcc1cd6c9a4649dd7811d8c3ea2b2729de17a564e105b76d46beec71c,train,outer_train,neg_element_symb:165,,[],entity_a64c4a3bcc1cd6c9a4649dd7811d8c3ea2b2729de17a564e105b76d46beec71c,admitted,[],[],[],provisional,admitted,[],[],candidate_pending_review_not_production,admitted,,candidate_pending_review_not_production
element_symb:37,element_symb,37,38,data/tiu_datasets/element_symb.csv,2aa8da5696a1f0f0c4630b7a75949cf47e81254728be13c0f4e835ed6129a5a6,ec27074929ccbf4c2c38126e05e752d2291d1a189fb0cae7265c89a7c33bb6ba,"{""label"":""1"",""statement"":""Gold has the symbol Au.""}",Gold has the symbol Au.,00e8a06e9cc2dc39de2882aefaea19e5b55ee657c617736712db7906372bd2b9,1,element_symb,affirmative,Gold,entity_be6a8f11b76dc47907cfbe03230a3fa16069779d1a7a073d381204767565c744,train,outer_train,neg_element_symb:37,,[],entity_be6a8f11b76dc47907cfbe03230a3fa16069779d1a7a073d381204767565c744,admitted,[],[],[],provisional,admitted,[],[],candidate_pending_review_not_production,admitted,,candidate_pending_review_not_production
element_symb:156,element_symb,156,157,data/tiu_datasets/element_symb.csv,2aa8da5696a1f0f0c4630b7a75949cf47e81254728be13c0f4e835ed6129a5a6,6114e0a51675008ad5410541835577d9116e1371c5d2f48f902d094047a91643,"{""label"":""1"",""statement"":""Neodymium has the symbol Nd.""}",Neodymium has the symbol Nd.,d2e84b8207b8f1a79a740b8039f3c460be7883f4ca3ad063a980369d8dd4b202,1,element_symb,affirmative,Neodymium,entity_83a2c2f70039a417493b6b9a43bc1f4e64c2f4d297115d16a8445c83063dd6f5,train,outer_train,neg_element_symb:156,,[],entity_83a2c2f70039a417493b6b9a43bc1f4e64c2f4d297115d16a8445c83063dd6f5,admitted,[],[],[],provisional,admitted,[],[],candidate_pending_review_not_production,admitted,,candidate_pending_review_not_production
element_symb:142,element_symb,142,143,data/tiu_datasets/element_symb.csv,2aa8da5696a1f0f0c4630b7a75949cf47e81254728be13c0f4e835ed6129a5a6,2bdd3241b97d4a2427381a68e8dbca845d1339e14fdd2f6c436b3def91f3811f,"{""label"":""0"",""statement"":""Promethium has the symbol Dy.""}",Promethium has the symbol Dy.,5e673a4daedf019d1e1322791838e62e4c69d535c65757a08673c691abcc08b9,0,element_symb,affirmative,Promethium,entity_445001c7997247ab6f542438a65c8e1c02ba03346d568db13b38ecae276f6b88,train,outer_train,neg_element_symb:142,,[],entity_445001c7997247ab6f542438a65c8e1c02ba03346d568db13b38ecae276f6b88,admitted,[],[],[],provisional,admitted,[],[],candidate_pending_review_not_production,admitted,,candidate_pending_review_not_production
element_symb:76,element_symb,76,77,data/tiu_datasets/element_symb.csv,2aa8da5696a1f0f0c4630b7a75949cf47e81254728be13c0f4e835ed6129a5a6,375e7b15aeab3bc567275d5357fb793585ce912bf50cb840897912f2704c86d8,"{""label"":""1"",""statement"":""Mercury has the symbol Hg.""}",Mercury has the symbol Hg.,280e01958b937ff4b8ac23929c89e6d67d602db21da327e519b92c488b0c8177,1,element_symb,affirmative,Mercury,entity_aa049853fde6dea0353519102d733fa9c046cf6cc2ac00efe457cb312331bde3,train,outer_train,neg_element_symb:76,,[],entity_aa049853fde6dea0353519102d733fa9c046cf6cc2ac00efe457cb312331bde3,admitted,[],[],[],provisional,admitted,[],[],candidate_pending_review_not_production,admitted,,candidate_pending_review_not_production
element_symb:100,element_symb,100,101,data/tiu_datasets/element_symb.csv,2aa8da5696a1f0f0c4630b7a75949cf47e81254728be13c0f4e835ed6129a5a6,1d6985ccdc8a9f87dbec36a73605cfe3f70cb815ec8973303e808b96d5a993a9,"{""label"":""0"",""statement"":""Rhodium has the symbol Sn.""}",Rhodium has the symbol Sn.,6da1f0364247d8d20960fd16e560a71bfd1ae352cbea77a5d446eeb45f83f2c1,0,element_symb,affirmative,Rhodium,entity_69e2e6fe54afac9109abdba0d90467b5cc8c528131b4692e8b14d8896edc5415,train,outer_train,neg_element_symb:100,,[],entity_69e2e6fe54afac9109abdba0d90467b5cc8c528131b4692e8b14d8896edc5415,admitted,[],[],[],provisional,admitted,[],[],candidate_pending_review_not_production,admitted,,candidate_pending_review_not_production
element_symb:2,element_symb,2,3,data/tiu_datasets/element_symb.csv,2aa8da5696a1f0f0c4630b7a75949cf47e81254728be13c0f4e835ed6129a5a6,f84424bd6e9bf214b84ef6dd5d153c1a2305d88c5bdab3c760aaceb6b9bcfaed,"{""label"":""1"",""statement"":""Tantalum has the symbol Ta.""}",Tantalum has the symbol Ta.,65db86cdce2c53f3aa683b29bfeed0a68721aa31d5652131b0230e70e43316fe,1,element_symb,affirmative,Tantalum,entity_04eacd327bc4e7f4da1153e8659b0e43e1c6d3c223a6470222ea86b30f900ccc,train,outer_train,neg_element_symb:2,,[],entity_04eacd327bc4e7f4da1153e8659b0e43e1c6d3c223a6470222ea86b30f900ccc,admitted,[],[],[],provisional,admitted,[],[],candidate_pending_review_not_production,admitted,,candidate_pending_review_not_production
element_symb:25,element_symb,25,26,data/tiu_datasets/element_symb.csv,2aa8da5696a1f0f0c4630b7a75949cf47e81254728be13c0f4e835ed6129a5a6,199f4ebbb6c5529ad5b4b3a3bcb7e630bfe4fc9c6c2e85e9c7f962e7023f3fcf,"{""label"":""0"",""statement"":""Potassium has the symbol Al.""}",Potassium has the symbol Al.,dbb5960f7fe785435a2c9a14a825ae93c29cfd5e613700c3c3472a31d00ff062,0,element_symb,affirmative,Potassium,entity_55585ebdd5c06dda9169e9a00d60cab71294d5be1fd41e345cc87d5c429fdfbe,train,outer_train,neg_element_symb:25,,[],entity_55585ebdd5c06dda9169e9a00d60cab71294d5be1fd41e345cc87d5c429fdfbe,admitted,[],[],[],provisional,admitted,[],[],candidate_pending_review_not_production,admitted,,candidate_pending_review_not_production
element_symb:68,element_symb,68,69,data/tiu_datasets/element_symb.csv,2aa8da5696a1f0f0c4630b7a75949cf47e81254728be13c0f4e835ed6129a5a6,c9afcaca4ffb64537dd1b2c31776523a8781f52620700325ee6657ada89e94f1,"{""label"":""1"",""statement"":""Rhodium has the symbol Rh.""}",Rhodium has the symbol Rh.,45af58aef8fc9b7129928716122f0385998d6abfc6481c9733f42aef0cf56f9f,1,element_symb,affirmative,Rhodium,entity_69e2e6fe54afac9109abdba0d90467b5cc8c528131b4692e8b14d8896edc5415,train,outer_train,neg_element_symb:68,,[],entity_69e2e6fe54afac9109abdba0d90467b5cc8c528131b4692e8b14d8896edc5415,admitted,[],[],[],provisional,admitted,[],[],candidate_pending_review_not_production,admitted,,candidate_pending_review_not_production
element_symb:93,element_symb,93,94,data/tiu_datasets/element_symb.csv,2aa8da5696a1f0f0c4630b7a75949cf47e81254728be13c0f4e835ed6129a5a6,2ed7e3dd10149dd35e571053c47e5f30eb2bc9283048c56ed8e2651128696830,"{""label"":""0"",""statement"":""Argon has the symbol Co.""}",Argon has the symbol Co.,a28be73bc49ba420307b3545ce4a34744d18c1337d0c27ca707056bdb4d8a0b8,0,element_symb,affirmative,Argon,entity_43ba853d727771f177e52c8ac44ebe2cfb3a96acb1e8971fc49d4818f904c5b7,train,outer_train,neg_element_symb:93,,[],entity_43ba853d727771f177e52c8ac44ebe2cfb3a96acb1e8971fc49d4818f904c5b7,admitted,[],[],[],provisional,admitted,[],[],candidate_pending_review_not_production,admitted,,candidate_pending_review_not_production
element_symb:167,element_symb,167,168,data/tiu_datasets/element_symb.csv,2aa8da5696a1f0f0c4630b7a75949cf47e81254728be13c0f4e835ed6129a5a6,7b292bc78b0ecf305a681f6d2a2743879879c0e40bb4f4aaa3a43f5abc3227ce,"{""label"":""0"",""statement"":""Lead has the symbol Na.""}",Lead has the symbol Na.,b2806ecd162e1a287e869df44519336492644924d0f852d219edd2ec9e6497ec,0,element_symb,affirmative,Lead,entity_13f29230c5750c6aeb886e48ddd7ce8a03c8c225198d659281750905db51a1f6,train,outer_train,neg_element_symb:167,,[],entity_13f29230c5750c6aeb886e48ddd7ce8a03c8c225198d659281750905db51a1f6,admitted,[],[],[],provisional,admitted,[],[],candidate_pending_review_not_production,admitted,,candidate_pending_review_not_production
element_symb:151,element_symb,151,152,data/tiu_datasets/element_symb.csv,2aa8da5696a1f0f0c4630b7a75949cf47e81254728be13c0f4e835ed6129a5a6,981c24ac42d27459876215e649675677de82c173d67d8d1bf911ded3867e3082,"{""label"":""0"",""statement"":""Boron has the symbol Pm.""}",Boron has the symbol Pm.,5b8f54bab1137989e04e412c9b10f4cc133bff82c215236c684ac5a8cbbaaadf,0,element_symb,affirmative,Boron,entity_17eaa53d50c3143e32642db274e0591602c5d88d2bc02c398e1ce6be24317842,train,outer_train,neg_element_symb:151,,[],entity_17eaa53d50c3143e32642db274e0591602c5d88d2bc02c398e1ce6be24317842,admitted,[],[],[],provisional,admitted,[],[],candidate_pending_review_not_production,admitted,,candidate_pending_review_not_production
element_symb:70,element_symb,70,71,data/tiu_datasets/element_symb.csv,2aa8da5696a1f0f0c4630b7a75949cf47e81254728be13c0f4e835ed6129a5a6,86ac83a07130db5e6038a0ecf438297bc1f854f423c1796d83a98a9f3ad8422b,"{""label"":""0"",""statement"":""Selenium has the symbol Na.""}",Selenium has the symbol Na.,8133c72ab3e98f671e9cc13208cca8ba70b0f89b764da49002c4ffd5df44304b,0,element_symb,affirmative,Selenium,entity_25597f7945e412a458e186c0e97e45a03f361b3906bb67aba66269fe7d3f353c,train,outer_train,neg_element_symb:70,,[],entity_25597f7945e412a458e186c0e97e45a03f361b3906bb67aba66269fe7d3f353c,admitted,[],[],[],provisional,admitted,[],[],candidate_pending_review_not_production,admitted,,candidate_pending_review_not_production
element_symb:105,element_symb,105,106,data/tiu_datasets/element_symb.csv,2aa8da5696a1f0f0c4630b7a75949cf47e81254728be13c0f4e835ed6129a5a6,fb1f1b19e5122c7bd03e21ee00a3b218914665a66d9b7a86af7ed95ffb5787a1,"{""label"":""0"",""statement"":""Praseodymium has the symbol Sc.""}",Praseodymium has the symbol Sc.,860dbef6633e8acf478242171a91ab260bcd374c9f48ade27607c0ba2f1d27bd,0,element_symb,affirmative,Praseodymium,entity_2ede0f48c02544e6f34f75885b3179a61a450f9262c3943031ccdd4324182068,train,outer_train,neg_element_symb:105,,[],entity_2ede0f48c02544e6f34f75885b3179a61a450f9262c3943031ccdd4324182068,admitted,[],[],[],provisional,admitted,[],[],candidate_pending_review_not_production,admitted,,candidate_pending_review_not_production
element_symb:15,element_symb,15,16,data/tiu_datasets/element_symb.csv,2aa8da5696a1f0f0c4630b7a75949cf47e81254728be13c0f4e835ed6129a5a6,ee0476d3a9e032a0f7caeee23769d64aa597629c3fda9ed2bddfa8ce8b66662f,"{""label"":""1"",""statement"":""Gallium has the symbol Ga.""}",Gallium has the symbol Ga.,1c4a138082616af604404240dce1e5f2eef64b9a8cad6eb5705ac9a5f0746686,1,element_symb,affirmative,Gallium,entity_a4d7e05ba3d3317a3ce46747e333f32231ead7a8d69521c4ee478b2a2fd69145,train,outer_train,neg_element_symb:15,,[],entity_a4d7e05ba3d3317a3ce46747e333f32231ead7a8d69521c4ee478b2a2fd69145,admitted,[],[],[],provisional,admitted,[],[],candidate_pending_review_not_production,admitted,,candidate_pending_review_not_production
element_symb:91,element_symb,91,92,data/tiu_datasets/element_symb.csv,2aa8da5696a1f0f0c4630b7a75949cf47e81254728be13c0f4e835ed6129a5a6,6eb3d32563a0dedf7bb5ad152f5164efb6c03762dab65a7cb02384a84cdb5938,"{""label"":""1"",""statement"":""Ytterbium has the symbol Yb.""}",Ytterbium has the symbol Yb.,d215688c8371c9f8cd75cfcd21ed6fe17050ae8e49321fccbeef110826e07d70,1,element_symb,affirmative,Ytterbium,entity_ad642bcc43c2cc3a18b8bbc69c41a403def98fe6c30c5e8949dde55311da7ae6,train,outer_train,neg_element_symb:91,,[],entity_ad642bcc43c2cc3a18b8bbc69c41a403def98fe6c30c5e8949dde55311da7ae6,admitted,[],[],[],provisional,admitted,[],[],candidate_pending_review_not_production,admitted,,candidate_pending_review_not_production
element_symb:53,element_symb,53,54,data/tiu_datasets/element_symb.csv,2aa8da5696a1f0f0c4630b7a75949cf47e81254728be13c0f4e835ed6129a5a6,e02a9d877635d122aa4272bbb1edda13166bfbef04c2ab2c235e2beb8c22d9e9,"{""label"":""1"",""statement"":""Boron has the symbol B.""}",Boron has the symbol B.,01b9478c54c8ae06ed49e5e65f60b11e39f890902b72fb373eb08f81a38ff74d,1,element_symb,affirmative,Boron,entity_17eaa53d50c3143e32642db274e0591602c5d88d2bc02c398e1ce6be24317842,train,outer_train,neg_element_symb:53,,[],entity_17eaa53d50c3143e32642db274e0591602c5d88d2bc02c398e1ce6be24317842,admitted,[],[],[],provisional,admitted,[],[],candidate_pending_review_not_production,admitted,,candidate_pending_review_not_production
element_symb:158,element_symb,158,159,data/tiu_datasets/element_symb.csv,2aa8da5696a1f0f0c4630b7a75949cf47e81254728be13c0f4e835ed6129a5a6,40b7926d89b069783b64e84cfec5a2889bf622dac877f92c31966383f25fec23,"{""label"":""0"",""statement"":""Cesium has the symbol Tc.""}",Cesium has the symbol Tc.,62ca45fc08675b0ab1841ddaf59b4e76a36e297e7e4e6eedadd79866575c3dab,0,element_symb,affirmative,Cesium,entity_89fb9f75234557d3c374ece3f4f98d832b4c3a16d64c8e7261611e381d6364f9,train,outer_train,neg_element_symb:158,,[],entity_89fb9f75234557d3c374ece3f4f98d832b4c3a16d64c8e7261611e381d6364f9,admitted,[],[],[],provisional,admitted,[],[],candidate_pending_review_not_production,admitted,,candidate_pending_review_not_production
element_symb:18,element_symb,18,19,data/tiu_datasets/element_symb.csv,2aa8da5696a1f0f0c4630b7a75949cf47e81254728be13c0f4e835ed6129a5a6,14746e4d5397136f158307a0ac4e2ef463d103aa4f479ad977e7610fa6ce7907,"{""label"":""0"",""statement"":""Palladium has the symbol Nd.""}",Palladium has the symbol Nd.,d7a2c414486738e09c7b8e4c02ee82b6a44bb1dfe8e57b5522dfebbf4ae146ab,0,element_symb,affirmative,Palladium,entity_9600b36106c693bdd02de0a55bd3c0db67a2c13456c22dcb5e1c188299ec3e44,train,outer_train,neg_element_symb:18,,[],entity_9600b36106c693bdd02de0a55bd3c0db67a2c13456c22dcb5e1c188299ec3e44,admitted,[],[],[],provisional,admitted,[],[],candidate_pending_review_not_production,admitted,,candidate_pending_review_not_production
element_symb:72,element_symb,72,73,data/tiu_datasets/element_symb.csv,2aa8da5696a1f0f0c4630b7a75949cf47e81254728be13c0f4e835ed6129a5a6,94f3b7ee79c5912a62fb96b9f92b3e7578528933da81a5b8ea94e2a4f12a6106,"{""label"":""0"",""statement"":""Ytterbium has the symbol Mo.""}",Ytterbium has the symbol Mo.,76a6392385d76b1d0814a8606a148bff764edfd840dee8102e28233888071e64,0,element_symb,affirmative,Ytterbium,entity_ad642bcc43c2cc3a18b8bbc69c41a403def98fe6c30c5e8949dde55311da7ae6,train,outer_train,neg_element_symb:72,,[],entity_ad642bcc43c2cc3a18b8bbc69c41a403def98fe6c30c5e8949dde55311da7ae6,admitted,[],[],[],provisional,admitted,[],[],candidate_pending_review_not_production,admitted,,candidate_pending_review_not_production
element_symb:104,element_symb,104,105,data/tiu_datasets/element_symb.csv,2aa8da5696a1f0f0c4630b7a75949cf47e81254728be13c0f4e835ed6129a5a6,6014d01fc44b314a28a6fcc68ed11bc4943209177edce72a27ad47ef93ac9e69,"{""label"":""0"",""statement"":""Lutetium has the symbol Be.""}",Lutetium has the symbol Be.,fd465c527bbf881161c3c63bd1252b31081f5668fcc41f70ae76ffb21e4d858e,0,element_symb,affirmative,Lutetium,entity_a7259a2b0f747e2dd0aa22cecbf2b18d4e28879b046c8b4bcf5bf2838262616a,train,outer_train,neg_element_symb:104,,[],entity_a7259a2b0f747e2dd0aa22cecbf2b18d4e28879b046c8b4bcf5bf2838262616a,admitted,[],[],[],provisional,admitted,[],[],candidate_pending_review_not_production,admitted,,candidate_pending_review_not_production
element_symb:32,element_symb,32,33,data/tiu_datasets/element_symb.csv,2aa8da5696a1f0f0c4630b7a75949cf47e81254728be13c0f4e835ed6129a5a6,e2eba51d0073d5c17945637c317a25c89e6e2d72c6261de06d294a0ac5f60752,"{""label"":""0"",""statement"":""Gold has the symbol Cr.""}",Gold has the symbol Cr.,75a0fa78d4fbe2a087659ed3ad99097c032a41b67080bfc26a40afec49fe0a1a,0,element_symb,affirmative,Gold,entity_be6a8f11b76dc47907cfbe03230a3fa16069779d1a7a073d381204767565c744,train,outer_train,neg_element_symb:32,,[],entity_be6a8f11b76dc47907cfbe03230a3fa16069779d1a7a073d381204767565c744,admitted,[],[],[],provisional,admitted,[],[],candidate_pending_review_not_production,admitted,,candidate_pending_review_not_production
element_symb:59,element_symb,59,60,data/tiu_datasets/element_symb.csv,2aa8da5696a1f0f0c4630b7a75949cf47e81254728be13c0f4e835ed6129a5a6,c9a7e8db46e33180e02b9d9863754288a9bccc5d1b6e33f0adf5fb9c19ce9b65,"{""label"":""0"",""statement"":""Fluorine has the symbol N.""}",Fluorine has the symbol N.,a0fd01cfb05667fdf4ee09bb61fd5a9484b65e9d5353e1c04ce834413fc3821e,0,element_symb,affirmative,Fluorine,entity_3afc4d8358a3fee3460b1e33db0a27d30650c5e3833617ec7647aee9422e47c2,train,outer_train,neg_element_symb:59,,[],entity_3afc4d8358a3fee3460b1e33db0a27d30650c5e3833617ec7647aee9422e47c2,admitted,[],[],[],provisional,admitted,[],[],candidate_pending_review_not_production,admitted,,candidate_pending_review_not_production
element_symb:57,element_symb,57,58,data/tiu_datasets/element_symb.csv,2aa8da5696a1f0f0c4630b7a75949cf47e81254728be13c0f4e835ed6129a5a6,a2855936baf92072fd7aecd7cc68a602e461eaf16fbf2efd3ccc39c3cc444245,"{""label"":""1"",""statement"":""Lutetium has the symbol Lu.""}",Lutetium has the symbol Lu.,174de7dccdb14c48072fd703b88301d8b3022635cf81add13e9d1adb2e00f4d8,1,element_symb,affirmative,Lutetium,entity_a7259a2b0f747e2dd0aa22cecbf2b18d4e28879b046c8b4bcf5bf2838262616a,train,outer_train,neg_element_symb:57,,[],entity_a7259a2b0f747e2dd0aa22cecbf2b18d4e28879b046c8b4bcf5bf2838262616a,admitted,[],[],[],provisional,admitted,[],[],candidate_pending_review_not_production,admitted,,candidate_pending_review_not_production
element_symb:45,element_symb,45,46,data/tiu_datasets/element_symb.csv,2aa8da5696a1f0f0c4630b7a75949cf47e81254728be13c0f4e835ed6129a5a6,5cf02736bde126ff2dbc0659cedf10d798e78999e7bf79cb4407dba39443041a,"{""label"":""0"",""statement"":""Cerium has the symbol Ne.""}",Cerium has the symbol Ne.,2be23478774e32c32d801bc19538712138c649f69f568c3aa8ef168aad8536eb,0,element_symb,affirmative,Cerium,entity_db74ebb47c3af647b2f296a90a023f09edc056a91a9bbaaa96414e2930184ceb,train,outer_train,neg_element_symb:45,,[],entity_db74ebb47c3af647b2f296a90a023f09edc056a91a9bbaaa96414e2930184ceb,admitted,[],[],[],provisional,admitted,[],[],candidate_pending_review_not_production,admitted,,candidate_pending_review_not_production
element_symb:133,element_symb,133,134,data/tiu_datasets/element_symb.csv,2aa8da5696a1f0f0c4630b7a75949cf47e81254728be13c0f4e835ed6129a5a6,3f640ed957f0bcaefbcb4a992309e90ff87e554d4f5e2be9e0a94dd35ac9b255,"{""label"":""1"",""statement"":""Cerium has the symbol Ce.""}",Cerium has the symbol Ce.,1dbf609a4536d93d352c18dbbeede72f3623ff337235f2379077f2347bc8af97,1,element_symb,affirmative,Cerium,entity_db74ebb47c3af647b2f296a90a023f09edc056a91a9bbaaa96414e2930184ceb,train,outer_train,neg_element_symb:133,,[],entity_db74ebb47c3af647b2f296a90a023f09edc056a91a9bbaaa96414e2930184ceb,admitted,[],[],[],provisional,admitted,[],[],candidate_pending_review_not_production,admitted,,candidate_pending_review_not_production
element_symb:86,element_symb,86,87,data/tiu_datasets/element_symb.csv,2aa8da5696a1f0f0c4630b7a75949cf47e81254728be13c0f4e835ed6129a5a6,c989d05779d978b597f784b051eda477eee3d84a11a7b1480f990d12caa1e49a,"{""label"":""0"",""statement"":""Chromium has the symbol Ru.""}",Chromium has the symbol Ru.,1a664da1ec953740372a0cb8c3b0b64f057a46d30cf310b3c62fa703a13e91d6,0,element_symb,affirmative,Chromium,entity_435af1e2802d70260b9ec942af4183f644ebe27708d5f7df2094af8668f9d99c,train,outer_train,neg_element_symb:86,,[],entity_435af1e2802d70260b9ec942af4183f644ebe27708d5f7df2094af8668f9d99c,admitted,[],[],[],provisional,admitted,[],[],candidate_pending_review_not_production,admitted,,candidate_pending_review_not_production
element_symb:121,element_symb,121,122,data/tiu_datasets/element_symb.csv,2aa8da5696a1f0f0c4630b7a75949cf47e81254728be13c0f4e835ed6129a5a6,6bdb32ac6d216ca27e3be73aa2ca139e9d2847c154779178f46febfcc4832fd2,"{""label"":""0"",""statement"":""Thallium has the symbol Sr.""}",Thallium has the symbol Sr.,80f4f0970cae4d5accc7dc493f0f561427053c91385a10b9625d783449a8c7f1,0,element_symb,affirmative,Thallium,entity_3dd2d429c085f803d55cef4d831e8bdf586f6007915f1204fb031917cc4d084f,train,outer_train,neg_element_symb:121,,[],entity_3dd2d429c085f803d55cef4d831e8bdf586f6007915f1204fb031917cc4d084f,admitted,[],[],[],provisional,admitted,[],[],candidate_pending_review_not_production,admitted,,candidate_pending_review_not_production
element_symb:30,element_symb,30,31,data/tiu_datasets/element_symb.csv,2aa8da5696a1f0f0c4630b7a75949cf47e81254728be13c0f4e835ed6129a5a6,d453639701a8e47b10159b01ce95ed9712a46afddd53c4838f632c4b6c461be6,"{""label"":""0"",""statement"":""Polonium has the symbol Tb.""}",Polonium has the symbol Tb.,2899c16b48dd19fb7169c92851d5361e19a9c4cf6027347ef955928385c5c0c9,0,element_symb,affirmative,Polonium,entity_9a321dd56f45a13c62007d9fc0939e3dd17cafa082bac01d0f463b99657d93b2,train,outer_train,neg_element_symb:30,,[],entity_9a321dd56f45a13c62007d9fc0939e3dd17cafa082bac01d0f463b99657d93b2,admitted,[],[],[],provisional,admitted,[],[],candidate_pending_review_not_production,admitted,,candidate_pending_review_not_production
element_symb:154,element_symb,154,155,data/tiu_datasets/element_symb.csv,2aa8da5696a1f0f0c4630b7a75949cf47e81254728be13c0f4e835ed6129a5a6,5d1b4a8997bfc4a02a09619b3d4162b5ffcf727ad463ca088c1985d52351363e,"{""label"":""0"",""statement"":""Thulium has the symbol Ne.""}",Thulium has the symbol Ne.,3d076f5a6e01e00349fb2a6c38e8eba409fbd1ff7254fbbd347cc9030c3f5a0a,0,element_symb,affirmative,Thulium,entity_e135c38e252ae843c2a0bed605f9d3f8af3b923f6f078c63f68151cf924d9497,train,outer_train,neg_element_symb:154,,[],entity_e135c38e252ae843c2a0bed605f9d3f8af3b923f6f078c63f68151cf924d9497,admitted,[],[],[],provisional,admitted,[],[],candidate_pending_review_not_production,admitted,,candidate_pending_review_not_production
element_symb:43,element_symb,43,44,data/tiu_datasets/element_symb.csv,2aa8da5696a1f0f0c4630b7a75949cf47e81254728be13c0f4e835ed6129a5a6,5f082aca6282d318525174783300a6678eadfb56f0c7eb252f584ca39b41588b,"{""label"":""1"",""statement"":""Osmium has the symbol Os.""}",Osmium has the symbol Os.,e9acd7694f2d1ebfb351ce7db098b192f6b0e6468fd167c316a8686fac0e09cd,1,element_symb,affirmative,Osmium,entity_c69ac3bcb9fb06bef8e41d6a129a7471b73ba0161dd010412413fa1a92c0326a,train,outer_train,neg_element_symb:43,,[],entity_c69ac3bcb9fb06bef8e41d6a129a7471b73ba0161dd010412413fa1a92c0326a,admitted,[],[],[],provisional,admitted,[],[],candidate_pending_review_not_production,admitted,,candidate_pending_review_not_production
element_symb:73,element_symb,73,74,data/tiu_datasets/element_symb.csv,2aa8da5696a1f0f0c4630b7a75949cf47e81254728be13c0f4e835ed6129a5a6,70b39af33a260f87022b95f87b2a2a8c028fb9b6d0ba4733dd62bfe8fe11fdab,"{""label"":""0"",""statement"":""Lithium has the symbol Sb.""}",Lithium has the symbol Sb.,0d42696d416177f7db879d320a5427312189228bdcd2955c85fe4f62be78387f,0,element_symb,affirmative,Lithium,entity_1356df8291094b3a234cef7f6ecd5649bd6b92e5355597b0471d3c9bf330936c,train,outer_train,neg_element_symb:73,,[],entity_1356df8291094b3a234cef7f6ecd5649bd6b92e5355597b0471d3c9bf330936c,admitted,[],[],[],provisional,admitted,[],[],candidate_pending_review_not_production,admitted,,candidate_pending_review_not_production
element_symb:153,element_symb,153,154,data/tiu_datasets/element_symb.csv,2aa8da5696a1f0f0c4630b7a75949cf47e81254728be13c0f4e835ed6129a5a6,f23f9c6d3a57b1cb2129496b4a73df37cffd465831566bffb9b5134ab09236f1,"{""label"":""0"",""statement"":""Titanium has the symbol B.""}",Titanium has the symbol B.,732116e62fa0205ca5d0016dd1e0422c7b4edf50ac72418d6173360042a08a4a,0,element_symb,affirmative,Titanium,entity_e0edbd6d41332ed3479965c398b2f2a654b4b09a3e8b4308b499910546a2dbf6,train,outer_train,neg_element_symb:153,,[],entity_e0edbd6d41332ed3479965c398b2f2a654b4b09a3e8b4308b499910546a2dbf6,admitted,[],[],[],provisional,admitted,[],[],candidate_pending_review_not_production,admitted,,candidate_pending_review_not_production
element_symb:159,element_symb,159,160,data/tiu_datasets/element_symb.csv,2aa8da5696a1f0f0c4630b7a75949cf47e81254728be13c0f4e835ed6129a5a6,50157d3c7d22154ba9323f48bd52ef82c3d9ecbfc26a0e35569981b393c24216,"{""label"":""1"",""statement"":""Dysprosium has the symbol Dy.""}",Dysprosium has the symbol Dy.,b51061e6c9057be380201f2a65f127a7689654d1b2b57ced6eef715993ff7581,1,element_symb,affirmative,Dysprosium,entity_c1c6d542ebd05951d593ca97cb7829e246599690228ed139795e3095010d6410,train,outer_train,neg_element_symb:159,,[],entity_c1c6d542ebd05951d593ca97cb7829e246599690228ed139795e3095010d6410,admitted,[],[],[],provisional,admitted,[],[],candidate_pending_review_not_production,admitted,,candidate_pending_review_not_production
element_symb:80,element_symb,80,81,data/tiu_datasets/element_symb.csv,2aa8da5696a1f0f0c4630b7a75949cf47e81254728be13c0f4e835ed6129a5a6,cf9fca5a31bf36234e08540e9b58d9657fc51ccba7d18cfbf10553a65d31659d,"{""label"":""1"",""statement"":""Lithium has the symbol Li.""}",Lithium has the symbol Li.,7d402639ea4a7f400686fc46ba4e7c4cf6beeb6c08f640b05b5fc1104bbea1d8,1,element_symb,affirmative,Lithium,entity_1356df8291094b3a234cef7f6ecd5649bd6b92e5355597b0471d3c9bf330936c,train,outer_train,neg_element_symb:80,,[],entity_1356df8291094b3a234cef7f6ecd5649bd6b92e5355597b0471d3c9bf330936c,admitted,[],[],[],provisional,admitted,[],[],candidate_pending_review_not_production,admitted,,candidate_pending_review_not_production
element_symb:166,element_symb,166,167,data/tiu_datasets/element_symb.csv,2aa8da5696a1f0f0c4630b7a75949cf47e81254728be13c0f4e835ed6129a5a6,2a9a8e378c0a0c768b7a43f73226a204996cb3fdf851de95053cef09f357896d,"{""label"":""0"",""statement"":""Tellurium has the symbol O.""}",Tellurium has the symbol O.,32389a8ef21f2be5dac3674bbf87f2de873d30a35d528d40a62a55705f7759e8,0,element_symb,affirmative,Tellurium,entity_a32184e92adfa5c610c3b185fd18c824b669e0b9470adb56fc4e84e1a3688aa7,train,outer_train,neg_element_symb:166,,[],entity_a32184e92adfa5c610c3b185fd18c824b669e0b9470adb56fc4e84e1a3688aa7,admitted,[],[],[],provisional,admitted,[],[],candidate_pending_review_not_production,admitted,,candidate_pending_review_not_production
element_symb:28,element_symb,28,29,data/tiu_datasets/element_symb.csv,2aa8da5696a1f0f0c4630b7a75949cf47e81254728be13c0f4e835ed6129a5a6,100bffdfc80386974af75843643853059b1362fbd073dc6cb80b52bf9cb9656f,"{""label"":""1"",""statement"":""Sulfur has the symbol S.""}",Sulfur has the symbol S.,528962e31b6d6bab8b504dec12e988478a7cbb78ae8e170510e09b07e217857b,1,element_symb,affirmative,Sulfur,entity_57a73b88b948da70c989c8cfa4aecc92c21b62cc5583537d94e471a77d5352a3,train,outer_train,neg_element_symb:28,,[],entity_57a73b88b948da70c989c8cfa4aecc92c21b62cc5583537d94e471a77d5352a3,admitted,[],[],[],provisional,admitted,[],[],candidate_pending_review_not_production,admitted,,candidate_pending_review_not_production
element_symb:36,element_symb,36,37,data/tiu_datasets/element_symb.csv,2aa8da5696a1f0f0c4630b7a75949cf47e81254728be13c0f4e835ed6129a5a6,32ca77af7334bfb0c9b436ef1cc700c1eebf7c41023cc42f8d4953d918260bd6,"{""label"":""1"",""statement"":""Actinium has the symbol Ac.""}",Actinium has the symbol Ac.,f93a189896e5c366a95fa21e3f07d07b77ec9a82c1d686d3249e30e8a88d375b,1,element_symb,affirmative,Actinium,entity_3082fcb6b6d2b09427cee8d9ed1940b10588c9a35cc061ba5e4c0fcb5657be27,train,outer_train,neg_element_symb:36,,[],entity_3082fcb6b6d2b09427cee8d9ed1940b10588c9a35cc061ba5e4c0fcb5657be27,admitted,[],[],[],provisional,admitted,[],[],candidate_pending_review_not_production,admitted,,candidate_pending_review_not_production
element_symb:116,element_symb,116,117,data/tiu_datasets/element_symb.csv,2aa8da5696a1f0f0c4630b7a75949cf47e81254728be13c0f4e835ed6129a5a6,4d59df719810290be1f969b8991972c2bae2b8a95ceb592f9ef0b3ae8ae82a67,"{""label"":""1"",""statement"":""Tellurium has the symbol Te.""}",Tellurium has the symbol Te.,f88485632577951b354700a8599e48d1b9cc9f707e4c95bd1c26d8a022f26ac0,1,element_symb,affirmative,Tellurium,entity_a32184e92adfa5c610c3b185fd18c824b669e0b9470adb56fc4e84e1a3688aa7,train,outer_train,neg_element_symb:116,,[],entity_a32184e92adfa5c610c3b185fd18c824b669e0b9470adb56fc4e84e1a3688aa7,admitted,[],[],[],provisional,admitted,[],[],candidate_pending_review_not_production,admitted,,candidate_pending_review_not_production
element_symb:108,element_symb,108,109,data/tiu_datasets/element_symb.csv,2aa8da5696a1f0f0c4630b7a75949cf47e81254728be13c0f4e835ed6129a5a6,d4af27ee262104fcba45be0be22692a38335519d37c9c5a792f618b1b13aba25,"{""label"":""1"",""statement"":""Argon has the symbol Ar.""}",Argon has the symbol Ar.,29b631659b3230364ec3bf50e5527c6e50716cca0a87db6a297021073c06fcc7,1,element_symb,affirmative,Argon,entity_43ba853d727771f177e52c8ac44ebe2cfb3a96acb1e8971fc49d4818f904c5b7,train,outer_train,neg_element_symb:108,,[],entity_43ba853d727771f177e52c8ac44ebe2cfb3a96acb1e8971fc49d4818f904c5b7,admitted,[],[],[],provisional,admitted,[],[],candidate_pending_review_not_production,admitted,,candidate_pending_review_not_production
element_symb:155,element_symb,155,156,data/tiu_datasets/element_symb.csv,2aa8da5696a1f0f0c4630b7a75949cf47e81254728be13c0f4e835ed6129a5a6,ccdc668d48d32c6a2ff5eb1feb3d0066d6b40cd578cbe61002eeba067f198a24,"{""label"":""0"",""statement"":""Osmium has the symbol Rn.""}",Osmium has the symbol Rn.,21afedc98982116f23ef80e327d4d1d43e5c453ed505a685ffe164caccca0d90,0,element_symb,affirmative,Osmium,entity_c69ac3bcb9fb06bef8e41d6a129a7471b73ba0161dd010412413fa1a92c0326a,train,outer_train,neg_element_symb:155,,[],entity_c69ac3bcb9fb06bef8e41d6a129a7471b73ba0161dd010412413fa1a92c0326a,admitted,[],[],[],provisional,admitted,[],[],candidate_pending_review_not_production,admitted,,candidate_pending_review_not_production
element_symb:139,element_symb,139,140,data/tiu_datasets/element_symb.csv,2aa8da5696a1f0f0c4630b7a75949cf47e81254728be13c0f4e835ed6129a5a6,54801c97d480a36f032ef752ce40ef91f48ccdad2700fc5492a4713684e31f3c,"{""label"":""1"",""statement"":""Arsenic has the symbol As.""}",Arsenic has the symbol As.,5c26679cdcd5d45985b54ff8e3a882ff530efed7fbe8869a229d2405db508080,1,element_symb,affirmative,Arsenic,entity_15c5dafd5fc088fac6be48be30a1b5252cd067a716dc5f6f06f0ebd28d50e5fc,train,outer_train,neg_element_symb:139,,[],entity_15c5dafd5fc088fac6be48be30a1b5252cd067a716dc5f6f06f0ebd28d50e5fc,admitted,[],[],[],provisional,admitted,[],[],candidate_pending_review_not_production,admitted,,candidate_pending_review_not_production
element_symb:124,element_symb,124,125,data/tiu_datasets/element_symb.csv,2aa8da5696a1f0f0c4630b7a75949cf47e81254728be13c0f4e835ed6129a5a6,aebf3637084e697ad7539aa723c6fea458c423f46fba9188140bf3877275131d,"{""label"":""0"",""statement"":""Neptunium has the symbol Na.""}",Neptunium has the symbol Na.,49b4937f8d86413408e3bbdeb4f01ee7b82630985452e7d783341d0415549cdb,0,element_symb,affirmative,Neptunium,entity_46cd66d080d9ceea9086aa1bf8909a28485656b4a278d4d451a3c1a104ef2c23,train,outer_train,neg_element_symb:124,,[],entity_46cd66d080d9ceea9086aa1bf8909a28485656b4a278d4d451a3c1a104ef2c23,admitted,[],[],[],provisional,admitted,[],[],candidate_pending_review_not_production,admitted,,candidate_pending_review_not_production
element_symb:35,element_symb,35,36,data/tiu_datasets/element_symb.csv,2aa8da5696a1f0f0c4630b7a75949cf47e81254728be13c0f4e835ed6129a5a6,9ef9b4fdfb38df2b7f7e8b42fbd3ba72b4939eea43918aea2609f7b0d4fbcd85,"{""label"":""0"",""statement"":""Francium has the symbol Tl.""}",Francium has the symbol Tl.,6dc8dbf12033de3701baebeafd705c729b6993109b99dda0ef5dd0e02b7558ee,0,element_symb,affirmative,Francium,entity_8fa7e153bb3e13d8afc404efc835d6f6047a67593a062f368d2ac901ceed99a2,train,outer_train,neg_element_symb:35,,[],entity_8fa7e153bb3e13d8afc404efc835d6f6047a67593a062f368d2ac901ceed99a2,admitted,[],[],[],provisional,admitted,[],[],candidate_pending_review_not_production,admitted,,candidate_pending_review_not_production
element_symb:5,element_symb,5,6,data/tiu_datasets/element_symb.csv,2aa8da5696a1f0f0c4630b7a75949cf47e81254728be13c0f4e835ed6129a5a6,6895182591707b3ec58b04b00e8db20621040834c4c7a09e214109f4063a876c,"{""label"":""1"",""statement"":""Krypton has the symbol Kr.""}",Krypton has the symbol Kr.,94a9ce3bb415c6039de26182d0a1df6b8a858327555cca70383cb02f9f499e4c,1,element_symb,affirmative,Krypton,entity_8f6d1133c48e69d2e7004493a604a5e44bf45f11ed9916f8e90e9ba9ce5250f4,train,outer_train,neg_element_symb:5,,[],entity_8f6d1133c48e69d2e7004493a604a5e44bf45f11ed9916f8e90e9ba9ce5250f4,admitted,[],[],[],provisional,admitted,[],[],candidate_pending_review_not_production,admitted,,candidate_pending_review_not_production
element_symb:163,element_symb,163,164,data/tiu_datasets/element_symb.csv,2aa8da5696a1f0f0c4630b7a75949cf47e81254728be13c0f4e835ed6129a5a6,2c2afd629800a2a137ac4fede639dcf00283f84590011fd43f0d128caae4127b,"{""label"":""1"",""statement"":""Radon has the symbol Rn.""}",Radon has the symbol Rn.,4584abb10e0b9b873e5c6253aabb806402747c6fe9eaffcc97fc96e7b1331475,1,element_symb,affirmative,Radon,entity_6bf3a30516508151849271a80d2fad01dae99791eed387ff178ee3c2c1c73e77,train,outer_train,neg_element_symb:163,,[],entity_6bf3a30516508151849271a80d2fad01dae99791eed387ff178ee3c2c1c73e77,admitted,[],[],[],provisional,admitted,[],[],candidate_pending_review_not_production,admitted,,candidate_pending_review_not_production
element_symb:183,element_symb,183,184,data/tiu_datasets/element_symb.csv,2aa8da5696a1f0f0c4630b7a75949cf47e81254728be13c0f4e835ed6129a5a6,6347c639e047e266b654469ee3b218eaa87dd1d4fdaab408cc1adff54e1d9c3a,"{""label"":""1"",""statement"":""Radium has the symbol Ra.""}",Radium has the symbol Ra.,e68be88d13bdc17269f29f3c8c483d83180c09019da0a612a7c348929b1d5e76,1,element_symb,affirmative,Radium,entity_8021ed314b6cc5d2e99a9564f4e5bf10b6d49a6fd3bf2b52cd284e91f215a119,train,outer_train,neg_element_symb:183,,[],entity_8021ed314b6cc5d2e99a9564f4e5bf10b6d49a6fd3bf2b52cd284e91f215a119,admitted,[],[],[],provisional,admitted,[],[],candidate_pending_review_not_production,admitted,,candidate_pending_review_not_production
element_symb:4,element_symb,4,5,data/tiu_datasets/element_symb.csv,2aa8da5696a1f0f0c4630b7a75949cf47e81254728be13c0f4e835ed6129a5a6,0925d822db76ffce8a07ff83c75e38583c4ed6083d2d161350d9827c4fe3a488,"{""label"":""0"",""statement"":""Yttrium has the symbol U.""}",Yttrium has the symbol U.,3d859424a45ff12986168f701ec0224030f290ddc6c56901fdc0cce5fd4e83ab,0,element_symb,affirmative,Yttrium,entity_aa9e6bcded011c95487b80fee77faace4b438411c073e9fda39625a2098bd0c8,train,outer_train,neg_element_symb:4,,[],entity_aa9e6bcded011c95487b80fee77faace4b438411c073e9fda39625a2098bd0c8,admitted,[],[],[],provisional,admitted,[],[],candidate_pending_review_not_production,admitted,,candidate_pending_review_not_production
element_symb:58,element_symb,58,59,data/tiu_datasets/element_symb.csv,2aa8da5696a1f0f0c4630b7a75949cf47e81254728be13c0f4e835ed6129a5a6,724094f898532b74db5cb1208b46407b494e3108708609cd124ad4680c3c2b77,"{""label"":""0"",""statement"":""Phosphorus has the symbol Zn.""}",Phosphorus has the symbol Zn.,cf61b4e63d242299bf647eec5151d4d35e8e4658307264cd9eee1bc89a9943a1,0,element_symb,affirmative,Phosphorus,entity_db3272556421a570a34ea4295205de0a43a3f796fbf8e0cd92c20996e3aa56c5,train,outer_train,neg_element_symb:58,,[],entity_db3272556421a570a34ea4295205de0a43a3f796fbf8e0cd92c20996e3aa56c5,admitted,[],[],[],provisional,admitted,[],[],candidate_pending_review_not_production,admitted,,candidate_pending_review_not_production
element_symb:74,element_symb,74,75,data/tiu_datasets/element_symb.csv,2aa8da5696a1f0f0c4630b7a75949cf47e81254728be13c0f4e835ed6129a5a6,21ed47d10036fa0875b2996679dda8cea890891c1dd1d55e9c97f4c927c7a3a3,"{""label"":""0"",""statement"":""Iron has the symbol Tl.""}",Iron has the symbol Tl.,e7f879dbccedac34e6c74fc5bd1e97e09a7d2661e9d9361b55b1323e9698f184,0,element_symb,affirmative,Iron,entity_a2e46b84276a369489ba2b0fb3e1e035d1bf578da78184704cd53248da258a12,train,outer_train,neg_element_symb:74,,[],entity_a2e46b84276a369489ba2b0fb3e1e035d1bf578da78184704cd53248da258a12,admitted,[],[],[],provisional,admitted,[],[],candidate_pending_review_not_production,admitted,,candidate_pending_review_not_production
element_symb:184,element_symb,184,185,data/tiu_datasets/element_symb.csv,2aa8da5696a1f0f0c4630b7a75949cf47e81254728be13c0f4e835ed6129a5a6,89512331fec1bbec7edbf5667d3137dbac64fef7b3f2181c2db4f0116e3572d1,"{""label"":""1"",""statement"":""Nitrogen has the symbol N.""}",Nitrogen has the symbol N.,a7f5c285aeea33bda510eefca9ccefd02415ef0413aaaa572d97179283d0c340,1,element_symb,affirmative,Nitrogen,entity_acd59f0b22c9f431aeff8b185bd234229d35dc8a725e0e4981b003a40311cf45,train,outer_train,neg_element_symb:184,,[],entity_acd59f0b22c9f431aeff8b185bd234229d35dc8a725e0e4981b003a40311cf45,admitted,[],[],[],provisional,admitted,[],[],candidate_pending_review_not_production,admitted,,candidate_pending_review_not_production
element_symb:178,element_symb,178,179,data/tiu_datasets/element_symb.csv,2aa8da5696a1f0f0c4630b7a75949cf47e81254728be13c0f4e835ed6129a5a6,67ddbd19d3d4c24b53470a0cc8d110ce620539e2617f6d072e4e51f3c72488b3,"{""label"":""0"",""statement"":""Tantalum has the symbol Cs.""}",Tantalum has the symbol Cs.,876f99e8c0cacbb4289e42877660197756ff376615527dd67ea51417d2288502,0,element_symb,affirmative,Tantalum,entity_04eacd327bc4e7f4da1153e8659b0e43e1c6d3c223a6470222ea86b30f900ccc,train,outer_train,neg_element_symb:178,,[],entity_04eacd327bc4e7f4da1153e8659b0e43e1c6d3c223a6470222ea86b30f900ccc,admitted,[],[],[],provisional,admitted,[],[],candidate_pending_review_not_production,admitted,,candidate_pending_review_not_production
element_symb:46,element_symb,46,47,data/tiu_datasets/element_symb.csv,2aa8da5696a1f0f0c4630b7a75949cf47e81254728be13c0f4e835ed6129a5a6,512f4381a67c21bf37606dcc885271bb6463d8daa9eb633f5f0e2768fc46f912,"{""label"":""1"",""statement"":""Potassium has the symbol K.""}",Potassium has the symbol K.,493539a945e7b1430ec878b14d410dc92f7e0b8cdc6f8d69d73cc820d0184d7c,1,element_symb,affirmative,Potassium,entity_55585ebdd5c06dda9169e9a00d60cab71294d5be1fd41e345cc87d5c429fdfbe,train,outer_train,neg_element_symb:46,,[],entity_55585ebdd5c06dda9169e9a00d60cab71294d5be1fd41e345cc87d5c429fdfbe,admitted,[],[],[],provisional,admitted,[],[],candidate_pending_review_not_production,admitted,,candidate_pending_review_not_production
element_symb:137,element_symb,137,138,data/tiu_datasets/element_symb.csv,2aa8da5696a1f0f0c4630b7a75949cf47e81254728be13c0f4e835ed6129a5a6,03a840c4fd62eef290300e207675c508a16d625e4f5b5a5a7f0339432fc9f895,"{""label"":""0"",""statement"":""Gadolinium has the symbol Hg.""}",Gadolinium has the symbol Hg.,6a1e02a855d32818faec5cc8bf90cf6692a0cab1a65c2a0bcb059d65034d4fc2,0,element_symb,affirmative,Gadolinium,entity_9af95c9919a536dfc0d58d6a4cedcd6a4b887d03d35acf29c9f6f8e712bc72fb,train,outer_train,neg_element_symb:137,,[],entity_9af95c9919a536dfc0d58d6a4cedcd6a4b887d03d35acf29c9f6f8e712bc72fb,admitted,[],[],[],provisional,admitted,[],[],candidate_pending_review_not_production,admitted,,candidate_pending_review_not_production
element_symb:122,element_symb,122,123,data/tiu_datasets/element_symb.csv,2aa8da5696a1f0f0c4630b7a75949cf47e81254728be13c0f4e835ed6129a5a6,372deab231503e2c1b195528409225ca3ef063a585e40bb3028020d3cd7a11de,"{""label"":""0"",""statement"":""Samarium has the symbol Pr.""}",Samarium has the symbol Pr.,b7e720f057dc6ce2891d6ff952deb9866f27530d42090d83eb240468b336f965,0,element_symb,affirmative,Samarium,entity_e2be30e7cc694739f67eae2ef2f659099cdf150f8e89bbb9ddbac1c6d761e004,train,outer_train,neg_element_symb:122,,[],entity_e2be30e7cc694739f67eae2ef2f659099cdf150f8e89bbb9ddbac1c6d761e004,admitted,[],[],[],provisional,admitted,[],[],candidate_pending_review_not_production,admitted,,candidate_pending_review_not_production
element_symb:102,element_symb,102,103,data/tiu_datasets/element_symb.csv,2aa8da5696a1f0f0c4630b7a75949cf47e81254728be13c0f4e835ed6129a5a6,2c2f069ef473911aac5ec79ca88661086b4929a1781e909e788b6875980d510e,"{""label"":""0"",""statement"":""Nitrogen has the symbol La.""}",Nitrogen has the symbol La.,da04f8be881949164ee6b782cc59e4413fdf5d2ec0923eaa9843a10fa0c7cc26,0,element_symb,affirmative,Nitrogen,entity_acd59f0b22c9f431aeff8b185bd234229d35dc8a725e0e4981b003a40311cf45,train,outer_train,neg_element_symb:102,,[],entity_acd59f0b22c9f431aeff8b185bd234229d35dc8a725e0e4981b003a40311cf45,admitted,[],[],[],provisional,admitted,[],[],candidate_pending_review_not_production,admitted,,candidate_pending_review_not_production
element_symb:171,element_symb,171,172,data/tiu_datasets/element_symb.csv,2aa8da5696a1f0f0c4630b7a75949cf47e81254728be13c0f4e835ed6129a5a6,28887c782c730e381efca30bfd455bea30aa8c465c3a76cc93d6dd83be20c698,"{""label"":""0"",""statement"":""Radium has the symbol Sm.""}",Radium has the symbol Sm.,335d7a8acd561bef16622dafb882a0388cf0f33b8809002acf3be9cdf5c70757,0,element_symb,affirmative,Radium,entity_8021ed314b6cc5d2e99a9564f4e5bf10b6d49a6fd3bf2b52cd284e91f215a119,train,outer_train,neg_element_symb:171,,[],entity_8021ed314b6cc5d2e99a9564f4e5bf10b6d49a6fd3bf2b52cd284e91f215a119,admitted,[],[],[],provisional,admitted,[],[],candidate_pending_review_not_production,admitted,,candidate_pending_review_not_production
element_symb:136,element_symb,136,137,data/tiu_datasets/element_symb.csv,2aa8da5696a1f0f0c4630b7a75949cf47e81254728be13c0f4e835ed6129a5a6,994ba5aa8a6e613496129d77b8f5eed4c1daeb2a89c9adcd15bb86c852f27aca,"{""label"":""1"",""statement"":""Molybdenum has the symbol Mo.""}",Molybdenum has the symbol Mo.,a629ebc135f0568bbba3fe234d2eef9aafc6774616b98e7d9f597f1912717ff9,1,element_symb,affirmative,Molybdenum,entity_952e801b0fa09dd4b0d5fe40f7d962d09cab9e3ea6ca76fdcc44e39f7e3d6754,train,outer_train,neg_element_symb:136,,[],entity_952e801b0fa09dd4b0d5fe40f7d962d09cab9e3ea6ca76fdcc44e39f7e3d6754,admitted,[],[],[],provisional,admitted,[],[],candidate_pending_review_not_production,admitted,,candidate_pending_review_not_production
element_symb:170,element_symb,170,171,data/tiu_datasets/element_symb.csv,2aa8da5696a1f0f0c4630b7a75949cf47e81254728be13c0f4e835ed6129a5a6,c5f572f001803c47262666ebbe7fda46f765aac5836b324cb11248cb43093cc3,"{""label"":""0"",""statement"":""Sulfur has the symbol Cs.""}",Sulfur has the symbol Cs.,66011739589fff893cb83bc685abd1dffc9725a0fe8bc04829c9e51a6d9e5b01,0,element_symb,affirmative,Sulfur,entity_57a73b88b948da70c989c8cfa4aecc92c21b62cc5583537d94e471a77d5352a3,train,outer_train,neg_element_symb:170,,[],entity_57a73b88b948da70c989c8cfa4aecc92c21b62cc5583537d94e471a77d5352a3,admitted,[],[],[],provisional,admitted,[],[],candidate_pending_review_not_production,admitted,,candidate_pending_review_not_production
element_symb:128,element_symb,128,129,data/tiu_datasets/element_symb.csv,2aa8da5696a1f0f0c4630b7a75949cf47e81254728be13c0f4e835ed6129a5a6,79bb8a984528598b5eade15091e5360bae25dc2abfc64225ace4e8bd2075adb8,"{""label"":""1"",""statement"":""Samarium has the symbol Sm.""}",Samarium has the symbol Sm.,9a923a1dbca7406c20cdb3e1831d77b86996c67faa1cec569dfbc0964b51a13f,1,element_symb,affirmative,Samarium,entity_e2be30e7cc694739f67eae2ef2f659099cdf150f8e89bbb9ddbac1c6d761e004,train,outer_train,neg_element_symb:128,,[],entity_e2be30e7cc694739f67eae2ef2f659099cdf150f8e89bbb9ddbac1c6d761e004,admitted,[],[],[],provisional,admitted,[],[],candidate_pending_review_not_production,admitted,,candidate_pending_review_not_production
element_symb:50,element_symb,50,51,data/tiu_datasets/element_symb.csv,2aa8da5696a1f0f0c4630b7a75949cf47e81254728be13c0f4e835ed6129a5a6,37c06708f5e92761109ae261a7397411375f7ef60ea318fbd2ae42f91bef3589,"{""label"":""1"",""statement"":""Calcium has the symbol Ca.""}",Calcium has the symbol Ca.,d0a32444fc0942abef77b92eb0c75dff04b899db63df9d23686aa233df7b0573,1,element_symb,affirmative,Calcium,entity_f6d0094b9ef33329d113afedd091a7fd0c81cc10c1c21266d1707b1b54a9c15f,train,outer_train,neg_element_symb:50,,[],entity_f6d0094b9ef33329d113afedd091a7fd0c81cc10c1c21266d1707b1b54a9c15f,admitted,[],[],[],provisional,admitted,[],[],candidate_pending_review_not_production,admitted,,candidate_pending_review_not_production
element_symb:119,element_symb,119,120,data/tiu_datasets/element_symb.csv,2aa8da5696a1f0f0c4630b7a75949cf47e81254728be13c0f4e835ed6129a5a6,4ab3ef42b144f413c71c2226d31469db32504c4757103b9700e856c49f31a17e,"{""label"":""1"",""statement"":""Fluorine has the symbol F.""}",Fluorine has the symbol F.,03ffa0c6cae01fb53334449003669d8974d59593e9beb30d4c341e0a549fb693,1,element_symb,affirmative,Fluorine,entity_3afc4d8358a3fee3460b1e33db0a27d30650c5e3833617ec7647aee9422e47c2,train,outer_train,neg_element_symb:119,,[],entity_3afc4d8358a3fee3460b1e33db0a27d30650c5e3833617ec7647aee9422e47c2,admitted,[],[],[],provisional,admitted,[],[],candidate_pending_review_not_production,admitted,,candidate_pending_review_not_production
element_symb:118,element_symb,118,119,data/tiu_datasets/element_symb.csv,2aa8da5696a1f0f0c4630b7a75949cf47e81254728be13c0f4e835ed6129a5a6,a71985686b10787e9968dca1cb54196746f5e5aa18a80aa38dbf8a3e7a40c6c7,"{""label"":""0"",""statement"":""Neodymium has the symbol Ac.""}",Neodymium has the symbol Ac.,4b53cf3787191ecb70e47efdef79ba7a2cd18c137142c70eeb68ea962b1c4c31,0,element_symb,affirmative,Neodymium,entity_83a2c2f70039a417493b6b9a43bc1f4e64c2f4d297115d16a8445c83063dd6f5,train,outer_train,neg_element_symb:118,,[],entity_83a2c2f70039a417493b6b9a43bc1f4e64c2f4d297115d16a8445c83063dd6f5,admitted,[],[],[],provisional,admitted,[],[],candidate_pending_review_not_production,admitted,,candidate_pending_review_not_production
element_symb:161,element_symb,161,162,data/tiu_datasets/element_symb.csv,2aa8da5696a1f0f0c4630b7a75949cf47e81254728be13c0f4e835ed6129a5a6,4f876ff4bd210601bd9bd7b17bb83c430405f88be4c6630aab30e89146a224aa,"{""label"":""1"",""statement"":""Gadolinium has the symbol Gd.""}",Gadolinium has the symbol Gd.,ea029f19618a82e05c645e4cdcf118086638370dda51c3bd6099fb66a25425e1,1,element_symb,affirmative,Gadolinium,entity_9af95c9919a536dfc0d58d6a4cedcd6a4b887d03d35acf29c9f6f8e712bc72fb,train,outer_train,neg_element_symb:161,,[],entity_9af95c9919a536dfc0d58d6a4cedcd6a4b887d03d35acf29c9f6f8e712bc72fb,admitted,[],[],[],provisional,admitted,[],[],candidate_pending_review_not_production,admitted,,candidate_pending_review_not_production
element_symb:168,element_symb,168,169,data/tiu_datasets/element_symb.csv,2aa8da5696a1f0f0c4630b7a75949cf47e81254728be13c0f4e835ed6129a5a6,2eb6783377a463d246e2732390569b6a76baafb05d1e7bed1572dc4510aa331c,"{""label"":""1"",""statement"":""Polonium has the symbol Po.""}",Polonium has the symbol Po.,a09eede09cacc67751a2a34fce22e44e4f56f3304de93c43f9bdc77abec5bd17,1,element_symb,affirmative,Polonium,entity_9a321dd56f45a13c62007d9fc0939e3dd17cafa082bac01d0f463b99657d93b2,train,outer_train,neg_element_symb:168,,[],entity_9a321dd56f45a13c62007d9fc0939e3dd17cafa082bac01d0f463b99657d93b2,admitted,[],[],[],provisional,admitted,[],[],candidate_pending_review_not_production,admitted,,candidate_pending_review_not_production
element_symb:113,element_symb,113,114,data/tiu_datasets/element_symb.csv,2aa8da5696a1f0f0c4630b7a75949cf47e81254728be13c0f4e835ed6129a5a6,52fed404e8363ad43f859899f1c0b158f42ed370eb86643fc06072ca0eddc795,"{""label"":""1"",""statement"":""Nickel has the symbol Ni.""}",Nickel has the symbol Ni.,2061f078547eff0520c3f1e174425fb38defe042791edd0209f610637a211652,1,element_symb,affirmative,Nickel,entity_5c4ead21b002ee83dc58d41098045ecc98606acc9eb188d109959c15f99e8ad4,train,outer_train,neg_element_symb:113,,[],entity_5c4ead21b002ee83dc58d41098045ecc98606acc9eb188d109959c15f99e8ad4,admitted,[],[],[],provisional,admitted,[],[],candidate_pending_review_not_production,admitted,,candidate_pending_review_not_production
element_symb:27,element_symb,27,28,data/tiu_datasets/element_symb.csv,2aa8da5696a1f0f0c4630b7a75949cf47e81254728be13c0f4e835ed6129a5a6,0edc1721dbfc3b0f52ef4d810a97f30999e920b6bbdd1dbb5dfb23591f80afb5,"{""label"":""1"",""statement"":""Palladium has the symbol Pd.""}",Palladium has the symbol Pd.,527c1aa3c3fb4ca4b76404b4251170a26f7fa1d9d60fb2cc51e75bef0af4fef0,1,element_symb,affirmative,Palladium,entity_9600b36106c693bdd02de0a55bd3c0db67a2c13456c22dcb5e1c188299ec3e44,train,outer_train,neg_element_symb:27,,[],entity_9600b36106c693bdd02de0a55bd3c0db67a2c13456c22dcb5e1c188299ec3e44,admitted,[],[],[],provisional,admitted,[],[],candidate_pending_review_not_production,admitted,,candidate_pending_review_not_production
element_symb:7,element_symb,7,8,data/tiu_datasets/element_symb.csv,2aa8da5696a1f0f0c4630b7a75949cf47e81254728be13c0f4e835ed6129a5a6,f906a174122ca833e3659ea038bf0bc025dee8d46c6c61d7f74082ab9aa319db,"{""label"":""0"",""statement"":""Strontium has the symbol Sn.""}",Strontium has the symbol Sn.,33616c5190a87970276c9aff567e2382f60b22b7b065d8488a12b23c8974ea21,0,element_symb,affirmative,Strontium,entity_710cbcb0b4eb66b8a7a460f36cb23af0f0a420e104e32e926214dc1d87ba89fd,train,outer_train,neg_element_symb:7,,[],entity_710cbcb0b4eb66b8a7a460f36cb23af0f0a420e104e32e926214dc1d87ba89fd,admitted,[],[],[],provisional,admitted,[],[],candidate_pending_review_not_production,admitted,,candidate_pending_review_not_production
element_symb:140,element_symb,140,141,data/tiu_datasets/element_symb.csv,2aa8da5696a1f0f0c4630b7a75949cf47e81254728be13c0f4e835ed6129a5a6,59d6c1a4e372094d1e61f994d8a6b1c453690d1c14e8219d3f53b4dbdf54debc,"{""label"":""1"",""statement"":""Aluminum has the symbol Al.""}",Aluminum has the symbol Al.,1809f21a74ef1c71c29599281b7b198ddc654594ab8010ef1f4b4c2185aadbe7,1,element_symb,affirmative,Aluminum,entity_06ccef37010e0e13d58abcba83b87f2550056dbd57f222fdef246dbb9883c4ee,train,outer_train,neg_element_symb:140,,[],entity_06ccef37010e0e13d58abcba83b87f2550056dbd57f222fdef246dbb9883c4ee,admitted,[],[],[],provisional,admitted,[],[],candidate_pending_review_not_production,admitted,,candidate_pending_review_not_production
element_symb:44,element_symb,44,45,data/tiu_datasets/element_symb.csv,2aa8da5696a1f0f0c4630b7a75949cf47e81254728be13c0f4e835ed6129a5a6,a91ed72bb1a56839932b932c1e8cdc67ce17a98ec07f4bbc86b9c9819ff70a62,"{""label"":""1"",""statement"":""Neptunium has the symbol Np.""}",Neptunium has the symbol Np.,ade4c8f7f1001b3ff1fa614e7faa4c7ebf40806bbf798514f29c87c27aed054b,1,element_symb,affirmative,Neptunium,entity_46cd66d080d9ceea9086aa1bf8909a28485656b4a278d4d451a3c1a104ef2c23,train,outer_train,neg_element_symb:44,,[],entity_46cd66d080d9ceea9086aa1bf8909a28485656b4a278d4d451a3c1a104ef2c23,admitted,[],[],[],provisional,admitted,[],[],candidate_pending_review_not_production,admitted,,candidate_pending_review_not_production
element_symb:106,element_symb,106,107,data/tiu_datasets/element_symb.csv,2aa8da5696a1f0f0c4630b7a75949cf47e81254728be13c0f4e835ed6129a5a6,4d1bfd2183d0a291700bcc30b9756eac4034231b388179eb52fa39c676525c4c,"{""label"":""1"",""statement"":""Germanium has the symbol Ge.""}",Germanium has the symbol Ge.,17ebbaa1309bf7acc0370cc5761d2cdc887ad0c813a4e47c25753f39e383a719,1,element_symb,affirmative,Germanium,entity_a64c4a3bcc1cd6c9a4649dd7811d8c3ea2b2729de17a564e105b76d46beec71c,train,outer_train,neg_element_symb:106,,[],entity_a64c4a3bcc1cd6c9a4649dd7811d8c3ea2b2729de17a564e105b76d46beec71c,admitted,[],[],[],provisional,admitted,[],[],candidate_pending_review_not_production,admitted,,candidate_pending_review_not_production
element_symb:6,element_symb,6,7,data/tiu_datasets/element_symb.csv,2aa8da5696a1f0f0c4630b7a75949cf47e81254728be13c0f4e835ed6129a5a6,2a96d3adeaaa63b4ae1e5f1bf69a3b29694a7746a9b1d44f5a8580a055755a49,"{""label"":""0"",""statement"":""Molybdenum has the symbol Np.""}",Molybdenum has the symbol Np.,e8603bcb9e52004863d5792c5e3d838d4764632bbb1c5ba4ba6ceef668df7e96,0,element_symb,affirmative,Molybdenum,entity_952e801b0fa09dd4b0d5fe40f7d962d09cab9e3ea6ca76fdcc44e39f7e3d6754,train,outer_train,neg_element_symb:6,,[],entity_952e801b0fa09dd4b0d5fe40f7d962d09cab9e3ea6ca76fdcc44e39f7e3d6754,admitted,[],[],[],provisional,admitted,[],[],candidate_pending_review_not_production,admitted,,candidate_pending_review_not_production
element_symb:181,element_symb,181,182,data/tiu_datasets/element_symb.csv,2aa8da5696a1f0f0c4630b7a75949cf47e81254728be13c0f4e835ed6129a5a6,34fb18eabbd063617213395b4632652784ef52fd697672a72b6f00aaa10a1d55,"{""label"":""1"",""statement"":""Lead has the symbol Pb.""}",Lead has the symbol Pb.,33623d15aae4ec4d558521cf2b42c90be0ccf33cab63c5725c01cd41c888336b,1,element_symb,affirmative,Lead,entity_13f29230c5750c6aeb886e48ddd7ce8a03c8c225198d659281750905db51a1f6,train,outer_train,neg_element_symb:181,,[],entity_13f29230c5750c6aeb886e48ddd7ce8a03c8c225198d659281750905db51a1f6,admitted,[],[],[],provisional,admitted,[],[],candidate_pending_review_not_production,admitted,,candidate_pending_review_not_production
element_symb:150,element_symb,150,151,data/tiu_datasets/element_symb.csv,2aa8da5696a1f0f0c4630b7a75949cf47e81254728be13c0f4e835ed6129a5a6,f033c944f33670acdbe1cfa207f47fcb11feb265d2d0a7a3a168556b2b6e6c3c,"{""label"":""0"",""statement"":""Krypton has the symbol Nb.""}",Krypton has the symbol Nb.,4cc2b82a4195d7751c5eebfa349bce3f01b9728670df3b591dd79172e334db2a,0,element_symb,affirmative,Krypton,entity_8f6d1133c48e69d2e7004493a604a5e44bf45f11ed9916f8e90e9ba9ce5250f4,train,outer_train,neg_element_symb:150,,[],entity_8f6d1133c48e69d2e7004493a604a5e44bf45f11ed9916f8e90e9ba9ce5250f4,admitted,[],[],[],provisional,admitted,[],[],candidate_pending_review_not_production,admitted,,candidate_pending_review_not_production
element_symb:82,element_symb,82,83,data/tiu_datasets/element_symb.csv,2aa8da5696a1f0f0c4630b7a75949cf47e81254728be13c0f4e835ed6129a5a6,fe58b46aa023f985831d0cd0618ef2441808adffffbf39157f0f6f12fbf418f2,"{""label"":""1"",""statement"":""Protactinium has the symbol Pa.""}",Protactinium has the symbol Pa.,377b67c2c2376037f4a1e8537397fabb0f0e8ead1a7d351ad384e1f11ba0b8ae,1,element_symb,affirmative,Protactinium,entity_8bc5cb7fb5745b0efd4a62e6c018ca9f773ec9ea79fe3c138f56cf505932ee78,train,outer_train,neg_element_symb:82,,[],entity_8bc5cb7fb5745b0efd4a62e6c018ca9f773ec9ea79fe3c138f56cf505932ee78,admitted,[],[],[],provisional,admitted,[],[],candidate_pending_review_not_production,admitted,,candidate_pending_review_not_production
element_symb:48,element_symb,48,49,data/tiu_datasets/element_symb.csv,2aa8da5696a1f0f0c4630b7a75949cf47e81254728be13c0f4e835ed6129a5a6,8026ce8b10000832a1d31543ad66cd82458acc6992536c58aac54ad00c8a88d4,"{""label"":""0"",""statement"":""Arsenic has the symbol Re.""}",Arsenic has the symbol Re.,904d2cbe74f000b960584fc7021a2ccd51c556bcec46289b7defa0c0d47619ab,0,element_symb,affirmative,Arsenic,entity_15c5dafd5fc088fac6be48be30a1b5252cd067a716dc5f6f06f0ebd28d50e5fc,train,outer_train,neg_element_symb:48,,[],entity_15c5dafd5fc088fac6be48be30a1b5252cd067a716dc5f6f06f0ebd28d50e5fc,admitted,[],[],[],provisional,admitted,[],[],candidate_pending_review_not_production,admitted,,candidate_pending_review_not_production
element_symb:55,element_symb,55,56,data/tiu_datasets/element_symb.csv,2aa8da5696a1f0f0c4630b7a75949cf47e81254728be13c0f4e835ed6129a5a6,6ccddc1e3f3d64b80ee7a8dbaa47445e534d8ac5684ec838e37a5de45de48663,"{""label"":""1"",""statement"":""Phosphorus has the symbol P.""}",Phosphorus has the symbol P.,8c378561dc2bd8c01b7894f6c051670110c215d8a12571180c614f79bb82a9aa,1,element_symb,affirmative,Phosphorus,entity_db3272556421a570a34ea4295205de0a43a3f796fbf8e0cd92c20996e3aa56c5,train,outer_train,neg_element_symb:55,,[],entity_db3272556421a570a34ea4295205de0a43a3f796fbf8e0cd92c20996e3aa56c5,admitted,[],[],[],provisional,admitted,[],[],candidate_pending_review_not_production,admitted,,candidate_pending_review_not_production
element_symb:127,element_symb,127,128,data/tiu_datasets/element_symb.csv,2aa8da5696a1f0f0c4630b7a75949cf47e81254728be13c0f4e835ed6129a5a6,ecdf25a7e174548e30ef763f388f2602cda1917748b84b54bf4f4ec655abbe16,"{""label"":""1"",""statement"":""Thorium has the symbol Th.""}",Thorium has the symbol Th.,30c3b1239411eaa2acbb4b64c92bfdc4306b94af3cf7a42d5d3ecc14b9dd12ac,1,element_symb,affirmative,Thorium,entity_2f7fa0426f452b28cbd014ee0d1650ab988c563a435daf435cbf016f633d6b9e,train,outer_train,neg_element_symb:127,,[],entity_2f7fa0426f452b28cbd014ee0d1650ab988c563a435daf435cbf016f633d6b9e,admitted,[],[],[],provisional,admitted,[],[],candidate_pending_review_not_production,admitted,,candidate_pending_review_not_production
element_symb:148,element_symb,148,149,data/tiu_datasets/element_symb.csv,2aa8da5696a1f0f0c4630b7a75949cf47e81254728be13c0f4e835ed6129a5a6,36c36fce09ce14a644a7b0068b855d04a98f8e28313c7df835a64fc4f01b9021,"{""label"":""0"",""statement"":""Helium has the symbol Xe.""}",Helium has the symbol Xe.,659724fabb4730a1fabd02491424fe67bb961c859622bebed3b5b87d910e9186,0,element_symb,affirmative,Helium,entity_095fdaec82615f37c241c9fd9330579d4f037d77a203b87d82c71dd4dd7c0d27,train,outer_train,neg_element_symb:148,,[],entity_095fdaec82615f37c241c9fd9330579d4f037d77a203b87d82c71dd4dd7c0d27,admitted,[],[],[],provisional,admitted,[],[],candidate_pending_review_not_production,admitted,,candidate_pending_review_not_production
element_symb:52,element_symb,52,53,data/tiu_datasets/element_symb.csv,2aa8da5696a1f0f0c4630b7a75949cf47e81254728be13c0f4e835ed6129a5a6,f6d4e2950df73a4e19fccf5bf8c045957a759943e32fc91495ba09c8c3a93bb8,"{""label"":""0"",""statement"":""Dysprosium has the symbol U.""}",Dysprosium has the symbol U.,25ce4ca12f2cf8d13042fb6605387b7f9ed0098dd7fd5dfe6b9cc83470502afe,0,element_symb,affirmative,Dysprosium,entity_c1c6d542ebd05951d593ca97cb7829e246599690228ed139795e3095010d6410,train,outer_train,neg_element_symb:52,,[],entity_c1c6d542ebd05951d593ca97cb7829e246599690228ed139795e3095010d6410,admitted,[],[],[],provisional,admitted,[],[],candidate_pending_review_not_production,admitted,,candidate_pending_review_not_production
element_symb:83,element_symb,83,84,data/tiu_datasets/element_symb.csv,2aa8da5696a1f0f0c4630b7a75949cf47e81254728be13c0f4e835ed6129a5a6,c7dc315e1fb533d2a0a28032dcc78c9f3e53d290fdaee7308979327b94f7e747,"{""label"":""0"",""statement"":""Gallium has the symbol Cs.""}",Gallium has the symbol Cs.,99cebb62b060120453da02714c1e01a5957161734f1843cc2d3b38fd0076f424,0,element_symb,affirmative,Gallium,entity_a4d7e05ba3d3317a3ce46747e333f32231ead7a8d69521c4ee478b2a2fd69145,train,outer_train,neg_element_symb:83,,[],entity_a4d7e05ba3d3317a3ce46747e333f32231ead7a8d69521c4ee478b2a2fd69145,admitted,[],[],[],provisional,admitted,[],[],candidate_pending_review_not_production,admitted,,candidate_pending_review_not_production
element_symb:23,element_symb,23,24,data/tiu_datasets/element_symb.csv,2aa8da5696a1f0f0c4630b7a75949cf47e81254728be13c0f4e835ed6129a5a6,80a500b1582dec676c6c6d2fcc2566f0abb3e93c4bced3b3abcc13294cdd3d4f,"{""label"":""1"",""statement"":""Selenium has the symbol Se.""}",Selenium has the symbol Se.,a7fd88356316cf75aa7d62d6cb73b3d83339339db71b1d259962bee05271f6ab,1,element_symb,affirmative,Selenium,entity_25597f7945e412a458e186c0e97e45a03f361b3906bb67aba66269fe7d3f353c,train,outer_train,neg_element_symb:23,,[],entity_25597f7945e412a458e186c0e97e45a03f361b3906bb67aba66269fe7d3f353c,admitted,[],[],[],provisional,admitted,[],[],candidate_pending_review_not_production,admitted,,candidate_pending_review_not_production
neg_element_symb:12,neg_element_symb,12,13,data/tiu_datasets/neg_element_symb.csv,8ee4b64b38fe1e43fb0e794d5acf914f9af4f8a9a99f3df187bfd84f429ffa78,1a333522bc1a46fc72bc25e2c97962b280f9ce28dad702aba308903b8f72d74d,"{""label"":""0"",""statement"":""Xenon does not have the symbol Xe.""}",Xenon does not have the symbol Xe.,c4376df347bdef8dcb9a7013c39652a06395bdcf85998699e3fef79bf70fed3c,0,element_symb,negated,Xenon,entity_86ce77c484b14bcdf1bf3f3b3f87176f09f962d8fbf1cfe11c23a8f920d47e9c,train,outer_train,element_symb:12,,[],entity_86ce77c484b14bcdf1bf3f3b3f87176f09f962d8fbf1cfe11c23a8f920d47e9c,admitted,[],[],[],provisional,admitted,[],[],candidate_pending_review_not_production,admitted,,candidate_pending_review_not_production
neg_element_symb:0,neg_element_symb,0,1,data/tiu_datasets/neg_element_symb.csv,8ee4b64b38fe1e43fb0e794d5acf914f9af4f8a9a99f3df187bfd84f429ffa78,f0724845ad6655d68c93dc196f62bc90a03c0b14517010796e49f7b650142b16,"{""label"":""0"",""statement"":""Thallium does not have the symbol Tl.""}",Thallium does not have the symbol Tl.,066116795e9cd6ba80a35ea222feefd936c877e4e0fd9a2f541f571300972f44,0,element_symb,negated,Thallium,entity_3dd2d429c085f803d55cef4d831e8bdf586f6007915f1204fb031917cc4d084f,train,outer_train,element_symb:0,,[],entity_3dd2d429c085f803d55cef4d831e8bdf586f6007915f1204fb031917cc4d084f,admitted,[],[],[],provisional,admitted,[],[],candidate_pending_review_not_production,admitted,,candidate_pending_review_not_production
neg_element_symb:88,neg_element_symb,88,89,data/tiu_datasets/neg_element_symb.csv,8ee4b64b38fe1e43fb0e794d5acf914f9af4f8a9a99f3df187bfd84f429ffa78,b258905cea63af147f20e354e02193e0584981d3c34e799e5bf178867cf78556,"{""label"":""0"",""statement"":""Cesium does not have the symbol Cs.""}",Cesium does not have the symbol Cs.,e90c6656d141aa67608578ed5a186f8a68d7bd0451e38227f2bc92438332033f,0,element_symb,negated,Cesium,entity_89fb9f75234557d3c374ece3f4f98d832b4c3a16d64c8e7261611e381d6364f9,train,outer_train,element_symb:88,,[],entity_89fb9f75234557d3c374ece3f4f98d832b4c3a16d64c8e7261611e381d6364f9,admitted,[],[],[],provisional,admitted,[],[],candidate_pending_review_not_production,admitted,,candidate_pending_review_not_production
neg_element_symb:56,neg_element_symb,56,57,data/tiu_datasets/neg_element_symb.csv,8ee4b64b38fe1e43fb0e794d5acf914f9af4f8a9a99f3df187bfd84f429ffa78,753e3914cc9e778bf451fad07e5fe0899427fdcd643c4c117a56ee1cd842444b,"{""label"":""1"",""statement"":""Xenon does not have the symbol F.""}",Xenon does not have the symbol F.,e27f3f209c8807124d774409ca2ba9d373f31279d8a193c9450aa5d7ed8198d7,1,element_symb,negated,Xenon,entity_86ce77c484b14bcdf1bf3f3b3f87176f09f962d8fbf1cfe11c23a8f920d47e9c,train,outer_train,element_symb:56,,[],entity_86ce77c484b14bcdf1bf3f3b3f87176f09f962d8fbf1cfe11c23a8f920d47e9c,admitted,[],[],[],provisional,admitted,[],[],candidate_pending_review_not_production,admitted,,candidate_pending_review_not_production
neg_element_symb:63,neg_element_symb,63,64,data/tiu_datasets/neg_element_symb.csv,8ee4b64b38fe1e43fb0e794d5acf914f9af4f8a9a99f3df187bfd84f429ffa78,b8912fa5296b8795d361b71adc36a63c7fdbdd9d2d1e8df6f12e7014d43ec83c,"{""label"":""0"",""statement"":""Thulium does not have the symbol Tm.""}",Thulium does not have the symbol Tm.,bc4df620ca7c33e401cd820d7d0205f23a5b0217a2b75f3516aed459863c32d2,0,element_symb,negated,Thulium,entity_e135c38e252ae843c2a0bed605f9d3f8af3b923f6f078c63f68151cf924d9497,train,outer_train,element_symb:63,,[],entity_e135c38e252ae843c2a0bed605f9d3f8af3b923f6f078c63f68151cf924d9497,admitted,[],[],[],provisional,admitted,[],[],candidate_pending_review_not_production,admitted,,candidate_pending_review_not_production
neg_element_symb:115,neg_element_symb,115,116,data/tiu_datasets/neg_element_symb.csv,8ee4b64b38fe1e43fb0e794d5acf914f9af4f8a9a99f3df187bfd84f429ffa78,4b947ed3f1e412169dbeb0908c599d33b2aea8646479c8d4c30a117250473a90,"{""label"":""0"",""statement"":""Yttrium does not have the symbol Y.""}",Yttrium does not have the symbol Y.,4d4125b943f82234ab2ba7bceac29de03ebcd3780f02dfeb128795216d3d1503,0,element_symb,negated,Yttrium,entity_aa9e6bcded011c95487b80fee77faace4b438411c073e9fda39625a2098bd0c8,train,outer_train,element_symb:115,,[],entity_aa9e6bcded011c95487b80fee77faace4b438411c073e9fda39625a2098bd0c8,admitted,[],[],[],provisional,admitted,[],[],candidate_pending_review_not_production,admitted,,candidate_pending_review_not_production
neg_element_symb:126,neg_element_symb,126,127,data/tiu_datasets/neg_element_symb.csv,8ee4b64b38fe1e43fb0e794d5acf914f9af4f8a9a99f3df187bfd84f429ffa78,1f8a224cf3bd576e625366f353288b386ca3d38dae8b53d6ee3c8e4b53e07a49,"{""label"":""1"",""statement"":""Tin does not have the symbol Be.""}",Tin does not have the symbol Be.,406bbe68b51e5dec1aea0b795c85755a65a8bc520db53f0c162a49c2bf072014,1,element_symb,negated,Tin,entity_f08e5eeb37a754dbfe89ea9ca33b46a79784078910886b391a5c46065fb4a655,train,outer_train,element_symb:126,,[],entity_f08e5eeb37a754dbfe89ea9ca33b46a79784078910886b391a5c46065fb4a655,admitted,[],[],[],provisional,admitted,[],[],candidate_pending_review_not_production,admitted,,candidate_pending_review_not_production
neg_element_symb:175,neg_element_symb,175,176,data/tiu_datasets/neg_element_symb.csv,8ee4b64b38fe1e43fb0e794d5acf914f9af4f8a9a99f3df187bfd84f429ffa78,519c88dced7eb3981eac39c2f5a6747ae610f4bcd74de4684b861c824d5ff2e8,"{""label"":""0"",""statement"":""Tin does not have the symbol Sn.""}",Tin does not have the symbol Sn.,5e122778b83ddf60f5dc62a52afdf5c6e3880f87a304c867c862fd3ff0235164,0,element_symb,negated,Tin,entity_f08e5eeb37a754dbfe89ea9ca33b46a79784078910886b391a5c46065fb4a655,train,outer_train,element_symb:175,,[],entity_f08e5eeb37a754dbfe89ea9ca33b46a79784078910886b391a5c46065fb4a655,admitted,[],[],[],provisional,admitted,[],[],candidate_pending_review_not_production,admitted,,candidate_pending_review_not_production
neg_element_symb:14,neg_element_symb,14,15,data/tiu_datasets/neg_element_symb.csv,8ee4b64b38fe1e43fb0e794d5acf914f9af4f8a9a99f3df187bfd84f429ffa78,ee817e4b832cdef141b3716dfd4e9e8f59dfbb588899714b723c1206e7899a9b,"{""label"":""1"",""statement"":""Indium does not have the symbol As.""}",Indium does not have the symbol As.,975dcde495cb0ac08213f8d08bdf6e0dfc14ca39f8c68f87b0c63e886a6abf09,1,element_symb,negated,Indium,entity_3b12bdaabb6ceca229de4036558be3762b543d51c0b794aba40524ed47dd94d8,train,outer_train,element_symb:14,,[],entity_3b12bdaabb6ceca229de4036558be3762b543d51c0b794aba40524ed47dd94d8,admitted,[],[],[],provisional,admitted,[],[],candidate_pending_review_not_production,admitted,,candidate_pending_review_not_production
neg_element_symb:149,neg_element_symb,149,150,data/tiu_datasets/neg_element_symb.csv,8ee4b64b38fe1e43fb0e794d5acf914f9af4f8a9a99f3df187bfd84f429ffa78,67f9f6747131208c61c5c17ce803e4c43aa3e55b3fbb7b4921ef2867cd619b52,"{""label"":""1"",""statement"":""Nickel does not have the symbol Rb.""}",Nickel does not have the symbol Rb.,dc8a3493b40c4f8578de1d760f77a663e472628672f221c4b6629681702452d4,1,element_symb,negated,Nickel,entity_5c4ead21b002ee83dc58d41098045ecc98606acc9eb188d109959c15f99e8ad4,train,outer_train,element_symb:149,,[],entity_5c4ead21b002ee83dc58d41098045ecc98606acc9eb188d109959c15f99e8ad4,admitted,[],[],[],provisional,admitted,[],[],candidate_pending_review_not_production,admitted,,candidate_pending_review_not_production
neg_element_symb:9,neg_element_symb,9,10,data/tiu_datasets/neg_element_symb.csv,8ee4b64b38fe1e43fb0e794d5acf914f9af4f8a9a99f3df187bfd84f429ffa78,c0fa37fe0601c4c3ceda5e5a5f54ce3fa430e99494bf86194a8497f54493dd99,"{""label"":""0"",""statement"":""Titanium does not have the symbol Ti.""}",Titanium does not have the symbol Ti.,606e5e0298c747c2c28066455dbab020ad16d8417283a3fc22e49d05673394b0,0,element_symb,negated,Titanium,entity_e0edbd6d41332ed3479965c398b2f2a654b4b09a3e8b4308b499910546a2dbf6,train,outer_train,element_symb:9,,[],entity_e0edbd6d41332ed3479965c398b2f2a654b4b09a3e8b4308b499910546a2dbf6,admitted,[],[],[],provisional,admitted,[],[],candidate_pending_review_not_production,admitted,,candidate_pending_review_not_production
neg_element_symb:180,neg_element_symb,180,181,data/tiu_datasets/neg_element_symb.csv,8ee4b64b38fe1e43fb0e794d5acf914f9af4f8a9a99f3df187bfd84f429ffa78,10ae705853bfc7fc223a086bf23df96edc9d7d61e693f681ee766ca5a948f18e,"{""label"":""1"",""statement"":""Radon does not have the symbol H.""}",Radon does not have the symbol H.,dcab895ddcd2d77c7665655df6e712e67c7464e84d036f221941b14164923453,1,element_symb,negated,Radon,entity_6bf3a30516508151849271a80d2fad01dae99791eed387ff178ee3c2c1c73e77,train,outer_train,element_symb:180,,[],entity_6bf3a30516508151849271a80d2fad01dae99791eed387ff178ee3c2c1c73e77,admitted,[],[],[],provisional,admitted,[],[],candidate_pending_review_not_production,admitted,,candidate_pending_review_not_production
neg_element_symb:42,neg_element_symb,42,43,data/tiu_datasets/neg_element_symb.csv,8ee4b64b38fe1e43fb0e794d5acf914f9af4f8a9a99f3df187bfd84f429ffa78,34669674f60f20e344554fe488ce262f66abb89b74f7f0786042e53aa92dca6c,"{""label"":""1"",""statement"":""Actinium does not have the symbol Ar.""}",Actinium does not have the symbol Ar.,563f80e8586ad1fd4a7774524909aa0defe063c280bf89f036f0f16d7d1e0628,1,element_symb,negated,Actinium,entity_3082fcb6b6d2b09427cee8d9ed1940b10588c9a35cc061ba5e4c0fcb5657be27,train,outer_train,element_symb:42,,[],entity_3082fcb6b6d2b09427cee8d9ed1940b10588c9a35cc061ba5e4c0fcb5657be27,admitted,[],[],[],provisional,admitted,[],[],candidate_pending_review_not_production,admitted,,candidate_pending_review_not_production
neg_element_symb:11,neg_element_symb,11,12,data/tiu_datasets/neg_element_symb.csv,8ee4b64b38fe1e43fb0e794d5acf914f9af4f8a9a99f3df187bfd84f429ffa78,374bc8b3b338255eaff0f71b1f310a4579b5e644312fa35445f1c5f0b789eb94,"{""label"":""1"",""statement"":""Mercury does not have the symbol Cl.""}",Mercury does not have the symbol Cl.,c56fa6f2dcb99064202dbf217314d12c6aa6d2b9a3e3752c1a29ae0408d88ee0,1,element_symb,negated,Mercury,entity_aa049853fde6dea0353519102d733fa9c046cf6cc2ac00efe457cb312331bde3,train,outer_train,element_symb:11,,[],entity_aa049853fde6dea0353519102d733fa9c046cf6cc2ac00efe457cb312331bde3,admitted,[],[],[],provisional,admitted,[],[],candidate_pending_review_not_production,admitted,,candidate_pending_review_not_production
neg_element_symb:162,neg_element_symb,162,163,data/tiu_datasets/neg_element_symb.csv,8ee4b64b38fe1e43fb0e794d5acf914f9af4f8a9a99f3df187bfd84f429ffa78,325592f43f3c11eb36380a18d72c3b9b59c6f2825bc623546f1632689f626d55,"{""label"":""0"",""statement"":""Helium does not have the symbol He.""}",Helium does not have the symbol He.,3bc0a7e7ff5e8887afd34ea259681ca8ff695c51a83cd92fca13554e0556dfc0,0,element_symb,negated,Helium,entity_095fdaec82615f37c241c9fd9330579d4f037d77a203b87d82c71dd4dd7c0d27,train,outer_train,element_symb:162,,[],entity_095fdaec82615f37c241c9fd9330579d4f037d77a203b87d82c71dd4dd7c0d27,admitted,[],[],[],provisional,admitted,[],[],candidate_pending_review_not_production,admitted,,candidate_pending_review_not_production
neg_element_symb:67,neg_element_symb,67,68,data/tiu_datasets/neg_element_symb.csv,8ee4b64b38fe1e43fb0e794d5acf914f9af4f8a9a99f3df187bfd84f429ffa78,0ee0d114e36c031d0a6de232c2007ec32e3b0f71a87ef39aefc9d80a96fe5717,"{""label"":""0"",""statement"":""Promethium does not have the symbol Pm.""}",Promethium does not have the symbol Pm.,1197cf186e2f6e6d2b4745531800d1291c05a0694f6e40bd30c0e5f6ed9aedbc,0,element_symb,negated,Promethium,entity_445001c7997247ab6f542438a65c8e1c02ba03346d568db13b38ecae276f6b88,train,outer_train,element_symb:67,,[],entity_445001c7997247ab6f542438a65c8e1c02ba03346d568db13b38ecae276f6b88,admitted,[],[],[],provisional,admitted,[],[],candidate_pending_review_not_production,admitted,,candidate_pending_review_not_production
neg_element_symb:111,neg_element_symb,111,112,data/tiu_datasets/neg_element_symb.csv,8ee4b64b38fe1e43fb0e794d5acf914f9af4f8a9a99f3df187bfd84f429ffa78,bd45b267f4e558cd4b8b9d76c100a54f06a68249224a60303ce2ed54633842cf,"{""label"":""0"",""statement"":""Chromium does not have the symbol Cr.""}",Chromium does not have the symbol Cr.,b1e6d1c305b8fbd39fd0ab550095a63dee486c1f4ae289fc847671383fc08aec,0,element_symb,negated,Chromium,entity_435af1e2802d70260b9ec942af4183f644ebe27708d5f7df2094af8668f9d99c,train,outer_train,element_symb:111,,[],entity_435af1e2802d70260b9ec942af4183f644ebe27708d5f7df2094af8668f9d99c,admitted,[],[],[],provisional,admitted,[],[],candidate_pending_review_not_production,admitted,,candidate_pending_review_not_production
neg_element_symb:173,neg_element_symb,173,174,data/tiu_datasets/neg_element_symb.csv,8ee4b64b38fe1e43fb0e794d5acf914f9af4f8a9a99f3df187bfd84f429ffa78,2f8341ecb0eff39cbb81c93206c4101507f4bfc0e2179243aff6916e145366a8,"{""label"":""1"",""statement"":""Protactinium does not have the symbol Ir.""}",Protactinium does not have the symbol Ir.,f14dc337683f8f50984ff003d5984b316ae2e55ed7a3a98c5d1c92a538d598df,1,element_symb,negated,Protactinium,entity_8bc5cb7fb5745b0efd4a62e6c018ca9f773ec9ea79fe3c138f56cf505932ee78,train,outer_train,element_symb:173,,[],entity_8bc5cb7fb5745b0efd4a62e6c018ca9f773ec9ea79fe3c138f56cf505932ee78,admitted,[],[],[],provisional,admitted,[],[],candidate_pending_review_not_production,admitted,,candidate_pending_review_not_production
neg_element_symb:165,neg_element_symb,165,166,data/tiu_datasets/neg_element_symb.csv,8ee4b64b38fe1e43fb0e794d5acf914f9af4f8a9a99f3df187bfd84f429ffa78,ec049bf24d56e05e8e4967732f3b197e34834a3d3d446431370413374264cad6,"{""label"":""1"",""statement"":""Germanium does not have the symbol Br.""}",Germanium does not have the symbol Br.,cc46f37ee77c1cce4adf20926e7c106253e01841dd1d83fb7103bc85773c9cb5,1,element_symb,negated,Germanium,entity_a64c4a3bcc1cd6c9a4649dd7811d8c3ea2b2729de17a564e105b76d46beec71c,train,outer_train,element_symb:165,,[],entity_a64c4a3bcc1cd6c9a4649dd7811d8c3ea2b2729de17a564e105b76d46beec71c,admitted,[],[],[],provisional,admitted,[],[],candidate_pending_review_not_production,admitted,,candidate_pending_review_not_production
neg_element_symb:37,neg_element_symb,37,38,data/tiu_datasets/neg_element_symb.csv,8ee4b64b38fe1e43fb0e794d5acf914f9af4f8a9a99f3df187bfd84f429ffa78,d95e7eeeae503bb617d8862489be75d945bcda7408bd4a503fe3963c7a969411,"{""label"":""0"",""statement"":""Gold does not have the symbol Au.""}",Gold does not have the symbol Au.,41f1b20aa81bc9c1a6d6177d613060e9254c738001c403b8cdbce051c38bdee9,0,element_symb,negated,Gold,entity_be6a8f11b76dc47907cfbe03230a3fa16069779d1a7a073d381204767565c744,train,outer_train,element_symb:37,,[],entity_be6a8f11b76dc47907cfbe03230a3fa16069779d1a7a073d381204767565c744,admitted,[],[],[],provisional,admitted,[],[],candidate_pending_review_not_production,admitted,,candidate_pending_review_not_production
neg_element_symb:156,neg_element_symb,156,157,data/tiu_datasets/neg_element_symb.csv,8ee4b64b38fe1e43fb0e794d5acf914f9af4f8a9a99f3df187bfd84f429ffa78,1900542c5f706cb5d20927942abcfe2dfabf9496a2e12493537d3cadf3b58332,"{""label"":""0"",""statement"":""Neodymium does not have the symbol Nd.""}",Neodymium does not have the symbol Nd.,53a36f2fdae9817e6a82c12588a1bee375db6966ea2fa8521e89aee9a47fd930,0,element_symb,negated,Neodymium,entity_83a2c2f70039a417493b6b9a43bc1f4e64c2f4d297115d16a8445c83063dd6f5,train,outer_train,element_symb:156,,[],entity_83a2c2f70039a417493b6b9a43bc1f4e64c2f4d297115d16a8445c83063dd6f5,admitted,[],[],[],provisional,admitted,[],[],candidate_pending_review_not_production,admitted,,candidate_pending_review_not_production
neg_element_symb:142,neg_element_symb,142,143,data/tiu_datasets/neg_element_symb.csv,8ee4b64b38fe1e43fb0e794d5acf914f9af4f8a9a99f3df187bfd84f429ffa78,153ef1cb1737248bd44dd66beace3daab848301606c75692b1639d8b8929b166,"{""label"":""1"",""statement"":""Promethium does not have the symbol Dy.""}",Promethium does not have the symbol Dy.,9d46fc2ef4eaafc079ba8e3b8ee04e7940a07b5d29788e1ede76fb4fa3756985,1,element_symb,negated,Promethium,entity_445001c7997247ab6f542438a65c8e1c02ba03346d568db13b38ecae276f6b88,train,outer_train,element_symb:142,,[],entity_445001c7997247ab6f542438a65c8e1c02ba03346d568db13b38ecae276f6b88,admitted,[],[],[],provisional,admitted,[],[],candidate_pending_review_not_production,admitted,,candidate_pending_review_not_production
neg_element_symb:76,neg_element_symb,76,77,data/tiu_datasets/neg_element_symb.csv,8ee4b64b38fe1e43fb0e794d5acf914f9af4f8a9a99f3df187bfd84f429ffa78,8b6e7c3e0a1f581d788bfff63dc557c37ea55d04c00f63ae2f71cba2b6c214a9,"{""label"":""0"",""statement"":""Mercury does not have the symbol Hg.""}",Mercury does not have the symbol Hg.,5052b97001811c701d203f7b1acc9be96911eee0977b0d9554376b8d10e95e9c,0,element_symb,negated,Mercury,entity_aa049853fde6dea0353519102d733fa9c046cf6cc2ac00efe457cb312331bde3,train,outer_train,element_symb:76,,[],entity_aa049853fde6dea0353519102d733fa9c046cf6cc2ac00efe457cb312331bde3,admitted,[],[],[],provisional,admitted,[],[],candidate_pending_review_not_production,admitted,,candidate_pending_review_not_production
neg_element_symb:100,neg_element_symb,100,101,data/tiu_datasets/neg_element_symb.csv,8ee4b64b38fe1e43fb0e794d5acf914f9af4f8a9a99f3df187bfd84f429ffa78,a7d5712bf4181faa2b5aba9192b302c743cb53cf496a0e7b997767ab38b3bc1f,"{""label"":""1"",""statement"":""Rhodium does not have the symbol Sn.""}",Rhodium does not have the symbol Sn.,aaf53c7c5d278733ee6b41f6c14ad6c5702acf4ffda78d44191db8dd23a5c15c,1,element_symb,negated,Rhodium,entity_69e2e6fe54afac9109abdba0d90467b5cc8c528131b4692e8b14d8896edc5415,train,outer_train,element_symb:100,,[],entity_69e2e6fe54afac9109abdba0d90467b5cc8c528131b4692e8b14d8896edc5415,admitted,[],[],[],provisional,admitted,[],[],candidate_pending_review_not_production,admitted,,candidate_pending_review_not_production
neg_element_symb:2,neg_element_symb,2,3,data/tiu_datasets/neg_element_symb.csv,8ee4b64b38fe1e43fb0e794d5acf914f9af4f8a9a99f3df187bfd84f429ffa78,9c30c96a5f55bb961db217f9f2f375c100559847fbea1c40369bfd1223301225,"{""label"":""0"",""statement"":""Tantalum does not have the symbol Ta.""}",Tantalum does not have the symbol Ta.,83f9c16999d8c407d62dc3e3081a6dee8b68a82fde5aebd5ffe16674df760d5a,0,element_symb,negated,Tantalum,entity_04eacd327bc4e7f4da1153e8659b0e43e1c6d3c223a6470222ea86b30f900ccc,train,outer_train,element_symb:2,,[],entity_04eacd327bc4e7f4da1153e8659b0e43e1c6d3c223a6470222ea86b30f900ccc,admitted,[],[],[],provisional,admitted,[],[],candidate_pending_review_not_production,admitted,,candidate_pending_review_not_production
neg_element_symb:25,neg_element_symb,25,26,data/tiu_datasets/neg_element_symb.csv,8ee4b64b38fe1e43fb0e794d5acf914f9af4f8a9a99f3df187bfd84f429ffa78,b7944eb9b5bc7c11ff00da0fcc9beffd219aefbe45ec7470d2e4a31b5f0a7880,"{""label"":""1"",""statement"":""Potassium does not have the symbol Al.""}",Potassium does not have the symbol Al.,c9f86af75423244bc7bfa661a2ddfb806c517a5269016e33dea65e967e0729de,1,element_symb,negated,Potassium,entity_55585ebdd5c06dda9169e9a00d60cab71294d5be1fd41e345cc87d5c429fdfbe,train,outer_train,element_symb:25,,[],entity_55585ebdd5c06dda9169e9a00d60cab71294d5be1fd41e345cc87d5c429fdfbe,admitted,[],[],[],provisional,admitted,[],[],candidate_pending_review_not_production,admitted,,candidate_pending_review_not_production
neg_element_symb:68,neg_element_symb,68,69,data/tiu_datasets/neg_element_symb.csv,8ee4b64b38fe1e43fb0e794d5acf914f9af4f8a9a99f3df187bfd84f429ffa78,cfd328edd5377af6705b3d4ffc9bb63e70e9c263479961503624bca1774a60d3,"{""label"":""0"",""statement"":""Rhodium does not have the symbol Rh.""}",Rhodium does not have the symbol Rh.,19e30a620678f3aede40138c1f2e1153fc148526c4ddf63487d301f078956200,0,element_symb,negated,Rhodium,entity_69e2e6fe54afac9109abdba0d90467b5cc8c528131b4692e8b14d8896edc5415,train,outer_train,element_symb:68,,[],entity_69e2e6fe54afac9109abdba0d90467b5cc8c528131b4692e8b14d8896edc5415,admitted,[],[],[],provisional,admitted,[],[],candidate_pending_review_not_production,admitted,,candidate_pending_review_not_production
neg_element_symb:93,neg_element_symb,93,94,data/tiu_datasets/neg_element_symb.csv,8ee4b64b38fe1e43fb0e794d5acf914f9af4f8a9a99f3df187bfd84f429ffa78,10f22145b9adc64fc45273a162a93d3bcec16b39daf3617917e1d3c7b9c84d08,"{""label"":""1"",""statement"":""Argon does not have the symbol Co.""}",Argon does not have the symbol Co.,95477dfd17e2be2ca35579f2cbe64886601a2f6f6b656d3b2f0a5d084b2de5a1,1,element_symb,negated,Argon,entity_43ba853d727771f177e52c8ac44ebe2cfb3a96acb1e8971fc49d4818f904c5b7,train,outer_train,element_symb:93,,[],entity_43ba853d727771f177e52c8ac44ebe2cfb3a96acb1e8971fc49d4818f904c5b7,admitted,[],[],[],provisional,admitted,[],[],candidate_pending_review_not_production,admitted,,candidate_pending_review_not_production
neg_element_symb:167,neg_element_symb,167,168,data/tiu_datasets/neg_element_symb.csv,8ee4b64b38fe1e43fb0e794d5acf914f9af4f8a9a99f3df187bfd84f429ffa78,0b932a4dc6e9dbf5bdc46e37f1565f849f574183fefe85fc4a105c296aac07d8,"{""label"":""1"",""statement"":""Lead does not have the symbol Na.""}",Lead does not have the symbol Na.,5d5d708395d41d4831de1a0fabd4fa6ad128656250b6c6e62d3e654458868a2a,1,element_symb,negated,Lead,entity_13f29230c5750c6aeb886e48ddd7ce8a03c8c225198d659281750905db51a1f6,train,outer_train,element_symb:167,,[],entity_13f29230c5750c6aeb886e48ddd7ce8a03c8c225198d659281750905db51a1f6,admitted,[],[],[],provisional,admitted,[],[],candidate_pending_review_not_production,admitted,,candidate_pending_review_not_production
neg_element_symb:151,neg_element_symb,151,152,data/tiu_datasets/neg_element_symb.csv,8ee4b64b38fe1e43fb0e794d5acf914f9af4f8a9a99f3df187bfd84f429ffa78,171f12d523940b9a5e40438a18d40d4fa719f22626449df284b1826e564de5dd,"{""label"":""1"",""statement"":""Boron does not have the symbol Pm.""}",Boron does not have the symbol Pm.,c6050b253a95d5227643a97eb8c45b48ecfc4081539a865e88d0bcd6121cc6db,1,element_symb,negated,Boron,entity_17eaa53d50c3143e32642db274e0591602c5d88d2bc02c398e1ce6be24317842,train,outer_train,element_symb:151,,[],entity_17eaa53d50c3143e32642db274e0591602c5d88d2bc02c398e1ce6be24317842,admitted,[],[],[],provisional,admitted,[],[],candidate_pending_review_not_production,admitted,,candidate_pending_review_not_production
neg_element_symb:70,neg_element_symb,70,71,data/tiu_datasets/neg_element_symb.csv,8ee4b64b38fe1e43fb0e794d5acf914f9af4f8a9a99f3df187bfd84f429ffa78,b49df61aa26629dad9f78f9b86c3d00acb64f02203f491f7e59840d630dfb417,"{""label"":""1"",""statement"":""Selenium does not have the symbol Na.""}",Selenium does not have the symbol Na.,ce6a43fbbf24422b692e09798bb5cbc78dbf43e99320b5dd03e25191d877bad4,1,element_symb,negated,Selenium,entity_25597f7945e412a458e186c0e97e45a03f361b3906bb67aba66269fe7d3f353c,train,outer_train,element_symb:70,,[],entity_25597f7945e412a458e186c0e97e45a03f361b3906bb67aba66269fe7d3f353c,admitted,[],[],[],provisional,admitted,[],[],candidate_pending_review_not_production,admitted,,candidate_pending_review_not_production
neg_element_symb:105,neg_element_symb,105,106,data/tiu_datasets/neg_element_symb.csv,8ee4b64b38fe1e43fb0e794d5acf914f9af4f8a9a99f3df187bfd84f429ffa78,63745172f1ace3196882d46ce76eb014aa2f19a336b44e33ec7e5e09a0abaafd,"{""label"":""1"",""statement"":""Praseodymium does not have the symbol Sc.""}",Praseodymium does not have the symbol Sc.,944cd752aa19534027862f71c857f76e25a920c77bacb6d24982c8a1509a83f7,1,element_symb,negated,Praseodymium,entity_2ede0f48c02544e6f34f75885b3179a61a450f9262c3943031ccdd4324182068,train,outer_train,element_symb:105,,[],entity_2ede0f48c02544e6f34f75885b3179a61a450f9262c3943031ccdd4324182068,admitted,[],[],[],provisional,admitted,[],[],candidate_pending_review_not_production,admitted,,candidate_pending_review_not_production
neg_element_symb:15,neg_element_symb,15,16,data/tiu_datasets/neg_element_symb.csv,8ee4b64b38fe1e43fb0e794d5acf914f9af4f8a9a99f3df187bfd84f429ffa78,487ca7c8c0b62d700ac5a4d8b03084255d069323ab72edfc295897da2a48f6da,"{""label"":""0"",""statement"":""Gallium does not have the symbol Ga.""}",Gallium does not have the symbol Ga.,273effac23023833f0fadabc3b64bc01d305f0cdde8348074afbe1ca01ecd23d,0,element_symb,negated,Gallium,entity_a4d7e05ba3d3317a3ce46747e333f32231ead7a8d69521c4ee478b2a2fd69145,train,outer_train,element_symb:15,,[],entity_a4d7e05ba3d3317a3ce46747e333f32231ead7a8d69521c4ee478b2a2fd69145,admitted,[],[],[],provisional,admitted,[],[],candidate_pending_review_not_production,admitted,,candidate_pending_review_not_production
neg_element_symb:91,neg_element_symb,91,92,data/tiu_datasets/neg_element_symb.csv,8ee4b64b38fe1e43fb0e794d5acf914f9af4f8a9a99f3df187bfd84f429ffa78,31775d107c07d390271a8c32b9f61e3ba5ba4b5e1a3fb79db0b5268074e4dddf,"{""label"":""0"",""statement"":""Ytterbium does not have the symbol Yb.""}",Ytterbium does not have the symbol Yb.,034743ce1e35fdfce409d05f3457fefb85ebfd747f10acc620900a897d5cedc3,0,element_symb,negated,Ytterbium,entity_ad642bcc43c2cc3a18b8bbc69c41a403def98fe6c30c5e8949dde55311da7ae6,train,outer_train,element_symb:91,,[],entity_ad642bcc43c2cc3a18b8bbc69c41a403def98fe6c30c5e8949dde55311da7ae6,admitted,[],[],[],provisional,admitted,[],[],candidate_pending_review_not_production,admitted,,candidate_pending_review_not_production
neg_element_symb:53,neg_element_symb,53,54,data/tiu_datasets/neg_element_symb.csv,8ee4b64b38fe1e43fb0e794d5acf914f9af4f8a9a99f3df187bfd84f429ffa78,eb5f7ebf3b8192ed3495343bd5d1c4723350738fc7e8388f994f972e48d91d86,"{""label"":""0"",""statement"":""Boron does not have the symbol B.""}",Boron does not have the symbol B.,616fcc4d896179d027fbbf0b08094f528a72c434ca3bbfc46cb44083f2f406f7,0,element_symb,negated,Boron,entity_17eaa53d50c3143e32642db274e0591602c5d88d2bc02c398e1ce6be24317842,train,outer_train,element_symb:53,,[],entity_17eaa53d50c3143e32642db274e0591602c5d88d2bc02c398e1ce6be24317842,admitted,[],[],[],provisional,admitted,[],[],candidate_pending_review_not_production,admitted,,candidate_pending_review_not_production
neg_element_symb:158,neg_element_symb,158,159,data/tiu_datasets/neg_element_symb.csv,8ee4b64b38fe1e43fb0e794d5acf914f9af4f8a9a99f3df187bfd84f429ffa78,fe521dcdb0366e2cc76970c8680bf2dfc728482cab32acb5c7d3c13c563824ef,"{""label"":""1"",""statement"":""Cesium does not have the symbol Tc.""}",Cesium does not have the symbol Tc.,6488a0d908da8101ac00d5451ea4ba71a18bc5a6d106a8e862a477326a2e0809,1,element_symb,negated,Cesium,entity_89fb9f75234557d3c374ece3f4f98d832b4c3a16d64c8e7261611e381d6364f9,train,outer_train,element_symb:158,,[],entity_89fb9f75234557d3c374ece3f4f98d832b4c3a16d64c8e7261611e381d6364f9,admitted,[],[],[],provisional,admitted,[],[],candidate_pending_review_not_production,admitted,,candidate_pending_review_not_production
neg_element_symb:18,neg_element_symb,18,19,data/tiu_datasets/neg_element_symb.csv,8ee4b64b38fe1e43fb0e794d5acf914f9af4f8a9a99f3df187bfd84f429ffa78,56efb84b1a06b25481dbb4b9993dbdfb609efa2bcc8879d8a3d0f67df458a8bf,"{""label"":""1"",""statement"":""Palladium does not have the symbol Nd.""}",Palladium does not have the symbol Nd.,2a08ee22022df0fdadbd010897f55283b4ccf8eaf63073fb929e8f7d5b78ae3a,1,element_symb,negated,Palladium,entity_9600b36106c693bdd02de0a55bd3c0db67a2c13456c22dcb5e1c188299ec3e44,train,outer_train,element_symb:18,,[],entity_9600b36106c693bdd02de0a55bd3c0db67a2c13456c22dcb5e1c188299ec3e44,admitted,[],[],[],provisional,admitted,[],[],candidate_pending_review_not_production,admitted,,candidate_pending_review_not_production
neg_element_symb:72,neg_element_symb,72,73,data/tiu_datasets/neg_element_symb.csv,8ee4b64b38fe1e43fb0e794d5acf914f9af4f8a9a99f3df187bfd84f429ffa78,949526c27009921455185f9b4436b268edf3bd6f6cfdc6f6eab74c172d47ec2c,"{""label"":""1"",""statement"":""Ytterbium does not have the symbol Mo.""}",Ytterbium does not have the symbol Mo.,d8adb3b2c8b9f4f389a7a17ad1a9e3c594a323288204a1aea4ce79d12aad771d,1,element_symb,negated,Ytterbium,entity_ad642bcc43c2cc3a18b8bbc69c41a403def98fe6c30c5e8949dde55311da7ae6,train,outer_train,element_symb:72,,[],entity_ad642bcc43c2cc3a18b8bbc69c41a403def98fe6c30c5e8949dde55311da7ae6,admitted,[],[],[],provisional,admitted,[],[],candidate_pending_review_not_production,admitted,,candidate_pending_review_not_production
neg_element_symb:104,neg_element_symb,104,105,data/tiu_datasets/neg_element_symb.csv,8ee4b64b38fe1e43fb0e794d5acf914f9af4f8a9a99f3df187bfd84f429ffa78,219cdd12cb825197b1b6ba9a6b629502539bb37db774ce3f0ac602c2a068e9f1,"{""label"":""1"",""statement"":""Lutetium does not have the symbol Be.""}",Lutetium does not have the symbol Be.,dc41e66fa7b14f77d524b27a634c0c04421bd18ac43b4931b1f821f6cdc0f905,1,element_symb,negated,Lutetium,entity_a7259a2b0f747e2dd0aa22cecbf2b18d4e28879b046c8b4bcf5bf2838262616a,train,outer_train,element_symb:104,,[],entity_a7259a2b0f747e2dd0aa22cecbf2b18d4e28879b046c8b4bcf5bf2838262616a,admitted,[],[],[],provisional,admitted,[],[],candidate_pending_review_not_production,admitted,,candidate_pending_review_not_production
neg_element_symb:32,neg_element_symb,32,33,data/tiu_datasets/neg_element_symb.csv,8ee4b64b38fe1e43fb0e794d5acf914f9af4f8a9a99f3df187bfd84f429ffa78,18fcf0ab0e4355be427e79e9b8fb48d3870eaf75236337665db283012e39cb88,"{""label"":""1"",""statement"":""Gold does not have the symbol Cr.""}",Gold does not have the symbol Cr.,4453bbaf72806588d6e85b9bb0bd4912bae2038de0e23f0652b9fa2ed85ad9b7,1,element_symb,negated,Gold,entity_be6a8f11b76dc47907cfbe03230a3fa16069779d1a7a073d381204767565c744,train,outer_train,element_symb:32,,[],entity_be6a8f11b76dc47907cfbe03230a3fa16069779d1a7a073d381204767565c744,admitted,[],[],[],provisional,admitted,[],[],candidate_pending_review_not_production,admitted,,candidate_pending_review_not_production
neg_element_symb:59,neg_element_symb,59,60,data/tiu_datasets/neg_element_symb.csv,8ee4b64b38fe1e43fb0e794d5acf914f9af4f8a9a99f3df187bfd84f429ffa78,2b73d0d8f811a18695d7f177b3f6ef973448a3f7514f6db5a8b5cb5ae5a4ee08,"{""label"":""1"",""statement"":""Fluorine does not have the symbol N.""}",Fluorine does not have the symbol N.,62f6e77f674f96d6e78ec3196a2f6435cf67c889a923c74cf5313dcb3fef2faf,1,element_symb,negated,Fluorine,entity_3afc4d8358a3fee3460b1e33db0a27d30650c5e3833617ec7647aee9422e47c2,train,outer_train,element_symb:59,,[],entity_3afc4d8358a3fee3460b1e33db0a27d30650c5e3833617ec7647aee9422e47c2,admitted,[],[],[],provisional,admitted,[],[],candidate_pending_review_not_production,admitted,,candidate_pending_review_not_production
neg_element_symb:57,neg_element_symb,57,58,data/tiu_datasets/neg_element_symb.csv,8ee4b64b38fe1e43fb0e794d5acf914f9af4f8a9a99f3df187bfd84f429ffa78,f609ee433deca0d096efb4cfc54d898e543e513df6f5ef51b57f5b074187a405,"{""label"":""0"",""statement"":""Lutetium does not have the symbol Lu.""}",Lutetium does not have the symbol Lu.,03b2ccff0b493c91e21b57a26911f5d710cc5ec297456f821032cac6ca82a674,0,element_symb,negated,Lutetium,entity_a7259a2b0f747e2dd0aa22cecbf2b18d4e28879b046c8b4bcf5bf2838262616a,train,outer_train,element_symb:57,,[],entity_a7259a2b0f747e2dd0aa22cecbf2b18d4e28879b046c8b4bcf5bf2838262616a,admitted,[],[],[],provisional,admitted,[],[],candidate_pending_review_not_production,admitted,,candidate_pending_review_not_production
neg_element_symb:45,neg_element_symb,45,46,data/tiu_datasets/neg_element_symb.csv,8ee4b64b38fe1e43fb0e794d5acf914f9af4f8a9a99f3df187bfd84f429ffa78,63b0915a6818f21af2731b8cde5f947566ecdcb12071b986d143e63cbc71cd17,"{""label"":""1"",""statement"":""Cerium does not have the symbol Ne.""}",Cerium does not have the symbol Ne.,7bc91852007aa2be4287f6b74f14d2f2c9d875794fbdfaf54cb39ba9fc1edacb,1,element_symb,negated,Cerium,entity_db74ebb47c3af647b2f296a90a023f09edc056a91a9bbaaa96414e2930184ceb,train,outer_train,element_symb:45,,[],entity_db74ebb47c3af647b2f296a90a023f09edc056a91a9bbaaa96414e2930184ceb,admitted,[],[],[],provisional,admitted,[],[],candidate_pending_review_not_production,admitted,,candidate_pending_review_not_production
neg_element_symb:133,neg_element_symb,133,134,data/tiu_datasets/neg_element_symb.csv,8ee4b64b38fe1e43fb0e794d5acf914f9af4f8a9a99f3df187bfd84f429ffa78,b691cbabd69c4ec893427ed8b9c029dfadf454563a13d9e5b4589a22d6079418,"{""label"":""0"",""statement"":""Cerium does not have the symbol Ce.""}",Cerium does not have the symbol Ce.,0b563c9317fb7ca2a1837eb6fcf812a059b369f7414a52b1c200df1d7cee19e1,0,element_symb,negated,Cerium,entity_db74ebb47c3af647b2f296a90a023f09edc056a91a9bbaaa96414e2930184ceb,train,outer_train,element_symb:133,,[],entity_db74ebb47c3af647b2f296a90a023f09edc056a91a9bbaaa96414e2930184ceb,admitted,[],[],[],provisional,admitted,[],[],candidate_pending_review_not_production,admitted,,candidate_pending_review_not_production
neg_element_symb:86,neg_element_symb,86,87,data/tiu_datasets/neg_element_symb.csv,8ee4b64b38fe1e43fb0e794d5acf914f9af4f8a9a99f3df187bfd84f429ffa78,44fd3be6d93da48607dc953ea3830f32f1ed5b889795c214cee8998e823ae879,"{""label"":""1"",""statement"":""Chromium does not have the symbol Ru.""}",Chromium does not have the symbol Ru.,b049f91c76ed4c2df51afa8e8cc170b4c04aa38fdd07b60d92a1e0c14d1418a3,1,element_symb,negated,Chromium,entity_435af1e2802d70260b9ec942af4183f644ebe27708d5f7df2094af8668f9d99c,train,outer_train,element_symb:86,,[],entity_435af1e2802d70260b9ec942af4183f644ebe27708d5f7df2094af8668f9d99c,admitted,[],[],[],provisional,admitted,[],[],candidate_pending_review_not_production,admitted,,candidate_pending_review_not_production
neg_element_symb:121,neg_element_symb,121,122,data/tiu_datasets/neg_element_symb.csv,8ee4b64b38fe1e43fb0e794d5acf914f9af4f8a9a99f3df187bfd84f429ffa78,c4aac3a70c4a9569deb68f8d6901f0188482c27a79697530823710689ae9f9bd,"{""label"":""1"",""statement"":""Thallium does not have the symbol Sr.""}",Thallium does not have the symbol Sr.,9bd380d0fa6d011814fe234fd7f4d9975abd6c0040450dea59a9afb5e02ec0ff,1,element_symb,negated,Thallium,entity_3dd2d429c085f803d55cef4d831e8bdf586f6007915f1204fb031917cc4d084f,train,outer_train,element_symb:121,,[],entity_3dd2d429c085f803d55cef4d831e8bdf586f6007915f1204fb031917cc4d084f,admitted,[],[],[],provisional,admitted,[],[],candidate_pending_review_not_production,admitted,,candidate_pending_review_not_production
neg_element_symb:30,neg_element_symb,30,31,data/tiu_datasets/neg_element_symb.csv,8ee4b64b38fe1e43fb0e794d5acf914f9af4f8a9a99f3df187bfd84f429ffa78,c2568a2951968f6bed2960cecc0e19c7d8e6674ceee7ff33fb6869ae8fc4c908,"{""label"":""1"",""statement"":""Polonium does not have the symbol Tb.""}",Polonium does not have the symbol Tb.,e62acb75ee26ed2c541613d9799d26e033281e0ce25255c0691da7b7c32ba4ab,1,element_symb,negated,Polonium,entity_9a321dd56f45a13c62007d9fc0939e3dd17cafa082bac01d0f463b99657d93b2,train,outer_train,element_symb:30,,[],entity_9a321dd56f45a13c62007d9fc0939e3dd17cafa082bac01d0f463b99657d93b2,admitted,[],[],[],provisional,admitted,[],[],candidate_pending_review_not_production,admitted,,candidate_pending_review_not_production
neg_element_symb:154,neg_element_symb,154,155,data/tiu_datasets/neg_element_symb.csv,8ee4b64b38fe1e43fb0e794d5acf914f9af4f8a9a99f3df187bfd84f429ffa78,da287ffb642e5b2567f5fba64861750b09e8d3220a781bf01b8588d6bdce69e6,"{""label"":""1"",""statement"":""Thulium does not have the symbol Ne.""}",Thulium does not have the symbol Ne.,0d3437b1e4826280352b0e5f3daa337d44097a5916980affecbb19ac1c04ba2a,1,element_symb,negated,Thulium,entity_e135c38e252ae843c2a0bed605f9d3f8af3b923f6f078c63f68151cf924d9497,train,outer_train,element_symb:154,,[],entity_e135c38e252ae843c2a0bed605f9d3f8af3b923f6f078c63f68151cf924d9497,admitted,[],[],[],provisional,admitted,[],[],candidate_pending_review_not_production,admitted,,candidate_pending_review_not_production
neg_element_symb:43,neg_element_symb,43,44,data/tiu_datasets/neg_element_symb.csv,8ee4b64b38fe1e43fb0e794d5acf914f9af4f8a9a99f3df187bfd84f429ffa78,2e232368b65f19f26ca0f18ca6202d77418b23261abcef39764c0a239cba5ade,"{""label"":""0"",""statement"":""Osmium does not have the symbol Os.""}",Osmium does not have the symbol Os.,c8c4f1a71a07391c8c38a0a3935c4c5631ac850e8e84fdb8646adef9afe8e3c9,0,element_symb,negated,Osmium,entity_c69ac3bcb9fb06bef8e41d6a129a7471b73ba0161dd010412413fa1a92c0326a,train,outer_train,element_symb:43,,[],entity_c69ac3bcb9fb06bef8e41d6a129a7471b73ba0161dd010412413fa1a92c0326a,admitted,[],[],[],provisional,admitted,[],[],candidate_pending_review_not_production,admitted,,candidate_pending_review_not_production
neg_element_symb:73,neg_element_symb,73,74,data/tiu_datasets/neg_element_symb.csv,8ee4b64b38fe1e43fb0e794d5acf914f9af4f8a9a99f3df187bfd84f429ffa78,4b1086dacd555b148b324752684e214e0992a694de33c145cbad35dc46451ba1,"{""label"":""1"",""statement"":""Lithium does not have the symbol Sb.""}",Lithium does not have the symbol Sb.,8f2c4852f80e3c50031ae9000761837012447cd9fff5e12bd5810e106843ae5c,1,element_symb,negated,Lithium,entity_1356df8291094b3a234cef7f6ecd5649bd6b92e5355597b0471d3c9bf330936c,train,outer_train,element_symb:73,,[],entity_1356df8291094b3a234cef7f6ecd5649bd6b92e5355597b0471d3c9bf330936c,admitted,[],[],[],provisional,admitted,[],[],candidate_pending_review_not_production,admitted,,candidate_pending_review_not_production
neg_element_symb:153,neg_element_symb,153,154,data/tiu_datasets/neg_element_symb.csv,8ee4b64b38fe1e43fb0e794d5acf914f9af4f8a9a99f3df187bfd84f429ffa78,0ffd9f3a9814d0daaa45e0755d6861c2d559771042328fdbadc82f087e36196c,"{""label"":""1"",""statement"":""Titanium does not have the symbol B.""}",Titanium does not have the symbol B.,f240760687ae535a80d6769acbf579177885c9a58a0662ab6b0776520b335aeb,1,element_symb,negated,Titanium,entity_e0edbd6d41332ed3479965c398b2f2a654b4b09a3e8b4308b499910546a2dbf6,train,outer_train,element_symb:153,,[],entity_e0edbd6d41332ed3479965c398b2f2a654b4b09a3e8b4308b499910546a2dbf6,admitted,[],[],[],provisional,admitted,[],[],candidate_pending_review_not_production,admitted,,candidate_pending_review_not_production
neg_element_symb:159,neg_element_symb,159,160,data/tiu_datasets/neg_element_symb.csv,8ee4b64b38fe1e43fb0e794d5acf914f9af4f8a9a99f3df187bfd84f429ffa78,4b665b8bfa8187ade7e3be5b514a178a96312bca6b193c88e7613ecf2e7902f7,"{""label"":""0"",""statement"":""Dysprosium does not have the symbol Dy.""}",Dysprosium does not have the symbol Dy.,0862d4274dbc2adcff1473582ea4dbbabe2f1d71dbb73ceee122e491f77d1a37,0,element_symb,negated,Dysprosium,entity_c1c6d542ebd05951d593ca97cb7829e246599690228ed139795e3095010d6410,train,outer_train,element_symb:159,,[],entity_c1c6d542ebd05951d593ca97cb7829e246599690228ed139795e3095010d6410,admitted,[],[],[],provisional,admitted,[],[],candidate_pending_review_not_production,admitted,,candidate_pending_review_not_production
neg_element_symb:80,neg_element_symb,80,81,data/tiu_datasets/neg_element_symb.csv,8ee4b64b38fe1e43fb0e794d5acf914f9af4f8a9a99f3df187bfd84f429ffa78,639d59bf3b42a5ac262547e8982bebb8f1a20a6f752de0ca66850662e170102a,"{""label"":""0"",""statement"":""Lithium does not have the symbol Li.""}",Lithium does not have the symbol Li.,a682083f435ce0518f7ac728f334ac8dd8530b71c10322b1244630e8a95e6efa,0,element_symb,negated,Lithium,entity_1356df8291094b3a234cef7f6ecd5649bd6b92e5355597b0471d3c9bf330936c,train,outer_train,element_symb:80,,[],entity_1356df8291094b3a234cef7f6ecd5649bd6b92e5355597b0471d3c9bf330936c,admitted,[],[],[],provisional,admitted,[],[],candidate_pending_review_not_production,admitted,,candidate_pending_review_not_production
neg_element_symb:166,neg_element_symb,166,167,data/tiu_datasets/neg_element_symb.csv,8ee4b64b38fe1e43fb0e794d5acf914f9af4f8a9a99f3df187bfd84f429ffa78,7c2ac153e7c08d4ba470a3eeedfc000e97ace092d1ff7c71484483d30ef7bd36,"{""label"":""1"",""statement"":""Tellurium does not have the symbol O.""}",Tellurium does not have the symbol O.,29e882846080543b3eda8c697ae9483b88e7d7c4709bf3e4922a7198f2ee51b5,1,element_symb,negated,Tellurium,entity_a32184e92adfa5c610c3b185fd18c824b669e0b9470adb56fc4e84e1a3688aa7,train,outer_train,element_symb:166,,[],entity_a32184e92adfa5c610c3b185fd18c824b669e0b9470adb56fc4e84e1a3688aa7,admitted,[],[],[],provisional,admitted,[],[],candidate_pending_review_not_production,admitted,,candidate_pending_review_not_production
neg_element_symb:28,neg_element_symb,28,29,data/tiu_datasets/neg_element_symb.csv,8ee4b64b38fe1e43fb0e794d5acf914f9af4f8a9a99f3df187bfd84f429ffa78,890ae7adc997b5adcacc27f2823a8202bcfae927d0f17b48799a1878928bffe7,"{""label"":""0"",""statement"":""Sulfur does not have the symbol S.""}",Sulfur does not have the symbol S.,3442b77609eb63a0cb3213809824eff8c9fe823aee8f1899925c1ade02b26c84,0,element_symb,negated,Sulfur,entity_57a73b88b948da70c989c8cfa4aecc92c21b62cc5583537d94e471a77d5352a3,train,outer_train,element_symb:28,,[],entity_57a73b88b948da70c989c8cfa4aecc92c21b62cc5583537d94e471a77d5352a3,admitted,[],[],[],provisional,admitted,[],[],candidate_pending_review_not_production,admitted,,candidate_pending_review_not_production
neg_element_symb:36,neg_element_symb,36,37,data/tiu_datasets/neg_element_symb.csv,8ee4b64b38fe1e43fb0e794d5acf914f9af4f8a9a99f3df187bfd84f429ffa78,8d758736022f37a4a6d8ba8a66c9dae841091eab23c5121dd9b08e8b42e59b91,"{""label"":""0"",""statement"":""Actinium does not have the symbol Ac.""}",Actinium does not have the symbol Ac.,2bca6de846c75e14a206334c129510aa73860da7a2e590d2a3c3ff285ff3852a,0,element_symb,negated,Actinium,entity_3082fcb6b6d2b09427cee8d9ed1940b10588c9a35cc061ba5e4c0fcb5657be27,train,outer_train,element_symb:36,,[],entity_3082fcb6b6d2b09427cee8d9ed1940b10588c9a35cc061ba5e4c0fcb5657be27,admitted,[],[],[],provisional,admitted,[],[],candidate_pending_review_not_production,admitted,,candidate_pending_review_not_production
neg_element_symb:116,neg_element_symb,116,117,data/tiu_datasets/neg_element_symb.csv,8ee4b64b38fe1e43fb0e794d5acf914f9af4f8a9a99f3df187bfd84f429ffa78,b71d6a9195b2d20e5c7761189f3e941435f8ca5d56342f88919a1b8943be9fcc,"{""label"":""0"",""statement"":""Tellurium does not have the symbol Te.""}",Tellurium does not have the symbol Te.,d6aca6f183e495157ec184defd3de4bf5eca3792a10c7453a0fd9cbe31d9ae43,0,element_symb,negated,Tellurium,entity_a32184e92adfa5c610c3b185fd18c824b669e0b9470adb56fc4e84e1a3688aa7,train,outer_train,element_symb:116,,[],entity_a32184e92adfa5c610c3b185fd18c824b669e0b9470adb56fc4e84e1a3688aa7,admitted,[],[],[],provisional,admitted,[],[],candidate_pending_review_not_production,admitted,,candidate_pending_review_not_production
neg_element_symb:108,neg_element_symb,108,109,data/tiu_datasets/neg_element_symb.csv,8ee4b64b38fe1e43fb0e794d5acf914f9af4f8a9a99f3df187bfd84f429ffa78,f8b913954520e9ac8a7ee15a13aaeb4a43ecdfff4a9e1e40080447966ccd02b0,"{""label"":""0"",""statement"":""Argon does not have the symbol Ar.""}",Argon does not have the symbol Ar.,4d818bc9fe3dbd1a4867370365bdabf40ab43beb99b8742d1550922dd2dbcfe3,0,element_symb,negated,Argon,entity_43ba853d727771f177e52c8ac44ebe2cfb3a96acb1e8971fc49d4818f904c5b7,train,outer_train,element_symb:108,,[],entity_43ba853d727771f177e52c8ac44ebe2cfb3a96acb1e8971fc49d4818f904c5b7,admitted,[],[],[],provisional,admitted,[],[],candidate_pending_review_not_production,admitted,,candidate_pending_review_not_production
neg_element_symb:155,neg_element_symb,155,156,data/tiu_datasets/neg_element_symb.csv,8ee4b64b38fe1e43fb0e794d5acf914f9af4f8a9a99f3df187bfd84f429ffa78,d9bb2f2d663af2bc5ac967a8da17b3d03f789078244c22aa7e9a9e2728715ec7,"{""label"":""1"",""statement"":""Osmium does not have the symbol Rn.""}",Osmium does not have the symbol Rn.,1dd2591603a93d16ea180ec41a4e9d4d83711792dfcc94177cbf24e52c6e8995,1,element_symb,negated,Osmium,entity_c69ac3bcb9fb06bef8e41d6a129a7471b73ba0161dd010412413fa1a92c0326a,train,outer_train,element_symb:155,,[],entity_c69ac3bcb9fb06bef8e41d6a129a7471b73ba0161dd010412413fa1a92c0326a,admitted,[],[],[],provisional,admitted,[],[],candidate_pending_review_not_production,admitted,,candidate_pending_review_not_production
neg_element_symb:139,neg_element_symb,139,140,data/tiu_datasets/neg_element_symb.csv,8ee4b64b38fe1e43fb0e794d5acf914f9af4f8a9a99f3df187bfd84f429ffa78,19aceca468550e845e27f00ee86cfb1e1dd35c7a77eb7d9544fe86a2d7e16da2,"{""label"":""0"",""statement"":""Arsenic does not have the symbol As.""}",Arsenic does not have the symbol As.,188b9640ce2d5bd13e884c32c3079880d7393d8e93b40cab8dc41b8c84e4c04d,0,element_symb,negated,Arsenic,entity_15c5dafd5fc088fac6be48be30a1b5252cd067a716dc5f6f06f0ebd28d50e5fc,train,outer_train,element_symb:139,,[],entity_15c5dafd5fc088fac6be48be30a1b5252cd067a716dc5f6f06f0ebd28d50e5fc,admitted,[],[],[],provisional,admitted,[],[],candidate_pending_review_not_production,admitted,,candidate_pending_review_not_production
neg_element_symb:124,neg_element_symb,124,125,data/tiu_datasets/neg_element_symb.csv,8ee4b64b38fe1e43fb0e794d5acf914f9af4f8a9a99f3df187bfd84f429ffa78,86b19dc3efdf9bdd1413b1170b40a2f1165cc943c8aef63058a0364d46bfbdd2,"{""label"":""1"",""statement"":""Neptunium does not have the symbol Na.""}",Neptunium does not have the symbol Na.,3dde490f888c063cbbe8d2adde1568c9d8bf77cbfabf843f6fc6ccbbab40c43d,1,element_symb,negated,Neptunium,entity_46cd66d080d9ceea9086aa1bf8909a28485656b4a278d4d451a3c1a104ef2c23,train,outer_train,element_symb:124,,[],entity_46cd66d080d9ceea9086aa1bf8909a28485656b4a278d4d451a3c1a104ef2c23,admitted,[],[],[],provisional,admitted,[],[],candidate_pending_review_not_production,admitted,,candidate_pending_review_not_production
neg_element_symb:35,neg_element_symb,35,36,data/tiu_datasets/neg_element_symb.csv,8ee4b64b38fe1e43fb0e794d5acf914f9af4f8a9a99f3df187bfd84f429ffa78,35ab12e97f4d1430ea8d411081b59e5d8c8b96dcf5688e4c9843526222e1b95a,"{""label"":""1"",""statement"":""Francium does not have the symbol Tl.""}",Francium does not have the symbol Tl.,b4dba08546d9be01e79fce893a369a0a49521a19e0e2cc28a882b2c5bcb9486a,1,element_symb,negated,Francium,entity_8fa7e153bb3e13d8afc404efc835d6f6047a67593a062f368d2ac901ceed99a2,train,outer_train,element_symb:35,,[],entity_8fa7e153bb3e13d8afc404efc835d6f6047a67593a062f368d2ac901ceed99a2,admitted,[],[],[],provisional,admitted,[],[],candidate_pending_review_not_production,admitted,,candidate_pending_review_not_production
neg_element_symb:5,neg_element_symb,5,6,data/tiu_datasets/neg_element_symb.csv,8ee4b64b38fe1e43fb0e794d5acf914f9af4f8a9a99f3df187bfd84f429ffa78,7f3c1a3368802b20e1c9f03fc936636894c550124c3f4f05e50f27400d1cb7fd,"{""label"":""0"",""statement"":""Krypton does not have the symbol Kr.""}",Krypton does not have the symbol Kr.,c58c441df5c522b71d3d60fcb49291856d61d7150d6bbf063013fa5aed4594a9,0,element_symb,negated,Krypton,entity_8f6d1133c48e69d2e7004493a604a5e44bf45f11ed9916f8e90e9ba9ce5250f4,train,outer_train,element_symb:5,,[],entity_8f6d1133c48e69d2e7004493a604a5e44bf45f11ed9916f8e90e9ba9ce5250f4,admitted,[],[],[],provisional,admitted,[],[],candidate_pending_review_not_production,admitted,,candidate_pending_review_not_production
neg_element_symb:163,neg_element_symb,163,164,data/tiu_datasets/neg_element_symb.csv,8ee4b64b38fe1e43fb0e794d5acf914f9af4f8a9a99f3df187bfd84f429ffa78,88ca92408f84fb1a9d3e166fd374e87ca52f2d6b3c833383d5c448c66d5ca8d9,"{""label"":""0"",""statement"":""Radon does not have the symbol Rn.""}",Radon does not have the symbol Rn.,86656eac007c04cddfd4f038409e67bd56508a3aee446b9114a09bda0d3201da,0,element_symb,negated,Radon,entity_6bf3a30516508151849271a80d2fad01dae99791eed387ff178ee3c2c1c73e77,train,outer_train,element_symb:163,,[],entity_6bf3a30516508151849271a80d2fad01dae99791eed387ff178ee3c2c1c73e77,admitted,[],[],[],provisional,admitted,[],[],candidate_pending_review_not_production,admitted,,candidate_pending_review_not_production
neg_element_symb:183,neg_element_symb,183,184,data/tiu_datasets/neg_element_symb.csv,8ee4b64b38fe1e43fb0e794d5acf914f9af4f8a9a99f3df187bfd84f429ffa78,d2886f7ba10f0608b5c6e574bea397b7a70a659f79ac59df27a448d806bf21b9,"{""label"":""0"",""statement"":""Radium does not have the symbol Ra.""}",Radium does not have the symbol Ra.,022b643be5a3e830742846286aa02dca17758e940def484aedf38792c9d08427,0,element_symb,negated,Radium,entity_8021ed314b6cc5d2e99a9564f4e5bf10b6d49a6fd3bf2b52cd284e91f215a119,train,outer_train,element_symb:183,,[],entity_8021ed314b6cc5d2e99a9564f4e5bf10b6d49a6fd3bf2b52cd284e91f215a119,admitted,[],[],[],provisional,admitted,[],[],candidate_pending_review_not_production,admitted,,candidate_pending_review_not_production
neg_element_symb:4,neg_element_symb,4,5,data/tiu_datasets/neg_element_symb.csv,8ee4b64b38fe1e43fb0e794d5acf914f9af4f8a9a99f3df187bfd84f429ffa78,dcb7ea579b8a686141b36ea066a90667d3b1818ab7dc32ba71b748e6c3bffc91,"{""label"":""1"",""statement"":""Yttrium does not have the symbol U.""}",Yttrium does not have the symbol U.,3b2267a949119d376b585b804a21afa7521a28101f4137d02c18519a9b60a93b,1,element_symb,negated,Yttrium,entity_aa9e6bcded011c95487b80fee77faace4b438411c073e9fda39625a2098bd0c8,train,outer_train,element_symb:4,,[],entity_aa9e6bcded011c95487b80fee77faace4b438411c073e9fda39625a2098bd0c8,admitted,[],[],[],provisional,admitted,[],[],candidate_pending_review_not_production,admitted,,candidate_pending_review_not_production
neg_element_symb:58,neg_element_symb,58,59,data/tiu_datasets/neg_element_symb.csv,8ee4b64b38fe1e43fb0e794d5acf914f9af4f8a9a99f3df187bfd84f429ffa78,9b73a2a47078a6380388b47bd10ce130a5cfe8c73f127c497321371a22e41a87,"{""label"":""1"",""statement"":""Phosphorus does not have the symbol Zn.""}",Phosphorus does not have the symbol Zn.,203ec5461ac3f6e6ac022f8ec99a28412bfc2f3288df3bacc62efc6f55cc0bc9,1,element_symb,negated,Phosphorus,entity_db3272556421a570a34ea4295205de0a43a3f796fbf8e0cd92c20996e3aa56c5,train,outer_train,element_symb:58,,[],entity_db3272556421a570a34ea4295205de0a43a3f796fbf8e0cd92c20996e3aa56c5,admitted,[],[],[],provisional,admitted,[],[],candidate_pending_review_not_production,admitted,,candidate_pending_review_not_production
neg_element_symb:74,neg_element_symb,74,75,data/tiu_datasets/neg_element_symb.csv,8ee4b64b38fe1e43fb0e794d5acf914f9af4f8a9a99f3df187bfd84f429ffa78,0a00b2887380b18f85a0bc7c6f5366f8edde0faa48468eed3354d8cc96b10201,"{""label"":""1"",""statement"":""Iron does not have the symbol Tl.""}",Iron does not have the symbol Tl.,d437377a269ce9b0660cc2f4268e7627212d42f0559816940a36b53d9b3d88a0,1,element_symb,negated,Iron,entity_a2e46b84276a369489ba2b0fb3e1e035d1bf578da78184704cd53248da258a12,train,outer_train,element_symb:74,,[],entity_a2e46b84276a369489ba2b0fb3e1e035d1bf578da78184704cd53248da258a12,admitted,[],[],[],provisional,admitted,[],[],candidate_pending_review_not_production,admitted,,candidate_pending_review_not_production
neg_element_symb:184,neg_element_symb,184,185,data/tiu_datasets/neg_element_symb.csv,8ee4b64b38fe1e43fb0e794d5acf914f9af4f8a9a99f3df187bfd84f429ffa78,c2a0a41401116e5913aef331408969910282de5bac045669faa9a86961594ce1,"{""label"":""0"",""statement"":""Nitrogen does not have the symbol N.""}",Nitrogen does not have the symbol N.,f49855473e444fe57f138421569607856356d763f1490a0e0a7d882b473af06c,0,element_symb,negated,Nitrogen,entity_acd59f0b22c9f431aeff8b185bd234229d35dc8a725e0e4981b003a40311cf45,train,outer_train,element_symb:184,,[],entity_acd59f0b22c9f431aeff8b185bd234229d35dc8a725e0e4981b003a40311cf45,admitted,[],[],[],provisional,admitted,[],[],candidate_pending_review_not_production,admitted,,candidate_pending_review_not_production
neg_element_symb:178,neg_element_symb,178,179,data/tiu_datasets/neg_element_symb.csv,8ee4b64b38fe1e43fb0e794d5acf914f9af4f8a9a99f3df187bfd84f429ffa78,82e3e70823b6978d9b89d8a22e51c1865e551f082349aecbaa22d92c673b081c,"{""label"":""1"",""statement"":""Tantalum does not have the symbol Cs.""}",Tantalum does not have the symbol Cs.,76a743061022c30fb942e6d5f60f6b90f8de88c983079217391b692544346220,1,element_symb,negated,Tantalum,entity_04eacd327bc4e7f4da1153e8659b0e43e1c6d3c223a6470222ea86b30f900ccc,train,outer_train,element_symb:178,,[],entity_04eacd327bc4e7f4da1153e8659b0e43e1c6d3c223a6470222ea86b30f900ccc,admitted,[],[],[],provisional,admitted,[],[],candidate_pending_review_not_production,admitted,,candidate_pending_review_not_production
neg_element_symb:46,neg_element_symb,46,47,data/tiu_datasets/neg_element_symb.csv,8ee4b64b38fe1e43fb0e794d5acf914f9af4f8a9a99f3df187bfd84f429ffa78,685a13740d594f82d6715441e9aa054753bcf8d4a377db8e0f1a27cdc67fdf82,"{""label"":""0"",""statement"":""Potassium does not have the symbol K.""}",Potassium does not have the symbol K.,160ec1167c92f5d09bb82cd2379216a88b31b59c0d9ca88cb20517ed90b94c49,0,element_symb,negated,Potassium,entity_55585ebdd5c06dda9169e9a00d60cab71294d5be1fd41e345cc87d5c429fdfbe,train,outer_train,element_symb:46,,[],entity_55585ebdd5c06dda9169e9a00d60cab71294d5be1fd41e345cc87d5c429fdfbe,admitted,[],[],[],provisional,admitted,[],[],candidate_pending_review_not_production,admitted,,candidate_pending_review_not_production
neg_element_symb:137,neg_element_symb,137,138,data/tiu_datasets/neg_element_symb.csv,8ee4b64b38fe1e43fb0e794d5acf914f9af4f8a9a99f3df187bfd84f429ffa78,68dbcb9b76b24db6ab1427efc55c3eb8feedbb342f5f9a9dfca53bac9d7b9f1c,"{""label"":""1"",""statement"":""Gadolinium does not have the symbol Hg.""}",Gadolinium does not have the symbol Hg.,a1dfe37626645dd10f38976fd93d1909406c733a7a9bb822bbeba81d3b9a3f84,1,element_symb,negated,Gadolinium,entity_9af95c9919a536dfc0d58d6a4cedcd6a4b887d03d35acf29c9f6f8e712bc72fb,train,outer_train,element_symb:137,,[],entity_9af95c9919a536dfc0d58d6a4cedcd6a4b887d03d35acf29c9f6f8e712bc72fb,admitted,[],[],[],provisional,admitted,[],[],candidate_pending_review_not_production,admitted,,candidate_pending_review_not_production
neg_element_symb:122,neg_element_symb,122,123,data/tiu_datasets/neg_element_symb.csv,8ee4b64b38fe1e43fb0e794d5acf914f9af4f8a9a99f3df187bfd84f429ffa78,2294d1919e160a18735cf25bad58e26a84104e5e0271e3df365a5fe596a26e8e,"{""label"":""1"",""statement"":""Samarium does not have the symbol Pr.""}",Samarium does not have the symbol Pr.,6a6c64eef73d9100975df25d54feeaec6dc3e4c289f1fac616086b56877492f9,1,element_symb,negated,Samarium,entity_e2be30e7cc694739f67eae2ef2f659099cdf150f8e89bbb9ddbac1c6d761e004,train,outer_train,element_symb:122,,[],entity_e2be30e7cc694739f67eae2ef2f659099cdf150f8e89bbb9ddbac1c6d761e004,admitted,[],[],[],provisional,admitted,[],[],candidate_pending_review_not_production,admitted,,candidate_pending_review_not_production
neg_element_symb:102,neg_element_symb,102,103,data/tiu_datasets/neg_element_symb.csv,8ee4b64b38fe1e43fb0e794d5acf914f9af4f8a9a99f3df187bfd84f429ffa78,ae77bc792e198181a2066f6c6896147dfc238a98269e8883e1e290bd82fcc609,"{""label"":""1"",""statement"":""Nitrogen does not have the symbol La.""}",Nitrogen does not have the symbol La.,1dbdbb684a65a871fea1c6fe3486a67c098a68c3b6c4a1870324a09e7bbb6777,1,element_symb,negated,Nitrogen,entity_acd59f0b22c9f431aeff8b185bd234229d35dc8a725e0e4981b003a40311cf45,train,outer_train,element_symb:102,,[],entity_acd59f0b22c9f431aeff8b185bd234229d35dc8a725e0e4981b003a40311cf45,admitted,[],[],[],provisional,admitted,[],[],candidate_pending_review_not_production,admitted,,candidate_pending_review_not_production
neg_element_symb:171,neg_element_symb,171,172,data/tiu_datasets/neg_element_symb.csv,8ee4b64b38fe1e43fb0e794d5acf914f9af4f8a9a99f3df187bfd84f429ffa78,6db385cf489f0afec56fb4c349048746390088c33d853954311e11f37df9998b,"{""label"":""1"",""statement"":""Radium does not have the symbol Sm.""}",Radium does not have the symbol Sm.,f0db60f21944f27d8f4cb9d727b5f127de3b0ecef4f4dfa28a9a024c8f13e605,1,element_symb,negated,Radium,entity_8021ed314b6cc5d2e99a9564f4e5bf10b6d49a6fd3bf2b52cd284e91f215a119,train,outer_train,element_symb:171,,[],entity_8021ed314b6cc5d2e99a9564f4e5bf10b6d49a6fd3bf2b52cd284e91f215a119,admitted,[],[],[],provisional,admitted,[],[],candidate_pending_review_not_production,admitted,,candidate_pending_review_not_production
neg_element_symb:136,neg_element_symb,136,137,data/tiu_datasets/neg_element_symb.csv,8ee4b64b38fe1e43fb0e794d5acf914f9af4f8a9a99f3df187bfd84f429ffa78,67c8d99486971f804571967aa6b4974bfa4b4b9a755c65dd3c5904a4a5a7d0dc,"{""label"":""0"",""statement"":""Molybdenum does not have the symbol Mo.""}",Molybdenum does not have the symbol Mo.,8130998c16c612f338d0f96767f34d4c90162afb470e47c5befbbd9554a08b5e,0,element_symb,negated,Molybdenum,entity_952e801b0fa09dd4b0d5fe40f7d962d09cab9e3ea6ca76fdcc44e39f7e3d6754,train,outer_train,element_symb:136,,[],entity_952e801b0fa09dd4b0d5fe40f7d962d09cab9e3ea6ca76fdcc44e39f7e3d6754,admitted,[],[],[],provisional,admitted,[],[],candidate_pending_review_not_production,admitted,,candidate_pending_review_not_production
neg_element_symb:170,neg_element_symb,170,171,data/tiu_datasets/neg_element_symb.csv,8ee4b64b38fe1e43fb0e794d5acf914f9af4f8a9a99f3df187bfd84f429ffa78,c3cd06c6a0002c5f1321642a0fc672b494ae449653dbccf1e64ed3728b30bdc5,"{""label"":""1"",""statement"":""Sulfur does not have the symbol Cs.""}",Sulfur does not have the symbol Cs.,327e7793b5c946e673a97948973e479e2a91e81bae46df2b03b3363d72cbfa79,1,element_symb,negated,Sulfur,entity_57a73b88b948da70c989c8cfa4aecc92c21b62cc5583537d94e471a77d5352a3,train,outer_train,element_symb:170,,[],entity_57a73b88b948da70c989c8cfa4aecc92c21b62cc5583537d94e471a77d5352a3,admitted,[],[],[],provisional,admitted,[],[],candidate_pending_review_not_production,admitted,,candidate_pending_review_not_production
neg_element_symb:128,neg_element_symb,128,129,data/tiu_datasets/neg_element_symb.csv,8ee4b64b38fe1e43fb0e794d5acf914f9af4f8a9a99f3df187bfd84f429ffa78,dff1162809e5be40221b91c9af8ddd901779f4a63f17b26d812c1dda5d4d29de,"{""label"":""0"",""statement"":""Samarium does not have the symbol Sm.""}",Samarium does not have the symbol Sm.,c6941f801028c60f114405c6613ee1432dba64d20bc13c71340304e151b0cb8e,0,element_symb,negated,Samarium,entity_e2be30e7cc694739f67eae2ef2f659099cdf150f8e89bbb9ddbac1c6d761e004,train,outer_train,element_symb:128,,[],entity_e2be30e7cc694739f67eae2ef2f659099cdf150f8e89bbb9ddbac1c6d761e004,admitted,[],[],[],provisional,admitted,[],[],candidate_pending_review_not_production,admitted,,candidate_pending_review_not_production
neg_element_symb:50,neg_element_symb,50,51,data/tiu_datasets/neg_element_symb.csv,8ee4b64b38fe1e43fb0e794d5acf914f9af4f8a9a99f3df187bfd84f429ffa78,0923187ed25aac32b7b88d0b06263f01c2e1ab2c2b1e39a84b2154d4326edc03,"{""label"":""0"",""statement"":""Calcium does not have the symbol Ca.""}",Calcium does not have the symbol Ca.,8faa4cb9005cc71deff918ba796f6cfc90730512a048f7de2e3e1bb13e697d4b,0,element_symb,negated,Calcium,entity_f6d0094b9ef33329d113afedd091a7fd0c81cc10c1c21266d1707b1b54a9c15f,train,outer_train,element_symb:50,,[],entity_f6d0094b9ef33329d113afedd091a7fd0c81cc10c1c21266d1707b1b54a9c15f,admitted,[],[],[],provisional,admitted,[],[],candidate_pending_review_not_production,admitted,,candidate_pending_review_not_production
neg_element_symb:119,neg_element_symb,119,120,data/tiu_datasets/neg_element_symb.csv,8ee4b64b38fe1e43fb0e794d5acf914f9af4f8a9a99f3df187bfd84f429ffa78,fd082b9b3e15041f1396b5304f8fa52d6e9852f02d849eb02e039704a48d46a8,"{""label"":""0"",""statement"":""Fluorine does not have the symbol F.""}",Fluorine does not have the symbol F.,1e6d75681b901226f8dc9930fff3429bd675b8f6f54652f39451e1f9fb6c4b68,0,element_symb,negated,Fluorine,entity_3afc4d8358a3fee3460b1e33db0a27d30650c5e3833617ec7647aee9422e47c2,train,outer_train,element_symb:119,,[],entity_3afc4d8358a3fee3460b1e33db0a27d30650c5e3833617ec7647aee9422e47c2,admitted,[],[],[],provisional,admitted,[],[],candidate_pending_review_not_production,admitted,,candidate_pending_review_not_production
neg_element_symb:118,neg_element_symb,118,119,data/tiu_datasets/neg_element_symb.csv,8ee4b64b38fe1e43fb0e794d5acf914f9af4f8a9a99f3df187bfd84f429ffa78,62f33732dcfd2d937f2c9b95852799b4bae1bafb041ce1539fe0a80ab559aa41,"{""label"":""1"",""statement"":""Neodymium does not have the symbol Ac.""}",Neodymium does not have the symbol Ac.,852eb93fdabf436d9d96ceeef7298587e22f13401b1dd6a2b1ce0e64947ea51b,1,element_symb,negated,Neodymium,entity_83a2c2f70039a417493b6b9a43bc1f4e64c2f4d297115d16a8445c83063dd6f5,train,outer_train,element_symb:118,,[],entity_83a2c2f70039a417493b6b9a43bc1f4e64c2f4d297115d16a8445c83063dd6f5,admitted,[],[],[],provisional,admitted,[],[],candidate_pending_review_not_production,admitted,,candidate_pending_review_not_production
neg_element_symb:161,neg_element_symb,161,162,data/tiu_datasets/neg_element_symb.csv,8ee4b64b38fe1e43fb0e794d5acf914f9af4f8a9a99f3df187bfd84f429ffa78,7c275eceea197fa0e6c132de3fa5f2d8d036caaa82db148824319aece0b3d604,"{""label"":""0"",""statement"":""Gadolinium does not have the symbol Gd.""}",Gadolinium does not have the symbol Gd.,8830573ca91715fd90a07a355e022f50406b111e2ccd86165ad5f09049373edc,0,element_symb,negated,Gadolinium,entity_9af95c9919a536dfc0d58d6a4cedcd6a4b887d03d35acf29c9f6f8e712bc72fb,train,outer_train,element_symb:161,,[],entity_9af95c9919a536dfc0d58d6a4cedcd6a4b887d03d35acf29c9f6f8e712bc72fb,admitted,[],[],[],provisional,admitted,[],[],candidate_pending_review_not_production,admitted,,candidate_pending_review_not_production
neg_element_symb:168,neg_element_symb,168,169,data/tiu_datasets/neg_element_symb.csv,8ee4b64b38fe1e43fb0e794d5acf914f9af4f8a9a99f3df187bfd84f429ffa78,a90290c9e1d699bb6b6782caa5ca9deddb2228870553d166e66a27d30f84b7a7,"{""label"":""0"",""statement"":""Polonium does not have the symbol Po.""}",Polonium does not have the symbol Po.,7ea14b27f5e99d9abf47d9d20ed32c069edda82e7a1e0a7ae10ae95003597301,0,element_symb,negated,Polonium,entity_9a321dd56f45a13c62007d9fc0939e3dd17cafa082bac01d0f463b99657d93b2,train,outer_train,element_symb:168,,[],entity_9a321dd56f45a13c62007d9fc0939e3dd17cafa082bac01d0f463b99657d93b2,admitted,[],[],[],provisional,admitted,[],[],candidate_pending_review_not_production,admitted,,candidate_pending_review_not_production
neg_element_symb:113,neg_element_symb,113,114,data/tiu_datasets/neg_element_symb.csv,8ee4b64b38fe1e43fb0e794d5acf914f9af4f8a9a99f3df187bfd84f429ffa78,8ab6d855dcb2a28072811b76200e895c6add19a6790a5cb256a0dbaae5c85f99,"{""label"":""0"",""statement"":""Nickel does not have the symbol Ni.""}",Nickel does not have the symbol Ni.,cd8c30874bb2751fee206cb86f8cafbc33abf7a6a4f6e39fe26a7b467c402a9c,0,element_symb,negated,Nickel,entity_5c4ead21b002ee83dc58d41098045ecc98606acc9eb188d109959c15f99e8ad4,train,outer_train,element_symb:113,,[],entity_5c4ead21b002ee83dc58d41098045ecc98606acc9eb188d109959c15f99e8ad4,admitted,[],[],[],provisional,admitted,[],[],candidate_pending_review_not_production,admitted,,candidate_pending_review_not_production
neg_element_symb:27,neg_element_symb,27,28,data/tiu_datasets/neg_element_symb.csv,8ee4b64b38fe1e43fb0e794d5acf914f9af4f8a9a99f3df187bfd84f429ffa78,0d8424401f3f4ca629a7b8c3ec073029595d3488b7bf42b39319c8220a9100b9,"{""label"":""0"",""statement"":""Palladium does not have the symbol Pd.""}",Palladium does not have the symbol Pd.,8aca38e076f9ce70c21661f474d7253da3e39b5b68abaa7569c0f2f1feaf9a81,0,element_symb,negated,Palladium,entity_9600b36106c693bdd02de0a55bd3c0db67a2c13456c22dcb5e1c188299ec3e44,train,outer_train,element_symb:27,,[],entity_9600b36106c693bdd02de0a55bd3c0db67a2c13456c22dcb5e1c188299ec3e44,admitted,[],[],[],provisional,admitted,[],[],candidate_pending_review_not_production,admitted,,candidate_pending_review_not_production
neg_element_symb:7,neg_element_symb,7,8,data/tiu_datasets/neg_element_symb.csv,8ee4b64b38fe1e43fb0e794d5acf914f9af4f8a9a99f3df187bfd84f429ffa78,400043a20eecf3847e63cf8c5c67f47048438c64028534e278cdba805e28fb2a,"{""label"":""1"",""statement"":""Strontium does not have the symbol Sn.""}",Strontium does not have the symbol Sn.,70a5f502511b5ba7993e98fcf96120ad546b3f54c1d43aeeb79e75255784355c,1,element_symb,negated,Strontium,entity_710cbcb0b4eb66b8a7a460f36cb23af0f0a420e104e32e926214dc1d87ba89fd,train,outer_train,element_symb:7,,[],entity_710cbcb0b4eb66b8a7a460f36cb23af0f0a420e104e32e926214dc1d87ba89fd,admitted,[],[],[],provisional,admitted,[],[],candidate_pending_review_not_production,admitted,,candidate_pending_review_not_production
neg_element_symb:140,neg_element_symb,140,141,data/tiu_datasets/neg_element_symb.csv,8ee4b64b38fe1e43fb0e794d5acf914f9af4f8a9a99f3df187bfd84f429ffa78,eed6f62656aaa217596463e36d3b097c4c905495b489711eb96e072f5a17c3e7,"{""label"":""0"",""statement"":""Aluminum does not have the symbol Al.""}",Aluminum does not have the symbol Al.,ca68c9f0b7c3edd98ab93d2a5960e18652dc7352a3fec7528842b0743570f845,0,element_symb,negated,Aluminum,entity_06ccef37010e0e13d58abcba83b87f2550056dbd57f222fdef246dbb9883c4ee,train,outer_train,element_symb:140,,[],entity_06ccef37010e0e13d58abcba83b87f2550056dbd57f222fdef246dbb9883c4ee,admitted,[],[],[],provisional,admitted,[],[],candidate_pending_review_not_production,admitted,,candidate_pending_review_not_production
neg_element_symb:44,neg_element_symb,44,45,data/tiu_datasets/neg_element_symb.csv,8ee4b64b38fe1e43fb0e794d5acf914f9af4f8a9a99f3df187bfd84f429ffa78,1386520b46aa9cebdea4b67d366ff0df6c3dff64e37d93179f5da0af4cf17911,"{""label"":""0"",""statement"":""Neptunium does not have the symbol Np.""}",Neptunium does not have the symbol Np.,5cc3d24f55a1723936a3440b0b130c165f0879dd30ff0030863a66bf18d7b3ac,0,element_symb,negated,Neptunium,entity_46cd66d080d9ceea9086aa1bf8909a28485656b4a278d4d451a3c1a104ef2c23,train,outer_train,element_symb:44,,[],entity_46cd66d080d9ceea9086aa1bf8909a28485656b4a278d4d451a3c1a104ef2c23,admitted,[],[],[],provisional,admitted,[],[],candidate_pending_review_not_production,admitted,,candidate_pending_review_not_production
neg_element_symb:106,neg_element_symb,106,107,data/tiu_datasets/neg_element_symb.csv,8ee4b64b38fe1e43fb0e794d5acf914f9af4f8a9a99f3df187bfd84f429ffa78,2d680c476c652e4eda03a9dd99bbe311f7f7a381ea4305962b2c1ae4dda0b9db,"{""label"":""0"",""statement"":""Germanium does not have the symbol Ge.""}",Germanium does not have the symbol Ge.,d71f2997112461f19033d5d45fb3953f2916051d9e5060abeae66cc0142aa456,0,element_symb,negated,Germanium,entity_a64c4a3bcc1cd6c9a4649dd7811d8c3ea2b2729de17a564e105b76d46beec71c,train,outer_train,element_symb:106,,[],entity_a64c4a3bcc1cd6c9a4649dd7811d8c3ea2b2729de17a564e105b76d46beec71c,admitted,[],[],[],provisional,admitted,[],[],candidate_pending_review_not_production,admitted,,candidate_pending_review_not_production
neg_element_symb:6,neg_element_symb,6,7,data/tiu_datasets/neg_element_symb.csv,8ee4b64b38fe1e43fb0e794d5acf914f9af4f8a9a99f3df187bfd84f429ffa78,532806690caec7b778febb37517455cee893c43f64d9960a0257fdb234b0c4d0,"{""label"":""1"",""statement"":""Molybdenum does not have the symbol Np.""}",Molybdenum does not have the symbol Np.,17e08f54267864e3a74e702ce7b6cbb458988ae8eef6491650d8a2609c26694a,1,element_symb,negated,Molybdenum,entity_952e801b0fa09dd4b0d5fe40f7d962d09cab9e3ea6ca76fdcc44e39f7e3d6754,train,outer_train,element_symb:6,,[],entity_952e801b0fa09dd4b0d5fe40f7d962d09cab9e3ea6ca76fdcc44e39f7e3d6754,admitted,[],[],[],provisional,admitted,[],[],candidate_pending_review_not_production,admitted,,candidate_pending_review_not_production
neg_element_symb:181,neg_element_symb,181,182,data/tiu_datasets/neg_element_symb.csv,8ee4b64b38fe1e43fb0e794d5acf914f9af4f8a9a99f3df187bfd84f429ffa78,a84e1f1f2239349f100ed635b08cb23ccff88c5cec3e1aef7e05adf73bccd08c,"{""label"":""0"",""statement"":""Lead does not have the symbol Pb.""}",Lead does not have the symbol Pb.,6372704901ec7dc5caef14ef5f2eeb89513218145698f2523e544e022add1114,0,element_symb,negated,Lead,entity_13f29230c5750c6aeb886e48ddd7ce8a03c8c225198d659281750905db51a1f6,train,outer_train,element_symb:181,,[],entity_13f29230c5750c6aeb886e48ddd7ce8a03c8c225198d659281750905db51a1f6,admitted,[],[],[],provisional,admitted,[],[],candidate_pending_review_not_production,admitted,,candidate_pending_review_not_production
neg_element_symb:150,neg_element_symb,150,151,data/tiu_datasets/neg_element_symb.csv,8ee4b64b38fe1e43fb0e794d5acf914f9af4f8a9a99f3df187bfd84f429ffa78,4cded1950e135d9d419c60dfc10cfda339abf4f787028efd876cb2a0c7d5f58b,"{""label"":""1"",""statement"":""Krypton does not have the symbol Nb.""}",Krypton does not have the symbol Nb.,ebce156e5bbb467aab45cc9851046f4992d1b1691cd333a7f13a837a24110222,1,element_symb,negated,Krypton,entity_8f6d1133c48e69d2e7004493a604a5e44bf45f11ed9916f8e90e9ba9ce5250f4,train,outer_train,element_symb:150,,[],entity_8f6d1133c48e69d2e7004493a604a5e44bf45f11ed9916f8e90e9ba9ce5250f4,admitted,[],[],[],provisional,admitted,[],[],candidate_pending_review_not_production,admitted,,candidate_pending_review_not_production
neg_element_symb:82,neg_element_symb,82,83,data/tiu_datasets/neg_element_symb.csv,8ee4b64b38fe1e43fb0e794d5acf914f9af4f8a9a99f3df187bfd84f429ffa78,b8017f788edf81e1f5bd288c231766fc2c69ccdcaedc4c229ade50042dee6857,"{""label"":""0"",""statement"":""Protactinium does not have the symbol Pa.""}",Protactinium does not have the symbol Pa.,e09893fa6a1024445ca90b3cb351a12e04faa150775a27a69b06ddb464dffd7e,0,element_symb,negated,Protactinium,entity_8bc5cb7fb5745b0efd4a62e6c018ca9f773ec9ea79fe3c138f56cf505932ee78,train,outer_train,element_symb:82,,[],entity_8bc5cb7fb5745b0efd4a62e6c018ca9f773ec9ea79fe3c138f56cf505932ee78,admitted,[],[],[],provisional,admitted,[],[],candidate_pending_review_not_production,admitted,,candidate_pending_review_not_production
neg_element_symb:48,neg_element_symb,48,49,data/tiu_datasets/neg_element_symb.csv,8ee4b64b38fe1e43fb0e794d5acf914f9af4f8a9a99f3df187bfd84f429ffa78,eee39885b19bb201b6b17e481ebce3dc1889dbc2395ab5f81cdfb09c1354503b,"{""label"":""1"",""statement"":""Arsenic does not have the symbol Re.""}",Arsenic does not have the symbol Re.,7578ea325df5c1aea3e13f8229fd0f4a9786e504be7e579b0067901555f828f9,1,element_symb,negated,Arsenic,entity_15c5dafd5fc088fac6be48be30a1b5252cd067a716dc5f6f06f0ebd28d50e5fc,train,outer_train,element_symb:48,,[],entity_15c5dafd5fc088fac6be48be30a1b5252cd067a716dc5f6f06f0ebd28d50e5fc,admitted,[],[],[],provisional,admitted,[],[],candidate_pending_review_not_production,admitted,,candidate_pending_review_not_production
neg_element_symb:55,neg_element_symb,55,56,data/tiu_datasets/neg_element_symb.csv,8ee4b64b38fe1e43fb0e794d5acf914f9af4f8a9a99f3df187bfd84f429ffa78,813fd01d49dff72e4becbe02f3afd33515717bd3908b6f9e9c937e1d18195614,"{""label"":""0"",""statement"":""Phosphorus does not have the symbol P.""}",Phosphorus does not have the symbol P.,942bb8597cda3af11ce6ecceed8f9076abafaf8787ffd921d969a1e45be0d3e3,0,element_symb,negated,Phosphorus,entity_db3272556421a570a34ea4295205de0a43a3f796fbf8e0cd92c20996e3aa56c5,train,outer_train,element_symb:55,,[],entity_db3272556421a570a34ea4295205de0a43a3f796fbf8e0cd92c20996e3aa56c5,admitted,[],[],[],provisional,admitted,[],[],candidate_pending_review_not_production,admitted,,candidate_pending_review_not_production
neg_element_symb:127,neg_element_symb,127,128,data/tiu_datasets/neg_element_symb.csv,8ee4b64b38fe1e43fb0e794d5acf914f9af4f8a9a99f3df187bfd84f429ffa78,7250a61092966a183d767981209d3598a0123cbb7466831c3c2db73674608263,"{""label"":""0"",""statement"":""Thorium does not have the symbol Th.""}",Thorium does not have the symbol Th.,2fa8897908dee08bb2f96c173e72d0a601266dfc38d8f0e3d127817e88298bfc,0,element_symb,negated,Thorium,entity_2f7fa0426f452b28cbd014ee0d1650ab988c563a435daf435cbf016f633d6b9e,train,outer_train,element_symb:127,,[],entity_2f7fa0426f452b28cbd014ee0d1650ab988c563a435daf435cbf016f633d6b9e,admitted,[],[],[],provisional,admitted,[],[],candidate_pending_review_not_production,admitted,,candidate_pending_review_not_production
neg_element_symb:148,neg_element_symb,148,149,data/tiu_datasets/neg_element_symb.csv,8ee4b64b38fe1e43fb0e794d5acf914f9af4f8a9a99f3df187bfd84f429ffa78,934eefdcd0dc856c99a80380b9d9920ef5f571479450f2abcf2afa41bf9ae844,"{""label"":""1"",""statement"":""Helium does not have the symbol Xe.""}",Helium does not have the symbol Xe.,f2d42ccc40d118bb014ba8dc32906963df04743675b20550af29751efb15e31f,1,element_symb,negated,Helium,entity_095fdaec82615f37c241c9fd9330579d4f037d77a203b87d82c71dd4dd7c0d27,train,outer_train,element_symb:148,,[],entity_095fdaec82615f37c241c9fd9330579d4f037d77a203b87d82c71dd4dd7c0d27,admitted,[],[],[],provisional,admitted,[],[],candidate_pending_review_not_production,admitted,,candidate_pending_review_not_production
neg_element_symb:52,neg_element_symb,52,53,data/tiu_datasets/neg_element_symb.csv,8ee4b64b38fe1e43fb0e794d5acf914f9af4f8a9a99f3df187bfd84f429ffa78,2baa3ba4914963a4a04e8a49f62969c783e0db992694835b63c6e75c5ef43cf2,"{""label"":""1"",""statement"":""Dysprosium does not have the symbol U.""}",Dysprosium does not have the symbol U.,d15c32f1ba8c6285bbde5650e2e5dd9e58428bc0d8cc2c9bd90bfbeaec231802,1,element_symb,negated,Dysprosium,entity_c1c6d542ebd05951d593ca97cb7829e246599690228ed139795e3095010d6410,train,outer_train,element_symb:52,,[],entity_c1c6d542ebd05951d593ca97cb7829e246599690228ed139795e3095010d6410,admitted,[],[],[],provisional,admitted,[],[],candidate_pending_review_not_production,admitted,,candidate_pending_review_not_production
neg_element_symb:83,neg_element_symb,83,84,data/tiu_datasets/neg_element_symb.csv,8ee4b64b38fe1e43fb0e794d5acf914f9af4f8a9a99f3df187bfd84f429ffa78,c46903ee2260307bc8cf8913558a80c58a1345ec5e82776393d88e7ba0094d57,"{""label"":""1"",""statement"":""Gallium does not have the symbol Cs.""}",Gallium does not have the symbol Cs.,51df14d905ecfb7f26071f4cd33bc6c62adf5ec9eb2b5e9926e0b3f2613b4ca6,1,element_symb,negated,Gallium,entity_a4d7e05ba3d3317a3ce46747e333f32231ead7a8d69521c4ee478b2a2fd69145,train,outer_train,element_symb:83,,[],entity_a4d7e05ba3d3317a3ce46747e333f32231ead7a8d69521c4ee478b2a2fd69145,admitted,[],[],[],provisional,admitted,[],[],candidate_pending_review_not_production,admitted,,candidate_pending_review_not_production
neg_element_symb:23,neg_element_symb,23,24,data/tiu_datasets/neg_element_symb.csv,8ee4b64b38fe1e43fb0e794d5acf914f9af4f8a9a99f3df187bfd84f429ffa78,42ba7b370957dbc491c3b840f7b787128d288f11682f9dfa13f7a4a9c463e913,"{""label"":""0"",""statement"":""Selenium does not have the symbol Se.""}",Selenium does not have the symbol Se.,9eb026606dcd7879efabf650f3284cc30d8d90139ef08389da50b7803f97afed,0,element_symb,negated,Selenium,entity_25597f7945e412a458e186c0e97e45a03f361b3906bb67aba66269fe7d3f353c,train,outer_train,element_symb:23,,[],entity_25597f7945e412a458e186c0e97e45a03f361b3906bb67aba66269fe7d3f353c,admitted,[],[],[],provisional,admitted,[],[],candidate_pending_review_not_production,admitted,,candidate_pending_review_not_production
