topic,entity_id,person_key,split,fact_ref,statement,statement_sha256,label,judgment,e_current_eligible,completed_pair_eligible
animal_class,entity_13dbeb5620bc7c2e30ca183d8f02462339a4e4795d7b8e6c29940d59e119d408,entity_13dbeb5620bc7c2e30ca183d8f02462339a4e4795d7b8e6c29940d59e119d408,test,animal_class:3,The raccoon is a mammal.,015f3c094cc8e70b4eeddaa220099bfce02a38c1e1648aa19bd5e9be4a8aaed7,1,supported_true,True,True
animal_class,entity_13dbeb5620bc7c2e30ca183d8f02462339a4e4795d7b8e6c29940d59e119d408,entity_13dbeb5620bc7c2e30ca183d8f02462339a4e4795d7b8e6c29940d59e119d408,test,fact_57a5d72bb499462ced8152d78060eb4f512783be1d14c28eff72852327becde4,The raccoon is a bird.,9f21e10a94a30bcccd5b3a493c303e204e661e6e2d495543b448a344ecbf426c,0,supported_false,True,True
animal_class,entity_22cb332d026cbd05486ad774a4e83a4c9285d4c27a637fe16990c962f914ca74,entity_22cb332d026cbd05486ad774a4e83a4c9285d4c27a637fe16990c962f914ca74,test,animal_class:158,The sparrow is a bird.,c5560f34633c45611bc84d5c0876c523119734e180ad5baf9f070c3005a1df0f,1,supported_true,True,True
animal_class,entity_22cb332d026cbd05486ad774a4e83a4c9285d4c27a637fe16990c962f914ca74,entity_22cb332d026cbd05486ad774a4e83a4c9285d4c27a637fe16990c962f914ca74,test,fact_046870756aafdd570be8265cfca5d2f7524cdc5109cad6322a02babdd3e1ffc3,The sparrow is a insect.,d708d615a5bb3b8010b574737fb87419df6420b575ba0eff813545ae6aa1bfc6,0,supported_false,True,True
animal_class,entity_2f41b95a84fffda5247dc8f878ade85a62e98902d2fdc8bf02cb51da3cd89f7b,entity_2f41b95a84fffda5247dc8f878ade85a62e98902d2fdc8bf02cb51da3cd89f7b,test,animal_class:93,The goldfish is a fish.,de02997c99b8598b12215f1d44eeb4fdfe85c4117359842d456707105004cf3d,1,supported_true,True,True
animal_class,entity_2f41b95a84fffda5247dc8f878ade85a62e98902d2fdc8bf02cb51da3cd89f7b,entity_2f41b95a84fffda5247dc8f878ade85a62e98902d2fdc8bf02cb51da3cd89f7b,test,fact_971f207091811a6feca5662f30d93a5cb839e809ef751a7f5573a80678709f45,The goldfish is a insect.,bdfdc153f517fea8ffd167222eb6e4d7bd159128e862e919bb297d7fae922434,0,supported_false,True,True
animal_class,entity_5d80399abfae6906d20a7e5c5c47e01cd21173dd6593026f3ef47c100f0e7e84,entity_5d80399abfae6906d20a7e5c5c47e01cd21173dd6593026f3ef47c100f0e7e84,test,animal_class:19,The lion is a mammal.,4df89ca70a39214c0120bd6de95661da4102aaee6918913f10aacac305a0e77b,1,supported_true,True,True
animal_class,entity_5d80399abfae6906d20a7e5c5c47e01cd21173dd6593026f3ef47c100f0e7e84,entity_5d80399abfae6906d20a7e5c5c47e01cd21173dd6593026f3ef47c100f0e7e84,test,fact_90d93718283d46ea8a4c1e09d5174f39b1216fe94020fae331cc2894a97dc493,The lion is a bird.,f8285086b37df73c29ac08155681c1b2774dbe9ae29fa58f3e82588c830d792a,0,supported_false,True,True
animal_class,entity_72421257e0aa571e560bd817c9d908c0168ccf6d61809b851ec9e14eced5ac46,entity_72421257e0aa571e560bd817c9d908c0168ccf6d61809b851ec9e14eced5ac46,test,animal_class:159,The goat is a mammal.,e0317462ed1ae37b37a9052380f0f9170ade3dc1141d0091b8462b65423e5046,1,supported_true,True,True
animal_class,entity_72421257e0aa571e560bd817c9d908c0168ccf6d61809b851ec9e14eced5ac46,entity_72421257e0aa571e560bd817c9d908c0168ccf6d61809b851ec9e14eced5ac46,test,fact_3aeb2420cdba3b6d17d02e072fb66be2c14a7c81ab66866f34aa8c0f1c04960d,The goat is a insect.,a8c135216a30077e0e6f63bccaf8f23ac2d3a1560b817f9f30f035b6ade13da9,0,supported_false,True,True
animal_class,entity_83829389b3aaabbb5deeadaebde825dc2afaff80585fe3a07a2309c678753cda,entity_83829389b3aaabbb5deeadaebde825dc2afaff80585fe3a07a2309c678753cda,test,animal_class:21,The penguin is a bird.,fd273220ebc9d303c737cd189c54b4a28064d03abbd16cb44b7c86686529c58a,1,supported_true,True,True
animal_class,entity_83829389b3aaabbb5deeadaebde825dc2afaff80585fe3a07a2309c678753cda,entity_83829389b3aaabbb5deeadaebde825dc2afaff80585fe3a07a2309c678753cda,test,fact_d78f50aded66f4d401ee26aca0ede30af8f16abd6ac08f6320a012da05a646fd,The penguin is a insect.,a1ae5eb9cf9b474804e7487542329470ea5bf929bae75a6b606efef2f7d7b68b,0,supported_false,True,True
animal_class,entity_a6006e723f6ee47ef3d70ba87ae3775fdbce6066a1aaad6b78808ad0dda6f5d1,entity_a6006e723f6ee47ef3d70ba87ae3775fdbce6066a1aaad6b78808ad0dda6f5d1,test,animal_class:129,The otter is a mammal.,045cbd055d9f55c5e9d212a35d19526a6413a422fb8d5a180de0b9af13bccd3c,1,supported_true,True,True
animal_class,entity_a6006e723f6ee47ef3d70ba87ae3775fdbce6066a1aaad6b78808ad0dda6f5d1,entity_a6006e723f6ee47ef3d70ba87ae3775fdbce6066a1aaad6b78808ad0dda6f5d1,test,fact_6df9f6099eceaca24c5340b5e6f046ff227550e676afea69af3d8db75e91df09,The otter is a bird.,3230a3e68cbcf71801f66d129f00ccd965a0b1cc552e2494e45bee36c9436d0d,0,supported_false,True,True
animal_class,entity_b1babcfc1be02497546518e515f44be6c3a290282570c2eec738d6c34a702f49,entity_b1babcfc1be02497546518e515f44be6c3a290282570c2eec738d6c34a702f49,test,animal_class:23,The chicken is a bird.,8b676b4bda68504d8d96c2e4704a06e964511c07de45ab1f0e150a7243f3e775,1,supported_true,True,True
animal_class,entity_b1babcfc1be02497546518e515f44be6c3a290282570c2eec738d6c34a702f49,entity_b1babcfc1be02497546518e515f44be6c3a290282570c2eec738d6c34a702f49,test,fact_6e531e8052b766d39ce3676f619bab7dbfea39fa0dad419f6dbc8a05a22045b3,The chicken is a insect.,f3a6b77f78ea9ed3bad657c8dd4594a0e771905123f10fae87e4a936dd149516,0,supported_false,True,True
animal_class,entity_ba9dd4abfe076fd81cca294e27b2301970d98c760a333d20ff20d376451b0b43,entity_ba9dd4abfe076fd81cca294e27b2301970d98c760a333d20ff20d376451b0b43,test,animal_class:141,The tiger is a mammal.,38993a1355649fa08d04ebb6c09a21e7bf3b8826d22ff0fb94c81d865cb3dc07,1,supported_true,True,True
animal_class,entity_ba9dd4abfe076fd81cca294e27b2301970d98c760a333d20ff20d376451b0b43,entity_ba9dd4abfe076fd81cca294e27b2301970d98c760a333d20ff20d376451b0b43,test,fact_ba5b32a641676ad383f40c6071c44c6ecf0f7dd2d797ba98885c171b41165d8f,The tiger is a fish.,b83df5966e773a9998a27af707dc02a04e2cb90228424ee5e7d50bc97fad74ff,0,supported_false,True,True
animal_class,entity_bda459cffbfe04b6738942b9a3003a45cc910dac616119ca02631c375136e818,entity_bda459cffbfe04b6738942b9a3003a45cc910dac616119ca02631c375136e818,test,animal_class:53,The skunk is a mammal.,abcb98a24f89e89b59eee9f5d99f74fb6bd691c775f48dcbb1c5306a227a0675,1,supported_true,True,True
animal_class,entity_bda459cffbfe04b6738942b9a3003a45cc910dac616119ca02631c375136e818,entity_bda459cffbfe04b6738942b9a3003a45cc910dac616119ca02631c375136e818,test,fact_4d07d65457631cc5593a9b63f4aa0f0230accc4dcc5fdeb4d86a97e8d791e76f,The skunk is a bird.,feeae1e4000845ce18a8d9e6821799f6556b80e59e8c2a22f20b582b6a9dcab7,0,supported_false,True,True
animal_class,entity_beb08a31b82a3300a7021476d4ad421412c77c6fc9b89104cae73c41c6c3ab6d,entity_beb08a31b82a3300a7021476d4ad421412c77c6fc9b89104cae73c41c6c3ab6d,test,animal_class:67,The elephant is a mammal.,f1df08f7a34ee8d5208e01e71f91edec147397ffa23a62e0406f4d3c472f6f36,1,supported_true,True,True
animal_class,entity_beb08a31b82a3300a7021476d4ad421412c77c6fc9b89104cae73c41c6c3ab6d,entity_beb08a31b82a3300a7021476d4ad421412c77c6fc9b89104cae73c41c6c3ab6d,test,fact_24e828b9af8f41b49bd8879002886bd7b0ab7a730a60cfb23d4b11c0cd4401cb,The elephant is a bird.,ba36396ad5af90b3c5fdb4175f873e2894a34303bed7ce531ec3bc37588c1ffc,0,supported_false,True,True
animal_class,entity_d48171c3e635c529386752f9f90a9a68371123f0c706474d51e3078832bb5bdd,entity_d48171c3e635c529386752f9f90a9a68371123f0c706474d51e3078832bb5bdd,test,animal_class:88,The bee is a insect.,f0e4200a94d0a95cbf911a43020f4c141ca98a7b9fea04c0908787e8d81dfd80,1,supported_true,True,True
animal_class,entity_d48171c3e635c529386752f9f90a9a68371123f0c706474d51e3078832bb5bdd,entity_d48171c3e635c529386752f9f90a9a68371123f0c706474d51e3078832bb5bdd,test,fact_1a7283a95c109e0174b7f31e6d7d644f725bb9facf1e9555a9514c46db9aea10,The bee is a fish.,c4b0f9b2bf8977a850a3364cb9519d74260a2b85a1974879eca0132a710bd7f6,0,supported_false,True,True
animal_class,entity_e3a2a4b576e6e77841ba50fc358288128a2811a2dab716d3e67af7c5931db96b,entity_e3a2a4b576e6e77841ba50fc358288128a2811a2dab716d3e67af7c5931db96b,test,animal_class:44,The porcupine is a mammal.,24fad76645d35903443bfe28164672a00f190d345689875544e0b059cdfda722,1,supported_true,True,True
animal_class,entity_e3a2a4b576e6e77841ba50fc358288128a2811a2dab716d3e67af7c5931db96b,entity_e3a2a4b576e6e77841ba50fc358288128a2811a2dab716d3e67af7c5931db96b,test,fact_d28182d58e01b59727380e61819f07028a4679f87917e1e94434d0f40d42b1d3,The porcupine is a fish.,081eed7251bd387c47a156ec64d5fc39d625effd23e29b40f247acdf01beadd8,0,supported_false,True,True
animal_class,entity_ec9d1ec0b40ac324795594cc0ffb3174fa93056dca871630bd97b979f7b32b41,entity_ec9d1ec0b40ac324795594cc0ffb3174fa93056dca871630bd97b979f7b32b41,test,animal_class:134,The vulture is a bird.,dc711977c9cec16bdbe73b00d8bfcc0941f35ad54b9df4b81e63baa0f0ddfb31,1,supported_true,True,True
animal_class,entity_ec9d1ec0b40ac324795594cc0ffb3174fa93056dca871630bd97b979f7b32b41,entity_ec9d1ec0b40ac324795594cc0ffb3174fa93056dca871630bd97b979f7b32b41,test,fact_ecdf025adc8a46efebba4e8adfc6b47832f5c5209118d4ad657e6e350bfc1488,The vulture is a fish.,088b91c31ae8eac8f7077d0cb57b43f9cdc7055a72dec7a1cfdd793ca5fee6a3,0,supported_false,True,True
animal_class,entity_f4d4024c7a52ae4d594ecf54e15b1043fff23e44e062e8e12e64fd0ae9c192cd,entity_f4d4024c7a52ae4d594ecf54e15b1043fff23e44e062e8e12e64fd0ae9c192cd,test,animal_class:92,The wolverine is a mammal.,a096df7249853cc483834c3198f323c4be9022804c571be335bdce9e31986adc,1,supported_true,True,True
animal_class,entity_f4d4024c7a52ae4d594ecf54e15b1043fff23e44e062e8e12e64fd0ae9c192cd,entity_f4d4024c7a52ae4d594ecf54e15b1043fff23e44e062e8e12e64fd0ae9c192cd,test,fact_8508f1f5933f6572e83f69d859c4b2231669f1d96e92cf8f2ba0ecd9008a5973,The wolverine is a bird.,226a159a0223e8a0c490c3f9c641c06dde74ae0d02fa5c4cd20a354cdd5f58df,0,supported_false,True,True
animal_class,entity_f91d308a463c268f594aabf26af70c8094bb08c36eb99344c24d9b8712d9a93d,entity_f91d308a463c268f594aabf26af70c8094bb08c36eb99344c24d9b8712d9a93d,test,animal_class:62,The bat is a mammal.,984c4249560296387156c7d6bb8c8b509a77968e4e7e2bb823419a249e4cb3f3,1,supported_true,True,True
animal_class,entity_f91d308a463c268f594aabf26af70c8094bb08c36eb99344c24d9b8712d9a93d,entity_f91d308a463c268f594aabf26af70c8094bb08c36eb99344c24d9b8712d9a93d,test,fact_31a900ae44fea18897045a37f5f94c57d9f4ef86e05da59196874135bc62bd11,The bat is a insect.,dc15ac5676500ffbd450aa32c376a7abde1a9168988f00946988dfedff545f6c,0,supported_false,True,True
cities,entity_00a8ba76adcf09799c2ec245854d4112c147da403f9c45b08d036821dd8a3aca,entity_00a8ba76adcf09799c2ec245854d4112c147da403f9c45b08d036821dd8a3aca,test,cities:266,The city of Santo Domingo Este is in the Dominican Republic.,aebae2f9438a5c770f3a7e513c58b6d62625391f4304074f8d8b2aaeb157da6f,1,supported_true,True,True
cities,entity_00a8ba76adcf09799c2ec245854d4112c147da403f9c45b08d036821dd8a3aca,entity_00a8ba76adcf09799c2ec245854d4112c147da403f9c45b08d036821dd8a3aca,test,fact_8f48a98b97bbc7d6e73e656486e2beaa712d4d6069bfd1606eccb0e96d61a133,The city of Santo Domingo Este is in Indonesia.,9086c331c38295350bd16a4f480d2d15d43e3ad00a4718dab1e55f959e71b639,0,supported_false,True,True
cities,entity_0102dcbf27419ef7f8cc2c206643a5cc8800b3fd834b3f9da208367fa6a119a8,entity_0102dcbf27419ef7f8cc2c206643a5cc8800b3fd834b3f9da208367fa6a119a8,test,cities:940,The city of Hachioji is in Japan.,41b1066d148ed9e71c5bc4a6ea72de32244c761211d786c15cd33fd1ef982c2e,1,supported_true,True,True
cities,entity_0102dcbf27419ef7f8cc2c206643a5cc8800b3fd834b3f9da208367fa6a119a8,entity_0102dcbf27419ef7f8cc2c206643a5cc8800b3fd834b3f9da208367fa6a119a8,test,fact_a5e9aa6dc1bb8df8674551640ed5b2120088547a7acadc3a2dff5c11caa25949,The city of Hachioji is in Ghana.,2e58377140df5485e94a6ff5e85b8b90317a155319734e317220704972483c70,0,supported_false,True,True
cities,entity_014da50add13874c2d22c00629c4655c9f958d8b3b64bb3b786c21e3d5b8e4d7,entity_014da50add13874c2d22c00629c4655c9f958d8b3b64bb3b786c21e3d5b8e4d7,test,cities:148,The city of Naucalpan de Juarez is in Mexico.,d3267689cd0c232278ecd1e360cdd11f6fe919da55f93f0bee3f95a4f77ff4e9,1,supported_true,True,True
cities,entity_014da50add13874c2d22c00629c4655c9f958d8b3b64bb3b786c21e3d5b8e4d7,entity_014da50add13874c2d22c00629c4655c9f958d8b3b64bb3b786c21e3d5b8e4d7,test,fact_d98e688219b536dd198b83f21a5b3d58c553e67f7d86b0efcbbf0712ef909a76,The city of Naucalpan de Juarez is in Russia.,602179a896b68f0f233ef394fd67b0b195d6d20f556d4f69904afde004da51ff,0,supported_false,True,True
cities,entity_0272571426c0b3122c9a50c1373fafe7d51b10508cce64a8efa269161c196261,entity_0272571426c0b3122c9a50c1373fafe7d51b10508cce64a8efa269161c196261,test,cities:412,The city of Kagoshima is in Japan.,7824dd9a0674321c05e2e236a3fb54a6a6665a11a7650f2128740013b8c0d414,1,supported_true,True,True
cities,entity_0272571426c0b3122c9a50c1373fafe7d51b10508cce64a8efa269161c196261,entity_0272571426c0b3122c9a50c1373fafe7d51b10508cce64a8efa269161c196261,test,fact_8320224bf10abfc9c36d68d8febb840a7d9a11d589e04b1e9d86ede9953732d2,The city of Kagoshima is in Yemen.,ad19dec7a401e51f1bd9a7acbce1616efcd774bcc007b541837f8537d1fb24ba,0,supported_false,True,True
cities,entity_05ae3cc36aa8475f8849bb1460abed55a39c7efad0bc98ed60f56aae7ffbd289,entity_05ae3cc36aa8475f8849bb1460abed55a39c7efad0bc98ed60f56aae7ffbd289,test,cities:1084,The city of Bloemfontein is in South Africa.,579ee232eda0f19f925497668ea8d0fe4dff127f979edf070b0db4b71b427508,1,supported_true,True,True
cities,entity_05ae3cc36aa8475f8849bb1460abed55a39c7efad0bc98ed60f56aae7ffbd289,entity_05ae3cc36aa8475f8849bb1460abed55a39c7efad0bc98ed60f56aae7ffbd289,test,fact_dc9bd78f4270fd3be50ce2cac538b65e9b2b2ffde542e6ab1ead5531843d89ba,The city of Bloemfontein is in Latvia.,74c1e19bacdf79a8fe07e7dd16899074519b87318f2f20f5a8346d7b5cc2bc96,0,supported_false,True,True
cities,entity_05fefa97f334b4460098432becb6b4372ccbfef4a52150d056713129035b0d50,entity_05fefa97f334b4460098432becb6b4372ccbfef4a52150d056713129035b0d50,test,cities:874,The city of Shivaji Nagar is in India.,b1f904f0c3ff745f5350440cafbbe244f0fca2c35dab2e681b406e6d5e3aaf4e,1,unresolved,False,False
cities,entity_05fefa97f334b4460098432becb6b4372ccbfef4a52150d056713129035b0d50,entity_05fefa97f334b4460098432becb6b4372ccbfef4a52150d056713129035b0d50,test,fact_236aa26f51a6b8c2e501a44ca809438d3476a03f6ffb8f1512a10442e0e3e5cb,The city of Shivaji Nagar is in Ukraine.,0ce1840d8cd5012486730acfc82b628b27bf456973fb7442b90f3d4781e154a5,0,unresolved,False,False
cities,entity_064e7483f1349aeb7f8f5c457e07499091eed4f9d3ca0d122d6bb8942554c32c,entity_064e7483f1349aeb7f8f5c457e07499091eed4f9d3ca0d122d6bb8942554c32c,test,cities:1448,The city of Ipoh is in Malaysia.,2d43c6e79b3fc12e1617f5f57c9a09da9fc54b4bf67130500a760dd0bd3f9199,1,supported_true,True,True
cities,entity_064e7483f1349aeb7f8f5c457e07499091eed4f9d3ca0d122d6bb8942554c32c,entity_064e7483f1349aeb7f8f5c457e07499091eed4f9d3ca0d122d6bb8942554c32c,test,fact_8ac58df13648b6b110ee8b160a4d40c056d533f32ca63dc952cffa8e49a46c83,The city of Ipoh is in South Korea.,0428fb4730b2a5b40c37da2143add86abfc45c16df7fd077c5139146bc213d8d,0,supported_false,True,True
cities,entity_0891659f318d304c5f14bdc4d1d6bfd09fe1db8853ff7b81e96f63790fce68f7,entity_0891659f318d304c5f14bdc4d1d6bfd09fe1db8853ff7b81e96f63790fce68f7,test,cities:1312,The city of Daqing is in China.,187712e8329c67a01fb6417ccc1dd6ab1a6e68e7ff1d46f3a31ff0007777843a,1,supported_true,True,True
cities,entity_0891659f318d304c5f14bdc4d1d6bfd09fe1db8853ff7b81e96f63790fce68f7,entity_0891659f318d304c5f14bdc4d1d6bfd09fe1db8853ff7b81e96f63790fce68f7,test,fact_22652e878fd1eecb8f3993cb78b1025f23cc07a8dfe48b02adc49d5ccb1ab9db,The city of Daqing is in Japan.,abcbc46a6c0a6ca4e59d6fe965b8d4fdba7b3ccd0859f2ca98912fde72a8cef9,0,supported_false,True,True
cities,entity_0bb07ce123981964f1ef4b1bd399c502c27d6488c02134bebba90f1dad4e0622,entity_0bb07ce123981964f1ef4b1bd399c502c27d6488c02134bebba90f1dad4e0622,test,cities:486,The city of Mississauga is in Canada.,b1eb2aa6ad960c820437d18b57ec6846be9ceffbb02e0ee17a0807f2e2e4feae,1,supported_true,True,True
cities,entity_0bb07ce123981964f1ef4b1bd399c502c27d6488c02134bebba90f1dad4e0622,entity_0bb07ce123981964f1ef4b1bd399c502c27d6488c02134bebba90f1dad4e0622,test,fact_1005ee0b53f27efa63b210a70f39975f2b59d660c900ffe7ad34485943813241,The city of Mississauga is in Mozambique.,dae8614f4d71e0ee116f5385468b7b9e544723f606552263f3561377fe943094,0,supported_false,True,True
cities,entity_0d994af6e50a32879f6d9b8ef43be92a4a6be52001453e15ef8774240eac9aff,entity_0d994af6e50a32879f6d9b8ef43be92a4a6be52001453e15ef8774240eac9aff,test,cities:1006,The city of Ho Chi Minh City is in Vietnam.,8210eed0753f7387fe3c8b7d699203933e3442b76705cf601f8d202798d55429,1,supported_true,True,True
cities,entity_0d994af6e50a32879f6d9b8ef43be92a4a6be52001453e15ef8774240eac9aff,entity_0d994af6e50a32879f6d9b8ef43be92a4a6be52001453e15ef8774240eac9aff,test,fact_8f175d78ba4d7f24eb0f32770c040f1d0da07b1a70a40a4f7b478f751e60a241,The city of Ho Chi Minh City is in South Korea.,920833b10b236c76d9acce3d40a6a4adbed6253f5e4c1c5479379eeb6f606295,0,supported_false,True,True
cities,entity_0ecc790cdb99c179ddfef69dc9cb7104d15415f58e02625d8012dd59ca11d3f8,entity_0ecc790cdb99c179ddfef69dc9cb7104d15415f58e02625d8012dd59ca11d3f8,test,cities:268,The city of Al Fayyum is in Egypt.,30c9e7b1eb8f8b119326a8e1710fbc89aac75ebe63d1b164a402ee2d3d35ec74,1,supported_true,True,True
cities,entity_0ecc790cdb99c179ddfef69dc9cb7104d15415f58e02625d8012dd59ca11d3f8,entity_0ecc790cdb99c179ddfef69dc9cb7104d15415f58e02625d8012dd59ca11d3f8,test,fact_4ecf8a15045c3b5d26ed9ab5d4dde99aee30d580f086b004662255ec62b63664,The city of Al Fayyum is in Bosnia and Herzegovina.,4ecd24439883abceb25c4c8ac1ea74939934f4b7a08af1a3e072c34391f1e77e,0,supported_false,True,True
cities,entity_1028e8fbf015538ac7937a8b3617e1cbcf04513c5611636c568de2d60ccd0bae,entity_1028e8fbf015538ac7937a8b3617e1cbcf04513c5611636c568de2d60ccd0bae,test,cities:146,The city of Beira is in Mozambique.,3c198354edbd228ed858adde31230c32e4a50dad4379161931aad14ebf29c2ae,1,supported_true,True,True
cities,entity_1028e8fbf015538ac7937a8b3617e1cbcf04513c5611636c568de2d60ccd0bae,entity_1028e8fbf015538ac7937a8b3617e1cbcf04513c5611636c568de2d60ccd0bae,test,fact_990b488d369bd63577381a3eec46c6a6e109d38e333e1de2d8afe72a476b4f4e,The city of Beira is in Eritrea.,aea32a91ff93f9f13522b961c5f48a0ff0363ba5f7b0197ceb7dec812720b934,0,supported_false,True,True
cities,entity_10df09431612737fbb0a0fb6518f1097d6fee8d1feb13e2ad863cfa6b9432b04,entity_10df09431612737fbb0a0fb6518f1097d6fee8d1feb13e2ad863cfa6b9432b04,test,cities:330,The city of Rahim Yar Khan is in Pakistan.,8f717d6d7ba5a67dab9b43e81a7101f30784edbaaf85d3bc980a59930a92bd2a,1,supported_true,True,True
cities,entity_10df09431612737fbb0a0fb6518f1097d6fee8d1feb13e2ad863cfa6b9432b04,entity_10df09431612737fbb0a0fb6518f1097d6fee8d1feb13e2ad863cfa6b9432b04,test,fact_83133628c46727694798803e46d3db6254c9ed36214e238242c20fb13c6b8f76,The city of Rahim Yar Khan is in Gabon.,bc4f122f793dd8aa5d390e5b8393c981ad43950e7c7a73312e4603b7f77f32d0,0,supported_false,True,True
cities,entity_12d70ce3b3b984d3354fab430e8b79dd2951fbd58144341783d549ef11a79c1c,entity_12d70ce3b3b984d3354fab430e8b79dd2951fbd58144341783d549ef11a79c1c,test,cities:1072,The city of Madurai is in India.,dcfea901a9a7e4ce80c99b2ed3971166018edcc84edee4254a0ec2836294024f,1,supported_true,True,True
cities,entity_12d70ce3b3b984d3354fab430e8b79dd2951fbd58144341783d549ef11a79c1c,entity_12d70ce3b3b984d3354fab430e8b79dd2951fbd58144341783d549ef11a79c1c,test,fact_36df764ed8e8a9ed7f1b22d05fb1f3542c161ebb41b14d030f6532d96bde51fb,The city of Madurai is in Malawi.,72a75082fde764132d15b4544e21954d026aee2bffafcbd77067dd1a8109cc5b,0,supported_false,True,True
cities,entity_175f2ce8474b4d17b8750706dd515e17e570a3f6448797e2e1b20151b61937c1,entity_175f2ce8474b4d17b8750706dd515e17e570a3f6448797e2e1b20151b61937c1,test,cities:872,The city of Bengaluru is in India.,696948acfb8d750bce06397f7acfef8fe3df6d88c181369dbc9ab9d2887d6ced,1,supported_true,True,True
cities,entity_175f2ce8474b4d17b8750706dd515e17e570a3f6448797e2e1b20151b61937c1,entity_175f2ce8474b4d17b8750706dd515e17e570a3f6448797e2e1b20151b61937c1,test,fact_34923ab6f77e18f78d32913ca53ddbda08017b5231ba63126c11e1f504aa3d13,The city of Bengaluru is in Eritrea.,5abaae06d254e802a2171c51d377aa2bd8d3781b371bd6ad0d6f01ab9adaecdc,0,supported_false,True,True
cities,entity_17ac821794667b295531889576a04535dc4b5699c298abf5f9e7f13e9a61a5f1,entity_17ac821794667b295531889576a04535dc4b5699c298abf5f9e7f13e9a61a5f1,test,cities:1092,The city of Ribeirao Preto is in Brazil.,6e4684e52da2c4edd43c835892f4deaf2ef4d9134cea3fd03885581a1a4fef11,1,supported_true,True,True
cities,entity_17ac821794667b295531889576a04535dc4b5699c298abf5f9e7f13e9a61a5f1,entity_17ac821794667b295531889576a04535dc4b5699c298abf5f9e7f13e9a61a5f1,test,fact_6b845f960c3968abd76a63b939b86a394f559c488374596b5dd750330ecd7cbd,The city of Ribeirao Preto is in Saudi Arabia.,af5dfcd4027aef2a155700d6951bc1a05692e853c4c8e996d6e87b1c6715e6a7,0,supported_false,True,True
cities,entity_17bd9a602b66aeea5bef7a09eede94ada573f8a5eae40dced92690872a56640c,entity_17bd9a602b66aeea5bef7a09eede94ada573f8a5eae40dced92690872a56640c,test,cities:1224,The city of Shangyu is in China.,fc025d6d7e5fa9be50dc9d9e46930fc9c803fcb2bcfd2cf29c413cdf28aa1e4c,1,supported_true,True,True
cities,entity_17bd9a602b66aeea5bef7a09eede94ada573f8a5eae40dced92690872a56640c,entity_17bd9a602b66aeea5bef7a09eede94ada573f8a5eae40dced92690872a56640c,test,fact_b4da0b9a2c407cffa7778b3abd5115b333d7fe7ec8fd1f355043ed58cbd38902,The city of Shangyu is in Kazakhstan.,d03f9e91e13b1311682fa636b5a2d0f47561de0e8d81c75b1b7e958f2f9d3d62,0,supported_false,True,True
cities,entity_18a9505992d4f50abd995e4f2ac941e0f94a5e956b63883bc63f0a3630dc4597,entity_18a9505992d4f50abd995e4f2ac941e0f94a5e956b63883bc63f0a3630dc4597,test,cities:772,The city of Changshu is in China.,1c5010eb62eacd942c10abf1a8efa3e9040f986ed45ce0893bec2d8f13d4c742,1,supported_true,True,True
cities,entity_18a9505992d4f50abd995e4f2ac941e0f94a5e956b63883bc63f0a3630dc4597,entity_18a9505992d4f50abd995e4f2ac941e0f94a5e956b63883bc63f0a3630dc4597,test,fact_3e0cafc37479280de20e6a6edf67f696c50c370e6d3d7c32c361a21f9735b656,The city of Changshu is in Bangladesh.,70451b8c8a779434d45877ce7b7c13a52148b05631b12ccb0227717096538b79,0,supported_false,True,True
cities,entity_1916a24abfc41d2b25c2dd978e99ec01698073a5b0bba1564131cbeab1f7f522,entity_1916a24abfc41d2b25c2dd978e99ec01698073a5b0bba1564131cbeab1f7f522,test,cities:442,The city of Tolyatti is in Russia.,c5a9d701ee2105cc85fac11eaea3e290f6a8aebe2019eb2c4ef9aade42eb763d,1,supported_true,True,True
cities,entity_1916a24abfc41d2b25c2dd978e99ec01698073a5b0bba1564131cbeab1f7f522,entity_1916a24abfc41d2b25c2dd978e99ec01698073a5b0bba1564131cbeab1f7f522,test,fact_5df2f45d7e6506bb76b21f44a37b00e67e51bc9cb43115cabc4980e713700c82,The city of Tolyatti is in Iran.,f9f46945e94b1d89dd959690ae6f9252c7e03d37a18fc194853790fa4c63e02c,0,supported_false,True,True
cities,entity_1950a397b780c04c6103f7416040402d84d6ac2139f282177bc1f034f5d99612,entity_1950a397b780c04c6103f7416040402d84d6ac2139f282177bc1f034f5d99612,test,cities:882,The city of Battagram is in Pakistan.,4df381df697fb8aa95a62087fd975c2d69af1c610ecf416b30cc68f400f6d3da,1,supported_true,True,True
cities,entity_1950a397b780c04c6103f7416040402d84d6ac2139f282177bc1f034f5d99612,entity_1950a397b780c04c6103f7416040402d84d6ac2139f282177bc1f034f5d99612,test,fact_18e6b5ad762141b6fd4a6a81ba953627f313712737d103de11e77a52fffdf9b1,The city of Battagram is in Tanzania.,adec22ee5c683d22c9c370a40d0eb51570c037851f247de6ec7b8da10e244bc5,0,supported_false,True,True
cities,entity_195ff6352973a8be1e2fb4906efb48ff088d064b2e2b6143741e74726dfd79a1,entity_195ff6352973a8be1e2fb4906efb48ff088d064b2e2b6143741e74726dfd79a1,test,cities:1466,The city of Copenhagen is in Denmark.,30b0108fa06e4c63b301eb150827b16d085320f294de7140c7bbb4683196fbc4,1,supported_true,True,True
cities,entity_195ff6352973a8be1e2fb4906efb48ff088d064b2e2b6143741e74726dfd79a1,entity_195ff6352973a8be1e2fb4906efb48ff088d064b2e2b6143741e74726dfd79a1,test,fact_7ab2e2492757530d74ee370406e451f0a1a7d702c23b7544f9cca97b032d4d12,The city of Copenhagen is in Turkey.,bbf21e65a5491891dad2356c7264f83e27e13fcc1cd64e7513c226e002ce0177,0,supported_false,True,True
cities,entity_1aeeebb7b2e64fdcd666004a4701a715c9db78840316a3ddd48c16305166c2f6,entity_1aeeebb7b2e64fdcd666004a4701a715c9db78840316a3ddd48c16305166c2f6,test,cities:506,The city of Chattogram is in Bangladesh.,8260594c86143eea9941a7ce3f0e08ca2ab8181106890d4786319119d8d3864c,1,supported_true,True,True
cities,entity_1aeeebb7b2e64fdcd666004a4701a715c9db78840316a3ddd48c16305166c2f6,entity_1aeeebb7b2e64fdcd666004a4701a715c9db78840316a3ddd48c16305166c2f6,test,fact_2f2cda8d8672fae5310a1eeebed0f72d0932d47cba989f006d65b2c48be61cc3,The city of Chattogram is in Turkey.,6dfefc0320da90641ca379a0affc7f738c1e93fd75ae402d26217d45438baa0b,0,supported_false,True,True
cities,entity_1bc7a607a0896fcdb25ff05ef0785d4e00022a5053ee2f74f15a4b7e3f74b5df,entity_1bc7a607a0896fcdb25ff05ef0785d4e00022a5053ee2f74f15a4b7e3f74b5df,test,cities:984,The city of Chizhou is in China.,29ecb988c3519a75b189b9ba5d1d6464f3fe0ea9633137deb8fbc746daccd420,1,supported_true,True,True
cities,entity_1bc7a607a0896fcdb25ff05ef0785d4e00022a5053ee2f74f15a4b7e3f74b5df,entity_1bc7a607a0896fcdb25ff05ef0785d4e00022a5053ee2f74f15a4b7e3f74b5df,test,fact_70a134a9fbcacbf078f59a51e7e1802956734adc90256df2a9d0cb1ca9044321,The city of Chizhou is in South Africa.,06b28889f00f56363fa618bfa70da75b77cffc5087d8032b219220c31669effa,0,supported_false,True,True
cities,entity_1cb7db179fd4d66bfb8caedf10c12c41e7fd30500e6ef5047c95e025dd3d25a8,entity_1cb7db179fd4d66bfb8caedf10c12c41e7fd30500e6ef5047c95e025dd3d25a8,test,cities:1324,The city of Hiroshima is in Japan.,9c92b21f9a345c296ee746433b75ea00e0ea26c426cce1ce7fba76ecead18cba,1,supported_true,True,True
cities,entity_1cb7db179fd4d66bfb8caedf10c12c41e7fd30500e6ef5047c95e025dd3d25a8,entity_1cb7db179fd4d66bfb8caedf10c12c41e7fd30500e6ef5047c95e025dd3d25a8,test,fact_dc6991fa6ab1298b6fd1ff3e8c5c5d4c4d181796146c411b0ddc035b4579b096,The city of Hiroshima is in Bangladesh.,4f152660152a83c0e5cc082738cc3c72d7dcd51a0201199dbb882f7354799da0,0,supported_false,True,True
cities,entity_1db19a8e4aab19230bc8ed59288c23cfd93a088e2faf860077344dfd9336a76f,entity_1db19a8e4aab19230bc8ed59288c23cfd93a088e2faf860077344dfd9336a76f,test,cities:384,The city of Pasig City is in the Philippines.,40d023aa917cfced91f1b8080c5f7028d2a63e53ce567f1e33c66066f2a187e0,1,supported_true,True,True
cities,entity_1db19a8e4aab19230bc8ed59288c23cfd93a088e2faf860077344dfd9336a76f,entity_1db19a8e4aab19230bc8ed59288c23cfd93a088e2faf860077344dfd9336a76f,test,fact_759a6a1d3f85a265520ab65536b5a494d260b7b03753e8ddec60242d2ed307e1,The city of Pasig City is in Germany.,0fd9370fc18afb12d952e19bfa11adf2c9ff24180dc79310cdfa2653ce0585e7,0,supported_false,True,True
cities,entity_207341c8e436e522630992c55fad93db3c62f78e9401a38ea6d430e6d69fe5b4,entity_207341c8e436e522630992c55fad93db3c62f78e9401a38ea6d430e6d69fe5b4,test,cities:1432,The city of Karachi is in Pakistan.,d8f98752fc09ebbd05ffc4150d9289c17fef7fa380cbab9a35e1792f7b393604,1,supported_true,True,True
cities,entity_207341c8e436e522630992c55fad93db3c62f78e9401a38ea6d430e6d69fe5b4,entity_207341c8e436e522630992c55fad93db3c62f78e9401a38ea6d430e6d69fe5b4,test,fact_f4eb42f8359d895bc4e09f809143b27c23c76cfc6885e109394b5fa03911b317,The city of Karachi is in Iraq.,7e8c788f18131aa0dcf2ebca921dcff8faa5b838155acb6cba768cb52bc97d61,0,supported_false,True,True
cities,entity_22ae29c396d00735f2a00c7a0253e26e1b715474ea418d2ec9c6d5dd3a578c8b,entity_22ae29c396d00735f2a00c7a0253e26e1b715474ea418d2ec9c6d5dd3a578c8b,test,cities:108,The city of Macapa is in Brazil.,ac91e4e7d5c6ddad344cc5f753ae489777eeac6dcb2aa7430a9a8a77968fe374,1,supported_true,True,True
cities,entity_22ae29c396d00735f2a00c7a0253e26e1b715474ea418d2ec9c6d5dd3a578c8b,entity_22ae29c396d00735f2a00c7a0253e26e1b715474ea418d2ec9c6d5dd3a578c8b,test,fact_982c51008a6c62de39bc974d9dd5d2856cfc18a64192651f23bef3992512e1e5,The city of Macapa is in China.,52c55f43ce7f5b6b62dc24fbf97124af20ff70133d5609452cd4f92108fc9d74,0,supported_false,True,True
cities,entity_22e46b68b178813d9fa60be9ed473f49cd1027e184ae77d4ba270edcc5cafaa8,entity_22e46b68b178813d9fa60be9ed473f49cd1027e184ae77d4ba270edcc5cafaa8,test,cities:610,The city of Zagreb is in Croatia.,65e328f20943fe33ccb683c1e7f778067eca31fcc2906a3f79cba786fae2a4e9,1,supported_true,True,True
cities,entity_22e46b68b178813d9fa60be9ed473f49cd1027e184ae77d4ba270edcc5cafaa8,entity_22e46b68b178813d9fa60be9ed473f49cd1027e184ae77d4ba270edcc5cafaa8,test,fact_f397eb7b4edd8f6153f6b9175f700891a828d3b48dcef59be6c2e95c94b3640a,The city of Zagreb is in Turkey.,9c6713ab92ccf40ddc41f1bb5b07b4ff739c13bc4da17414f240dfb3125319c7,0,supported_false,True,True
cities,entity_25c5cd1c0e07fece92b71386f1a82acb87629a5fbd1086ca012883a7e3057483,entity_25c5cd1c0e07fece92b71386f1a82acb87629a5fbd1086ca012883a7e3057483,test,cities:1208,The city of Pietermaritzburg is in South Africa.,22b451b55f1cf73d9557130bcc61678aaf8a677121e0f253cb1cbab49e5bfeaf,1,supported_true,True,True
cities,entity_25c5cd1c0e07fece92b71386f1a82acb87629a5fbd1086ca012883a7e3057483,entity_25c5cd1c0e07fece92b71386f1a82acb87629a5fbd1086ca012883a7e3057483,test,fact_367a461190a99a565a136c5ff0da5f5721731f441a5c0181d9d64c9c2cf64f97,The city of Pietermaritzburg is in Mauritania.,732ec0445ebb0af72a5084ceb3aba615fa4438d091b9354387226f04f9b2700c,0,supported_false,True,True
cities,entity_27bbe6ef48bc99a24cf506d4e2ece7cec400d849482ffc2366428d82cc5296b1,entity_27bbe6ef48bc99a24cf506d4e2ece7cec400d849482ffc2366428d82cc5296b1,test,cities:70,The city of Zhabei is in China.,05b5ad3be6765b1e96063aa7a2b4c9ea0be444cabf1f288213f02a79c83f7cf4,1,supported_true,True,True
cities,entity_27bbe6ef48bc99a24cf506d4e2ece7cec400d849482ffc2366428d82cc5296b1,entity_27bbe6ef48bc99a24cf506d4e2ece7cec400d849482ffc2366428d82cc5296b1,test,fact_863a9999a9da6433b7697129cc47befa336fc39c5533762f618e4545c1a7d9c2,The city of Zhabei is in the Dominican Republic.,c21c78062cbabd735473ae4aab636c501254749039ff1a7a0ac0679919b59e02,0,supported_false,True,True
cities,entity_2853de349bcca46b38f6fe237b76ee55c3627ec854a659ae37c00c72f7fd318d,entity_2853de349bcca46b38f6fe237b76ee55c3627ec854a659ae37c00c72f7fd318d,test,cities:672,The city of Khulna is in Bangladesh.,075afdef179205030fae7f3daeb6cb7da885c88655f6f31479a76b7b07b63aa5,1,supported_true,True,True
cities,entity_2853de349bcca46b38f6fe237b76ee55c3627ec854a659ae37c00c72f7fd318d,entity_2853de349bcca46b38f6fe237b76ee55c3627ec854a659ae37c00c72f7fd318d,test,fact_51caeb954f3554c487b7abd245e3612f821c265f0954bbe6dae8d98cdb860624,The city of Khulna is in the United States.,99e94e543e41a2c3508f8dfc1e04a5075d3849a9e70df88ec534a046f6750f43,0,supported_false,True,True
cities,entity_286ff57dd7e1e296637f24aec0e4fbf554796cfa4ff1ed1f9723098131b040c8,entity_286ff57dd7e1e296637f24aec0e4fbf554796cfa4ff1ed1f9723098131b040c8,test,cities:1216,The city of Xiaogan is in China.,6e68fc2094ebe904224838c2a8b097d1c4b6e7f270225076b7e1c4bd76d6b2a8,1,supported_true,True,True
cities,entity_286ff57dd7e1e296637f24aec0e4fbf554796cfa4ff1ed1f9723098131b040c8,entity_286ff57dd7e1e296637f24aec0e4fbf554796cfa4ff1ed1f9723098131b040c8,test,fact_2be36e18ccf9dca433f5be6c1d170cc26b27e833fbd053dcd467b41482aef68c,The city of Xiaogan is in Gabon.,d390e170bcb3a31d12139a50b989d283700d5afed3ac72cf7f5b77c0a67bb384,0,supported_false,True,True
cities,entity_28c04097dfb46f5e8d72bda8cf534561ae589d557a97009fbe9251e5662491c0,entity_28c04097dfb46f5e8d72bda8cf534561ae589d557a97009fbe9251e5662491c0,test,cities:262,The city of Bhayandar is in India.,a74696df3d3cd120756a31a01311d70bc392f030c11c35f77d7e30adb6f9a577,1,supported_true,True,True
cities,entity_28c04097dfb46f5e8d72bda8cf534561ae589d557a97009fbe9251e5662491c0,entity_28c04097dfb46f5e8d72bda8cf534561ae589d557a97009fbe9251e5662491c0,test,fact_c4078613d1aa552d6d8001429fa74afb9bcd90fd6da976914fe117bfb31d0c44,The city of Bhayandar is in the Republic of the Congo.,45aaeaaa40fb97913b2f0d1687f51349db5a1321af1ed4ff0527d386b6c3ca08,0,supported_false,True,True
cities,entity_2940f88edcf4be851ea3e5310ba015a8b581845d7615eed381a56f61b17ff3b3,entity_2940f88edcf4be851ea3e5310ba015a8b581845d7615eed381a56f61b17ff3b3,test,cities:304,The city of Orumiyeh is in Iran.,825d7d01dc8120073587d5a43e502873f9352d5cf10d8e403c61d0bdf3771d79,1,supported_true,True,True
cities,entity_2940f88edcf4be851ea3e5310ba015a8b581845d7615eed381a56f61b17ff3b3,entity_2940f88edcf4be851ea3e5310ba015a8b581845d7615eed381a56f61b17ff3b3,test,fact_d90ca270f1bf6faf01ad846ceef5126d8eba84f9ea4eb9586c26ac16ec09e6fd,The city of Orumiyeh is in Kazakhstan.,28bf62ed0fa135e1d3fd46519499a1a1745d8729334c254bf18f19be91f9bb0e,0,supported_false,True,True
cities,entity_2b1371ebb8b529472687e8616b90b4a29afa52f1cc1d0514eb746718cdd8c36f,entity_2b1371ebb8b529472687e8616b90b4a29afa52f1cc1d0514eb746718cdd8c36f,test,cities:408,The city of Warri is in Nigeria.,c26af31f64a2ed2a68055db758ac47e4d7e235463dc7f97d8a67adf8927f3868,1,supported_true,True,True
cities,entity_2b1371ebb8b529472687e8616b90b4a29afa52f1cc1d0514eb746718cdd8c36f,entity_2b1371ebb8b529472687e8616b90b4a29afa52f1cc1d0514eb746718cdd8c36f,test,fact_bb238a82b5f7f25e9da32921f96bf50470662cb2ad446d190c8e200d3352d8c3,The city of Warri is in Kazakhstan.,09ca5e446f2b25c62a5b4700708f029c3a225d0152aa165cff024002792234ba,0,supported_false,True,True
cities,entity_2b3ed331b56ff38842edba2d0a1addd2e54a84dd1a7c24da05d036ccf1e8791f,entity_2b3ed331b56ff38842edba2d0a1addd2e54a84dd1a7c24da05d036ccf1e8791f,test,cities:1142,The city of Visakhapatnam is in India.,23dd92348c362347a8a73022b7f5d0bec4b824c900f638c76db51b143190e8df,1,supported_true,True,True
cities,entity_2b3ed331b56ff38842edba2d0a1addd2e54a84dd1a7c24da05d036ccf1e8791f,entity_2b3ed331b56ff38842edba2d0a1addd2e54a84dd1a7c24da05d036ccf1e8791f,test,fact_56ecfd19e76d032fd49496a738974c45c051316a4fca6a08942338c3b96e9073,The city of Visakhapatnam is in Mozambique.,546456df4de7cf4e00452f77b842c43e058feb02bc9fabc569c54f499e5ab5ad,0,supported_false,True,True
cities,entity_2bc441fe33cf90653e35334d73ef77508ef248b48928413c796dc1acfeef2286,entity_2bc441fe33cf90653e35334d73ef77508ef248b48928413c796dc1acfeef2286,test,cities:570,The city of Zunyi is in China.,129a0ba7cef85bbc43538b0c919efdcf6848c751bb775ac23756c05700aebfe3,1,supported_true,True,True
cities,entity_2bc441fe33cf90653e35334d73ef77508ef248b48928413c796dc1acfeef2286,entity_2bc441fe33cf90653e35334d73ef77508ef248b48928413c796dc1acfeef2286,test,fact_a12854eb7bda533f4e63a1badcaf61e49cd0909448096d8cbe9cfd1421b121aa,The city of Zunyi is in Latvia.,3f316324b853ab47fb9acae21ef3a3fb7eab4d3a5968223d65f4073f5f4b28bd,0,supported_false,True,True
cities,entity_2f64c8c51eee3d2eccbbe4bc44aeff1d4e9a1ef658d80585ceb42234a7f4f9e8,entity_2f64c8c51eee3d2eccbbe4bc44aeff1d4e9a1ef658d80585ceb42234a7f4f9e8,test,cities:428,The city of Omsk is in Russia.,262b8523bd9cf59aad067c8538e961a27b8617d29f15d46808973c4abda7e995,1,supported_true,True,True
cities,entity_2f64c8c51eee3d2eccbbe4bc44aeff1d4e9a1ef658d80585ceb42234a7f4f9e8,entity_2f64c8c51eee3d2eccbbe4bc44aeff1d4e9a1ef658d80585ceb42234a7f4f9e8,test,fact_2fa88b0c331eff46141545a42f1d1211ecf4f63352ef68799b0b5647b5cb2d1e,The city of Omsk is in Bangladesh.,49bdd059b224db4f93557c89bcdae3731ea6fcd5b14b2d03d7d6ed87528a8063,0,supported_false,True,True
cities,entity_354dee94e4f11f829585b190946c3ff7df3dc89ba31c606f9b1389b9c512cbeb,entity_354dee94e4f11f829585b190946c3ff7df3dc89ba31c606f9b1389b9c512cbeb,test,cities:1146,The city of Dhanbad is in India.,9e32051ed9b105dd7654093676030d1d42a374dc2150be05ac1d4be750074178,1,supported_true,True,True
cities,entity_354dee94e4f11f829585b190946c3ff7df3dc89ba31c606f9b1389b9c512cbeb,entity_354dee94e4f11f829585b190946c3ff7df3dc89ba31c606f9b1389b9c512cbeb,test,fact_6d10cbf45a1edca8416a5e990a976d868b4427e86e0c38a1241a31a74844b7b6,The city of Dhanbad is in Gabon.,376f1021e64094ab4e9db24582d541aa74dab118015e4f736720dd01879269bb,0,supported_false,True,True
cities,entity_359a189eee4a5d6f36c098152a39237be3f2e17f2f230fe589da2b64ba8206e6,entity_359a189eee4a5d6f36c098152a39237be3f2e17f2f230fe589da2b64ba8206e6,test,cities:790,The city of Asyut is in Egypt.,0940efcc95385073f8b5dbc1289535df3718186fee9c57ad1de4f8a678e47fae,1,supported_true,True,True
cities,entity_359a189eee4a5d6f36c098152a39237be3f2e17f2f230fe589da2b64ba8206e6,entity_359a189eee4a5d6f36c098152a39237be3f2e17f2f230fe589da2b64ba8206e6,test,fact_7c95bcc4b7e454791f1701da6f6d3ac6a39a9286b1dcd7c2c1da13b7b6941c72,The city of Asyut is in Sudan.,5c89ee9709e77f315e5e1762a92f89434f041c2cc706c85b4a76e19e654f738a,0,supported_false,True,True
cities,entity_397fa18b72a9de7d4d03a18e36bf84ac71f917d26b06bd2766173c86f256f80c,entity_397fa18b72a9de7d4d03a18e36bf84ac71f917d26b06bd2766173c86f256f80c,test,cities:696,The city of San Miguel de Tucuman is in Argentina.,2d38d23091f8557d40c2f0dd2c708deaee63c8a3bf8ee58efd5fb2e9abcfee3e,1,supported_true,True,True
cities,entity_397fa18b72a9de7d4d03a18e36bf84ac71f917d26b06bd2766173c86f256f80c,entity_397fa18b72a9de7d4d03a18e36bf84ac71f917d26b06bd2766173c86f256f80c,test,fact_ebe8de82c5e734ed7e0129a4bfc0fa621c3f8acfe5375aaf30b002f8df347c3e,The city of San Miguel de Tucuman is in the Democratic Republic of the Congo.,7053a4250239e2b83114bd8123616306c49ccba83246d6bbfd6d3fdd13b4f49a,0,supported_false,True,True
cities,entity_3a08b08e9596da5092febb2e531ded60602f6464d9e12f62bccbc793d3088a73,entity_3a08b08e9596da5092febb2e531ded60602f6464d9e12f62bccbc793d3088a73,test,cities:256,The city of Vilnius is in Lithuania.,f8897b47663feaef8caa4e659f5a7097c028c1d88bf30f15051212e6deb10cc3,1,supported_true,True,True
cities,entity_3a08b08e9596da5092febb2e531ded60602f6464d9e12f62bccbc793d3088a73,entity_3a08b08e9596da5092febb2e531ded60602f6464d9e12f62bccbc793d3088a73,test,fact_11948f0380035f39d775fa85ecfb02d44c8d15084ed70c1da55737d3cbd65394,The city of Vilnius is in South Korea.,01d2ae300a6e16865739b0e621ab960e3153b8b6625067d814ab42908ab294de,0,supported_false,True,True
cities,entity_3b8b78ddbf4a21cd2b2aa385a9c83e044cfcc8fb99a4ca40785d7771eb834ab3,entity_3b8b78ddbf4a21cd2b2aa385a9c83e044cfcc8fb99a4ca40785d7771eb834ab3,test,cities:474,The city of Ya'an is in China.,000a4822e19805baa5b87fdc2005257ddbdd300a03c2040c1910723bf1083a60,1,supported_true,True,True
cities,entity_3b8b78ddbf4a21cd2b2aa385a9c83e044cfcc8fb99a4ca40785d7771eb834ab3,entity_3b8b78ddbf4a21cd2b2aa385a9c83e044cfcc8fb99a4ca40785d7771eb834ab3,test,fact_8bc6a2ee29343267e112e4e836a71697d719b03b25c73930644ecdf7e051b379,The city of Ya'an is in Denmark.,958af8e8907c129b836d68e855932e2a9048d6642cee574efbfa03e38d86afe4,0,supported_false,True,True
cities,entity_3b91e78d999fd2164477e1dfb5d28a19fc9e92f9d79cf1399eaf2ffecb8cc6f1,entity_3b91e78d999fd2164477e1dfb5d28a19fc9e92f9d79cf1399eaf2ffecb8cc6f1,test,cities:54,The city of Niigata is in Japan.,1213baf1c29d8da1c01e592369926f45934663bcf216b74b5ede803f439bf4e5,1,supported_true,True,True
cities,entity_3b91e78d999fd2164477e1dfb5d28a19fc9e92f9d79cf1399eaf2ffecb8cc6f1,entity_3b91e78d999fd2164477e1dfb5d28a19fc9e92f9d79cf1399eaf2ffecb8cc6f1,test,fact_b58830c228743831149d8f4386d45e4d6863be676164c3bb35679ae15fe5c216,The city of Niigata is in Iraq.,667a2e446e339c87f13f929668dad458eb9a429d84706583251e85f21a94c6ec,0,supported_false,True,True
cities,entity_3d0a634426a3422f6387a3ad2adbf49b0c5896dabc7347c792c6a55cae04e1a8,entity_3d0a634426a3422f6387a3ad2adbf49b0c5896dabc7347c792c6a55cae04e1a8,test,cities:1198,The city of Homs is in Syria.,9e8603966b57c218786310d4621726d0b27fffd081771f826f4f2cd3b9d2acf2,1,supported_true,True,True
cities,entity_3d0a634426a3422f6387a3ad2adbf49b0c5896dabc7347c792c6a55cae04e1a8,entity_3d0a634426a3422f6387a3ad2adbf49b0c5896dabc7347c792c6a55cae04e1a8,test,fact_97da68b744366fb6786e5c626e7f30a39c0d339150c574f170cfb2384d56d37e,The city of Homs is in Madagascar.,d19e84df835f366afd24a89d4b89559915363e36ddb6582a5e5eef12e10469de,0,supported_false,True,True
cities,entity_3e9b92a97736c8b52bd54a64c265df4fd7087ee4a612c54c9ee1cba5decac816,entity_3e9b92a97736c8b52bd54a64c265df4fd7087ee4a612c54c9ee1cba5decac816,test,cities:812,The city of Jaboatao is in Brazil.,17bcf55b1660d400a9f6f18bcb028d78669b7a6b803bca32140524212b35f6da,1,supported_true,True,True
cities,entity_3e9b92a97736c8b52bd54a64c265df4fd7087ee4a612c54c9ee1cba5decac816,entity_3e9b92a97736c8b52bd54a64c265df4fd7087ee4a612c54c9ee1cba5decac816,test,fact_adc812974f4c389ae51ea89919073c9b77464e295af40cd07ef5705bba9bcdb3,The city of Jaboatao is in Tanzania.,7a944c57880443b6e57cf2ecf53afbbbb1ea397d37c388a09441773813bc488f,0,supported_false,True,True
cities,entity_3ea8a31cd5fabad4f7beb390e760ead3a40c2d5272d1c028aeae88a36f9d15bf,entity_3ea8a31cd5fabad4f7beb390e760ead3a40c2d5272d1c028aeae88a36f9d15bf,test,cities:20,The city of Jiaxing is in China.,c971ea9c3f1434120675337019c4c75be9e992878d878b1f3c5b718191437ccc,1,supported_true,True,True
cities,entity_3ea8a31cd5fabad4f7beb390e760ead3a40c2d5272d1c028aeae88a36f9d15bf,entity_3ea8a31cd5fabad4f7beb390e760ead3a40c2d5272d1c028aeae88a36f9d15bf,test,fact_2154090d1a6303c88ad67226928c37977136d5a78e9cc38467115f2dcec48336,The city of Jiaxing is in Canada.,81ea6cdbdecb18da2e44674cfc8f1f3aca39e0aab6666388eb65af8fbf3fd910,0,supported_false,True,True
cities,entity_436da74789962bc12417c0e4810501a6c955f868965c36e36035a39dda54ad17,entity_436da74789962bc12417c0e4810501a6c955f868965c36e36035a39dda54ad17,test,cities:1028,The city of Brazzaville is in the Republic of the Congo.,4780a464e22fa4a3d5b585a5f721f9b7ef07332b2c9d845cc01c8be354fdfec5,1,supported_true,True,True
cities,entity_436da74789962bc12417c0e4810501a6c955f868965c36e36035a39dda54ad17,entity_436da74789962bc12417c0e4810501a6c955f868965c36e36035a39dda54ad17,test,fact_89f775236dd10eb412993b6282ae34e21864a1e27d490d5796dc469bb0f0b32d,The city of Brazzaville is in Nigeria.,b433c68b5665b2eafa571c66cf475bc1ea86c8d3f0485d4b743a71680e5b8d7d,0,supported_false,True,True
cities,entity_466c6b79f3532c615640ed79579c4c3cb5a261a67b24e3ee826c55480498f43e,entity_466c6b79f3532c615640ed79579c4c3cb5a261a67b24e3ee826c55480498f43e,test,cities:102,The city of Perm is in Russia.,d3059868e6699e708f4692ef6208c224c9dcdeed036b77ee9c5beb1f01124e70,1,supported_true,True,True
cities,entity_466c6b79f3532c615640ed79579c4c3cb5a261a67b24e3ee826c55480498f43e,entity_466c6b79f3532c615640ed79579c4c3cb5a261a67b24e3ee826c55480498f43e,test,fact_660bf9b0c382ced28738dc9cc974570d0c461a663ad87f14280144c4da4c3a1b,The city of Perm is in Latvia.,e665e12181e5e46d9ab72b5bec177aafcef969a4ca3c88800b8a3955596474fb,0,supported_false,True,True
cities,entity_474e3a559f4a975093c24af665e0ae995b8899c0251163599b4d151b1bf3b94e,entity_474e3a559f4a975093c24af665e0ae995b8899c0251163599b4d151b1bf3b94e,test,cities:1390,The city of Jakarta is in Indonesia.,1fe589a772325394483fdbd14acd140f505c985527c2183cadf712a681c881bc,1,supported_true,True,True
cities,entity_474e3a559f4a975093c24af665e0ae995b8899c0251163599b4d151b1bf3b94e,entity_474e3a559f4a975093c24af665e0ae995b8899c0251163599b4d151b1bf3b94e,test,fact_642eb85570c041cf3eb5c3833e5703e81c063b62146612fbf5b1be86583cbcbb,The city of Jakarta is in Vietnam.,4985d096ad995c2c0cd477d07324650f086048fd19ee06ef8e0a76012fca0853,0,supported_false,True,True
cities,entity_4d86fb31d48035480860b08b8951e946cafeec2886e66e056e4807b51376b5f2,entity_4d86fb31d48035480860b08b8951e946cafeec2886e66e056e4807b51376b5f2,test,cities:1192,The city of Buraydah is in Saudi Arabia.,fcc73cb1af388252262ff0e2796b40dd34c4f053433b10b1adc161859aacb279,1,supported_true,True,True
cities,entity_4d86fb31d48035480860b08b8951e946cafeec2886e66e056e4807b51376b5f2,entity_4d86fb31d48035480860b08b8951e946cafeec2886e66e056e4807b51376b5f2,test,fact_d24ec22baf8cc082f8583a01ad139b2122be1e7eba54e56c1fe1e5ac2052ef17,The city of Buraydah is in the Philippines.,d015cfba50ab735bd9aef32522a712a4af96a8744b252b003256bd2be7f19e80,0,supported_false,True,True
cities,entity_4ec97c5bef97e5a051a32a953e1349310b7aa363c858eb57cb87120da2d7f41b,entity_4ec97c5bef97e5a051a32a953e1349310b7aa363c858eb57cb87120da2d7f41b,test,cities:152,The city of Bhubaneswar is in India.,f0a5b8c8fdf311a20fcc4ae5b94321bcd65417ca147103d6dcf2bc96aaa86a4d,1,supported_true,True,True
cities,entity_4ec97c5bef97e5a051a32a953e1349310b7aa363c858eb57cb87120da2d7f41b,entity_4ec97c5bef97e5a051a32a953e1349310b7aa363c858eb57cb87120da2d7f41b,test,fact_4a08338b0286c7b081e032a3006e74c693ce246280f81eec32584dfdcd8c57ef,The city of Bhubaneswar is in Gabon.,d082aa37fb5405a4af81d68c93c9f0e35ac00253ff74cb552f9ebdfe850d2169,0,supported_false,True,True
cities,entity_4f1b71d20075d1750e3450a3f9deac14add5d160faef51ed2dd9d7640b010594,entity_4f1b71d20075d1750e3450a3f9deac14add5d160faef51ed2dd9d7640b010594,test,cities:918,The city of Dombivli is in India.,633c3b1db79db48bf3fecf4a785b52c9c3ea1312830779beb679d0eccef79b8b,1,supported_true,True,True
cities,entity_4f1b71d20075d1750e3450a3f9deac14add5d160faef51ed2dd9d7640b010594,entity_4f1b71d20075d1750e3450a3f9deac14add5d160faef51ed2dd9d7640b010594,test,fact_e20ac34b9bbaa37e4927b534f663de981d6f76ab290420fb96b0f37301b241ba,The city of Dombivli is in Iraq.,5d038ec4f35981dd936e9de91b0b3ab732024bbacdc2772d3affd19afca96ece,0,supported_false,True,True
cities,entity_4f855f7b284918c66c83ed455750e319d7a09db18673c35ca252b07badce452b,entity_4f855f7b284918c66c83ed455750e319d7a09db18673c35ca252b07badce452b,test,cities:1272,The city of Kolhapur is in India.,e902a285da847d751af816b2a125e3b06cccd0702b1ba46a12f1665a112e3d1f,1,supported_true,True,True
cities,entity_4f855f7b284918c66c83ed455750e319d7a09db18673c35ca252b07badce452b,entity_4f855f7b284918c66c83ed455750e319d7a09db18673c35ca252b07badce452b,test,fact_fdfaecefe5050d12be2e2478b6d211afb22fb8c453d045c2a920f4b83264fc93,The city of Kolhapur is in Syria.,7cf9fa7e9acfd2da379a99825c814edf3ce1a277c21145e61d9a3b09ed342991,0,supported_false,True,True
cities,entity_508a7a25e4d752915f28c5aa7c09e8593ab7eeb5ffb0f06662cccdf13ec20309,entity_508a7a25e4d752915f28c5aa7c09e8593ab7eeb5ffb0f06662cccdf13ec20309,test,cities:452,The city of Abobo is in Côte d'Ivoire.,332e1db13f7b178fd924772ed93c13fa5cd134cb19228443e85363a43e5bf3cc,1,supported_true,True,True
cities,entity_508a7a25e4d752915f28c5aa7c09e8593ab7eeb5ffb0f06662cccdf13ec20309,entity_508a7a25e4d752915f28c5aa7c09e8593ab7eeb5ffb0f06662cccdf13ec20309,test,fact_3e752aba9045bca9d275262c18b9a303044dd529d9b5b10cd4c220b00de13ee6,The city of Abobo is in Sudan.,c0b8b6a6152734a05c594663116c6c5654442cf2bc5418c9d3b808b807e87094,0,supported_false,True,True
cities,entity_50d37ac2b3cfadc7a366263324c1aef96924b265b839441c961f100d1e92a0a9,entity_50d37ac2b3cfadc7a366263324c1aef96924b265b839441c961f100d1e92a0a9,test,cities:716,The city of Lilongwe is in Malawi.,b0a4c0283b1120ab58653ebd8375feb07409184601fda108f7e600f30cb0565b,1,supported_true,True,True
cities,entity_50d37ac2b3cfadc7a366263324c1aef96924b265b839441c961f100d1e92a0a9,entity_50d37ac2b3cfadc7a366263324c1aef96924b265b839441c961f100d1e92a0a9,test,fact_e5cb4417f93093da53bc739ed2ec14684c4534d347e209f9087d3b00aede072d,The city of Lilongwe is in Vietnam.,04f0cd8df75b6cb48a6148e0ab999f8a182376ac6dd0b0a1cb85e9acf412cdae,0,supported_false,True,True
cities,entity_51d69b0568f9d78b4bd166af53b616d7e82d804e92f457df8fbe2787d95e0955,entity_51d69b0568f9d78b4bd166af53b616d7e82d804e92f457df8fbe2787d95e0955,test,cities:776,The city of Bayannur is in China.,a5c2c66b545d05f3d90bb26b3dbc6146efe4056a4ee4ce7dbc2a42a8e38ba93c,1,supported_true,True,True
cities,entity_51d69b0568f9d78b4bd166af53b616d7e82d804e92f457df8fbe2787d95e0955,entity_51d69b0568f9d78b4bd166af53b616d7e82d804e92f457df8fbe2787d95e0955,test,fact_029a8843754d43b91036d54a6c87b497664781790a365817f6bc18ce3bba1cdd,The city of Bayannur is in India.,d0580343fe9050251665cd34dcef5d3c93509d16e0d35437f8a53ca815ad3187,0,supported_false,True,True
cities,entity_51fd610b90ccb7cd682b7969ab7727853a3472684d498db124d9865bd78bafb0,entity_51fd610b90ccb7cd682b7969ab7727853a3472684d498db124d9865bd78bafb0,test,cities:1032,The city of Aktobe is in Kazakhstan.,d62d4bb61741449e0a6a47402a269a37858d1c370d97e4669f366faaf8b6b2d8,1,supported_true,True,True
cities,entity_51fd610b90ccb7cd682b7969ab7727853a3472684d498db124d9865bd78bafb0,entity_51fd610b90ccb7cd682b7969ab7727853a3472684d498db124d9865bd78bafb0,test,fact_e4bf9ca63a9bef35e4d7b285ca18b73a796e8e293985fad856b8adefadbddc53,The city of Aktobe is in Japan.,c62d658f60a5946e9258fff580597a65699dd39471ee5dfeda2d3916ea9f5454,0,supported_false,True,True
cities,entity_54e3ddb56051a7c86d611ce1edd7a6f7564c33bacf553350cd09e55eae3492eb,entity_54e3ddb56051a7c86d611ce1edd7a6f7564c33bacf553350cd09e55eae3492eb,test,cities:934,The city of Nova Iguacu is in Brazil.,0d3c3bf8d9d8be6de411a0cc140374203efde605fb42bd68ba22d4fe0ea503ed,1,supported_true,True,True
cities,entity_54e3ddb56051a7c86d611ce1edd7a6f7564c33bacf553350cd09e55eae3492eb,entity_54e3ddb56051a7c86d611ce1edd7a6f7564c33bacf553350cd09e55eae3492eb,test,fact_78e0fbcf39e823e8c1bdf7d0857dd99f16fe55e0ee69c66c36cf52628c24dd3a,The city of Nova Iguacu is in Lithuania.,9b77865b0853bf2f8c159800e76ad7ef260960379b2469174c46884043b0c8ee,0,supported_false,True,True
cities,entity_5538c326c13704cd0eb94831f176d4b7d760742c1fe12850717492f2d63be07b,entity_5538c326c13704cd0eb94831f176d4b7d760742c1fe12850717492f2d63be07b,test,cities:14,The city of Yongzhou is in China.,ae346de1bd1992055ec2723b6a5a96224a4c65632f1710f8f1775605eae90f48,1,supported_true,True,True
cities,entity_5538c326c13704cd0eb94831f176d4b7d760742c1fe12850717492f2d63be07b,entity_5538c326c13704cd0eb94831f176d4b7d760742c1fe12850717492f2d63be07b,test,fact_6f361b1d59b98bae65e8f1035a2abb5a1ca4bb8f3cbfeb9aa907a3aadd60fac3,The city of Yongzhou is in Mauritania.,370ec05a3b0de76f0afa6f37415c250037f4973f2036463cfa7fc3761848f005,0,supported_false,True,True
cities,entity_5c45399a80e6bd586ec09c746acdb723709b7f2b4634c91ec9b12fef540c6d9a,entity_5c45399a80e6bd586ec09c746acdb723709b7f2b4634c91ec9b12fef540c6d9a,test,cities:450,The city of Bouake is in Côte d'Ivoire.,62453ff2b781adea5d1f1c303bfda2eb9c2cf92bcdefe8cc23035ab3efbb98e9,1,supported_true,True,True
cities,entity_5c45399a80e6bd586ec09c746acdb723709b7f2b4634c91ec9b12fef540c6d9a,entity_5c45399a80e6bd586ec09c746acdb723709b7f2b4634c91ec9b12fef540c6d9a,test,fact_1bb293d91b60db7e87eacdddc93bafb132328e37d8cd9adde1c8eac3a704651e,The city of Bouake is in Lithuania.,54bf0c1c8572ce9b0d2fa78a442c64e77181a1743bc16c45bde2a4648a34e3ca,0,supported_false,True,True
cities,entity_5c6e5546bcca15fb556c9f1afa1e9597755a9fb538cc7f1ade117110d1ec060a,entity_5c6e5546bcca15fb556c9f1afa1e9597755a9fb538cc7f1ade117110d1ec060a,test,cities:1046,The city of Huangshi is in China.,38540e49fdafd97e1084001178a41f1ce0652af7ae76988ee76bcbdd5232aa54,1,supported_true,True,True
cities,entity_5c6e5546bcca15fb556c9f1afa1e9597755a9fb538cc7f1ade117110d1ec060a,entity_5c6e5546bcca15fb556c9f1afa1e9597755a9fb538cc7f1ade117110d1ec060a,test,fact_a3bc98e730c13e4ed2b9090e2746a064cf9e58166a2da61a1e94a63cf72a981e,The city of Huangshi is in Mauritania.,ed01ac82ab68c02c18f0db579a010ba37c151c472278c3c8769773b8ea0c5aad,0,supported_false,True,True
cities,entity_6079ff443f472db615d98455273544ec92d4e2f185fed5516d6dffb2909dbd9d,entity_6079ff443f472db615d98455273544ec92d4e2f185fed5516d6dffb2909dbd9d,test,cities:98,The city of Asmara is in Eritrea.,e4579e1389afe41f3a0047fc766dc3c80b5c9c0a2ecbd207a9da387e7ab07304,1,supported_true,True,True
cities,entity_6079ff443f472db615d98455273544ec92d4e2f185fed5516d6dffb2909dbd9d,entity_6079ff443f472db615d98455273544ec92d4e2f185fed5516d6dffb2909dbd9d,test,fact_1f958e0096708482d434ad0387f16440c1259f73c1fbe4f2e78b697ecadc2d13,The city of Asmara is in Mauritania.,7eea1a5ee41f468ff53b6c19b0085087d256f53cc24080e48cfcbbc84669bfea,0,supported_false,True,True
cities,entity_647445fb6411e2864c575d822c914a458b4c9652598fc69ac794aba13025d55f,entity_647445fb6411e2864c575d822c914a458b4c9652598fc69ac794aba13025d55f,test,cities:730,The city of Cimahi is in Indonesia.,84b549fabed91b172056daaf04929fbc368f563af1b65f75cbedd447b44d7598,1,supported_true,True,True
cities,entity_647445fb6411e2864c575d822c914a458b4c9652598fc69ac794aba13025d55f,entity_647445fb6411e2864c575d822c914a458b4c9652598fc69ac794aba13025d55f,test,fact_8ebf8629aa158758543eb8c012fb479b8b68e6a2609e149358aa0dfbe6b2ca46,The city of Cimahi is in Tanzania.,679dd28d9f01f97ec495b00fc943696975466d89eb98134a719c4019bb415544,0,supported_false,True,True
cities,entity_66864f2676721c8c18ebf2cee648d7acc2a8f705eaf584fafeaa053bf0e408ef,entity_66864f2676721c8c18ebf2cee648d7acc2a8f705eaf584fafeaa053bf0e408ef,test,cities:24,The city of Anqing is in China.,a46825e9b74a71bdb22fb003c05ca934003e6cc6b79437ad6b4d9fe540d7aa82,1,supported_true,True,True
cities,entity_66864f2676721c8c18ebf2cee648d7acc2a8f705eaf584fafeaa053bf0e408ef,entity_66864f2676721c8c18ebf2cee648d7acc2a8f705eaf584fafeaa053bf0e408ef,test,fact_5233cbe5139fc0663e2c1cfe57207819a36b14c4508989599dd7408b1e96cb32,The city of Anqing is in Syria.,e3cd8bb8fe31663009cfeba0701f1186e63da968c07d7c904a41facce53787cc,0,supported_false,True,True
cities,entity_66b1530c85c5473a05cc68e27cd169c45472d6e8ff47522d2a32a0757fe1b3fa,entity_66b1530c85c5473a05cc68e27cd169c45472d6e8ff47522d2a32a0757fe1b3fa,test,cities:742,The city of Malatya is in Turkey.,1fe2c61f26124707631dd5dfb989af5f1217db73439289eeba327b52b5f18864,1,supported_true,True,True
cities,entity_66b1530c85c5473a05cc68e27cd169c45472d6e8ff47522d2a32a0757fe1b3fa,entity_66b1530c85c5473a05cc68e27cd169c45472d6e8ff47522d2a32a0757fe1b3fa,test,fact_0d107a19aa1ee9c2614c54806776702679053739e01c3077ec594eadc16029f4,The city of Malatya is in Eritrea.,519831edae8787ccb08d4504cb0b83a11d3df25011c7eba2c5051d7998b75e81,0,supported_false,True,True
cities,entity_67a83c354e28551529e8800244be09a595328e41ad42dd27990bd10ddbb4516e,entity_67a83c354e28551529e8800244be09a595328e41ad42dd27990bd10ddbb4516e,test,cities:658,The city of Vadodara is in India.,783e4ba102b1c88d03b8fccee56d940130098321ec83d469ae54c284c8c398bd,1,supported_true,True,True
cities,entity_67a83c354e28551529e8800244be09a595328e41ad42dd27990bd10ddbb4516e,entity_67a83c354e28551529e8800244be09a595328e41ad42dd27990bd10ddbb4516e,test,fact_2421788a9b0720dd6cd274eb65c6375d6a7cba86af984a7b34de6065ba42bb1f,The city of Vadodara is in the United States.,55206b538442a20f4002f085b20692a0763ade978c57c57ab50d9038ce487a29,0,supported_false,True,True
cities,entity_67c55f75f6edef8e73844e1e6a60ff1c019c55db743ef14a30d22d219990e1da,entity_67c55f75f6edef8e73844e1e6a60ff1c019c55db743ef14a30d22d219990e1da,test,cities:400,The city of Zaporizhzhya is in Ukraine.,bcba4d1365d42e86dbdb4b14022f583c3d9d7a3e4ed582a26427b046651382db,1,supported_true,True,True
cities,entity_67c55f75f6edef8e73844e1e6a60ff1c019c55db743ef14a30d22d219990e1da,entity_67c55f75f6edef8e73844e1e6a60ff1c019c55db743ef14a30d22d219990e1da,test,fact_94bebf56a4a251063dacee535af8806dd56646c22f45dd5ef558218052ec6a3b,The city of Zaporizhzhya is in Iran.,cf4b4ae2d255fb39cc2241ba5008cbcee499456a28e02a681db11d4976e9fe51,0,supported_false,True,True
cities,entity_69d7ba622623c948cab04ca2333d3a862669e141f86df66f8db78047a2b4d407,entity_69d7ba622623c948cab04ca2333d3a862669e141f86df66f8db78047a2b4d407,test,cities:398,The city of Kemerovo is in Russia.,e4b29a08a3eb299d6c6985994a91c268c295526a6367a8bdd337af8aeb0c8e89,1,supported_true,True,True
cities,entity_69d7ba622623c948cab04ca2333d3a862669e141f86df66f8db78047a2b4d407,entity_69d7ba622623c948cab04ca2333d3a862669e141f86df66f8db78047a2b4d407,test,fact_4593516ac027fe15340c3690a2ac3158e06ecea681f3a98401d31dbab6c6ec3d,The city of Kemerovo is in Syria.,6fcb545d2351776a79211f4399a4cbb16b7c37dae547b9fdf8657b1f31629c6a,0,supported_false,True,True
cities,entity_6c371e2ed1eff4dadcce4c6fd622d24ad7cb4bb7a3f7a2cc51f3b493546a1d0e,entity_6c371e2ed1eff4dadcce4c6fd622d24ad7cb4bb7a3f7a2cc51f3b493546a1d0e,test,cities:1166,The city of Ludhiana is in India.,4ce7e4d66459391698c3211d72bd21f513666bfe4f5a590a29d09f38b0ed3bf8,1,supported_true,True,True
cities,entity_6c371e2ed1eff4dadcce4c6fd622d24ad7cb4bb7a3f7a2cc51f3b493546a1d0e,entity_6c371e2ed1eff4dadcce4c6fd622d24ad7cb4bb7a3f7a2cc51f3b493546a1d0e,test,fact_26b5f79ffa86fc499f5aec5079500798e92118ddc71a59cb29bbb9a2167aaa59,The city of Ludhiana is in Turkey.,9b7dd67c2efd63bb96a82f6dd1724c581ff99cd751b4061c6c8f386ae9ec949f,0,supported_false,True,True
cities,entity_6c59fefff6a9856c919c1cbf680c619cbe68119e2a64a6396add91bc898c1791,entity_6c59fefff6a9856c919c1cbf680c619cbe68119e2a64a6396add91bc898c1791,test,cities:156,The city of Kumasi is in Ghana.,1e4b8755fd1b6abcce8f83e3b11873ae3c505056a749afc1aea967e681f1befc,1,supported_true,True,True
cities,entity_6c59fefff6a9856c919c1cbf680c619cbe68119e2a64a6396add91bc898c1791,entity_6c59fefff6a9856c919c1cbf680c619cbe68119e2a64a6396add91bc898c1791,test,fact_74ea172f494091266a4a56995c81b4bc88a2c98beffdfeba6421eacf8affaa06,The city of Kumasi is in Iraq.,ac336eeefbe15dba073e019e6fc24bb170f8ea66d656361325d51955fb13796e,0,supported_false,True,True
cities,entity_700b6afd6caec7872273e05a00fb109f5191bb8aaa96b5684c84d48ea8120504,entity_700b6afd6caec7872273e05a00fb109f5191bb8aaa96b5684c84d48ea8120504,test,cities:1412,The city of Quebec is in Canada.,ea511a6868a334401db6c41332b4235c4c8b5c002536d0703311663e0ec5d808,1,supported_true,True,True
cities,entity_700b6afd6caec7872273e05a00fb109f5191bb8aaa96b5684c84d48ea8120504,entity_700b6afd6caec7872273e05a00fb109f5191bb8aaa96b5684c84d48ea8120504,test,fact_1fe247088bad55c8458f2cd19b14684d7c49279a2c651640fa29b4014c64c0f1,The city of Quebec is in Egypt.,3422c10279f74490908e12d3d72edfab65736384f72220e5c5db4bbc3a8d8258,0,supported_false,True,True
cities,entity_72606ce6433eb493ce0ad71e771b950600d355cd2c922277824041ad8a5accea,entity_72606ce6433eb493ce0ad71e771b950600d355cd2c922277824041ad8a5accea,test,cities:1292,The city of Xining is in China.,dfda78165190c05e4cfb29383487722ff76019e0af4d6eeeeb65b4b9a6f25f0d,1,supported_true,True,True
cities,entity_72606ce6433eb493ce0ad71e771b950600d355cd2c922277824041ad8a5accea,entity_72606ce6433eb493ce0ad71e771b950600d355cd2c922277824041ad8a5accea,test,fact_92c483aa5ca24bd313076c1b44a44525df4839ce803c76ec21c82bfbe4a54191,The city of Xining is in Kazakhstan.,89a6e1a86c108bacde4bd7287a4c35e51e449e7a6d5c7c45a9acdd6ca958a85c,0,supported_false,True,True
cities,entity_727ea1c6f478c4804d2ffd90e2af7249763f91695aff2150a49f5802b4d30a93,entity_727ea1c6f478c4804d2ffd90e2af7249763f91695aff2150a49f5802b4d30a93,test,cities:0,The city of Krasnodar is in Russia.,6bc01ba150e39f6d373aa7a7a8418b5c842aa31f2ae9d184a84c271c0cb3df6b,1,supported_true,True,True
cities,entity_727ea1c6f478c4804d2ffd90e2af7249763f91695aff2150a49f5802b4d30a93,entity_727ea1c6f478c4804d2ffd90e2af7249763f91695aff2150a49f5802b4d30a93,test,fact_628c596e5c168de4bd331931d78586834ef200f6d1c42680e22b1cfad8c94ed5,The city of Krasnodar is in Ghana.,daee1ef7090552a0391247cec424f04143e7f8b38461703ae6eaa49be2ad20fb,0,supported_false,True,True
cities,entity_74fc120449a9b156b904022bf6224abb969b429c30a3f3b2a5049e25063e9741,entity_74fc120449a9b156b904022bf6224abb969b429c30a3f3b2a5049e25063e9741,test,cities:1008,The city of Al Hudaydah is in Yemen.,90cc16d7502f00b46bf86a4e880d073313b25b596d096e75138bc3a5f32d3fa1,1,supported_true,True,True
cities,entity_74fc120449a9b156b904022bf6224abb969b429c30a3f3b2a5049e25063e9741,entity_74fc120449a9b156b904022bf6224abb969b429c30a3f3b2a5049e25063e9741,test,fact_7f0e4f6a0e0f69f4164f03e154ac924d4b85719d6e5b4d5fc46b4941d2d5c256,The city of Al Hudaydah is in Mozambique.,1b4ea988ee6c074cd3fef42655712eadc7e21666c3a30b8a17d62d08a370dd73,0,supported_false,True,True
cities,entity_754ab18cfdfa12c8793f04531dd744559002e35f9e3dd1b909975a0a440cf95e,entity_754ab18cfdfa12c8793f04531dd744559002e35f9e3dd1b909975a0a440cf95e,test,cities:466,The city of Tembisa is in South Africa.,06e57e24c6eb657dee1a4ccb48c81abbc251212b3686f74a410376cc7da772e7,1,supported_true,True,True
cities,entity_754ab18cfdfa12c8793f04531dd744559002e35f9e3dd1b909975a0a440cf95e,entity_754ab18cfdfa12c8793f04531dd744559002e35f9e3dd1b909975a0a440cf95e,test,fact_ff487fd1906f51409769ccf2ae19c3b596743d4615bc8fcd057bbdef32965a33,The city of Tembisa is in Lithuania.,0de834d89a6f1e2b5e1d54307bf1a3ded52acc657c27cc3a417fcfd14cc3c157,0,supported_false,True,True
cities,entity_764490a7ae95aa310cfcc4e35bbb9cec2b5bfa797a13097cda8308b6cc14e6a5,entity_764490a7ae95aa310cfcc4e35bbb9cec2b5bfa797a13097cda8308b6cc14e6a5,test,cities:638,The city of Ar Raqqah is in Syria.,ae2442ade11688c7b04072ee4301cb1cca787f7ec1f9e12a0a338c0c1aee6f75,1,supported_true,True,True
cities,entity_764490a7ae95aa310cfcc4e35bbb9cec2b5bfa797a13097cda8308b6cc14e6a5,entity_764490a7ae95aa310cfcc4e35bbb9cec2b5bfa797a13097cda8308b6cc14e6a5,test,fact_5d669ab1060607d8686364b03b1dc4dfe4263208c14ed4b30bce0e2cbbbac81b,The city of Ar Raqqah is in Nigeria.,a9c6ccf8f2564ca8d2220aeb5dab460c536421bc90665be0bbf5a911b2363d49,0,supported_false,True,True
cities,entity_767913c6309a911011aaf5fd07d64e573dbc6dd08acc7771dad9158b058e8f2a,entity_767913c6309a911011aaf5fd07d64e573dbc6dd08acc7771dad9158b058e8f2a,test,cities:908,The city of Nuernberg is in Germany.,c9a4106be4b9c58c57bea8010b34379adc19e616aa2f4bfb10925b3273853812,1,supported_true,True,True
cities,entity_767913c6309a911011aaf5fd07d64e573dbc6dd08acc7771dad9158b058e8f2a,entity_767913c6309a911011aaf5fd07d64e573dbc6dd08acc7771dad9158b058e8f2a,test,fact_94e24c119634a35087d5eea829b1842018cb312fd6c58cbd390248265abeaadc,The city of Nuernberg is in Saudi Arabia.,ccc35422c14bad1489e040d9ee08dc9171675fcde0d4d845756d251c34a056f8,0,supported_false,True,True
cities,entity_769587cbf756c044a00f523f6ada9e1186967b08efd7fd9469c1c26caedeef18,entity_769587cbf756c044a00f523f6ada9e1186967b08efd7fd9469c1c26caedeef18,test,cities:682,The city of Maoming is in China.,6efc83111dffa40982f1d986d57ec08d53f867fae7bd9ca00415998a5231d1a3,1,supported_true,True,True
cities,entity_769587cbf756c044a00f523f6ada9e1186967b08efd7fd9469c1c26caedeef18,entity_769587cbf756c044a00f523f6ada9e1186967b08efd7fd9469c1c26caedeef18,test,fact_ad45b1cbf64fa83711e53afb73c4edc0293e119811dc1b6f1a9b922a607dfebe,The city of Maoming is in Ghana.,542b95b874a55b3a5578acc3d1fa121060848e097c6b1c12574416a5ba0f9b4a,0,supported_false,True,True
cities,entity_7ae07b499b598c201dbe755407727be3fbb01054fc6e889a6f946a93780d1fd0,entity_7ae07b499b598c201dbe755407727be3fbb01054fc6e889a6f946a93780d1fd0,test,cities:1278,The city of Yekaterinburg is in Russia.,32622d2075ca38ceae73f6fd0a633e72b9e4605d821f760b6e35d52804361b7e,1,supported_true,True,True
cities,entity_7ae07b499b598c201dbe755407727be3fbb01054fc6e889a6f946a93780d1fd0,entity_7ae07b499b598c201dbe755407727be3fbb01054fc6e889a6f946a93780d1fd0,test,fact_f37b6e6fe46aed5b89f27576251ac033367e12fae8311004a7c8faf8aa0b21b4,The city of Yekaterinburg is in Yemen.,5fe2477e5f57041b28ce0d7cda4b50c03b7bc3a66163538bf8d32152f12eb5c0,0,supported_false,True,True
cities,entity_7aff1731daefa5c0ec98ea47a75a70952f4f14f12a97a0b2ba4c102211eddf05,entity_7aff1731daefa5c0ec98ea47a75a70952f4f14f12a97a0b2ba4c102211eddf05,test,cities:1040,The city of Asansol is in India.,2787b61eed4baab5cc78fb639ada8756f55ee3a98a810b51f91458ac61085d19,1,supported_true,True,True
cities,entity_7aff1731daefa5c0ec98ea47a75a70952f4f14f12a97a0b2ba4c102211eddf05,entity_7aff1731daefa5c0ec98ea47a75a70952f4f14f12a97a0b2ba4c102211eddf05,test,fact_573b667c790ef5a42878e773ffa25ca408055dd02d5a50528a1044f036b8ac8e,The city of Asansol is in Iraq.,5332cc271273017bff821f80bf76b4a4131d7ae7d4357b233015a32537dd455d,0,supported_false,True,True
cities,entity_7d1c850ceb9b9d5ca7f9d8d3f8fc09238dcf71aec4abfc769a518bcb9ec5fc27,entity_7d1c850ceb9b9d5ca7f9d8d3f8fc09238dcf71aec4abfc769a518bcb9ec5fc27,test,cities:1482,The city of Varanasi is in India.,e1b0df7935620b2234a21c65eb0e8512996eaa8998148c5f83d992bc2db9f699,1,supported_true,True,True
cities,entity_7d1c850ceb9b9d5ca7f9d8d3f8fc09238dcf71aec4abfc769a518bcb9ec5fc27,entity_7d1c850ceb9b9d5ca7f9d8d3f8fc09238dcf71aec4abfc769a518bcb9ec5fc27,test,fact_a9d95426093481bcaab5e439178adca569ced1908bbb3cd1b28f031b96aec16d,The city of Varanasi is in Sudan.,274e9fc3bfceab5f99d6c5c96b5ce236abf2ef0a7d55344c3a78e772c54e7c24,0,supported_false,True,True
cities,entity_7e3fde4b8be0ca6f6556803cd0a0863a9040a213a80b370357d81ea820193f10,entity_7e3fde4b8be0ca6f6556803cd0a0863a9040a213a80b370357d81ea820193f10,test,cities:1302,The city of Luzhou is in China.,96a58215ddbcede0ddfc6f7d6c0419d97a266d1b20c3d29239ecea42adaf8294,1,supported_true,True,True
cities,entity_7e3fde4b8be0ca6f6556803cd0a0863a9040a213a80b370357d81ea820193f10,entity_7e3fde4b8be0ca6f6556803cd0a0863a9040a213a80b370357d81ea820193f10,test,fact_f640206b782aaacba202f18f30ee489b4b414ecbb635e51916ad539c937fbf90,The city of Luzhou is in Croatia.,54dfeedb8e78460015349403e8db229e236f04a384e827574018b5aea032ab6a,0,supported_false,True,True
cities,entity_8095c939d7ca09ed9b0d499fe4b71e474817a1961dc688fe61b5c31e3b431aaa,entity_8095c939d7ca09ed9b0d499fe4b71e474817a1961dc688fe61b5c31e3b431aaa,test,cities:294,The city of Libreville is in Gabon.,420e01a6599e91eaeb60b9900167727dd26409cb5c81ece545d17196c972dd2e,1,supported_true,True,True
cities,entity_8095c939d7ca09ed9b0d499fe4b71e474817a1961dc688fe61b5c31e3b431aaa,entity_8095c939d7ca09ed9b0d499fe4b71e474817a1961dc688fe61b5c31e3b431aaa,test,fact_6bc9a046a1d73286d9ceb4691cb5bc782aefb6097b2c0d384f8c5af119209cbf,The city of Libreville is in Malaysia.,362f1909a8c3bfdf10841d5657a1e5f161607d919f649e70628128f8c5c704c0,0,supported_false,True,True
cities,entity_8549419b1769a2edddb39ace13adb7008d365cce540d560eaf15125d34488877,entity_8549419b1769a2edddb39ace13adb7008d365cce540d560eaf15125d34488877,test,cities:602,The city of Deyang is in China.,7d666b09cd533ebd9471811dee9b48e30508e33ab344ed9c5ed2749ed8fb7769,1,supported_true,True,True
cities,entity_8549419b1769a2edddb39ace13adb7008d365cce540d560eaf15125d34488877,entity_8549419b1769a2edddb39ace13adb7008d365cce540d560eaf15125d34488877,test,fact_b73337a62768c31cfd05e81ff1414e43b29ca55678219061dd4e50aaec90b9ad,The city of Deyang is in Canada.,f75ccf0d69546bbaa462b3c923a975a1a0534b79f5fc13e7127c668eb279c2c2,0,supported_false,True,True
cities,entity_877a05291b74a715bdbbfa2691429e16584148977b6f4397359a1b5e4ddf87fb,entity_877a05291b74a715bdbbfa2691429e16584148977b6f4397359a1b5e4ddf87fb,test,cities:126,The city of Suwon is in South Korea.,1854b1083019c428c840b7402cead92e1015e873bcdd746930c042f087ed60d1,1,supported_true,True,True
cities,entity_877a05291b74a715bdbbfa2691429e16584148977b6f4397359a1b5e4ddf87fb,entity_877a05291b74a715bdbbfa2691429e16584148977b6f4397359a1b5e4ddf87fb,test,fact_44b97b5c14904451c2111a0f637c15d2db35549eaa32428410a78e8f23d51e73,The city of Suwon is in Bosnia and Herzegovina.,2c0953de6ba0e2d418bd6c72f4870e1f2cf80c87cb09de61b2773b9079241c97,0,supported_false,True,True
cities,entity_89004ee02bfccd8411c65570640fd3884d6f1123cb84e39495e1b9e0030e1b34,entity_89004ee02bfccd8411c65570640fd3884d6f1123cb84e39495e1b9e0030e1b34,test,cities:296,The city of Santiago de los Caballeros is in the Dominican Republic.,8550b4ffe63b17ac29a922b190adaec545ded37afedbc29f5e8f5307f48c0207,1,supported_true,True,True
cities,entity_89004ee02bfccd8411c65570640fd3884d6f1123cb84e39495e1b9e0030e1b34,entity_89004ee02bfccd8411c65570640fd3884d6f1123cb84e39495e1b9e0030e1b34,test,fact_617b74de5774290ed72030dc648dc277d32aef4c17f4362bf1974a741736308f,The city of Santiago de los Caballeros is in Uzbekistan.,648388adc0888b5460c6c0d8f0082b5853f2e48f74686c46690af93d01de9383,0,supported_false,True,True
cities,entity_8c13c49d7c8433403143c08c6863281b29d433e382c967c0b5042571fef12cfe,entity_8c13c49d7c8433403143c08c6863281b29d433e382c967c0b5042571fef12cfe,test,cities:646,The city of Anyang is in China.,2364607b3f92cd31337a57159ba55cb3371ffe0d54f396cd2999f9d6dc8e2dd0,1,supported_true,True,True
cities,entity_8c13c49d7c8433403143c08c6863281b29d433e382c967c0b5042571fef12cfe,entity_8c13c49d7c8433403143c08c6863281b29d433e382c967c0b5042571fef12cfe,test,fact_aa05f8e56e411ab595c21b1bff60ea9b14f02d8606740fc12b8dda91ddd3e6c5,The city of Anyang is in Croatia.,ed9db4f181e60d24bcf1d249ff5e94495974a6c1a6ccd6a673bfe70eebb66e57,0,supported_false,True,True
cities,entity_8cb9f52c757d97af886485fe597991e08bc3a00026e16f96ecd32e4865818163,entity_8cb9f52c757d97af886485fe597991e08bc3a00026e16f96ecd32e4865818163,test,cities:140,The city of Basrah is in Iraq.,e84595ec520d585aba0827af0b5172e7f8cf8268e61e7ce8d2cf383080623798,1,supported_true,True,True
cities,entity_8cb9f52c757d97af886485fe597991e08bc3a00026e16f96ecd32e4865818163,entity_8cb9f52c757d97af886485fe597991e08bc3a00026e16f96ecd32e4865818163,test,fact_b5474d74e801e9e622da1dbcb7af82c3153e1f2d8c02b94da42f3df68b2db234,The city of Basrah is in the Republic of the Congo.,3427a4c280c534065fc143d2c0aa2e99d59b145eccd35e10ba55aa49a4f349a3,0,supported_false,True,True
cities,entity_9031f8da65a21f341aea1c31645400ca80a46d80396a3ef61d771776cf056717,entity_9031f8da65a21f341aea1c31645400ca80a46d80396a3ef61d771776cf056717,test,cities:694,The city of Lubumbashi is in the Democratic Republic of the Congo.,208be68bd825813ce607f3c3d688cdbbbee820b6df0e3d9da4eae1ed50acb58c,1,supported_true,True,True
cities,entity_9031f8da65a21f341aea1c31645400ca80a46d80396a3ef61d771776cf056717,entity_9031f8da65a21f341aea1c31645400ca80a46d80396a3ef61d771776cf056717,test,fact_d8c033d02ad7e2fc9e767f84e3450c514857f7ad2d62c26086dc370ef8e089e2,The city of Lubumbashi is in Mexico.,a2b01dc4937717fc822aaef4c83dc3dd5f402f8c8fa191d9b05604cd15a9ea51,0,supported_false,True,True
cities,entity_903c8c44aec87a2f5e555094a033775bd3b3864d61884cc9625532f001f853da,entity_903c8c44aec87a2f5e555094a033775bd3b3864d61884cc9625532f001f853da,test,cities:374,The city of Bucharest is in Romania.,a7660f0fd57c66422c6d6eb0275494c60375a085159f706f1f2e21e8d1314db0,1,supported_true,True,True
cities,entity_903c8c44aec87a2f5e555094a033775bd3b3864d61884cc9625532f001f853da,entity_903c8c44aec87a2f5e555094a033775bd3b3864d61884cc9625532f001f853da,test,fact_0117acb80144bed00ab84fec4a982b1e36e0e0b78ba57fbe05c3c852df24a149,The city of Bucharest is in Saudi Arabia.,7300ef16688ef6b5661cd8ffe17aa11647aa904f034b454c50792cd0087c04c8,0,supported_false,True,True
cities,entity_90cecd1297a2bd2b4f6d4ec984411f10c8da3a2b233f8203a4abdabe4b47d3f3,entity_90cecd1297a2bd2b4f6d4ec984411f10c8da3a2b233f8203a4abdabe4b47d3f3,test,cities:1340,The city of Arak is in Iran.,ddf9a270c6bd9cadfb1d0baea680efa895a4a0fa0a1c17fcdc7761a3f301a220,1,supported_true,True,True
cities,entity_90cecd1297a2bd2b4f6d4ec984411f10c8da3a2b233f8203a4abdabe4b47d3f3,entity_90cecd1297a2bd2b4f6d4ec984411f10c8da3a2b233f8203a4abdabe4b47d3f3,test,fact_c80d7f0c8ab21abeb0e35fc3b334f9af2c7faec791ab483ac3c54940552b0bd5,The city of Arak is in Bosnia and Herzegovina.,293bf7cd27d03882c13cbf2618e0c63b12deceb84ff201310f58c4276927523e,0,supported_false,True,True
cities,entity_920806d78a2a04c9a711172010f1cb4cdce268aefa39e017fa4778f9cf5859b4,entity_920806d78a2a04c9a711172010f1cb4cdce268aefa39e017fa4778f9cf5859b4,test,cities:272,"The city of Mianzhu, Deyang, Sichuan is in China.",834ea8c5f93c211996098c7d42687977abfa0dd1a2d86798af1c3491c1621ac9,1,supported_true,True,True
cities,entity_920806d78a2a04c9a711172010f1cb4cdce268aefa39e017fa4778f9cf5859b4,entity_920806d78a2a04c9a711172010f1cb4cdce268aefa39e017fa4778f9cf5859b4,test,fact_0c8144093ce7677e085bcdb17d2ea370fbb6eb83d7fa39b9c7c93f3de8ad95f1,"The city of Mianzhu, Deyang, Sichuan is in Egypt.",f587151af3dd123ea8d8850a09dc8c3dca3cfa645a95d58396039ef1de9cb48f,0,supported_false,True,True
cities,entity_927e5f8fb798dfd00d26ab9ac8a90963d8dc05c41b3b1e05bdeb441a9b4877c2,entity_927e5f8fb798dfd00d26ab9ac8a90963d8dc05c41b3b1e05bdeb441a9b4877c2,test,cities:760,The city of Nouakchott is in Mauritania.,20c1ccad80c4601f88d7ddb1bba02b33d37dc20e435a370e612fafffd8157abb,1,supported_true,True,True
cities,entity_927e5f8fb798dfd00d26ab9ac8a90963d8dc05c41b3b1e05bdeb441a9b4877c2,entity_927e5f8fb798dfd00d26ab9ac8a90963d8dc05c41b3b1e05bdeb441a9b4877c2,test,fact_e73d9b3788845368c0779e97dcabc90c7dbb60e28f7eb468279c9cf5abb33abc,The city of Nouakchott is in the Democratic Republic of the Congo.,7191708c1d6764b62af32665ce0c42d04148f157660b63845d9a175e935b3d97,0,supported_false,True,True
cities,entity_9344da85bd6b943eea28309c9af370f53d036b9e68c37743f1e0c310b01041b1,entity_9344da85bd6b943eea28309c9af370f53d036b9e68c37743f1e0c310b01041b1,test,cities:560,The city of General Santos is in the Philippines.,dd29bbd7c75d009ea894f1e736b71fe9c0fbf6e80d7d197701f62e6bd3b50221,1,supported_true,True,True
cities,entity_9344da85bd6b943eea28309c9af370f53d036b9e68c37743f1e0c310b01041b1,entity_9344da85bd6b943eea28309c9af370f53d036b9e68c37743f1e0c310b01041b1,test,fact_2e3ac5a09be230d173f2536f48fd385cb90e1f8b6b76a71e035d5034b775381c,The city of General Santos is in Iran.,0f589b240cfdfabbbd093894d0ffb24959646f84e80916767cccc59819eb5191,0,supported_false,True,True
cities,entity_9443176b85008b47e2ece9026988d373c6908aa97214fc66c8b6437047f489d7,entity_9443176b85008b47e2ece9026988d373c6908aa97214fc66c8b6437047f489d7,test,cities:1202,The city of Thuan An is in Vietnam.,43650db83dd24f1a00bd92d7527554649c64139cd74d1118760f3ed10b77e036,1,supported_true,True,True
cities,entity_9443176b85008b47e2ece9026988d373c6908aa97214fc66c8b6437047f489d7,entity_9443176b85008b47e2ece9026988d373c6908aa97214fc66c8b6437047f489d7,test,fact_9d1a6863e8384391a875014b2626bebe38a4ae764a928955670479785942c832,The city of Thuan An is in Denmark.,d404aba7c5e9c3535b85b9ba9fc56b8588353e15fdfebfd5a1adde4b949e572a,0,supported_false,True,True
cities,entity_947ce7a4274fc517244cbfa1c78b69b37aa2092c19e60269ad10f991f38bc682,entity_947ce7a4274fc517244cbfa1c78b69b37aa2092c19e60269ad10f991f38bc682,test,cities:1100,The city of Tomsk is in Russia.,674fbe3cfbae6f47574691e34810d3ec7613a28fd3e295020b2ebc709fde4314,1,supported_true,True,True
cities,entity_947ce7a4274fc517244cbfa1c78b69b37aa2092c19e60269ad10f991f38bc682,entity_947ce7a4274fc517244cbfa1c78b69b37aa2092c19e60269ad10f991f38bc682,test,fact_e891648d00c6271e0abf704653f971894fd400428ec449915a3e76e48fbc802d,The city of Tomsk is in Côte d'Ivoire.,e85f00edf86cfa5ecde0fa510bfa1e9cdbe33b32a724affba73a35776cfb14bf,0,supported_false,True,True
cities,entity_94e58db2415e654a3e6553d61d321e1220cd5c3ab4d7291a8d3097bd2a043a8b,entity_94e58db2415e654a3e6553d61d321e1220cd5c3ab4d7291a8d3097bd2a043a8b,test,cities:866,The city of Namangan is in Uzbekistan.,8fb8d90bcf8badc835bd8179fcbaa507cffe3342cf978034d2ca5028a68b14e4,1,supported_true,True,True
cities,entity_94e58db2415e654a3e6553d61d321e1220cd5c3ab4d7291a8d3097bd2a043a8b,entity_94e58db2415e654a3e6553d61d321e1220cd5c3ab4d7291a8d3097bd2a043a8b,test,fact_c66753499493777678f127d1be52e06eeee191744d9d37b931a72f4fbfbea30f,The city of Namangan is in Ukraine.,873699acb0ceff58e836cfa623e7a6496ba56762c5480ee835d725cb9b0b908d,0,supported_false,True,True
cities,entity_9592e3ca09d68a2fd8f9e0c1a394358ea74478d00d76c3d83d0c097b4c0c7763,entity_9592e3ca09d68a2fd8f9e0c1a394358ea74478d00d76c3d83d0c097b4c0c7763,test,cities:246,The city of Kampung Baru Subang is in Malaysia.,122b9abb05dee5cbdf2e387c972223fbdf403b70b439064c44bb3432684934d9,1,unresolved,False,False
cities,entity_9592e3ca09d68a2fd8f9e0c1a394358ea74478d00d76c3d83d0c097b4c0c7763,entity_9592e3ca09d68a2fd8f9e0c1a394358ea74478d00d76c3d83d0c097b4c0c7763,test,fact_b59183ee2270e0607e017812d78f19757fe2b83ed769ac6305c6b34e24c3e937,The city of Kampung Baru Subang is in Pakistan.,b430b5fcd291dc7dc64567a8f54c5ac9d079b524217b20a4ed119020201d7722,0,unresolved,False,False
cities,entity_95b0d697f569f983fd05ce7c2144860e0a4a5dad9e5b5cd867b6accaa5e683f5,entity_95b0d697f569f983fd05ce7c2144860e0a4a5dad9e5b5cd867b6accaa5e683f5,test,cities:34,The city of Tokyo is in Japan.,f7a8b668e4110c5838934e621ad6d4b233458a748146804cff6c7321f4c56288,1,supported_true,True,True
cities,entity_95b0d697f569f983fd05ce7c2144860e0a4a5dad9e5b5cd867b6accaa5e683f5,entity_95b0d697f569f983fd05ce7c2144860e0a4a5dad9e5b5cd867b6accaa5e683f5,test,fact_22f466171867134c39a957c74e5dee74ef0d5e281c67fcaf7a956314bbb00087,The city of Tokyo is in the Philippines.,25d61fa0bfc3ac4d4c8aa21f80a683e7f39b2a4ff55b15c60ef1bfc2b4e374fe,0,supported_false,True,True
cities,entity_95e88f843b45b005850edb4ae355a74dc08a656f7b2f141cf7ed93f1cac08860,entity_95e88f843b45b005850edb4ae355a74dc08a656f7b2f141cf7ed93f1cac08860,test,cities:1418,The city of Salta is in Argentina.,f5eec11694c5c407427fbdfe1ad99413e29d4070c5425fb861ef0ad3760fe2aa,1,supported_true,True,True
cities,entity_95e88f843b45b005850edb4ae355a74dc08a656f7b2f141cf7ed93f1cac08860,entity_95e88f843b45b005850edb4ae355a74dc08a656f7b2f141cf7ed93f1cac08860,test,fact_438333a6d2274acd39f90076187328d0242cbd31e361c75df5f8ce48f8eb13c6,The city of Salta is in Germany.,e6d7ca0bfe0cc8de816b4454d6b7914feb08b850fe6305f00a6c6c91dc840946,0,supported_false,True,True
cities,entity_97cab5139911774db82f5bba85cf6a18275c728ff1655a3ea23954219ec3825b,entity_97cab5139911774db82f5bba85cf6a18275c728ff1655a3ea23954219ec3825b,test,cities:530,The city of Dar es Salaam is in Tanzania.,5844c4ce438529379e7439c7df86ce96c77059f175d3186ee9fcd29be4eb57db,1,supported_true,True,True
cities,entity_97cab5139911774db82f5bba85cf6a18275c728ff1655a3ea23954219ec3825b,entity_97cab5139911774db82f5bba85cf6a18275c728ff1655a3ea23954219ec3825b,test,fact_b8693f3c2a5cbc33f70c95a1661e7dd03693c1b6dcc576d9ae42b5dd4dac0731,The city of Dar es Salaam is in Bosnia and Herzegovina.,c7478c8d6a9b153ea8688d803fbd7190cd617ae3391070854c0fd29fe5427155,0,supported_false,True,True
cities,entity_987b1729b159f3eb70ab4b1ccad8f7a6a4e07b504bbfe0a517b01bf0ed24a0a8,entity_987b1729b159f3eb70ab4b1ccad8f7a6a4e07b504bbfe0a517b01bf0ed24a0a8,test,cities:674,The city of Korla is in China.,3763a76532b93134f6f01c6a442d7dab42d7d6af8a0931485ad8f953bab2c611,1,supported_true,True,True
cities,entity_987b1729b159f3eb70ab4b1ccad8f7a6a4e07b504bbfe0a517b01bf0ed24a0a8,entity_987b1729b159f3eb70ab4b1ccad8f7a6a4e07b504bbfe0a517b01bf0ed24a0a8,test,fact_b58040455b88d13b2ebee98abe03558cfbc2a93557b711f16fe14931f4aa14d6,The city of Korla is in Bangladesh.,34dfb2eeab13e715845ea22f228825508178cd2fb9f84a3c25160a103c593fde,0,supported_false,True,True
cities,entity_9f264886d2a9894a3b76c4c59447977823da23ac1f532d5f6efbfc58f5579672,entity_9f264886d2a9894a3b76c4c59447977823da23ac1f532d5f6efbfc58f5579672,test,cities:1090,The city of Rio de Janeiro is in Brazil.,5014669112dca155d4c8b79f7a60be4e5d6c4314b4801ed0b0a1247b8ebf19ec,1,supported_true,True,True
cities,entity_9f264886d2a9894a3b76c4c59447977823da23ac1f532d5f6efbfc58f5579672,entity_9f264886d2a9894a3b76c4c59447977823da23ac1f532d5f6efbfc58f5579672,test,fact_65ffddbd86384ffffc49b70c99e8db591407b997531858cb9e2b58bf112e97e4,The city of Rio de Janeiro is in Iran.,75ae531a9e67c47b1ca72fb354b70b0beb0f4a583de5b90c7d48e6cf41d926cb,0,supported_false,True,True
cities,entity_a2ba89b45fdd785cf34025c6427a0746f18e7d294ac6514c392b1b38d0ee3e06,entity_a2ba89b45fdd785cf34025c6427a0746f18e7d294ac6514c392b1b38d0ee3e06,test,cities:86,The city of Sokoto is in Nigeria.,eb216d2ae9da32368400f40aac63f5f3c32449c3a46ac8e9dbbb87fb1ac67540,1,supported_true,True,True
cities,entity_a2ba89b45fdd785cf34025c6427a0746f18e7d294ac6514c392b1b38d0ee3e06,entity_a2ba89b45fdd785cf34025c6427a0746f18e7d294ac6514c392b1b38d0ee3e06,test,fact_dcedd7e6fa5bc01d1f576209cb003219893bcb776abdc1d105e1da53398d60b2,The city of Sokoto is in Ukraine.,0737ca203dfcebeb6d2fa4b7287f994b436b3c50d223a71169b3ef82a6874bf9,0,supported_false,True,True
cities,entity_a4a92dd03331ee2087f3286b3edead17ca891b2798302ad9e079be588e0a81ca,entity_a4a92dd03331ee2087f3286b3edead17ca891b2798302ad9e079be588e0a81ca,test,cities:1266,The city of Muzaffarabad is in Pakistan.,ad6c9666beff67c8c5291237ab686220dcae3750eead9fc547dcba6656b96afc,1,unresolved,False,False
cities,entity_a4a92dd03331ee2087f3286b3edead17ca891b2798302ad9e079be588e0a81ca,entity_a4a92dd03331ee2087f3286b3edead17ca891b2798302ad9e079be588e0a81ca,test,fact_9f68985db6c13bc424179fbeffa5eda316d5e7a36db19d6a272c8b36b09c5a72,The city of Muzaffarabad is in Eritrea.,fb53f1bcb078171cab829ab3a3819ab9695707ced4c9261e69edae67756477f0,0,supported_false,True,False
cities,entity_a5ffea2114c1c410aa05be4eddaa17fbcc6b902419ed6f85e5efbd4e39998552,entity_a5ffea2114c1c410aa05be4eddaa17fbcc6b902419ed6f85e5efbd4e39998552,test,cities:740,The city of Kharkiv is in Ukraine.,febb36bceff6c7f3b860734c0045933d881723b47a81e863a855e690c30b24c6,1,supported_true,True,True
cities,entity_a5ffea2114c1c410aa05be4eddaa17fbcc6b902419ed6f85e5efbd4e39998552,entity_a5ffea2114c1c410aa05be4eddaa17fbcc6b902419ed6f85e5efbd4e39998552,test,fact_85771ed590a6bb23d47e586eadd793d987af287639376e2415854c7c5baf2a1c,The city of Kharkiv is in Uzbekistan.,341b12cce9b4b20c0d3b719d5c71ea628f5a6c07ce39e548d1b3a570deec0698,0,supported_false,True,True
cities,entity_a7c9970c5ee45d9888bcb3c06164cb7aad7977bf2c65b735e4d50635661a5924,entity_a7c9970c5ee45d9888bcb3c06164cb7aad7977bf2c65b735e4d50635661a5924,test,cities:1036,The city of Tiruppur is in India.,5c4649d0ceed18d6d598bc01e8bef435fc94cdfc109cf8cce7409e2f59a8c444,1,supported_true,True,True
cities,entity_a7c9970c5ee45d9888bcb3c06164cb7aad7977bf2c65b735e4d50635661a5924,entity_a7c9970c5ee45d9888bcb3c06164cb7aad7977bf2c65b735e4d50635661a5924,test,fact_b04066085f55889079fe51e15a45491aad3bc736c0972832cd2c62c1b9c0deed,The city of Tiruppur is in Japan.,79f45034ddfcd904ef473018496567a3e7815a27cfb674d7bba41f0c208094b5,0,supported_false,True,True
cities,entity_ac41d6fb86a376fd8c0239d187b32e322ed1b5124576c549eec173c26d4603d4,entity_ac41d6fb86a376fd8c0239d187b32e322ed1b5124576c549eec173c26d4603d4,test,cities:912,The city of Riga is in Latvia.,003085c8e667d89bec57b7c52e2063d19e3ae0bb7abf789bcf644d8be250676c,1,supported_true,True,True
cities,entity_ac41d6fb86a376fd8c0239d187b32e322ed1b5124576c549eec173c26d4603d4,entity_ac41d6fb86a376fd8c0239d187b32e322ed1b5124576c549eec173c26d4603d4,test,fact_9203c563261bcf5c06f3a51e4938178111cb1fe6767f2abfd10f81d3dbf9f3bc,The city of Riga is in Croatia.,5109456d3977b26eed88c5d868674b9af7a91b7d676a6d8203206f3bdd21704b,0,supported_false,True,True
cities,entity_ad51f804bd24f38b52defe95dbfe3c3ce32adb9f74bdb26ae75b57bca62d7bc3,entity_ad51f804bd24f38b52defe95dbfe3c3ce32adb9f74bdb26ae75b57bca62d7bc3,test,cities:606,The city of Leipzig is in Germany.,dfb6897c8280f55c5b7ecd2be2f2afb2b4ba5891b28fa28db86e27ec25b398fc,1,supported_true,True,True
cities,entity_ad51f804bd24f38b52defe95dbfe3c3ce32adb9f74bdb26ae75b57bca62d7bc3,entity_ad51f804bd24f38b52defe95dbfe3c3ce32adb9f74bdb26ae75b57bca62d7bc3,test,fact_3812be7f498e82187150cdee5aebac9b752f0640177822e7b441335e046fa56a,The city of Leipzig is in Saudi Arabia.,bf6472bb4620c93b60f58c57c4d9bfde65027ed765eee5d0db9e0633a37d0c3c,0,supported_false,True,True
cities,entity_adf2598b0ae0eee0896c9a432a6c17873b5a9ac585d88ca2376451363181352c,entity_adf2598b0ae0eee0896c9a432a6c17873b5a9ac585d88ca2376451363181352c,test,cities:818,The city of Zigong is in China.,a1ffc8e2c2a855cefb5732014d35f7e01ab0b085e2645ce4f6a1d1cef8e0b182,1,supported_true,True,True
cities,entity_adf2598b0ae0eee0896c9a432a6c17873b5a9ac585d88ca2376451363181352c,entity_adf2598b0ae0eee0896c9a432a6c17873b5a9ac585d88ca2376451363181352c,test,fact_72e749657f5de8f50de7228c64dd8cb5ed99d81ff066101ea79405b7220d2abb,The city of Zigong is in Ghana.,5bc2b8ad0e06a7d32579eddf3000b13957f323994ebe9185b16d7e1833b4ae8d,0,supported_false,True,True
cities,entity_b03056fef13c0318b81d44be281e165c6ad7404e24c69bd35a17e2ba796f5867,entity_b03056fef13c0318b81d44be281e165c6ad7404e24c69bd35a17e2ba796f5867,test,cities:524,The city of Novosibirsk is in Russia.,9e604fc6666676945466d3560a75870a83401d53394efd1df04f0cfdcc584e11,1,supported_true,True,True
cities,entity_b03056fef13c0318b81d44be281e165c6ad7404e24c69bd35a17e2ba796f5867,entity_b03056fef13c0318b81d44be281e165c6ad7404e24c69bd35a17e2ba796f5867,test,fact_dda19c88ecdd49c7dd8b0e58c28ef68398e4b49001889cd3ba61826416d6db9a,The city of Novosibirsk is in the Dominican Republic.,58ba88fb26e42db2aabcdb937a1f11899aac1f95afaf691215564115b36ceb9a,0,supported_false,True,True
cities,entity_b1055c6ab3c21b6d10500ea25889245613c46b072852d20884fb2157d015dbe1,entity_b1055c6ab3c21b6d10500ea25889245613c46b072852d20884fb2157d015dbe1,test,cities:30,The city of Guatemala City is in Guatemala.,779ff0e44a6a8c6bd6b90b21d8a5fd6b2563db2f22776b53e23c117fb56d76bb,1,supported_true,True,True
cities,entity_b1055c6ab3c21b6d10500ea25889245613c46b072852d20884fb2157d015dbe1,entity_b1055c6ab3c21b6d10500ea25889245613c46b072852d20884fb2157d015dbe1,test,fact_c9a9b619382af158c980fa410868abd15f097859c508d4f5b0ed78b6530754db,The city of Guatemala City is in India.,c7e5786e3d0747ec660f28dfeaf53369e3de8c621949f64437f5b132a8e2a8c1,0,supported_false,True,True
cities,entity_b214e746ba19b19c9abda8a89f1ebdf3fe4e09f0e2499f2499098ab64f507032,entity_b214e746ba19b19c9abda8a89f1ebdf3fe4e09f0e2499f2499098ab64f507032,test,cities:264,The city of Bareilly is in India.,6e62cafb041f2e10d1c71a946c20389bb19d603f70e68e1ff586af538d0bd6b5,1,supported_true,True,True
cities,entity_b214e746ba19b19c9abda8a89f1ebdf3fe4e09f0e2499f2499098ab64f507032,entity_b214e746ba19b19c9abda8a89f1ebdf3fe4e09f0e2499f2499098ab64f507032,test,fact_dbb85e4de7c080c75dd43edbab298044a17f61093b8f92eb7786903ccef01452,The city of Bareilly is in the Philippines.,a500a222bba416a188441c4b49d36ae73544d2de0eab701fbf4749bbfabde976,0,supported_false,True,True
cities,entity_b33156fa0090572744cc0c6d6b4945a3f7fc13a99b7e93f8808d750ee7037684,entity_b33156fa0090572744cc0c6d6b4945a3f7fc13a99b7e93f8808d750ee7037684,test,cities:626,The city of Seoul is in South Korea.,5512d36584b842f77fb152f0e642af47cd622fbf226a13ac4c11459ce29924b8,1,supported_true,True,True
cities,entity_b33156fa0090572744cc0c6d6b4945a3f7fc13a99b7e93f8808d750ee7037684,entity_b33156fa0090572744cc0c6d6b4945a3f7fc13a99b7e93f8808d750ee7037684,test,fact_1a025a1cba14f5168020f4a277be5594cace29cc234546f527ab20208e4577a4,The city of Seoul is in Sudan.,6e5f568da9bba45f821326016efed7126f0973aefc25a8720f7c67e20067486d,0,supported_false,True,True
cities,entity_b4146c7150070412958ee48d011e1f0af0bff12d81f559feaf224019f17ac20e,entity_b4146c7150070412958ee48d011e1f0af0bff12d81f559feaf224019f17ac20e,test,cities:670,The city of Semarang is in Indonesia.,14594dc891e321f29ad7a3964f774835f373a0a26b3935f74e4e8e8437bfd6b4,1,supported_true,True,True
cities,entity_b4146c7150070412958ee48d011e1f0af0bff12d81f559feaf224019f17ac20e,entity_b4146c7150070412958ee48d011e1f0af0bff12d81f559feaf224019f17ac20e,test,fact_f124ce49aa1907e655f9d4987b168d4018e5df63ec54aa3cb12c2a49002d1845,The city of Semarang is in Syria.,01ee22e0498921c9ac32b798b34d7fb18e431df900498c211ce9063f1042de21,0,supported_false,True,True
cities,entity_b48a8217df9ba44c7ad0ffa2d9ae616f55107c95284413f5642fac69141f9e04,entity_b48a8217df9ba44c7ad0ffa2d9ae616f55107c95284413f5642fac69141f9e04,test,cities:1304,The city of Lanzhou is in China.,1e8092e74877e786eea9140694ae615d294ba72e30bb183a5cb19066494385e1,1,supported_true,True,True
cities,entity_b48a8217df9ba44c7ad0ffa2d9ae616f55107c95284413f5642fac69141f9e04,entity_b48a8217df9ba44c7ad0ffa2d9ae616f55107c95284413f5642fac69141f9e04,test,fact_5762e86e4d764021760ac505e4a91423bee76ea8a4ca1b612a68ca725f1bbe4b,The city of Lanzhou is in Saudi Arabia.,fa7ba203333124cc1c5b781f2ca35cd62568e27cc4919995f931e095bbf72e49,0,supported_false,True,True
cities,entity_b791b4738b432262352ba586e39e4ddb3e9d057eabe0c8cf1b9726e553d8a990,entity_b791b4738b432262352ba586e39e4ddb3e9d057eabe0c8cf1b9726e553d8a990,test,cities:418,The city of Ghaziabad is in India.,e147da98b77d5fd80ea937e924658d72db7cc53a2b774f90b261465f8aad8b91,1,supported_true,True,True
cities,entity_b791b4738b432262352ba586e39e4ddb3e9d057eabe0c8cf1b9726e553d8a990,entity_b791b4738b432262352ba586e39e4ddb3e9d057eabe0c8cf1b9726e553d8a990,test,fact_c1b3d0d1832d8a43a1641d98e851637e80f7924557ec92f2f7d38ea8b3213300,The city of Ghaziabad is in Malawi.,841377f48bc780d99671e105e603032eefc9230411dc8dd24551fd6915b53e7b,0,supported_false,True,True
cities,entity_b8cd6ed7e00d068cbeb61f2b7195869bc5f007db14498c8000fa23d940d9f047,entity_b8cd6ed7e00d068cbeb61f2b7195869bc5f007db14498c8000fa23d940d9f047,test,cities:216,The city of Hanoi is in Vietnam.,ebc165d3c42c3e470769b1b668e67876cd3819b124c03b0117eaabf778eedfd1,1,supported_true,True,True
cities,entity_b8cd6ed7e00d068cbeb61f2b7195869bc5f007db14498c8000fa23d940d9f047,entity_b8cd6ed7e00d068cbeb61f2b7195869bc5f007db14498c8000fa23d940d9f047,test,fact_059c33edcd3f50e9e9c106955031a471814d6eb0cee65cb6a8b98e822aef4bc2,The city of Hanoi is in South Africa.,66b6a3846eede9468ed84f707a16ef9496f365d270a483128f5ec61ae09fbf71,0,supported_false,True,True
cities,entity_baae5bd805669ba054ec6e4b88fe0c0a453b286b1cf65e52d8bc7efc4c11ee35,entity_baae5bd805669ba054ec6e4b88fe0c0a453b286b1cf65e52d8bc7efc4c11ee35,test,cities:416,The city of Cheongju-si is in South Korea.,e94e035c6ca46f4ebd0a855390d82c2e5c1b191e8f3f224383a178488fe318e8,1,supported_true,True,True
cities,entity_baae5bd805669ba054ec6e4b88fe0c0a453b286b1cf65e52d8bc7efc4c11ee35,entity_baae5bd805669ba054ec6e4b88fe0c0a453b286b1cf65e52d8bc7efc4c11ee35,test,fact_75965b01c01e484739d5ef14506856df065ebf1a9b36e4128a26c67869fba881,The city of Cheongju-si is in Malawi.,f4bc0952828f50be033f4d628ce468f1dbaf289661a787a45540690194165a7e,0,supported_false,True,True
cities,entity_c39b7491f88df021b19e85a20ad1fd057ed5745238532fcde9da8653a09a6b4c,entity_c39b7491f88df021b19e85a20ad1fd057ed5745238532fcde9da8653a09a6b4c,test,cities:948,The city of Antananarivo is in Madagascar.,c7dfbdfca52f5fc7e9731df1d7346d9450e9269cae0314e160930a2ec91c0855,1,supported_true,True,True
cities,entity_c39b7491f88df021b19e85a20ad1fd057ed5745238532fcde9da8653a09a6b4c,entity_c39b7491f88df021b19e85a20ad1fd057ed5745238532fcde9da8653a09a6b4c,test,fact_df79b958d4e07ccfb9032b1ffd9c0139bd8570d15d0faf3efbe8f92f6817c7f6,The city of Antananarivo is in Lithuania.,45effdaeec52c91a32415a50e889407e8c89bc60af3043ddad50c57e50fe4b4f,0,supported_false,True,True
cities,entity_c52235a9431cd12cfe797e5ceedaf27332d846bdd70289cde2646cf7952dc032,entity_c52235a9431cd12cfe797e5ceedaf27332d846bdd70289cde2646cf7952dc032,test,cities:656,The city of Shah Alam is in Malaysia.,08ae96a5733882d32c7c91d7dfefbf7687813d4ab0020b6688f5440c12e72853,1,supported_true,True,True
cities,entity_c52235a9431cd12cfe797e5ceedaf27332d846bdd70289cde2646cf7952dc032,entity_c52235a9431cd12cfe797e5ceedaf27332d846bdd70289cde2646cf7952dc032,test,fact_facc292436dd466bb018cd54246123f4f1066c2e1a59254a5b97c675c182b8bc,The city of Shah Alam is in Lithuania.,22e44e1a488f8c7a848ea226a001cd1fc5514bf95bdef55a89e82b6c91f6813d,0,supported_false,True,True
cities,entity_c6496239fcbae52760b673b4b83632e2d524b8721572c90f2ef5f38ead05cef3,entity_c6496239fcbae52760b673b4b83632e2d524b8721572c90f2ef5f38ead05cef3,test,cities:234,The city of Baotou is in China.,494413bebe5faafd4beb2f2cf9cf68677517232e7997ad05b3f212cafa7f458b,1,supported_true,True,True
cities,entity_c6496239fcbae52760b673b4b83632e2d524b8721572c90f2ef5f38ead05cef3,entity_c6496239fcbae52760b673b4b83632e2d524b8721572c90f2ef5f38ead05cef3,test,fact_ddb8103bfe3e9f45affeab5a70c1be24d0c72c00df3eb675d974cd6c033b84d8,The city of Baotou is in Canada.,afa28beb91fdff9e31a2a40a51c32290aa0e65accd8970036da5e6ef3e74a0d4,0,supported_false,True,True
cities,entity_caab6e6e0c031b13d0cc68423ae4849d2c7914ea38cace94cea2e0ecf8925fe8,entity_caab6e6e0c031b13d0cc68423ae4849d2c7914ea38cace94cea2e0ecf8925fe8,test,cities:332,The city of Balikpapan is in Indonesia.,b5f7479c7cad2efd702a5dd339e08f85e9eb0acc0ffeb94fcaca540a60554617,1,supported_true,True,True
cities,entity_caab6e6e0c031b13d0cc68423ae4849d2c7914ea38cace94cea2e0ecf8925fe8,entity_caab6e6e0c031b13d0cc68423ae4849d2c7914ea38cace94cea2e0ecf8925fe8,test,fact_88f545f9d1add73e85dc6069e1a1a3b8d22a6ea889a19bb78522c5777de7109b,The city of Balikpapan is in Mauritania.,d6f16d0c71d93e139a2b1e86b773221ccd3f3f61a9a5b626a84b6a94f719ba5e,0,supported_false,True,True
cities,entity_d1f317c9d000d0e74b77d4f86d0d59c37ec8122e815ec039408d30a2a41db6d3,entity_d1f317c9d000d0e74b77d4f86d0d59c37ec8122e815ec039408d30a2a41db6d3,test,cities:1132,The city of Kleinzschocher is in Germany.,54b864274e3cb657803dd1b6a6706b7410eb75d143c2a0ec4dee2d15dcc0d068,1,supported_true,True,True
cities,entity_d1f317c9d000d0e74b77d4f86d0d59c37ec8122e815ec039408d30a2a41db6d3,entity_d1f317c9d000d0e74b77d4f86d0d59c37ec8122e815ec039408d30a2a41db6d3,test,fact_6fe2636b63386ffb08740f6de4916fcc862a82a8475dfd44638a68daa5f540b8,The city of Kleinzschocher is in Pakistan.,d55192a12a648d83f0c80f0caa2b68920f73e4612243d8b2a31f71a711ccf1da,0,supported_false,True,True
cities,entity_d2df033e4cb4c48236c6ad9dacd59073ab3a48a30daeabeb4b0c202a85e16787,entity_d2df033e4cb4c48236c6ad9dacd59073ab3a48a30daeabeb4b0c202a85e16787,test,cities:1334,The city of Coimbatore is in India.,0b61f9dbee8b73cae01fff485b770cb28bb69e2fdadbcbdcd9f5f71ecc85198b,1,supported_true,True,True
cities,entity_d2df033e4cb4c48236c6ad9dacd59073ab3a48a30daeabeb4b0c202a85e16787,entity_d2df033e4cb4c48236c6ad9dacd59073ab3a48a30daeabeb4b0c202a85e16787,test,fact_7875d8ae50a3123a2c063db68ab616235df3de2c08ab1640aa2d6a629ef55624,The city of Coimbatore is in Japan.,c9a3aa6370b2d859bac05c1fb6e85dded1fb340100046302fa9217fce93c6201,0,supported_false,True,True
cities,entity_d5c48505c11de98eb6b953c3d7f33dc44c84a16cf71fe951e4b133bfa451d60f,entity_d5c48505c11de98eb6b953c3d7f33dc44c84a16cf71fe951e4b133bfa451d60f,test,cities:1452,The city of Maiduguri is in Nigeria.,17b21029988e6593eb036f680eb10c22e06ae733061963bb557b03c53896829f,1,supported_true,True,True
cities,entity_d5c48505c11de98eb6b953c3d7f33dc44c84a16cf71fe951e4b133bfa451d60f,entity_d5c48505c11de98eb6b953c3d7f33dc44c84a16cf71fe951e4b133bfa451d60f,test,fact_2252d3d2240cccb2923a7152db1aacccbf82e8eab1016e2f2e63a59c539d57a5,The city of Maiduguri is in Latvia.,4772e407e1e21646b1c9cd56372b770796feeccd4f1b1138341ea13e543c1b20,0,supported_false,True,True
cities,entity_da1cbb496ec58331e562744126ccfa63998278b338af0218aba5116366ecbaad,entity_da1cbb496ec58331e562744126ccfa63998278b338af0218aba5116366ecbaad,test,cities:814,The city of Aracaju is in Brazil.,a6ac7299618bd4cca0ee5109a50d95cbd70f9c746be4f59c7faa9291c509e79e,1,supported_true,True,True
cities,entity_da1cbb496ec58331e562744126ccfa63998278b338af0218aba5116366ecbaad,entity_da1cbb496ec58331e562744126ccfa63998278b338af0218aba5116366ecbaad,test,fact_3f2ff0f2cc3e143be6940e686c6251cc5c85fbeac09f8ce1263e4cd5cd35ac6c,The city of Aracaju is in Madagascar.,ce1e9763db68e2327592b6bb6970a1ff82fe7238b9067ac4ba03841e37754ba8,0,supported_false,True,True
cities,entity_da5886acf146594b8f47f6528fe8dff8977e275636cf345db8f26951e7b85445,entity_da5886acf146594b8f47f6528fe8dff8977e275636cf345db8f26951e7b85445,test,cities:342,The city of Sarajevo is in Bosnia and Herzegovina.,9798455b0903580aa2e8151be4708b304613c0f83ea8eb4a2a2bfe3ff4bac6e2,1,supported_true,True,True
cities,entity_da5886acf146594b8f47f6528fe8dff8977e275636cf345db8f26951e7b85445,entity_da5886acf146594b8f47f6528fe8dff8977e275636cf345db8f26951e7b85445,test,fact_485ef1499e558d6332e7dbf985dc8efe7339118df0e5f090f9496c6cc4f38ddd,The city of Sarajevo is in Turkey.,87eb08d9fa82379e25cea9167dab682ac4c9e0b5f3c1bf3e62af4be9db88d440,0,supported_false,True,True
cities,entity_db31dc5b3ce9fe46bfad20f987fdad5629eecbfd4f3c187d6f055ebd4f477ce5,entity_db31dc5b3ce9fe46bfad20f987fdad5629eecbfd4f3c187d6f055ebd4f477ce5,test,cities:1014,The city of Wuzhou is in China.,fb8f9d3f65abdeed72be33de0a00650ce1eef9285bcf5da6310892163323f5db,1,supported_true,True,True
cities,entity_db31dc5b3ce9fe46bfad20f987fdad5629eecbfd4f3c187d6f055ebd4f477ce5,entity_db31dc5b3ce9fe46bfad20f987fdad5629eecbfd4f3c187d6f055ebd4f477ce5,test,fact_3b98dc6bd26e44eb0100bb24ed612d4a65f9fd9a0dff0ac75f546fa442327cfe,The city of Wuzhou is in Pakistan.,7411b41dd7da3496835cfb1f74665004b4f5d49a717f894d09a4fdcbab497443,0,supported_false,True,True
cities,entity_dbd7e84d4a68117b658904080939d1aa177853070c49f9f629c7205bae6d4d70,entity_dbd7e84d4a68117b658904080939d1aa177853070c49f9f629c7205bae6d4d70,test,cities:1106,The city of Oklahoma City is in the United States.,204305f67b7947ac3830ff8ef7767529bd603cd1f0c034935ca32b6fdb738255,1,supported_true,True,True
cities,entity_dbd7e84d4a68117b658904080939d1aa177853070c49f9f629c7205bae6d4d70,entity_dbd7e84d4a68117b658904080939d1aa177853070c49f9f629c7205bae6d4d70,test,fact_a3e992f7a97ec81914f852a034ed7ad5c436dad5d9c2035407e59b99447dd390,The city of Oklahoma City is in Gabon.,339ce3ed867163f7ed10c3405b30e246a2f37acf18eab5451fc60be1e0b2d2eb,0,supported_false,True,True
cities,entity_dc1428d832c89a0aee80e71a8e38b056f06a4755a69717928e5755271b459134,entity_dc1428d832c89a0aee80e71a8e38b056f06a4755a69717928e5755271b459134,test,cities:284,The city of Eskisehir is in Turkey.,83066023fad102bc17fcbdc3d322bd93316c52a854c02eaa2880b75942e25f19,1,supported_true,True,True
cities,entity_dc1428d832c89a0aee80e71a8e38b056f06a4755a69717928e5755271b459134,entity_dc1428d832c89a0aee80e71a8e38b056f06a4755a69717928e5755271b459134,test,fact_5fcd8d9be823770784ce151daebb04b1919fe59174c60ab30479921946fa0aef,The city of Eskisehir is in India.,427599a9b4d346a28ff2251f84a6ef33f9c6a69c8b83ec99892e95555b57752d,0,supported_false,True,True
cities,entity_dd1bd51e727c4e09df8c16c4e28bd32f76edc19020c4c721e9ee03b550624ae0,entity_dd1bd51e727c4e09df8c16c4e28bd32f76edc19020c4c721e9ee03b550624ae0,test,cities:40,The city of Warangal is in India.,d83a2500c04518d9a7a421798e4e08cc1235d480b5b7ac581215178cffd0eb11,1,supported_true,True,True
cities,entity_dd1bd51e727c4e09df8c16c4e28bd32f76edc19020c4c721e9ee03b550624ae0,entity_dd1bd51e727c4e09df8c16c4e28bd32f76edc19020c4c721e9ee03b550624ae0,test,fact_6b66856aa76fcb99d5457177f3e4eeefd373c2f306c1a8a9c8fc023c99e352d6,The city of Warangal is in Syria.,9a538b27f6352de86de7e42d5ea470b367fc1aea2f7d910f346c0bcc2f6b9a20,0,supported_false,True,True
cities,entity_df5dc1c6001c1731f35ee939a73c60f3b1025ae2ad52fe92f2acdc305b937b10,entity_df5dc1c6001c1731f35ee939a73c60f3b1025ae2ad52fe92f2acdc305b937b10,test,cities:282,The city of Nyala is in Sudan.,374ddc1211736b6b296dc61d2b655986a04eb842e6f455158ca7eb7956797899,1,supported_true,True,True
cities,entity_df5dc1c6001c1731f35ee939a73c60f3b1025ae2ad52fe92f2acdc305b937b10,entity_df5dc1c6001c1731f35ee939a73c60f3b1025ae2ad52fe92f2acdc305b937b10,test,fact_e9f7614a107b86c2ae09dc01a2af1b1add33ffd454d9747bda647c64e91c576d,The city of Nyala is in the Philippines.,7f06ceb7e1efab2de42bddc7243f620f59f98bc478ac7a24d67268c8614ee39a,0,supported_false,True,True
cities,entity_df7a72b48c8b66b1afe5b01863485310d6a02244e9e9a1c1f305743bab0e40a3,entity_df7a72b48c8b66b1afe5b01863485310d6a02244e9e9a1c1f305743bab0e40a3,test,cities:678,The city of Xiamen is in China.,096726370ee2960037e50926a293b2be0b2c358ce8207c6a06a5b57b24632579,1,supported_true,True,True
cities,entity_df7a72b48c8b66b1afe5b01863485310d6a02244e9e9a1c1f305743bab0e40a3,entity_df7a72b48c8b66b1afe5b01863485310d6a02244e9e9a1c1f305743bab0e40a3,test,fact_582d50e5c0e23bbca36b6ec71e326304ee33c064768da7bc5fb0c1e7b9f71589,The city of Xiamen is in Malawi.,3914a78e23b93525c2cd8a6d665839c3f833754d1643e33113819acedf07f5d9,0,supported_false,True,True
cities,entity_e0234a5fb28cbc6680a77c97af4cb10328fdfe15e7de8bb67c19e39091cd056e,entity_e0234a5fb28cbc6680a77c97af4cb10328fdfe15e7de8bb67c19e39091cd056e,test,cities:382,The city of Oyo is in Nigeria.,5b27119c12279e16679efcf7e4d3890b09b68c137d68f19258feb168a6979bc4,1,supported_true,True,True
cities,entity_e0234a5fb28cbc6680a77c97af4cb10328fdfe15e7de8bb67c19e39091cd056e,entity_e0234a5fb28cbc6680a77c97af4cb10328fdfe15e7de8bb67c19e39091cd056e,test,fact_87975259993747856da2c313a2cc0f86fb79021fc8148ca90634d0533a7da4e3,The city of Oyo is in Canada.,dbc03ac1072a0900c3e0cd888f72dd368da05f5d9cb3da0af0ba4d2795f594ec,0,supported_false,True,True
cities,entity_e477a9988ab3155cb7fb4cf3b86e996aa4dde39729e36ca41e3632d5acba1482,entity_e477a9988ab3155cb7fb4cf3b86e996aa4dde39729e36ca41e3632d5acba1482,test,cities:182,The city of Porto Velho is in Brazil.,d9b59cbb7f7236d12f294bb9ac38bdadde25e494fdf9bc643f7765b7be7d7e13,1,supported_true,True,True
cities,entity_e477a9988ab3155cb7fb4cf3b86e996aa4dde39729e36ca41e3632d5acba1482,entity_e477a9988ab3155cb7fb4cf3b86e996aa4dde39729e36ca41e3632d5acba1482,test,fact_6e7fd24a3bf0b1c6fee975b6c43f461ff7500ed63b1e1b53ff57a94b069c9d0d,The city of Porto Velho is in Yemen.,e787be9aa85cd72eb0a4db3a823cf09ea4b4a3f184a9299ec86c0b6431349d6f,0,supported_false,True,True
cities,entity_e597c8c130125f1ac3ff827438fce263c561414a7f2104d61e9264e2d42a9044,entity_e597c8c130125f1ac3ff827438fce263c561414a7f2104d61e9264e2d42a9044,test,cities:1494,The city of Tangerang is in Indonesia.,4aedbde9ee06882ec8dbd21635b78fad1b86b0497217cc39b0e5c32e6b45652d,1,supported_true,True,True
cities,entity_e597c8c130125f1ac3ff827438fce263c561414a7f2104d61e9264e2d42a9044,entity_e597c8c130125f1ac3ff827438fce263c561414a7f2104d61e9264e2d42a9044,test,fact_26f51bf55a6218796b802c3d09726f3d726357495efb186301c06ad4be1a2706,The city of Tangerang is in Egypt.,ad9d705a70a09e44dab85b763c07051bb572efde0c9cb236e02e4c25ad58f909,0,supported_false,True,True
cities,entity_e68e12df518d70f585f131c4688621cb9f67e24627bdd06fc91e784f248ab35a,entity_e68e12df518d70f585f131c4688621cb9f67e24627bdd06fc91e784f248ab35a,test,cities:1284,The city of Gaziantep is in Turkey.,06a1e83f91db93d5c9646c3652453711d240b524e6be4f6abcd192bc94df89d3,1,supported_true,True,True
cities,entity_e68e12df518d70f585f131c4688621cb9f67e24627bdd06fc91e784f248ab35a,entity_e68e12df518d70f585f131c4688621cb9f67e24627bdd06fc91e784f248ab35a,test,fact_5039597bd8fec3dbd447f8706277342ec17c8dc40e8516f25523d1e8e5002e8b,The city of Gaziantep is in Bosnia and Herzegovina.,ddb20cdfd2dfa40ebb1d105418e7a94391501b6c2836485e5f31fed626b0867a,0,supported_false,True,True
cities,entity_e876bfa48684caf7b28ba29e153a6b421056bbb7c8a0917071245ab8084a05d3,entity_e876bfa48684caf7b28ba29e153a6b421056bbb7c8a0917071245ab8084a05d3,test,cities:988,The city of Cangzhou is in China.,e113f729ff04f8d0633221209dbf57777dad3b035ece3c009aad0b42ccb044ac,1,supported_true,True,True
cities,entity_e876bfa48684caf7b28ba29e153a6b421056bbb7c8a0917071245ab8084a05d3,entity_e876bfa48684caf7b28ba29e153a6b421056bbb7c8a0917071245ab8084a05d3,test,fact_2fe04c76f69f4e2da8f784ebde53080d2a061a9401c15dc48f5473e674c07e63,The city of Cangzhou is in Madagascar.,4f40c75b5caface2e9222c83776ed478f2a25dd5fb1491886e532813daf60aa2,0,supported_false,True,True
cities,entity_eb6ae9db22ce5d80ee0e1236464733b7fafeaa4c6de794b486a100e01fa88ff6,entity_eb6ae9db22ce5d80ee0e1236464733b7fafeaa4c6de794b486a100e01fa88ff6,test,cities:586,The city of Munich is in Germany.,1149b8245448f4acddeedf60c1ae76da352c4616deda869ce536b321131ecdee,1,supported_true,True,True
cities,entity_eb6ae9db22ce5d80ee0e1236464733b7fafeaa4c6de794b486a100e01fa88ff6,entity_eb6ae9db22ce5d80ee0e1236464733b7fafeaa4c6de794b486a100e01fa88ff6,test,fact_fe3999dd42b088295071199141d6c22befa2c7d6739c5ffd73de4d342b3e184a,The city of Munich is in Pakistan.,2fb199628957b60b15a5ab22cf974ea8fd3206df2a5abf2332d9208b50c57c21,0,supported_false,True,True
cities,entity_ec54fffb9194d82ba2c64198f46bf7d35c9ed6974ba9e1bd5c639989fd87c70c,entity_ec54fffb9194d82ba2c64198f46bf7d35c9ed6974ba9e1bd5c639989fd87c70c,test,cities:22,The city of Huaihua is in China.,a43680ccdcf53480d6b32ea9a512ef90a89d69b98ede3e51c0c5212fcf7ebedf,1,supported_true,True,True
cities,entity_ec54fffb9194d82ba2c64198f46bf7d35c9ed6974ba9e1bd5c639989fd87c70c,entity_ec54fffb9194d82ba2c64198f46bf7d35c9ed6974ba9e1bd5c639989fd87c70c,test,fact_142fbaf9aee4c0d571bb4336a00e2636520599c1f873af5430e9d72be07ab72e,The city of Huaihua is in the Democratic Republic of the Congo.,72f0691e78f60468bb464230c76013e3f804ce6f7c29ad41310ee85bd316798f,0,supported_false,True,True
cities,entity_ece3c82cf20f35a2092de9d346eb015e039dfe50c83385a0f412df1130993211,entity_ece3c82cf20f35a2092de9d346eb015e039dfe50c83385a0f412df1130993211,test,cities:1250,The city of Guigang is in China.,95bfb9db8806cd097d089d7ad112249623378d46b63b010dc517eab5380950ea,1,supported_true,True,True
cities,entity_ece3c82cf20f35a2092de9d346eb015e039dfe50c83385a0f412df1130993211,entity_ece3c82cf20f35a2092de9d346eb015e039dfe50c83385a0f412df1130993211,test,fact_d88f004c444b17982cef7a624b7f47fd65f51e894b23515c1fa7316ef6efb96b,The city of Guigang is in Côte d'Ivoire.,38ad1081dd6a50aa026bb7ae67056bebf85a82be0db57c69e7226dfdb07faff0,0,supported_false,True,True
cities,entity_ed60373081bad01fd201e5ccaac21680c25201a5f1182bd04bfb0ac6e20288f2,entity_ed60373081bad01fd201e5ccaac21680c25201a5f1182bd04bfb0ac6e20288f2,test,cities:796,The city of Zhangjiagang is in China.,94de93dae86f689950ec4068a65f357651c68bc76931b31de636556a9d7d1b5d,1,supported_true,True,True
cities,entity_ed60373081bad01fd201e5ccaac21680c25201a5f1182bd04bfb0ac6e20288f2,entity_ed60373081bad01fd201e5ccaac21680c25201a5f1182bd04bfb0ac6e20288f2,test,fact_ee4c46933ff5f4d609cbcce573d06540503e67982a5dac3a32f59232b5c12f1c,The city of Zhangjiagang is in Argentina.,37644cddf7a0022270df688a9f4e3cb51758335b149b9e96cdd954e3531389bc,0,supported_false,True,True
cities,entity_ee756c15ed16cfa1a62f2d1633cf788033a2de1a43f8c351c5247e51596789db,entity_ee756c15ed16cfa1a62f2d1633cf788033a2de1a43f8c351c5247e51596789db,test,cities:240,The city of Ciudad Nezahualcoyotl is in Mexico.,c6670ad62e31988525230d24da9cf14521743250c689eba93a9c3a3c78341187,1,supported_true,True,True
cities,entity_ee756c15ed16cfa1a62f2d1633cf788033a2de1a43f8c351c5247e51596789db,entity_ee756c15ed16cfa1a62f2d1633cf788033a2de1a43f8c351c5247e51596789db,test,fact_f3653d37ce77f2dd21b1f1fba9fcb0c3cc258c5f3d1b7e31b2929b8cd1a9f9eb,The city of Ciudad Nezahualcoyotl is in China.,db555683804436906f91cd6e3d3838fe4297264eb31859b60606f9b89179b9d2,0,supported_false,True,True
cities,entity_f0ce3881fa596d22e7aabf99a6e67e41ed07fdc5de550a732d1701587b0f479f,entity_f0ce3881fa596d22e7aabf99a6e67e41ed07fdc5de550a732d1701587b0f479f,test,cities:1070,The city of Thiruvananthapuram is in India.,5e80bfcadbee95d0ca6b764e2eb1b23074f36804e6358d61047745091da95133,1,supported_true,True,True
cities,entity_f0ce3881fa596d22e7aabf99a6e67e41ed07fdc5de550a732d1701587b0f479f,entity_f0ce3881fa596d22e7aabf99a6e67e41ed07fdc5de550a732d1701587b0f479f,test,fact_49cafb04fa3311a739dfe02301a904cbb46e458f232f6d92652d3da87756e01e,The city of Thiruvananthapuram is in Ukraine.,ea068a2cf8d9ee0363181c396ff797f29daff57a5c0ad65c776f9a6b4096f55a,0,supported_false,True,True
cities,entity_f7d8c4233cc2c1fa46f6af8eef712fc46292a1e7cad821e69e13370d00d5313d,entity_f7d8c4233cc2c1fa46f6af8eef712fc46292a1e7cad821e69e13370d00d5313d,test,cities:510,The city of Kaifeng is in China.,941187476703ce0a33987bd120bd021b8ff95eb30c3126ca52a76df743b3cab5,1,supported_true,True,True
cities,entity_f7d8c4233cc2c1fa46f6af8eef712fc46292a1e7cad821e69e13370d00d5313d,entity_f7d8c4233cc2c1fa46f6af8eef712fc46292a1e7cad821e69e13370d00d5313d,test,fact_ce5beaded4a4fc99e2d6ae332b4feadf4d5324024b1251bcdcad0b13b970a92d,The city of Kaifeng is in Brazil.,e0f2c9119fae6d0b1c6d7fccd945523c4a8101a6a88537ed03fbe2bdb6bfa4ce,0,supported_false,True,True
cities,entity_f7e3152701c3848089a45bbf3c80c7a6dc79b1a48d7d82d7637d479c9ab1e4c7,entity_f7e3152701c3848089a45bbf3c80c7a6dc79b1a48d7d82d7637d479c9ab1e4c7,test,cities:564,The city of Benin City is in Nigeria.,5c4bdae38bf562bad8f6a3584f8de43e89eb59da9a3ab72dc1d8216c641eef6d,1,supported_true,True,True
cities,entity_f7e3152701c3848089a45bbf3c80c7a6dc79b1a48d7d82d7637d479c9ab1e4c7,entity_f7e3152701c3848089a45bbf3c80c7a6dc79b1a48d7d82d7637d479c9ab1e4c7,test,fact_d4c83602c03236705acb50546003bd63e035dc2ad26b490cfb0b84bfbc58cbca,The city of Benin City is in Yemen.,5b99063cc4248893966a1e5246d2c22721d7a5aea758101e1f45aa5ab3debb78,0,supported_false,True,True
cities,entity_ff706163f2bd4abc3d16c0f1dacbf73b8937229d68049991d498f969a9e49476,entity_ff706163f2bd4abc3d16c0f1dacbf73b8937229d68049991d498f969a9e49476,test,cities:746,The city of Kyiv is in Ukraine.,1f3cd8c54feeed1708decacf27468d74b50c5b4abe08899e31a1425b5918223f,1,supported_true,True,True
cities,entity_ff706163f2bd4abc3d16c0f1dacbf73b8937229d68049991d498f969a9e49476,entity_ff706163f2bd4abc3d16c0f1dacbf73b8937229d68049991d498f969a9e49476,test,fact_bf6702b8c69a37bacec22a095ccefa04f253ec1c8a91448ea5b506f6dfffd0af,The city of Kyiv is in the Dominican Republic.,384800d58fec0b05edc087ff0494ba0c8648a495aedf5c7c5c35ad155f80f5b5,0,supported_false,True,True
element_symb,entity_02870af2512ca928147e6ccb99d7d584de9c2b69f659da2f747566353e2c00c0,entity_02870af2512ca928147e6ccb99d7d584de9c2b69f659da2f747566353e2c00c0,test,element_symb:69,Niobium has the symbol Nb.,2c2a3e719bee43a7285be057ee51ade4393dfa3933d9e61c5fd569c022174855,1,supported_true,True,True
element_symb,entity_02870af2512ca928147e6ccb99d7d584de9c2b69f659da2f747566353e2c00c0,entity_02870af2512ca928147e6ccb99d7d584de9c2b69f659da2f747566353e2c00c0,test,fact_89d616dbf39949632d1dd4041d3e32ef81618206b2481e903115cc7bc8b733f4,Niobium has the symbol Eu.,fdf1206baa845a93605ff0bd7d805982ee48bdf3ae1f577973f208548da714de,0,supported_false,True,True
element_symb,entity_1897a81fcf47eb0eb99d96e66d1b6b5ba5f59897dbd61456fc313eaf7c1134a5,entity_1897a81fcf47eb0eb99d96e66d1b6b5ba5f59897dbd61456fc313eaf7c1134a5,test,element_symb:132,Lanthanum has the symbol La.,00f83d88f06d5c222ee4c9b1704c0b40a98fe896d0c04d195c37de2e51ff9e65,1,supported_true,True,True
element_symb,entity_1897a81fcf47eb0eb99d96e66d1b6b5ba5f59897dbd61456fc313eaf7c1134a5,entity_1897a81fcf47eb0eb99d96e66d1b6b5ba5f59897dbd61456fc313eaf7c1134a5,test,fact_eb6294c184bcc971523ee7d5d9e8fbd492b8ee0b1ec49fb29cddebaee07d850b,Lanthanum has the symbol Ru.,5587f6df29936004ba624cd7efc0f3606edbdd504b103fac0036b27bfe064696,0,supported_false,True,True
element_symb,entity_287d673c970523b8e0007d1252a9fa388caf8b9457a1d674736c990401625a06,entity_287d673c970523b8e0007d1252a9fa388caf8b9457a1d674736c990401625a06,test,element_symb:94,Zinc has the symbol Zn.,943688558320e33f7c26c8a69ab858a63ec64751313f2d92fc6e9719128da9c9,1,supported_true,True,True
element_symb,entity_287d673c970523b8e0007d1252a9fa388caf8b9457a1d674736c990401625a06,entity_287d673c970523b8e0007d1252a9fa388caf8b9457a1d674736c990401625a06,test,fact_f12281db390e7561578995389d4d0f6090b2e97459adca58985e1ef83ee49c28,Zinc has the symbol Be.,a9b19a627ffd47d467290a007bafa95142688d5fd4f363299735337a63b6bfd2,0,supported_false,True,True
element_symb,entity_3021c5bb3b075f8174619a1895a90d82045d277f7f35ec0d910f1c776fb0e006,entity_3021c5bb3b075f8174619a1895a90d82045d277f7f35ec0d910f1c776fb0e006,test,element_symb:120,Vanadium has the symbol V.,37e87898e609919e780410384150ba752c899f37e89907b3b68a2395bd419538,1,supported_true,True,True
element_symb,entity_3021c5bb3b075f8174619a1895a90d82045d277f7f35ec0d910f1c776fb0e006,entity_3021c5bb3b075f8174619a1895a90d82045d277f7f35ec0d910f1c776fb0e006,test,fact_0a3646534ff28fb6bf3aecfc4856131846b923e88d10da84bd2e52ecfa9f9dd0,Vanadium has the symbol Pt.,6471be0c7b2b6c710fef113a261924741187cf5e2689121752af40e6cfbd1bd4,0,supported_false,True,True
element_symb,entity_3172821bf6b53a9499933e9de803ccc3dbb9e1762a35a8a6eebd7f764c615edc,entity_3172821bf6b53a9499933e9de803ccc3dbb9e1762a35a8a6eebd7f764c615edc,test,element_symb:169,Platinum has the symbol Pt.,e9938d46f7131f4e5b90051ab15ebfc5240a8c9764aca06da6d04ffb80bca998,1,supported_true,True,True
element_symb,entity_3172821bf6b53a9499933e9de803ccc3dbb9e1762a35a8a6eebd7f764c615edc,entity_3172821bf6b53a9499933e9de803ccc3dbb9e1762a35a8a6eebd7f764c615edc,test,fact_fd3c1576bee22441fb846fd06d25210bb4a58c5b03da743e11922878e018a429,Platinum has the symbol Cu.,1fdd965c8bd803e3428556ff42dff4e2fcd1dbb4c8ca0069694a05af27af4a0a,0,supported_false,True,True
element_symb,entity_318b830c83e61a7b6959fec33d8c4063fbd792e0ec0f84cf660c0d422b8a578e,entity_318b830c83e61a7b6959fec33d8c4063fbd792e0ec0f84cf660c0d422b8a578e,test,element_symb:16,Europium has the symbol Eu.,cf3738855f04fbc2c24368818d20fa1f9ae9ee775b93cdd9ce5831b0dbd6ce67,1,supported_true,True,True
element_symb,entity_318b830c83e61a7b6959fec33d8c4063fbd792e0ec0f84cf660c0d422b8a578e,entity_318b830c83e61a7b6959fec33d8c4063fbd792e0ec0f84cf660c0d422b8a578e,test,fact_44ab2ae1982566bdb87eee976ddf4a19108f0d1cba8bbdde9fa8f09cd3c8b452,Europium has the symbol Cu.,fce911df0595f35b0ba78d03be3eaa9952042808f51545d4ac37a21624992db1,0,supported_false,True,True
element_symb,entity_3be983c2b9534b240848210981415096910cbf16368577a8b69bd6869aed5dc2,entity_3be983c2b9534b240848210981415096910cbf16368577a8b69bd6869aed5dc2,test,element_symb:47,Bromine has the symbol Br.,f6ea823071bdeed515393998046a52732320b2fd44967fa72dff6ad0e17d08c8,1,supported_true,True,True
element_symb,entity_3be983c2b9534b240848210981415096910cbf16368577a8b69bd6869aed5dc2,entity_3be983c2b9534b240848210981415096910cbf16368577a8b69bd6869aed5dc2,test,fact_217f3dd430e79313078eaf86689aba8ace3729de51701e3a2f4c6690af6638b6,Bromine has the symbol Cu.,f4c2b8e18fee6019940c902b5aa0e6e59b7364465e6cea208c96e6f7ba153f1b,0,supported_false,True,True
element_symb,entity_4d5fd687ba9084730dbac9c8d33cc3e8b17c84a4c3d46f3e5fd3d71e9827b874,entity_4d5fd687ba9084730dbac9c8d33cc3e8b17c84a4c3d46f3e5fd3d71e9827b874,test,element_symb:31,Hafnium has the symbol Hf.,23f3ef4b651026fde3c5a1f09cc523691181156dbe59314aacc5986f4a971258,1,supported_true,True,True
element_symb,entity_4d5fd687ba9084730dbac9c8d33cc3e8b17c84a4c3d46f3e5fd3d71e9827b874,entity_4d5fd687ba9084730dbac9c8d33cc3e8b17c84a4c3d46f3e5fd3d71e9827b874,test,fact_eba10692ef9a69f1677f96326e9f67e90f8d4abb9de46b31d5589e92584a7ff5,Hafnium has the symbol Eu.,c36338cb8f9e0f199c7a8c858aca2b092c025c2fc248ef3fac504144298959d0,0,supported_false,True,True
element_symb,entity_5952ba0499d37cd58ccbffce01f4f074cd73ad116e1b22c2a1c6f62cdd377ace,entity_5952ba0499d37cd58ccbffce01f4f074cd73ad116e1b22c2a1c6f62cdd377ace,test,element_symb:112,Astatine has the symbol At.,a5f95a591a436a903d79542f86155dbf0737106f954625d94b7dd0516a165387,1,supported_true,True,True
element_symb,entity_5952ba0499d37cd58ccbffce01f4f074cd73ad116e1b22c2a1c6f62cdd377ace,entity_5952ba0499d37cd58ccbffce01f4f074cd73ad116e1b22c2a1c6f62cdd377ace,test,fact_867a747bc9ddd5566cf4b1d6cfb57032fb43f636bb91625101ca7684ce5cca75,Astatine has the symbol Nb.,b912e30a0ff0abd6d3d2a3fb3fdd19825072b58fe3a2afe64c376eb4d316cd65,0,supported_false,True,True
element_symb,entity_68db2d31c0379c656a5518479bed68d282daf164cf33f311e932ba2680eb83cb,entity_68db2d31c0379c656a5518479bed68d282daf164cf33f311e932ba2680eb83cb,test,element_symb:3,Beryllium has the symbol Be.,593b15101f44bfbf7a61ea189a25709a591b85736e93acc8dea3aa680b2fd942,1,supported_true,True,True
element_symb,entity_68db2d31c0379c656a5518479bed68d282daf164cf33f311e932ba2680eb83cb,entity_68db2d31c0379c656a5518479bed68d282daf164cf33f311e932ba2680eb83cb,test,fact_153b70d0e40774644fa61fb2a3ff357c52def3e774594da856f4ea327005aaa5,Beryllium has the symbol At.,603e08b7ff16b44a54066fd876fcf76d32abc0dcb479fd079fa7717e2fe40582,0,supported_false,True,True
element_symb,entity_69e50b9c64e1fd238b245aff37907cc5d63da11a129d9af1e9e0e9b689e2c520,entity_69e50b9c64e1fd238b245aff37907cc5d63da11a129d9af1e9e0e9b689e2c520,test,element_symb:179,Manganese has the symbol Mn.,84a024309adb146c80b30dd4d9710958eafaafedf82bca30bafb553457cefd58,1,supported_true,True,True
element_symb,entity_69e50b9c64e1fd238b245aff37907cc5d63da11a129d9af1e9e0e9b689e2c520,entity_69e50b9c64e1fd238b245aff37907cc5d63da11a129d9af1e9e0e9b689e2c520,test,fact_454144f85f5462c83448a8e2a4811390b18699e1f534dcc903d88cc4805f1b70,Manganese has the symbol Eu.,124eab4898e7bde4c48fe11f2931eec05d23f578fc1c9a7e0b9b89d7b71b2bae,0,supported_false,True,True
element_symb,entity_7ccdf21118f9d80b2abe9680ff4aa223e91a11653d6ab81bf2818bf6f93208fe,entity_7ccdf21118f9d80b2abe9680ff4aa223e91a11653d6ab81bf2818bf6f93208fe,test,element_symb:130,Silicon has the symbol Si.,223dc34519e73146a20b30f1421f670d1b1f7316e122be63b98aff165360b2da,1,supported_true,True,True
element_symb,entity_7ccdf21118f9d80b2abe9680ff4aa223e91a11653d6ab81bf2818bf6f93208fe,entity_7ccdf21118f9d80b2abe9680ff4aa223e91a11653d6ab81bf2818bf6f93208fe,test,fact_8bd0785dba96cee3303fd8d8d4805ba79c4f260aaffd8f462beb517172b62b11,Silicon has the symbol La.,ba6ef2517bead1f6ecc2dd010e8398ff78eb8f9204ff6658304d2e4173b757c2,0,supported_false,True,True
element_symb,entity_8453bcb3a171940f5c5b06b765ec2ea49f404a0037a935863df06d15c473c3ce,entity_8453bcb3a171940f5c5b06b765ec2ea49f404a0037a935863df06d15c473c3ce,test,element_symb:8,Rubidium has the symbol Rb.,00472aeb4c1866fe0b69e58bd35e4fbb7c2df5f3eb3763aca6e6a3e87b0d4a9e,1,supported_true,True,True
element_symb,entity_8453bcb3a171940f5c5b06b765ec2ea49f404a0037a935863df06d15c473c3ce,entity_8453bcb3a171940f5c5b06b765ec2ea49f404a0037a935863df06d15c473c3ce,test,fact_f16575f203967c543139fc7cb0dadd85cbb5f787f4452d65a32024b872f85f80,Rubidium has the symbol Ru.,6389dfa9596c09083e4560127a74c33f47648e6aae60ea4e025641c666f3c2f2,0,supported_false,True,True
element_symb,entity_ab4e34beb8b76532fdfaf80faa8238237575777c5bca74b619aae732882872a0,entity_ab4e34beb8b76532fdfaf80faa8238237575777c5bca74b619aae732882872a0,test,element_symb:90,Sodium has the symbol Na.,2b14b080b7be417a24e8437a52b65cd13a3a66d919f411e6a1c4dc4b8c594635,1,supported_true,True,True
element_symb,entity_ab4e34beb8b76532fdfaf80faa8238237575777c5bca74b619aae732882872a0,entity_ab4e34beb8b76532fdfaf80faa8238237575777c5bca74b619aae732882872a0,test,fact_d381c401458bc246a5688ef2c408b4ab58d33e1962e091661166fa1d26ea70fd,Sodium has the symbol Si.,512bcd19397aeec5f1eec68ad67e129ac0b786b56ef4a74a42db64ccb0eec8f5,0,supported_false,True,True
element_symb,entity_c856fcd70242c3316c3ec3d8d6e6eeebac3da7e7a771f9474f67ad9486b72986,entity_c856fcd70242c3316c3ec3d8d6e6eeebac3da7e7a771f9474f67ad9486b72986,test,element_symb:17,Chlorine has the symbol Cl.,822a66bb2e6c0744a38d64f42a389e3789fada3df5122dbd5451e19dfe2099ef,1,supported_true,True,True
element_symb,entity_c856fcd70242c3316c3ec3d8d6e6eeebac3da7e7a771f9474f67ad9486b72986,entity_c856fcd70242c3316c3ec3d8d6e6eeebac3da7e7a771f9474f67ad9486b72986,test,fact_417cdff7bf4d91017426b1bafa1bab38bd31878521d2cf6af28622aeaffa7277,Chlorine has the symbol Hf.,1e65472e8a46d5c4371275518bcf8f672da61867da6f6116766838f08d729625,0,supported_false,True,True
element_symb,entity_ccae23d97ac14d365c3f178d3e6308c6ae577b7196e1d58acc4101aad396f4bb,entity_ccae23d97ac14d365c3f178d3e6308c6ae577b7196e1d58acc4101aad396f4bb,test,element_symb:96,Ruthenium has the symbol Ru.,efee435e7ea7e796226189fbe7bbd865ce3073c91d7c5db3019b7ed2523a821f,1,supported_true,True,True
element_symb,entity_ccae23d97ac14d365c3f178d3e6308c6ae577b7196e1d58acc4101aad396f4bb,entity_ccae23d97ac14d365c3f178d3e6308c6ae577b7196e1d58acc4101aad396f4bb,test,fact_544855cd0bf78318f4b00820cb67961135331e3ccd88a377497afbc5de9f0f26,Ruthenium has the symbol Cl.,177e7383ed90f2037ff0bbfcafafcba6dec805d724beb3903142eaf1190f1ee2,0,supported_false,True,True
element_symb,entity_d59e54cedb4301ace364129df55d9266b3a6900ca5a092a593a5d7905c07fbdf,entity_d59e54cedb4301ace364129df55d9266b3a6900ca5a092a593a5d7905c07fbdf,test,element_symb:87,Cobalt has the symbol Co.,408a00b04d4e212d79eda2b893f83556a954e75a0bf163a6d22acdbddb2231d7,1,supported_true,True,True
element_symb,entity_d59e54cedb4301ace364129df55d9266b3a6900ca5a092a593a5d7905c07fbdf,entity_d59e54cedb4301ace364129df55d9266b3a6900ca5a092a593a5d7905c07fbdf,test,fact_5a818ec1aaf4b7ce5d54f87dac13433a4eb305976aee9b5084a1e0c7a6a9994a,Cobalt has the symbol Mn.,5aeaaf85894e2728b810879562fd3e3416754cf1ce5726c108f0af4a6d99a19c,0,supported_false,True,True
element_symb,entity_db4ec023a62036519020e477848507716a1e6a2b708690414b314d8af02c0aa1,entity_db4ec023a62036519020e477848507716a1e6a2b708690414b314d8af02c0aa1,test,element_symb:141,Copper has the symbol Cu.,ce6d821cbb365a9fe610428cfc9a27e1adc5f3a65adc9df8c0c13601e78b2e89,1,supported_true,True,True
element_symb,entity_db4ec023a62036519020e477848507716a1e6a2b708690414b314d8af02c0aa1,entity_db4ec023a62036519020e477848507716a1e6a2b708690414b314d8af02c0aa1,test,fact_2328223149163b944e91dcba7632fd549781f15b908a62bfb6f730c512ed77f4,Copper has the symbol Si.,6b694cc9ddd7ca47e41d4904313e83cea3b4bf7edc6120081c16042320c18a9b,0,supported_false,True,True
inventors,entity_01d07358e572f919b1bcd6bfd7b8ce65d0ec24dac817e32f2f07ab89ffd79470,entity_01d07358e572f919b1bcd6bfd7b8ce65d0ec24dac817e32f2f07ab89ffd79470,test,inventors:220,George Antheil lived in the U.S.,e3b7c76a12520e276bc4bfa07ec388e19cafb3b01867a73608b80ba10d18e84b,1,supported_true,True,False
inventors,entity_01d07358e572f919b1bcd6bfd7b8ce65d0ec24dac817e32f2f07ab89ffd79470,entity_01d07358e572f919b1bcd6bfd7b8ce65d0ec24dac817e32f2f07ab89ffd79470,test,fact_a89ec827a0cbe03b077fdbb11d5b9c1ca3c644c1cc0adb3dc493302d5cb7262a,George Antheil lived in Scotland.,ed800922982a84154a545efec5033d9a9597a93d302ea67a470aad9037c6b20a,0,unresolved,False,False
inventors,entity_05e148cd1318fda34ebac3b15c1ae66f01ba64eaa8de6f92d3c2089e02d9a1d8,entity_05e148cd1318fda34ebac3b15c1ae66f01ba64eaa8de6f92d3c2089e02d9a1d8,test,inventors:376,Elihu Thomson lived in the U.S.,0c26368982b24a468d6ea682e6027a5a6ea365f18ae7d46f0a1445b0979352de,1,supported_true,True,False
inventors,entity_05e148cd1318fda34ebac3b15c1ae66f01ba64eaa8de6f92d3c2089e02d9a1d8,entity_05e148cd1318fda34ebac3b15c1ae66f01ba64eaa8de6f92d3c2089e02d9a1d8,test,fact_9da64f93a06dfb9665ec1fb96839711632424ddd5abc0c0b76fde59505cccd1c,Elihu Thomson lived in Italy.,de79ba3ca9624d8c9c48adddd8385a5dbb60efcc902a8b00e038fc3a3e9e7ea7,0,unresolved,False,False
inventors,entity_07bd40d9106e48382c7ca3441bc338d00611dc568902c9bbd277b8cbd0d62b61,entity_07bd40d9106e48382c7ca3441bc338d00611dc568902c9bbd277b8cbd0d62b61,test,inventors:75,Richard Leach Maddox lived in the U.K.,98b8689a7738b46c0178aab476d6b844a7d19491deca35bf5fa909641506f083,1,supported_true,True,False
inventors,entity_07bd40d9106e48382c7ca3441bc338d00611dc568902c9bbd277b8cbd0d62b61,entity_07bd40d9106e48382c7ca3441bc338d00611dc568902c9bbd277b8cbd0d62b61,test,fact_f494687dc3f75d9f74b38e94ca8a134ea7d39dc5349aa9bd80c059ad8e40cd5d,Richard Leach Maddox lived in Scotland.,c807ece3b680404b06495acca54599f262035a1b623e8577a2c86194a5c9a777,0,unresolved,False,False
inventors,entity_111c3d3ad4024aff615cb89c394b5d2313d95309202700f96c3941e6ed078ca7,entity_111c3d3ad4024aff615cb89c394b5d2313d95309202700f96c3941e6ed078ca7,test,inventors:333,James Hargreaves lived in the U.K.,9234b6a43c81f28f3c66203ad0208870c8b93b0831e5bf74d99ca9225069ac98,1,unresolved,False,False
inventors,entity_111c3d3ad4024aff615cb89c394b5d2313d95309202700f96c3941e6ed078ca7,entity_111c3d3ad4024aff615cb89c394b5d2313d95309202700f96c3941e6ed078ca7,test,fact_5e7afd23216b5bd1a5ef2e20f17fa0e1c78eb4dc652fe1e5ead090403e8033ba,James Hargreaves lived in Sweden.,6eaeffffd123cba14b3500363ed59e5b8c2b681e486fec0ec256c7e79169716c,0,supported_false,True,False
inventors,entity_167724678773827482c0550dc158050fe619816d4caa64e61890af9fda25112b,entity_167724678773827482c0550dc158050fe619816d4caa64e61890af9fda25112b,test,inventors:253,Alec Jeffreys lived in the U.K.,4299035111519f7fa39077487a67b499cceed8c54b29073cfe38244c190fc141,1,supported_true,True,False
inventors,entity_167724678773827482c0550dc158050fe619816d4caa64e61890af9fda25112b,entity_167724678773827482c0550dc158050fe619816d4caa64e61890af9fda25112b,test,fact_15682c80586258a0811009a7379b933d96e4ef0c42b1e649928e592deffcdf86,Alec Jeffreys lived in France.,9a479eccd26401a2147b6ee03914373f37b3aa748af3b9857ce49f1ed3bc49f0,0,unresolved,False,False
inventors,entity_18ad3069ce11efe10ebf672d7cec4279db394f98243d5fe6e4e8f0a6b2de5ae8,entity_18ad3069ce11efe10ebf672d7cec4279db394f98243d5fe6e4e8f0a6b2de5ae8,test,inventors:180,William Congreve lived in the U.K.,236c69646065bcb93e8fa4a195055ec89d2f7858878925463c829abbecee576e,1,supported_true,True,True
inventors,entity_18ad3069ce11efe10ebf672d7cec4279db394f98243d5fe6e4e8f0a6b2de5ae8,entity_18ad3069ce11efe10ebf672d7cec4279db394f98243d5fe6e4e8f0a6b2de5ae8,test,fact_23645d57018616ea486a934d3bf4c996bb577d9d4e11f3d4f94d245f3ad149e7,William Congreve lived in the U.S.,3cdffa7c6da4021cf01f726575527d59cac4fecd0af23e951c58fc3819489d53,0,supported_false,True,True
inventors,entity_1b9da2fab3c222e58415cfbcb99e68fdf03d6eef2df668d7c213982049bf93e7,entity_1b9da2fab3c222e58415cfbcb99e68fdf03d6eef2df668d7c213982049bf93e7,test,inventors:204,Nikolai Basov lived in the Soviet Union.,42c8fc7b5b37435deb501baf658cf026edc363806a082286adf4106ca2b4f402,1,supported_true,True,False
inventors,entity_1b9da2fab3c222e58415cfbcb99e68fdf03d6eef2df668d7c213982049bf93e7,entity_1b9da2fab3c222e58415cfbcb99e68fdf03d6eef2df668d7c213982049bf93e7,test,fact_8c1f25a6f453d945c6716c187e58af87c7c068747086abfce664190b93fb60ab,Nikolai Basov lived in the U.S.,5555deffea37bdf63745dd15811e39208949c63ed53ec5f2ba8f3837f196c046,0,unresolved,False,False
inventors,entity_1bb74b89af2e86a5d7050d0ad9e745a5b7ccc538ec38224bd163057fc9254634,entity_1bb74b89af2e86a5d7050d0ad9e745a5b7ccc538ec38224bd163057fc9254634,test,inventors:231,Philipp Reis lived in Germany.,752442ac0a145d0938780da203bb21d66af333d3d88804962d55d5c78d935285,1,supported_true,True,True
inventors,entity_1bb74b89af2e86a5d7050d0ad9e745a5b7ccc538ec38224bd163057fc9254634,entity_1bb74b89af2e86a5d7050d0ad9e745a5b7ccc538ec38224bd163057fc9254634,test,fact_2395be9ab2e79d989a477a072cde248e07c42befa441d89d16553cbafd6ec4c6,Philipp Reis lived in the U.K.,040b23a46480c74f48c9749ad004ab43616d83243e2854c74e5a9ef078e8922f,0,supported_false,True,True
inventors,entity_2a5cfe8c8f0fcdedb0a83f91056cd5c3620b4e2ae024c37b5e3cdc4c47b90a50,entity_2a5cfe8c8f0fcdedb0a83f91056cd5c3620b4e2ae024c37b5e3cdc4c47b90a50,test,inventors:222,Alva J. Fisher lived in the U.S.,f0f502453887944c56423f462ad96b3f869e980f77bf0fe2ffb2263807a3ac32,1,supported_true,True,False
inventors,entity_2a5cfe8c8f0fcdedb0a83f91056cd5c3620b4e2ae024c37b5e3cdc4c47b90a50,entity_2a5cfe8c8f0fcdedb0a83f91056cd5c3620b4e2ae024c37b5e3cdc4c47b90a50,test,fact_ce24fd89efba854d33150d957215bcb05bcb097937b5a61b161d277e2ae5f080,Alva J. Fisher lived in Germany.,3e3060749451e6f424e3388fb35f0cca8dbd085bd36ce9763e08eb862b347911,0,unresolved,False,False
inventors,entity_3137202013025a52e0220c273eceb2c11fd35f4c66ec7d28d23e9c10031fb33b,entity_3137202013025a52e0220c273eceb2c11fd35f4c66ec7d28d23e9c10031fb33b,test,inventors:173,Sir Isaac Newton lived in the U.K.,c47658f35364d89d79bdb7fdac5c12369409da20f1b030347f62c9d5119e5a0a,1,unresolved,False,False
inventors,entity_3137202013025a52e0220c273eceb2c11fd35f4c66ec7d28d23e9c10031fb33b,entity_3137202013025a52e0220c273eceb2c11fd35f4c66ec7d28d23e9c10031fb33b,test,fact_769ea15ab80b664f078ce7b48ef879f723129dda31434cedbdeb4dfa04d794b9,Sir Isaac Newton lived in the Soviet Union.,a7b0111ba838ae38b550521a03bbef4f1c291be3d87b36744407024ac8d05860,0,supported_false,True,False
inventors,entity_31c48a155f90607d496cf31b28ef4eb2fede519faad8db2bad32aa8cc15358c2,entity_31c48a155f90607d496cf31b28ef4eb2fede519faad8db2bad32aa8cc15358c2,test,inventors:197,Johannes Gutenberg lived in Germany.,af997731204e764e40e311265bff3d892bf167c40abb50c1aeeaa424203fd44c,1,unresolved,False,False
inventors,entity_31c48a155f90607d496cf31b28ef4eb2fede519faad8db2bad32aa8cc15358c2,entity_31c48a155f90607d496cf31b28ef4eb2fede519faad8db2bad32aa8cc15358c2,test,fact_f0f39e81869fb41cc79211a1236d742c83099e9cd7071451ff355c4c25539815,Johannes Gutenberg lived in the Soviet Union.,77a4f46217c4a599caa0a68ae434f75f182cde92363ccb551afe2a8a3ca07edd,0,unresolved,False,False
inventors,entity_34e24c84fad36c3963fb4c8e95ffc262bde1e56bd82232a311969e8cb7c7bc9a,entity_34e24c84fad36c3963fb4c8e95ffc262bde1e56bd82232a311969e8cb7c7bc9a,test,inventors:193,George Cayley lived in the U.K.,7a578a53b7339c90e88239cfe7d7fcba762b8f1f0daba4bfb0c62cb673448137,1,supported_true,True,False
inventors,entity_34e24c84fad36c3963fb4c8e95ffc262bde1e56bd82232a311969e8cb7c7bc9a,entity_34e24c84fad36c3963fb4c8e95ffc262bde1e56bd82232a311969e8cb7c7bc9a,test,fact_38697c3c25db6679dbf1bb5dd27fde3ee5ef330580776678d35aa45224f146de,George Cayley lived in Italy.,851ed60334c4674246023f1a02dafbc2f5ed17a819c8eae507f9de69d4a5dac4,0,unresolved,False,False
inventors,entity_471b8cb128d5f1f3be9fe8f9874361071cdabd72cca4a50e093282f665cdf7be,entity_471b8cb128d5f1f3be9fe8f9874361071cdabd72cca4a50e093282f665cdf7be,test,inventors:400,Yoshiro Nakamatsu lived in Japan.,ad169995e187617e177aee3ac0220486b942456af683d854ea3d2f1243522558,1,supported_true,True,False
inventors,entity_471b8cb128d5f1f3be9fe8f9874361071cdabd72cca4a50e093282f665cdf7be,entity_471b8cb128d5f1f3be9fe8f9874361071cdabd72cca4a50e093282f665cdf7be,test,fact_ed2679f13187c3c32660b52d7e4da1f149930a6f47109aee91e5fd2f3a670170,Yoshiro Nakamatsu lived in the U.S.,84a614b214b9b0b55b276b589ba94c802a71ad5c57d3ddb6cacf6f2b743b33db,0,unresolved,False,False
inventors,entity_4a1c5db18d247ac90d229adff5e02cc5961eac52bbf3fa43d18cc8650e5065ca,entity_4a1c5db18d247ac90d229adff5e02cc5961eac52bbf3fa43d18cc8650e5065ca,test,inventors:256,Charles Strite lived in the U.S.,ef1e7b49fb90bd6c1ace71901cfbb65d96b4da232eb4e910015ddae28e08633d,1,supported_true,True,False
inventors,entity_4a1c5db18d247ac90d229adff5e02cc5961eac52bbf3fa43d18cc8650e5065ca,entity_4a1c5db18d247ac90d229adff5e02cc5961eac52bbf3fa43d18cc8650e5065ca,test,fact_244c2b45b7477d213c7f623315d229b4f908bf77630a7871a0597997e9cb8fdd,Charles Strite lived in Croatia.,0d6cc9719832a0998c2e4feae3c8cb6bd6e34331802c061a06e2a7aed835c4e9,0,unresolved,False,False
inventors,entity_4a1caf7c03305c7cb186bbc8aaeba42f44e6b37cffae66db9f9fa0608e120030,entity_4a1caf7c03305c7cb186bbc8aaeba42f44e6b37cffae66db9f9fa0608e120030,test,inventors:334,David Schwarz lived in Croatia.,863273fe99543f79e131acaeecefa886b26edf09f7f17e3fe9b17f0a9b1f8c3a,1,unresolved,False,False
inventors,entity_4a1caf7c03305c7cb186bbc8aaeba42f44e6b37cffae66db9f9fa0608e120030,entity_4a1caf7c03305c7cb186bbc8aaeba42f44e6b37cffae66db9f9fa0608e120030,test,fact_9e618fbf089794374cabe48f472d4ac5983556664ac9c630c8358a68af43326e,David Schwarz lived in the Netherlands.,1a86296a3f5cc3991745396490effaf42ca7ee0d3f1f7e694bb54296bfa89d1c,0,unresolved,False,False
inventors,entity_4e545dc0dc1a46cdd31b6e6bed2af6c4155ddd07aeb4585c2b00c65f7d9b888d,entity_4e545dc0dc1a46cdd31b6e6bed2af6c4155ddd07aeb4585c2b00c65f7d9b888d,test,inventors:309,Joseph Engelberger lived in the U.S.,44c42590a958cd92533b5ee1bea1898ad8ac517a21f4aa157c45d62768d0c296,1,supported_true,True,False
inventors,entity_4e545dc0dc1a46cdd31b6e6bed2af6c4155ddd07aeb4585c2b00c65f7d9b888d,entity_4e545dc0dc1a46cdd31b6e6bed2af6c4155ddd07aeb4585c2b00c65f7d9b888d,test,fact_fc721a14ef0625265e4eca0f1d3f46a720abfb4f9f70db051bf15828c37cc235,Joseph Engelberger lived in Germany.,68c897d3507270b392da1119230d0a10edc96144b03a971d80141b6dac531be0,0,unresolved,False,False
inventors,entity_5492029bf834cf8f4e6b60ccd764029e515163c9cecca9de259008865dde9319,entity_5492029bf834cf8f4e6b60ccd764029e515163c9cecca9de259008865dde9319,test,inventors:113,Elisha Gray lived in the U.S.,abc69d959f74ae4969e1b7cc5c6576ecad454dfb20d0474a30a432492f806356,1,supported_true,True,False
inventors,entity_5492029bf834cf8f4e6b60ccd764029e515163c9cecca9de259008865dde9319,entity_5492029bf834cf8f4e6b60ccd764029e515163c9cecca9de259008865dde9319,test,fact_79a6326bd857e1846fc079ad20e975feac500e81b4c72b0fb513c56378ef7dc0,Elisha Gray lived in Germany.,91d76a53878bc87962b23b8b6bc4d110701aaac037366cf3e8a497d57d7a8ade,0,unresolved,False,False
inventors,entity_557111cf6d48f03511acae5ea8f877eee0dba05801d13fe461321720b601bedf,entity_557111cf6d48f03511acae5ea8f877eee0dba05801d13fe461321720b601bedf,test,inventors:118,Elisha Otis lived in the U.S.,37486290e57b02ea69a68d27cd948614207c54f3925361d4db9940506e70c4bf,1,supported_true,True,True
inventors,entity_557111cf6d48f03511acae5ea8f877eee0dba05801d13fe461321720b601bedf,entity_557111cf6d48f03511acae5ea8f877eee0dba05801d13fe461321720b601bedf,test,fact_2ceda9d061ed8cb1cf27372a0545f2b52430dd37899215b877485ad925b4a4e8,Elisha Otis lived in Germany.,6dc6ff7caa683e2690440c3b142d3ac6e4d729889e19606cce4ef9b5f9056af9,0,supported_false,True,True
inventors,entity_5b73caad10602aaaa77b89fc62bbbce56ff665d093913c478eb6ed716ae092ff,entity_5b73caad10602aaaa77b89fc62bbbce56ff665d093913c478eb6ed716ae092ff,test,inventors:213,Sir Frank Whittle lived in the U.K.,b131f0cbac47f93f8497877a7f8833ffb3b74251b428b8ebf82663b458b8a9fa,1,supported_true,True,False
inventors,entity_5b73caad10602aaaa77b89fc62bbbce56ff665d093913c478eb6ed716ae092ff,entity_5b73caad10602aaaa77b89fc62bbbce56ff665d093913c478eb6ed716ae092ff,test,fact_a781cb0967dc06fbad769e46782847f8a923bff3482db4fc3b3e431172448c00,Sir Frank Whittle lived in Scotland.,8ce9ab6af862ff2e6affa071b5873dc09ac9bd587ad615f59a171545c91961d1,0,unresolved,False,False
inventors,entity_5eed5dde8c9e8aab41f557c837d528b92bc72247ee4a5cfcd9f52d665ce6f65b,entity_5eed5dde8c9e8aab41f557c837d528b92bc72247ee4a5cfcd9f52d665ce6f65b,test,inventors:184,Arthur Pitney lived in the U.S.,48e1ca9acf259e3c34e5f0174d209c6e2967a9bc683ecf88026c46219851028b,1,supported_true,True,False
inventors,entity_5eed5dde8c9e8aab41f557c837d528b92bc72247ee4a5cfcd9f52d665ce6f65b,entity_5eed5dde8c9e8aab41f557c837d528b92bc72247ee4a5cfcd9f52d665ce6f65b,test,fact_0d62b23ab62e2bf26681f02df2172ce97acdbcf3709cbd61eacd779e21b494c7,Arthur Pitney lived in the Netherlands.,1fb7994dfce67f9999045b0463f645b5d04dc3f11385eea40436df9aabfef613,0,unresolved,False,False
inventors,entity_60bcf3ce5cae19d7fa737f223ae4ae9c2e8513a09029cc4d6901bfe17d73eacd,entity_60bcf3ce5cae19d7fa737f223ae4ae9c2e8513a09029cc4d6901bfe17d73eacd,test,inventors:96,Ernest Swinton lived in the U.K.,34fc0d08acfdb9535007eaa4cf90ed2afb19d3b68caf8b693a9ca1d12c84a752,1,supported_true,True,False
inventors,entity_60bcf3ce5cae19d7fa737f223ae4ae9c2e8513a09029cc4d6901bfe17d73eacd,entity_60bcf3ce5cae19d7fa737f223ae4ae9c2e8513a09029cc4d6901bfe17d73eacd,test,fact_dc910b024522252e0571de0903a76b6d03667ab62e6f902d9b4d3339ba88f4e8,Ernest Swinton lived in Japan.,1f97fc0fa791e2160116f883723ca32086ef8c351e8cff456c2d63af1107ddc7,0,unresolved,False,False
inventors,entity_645d6ab9925dff098eb2a1cf55074b8d86bc6825b4fa5a3174f78eef30828a54,entity_645d6ab9925dff098eb2a1cf55074b8d86bc6825b4fa5a3174f78eef30828a54,test,inventors:79,Benjamin Holt lived in the U.S.,1ba1836f62ef8c6b646e1aadf07beb4860074475a5f3d52e044772267032a859,1,supported_true,True,True
inventors,entity_645d6ab9925dff098eb2a1cf55074b8d86bc6825b4fa5a3174f78eef30828a54,entity_645d6ab9925dff098eb2a1cf55074b8d86bc6825b4fa5a3174f78eef30828a54,test,fact_c9abcd658907dd28a4264c90a02f45146a4b6cc0b409cf548a70fba159688136,Benjamin Holt lived in the Soviet Union.,2b3c4624c60ba4bfb19627fe4aa9ba36a50d2f76373a3ba8946101f2b6564cc9,0,supported_false,True,True
inventors,entity_659aa218ae04331e1814fd85ac31c10ff1a1deb061c7ecef307ccb11e254357c,entity_659aa218ae04331e1814fd85ac31c10ff1a1deb061c7ecef307ccb11e254357c,test,inventors:227,Carl Wilhelm Siemens lived in Germany.,6b27db4a04d764bae2bd7056f20661150e2944ce5a2c3ffc6f486fb267dea156,1,unresolved,False,False
inventors,entity_659aa218ae04331e1814fd85ac31c10ff1a1deb061c7ecef307ccb11e254357c,entity_659aa218ae04331e1814fd85ac31c10ff1a1deb061c7ecef307ccb11e254357c,test,fact_56abd98e90d730e2e39ccd7870050b37ab6ef20d3a645632decbbe9f809962b9,Carl Wilhelm Siemens lived in Sweden.,3fcd8ef4830f1ef733175c233fdb645cad2b1e10c31d93e864fd6d25be6677c6,0,unresolved,False,False
inventors,entity_6b178cbbe90158395262c64300d94c4265265ebe3c5cbb5fa615dd1a51b5ec0f,entity_6b178cbbe90158395262c64300d94c4265265ebe3c5cbb5fa615dd1a51b5ec0f,test,inventors:249,Robert Noyce lived in the U.S.,1887fb1a451d112d79c2f6f55243b070256d51847def611df0915a340871ae56,1,supported_true,True,True
inventors,entity_6b178cbbe90158395262c64300d94c4265265ebe3c5cbb5fa615dd1a51b5ec0f,entity_6b178cbbe90158395262c64300d94c4265265ebe3c5cbb5fa615dd1a51b5ec0f,test,fact_d8da040315c49c79488ebeb867055673b090d0d989bc34b168bbdf1dfd6a037b,Robert Noyce lived in Croatia.,4d55fc4aa7738f28613fa4127c9e99078ec7e4faf2e642e24d479f8c550042e6,0,supported_false,True,True
inventors,entity_753a7ed471068e8a1e6e9467ed404ec2a91c3c88d4fe35b91ad1bc20c2e91ab0,entity_753a7ed471068e8a1e6e9467ed404ec2a91c3c88d4fe35b91ad1bc20c2e91ab0,test,inventors:398,Willem Einthoven lived in the Netherlands.,9c7548424ec5c4a90cb2197891bcd75d9e220f9bd5cf193a5ebec42e657b03a8,1,supported_true,True,True
inventors,entity_753a7ed471068e8a1e6e9467ed404ec2a91c3c88d4fe35b91ad1bc20c2e91ab0,entity_753a7ed471068e8a1e6e9467ed404ec2a91c3c88d4fe35b91ad1bc20c2e91ab0,test,fact_2f4bdb8c718f87e6df37f284493ba753dd367c128ca950edecce7acf7271d59b,Willem Einthoven lived in France.,07177fed4b13d468658c61d493018fa35d1dcab8a55f7a0ee16808e29cf178f4,0,supported_false,True,True
inventors,entity_8a43b7608a38c9ca7941dbe9f36a2ac9bbcc893d6586fc6c2c18cc6c3f0033fd,entity_8a43b7608a38c9ca7941dbe9f36a2ac9bbcc893d6586fc6c2c18cc6c3f0033fd,test,inventors:338,John Boyd Dunlop lived in Scotland.,b7a1e87c4395cbc281d77199726b8a9a379c6b3c381af2b45d40e0b3b9acdc66,1,supported_true,True,True
inventors,entity_8a43b7608a38c9ca7941dbe9f36a2ac9bbcc893d6586fc6c2c18cc6c3f0033fd,entity_8a43b7608a38c9ca7941dbe9f36a2ac9bbcc893d6586fc6c2c18cc6c3f0033fd,test,fact_de0299e65c37f125f18f1802f2e6ef3ae4d05e2dda73e2d1faa64b42e5987489,John Boyd Dunlop lived in Croatia.,c2ee6b1a638e54bf5b3e89d623510d1e35f42d936540acf8f5ddc46b36e5fd0b,0,supported_false,True,True
inventors,entity_8d9c1ded6080353358ac23185ca2f08095a971445106bf2a674fcc5f5d87fa89,entity_8d9c1ded6080353358ac23185ca2f08095a971445106bf2a674fcc5f5d87fa89,test,inventors:369,Samuel Colt lived in the U.S.,6296c61ca9752cd3cc338c0363fc9f639133b7fb212a5428082fca08dfe823b1,1,supported_true,True,False
inventors,entity_8d9c1ded6080353358ac23185ca2f08095a971445106bf2a674fcc5f5d87fa89,entity_8d9c1ded6080353358ac23185ca2f08095a971445106bf2a674fcc5f5d87fa89,test,fact_cb9d10f404eafd0b6635579f3799f9092867ba8c9cecc47452c6a9d2e8b6bc72,Samuel Colt lived in England.,e7c73c4a56c60c80df5f6143ac9ef0e3f32884e6b12175a2c146353265e580cc,0,unresolved,False,False
inventors,entity_8fc3f97aa00689ec7f8c5a7e7e116f7a6a36f3b0a878f6af737f32d15059c13c,entity_8fc3f97aa00689ec7f8c5a7e7e116f7a6a36f3b0a878f6af737f32d15059c13c,test,inventors:10,Clarence Birdseye lived in the U.S.,39be1e7ea3ce68e87e083278f3e6fea9bab8d1587ae96f3e6f84176d3e1e9974,1,supported_true,True,False
inventors,entity_8fc3f97aa00689ec7f8c5a7e7e116f7a6a36f3b0a878f6af737f32d15059c13c,entity_8fc3f97aa00689ec7f8c5a7e7e116f7a6a36f3b0a878f6af737f32d15059c13c,test,fact_76872c2b4a2f84ff04731ba9403231ed1178bcbb40a75dd6f3e2b516c67d46f3,Clarence Birdseye lived in the U.K.,d1f292fd0a322db1b16c19a42937f91ae18afebfef354f8d70fb59fd9f9f9b1b,0,unresolved,False,False
inventors,entity_90f0367590ec4107a17e667f3faea0fdeb629e70ae2783a3de3a7b2bf60b246f,entity_90f0367590ec4107a17e667f3faea0fdeb629e70ae2783a3de3a7b2bf60b246f,test,inventors:232,Edmund Cartwright lived in the U.K.,cea2e12ac124e48ec14b90fdec08ec229c75109ed5edb9bf501ca1519cc51776,1,supported_true,True,True
inventors,entity_90f0367590ec4107a17e667f3faea0fdeb629e70ae2783a3de3a7b2bf60b246f,entity_90f0367590ec4107a17e667f3faea0fdeb629e70ae2783a3de3a7b2bf60b246f,test,fact_69b1c3d0b4d880bf65e1468f68312d006bf5f5003aecb64417554dbc98e1e727,Edmund Cartwright lived in France.,faa19e745766a2902090168748cd43b269ececceac71ccad0ed797d47ea693ba,0,supported_false,True,True
inventors,entity_93e897cf06522f66e3810a64e3f1b27d80cdb149a53ac9522a7a72e249d3865b,entity_93e897cf06522f66e3810a64e3f1b27d80cdb149a53ac9522a7a72e249d3865b,test,inventors:291,Grace Hopper lived in the U.S.,323d18fd20f2ba81f601a8ead6a75312776b5ea9f2fb33ef8789f8983d042411,1,supported_true,True,False
inventors,entity_93e897cf06522f66e3810a64e3f1b27d80cdb149a53ac9522a7a72e249d3865b,entity_93e897cf06522f66e3810a64e3f1b27d80cdb149a53ac9522a7a72e249d3865b,test,fact_5100c1eed7b7bd24b14dc42f7a98760984b9b2cb8c2b2748d2ce8ab58d8eb92a,Grace Hopper lived in the U.K.,97bb8798f636c8644ef01a4950ef342d28a7e7ed511634f9e211a8bd22c1030d,0,unresolved,False,False
inventors,entity_a1b4fe0f5759be0f36ef3df5c28d4bbaa44c960fd7e4120fd39b9edbbac1ce87,entity_a1b4fe0f5759be0f36ef3df5c28d4bbaa44c960fd7e4120fd39b9edbbac1ce87,test,inventors:261,Alfred Nobel lived in Sweden.,423b3af022fbb8ea9be14b254a1477ab9ac36b3fa0daa4408c9fa3c7a793c1ef,1,supported_true,True,False
inventors,entity_a1b4fe0f5759be0f36ef3df5c28d4bbaa44c960fd7e4120fd39b9edbbac1ce87,entity_a1b4fe0f5759be0f36ef3df5c28d4bbaa44c960fd7e4120fd39b9edbbac1ce87,test,fact_00178337381f51612d3a179e57f88650511596406c5c0f9662e19dfe2e2de061,Alfred Nobel lived in the Netherlands.,d5295d7c1ae38c5d524340bc07b5778b3d809c787c6d2151a776043fb9dc899c,0,unresolved,False,False
inventors,entity_a404eb3dfb795cafbbe4b654fb01c6aafdf0cd9a26b5a73cdc26fc5ea8eb7cc6,entity_a404eb3dfb795cafbbe4b654fb01c6aafdf0cd9a26b5a73cdc26fc5ea8eb7cc6,test,inventors:264,John Ericsson lived in Sweden.,4bf2aa08ed3fea93b6553b9e99b7200f5b2a5ec25c6af55cd2de82aba366c7b6,1,supported_true,True,True
inventors,entity_a404eb3dfb795cafbbe4b654fb01c6aafdf0cd9a26b5a73cdc26fc5ea8eb7cc6,entity_a404eb3dfb795cafbbe4b654fb01c6aafdf0cd9a26b5a73cdc26fc5ea8eb7cc6,test,fact_24b15c2c00b2c1e0d68d0e37886391c7b77e6c45f19746d8737177c864757006,John Ericsson lived in England.,7976d49558b73a4315b51758051e51d2d72861aa57a2fec3ea791515ebc2f660,0,supported_true,False,False
inventors,entity_a404eb3dfb795cafbbe4b654fb01c6aafdf0cd9a26b5a73cdc26fc5ea8eb7cc6,entity_a404eb3dfb795cafbbe4b654fb01c6aafdf0cd9a26b5a73cdc26fc5ea8eb7cc6,test,fact_6dfdb38658f2e1ec743923aaa28513572a19f3b815c1c69abcbc4395c17f8ce1,John Ericsson lived in the Netherlands.,61ac490b233bebd2ef5f6a36ce3c82d35c134d8b1845fe1d75cdbad9ad5256c0,0,supported_false,True,True
inventors,entity_a5264623dfa90c588f02618a32829788d9249453cc53ca3a36aaf62874d8bf39,entity_a5264623dfa90c588f02618a32829788d9249453cc53ca3a36aaf62874d8bf39,test,inventors:38,Ignazio Porro lived in Italy.,89979953ecff0f6840b3c7d279b5f61180b7ecf76a9c2145f108373a3d023206,1,supported_true,True,True
inventors,entity_a5264623dfa90c588f02618a32829788d9249453cc53ca3a36aaf62874d8bf39,entity_a5264623dfa90c588f02618a32829788d9249453cc53ca3a36aaf62874d8bf39,test,fact_aaee6d7ed15216de17618cd82ed36c86a9d9a2ea48948792d2f5f3a0cc82dfa9,Ignazio Porro lived in the Soviet Union.,177b89f35a0fd782f1d96769e279884ed6445159252dbbb4f7c84481f48407e2,0,supported_false,True,True
inventors,entity_ac665df8f8e29f711f918e0cd0ddf67f81b649acd6733f999b9574bb5901aeff,entity_ac665df8f8e29f711f918e0cd0ddf67f81b649acd6733f999b9574bb5901aeff,test,inventors:22,Herbert Akroyd Stuart lived in England.,9f2e81f4c5e7d51bfbae3a757460ee0fa93a2c837063f010a0dc79bfbdc8f96a,1,supported_true,True,False
inventors,entity_ac665df8f8e29f711f918e0cd0ddf67f81b649acd6733f999b9574bb5901aeff,entity_ac665df8f8e29f711f918e0cd0ddf67f81b649acd6733f999b9574bb5901aeff,test,fact_063b2b6f13daddd7e380cc0643ce8ffb081a2ddcd763301312f577b350ceff48,Herbert Akroyd Stuart lived in the Soviet Union.,7c9f9d8322019008962f5c71bf5c1f3ff63574623226c18bcbf57b5f28f2ecdf,0,unresolved,False,False
inventors,entity_b815eef735473ab08e990b79b9f306ccfefe4530db89e2cfd8b0c827ced4ba8a,entity_b815eef735473ab08e990b79b9f306ccfefe4530db89e2cfd8b0c827ced4ba8a,test,inventors:34,Fritz Pfleumer lived in Germany.,1995eac2cfc27fe146001c87e4bc0281f56b4ea8685aaab41473d44b8e6ed293,1,supported_true,True,False
inventors,entity_b815eef735473ab08e990b79b9f306ccfefe4530db89e2cfd8b0c827ced4ba8a,entity_b815eef735473ab08e990b79b9f306ccfefe4530db89e2cfd8b0c827ced4ba8a,test,fact_49fb9069dc62a078c777e0d15544ffb9942a211fdb00ce6a614122a0f97b1c6b,Fritz Pfleumer lived in the Netherlands.,ab158ed1129701199d381eafc74dc585015010343492373c45c74c4d70d702bb,0,unresolved,False,False
inventors,entity_ba53f34a34aba81ffd271220af6874a975f9700499ea3dbfc9c26fc76a326a86,entity_ba53f34a34aba81ffd271220af6874a975f9700499ea3dbfc9c26fc76a326a86,test,inventors:198,George Eastman lived in the U.S.,90a919f73f1ee134d8bbb9342d00fbcf74fe1d9eb5aca265b53d8f6f922bfb25,1,supported_true,True,False
inventors,entity_ba53f34a34aba81ffd271220af6874a975f9700499ea3dbfc9c26fc76a326a86,entity_ba53f34a34aba81ffd271220af6874a975f9700499ea3dbfc9c26fc76a326a86,test,fact_65bbe05b697d0b0179678ba3baf5da45cd7135c04e884c2ccb5e5f68e1d1a920,George Eastman lived in the U.K.,8cc3156538e7c3910d11faae6b695ff3757d2ebf460c1f5edeb51813b217d227,0,unresolved,False,False
inventors,entity_be2707e43b11172cbaba9811a7d6ec2822e6461f79e5b06c79e76934d1a96f6f,entity_be2707e43b11172cbaba9811a7d6ec2822e6461f79e5b06c79e76934d1a96f6f,test,inventors:161,John Callcott Horsley lived in the U.K.,527b028acbd0949ac0b86ed464a225e21ac1f7bcc6f827340610c7162d4371b3,1,supported_true,True,False
inventors,entity_be2707e43b11172cbaba9811a7d6ec2822e6461f79e5b06c79e76934d1a96f6f,entity_be2707e43b11172cbaba9811a7d6ec2822e6461f79e5b06c79e76934d1a96f6f,test,fact_3f9265d3d2cd8601c5942f2044c7296a827f72518acd54e3a59e1e7fe23cf348,John Callcott Horsley lived in Italy.,efd128b96ea5d55203cb0223606c433e1ee070b7cdffae718956e459be7cec74,0,unresolved,False,False
inventors,entity_c0e4e77a1b31909283134d1d97c2b275003b40dac13fdbfe9f7b96596f2db1cd,entity_c0e4e77a1b31909283134d1d97c2b275003b40dac13fdbfe9f7b96596f2db1cd,test,inventors:254,John T. Parsons lived in the U.S.,e0d7fd68d3d56a5277aae8a5f0dd15a78627a4619100acefb8f8a586c4c78347,1,supported_true,True,False
inventors,entity_c0e4e77a1b31909283134d1d97c2b275003b40dac13fdbfe9f7b96596f2db1cd,entity_c0e4e77a1b31909283134d1d97c2b275003b40dac13fdbfe9f7b96596f2db1cd,test,fact_9472365d5edd38cb15927e8dd2ea2bb73736f1b254dd6b05679a3f34646dabfa,John T. Parsons lived in Japan.,96aaa903f93999fbc3a376063818b34e7137c22ce7194954e15e4bdcd9f27924,0,unresolved,False,False
inventors,entity_c151b5563afb28d02b4244f9a357599e40eb17cf7d4be11b6aaeb852bb738307,entity_c151b5563afb28d02b4244f9a357599e40eb17cf7d4be11b6aaeb852bb738307,test,inventors:357,Vint Cerf lived in the U.S.,75bfb20d6f013937c8ac77986d7f4fe8fb221c5ae3e9ca0a9c78b9298888c687,1,supported_true,True,False
inventors,entity_c151b5563afb28d02b4244f9a357599e40eb17cf7d4be11b6aaeb852bb738307,entity_c151b5563afb28d02b4244f9a357599e40eb17cf7d4be11b6aaeb852bb738307,test,fact_54abcc7276f3a6794e79b0209a893b9f9d5826c57b63801de243dbbd1c44f2bd,Vint Cerf lived in England.,feeea932f61ee9333b39626108754185ad18a1bbc52dacda6ec1bab8e54e4fbc,0,unresolved,False,False
inventors,entity_de2ed1a7f15692f982d903991b53a3612780371e8550e2318fadc4f1d79f5a1e,entity_de2ed1a7f15692f982d903991b53a3612780371e8550e2318fadc4f1d79f5a1e,test,inventors:315,John Kay lived in the U.K.,e85dfd6b32ed5223ee5ce455860aeda4473d6ff50e274dc87f99ba5ac79b28ca,1,unresolved,False,False
inventors,entity_de2ed1a7f15692f982d903991b53a3612780371e8550e2318fadc4f1d79f5a1e,entity_de2ed1a7f15692f982d903991b53a3612780371e8550e2318fadc4f1d79f5a1e,test,fact_07fa19c17b12d2eb099c6e40dcf41488ece787962db7e9dd4b411f94911b998f,John Kay lived in Croatia.,3219f529b099964dfe76e136e9c7355cae03a1cc8c5a36d00eb85929c1574483,0,unresolved,False,False
inventors,entity_e5caef54f791d34a1753ebb9e041c552bf6342d26ace2d9edb76f79fa77ee512,entity_e5caef54f791d34a1753ebb9e041c552bf6342d26ace2d9edb76f79fa77ee512,test,inventors:15,Whitcomb Judson lived in the U.S.,a73a63d97a648142c40ec583f451b7ee23545fe9021ebeea8abe901ab3d6978c,1,supported_true,True,False
inventors,entity_e5caef54f791d34a1753ebb9e041c552bf6342d26ace2d9edb76f79fa77ee512,entity_e5caef54f791d34a1753ebb9e041c552bf6342d26ace2d9edb76f79fa77ee512,test,fact_962cade9cd8d8899cb89859cdf568849c9c5dfa7bb3896adcf24eab23021be62,Whitcomb Judson lived in England.,0c245f5889d0805aacfd37487f3e20fba602b7bb04003f0efd2405ed435c5460,0,unresolved,False,False
inventors,entity_e9e7cd581512c2b34d173cd1a04a4c4bf5e7270d036bd5d9a9e49edfe1b93b30,entity_e9e7cd581512c2b34d173cd1a04a4c4bf5e7270d036bd5d9a9e49edfe1b93b30,test,inventors:20,Charles Goodyear lived in the U.S.,905d3ac4a71ec27c6f4d1068a4db7de2456249c19bd6db4e513b2c2180929265,1,supported_true,True,False
inventors,entity_e9e7cd581512c2b34d173cd1a04a4c4bf5e7270d036bd5d9a9e49edfe1b93b30,entity_e9e7cd581512c2b34d173cd1a04a4c4bf5e7270d036bd5d9a9e49edfe1b93b30,test,fact_e1a79f26fd11519def298536e57d8abac615f4699517cc6a95feba8c0bada673,Charles Goodyear lived in Germany.,6768659a4b48e75f01fd0c305573bc42c31869c515d53a1e5a2d156768f3a6af,0,unresolved,False,False
inventors,entity_ffdef3c8c4a763624da99add59d94d942d40881f696c99eb6e8b3b124e28aeef,entity_ffdef3c8c4a763624da99add59d94d942d40881f696c99eb6e8b3b124e28aeef,test,inventors:394,Blaise Pascal lived in France.,847f6347baf126f7b4c44196cd72161cb11b5ba1f4e2b3edf0aec7e720b5c3b4,1,supported_true,True,True
inventors,entity_ffdef3c8c4a763624da99add59d94d942d40881f696c99eb6e8b3b124e28aeef,entity_ffdef3c8c4a763624da99add59d94d942d40881f696c99eb6e8b3b124e28aeef,test,fact_28bf0fff04d4e83da3d1fef41da3636495b1ef5933401cd0f3b7841360811332,Blaise Pascal lived in Sweden.,91508b5b7c641b45da29a5c32667250f03dfa7dea030df64dffc448e8e9ccc6d,0,supported_false,True,True
sp_en_trans,entity_025ba7c9b755b080fcfe268ea82d2cf28be3145d18615d3ccffd8fc08c46c744,entity_025ba7c9b755b080fcfe268ea82d2cf28be3145d18615d3ccffd8fc08c46c744,test,sp_en_trans:176,The Spanish word 'diez' means 'ten'.,e3d454b0d121685a1305ed797bbad9de6a61b92fef37a49f78206bea5d95e79e,1,supported_true,True,True
sp_en_trans,entity_025ba7c9b755b080fcfe268ea82d2cf28be3145d18615d3ccffd8fc08c46c744,entity_025ba7c9b755b080fcfe268ea82d2cf28be3145d18615d3ccffd8fc08c46c744,test,fact_df7b149bb95d749e54836d7c3c7528d755e8fb7ead0ceb6ac680a79cb682d706,The Spanish word 'diez' means 'dark'.,80bc34efa9a8c82df73bafe1ed9fc953338042e15300eda37d7a8740e05449a2,0,supported_false,True,True
sp_en_trans,entity_0a8f5acf1e1c2b656708809c44a1ae81866a51452d29e8c3fd56f9f6a5dd6829,entity_0a8f5acf1e1c2b656708809c44a1ae81866a51452d29e8c3fd56f9f6a5dd6829,test,sp_en_trans:48,The Spanish word 'demasiado' means 'too'.,05edbc8badf523dda9ccf0e5d55ad96b796aeecb626f0a480363a97ce662cbc6,1,supported_true,True,True
sp_en_trans,entity_0a8f5acf1e1c2b656708809c44a1ae81866a51452d29e8c3fd56f9f6a5dd6829,entity_0a8f5acf1e1c2b656708809c44a1ae81866a51452d29e8c3fd56f9f6a5dd6829,test,fact_181fc9a0b40273276c0ad61fd1707f84abcb8bfbe0781dc2579a3778be94f8d3,The Spanish word 'demasiado' means 'to seem'.,84b1efdde9d5e9726225c235f71110b6337d232577d44e9737a27241ae9496da,0,supported_false,True,True
sp_en_trans,entity_1012062cd342ab6c49e1931037e278765f0d32f112f49989fbcc4ce2a6c88564,entity_1012062cd342ab6c49e1931037e278765f0d32f112f49989fbcc4ce2a6c88564,test,sp_en_trans:63,The Spanish word 'primero' means 'first'.,4a35f0d4a6f9111fe7418f7fcd90342a8ccad9a78c348e0977ae40defb6f51ff,1,supported_true,True,True
sp_en_trans,entity_1012062cd342ab6c49e1931037e278765f0d32f112f49989fbcc4ce2a6c88564,entity_1012062cd342ab6c49e1931037e278765f0d32f112f49989fbcc4ce2a6c88564,test,fact_7ff8b47e613be67c271f34a52066ed63c8086f2a019c866439b226a272b4a6d9,The Spanish word 'primero' means 'black'.,8737dccd9067beab1744d18230d885499b5a4db60594fc56cce4d59adbc3d172,0,supported_false,True,True
sp_en_trans,entity_15a54c3c6f97588a319a8d7ab4b08b22641dc47cdeb321466c590e943ac50102,entity_15a54c3c6f97588a319a8d7ab4b08b22641dc47cdeb321466c590e943ac50102,test,sp_en_trans:107,The Spanish word 'coche' means 'car'.,6491b01369ae6270f7eb38076534aece8fddb09fc9adf3c7ca8757d38d6d51b3,1,supported_true,True,True
sp_en_trans,entity_15a54c3c6f97588a319a8d7ab4b08b22641dc47cdeb321466c590e943ac50102,entity_15a54c3c6f97588a319a8d7ab4b08b22641dc47cdeb321466c590e943ac50102,test,fact_f98611b2c2461907264de454bfbf0ead0cccd53a709dd3a06bd226527a29817c,The Spanish word 'coche' means 'modern'.,86c8f13d2d9d1b5e64337ddbbcc09b02b439c04e8fbf37dbea3a099e124a2c3e,0,supported_false,True,True
sp_en_trans,entity_2391280fc83c8fb3bfe2787ab55558e4bf3eacb5aa8115f5ce548de54c85c63a,entity_2391280fc83c8fb3bfe2787ab55558e4bf3eacb5aa8115f5ce548de54c85c63a,test,sp_en_trans:88,The Spanish word 'norte' means 'north'.,27247d05f7aa8209441536c071b6319f5bc975b313a7267cc084f244c659aa8d,1,supported_true,True,True
sp_en_trans,entity_2391280fc83c8fb3bfe2787ab55558e4bf3eacb5aa8115f5ce548de54c85c63a,entity_2391280fc83c8fb3bfe2787ab55558e4bf3eacb5aa8115f5ce548de54c85c63a,test,fact_7d9c3331535108c06f1b99415d41abebb8cd69db46046b882d184593b1ca84c9,The Spanish word 'norte' means 'sister'.,caba125f0150230e09fc3e65e84524fab62a07378933106cdef2713a5f822038,0,supported_false,True,True
sp_en_trans,entity_24b658bcedf407e93aeea002549945eb0fe1036d2639b74c0dfac29abe283737,entity_24b658bcedf407e93aeea002549945eb0fe1036d2639b74c0dfac29abe283737,test,sp_en_trans:262,The Spanish word 'soldado' means 'soldier'.,42ad407d51e9b68784c6b685373a90fcc6eee1a3e174df3d79d2dea4336add6d,1,supported_true,True,True
sp_en_trans,entity_24b658bcedf407e93aeea002549945eb0fe1036d2639b74c0dfac29abe283737,entity_24b658bcedf407e93aeea002549945eb0fe1036d2639b74c0dfac29abe283737,test,fact_e3f6a5d6aceffaa9469b56ee96c4ce19aba387aed9496e2d75517cffd9b57260,The Spanish word 'soldado' means 'to sell'.,d04e0f3cc955fee79c4d0ada084ac0cabe0c2f86ec936260f0e67f65ac58a7d4,0,supported_false,True,True
sp_en_trans,entity_24c2cc83cf4e81eab96b477cea9dbeca7a82ffb651087d2a5823784cc6fa3b94,entity_24c2cc83cf4e81eab96b477cea9dbeca7a82ffb651087d2a5823784cc6fa3b94,test,sp_en_trans:186,The Spanish word 'huevo' means 'egg'.,c8880feb4afb0d4169694868f57d4dbc7cc7bc239ad546f9636278290d0d6b29,1,supported_true,True,True
sp_en_trans,entity_24c2cc83cf4e81eab96b477cea9dbeca7a82ffb651087d2a5823784cc6fa3b94,entity_24c2cc83cf4e81eab96b477cea9dbeca7a82ffb651087d2a5823784cc6fa3b94,test,fact_2abc5bfac0a99d96d4a8f83e88bb3aa307889afdd97f25ce1787c9ab2d1f05ca,The Spanish word 'huevo' means 'arm'.,04fd0d21bda9983cccf3739fffc6ff772a48eed8c81bbef90a843be2b16baed7,0,supported_false,True,True
sp_en_trans,entity_279e7725a689aabef2a8bedb02d6ed0aba7f4e4980dbb690803016ac3af18161,entity_279e7725a689aabef2a8bedb02d6ed0aba7f4e4980dbb690803016ac3af18161,test,sp_en_trans:82,The Spanish word 'dibujar' means 'to draw'.,7487863cc5868bae5b1701e6b6321a00945e9504935283c1d513e4df008225cf,1,supported_true,True,True
sp_en_trans,entity_279e7725a689aabef2a8bedb02d6ed0aba7f4e4980dbb690803016ac3af18161,entity_279e7725a689aabef2a8bedb02d6ed0aba7f4e4980dbb690803016ac3af18161,test,fact_2b2c453ac5f476a7d4164f27a024c171b1655f48bec092226a9ef81b69ab8595,The Spanish word 'dibujar' means 'modern'.,ed6f3c36df3b1f1a35a17fb223bdd804dea0d364968973522609699f092383a2,0,supported_false,True,True
sp_en_trans,entity_2b5d0bd4ec0b5bd6356405f839f26a975edd14ab01c7446dd6f66e0db733f0ff,entity_2b5d0bd4ec0b5bd6356405f839f26a975edd14ab01c7446dd6f66e0db733f0ff,test,sp_en_trans:162,The Spanish word 'belleza' means 'beauty'.,804a29a406fb22f47d3d0993fc447ca78ca680a832d9728f45ce29b2823cc9c6,1,supported_true,True,True
sp_en_trans,entity_2b5d0bd4ec0b5bd6356405f839f26a975edd14ab01c7446dd6f66e0db733f0ff,entity_2b5d0bd4ec0b5bd6356405f839f26a975edd14ab01c7446dd6f66e0db733f0ff,test,fact_c6c3efdea55d203d9af3d6c5ae9c479effb0485f6324b0ddd65279e20de80654,The Spanish word 'belleza' means 'silver'.,ffab2d57a15c1396a6788602f33cdfc0b5b956ae64f16a77cace8c0bbf7f7d85,0,supported_false,True,True
sp_en_trans,entity_4eb4679ac0d02258d22464cca2e834ba250850501cb8f279f3c795a8ed13ac07,entity_4eb4679ac0d02258d22464cca2e834ba250850501cb8f279f3c795a8ed13ac07,test,sp_en_trans:315,The Spanish word 'vender' means 'to sell'.,0928c815d304988ff40de80b736212743ed7b978b21126f1195740fd10200e18,1,supported_true,True,True
sp_en_trans,entity_4eb4679ac0d02258d22464cca2e834ba250850501cb8f279f3c795a8ed13ac07,entity_4eb4679ac0d02258d22464cca2e834ba250850501cb8f279f3c795a8ed13ac07,test,fact_9769c818afe9035a11d1dbf653bb5c09f0ba28a0121abde93e4193d86e6396c7,The Spanish word 'vender' means 'to imagine'.,4a9f3c5d36a805a8c77a254ad367734ab1088771b052b5a1d0885099c382ee20,0,supported_false,True,True
sp_en_trans,entity_5005162cda9d7bdaf2d3c5f342fd8294a6dec97a96e6d20011ab3ba703dba813,entity_5005162cda9d7bdaf2d3c5f342fd8294a6dec97a96e6d20011ab3ba703dba813,test,sp_en_trans:4,The Spanish word 'palabra' means 'word'.,1c424ab1d7d87e71824565ce868cef4db026da7f051c0e75a2b99db9080f84a9,1,supported_true,True,True
sp_en_trans,entity_5005162cda9d7bdaf2d3c5f342fd8294a6dec97a96e6d20011ab3ba703dba813,entity_5005162cda9d7bdaf2d3c5f342fd8294a6dec97a96e6d20011ab3ba703dba813,test,fact_cac3879485fae4b512a1ffc27a632bf83b212104021c0beecf9f9c6de1406016,The Spanish word 'palabra' means 'silver'.,dd72ee3716a55e864b0c692a3d18b30f890d724ddc86cca8b29eceff15bdec64,0,supported_false,True,True
sp_en_trans,entity_517aa746b408ea3dfe7e8c64a2f30bebdc189de0d223bd5d62774afc54b51eca,entity_517aa746b408ea3dfe7e8c64a2f30bebdc189de0d223bd5d62774afc54b51eca,test,sp_en_trans:311,The Spanish word 'herramienta' means 'tool'.,fe53d66a7b62174742c6438ee55f5ddb75349dadeefb9cb83c04ea4110fe4809,1,supported_true,True,True
sp_en_trans,entity_517aa746b408ea3dfe7e8c64a2f30bebdc189de0d223bd5d62774afc54b51eca,entity_517aa746b408ea3dfe7e8c64a2f30bebdc189de0d223bd5d62774afc54b51eca,test,fact_1832808a154a1ccf14e0848261dff96c650c36a613a18a9eebe3eecf4a411bdb,The Spanish word 'herramienta' means 'dark'.,ee03fee5d850aae236aa5379fa197ae7afce7dbf24683f6c2e3f596c262f3776,0,supported_false,True,True
sp_en_trans,entity_5e9c7657733cd57028cb4c4a8a08c5f3d0b40f86824fb51072295aa116e3aa0f,entity_5e9c7657733cd57028cb4c4a8a08c5f3d0b40f86824fb51072295aa116e3aa0f,test,sp_en_trans:192,The Spanish word 'brazo' means 'arm'.,bff087c936cc5860cd480266ccf814688d4172a430268a23741297aa473e787e,1,supported_true,True,True
sp_en_trans,entity_5e9c7657733cd57028cb4c4a8a08c5f3d0b40f86824fb51072295aa116e3aa0f,entity_5e9c7657733cd57028cb4c4a8a08c5f3d0b40f86824fb51072295aa116e3aa0f,test,fact_782303b7babca9f2c8d40c26172a97d64c3556bcc9c6f08d9ecd014649fecc61,The Spanish word 'brazo' means 'night'.,631ad0aa75136745d9b3f7a952406bfba50564a89797f02bee6c2fe53defcf85,0,supported_false,True,True
sp_en_trans,entity_634d967fd976964be80ae3e464a13fd63ec3addc6ecbd1155bcd9fbc1914092b,entity_634d967fd976964be80ae3e464a13fd63ec3addc6ecbd1155bcd9fbc1914092b,test,sp_en_trans:281,The Spanish word 'miedo' means 'fear'.,d2ba741fe2657d53024e439d039de21c79b561df5dbca4d16ad4b64030534ba8,1,supported_true,True,True
sp_en_trans,entity_634d967fd976964be80ae3e464a13fd63ec3addc6ecbd1155bcd9fbc1914092b,entity_634d967fd976964be80ae3e464a13fd63ec3addc6ecbd1155bcd9fbc1914092b,test,fact_7d16d6fed686ac335b10bb13c48d6a50a0e3c23ce1e0ffaa3a5ee799dbe3fcda,The Spanish word 'miedo' means 'sister'.,d7593ad339c22099a4d9cf38723de8b90c3aaf17aea3b23eb7557849c1e5c5df,0,supported_false,True,True
sp_en_trans,entity_64d48fb213f38633fbdb06a6958178479734555b3e3a30d7e0a929720ec3fb3b,entity_64d48fb213f38633fbdb06a6958178479734555b3e3a30d7e0a929720ec3fb3b,test,sp_en_trans:271,The Spanish word 'imaginar' means 'to imagine'.,bcc9ed19e81045fcdf64c4195a6aec2d98c0623d84dd329501308f918a69d4d7,1,supported_true,True,True
sp_en_trans,entity_64d48fb213f38633fbdb06a6958178479734555b3e3a30d7e0a929720ec3fb3b,entity_64d48fb213f38633fbdb06a6958178479734555b3e3a30d7e0a929720ec3fb3b,test,fact_c56a08c703b7c860378f879f6bf1b3d33b4c41fa64d48d95d0068f043d23c6a1,The Spanish word 'imaginar' means 'word'.,34af9c9ba816727256ee37a1c06e7df0796b2983ae64bd36dad4860807bc29ff,0,supported_false,True,True
sp_en_trans,entity_6ebe4759f181dcce3cabd6645e4329d44e1008be580eefa47fe664efea99068f,entity_6ebe4759f181dcce3cabd6645e4329d44e1008be580eefa47fe664efea99068f,test,sp_en_trans:86,The Spanish word 'noche' means 'night'.,361fddfbbf4fad7cad645b21e112f3ae0bfd161826876a04694fbd195d541b65,1,supported_true,True,True
sp_en_trans,entity_6ebe4759f181dcce3cabd6645e4329d44e1008be580eefa47fe664efea99068f,entity_6ebe4759f181dcce3cabd6645e4329d44e1008be580eefa47fe664efea99068f,test,fact_8ac2325602970fcec970fe580ec7b64991ebe3d3f0b6183f66fd91490ef2c81d,The Spanish word 'noche' means 'beauty'.,721e6183ae95155c19329cb85539448b7c42e82e9a336034e26b097d7b72cd50,0,supported_false,True,True
sp_en_trans,entity_702226a9f2eb7a9ba42c838244d9e5346f90fa5a125377a97fadc8e49867b79b,entity_702226a9f2eb7a9ba42c838244d9e5346f90fa5a125377a97fadc8e49867b79b,test,sp_en_trans:92,The Spanish word 'comer' means 'to eat'.,ac3a49d7c3a220881beb9b8ce8548f72f1b96dada5e045a8e62822baed25803f,1,supported_true,True,True
sp_en_trans,entity_702226a9f2eb7a9ba42c838244d9e5346f90fa5a125377a97fadc8e49867b79b,entity_702226a9f2eb7a9ba42c838244d9e5346f90fa5a125377a97fadc8e49867b79b,test,fact_e4aadb8fd06591473b4912020becfd101cca90ddedc6c379ffea5b2f9ea554ed,The Spanish word 'comer' means 'soldier'.,470822430f7cc55aa415e16c764b5aedaf2cc9e3e15da0bf0b82d0dac3318dd1,0,supported_false,True,True
sp_en_trans,entity_75d0a785025e551472c9f1cec33ed21dfafab9c5b8e5bd998d23dbcde58bb565,entity_75d0a785025e551472c9f1cec33ed21dfafab9c5b8e5bd998d23dbcde58bb565,test,sp_en_trans:188,The Spanish word 'hablar' means 'to speak'.,d41c14ba603c01ac6fe70d1c0181fb6c07501ef83875a22da1cc5428cb3e1aed,1,supported_true,True,True
sp_en_trans,entity_75d0a785025e551472c9f1cec33ed21dfafab9c5b8e5bd998d23dbcde58bb565,entity_75d0a785025e551472c9f1cec33ed21dfafab9c5b8e5bd998d23dbcde58bb565,test,fact_565fc273912b54954ffd118480cd2cde64b51be816d52ee32378bf5630f07876,The Spanish word 'hablar' means 'to sell'.,1a1589439633535239ee6011687a3b24768b58a03c6f76b0b4114591a63a3de0,0,supported_false,True,True
sp_en_trans,entity_7e594cd8ddafceb9af04c74ea623e12e78af45db45c9269f0be4ec9bd0722050,entity_7e594cd8ddafceb9af04c74ea623e12e78af45db45c9269f0be4ec9bd0722050,test,sp_en_trans:216,The Spanish word 'mezclar' means 'to mix'.,08bd168dbdea80fd4ea46b183c5e8e99d50f95f59f12542aac146933664bb2db,1,supported_true,True,True
sp_en_trans,entity_7e594cd8ddafceb9af04c74ea623e12e78af45db45c9269f0be4ec9bd0722050,entity_7e594cd8ddafceb9af04c74ea623e12e78af45db45c9269f0be4ec9bd0722050,test,fact_524f9a81c8af6bd1d6a4359c1843348e65eefd6f9b5a199dace1cf6c89c3fa96,The Spanish word 'mezclar' means 'to sell'.,bf24c53c882224fd715461d3186bd73df7a4a4e7639fb60eb54f8110165bdfef,0,supported_false,True,True
sp_en_trans,entity_838b37e3396c1f3b647cb6702af3137f742bcd8023124f339e8f9655364a8225,entity_838b37e3396c1f3b647cb6702af3137f742bcd8023124f339e8f9655364a8225,test,sp_en_trans:23,The Spanish word 'tierra' means 'land'.,380e526c29b8ad73c1d9a3c4e791e846a6b59c6bd00f877f7d38c2d649d50fed,1,supported_true,True,True
sp_en_trans,entity_838b37e3396c1f3b647cb6702af3137f742bcd8023124f339e8f9655364a8225,entity_838b37e3396c1f3b647cb6702af3137f742bcd8023124f339e8f9655364a8225,test,fact_2aaa08f6d9bc907051906680602cbdeba4e39e8a0d51a40be6792288df6bf5d1,The Spanish word 'tierra' means 'beauty'.,f1f033071f73e210c97ce074b3098ed9f1c0d11b4e6f64983ed737cf0b7856c1,0,supported_false,True,True
sp_en_trans,entity_839ed11c23700a4419d6427a8068887637177576416f9bac9b26163d8edbe86d,entity_839ed11c23700a4419d6427a8068887637177576416f9bac9b26163d8edbe86d,test,sp_en_trans:341,The Spanish word 'calamar' means 'squid'.,5cea4eb6c367d90d262d41cf5df83e4d91d0ed5d55d4bd261ce804446ed0dbce,1,supported_true,True,True
sp_en_trans,entity_839ed11c23700a4419d6427a8068887637177576416f9bac9b26163d8edbe86d,entity_839ed11c23700a4419d6427a8068887637177576416f9bac9b26163d8edbe86d,test,fact_bfd097af9843c3d93ee7a808102e3afd4e55e883498504f9f2042e120a027b98,The Spanish word 'calamar' means 'to see'.,bf19bdde2046d8efa4387f779a1802dddf524178a6d52c6319f081ca862804ff,0,supported_false,True,True
sp_en_trans,entity_865f8b8c59d51c85cfa6cc595ed4bad1fd75606f8888aef2301555d483fc6599,entity_865f8b8c59d51c85cfa6cc595ed4bad1fd75606f8888aef2301555d483fc6599,test,sp_en_trans:305,The Spanish word 'hermana' means 'sister'.,8b3690d8ea5f007f3760a1235ce6edd83f677695b06c6287ee5306e439de8608,1,supported_true,True,True
sp_en_trans,entity_865f8b8c59d51c85cfa6cc595ed4bad1fd75606f8888aef2301555d483fc6599,entity_865f8b8c59d51c85cfa6cc595ed4bad1fd75606f8888aef2301555d483fc6599,test,fact_17ce50ac889b6feace46089ff1adaa8f7519484888c2fb2d64e34d5ff5ff8de2,The Spanish word 'hermana' means 'to see'.,d563ebfd0ac82cf22044bcdd159e855302e1152c0a4826b5ac17f0cd3c8d4380,0,supported_false,True,True
sp_en_trans,entity_88456f3c03d30eeaf2b1de15e01452b5f1bbe11b120fde41bdd19ff161fee17c,entity_88456f3c03d30eeaf2b1de15e01452b5f1bbe11b120fde41bdd19ff161fee17c,test,sp_en_trans:247,The Spanish word 'resultado' means 'result'.,e42e31427bb67f997318a89a3db7bd601132f2072f2277834879d1dfb30362ae,1,supported_true,True,True
sp_en_trans,entity_88456f3c03d30eeaf2b1de15e01452b5f1bbe11b120fde41bdd19ff161fee17c,entity_88456f3c03d30eeaf2b1de15e01452b5f1bbe11b120fde41bdd19ff161fee17c,test,fact_17f4bc7e7d78ee7f108e44ad0fcce73bb82f25ad86a25b242edfd274a8ecabc1,The Spanish word 'resultado' means 'fear'.,465d23c8e6241f5bb0264acf04466375a9f4b502fd392d817cb74cf921f69eb8,0,supported_false,True,True
sp_en_trans,entity_8b6a1979de0cd9274402a56753ece95d514a01dc2f7b9bd8006022d3d5a8d48e,entity_8b6a1979de0cd9274402a56753ece95d514a01dc2f7b9bd8006022d3d5a8d48e,test,sp_en_trans:109,The Spanish word 'suficiente' means 'enough'.,2e35b13a5213dac7a673a2fcc679457c41255acc4db2bee573b8d5fbc2d00118,1,supported_true,True,True
sp_en_trans,entity_8b6a1979de0cd9274402a56753ece95d514a01dc2f7b9bd8006022d3d5a8d48e,entity_8b6a1979de0cd9274402a56753ece95d514a01dc2f7b9bd8006022d3d5a8d48e,test,fact_0ce0e2c472d3a36e04bb68746d7d827bb946cc0dbd3a81b4c630301aedf16a82,The Spanish word 'suficiente' means 'mother'.,bed88ec492dcc93df0a0a4b9b406d5693f0e4ff1ad979d9d390e190428dfaee7,0,supported_false,True,True
sp_en_trans,entity_aea4a2928719dd5151096c110feb8f3f872f5df4df5cf9f163ce21a0348f56a5,entity_aea4a2928719dd5151096c110feb8f3f872f5df4df5cf9f163ce21a0348f56a5,test,sp_en_trans:160,The Spanish word 'oscuro' means 'dark'.,e6d62edf806b7de7b6670a07ade47cc81eaa6611d94944ee61e4590bf697bc44,1,supported_true,True,True
sp_en_trans,entity_aea4a2928719dd5151096c110feb8f3f872f5df4df5cf9f163ce21a0348f56a5,entity_aea4a2928719dd5151096c110feb8f3f872f5df4df5cf9f163ce21a0348f56a5,test,fact_26e3b0d3247abaa427f5b39445cc8571ca5475cf0eff8c730be71e543a0bed8d,The Spanish word 'oscuro' means 'car'.,3dedcbd321b145eb9914650e7228ffcd26fbc42b8b22217fbf9abd8dc1a81b5f,0,supported_false,True,True
sp_en_trans,entity_b69eae8b5599ad5b244440921db841ce32d1268b28dfe14d7cb9f65654d421a5,entity_b69eae8b5599ad5b244440921db841ce32d1268b28dfe14d7cb9f65654d421a5,test,sp_en_trans:302,The Spanish word 'plata' means 'silver'.,bb69f607732361402add6010758b0f69e318d9f9a85f08de3c36ef59a9b8eec2,1,supported_true,True,True
sp_en_trans,entity_b69eae8b5599ad5b244440921db841ce32d1268b28dfe14d7cb9f65654d421a5,entity_b69eae8b5599ad5b244440921db841ce32d1268b28dfe14d7cb9f65654d421a5,test,fact_ec19a738a8954c696be01db159b3e111c83dacda27fefc301880d8be7d5b92ed,The Spanish word 'plata' means 'car'.,5f1be7eb632bfdadf6810c4d1114491b6d9e33fbe2377d06790e681742c35c91,0,supported_false,True,True
sp_en_trans,entity_b79eaf955c84a0db6d43c2ea26e969476336166cee2f0390c58dbd80afdafb84,entity_b79eaf955c84a0db6d43c2ea26e969476336166cee2f0390c58dbd80afdafb84,test,sp_en_trans:147,The Spanish word 'prueba' means 'test'.,df28c66089d481169eabdbd4815c7d178880a9d6a571436531148767a99d89f4,1,supported_true,True,True
sp_en_trans,entity_b79eaf955c84a0db6d43c2ea26e969476336166cee2f0390c58dbd80afdafb84,entity_b79eaf955c84a0db6d43c2ea26e969476336166cee2f0390c58dbd80afdafb84,test,fact_be786577b3568d9084d530d5e5473d0014cbd8d49afa0301a5754f0a9858eee2,The Spanish word 'prueba' means 'ready'.,3d0cb6945f05f0b9e3c3dc6b8457f6cc23d4f239b850e2e3d3a7a766912c56ce,0,supported_false,True,True
sp_en_trans,entity_b8108b1f4be5376b9cc2031088d544672883f8f185cc829bbb6c27ddb01c49cd,entity_b8108b1f4be5376b9cc2031088d544672883f8f185cc829bbb6c27ddb01c49cd,test,sp_en_trans:123,The Spanish word 'negro' means 'black'.,75ad7e8e0e385e7bc287836e27b4472a04a9966666c4051260956d3df0294923,1,supported_true,True,True
sp_en_trans,entity_b8108b1f4be5376b9cc2031088d544672883f8f185cc829bbb6c27ddb01c49cd,entity_b8108b1f4be5376b9cc2031088d544672883f8f185cc829bbb6c27ddb01c49cd,test,fact_5545c190ee8e360ee46da33374f00e4e2c38dd851b687a8297203170b317f1ab,The Spanish word 'negro' means 'beauty'.,dfffac6839f17f737452409368d644472cdc34dfbf09ed6560072e859a688538,0,supported_false,True,True
sp_en_trans,entity_bfa2fee3ef1d2f37d2b9ea9c83d8f4451c290231ab1aef31395f94c47770d715,entity_bfa2fee3ef1d2f37d2b9ea9c83d8f4451c290231ab1aef31395f94c47770d715,test,sp_en_trans:113,The Spanish word 'listo' means 'ready'.,463ed07340093bb6adb6c816b827c811345704fd1bee6a4a9d42871d3e5c2100,1,supported_true,True,True
sp_en_trans,entity_bfa2fee3ef1d2f37d2b9ea9c83d8f4451c290231ab1aef31395f94c47770d715,entity_bfa2fee3ef1d2f37d2b9ea9c83d8f4451c290231ab1aef31395f94c47770d715,test,fact_4e07ef706f23060e202993b5a198195fa624f40084fe70d06b0a8041042b5b85,The Spanish word 'listo' means 'first'.,1b25875e971970b2135fbf8e59aa4d02e3424ce117dc584dc05659f9069dcd6d,0,supported_false,True,True
sp_en_trans,entity_d7a147fa16de22e133b10d275a3508a4a607e9cbd5b2c67eae312d224edd89f2,entity_d7a147fa16de22e133b10d275a3508a4a607e9cbd5b2c67eae312d224edd89f2,test,sp_en_trans:115,The Spanish word 'lista' means 'list'.,e06da2d88dc2c8c74e77850b858a6a1c338627a669dbef1593020858230f67f3,1,supported_true,True,True
sp_en_trans,entity_d7a147fa16de22e133b10d275a3508a4a607e9cbd5b2c67eae312d224edd89f2,entity_d7a147fa16de22e133b10d275a3508a4a607e9cbd5b2c67eae312d224edd89f2,test,fact_23801ffe3c09f0681142826480c7ca3c95fd1e30e960840256382d976559b25f,The Spanish word 'lista' means 'beauty'.,619ed317c990b8b2e9b3dfd8896933aac852a26727bb5944016e0d2b5fbca291,0,supported_false,True,True
sp_en_trans,entity_d896e86a3902d233787ef583816a68ac9aafec8b4ffb561038e461bd5013fbf6,entity_d896e86a3902d233787ef583816a68ac9aafec8b4ffb561038e461bd5013fbf6,test,sp_en_trans:29,The Spanish word 'madre' means 'mother'.,c29fe3af2d1ed38a020e47a7c177aa5bade70faf7b4910274fd69b00627b8c18,1,supported_true,True,True
sp_en_trans,entity_d896e86a3902d233787ef583816a68ac9aafec8b4ffb561038e461bd5013fbf6,entity_d896e86a3902d233787ef583816a68ac9aafec8b4ffb561038e461bd5013fbf6,test,fact_3386a3169925f03c18a5cc9ca800ac2dd8595b3001bbdd6a96211213c189a381,The Spanish word 'madre' means 'enough'.,d97687134b448e3c908b81920fe49638c6ee83c12a872b0d5b625daf08f7157b,0,supported_false,True,True
sp_en_trans,entity_df73c957cb552342ce208e83f24fb8561d7af835cfe33354ab1f037cc9271042,entity_df73c957cb552342ce208e83f24fb8561d7af835cfe33354ab1f037cc9271042,test,sp_en_trans:99,The Spanish word 'parecer' means 'to seem'.,747c4c952d680e1b1efddc7d7dcfd0223236fb9dae9b6daf4c304df11d114267,1,supported_true,True,True
sp_en_trans,entity_df73c957cb552342ce208e83f24fb8561d7af835cfe33354ab1f037cc9271042,entity_df73c957cb552342ce208e83f24fb8561d7af835cfe33354ab1f037cc9271042,test,fact_67e885eb88c87e4ebf32a001f6b384fd26e34a42603b6a54d199f4f6f685a9b0,The Spanish word 'parecer' means 'arm'.,6191b259c01a2886448758b96e8443b06a582d2e072155dea151819292e15c33,0,supported_false,True,True
sp_en_trans,entity_edef7c4cce0f33d69ea525d89caa40f21f74fd630f1611ba29e431412fab63fa,entity_edef7c4cce0f33d69ea525d89caa40f21f74fd630f1611ba29e431412fab63fa,test,sp_en_trans:264,The Spanish word 'moderno' means 'modern'.,c8fcde462d69db586b6c65261393b6b7b16afe47470a614b2cfb817083dc2a70,1,supported_true,True,True
sp_en_trans,entity_edef7c4cce0f33d69ea525d89caa40f21f74fd630f1611ba29e431412fab63fa,entity_edef7c4cce0f33d69ea525d89caa40f21f74fd630f1611ba29e431412fab63fa,test,fact_fe73d8ebc3906b1cedfed5d163f6dcece96d303fedcf4ade5a77df3a173b7115,The Spanish word 'moderno' means 'to speak'.,769b38e2b6de22a28eed28c01d96fb93539f6fa97dfd3fe05a122dbc58d04094,0,supported_false,True,True
sp_en_trans,entity_f27dc054598b1f6bd174c5e2a1efec1421646c222c4fb5b946332c49295035ae,entity_f27dc054598b1f6bd174c5e2a1efec1421646c222c4fb5b946332c49295035ae,test,sp_en_trans:57,The Spanish word 'ver' means 'to see'.,9be60337b0d6479c478178e57d97674d488e7e2f5c4b63deb8f25a1ec97ce224,1,supported_true,True,True
sp_en_trans,entity_f27dc054598b1f6bd174c5e2a1efec1421646c222c4fb5b946332c49295035ae,entity_f27dc054598b1f6bd174c5e2a1efec1421646c222c4fb5b946332c49295035ae,test,fact_0e824e225b97a21875d04caae727689a2efb1a406901efeb81c2fa5eb378d0eb,The Spanish word 'ver' means 'to sell'.,f7b80d175e263631cabcf848194b56ddb2448e16340ea253eecbb552e5fd078f,0,supported_false,True,True
