ci_high,ci_low,ci_status,classification,condition,contrast,invalid_replicates,lhs_score_folder,metric,model,paired,planning_margin,point,rhs_score_folder,saved_layer,scope,source_operator,surface_order,target_operator,topic,total_replicates,valid_fraction,valid_replicates
0.03893162403123768,0.016859298909276517,ok,upper_bound_below_05,D_bare,target_trained_minus_source_trained,0,scores/78338c89aff55932d0ad6685,first_marginal,qwen,True,0.05,0.026798038055802054,scores/efe654a7c838d360942ceb62,18,pooled,AND,all,OR,all,2000,1.0,2000
0.07403829139923825,0.013157047193877542,ok,unresolved_crosses_05,D_bare,target_trained_minus_source_trained,0,scores/78338c89aff55932d0ad6685,first_marginal,qwen,True,0.05,0.046630859375,scores/efe654a7c838d360942ceb62,18,topic,AND,all,OR,animal_class,2000,1.0,2000
0.024503507556597626,0.006730628796029811,ok,upper_bound_below_05,D_bare,target_trained_minus_source_trained,0,scores/78338c89aff55932d0ad6685,first_marginal,qwen,True,0.05,0.014173066528534783,scores/efe654a7c838d360942ceb62,18,topic,AND,all,OR,cities,2000,1.0,2000
0.004866212319383241,0.0,ok,upper_bound_below_05,D_bare,target_trained_minus_source_trained,0,scores/78338c89aff55932d0ad6685,first_marginal,qwen,True,0.05,0.0011574074074074403,scores/efe654a7c838d360942ceb62,18,topic,AND,all,OR,element_symb,2000,1.0,2000
0.15554730634859404,0.019408624199698996,ok,unresolved_crosses_05,D_bare,target_trained_minus_source_trained,0,scores/78338c89aff55932d0ad6685,first_marginal,qwen,True,0.05,0.07915972511453562,scores/efe654a7c838d360942ceb62,18,topic,AND,all,OR,inventors,2000,1.0,2000
0.01939686416947469,0.0006691816351871854,ok,upper_bound_below_05,D_bare,target_trained_minus_source_trained,0,scores/78338c89aff55932d0ad6685,first_marginal,qwen,True,0.05,0.007663819204152267,scores/efe654a7c838d360942ceb62,18,topic,AND,all,OR,sp_en_trans,2000,1.0,2000
0.04463427617442014,0.015190138567030335,ok,upper_bound_below_05,D_bare,target_trained_minus_source_trained,0,scores/78338c89aff55932d0ad6685,first_marginal,qwen,True,0.05,0.029756975525925822,scores/efe654a7c838d360942ceb62,18,topic_macro,AND,all,OR,all,2000,1.0,2000
0.01153974871453709,0.003723594748256248,ok,upper_bound_below_05,D_bare,target_trained_minus_source_trained,0,scores/78338c89aff55932d0ad6685,second_marginal,qwen,True,0.05,0.0071662723060238465,scores/efe654a7c838d360942ceb62,18,pooled,AND,all,OR,all,2000,1.0,2000
0.05499178851451581,0.0025504137445703373,ok,unresolved_crosses_05,D_bare,target_trained_minus_source_trained,0,scores/78338c89aff55932d0ad6685,second_marginal,qwen,True,0.05,0.0228271484375,scores/efe654a7c838d360942ceb62,18,topic,AND,all,OR,animal_class,2000,1.0,2000
0.005274443387457078,0.00029012938325853334,ok,upper_bound_below_05,D_bare,target_trained_minus_source_trained,0,scores/78338c89aff55932d0ad6685,second_marginal,qwen,True,0.05,0.002494257015449697,scores/efe654a7c838d360942ceb62,18,topic,AND,all,OR,cities,2000,1.0,2000
0.004192502173614595,0.0,ok,upper_bound_below_05,D_bare,target_trained_minus_source_trained,0,scores/78338c89aff55932d0ad6685,second_marginal,qwen,True,0.05,0.0006269290123457338,scores/efe654a7c838d360942ceb62,18,topic,AND,all,OR,element_symb,2000,1.0,2000
0.07161208871303631,0.006366538428377519,ok,unresolved_crosses_05,D_bare,target_trained_minus_source_trained,0,scores/78338c89aff55932d0ad6685,second_marginal,qwen,True,0.05,0.031080799666805548,scores/efe654a7c838d360942ceb62,18,topic,AND,all,OR,inventors,2000,1.0,2000
0.0008188706616905765,-0.0008923707390227492,ok,upper_bound_below_05,D_bare,target_trained_minus_source_trained,0,scores/78338c89aff55932d0ad6685,second_marginal,qwen,True,0.05,0.0,scores/efe654a7c838d360942ceb62,18,topic,AND,all,OR,sp_en_trans,2000,1.0,2000
0.021773557064302614,0.00446222115131153,ok,upper_bound_below_05,D_bare,target_trained_minus_source_trained,0,scores/78338c89aff55932d0ad6685,second_marginal,qwen,True,0.05,0.011405826826420218,scores/efe654a7c838d360942ceb62,18,topic_macro,AND,all,OR,all,2000,1.0,2000
0.04129771148613589,0.013245962696010407,ok,upper_bound_below_05,D_bare,target_trained_minus_source_trained,0,scores/78338c89aff55932d0ad6685,first_given_second_0,qwen,True,0.05,0.025022611439030507,scores/efe654a7c838d360942ceb62,18,pooled,AND,all,OR,all,2000,1.0,2000
0.07717793367346933,0.0,ok,unresolved_crosses_05,D_bare,target_trained_minus_source_trained,0,scores/78338c89aff55932d0ad6685,first_given_second_0,qwen,True,0.05,0.029541015625,scores/efe654a7c838d360942ceb62,18,topic,AND,all,OR,animal_class,2000,1.0,2000
0.018683702482680593,0.0015800215022213238,ok,upper_bound_below_05,D_bare,target_trained_minus_source_trained,0,scores/78338c89aff55932d0ad6685,first_given_second_0,qwen,True,0.05,0.008093666951939027,scores/efe654a7c838d360942ceb62,18,topic,AND,all,OR,cities,2000,1.0,2000
0.006366385388767103,0.0,ok,upper_bound_below_05,D_bare,target_trained_minus_source_trained,0,scores/78338c89aff55932d0ad6685,first_given_second_0,qwen,True,0.05,0.0011574074074074403,scores/efe654a7c838d360942ceb62,18,topic,AND,all,OR,element_symb,2000,1.0,2000
0.13099924175387287,0.0017176339285714215,ok,unresolved_crosses_05,D_bare,target_trained_minus_source_trained,0,scores/78338c89aff55932d0ad6685,first_given_second_0,qwen,True,0.05,0.05476884631403589,scores/efe654a7c838d360942ceb62,18,topic,AND,all,OR,inventors,2000,1.0,2000
0.02286973952565864,0.00021533964902785698,ok,upper_bound_below_05,D_bare,target_trained_minus_source_trained,0,scores/78338c89aff55932d0ad6685,first_given_second_0,qwen,True,0.05,0.008217993079584818,scores/efe654a7c838d360942ceb62,18,topic,AND,all,OR,sp_en_trans,2000,1.0,2000
0.03638248215019728,0.0060435551735111585,ok,upper_bound_below_05,D_bare,target_trained_minus_source_trained,0,scores/78338c89aff55932d0ad6685,first_given_second_0,qwen,True,0.05,0.02035578587559339,scores/efe654a7c838d360942ceb62,18,topic_macro,AND,all,OR,all,2000,1.0,2000
0.029083188278984946,0.007009465665994863,ok,upper_bound_below_05,D_bare,target_trained_minus_source_trained,0,scores/78338c89aff55932d0ad6685,first_given_second_1,qwen,True,0.05,0.015997325206074775,scores/efe654a7c838d360942ceb62,18,pooled,AND,all,OR,all,2000,1.0,2000
0.09809179890738805,0.0,ok,unresolved_crosses_05,D_bare,target_trained_minus_source_trained,0,scores/78338c89aff55932d0ad6685,first_given_second_1,qwen,True,0.05,0.034912109375,scores/efe654a7c838d360942ceb62,18,topic,AND,all,OR,animal_class,2000,1.0,2000
0.01766829498108197,0.0011605104862556586,ok,upper_bound_below_05,D_bare,target_trained_minus_source_trained,0,scores/78338c89aff55932d0ad6685,first_given_second_1,qwen,True,0.05,0.007316674924553013,scores/efe654a7c838d360942ceb62,18,topic,AND,all,OR,cities,2000,1.0,2000
0.0,0.0,ok,upper_bound_below_05,D_bare,target_trained_minus_source_trained,0,scores/78338c89aff55932d0ad6685,first_given_second_1,qwen,True,0.05,0.0,scores/efe654a7c838d360942ceb62,18,topic,AND,all,OR,element_symb,2000,1.0,2000
0.23595057692307686,0.011248653628118005,ok,unresolved_crosses_05,D_bare,target_trained_minus_source_trained,0,scores/78338c89aff55932d0ad6685,first_given_second_1,qwen,True,0.05,0.09756351520199913,scores/efe654a7c838d360942ceb62,18,topic,AND,all,OR,inventors,2000,1.0,2000
0.01659441662717572,0.0,ok,upper_bound_below_05,D_bare,target_trained_minus_source_trained,0,scores/78338c89aff55932d0ad6685,first_given_second_1,qwen,True,0.05,0.0051362456747404694,scores/efe654a7c838d360942ceb62,18,topic,AND,all,OR,sp_en_trans,2000,1.0,2000
0.057678367181578746,0.00818598554032408,ok,unresolved_crosses_05,D_bare,target_trained_minus_source_trained,0,scores/78338c89aff55932d0ad6685,first_given_second_1,qwen,True,0.05,0.028985709035258322,scores/efe654a7c838d360942ceb62,18,topic_macro,AND,all,OR,all,2000,1.0,2000
0.020787324753106677,0.005203031892326379,ok,upper_bound_below_05,D_bare,target_trained_minus_source_trained,0,scores/78338c89aff55932d0ad6685,second_given_first_0,qwen,True,0.05,0.01194762719202358,scores/efe654a7c838d360942ceb62,18,pooled,AND,all,OR,all,2000,1.0,2000
0.14738818105295376,0.002860650510204094,ok,unresolved_crosses_05,D_bare,target_trained_minus_source_trained,0,scores/78338c89aff55932d0ad6685,second_given_first_0,qwen,True,0.05,0.053466796875,scores/efe654a7c838d360942ceb62,18,topic,AND,all,OR,animal_class,2000,1.0,2000
0.005958479713571586,-0.0021698607787569214,ok,upper_bound_below_05,D_bare,target_trained_minus_source_trained,0,scores/78338c89aff55932d0ad6685,second_given_first_0,qwen,True,0.05,0.0016834827260033824,scores/efe654a7c838d360942ceb62,18,topic,AND,all,OR,cities,2000,1.0,2000
0.0017014158604617762,0.0,ok,upper_bound_below_05,D_bare,target_trained_minus_source_trained,0,scores/78338c89aff55932d0ad6685,second_given_first_0,qwen,True,0.05,0.00019290123456794372,scores/efe654a7c838d360942ceb62,18,topic,AND,all,OR,element_symb,2000,1.0,2000
0.08864923668943438,0.005695044512714581,ok,unresolved_crosses_05,D_bare,target_trained_minus_source_trained,0,scores/78338c89aff55932d0ad6685,second_given_first_0,qwen,True,0.05,0.037380258225739316,scores/efe654a7c838d360942ceb62,18,topic,AND,all,OR,inventors,2000,1.0,2000
0.002739409620174928,-0.00036643828744399587,ok,upper_bound_below_05,D_bare,target_trained_minus_source_trained,0,scores/78338c89aff55932d0ad6685,second_given_first_0,qwen,True,0.05,0.00037846020761245214,scores/efe654a7c838d360942ceb62,18,topic,AND,all,OR,sp_en_trans,2000,1.0,2000
0.03953002082443464,0.005780800288637433,ok,upper_bound_below_05,D_bare,target_trained_minus_source_trained,0,scores/78338c89aff55932d0ad6685,second_given_first_0,qwen,True,0.05,0.01862037985378462,scores/efe654a7c838d360942ceb62,18,topic_macro,AND,all,OR,all,2000,1.0,2000
0.0033443233448251083,-0.0005802958344462289,ok,upper_bound_below_05,D_bare,target_trained_minus_source_trained,0,scores/78338c89aff55932d0ad6685,second_given_first_1,qwen,True,0.05,0.001134858480254075,scores/efe654a7c838d360942ceb62,18,pooled,AND,all,OR,all,2000,1.0,2000
0.025386658915824062,0.0,ok,upper_bound_below_05,D_bare,target_trained_minus_source_trained,0,scores/78338c89aff55932d0ad6685,second_given_first_1,qwen,True,0.05,0.004638671875,scores/efe654a7c838d360942ceb62,18,topic,AND,all,OR,animal_class,2000,1.0,2000
0.002261629955647187,-0.0008365984999301079,ok,upper_bound_below_05,D_bare,target_trained_minus_source_trained,0,scores/78338c89aff55932d0ad6685,second_given_first_1,qwen,True,0.05,0.0003997567677131997,scores/efe654a7c838d360942ceb62,18,topic,AND,all,OR,cities,2000,1.0,2000
0.0,0.0,ok,upper_bound_below_05,D_bare,target_trained_minus_source_trained,0,scores/78338c89aff55932d0ad6685,second_given_first_1,qwen,True,0.05,0.0,scores/efe654a7c838d360942ceb62,18,topic,AND,all,OR,element_symb,2000,1.0,2000
0.05451249999999993,-0.011720032042213674,ok,unresolved_crosses_05,D_bare,target_trained_minus_source_trained,0,scores/78338c89aff55932d0ad6685,second_given_first_1,qwen,True,0.05,0.014473136193252745,scores/efe654a7c838d360942ceb62,18,topic,AND,all,OR,inventors,2000,1.0,2000
0.0,0.0,ok,upper_bound_below_05,D_bare,target_trained_minus_source_trained,0,scores/78338c89aff55932d0ad6685,second_given_first_1,qwen,True,0.05,0.0,scores/efe654a7c838d360942ceb62,18,topic,AND,all,OR,sp_en_trans,2000,1.0,2000
0.012983028734196093,-0.0016685225977053492,ok,upper_bound_below_05,D_bare,target_trained_minus_source_trained,0,scores/78338c89aff55932d0ad6685,second_given_first_1,qwen,True,0.05,0.0039023129671930112,scores/efe654a7c838d360942ceb62,18,topic_macro,AND,all,OR,all,2000,1.0,2000
0.08966314966964745,0.061046154722439065,ok,material_deficit_lower_bound_above_05,or_at_least_one_v1,target_trained_minus_source_trained,0,scores/5a384d08c9c1b6a94d899385,first_marginal,qwen,True,0.05,0.07589111574056218,scores/22e31469edbf64f2b8b0ac95,18,pooled,AND,all,OR,all,2000,1.0,2000
0.10280056451612903,0.007345889027098479,ok,unresolved_crosses_05,or_at_least_one_v1,target_trained_minus_source_trained,0,scores/5a384d08c9c1b6a94d899385,first_marginal,qwen,True,0.05,0.04937744140625,scores/22e31469edbf64f2b8b0ac95,18,topic,AND,all,OR,animal_class,2000,1.0,2000
0.018485757218897402,0.0041718757229707555,ok,upper_bound_below_05,or_at_least_one_v1,target_trained_minus_source_trained,0,scores/5a384d08c9c1b6a94d899385,first_marginal,qwen,True,0.05,0.010326111436421814,scores/22e31469edbf64f2b8b0ac95,18,topic,AND,all,OR,cities,2000,1.0,2000
0.018799343532986106,-0.0014472113715278177,ok,upper_bound_below_05,or_at_least_one_v1,target_trained_minus_source_trained,0,scores/5a384d08c9c1b6a94d899385,first_marginal,qwen,True,0.05,0.00520833333333337,scores/22e31469edbf64f2b8b0ac95,18,topic,AND,all,OR,element_symb,2000,1.0,2000
0.06588465865864135,-0.0748793584839291,ok,unresolved_crosses_05,or_at_least_one_v1,target_trained_minus_source_trained,0,scores/5a384d08c9c1b6a94d899385,first_marginal,qwen,True,0.05,-0.011870054144106579,scores/22e31469edbf64f2b8b0ac95,18,topic,AND,all,OR,inventors,2000,1.0,2000
0.07243070121567145,0.021900219671201752,ok,unresolved_crosses_05,or_at_least_one_v1,target_trained_minus_source_trained,0,scores/5a384d08c9c1b6a94d899385,first_marginal,qwen,True,0.05,0.04502324826989623,scores/22e31469edbf64f2b8b0ac95,18,topic,AND,all,OR,sp_en_trans,2000,1.0,2000
0.03733347998935492,0.004297583139093623,ok,upper_bound_below_05,or_at_least_one_v1,target_trained_minus_source_trained,0,scores/5a384d08c9c1b6a94d899385,first_marginal,qwen,True,0.05,0.019613016060358923,scores/22e31469edbf64f2b8b0ac95,18,topic_macro,AND,all,OR,all,2000,1.0,2000
0.005762649856114098,-0.0007085605865003481,ok,upper_bound_below_05,or_at_least_one_v1,target_trained_minus_source_trained,0,scores/5a384d08c9c1b6a94d899385,second_marginal,qwen,True,0.05,0.0019734106623116032,scores/22e31469edbf64f2b8b0ac95,18,pooled,AND,all,OR,all,2000,1.0,2000
0.007569480588276454,-1.082063711910158e-06,ok,upper_bound_below_05,or_at_least_one_v1,target_trained_minus_source_trained,0,scores/5a384d08c9c1b6a94d899385,second_marginal,qwen,True,0.05,0.0018310546875,scores/22e31469edbf64f2b8b0ac95,18,topic,AND,all,OR,animal_class,2000,1.0,2000
0.007429075342826705,-0.0004289504008706396,ok,upper_bound_below_05,or_at_least_one_v1,target_trained_minus_source_trained,0,scores/5a384d08c9c1b6a94d899385,second_marginal,qwen,True,0.05,0.0018721003558398452,scores/22e31469edbf64f2b8b0ac95,18,topic,AND,all,OR,cities,2000,1.0,2000
0.0,0.0,ok,upper_bound_below_05,or_at_least_one_v1,target_trained_minus_source_trained,0,scores/5a384d08c9c1b6a94d899385,second_marginal,qwen,True,0.05,0.0,scores/22e31469edbf64f2b8b0ac95,18,topic,AND,all,OR,element_symb,2000,1.0,2000
0.000494394704621989,-0.030842502829334505,ok,upper_bound_below_05,or_at_least_one_v1,target_trained_minus_source_trained,0,scores/5a384d08c9c1b6a94d899385,second_marginal,qwen,True,0.05,-0.006325489379425231,scores/22e31469edbf64f2b8b0ac95,18,topic,AND,all,OR,inventors,2000,1.0,2000
0.0003061640630397542,0.0,ok,upper_bound_below_05,or_at_least_one_v1,target_trained_minus_source_trained,0,scores/5a384d08c9c1b6a94d899385,second_marginal,qwen,True,0.05,2.703287197236559e-05,scores/22e31469edbf64f2b8b0ac95,18,topic,AND,all,OR,sp_en_trans,2000,1.0,2000
0.0018088667779859013,-0.005453020614043505,ok,upper_bound_below_05,or_at_least_one_v1,target_trained_minus_source_trained,0,scores/5a384d08c9c1b6a94d899385,second_marginal,qwen,True,0.05,-0.0005190602928226706,scores/22e31469edbf64f2b8b0ac95,18,topic_macro,AND,all,OR,all,2000,1.0,2000
0.02074466970937448,0.0024501937689589163,ok,upper_bound_below_05,or_at_least_one_v1,target_trained_minus_source_trained,0,scores/5a384d08c9c1b6a94d899385,first_given_second_0,qwen,True,0.05,0.011393593354165898,scores/22e31469edbf64f2b8b0ac95,18,pooled,AND,all,OR,all,2000,1.0,2000
0.04683869468960229,0.0,ok,upper_bound_below_05,or_at_least_one_v1,target_trained_minus_source_trained,0,scores/5a384d08c9c1b6a94d899385,first_given_second_0,qwen,True,0.05,0.01416015625,scores/22e31469edbf64f2b8b0ac95,18,topic,AND,all,OR,animal_class,2000,1.0,2000
0.006677396577862648,-0.000980879140473645,ok,upper_bound_below_05,or_at_least_one_v1,target_trained_minus_source_trained,0,scores/5a384d08c9c1b6a94d899385,first_given_second_0,qwen,True,0.05,0.001396333498490998,scores/22e31469edbf64f2b8b0ac95,18,topic,AND,all,OR,cities,2000,1.0,2000
0.0016678669410151187,0.0,ok,upper_bound_below_05,or_at_least_one_v1,target_trained_minus_source_trained,0,scores/5a384d08c9c1b6a94d899385,first_given_second_0,qwen,True,0.05,0.00019290123456794372,scores/22e31469edbf64f2b8b0ac95,18,topic,AND,all,OR,element_symb,2000,1.0,2000
0.03572423522966091,-0.04654984951657555,ok,upper_bound_below_05,or_at_least_one_v1,target_trained_minus_source_trained,0,scores/5a384d08c9c1b6a94d899385,first_given_second_0,qwen,True,0.05,-0.005830903790087549,scores/22e31469edbf64f2b8b0ac95,18,topic,AND,all,OR,inventors,2000,1.0,2000
0.008882464453960584,-0.0020155880541273736,ok,upper_bound_below_05,or_at_least_one_v1,target_trained_minus_source_trained,0,scores/5a384d08c9c1b6a94d899385,first_given_second_0,qwen,True,0.05,0.0018923010380622607,scores/22e31469edbf64f2b8b0ac95,18,topic,AND,all,OR,sp_en_trans,2000,1.0,2000
0.012609946134231506,-0.00737035224988877,ok,upper_bound_below_05,or_at_least_one_v1,target_trained_minus_source_trained,0,scores/5a384d08c9c1b6a94d899385,first_given_second_0,qwen,True,0.05,0.0023621576462067306,scores/22e31469edbf64f2b8b0ac95,18,topic_macro,AND,all,OR,all,2000,1.0,2000
0.1734480547899568,0.12591536266954473,ok,material_deficit_lower_bound_above_05,or_at_least_one_v1,target_trained_minus_source_trained,0,scores/5a384d08c9c1b6a94d899385,first_given_second_1,qwen,True,0.05,0.15144734642439206,scores/22e31469edbf64f2b8b0ac95,18,pooled,AND,all,OR,all,2000,1.0,2000
0.21918518518518515,0.0009182736455464191,ok,unresolved_crosses_05,or_at_least_one_v1,target_trained_minus_source_trained,0,scores/5a384d08c9c1b6a94d899385,first_given_second_1,qwen,True,0.05,0.083251953125,scores/22e31469edbf64f2b8b0ac95,18,topic,AND,all,OR,animal_class,2000,1.0,2000
0.04893489309071948,0.012904567495736832,ok,upper_bound_below_05,or_at_least_one_v1,target_trained_minus_source_trained,0,scores/5a384d08c9c1b6a94d899385,first_given_second_1,qwen,True,0.05,0.028160330615737972,scores/22e31469edbf64f2b8b0ac95,18,topic,AND,all,OR,cities,2000,1.0,2000
0.059691429955596065,-0.0055122816858213354,ok,unresolved_crosses_05,or_at_least_one_v1,target_trained_minus_source_trained,0,scores/5a384d08c9c1b6a94d899385,first_given_second_1,qwen,True,0.05,0.015432098765432056,scores/22e31469edbf64f2b8b0ac95,18,topic,AND,all,OR,element_symb,2000,1.0,2000
0.166443947840574,-0.07758580915522086,ok,unresolved_crosses_05,or_at_least_one_v1,target_trained_minus_source_trained,0,scores/5a384d08c9c1b6a94d899385,first_given_second_1,qwen,True,0.05,0.033215326947105384,scores/22e31469edbf64f2b8b0ac95,18,topic,AND,all,OR,inventors,2000,1.0,2000
0.1286690848214286,0.03167578763133958,ok,unresolved_crosses_05,or_at_least_one_v1,target_trained_minus_source_trained,0,scores/5a384d08c9c1b6a94d899385,first_given_second_1,qwen,True,0.05,0.08255839100346019,scores/22e31469edbf64f2b8b0ac95,18,topic,AND,all,OR,sp_en_trans,2000,1.0,2000
0.08767780160662782,0.01633030255399104,ok,unresolved_crosses_05,or_at_least_one_v1,target_trained_minus_source_trained,0,scores/5a384d08c9c1b6a94d899385,first_given_second_1,qwen,True,0.05,0.048523620091347364,scores/22e31469edbf64f2b8b0ac95,18,topic_macro,AND,all,OR,all,2000,1.0,2000
0.009228249888755907,-0.00016058764208439768,ok,upper_bound_below_05,or_at_least_one_v1,target_trained_minus_source_trained,0,scores/5a384d08c9c1b6a94d899385,second_given_first_0,qwen,True,0.05,0.0031623865677335994,scores/22e31469edbf64f2b8b0ac95,18,pooled,AND,all,OR,all,2000,1.0,2000
0.008791229428624247,0.0,ok,upper_bound_below_05,or_at_least_one_v1,target_trained_minus_source_trained,0,scores/5a384d08c9c1b6a94d899385,second_given_first_0,qwen,True,0.05,0.001220703125,scores/22e31469edbf64f2b8b0ac95,18,topic,AND,all,OR,animal_class,2000,1.0,2000
0.011237332752016157,-0.000147257968001982,ok,upper_bound_below_05,or_at_least_one_v1,target_trained_minus_source_trained,0,scores/5a384d08c9c1b6a94d899385,second_given_first_0,qwen,True,0.05,0.002840525201567523,scores/22e31469edbf64f2b8b0ac95,18,topic,AND,all,OR,cities,2000,1.0,2000
0.0,0.0,ok,upper_bound_below_05,or_at_least_one_v1,target_trained_minus_source_trained,0,scores/5a384d08c9c1b6a94d899385,second_given_first_0,qwen,True,0.05,0.0,scores/22e31469edbf64f2b8b0ac95,18,topic,AND,all,OR,element_symb,2000,1.0,2000
0.0011582164221032737,-0.021592946721444316,ok,upper_bound_below_05,or_at_least_one_v1,target_trained_minus_source_trained,0,scores/5a384d08c9c1b6a94d899385,second_given_first_0,qwen,True,0.05,-0.004477301124531485,scores/22e31469edbf64f2b8b0ac95,18,topic,AND,all,OR,inventors,2000,1.0,2000
0.0012246562521592331,0.0,ok,upper_bound_below_05,or_at_least_one_v1,target_trained_minus_source_trained,0,scores/5a384d08c9c1b6a94d899385,second_given_first_0,qwen,True,0.05,0.00010813148788924032,scores/22e31469edbf64f2b8b0ac95,18,topic,AND,all,OR,sp_en_trans,2000,1.0,2000
0.0025684130597408337,-0.003641948689182611,ok,upper_bound_below_05,or_at_least_one_v1,target_trained_minus_source_trained,0,scores/5a384d08c9c1b6a94d899385,second_given_first_0,qwen,True,0.05,-6.158826201496659e-05,scores/22e31469edbf64f2b8b0ac95,18,topic_macro,AND,all,OR,all,2000,1.0,2000
0.0038756578352925597,-0.002950012716674291,ok,upper_bound_below_05,or_at_least_one_v1,target_trained_minus_source_trained,0,scores/5a384d08c9c1b6a94d899385,second_given_first_1,qwen,True,0.05,0.0005497473091315985,scores/22e31469edbf64f2b8b0ac95,18,pooled,AND,all,OR,all,2000,1.0,2000
0.01010116023492951,-0.001158198738274574,ok,upper_bound_below_05,or_at_least_one_v1,target_trained_minus_source_trained,0,scores/5a384d08c9c1b6a94d899385,second_given_first_1,qwen,True,0.05,0.002197265625,scores/22e31469edbf64f2b8b0ac95,18,topic,AND,all,OR,animal_class,2000,1.0,2000
0.006033109182429281,-0.001269646839968369,ok,upper_bound_below_05,or_at_least_one_v1,target_trained_minus_source_trained,0,scores/5a384d08c9c1b6a94d899385,second_given_first_1,qwen,True,0.05,0.0009515337146974723,scores/22e31469edbf64f2b8b0ac95,18,topic,AND,all,OR,cities,2000,1.0,2000
0.0,0.0,ok,upper_bound_below_05,or_at_least_one_v1,target_trained_minus_source_trained,0,scores/5a384d08c9c1b6a94d899385,second_given_first_1,qwen,True,0.05,0.0,scores/22e31469edbf64f2b8b0ac95,18,topic,AND,all,OR,element_symb,2000,1.0,2000
0.0021423109174224537,-0.0462323440405574,ok,upper_bound_below_05,or_at_least_one_v1,target_trained_minus_source_trained,0,scores/5a384d08c9c1b6a94d899385,second_given_first_1,qwen,True,0.05,-0.007705122865472647,scores/22e31469edbf64f2b8b0ac95,18,topic,AND,all,OR,inventors,2000,1.0,2000
0.0,0.0,ok,upper_bound_below_05,or_at_least_one_v1,target_trained_minus_source_trained,0,scores/5a384d08c9c1b6a94d899385,second_given_first_1,qwen,True,0.05,0.0,scores/22e31469edbf64f2b8b0ac95,18,topic,AND,all,OR,sp_en_trans,2000,1.0,2000
0.0020543081416857004,-0.008805522073933958,ok,upper_bound_below_05,or_at_least_one_v1,target_trained_minus_source_trained,0,scores/5a384d08c9c1b6a94d899385,second_given_first_1,qwen,True,0.05,-0.0009112647051549017,scores/22e31469edbf64f2b8b0ac95,18,topic_macro,AND,all,OR,all,2000,1.0,2000
0.1858645173084824,0.15437335973219332,ok,material_deficit_lower_bound_above_05,or_explicit_or_both_v1,target_trained_minus_source_trained,0,scores/c907a20e280426da31fd18cf,first_marginal,qwen,True,0.05,0.1711916335532323,scores/9c2148e32106fd6d02372fb8,18,pooled,AND,all,OR,all,2000,1.0,2000
0.08405148727258593,0.030833001594314343,ok,unresolved_crosses_05,or_explicit_or_both_v1,target_trained_minus_source_trained,0,scores/c907a20e280426da31fd18cf,first_marginal,qwen,True,0.05,0.06170654296875,scores/9c2148e32106fd6d02372fb8,18,topic,AND,all,OR,animal_class,2000,1.0,2000
0.07668969104629264,0.04797318614094597,ok,unresolved_crosses_05,or_explicit_or_both_v1,target_trained_minus_source_trained,0,scores/c907a20e280426da31fd18cf,first_marginal,qwen,True,0.05,0.06194400027025815,scores/9c2148e32106fd6d02372fb8,18,topic,AND,all,OR,cities,2000,1.0,2000
0.13620518611856502,0.032223207773463186,ok,unresolved_crosses_05,or_explicit_or_both_v1,target_trained_minus_source_trained,0,scores/c907a20e280426da31fd18cf,first_marginal,qwen,True,0.05,0.07749807098765438,scores/9c2148e32106fd6d02372fb8,18,topic,AND,all,OR,element_symb,2000,1.0,2000
0.13723097314872026,0.044802838387573936,ok,unresolved_crosses_05,or_explicit_or_both_v1,target_trained_minus_source_trained,0,scores/c907a20e280426da31fd18cf,first_marginal,qwen,True,0.05,0.0941014160766348,scores/9c2148e32106fd6d02372fb8,18,topic,AND,all,OR,inventors,2000,1.0,2000
0.11371562928175381,0.06211781141493057,ok,material_deficit_lower_bound_above_05,or_explicit_or_both_v1,target_trained_minus_source_trained,0,scores/c907a20e280426da31fd18cf,first_marginal,qwen,True,0.05,0.08865430363321802,scores/9c2148e32106fd6d02372fb8,18,topic,AND,all,OR,sp_en_trans,2000,1.0,2000
0.09211309343566966,0.0592611236180591,ok,material_deficit_lower_bound_above_05,or_explicit_or_both_v1,target_trained_minus_source_trained,0,scores/c907a20e280426da31fd18cf,first_marginal,qwen,True,0.05,0.076780866787303,scores/9c2148e32106fd6d02372fb8,18,topic_macro,AND,all,OR,all,2000,1.0,2000
0.08594426609371057,0.051606837357134866,ok,material_deficit_lower_bound_above_05,or_explicit_or_both_v1,target_trained_minus_source_trained,0,scores/c907a20e280426da31fd18cf,second_marginal,qwen,True,0.05,0.06806311056243541,scores/9c2148e32106fd6d02372fb8,18,pooled,AND,all,OR,all,2000,1.0,2000
0.18399962209289872,0.05588782713498624,ok,material_deficit_lower_bound_above_05,or_explicit_or_both_v1,target_trained_minus_source_trained,0,scores/c907a20e280426da31fd18cf,second_marginal,qwen,True,0.05,0.1287841796875,scores/9c2148e32106fd6d02372fb8,18,topic,AND,all,OR,animal_class,2000,1.0,2000
0.08137671440723142,0.04757523917277247,ok,unresolved_crosses_05,or_explicit_or_both_v1,target_trained_minus_source_trained,0,scores/c907a20e280426da31fd18cf,second_marginal,qwen,True,0.05,0.06384002972839065,scores/9c2148e32106fd6d02372fb8,18,topic,AND,all,OR,cities,2000,1.0,2000
0.1314902653032851,0.013884733784252576,ok,unresolved_crosses_05,or_explicit_or_both_v1,target_trained_minus_source_trained,0,scores/c907a20e280426da31fd18cf,second_marginal,qwen,True,0.05,0.06341628086419748,scores/9c2148e32106fd6d02372fb8,18,topic,AND,all,OR,element_symb,2000,1.0,2000
0.07396183023415967,-0.03696867346691313,ok,unresolved_crosses_05,or_explicit_or_both_v1,target_trained_minus_source_trained,0,scores/c907a20e280426da31fd18cf,second_marginal,qwen,True,0.05,0.015436276551436867,scores/9c2148e32106fd6d02372fb8,18,topic,AND,all,OR,inventors,2000,1.0,2000
0.053386582443755805,0.005644859430835439,ok,unresolved_crosses_05,or_explicit_or_both_v1,target_trained_minus_source_trained,0,scores/c907a20e280426da31fd18cf,second_marginal,qwen,True,0.05,0.0290738538062284,scores/9c2148e32106fd6d02372fb8,18,topic,AND,all,OR,sp_en_trans,2000,1.0,2000
0.08249251521722935,0.039357121618570384,ok,unresolved_crosses_05,or_explicit_or_both_v1,target_trained_minus_source_trained,0,scores/c907a20e280426da31fd18cf,second_marginal,qwen,True,0.05,0.06011012412755068,scores/9c2148e32106fd6d02372fb8,18,topic_macro,AND,all,OR,all,2000,1.0,2000
0.2180496247796897,0.17703613134466412,ok,material_deficit_lower_bound_above_05,or_explicit_or_both_v1,target_trained_minus_source_trained,0,scores/c907a20e280426da31fd18cf,first_given_second_0,qwen,True,0.05,0.20053024360342753,scores/9c2148e32106fd6d02372fb8,18,pooled,AND,all,OR,all,2000,1.0,2000
0.09525012739935444,-0.006535714285714252,ok,unresolved_crosses_05,or_explicit_or_both_v1,target_trained_minus_source_trained,0,scores/c907a20e280426da31fd18cf,first_given_second_0,qwen,True,0.05,0.02490234375,scores/9c2148e32106fd6d02372fb8,18,topic,AND,all,OR,animal_class,2000,1.0,2000
0.056768006500326595,0.015423345954317394,ok,unresolved_crosses_05,or_explicit_or_both_v1,target_trained_minus_source_trained,0,scores/c907a20e280426da31fd18cf,first_given_second_0,qwen,True,0.05,0.03333183189946398,scores/9c2148e32106fd6d02372fb8,18,topic,AND,all,OR,cities,2000,1.0,2000
0.20331484630889365,0.021803774104683128,ok,unresolved_crosses_05,or_explicit_or_both_v1,target_trained_minus_source_trained,0,scores/c907a20e280426da31fd18cf,first_given_second_0,qwen,True,0.05,0.09336419753086422,scores/9c2148e32106fd6d02372fb8,18,topic,AND,all,OR,element_symb,2000,1.0,2000
0.14465284790658256,0.03704641165272749,ok,unresolved_crosses_05,or_explicit_or_both_v1,target_trained_minus_source_trained,0,scores/c907a20e280426da31fd18cf,first_given_second_0,qwen,True,0.05,0.09048313202832148,scores/9c2148e32106fd6d02372fb8,18,topic,AND,all,OR,inventors,2000,1.0,2000
0.14676911779589197,0.04190177496957091,ok,unresolved_crosses_05,or_explicit_or_both_v1,target_trained_minus_source_trained,0,scores/c907a20e280426da31fd18cf,first_given_second_0,qwen,True,0.05,0.09385813148788935,scores/9c2148e32106fd6d02372fb8,18,topic,AND,all,OR,sp_en_trans,2000,1.0,2000
0.09673208407958588,0.04038142227568107,ok,unresolved_crosses_05,or_explicit_or_both_v1,target_trained_minus_source_trained,0,scores/c907a20e280426da31fd18cf,first_given_second_0,qwen,True,0.05,0.06718792733930778,scores/9c2148e32106fd6d02372fb8,18,topic_macro,AND,all,OR,all,2000,1.0,2000
0.1595793857846272,0.11717175918641326,ok,material_deficit_lower_bound_above_05,or_explicit_or_both_v1,target_trained_minus_source_trained,0,scores/c907a20e280426da31fd18cf,first_given_second_1,qwen,True,0.05,0.13937112337058333,scores/9c2148e32106fd6d02372fb8,18,pooled,AND,all,OR,all,2000,1.0,2000
0.058805653671725036,0.0,ok,unresolved_crosses_05,or_explicit_or_both_v1,target_trained_minus_source_trained,0,scores/c907a20e280426da31fd18cf,first_given_second_1,qwen,True,0.05,0.015380859375,scores/9c2148e32106fd6d02372fb8,18,topic,AND,all,OR,animal_class,2000,1.0,2000
0.015761310814312902,0.0023551200140186136,ok,upper_bound_below_05,or_explicit_or_both_v1,target_trained_minus_source_trained,0,scores/c907a20e280426da31fd18cf,first_given_second_1,qwen,True,0.05,0.007978244223233122,scores/9c2148e32106fd6d02372fb8,18,topic,AND,all,OR,cities,2000,1.0,2000
0.022969768649561705,-0.001465402906101279,ok,upper_bound_below_05,or_explicit_or_both_v1,target_trained_minus_source_trained,0,scores/c907a20e280426da31fd18cf,first_given_second_1,qwen,True,0.05,0.0057870370370370905,scores/9c2148e32106fd6d02372fb8,18,topic,AND,all,OR,element_symb,2000,1.0,2000
0.16259795736189875,0.04437673076923077,ok,unresolved_crosses_05,or_explicit_or_both_v1,target_trained_minus_source_trained,0,scores/c907a20e280426da31fd18cf,first_given_second_1,qwen,True,0.05,0.10370678883798423,scores/9c2148e32106fd6d02372fb8,18,topic,AND,all,OR,inventors,2000,1.0,2000
0.036633135831522216,0.0012785676801273184,ok,upper_bound_below_05,or_explicit_or_both_v1,target_trained_minus_source_trained,0,scores/c907a20e280426da31fd18cf,first_given_second_1,qwen,True,0.05,0.01546280276816614,scores/9c2148e32106fd6d02372fb8,18,topic,AND,all,OR,sp_en_trans,2000,1.0,2000
0.04376999718236226,0.015396525906223512,ok,upper_bound_below_05,or_explicit_or_both_v1,target_trained_minus_source_trained,0,scores/c907a20e280426da31fd18cf,first_given_second_1,qwen,True,0.05,0.02966314644828416,scores/9c2148e32106fd6d02372fb8,18,topic_macro,AND,all,OR,all,2000,1.0,2000
0.06926500158309999,0.030014469415845808,ok,unresolved_crosses_05,or_explicit_or_both_v1,target_trained_minus_source_trained,0,scores/c907a20e280426da31fd18cf,second_given_first_0,qwen,True,0.05,0.0487796252716588,scores/9c2148e32106fd6d02372fb8,18,pooled,AND,all,OR,all,2000,1.0,2000
0.27682978752162624,0.07557745285018021,ok,material_deficit_lower_bound_above_05,or_explicit_or_both_v1,target_trained_minus_source_trained,0,scores/c907a20e280426da31fd18cf,second_given_first_0,qwen,True,0.05,0.177001953125,scores/9c2148e32106fd6d02372fb8,18,topic,AND,all,OR,animal_class,2000,1.0,2000
0.06105141204225039,0.024608426150757028,ok,unresolved_crosses_05,or_explicit_or_both_v1,target_trained_minus_source_trained,0,scores/c907a20e280426da31fd18cf,second_given_first_0,qwen,True,0.05,0.04237984775460568,scores/9c2148e32106fd6d02372fb8,18,topic,AND,all,OR,cities,2000,1.0,2000
0.2308176275510203,0.012200995979239388,ok,unresolved_crosses_05,or_explicit_or_both_v1,target_trained_minus_source_trained,0,scores/c907a20e280426da31fd18cf,second_given_first_0,qwen,True,0.05,0.08391203703703709,scores/9c2148e32106fd6d02372fb8,18,topic,AND,all,OR,element_symb,2000,1.0,2000
0.0626223847545827,-0.12559096880907375,ok,unresolved_crosses_05,or_explicit_or_both_v1,target_trained_minus_source_trained,0,scores/c907a20e280426da31fd18cf,second_given_first_0,qwen,True,0.05,-0.034464806330695485,scores/9c2148e32106fd6d02372fb8,18,topic,AND,all,OR,inventors,2000,1.0,2000
0.08189496527777773,-0.010192195604419887,ok,unresolved_crosses_05,or_explicit_or_both_v1,target_trained_minus_source_trained,0,scores/c907a20e280426da31fd18cf,second_given_first_0,qwen,True,0.05,0.03530493079584773,scores/9c2148e32106fd6d02372fb8,18,topic,AND,all,OR,sp_en_trans,2000,1.0,2000
0.10158213783206348,0.02530016355966175,ok,unresolved_crosses_05,or_explicit_or_both_v1,target_trained_minus_source_trained,0,scores/c907a20e280426da31fd18cf,second_given_first_0,qwen,True,0.05,0.060826792476359026,scores/9c2148e32106fd6d02372fb8,18,topic_macro,AND,all,OR,all,2000,1.0,2000
0.09504661983133102,0.05294940096126098,ok,material_deficit_lower_bound_above_05,or_explicit_or_both_v1,target_trained_minus_source_trained,0,scores/c907a20e280426da31fd18cf,second_given_first_1,qwen,True,0.05,0.07330928590717956,scores/9c2148e32106fd6d02372fb8,18,pooled,AND,all,OR,all,2000,1.0,2000
0.16690197428833792,-0.014901676575505306,ok,unresolved_crosses_05,or_explicit_or_both_v1,target_trained_minus_source_trained,0,scores/c907a20e280426da31fd18cf,second_given_first_1,qwen,True,0.05,0.079833984375,scores/9c2148e32106fd6d02372fb8,18,topic,AND,all,OR,animal_class,2000,1.0,2000
0.0643670707742397,0.023137053810887504,ok,unresolved_crosses_05,or_explicit_or_both_v1,target_trained_minus_source_trained,0,scores/c907a20e280426da31fd18cf,second_given_first_1,qwen,True,0.05,0.04168449619386516,scores/9c2148e32106fd6d02372fb8,18,topic,AND,all,OR,cities,2000,1.0,2000
0.10115026041666654,-0.015382782599305141,ok,unresolved_crosses_05,or_explicit_or_both_v1,target_trained_minus_source_trained,0,scores/c907a20e280426da31fd18cf,second_given_first_1,qwen,True,0.05,0.02546296296296291,scores/9c2148e32106fd6d02372fb8,18,topic,AND,all,OR,element_symb,2000,1.0,2000
0.10776095186587342,-0.007937426513815377,ok,unresolved_crosses_05,or_explicit_or_both_v1,target_trained_minus_source_trained,0,scores/c907a20e280426da31fd18cf,second_given_first_1,qwen,True,0.05,0.04675135360266558,scores/9c2148e32106fd6d02372fb8,18,topic,AND,all,OR,inventors,2000,1.0,2000
0.0019536795910493785,-0.02790166855631145,ok,upper_bound_below_05,or_explicit_or_both_v1,target_trained_minus_source_trained,0,scores/c907a20e280426da31fd18cf,second_given_first_1,qwen,True,0.05,-0.007569204152249154,scores/9c2148e32106fd6d02372fb8,18,topic,AND,all,OR,sp_en_trans,2000,1.0,2000
0.062273691230562284,0.011926958018859683,ok,unresolved_crosses_05,or_explicit_or_both_v1,target_trained_minus_source_trained,0,scores/c907a20e280426da31fd18cf,second_given_first_1,qwen,True,0.05,0.03723271859644883,scores/9c2148e32106fd6d02372fb8,18,topic_macro,AND,all,OR,all,2000,1.0,2000
0.018479868746360244,0.00888471340133332,ok,upper_bound_below_05,D_bare,target_trained_minus_source_trained,0,scores/e3efca1631ad8c0d8d4fd941,first_marginal,qwen,True,0.05,0.01337852406242901,scores/f6629234c976ae1cd39330ae,19,pooled,OR,all,AND,all,2000,1.0,2000
0.012263394579475286,0.0,ok,upper_bound_below_05,D_bare,target_trained_minus_source_trained,0,scores/e3efca1631ad8c0d8d4fd941,first_marginal,qwen,True,0.05,0.0028076171875,scores/f6629234c976ae1cd39330ae,19,topic,OR,all,AND,animal_class,2000,1.0,2000
0.007524415593658761,0.0017690776743813168,ok,upper_bound_below_05,D_bare,target_trained_minus_source_trained,0,scores/e3efca1631ad8c0d8d4fd941,first_marginal,qwen,True,0.05,0.004212225800639624,scores/f6629234c976ae1cd39330ae,19,topic,OR,all,AND,cities,2000,1.0,2000
0.0061363313725104,0.0,ok,upper_bound_below_05,D_bare,target_trained_minus_source_trained,0,scores/e3efca1631ad8c0d8d4fd941,first_marginal,qwen,True,0.05,0.001977237654321007,scores/f6629234c976ae1cd39330ae,19,topic,OR,all,AND,element_symb,2000,1.0,2000
0.0895527550811296,0.00894693389335278,ok,unresolved_crosses_05,D_bare,target_trained_minus_source_trained,0,scores/e3efca1631ad8c0d8d4fd941,first_marginal,qwen,True,0.05,0.04258642232403165,scores/f6629234c976ae1cd39330ae,19,topic,OR,all,AND,inventors,2000,1.0,2000
0.0035088009304470626,-0.0034964579002896927,ok,upper_bound_below_05,D_bare,target_trained_minus_source_trained,0,scores/e3efca1631ad8c0d8d4fd941,first_marginal,qwen,True,0.05,-9.461505190311303e-05,scores/f6629234c976ae1cd39330ae,19,topic,OR,all,AND,sp_en_trans,2000,1.0,2000
0.020108718784110545,0.0036010694851203616,ok,upper_bound_below_05,D_bare,target_trained_minus_source_trained,0,scores/e3efca1631ad8c0d8d4fd941,first_marginal,qwen,True,0.05,0.010297777582917722,scores/f6629234c976ae1cd39330ae,19,topic_macro,OR,all,AND,all,2000,1.0,2000
0.035195056142065625,0.015918601759335967,ok,upper_bound_below_05,D_bare,target_trained_minus_source_trained,0,scores/e3efca1631ad8c0d8d4fd941,second_marginal,qwen,True,0.05,0.024938220404734035,scores/f6629234c976ae1cd39330ae,19,pooled,OR,all,AND,all,2000,1.0,2000
0.08917005280073455,0.013705755739795909,ok,unresolved_crosses_05,D_bare,target_trained_minus_source_trained,0,scores/e3efca1631ad8c0d8d4fd941,second_marginal,qwen,True,0.05,0.04974365234375,scores/f6629234c976ae1cd39330ae,19,topic,OR,all,AND,animal_class,2000,1.0,2000
0.02416090264842557,0.007447079390793041,ok,upper_bound_below_05,D_bare,target_trained_minus_source_trained,0,scores/e3efca1631ad8c0d8d4fd941,second_marginal,qwen,True,0.05,0.01499580536912748,scores/f6629234c976ae1cd39330ae,19,topic,OR,all,AND,cities,2000,1.0,2000
0.0011480811906948289,0.0,ok,upper_bound_below_05,D_bare,target_trained_minus_source_trained,0,scores/e3efca1631ad8c0d8d4fd941,second_marginal,qwen,True,0.05,0.00014467592592593004,scores/f6629234c976ae1cd39330ae,19,topic,OR,all,AND,element_symb,2000,1.0,2000
0.10789614219410018,0.010779079861111185,ok,unresolved_crosses_05,D_bare,target_trained_minus_source_trained,0,scores/e3efca1631ad8c0d8d4fd941,second_marginal,qwen,True,0.05,0.0465951686797168,scores/f6629234c976ae1cd39330ae,19,topic,OR,all,AND,inventors,2000,1.0,2000
0.007054965041572182,0.0,ok,upper_bound_below_05,D_bare,target_trained_minus_source_trained,0,scores/e3efca1631ad8c0d8d4fd941,second_marginal,qwen,True,0.05,0.0023518598615916986,scores/f6629234c976ae1cd39330ae,19,topic,OR,all,AND,sp_en_trans,2000,1.0,2000
0.03715592973906757,0.011850733528322461,ok,upper_bound_below_05,D_bare,target_trained_minus_source_trained,0,scores/e3efca1631ad8c0d8d4fd941,second_marginal,qwen,True,0.05,0.022766232436022382,scores/f6629234c976ae1cd39330ae,19,topic_macro,OR,all,AND,all,2000,1.0,2000
0.017284672838040555,0.005349595380507189,ok,upper_bound_below_05,D_bare,target_trained_minus_source_trained,0,scores/e3efca1631ad8c0d8d4fd941,first_given_second_0,qwen,True,0.05,0.011183553446583394,scores/f6629234c976ae1cd39330ae,19,pooled,OR,all,AND,all,2000,1.0,2000
0.0029304098095414167,0.0,ok,upper_bound_below_05,D_bare,target_trained_minus_source_trained,0,scores/e3efca1631ad8c0d8d4fd941,first_given_second_0,qwen,True,0.05,0.00048828125,scores/f6629234c976ae1cd39330ae,19,topic,OR,all,AND,animal_class,2000,1.0,2000
0.003962467941569382,-0.001590309824610092,ok,upper_bound_below_05,D_bare,target_trained_minus_source_trained,0,scores/e3efca1631ad8c0d8d4fd941,first_given_second_0,qwen,True,0.05,0.0011035538939687672,scores/f6629234c976ae1cd39330ae,19,topic,OR,all,AND,cities,2000,1.0,2000
0.009797568731634664,0.0,ok,upper_bound_below_05,D_bare,target_trained_minus_source_trained,0,scores/e3efca1631ad8c0d8d4fd941,first_given_second_0,qwen,True,0.05,0.0017361111111111605,scores/f6629234c976ae1cd39330ae,19,topic,OR,all,AND,element_symb,2000,1.0,2000
0.06348399426261501,-0.012894642397552147,ok,unresolved_crosses_05,D_bare,target_trained_minus_source_trained,0,scores/e3efca1631ad8c0d8d4fd941,first_given_second_0,qwen,True,0.05,0.01895043731778434,scores/f6629234c976ae1cd39330ae,19,topic,OR,all,AND,inventors,2000,1.0,2000
0.00700054216512756,-0.006541315684929513,ok,upper_bound_below_05,D_bare,target_trained_minus_source_trained,0,scores/e3efca1631ad8c0d8d4fd941,first_given_second_0,qwen,True,0.05,-5.406574394462016e-05,scores/f6629234c976ae1cd39330ae,19,topic,OR,all,AND,sp_en_trans,2000,1.0,2000
0.013410382088261593,-0.0020336593505771603,ok,upper_bound_below_05,D_bare,target_trained_minus_source_trained,0,scores/e3efca1631ad8c0d8d4fd941,first_given_second_0,qwen,True,0.05,0.004444863565783774,scores/f6629234c976ae1cd39330ae,19,topic_macro,OR,all,AND,all,2000,1.0,2000
0.010419583992600512,0.003219003629905856,ok,upper_bound_below_05,D_bare,target_trained_minus_source_trained,0,scores/e3efca1631ad8c0d8d4fd941,first_given_second_1,qwen,True,0.05,0.0064651569512493845,scores/f6629234c976ae1cd39330ae,19,pooled,OR,all,AND,all,2000,1.0,2000
0.03491489571035013,0.0,ok,upper_bound_below_05,D_bare,target_trained_minus_source_trained,0,scores/e3efca1631ad8c0d8d4fd941,first_given_second_1,qwen,True,0.05,0.006103515625,scores/f6629234c976ae1cd39330ae,19,topic,OR,all,AND,animal_class,2000,1.0,2000
0.0015846866914238126,-0.00016178187685731148,ok,upper_bound_below_05,D_bare,target_trained_minus_source_trained,0,scores/e3efca1631ad8c0d8d4fd941,first_given_second_1,qwen,True,0.05,0.00034908337462280503,scores/f6629234c976ae1cd39330ae,19,topic,OR,all,AND,cities,2000,1.0,2000
0.0,0.0,ok,upper_bound_below_05,D_bare,target_trained_minus_source_trained,0,scores/e3efca1631ad8c0d8d4fd941,first_given_second_1,qwen,True,0.05,0.0,scores/f6629234c976ae1cd39330ae,19,topic,OR,all,AND,element_symb,2000,1.0,2000
0.10079620655077665,0.0061668941953198775,ok,unresolved_crosses_05,D_bare,target_trained_minus_source_trained,0,scores/e3efca1631ad8c0d8d4fd941,first_given_second_1,qwen,True,0.05,0.040295710120783035,scores/f6629234c976ae1cd39330ae,19,topic,OR,all,AND,inventors,2000,1.0,2000
0.001435598264598025,-0.0011835726698985443,ok,upper_bound_below_05,D_bare,target_trained_minus_source_trained,0,scores/e3efca1631ad8c0d8d4fd941,first_given_second_1,qwen,True,0.05,-5.406574394462016e-05,scores/f6629234c976ae1cd39330ae,19,topic,OR,all,AND,sp_en_trans,2000,1.0,2000
0.022897099065978397,0.002044160134243403,ok,upper_bound_below_05,D_bare,target_trained_minus_source_trained,0,scores/e3efca1631ad8c0d8d4fd941,first_given_second_1,qwen,True,0.05,0.009338848675292333,scores/f6629234c976ae1cd39330ae,19,topic_macro,OR,all,AND,all,2000,1.0,2000
0.0260399692946436,0.009742972781966355,ok,upper_bound_below_05,D_bare,target_trained_minus_source_trained,0,scores/e3efca1631ad8c0d8d4fd941,second_given_first_0,qwen,True,0.05,0.017425810904071803,scores/f6629234c976ae1cd39330ae,19,pooled,OR,all,AND,all,2000,1.0,2000
0.10288709179866831,-0.0011918523362381777,ok,unresolved_crosses_05,D_bare,target_trained_minus_source_trained,0,scores/e3efca1631ad8c0d8d4fd941,second_given_first_0,qwen,True,0.05,0.0263671875,scores/f6629234c976ae1cd39330ae,19,topic,OR,all,AND,animal_class,2000,1.0,2000
0.014670716845863277,0.0026311823633961952,ok,upper_bound_below_05,D_bare,target_trained_minus_source_trained,0,scores/e3efca1631ad8c0d8d4fd941,second_given_first_0,qwen,True,0.05,0.0077727354623665645,scores/f6629234c976ae1cd39330ae,19,topic,OR,all,AND,cities,2000,1.0,2000
0.004592324762779313,0.0,ok,upper_bound_below_05,D_bare,target_trained_minus_source_trained,0,scores/e3efca1631ad8c0d8d4fd941,second_given_first_0,qwen,True,0.05,0.0005787037037037202,scores/f6629234c976ae1cd39330ae,19,topic,OR,all,AND,element_symb,2000,1.0,2000
0.11506809814698066,-0.0004467864876474158,ok,unresolved_crosses_05,D_bare,target_trained_minus_source_trained,0,scores/e3efca1631ad8c0d8d4fd941,second_given_first_0,qwen,True,0.05,0.04487713452728026,scores/f6629234c976ae1cd39330ae,19,topic,OR,all,AND,inventors,2000,1.0,2000
0.005282139696829785,-0.0011835726698984333,ok,upper_bound_below_05,D_bare,target_trained_minus_source_trained,0,scores/e3efca1631ad8c0d8d4fd941,second_given_first_0,qwen,True,0.05,0.0010813148788927363,scores/f6629234c976ae1cd39330ae,19,topic,OR,all,AND,sp_en_trans,2000,1.0,2000
0.036683877997347104,0.0034440618791476475,ok,upper_bound_below_05,D_bare,target_trained_minus_source_trained,0,scores/e3efca1631ad8c0d8d4fd941,second_given_first_0,qwen,True,0.05,0.0161354152144485,scores/f6629234c976ae1cd39330ae,19,topic_macro,OR,all,AND,all,2000,1.0,2000
0.03966005763348138,0.014300595788460633,ok,upper_bound_below_05,D_bare,target_trained_minus_source_trained,0,scores/e3efca1631ad8c0d8d4fd941,second_given_first_1,qwen,True,0.05,0.026024587528773346,scores/f6629234c976ae1cd39330ae,19,pooled,OR,all,AND,all,2000,1.0,2000
0.1996910441321497,0.0027746598639455697,ok,unresolved_crosses_05,D_bare,target_trained_minus_source_trained,0,scores/e3efca1631ad8c0d8d4fd941,second_given_first_1,qwen,True,0.05,0.06982421875,scores/f6629234c976ae1cd39330ae,19,topic,OR,all,AND,animal_class,2000,1.0,2000
0.014435521442454684,0.0011712965195458253,ok,upper_bound_below_05,D_bare,target_trained_minus_source_trained,0,scores/e3efca1631ad8c0d8d4fd941,second_given_first_1,qwen,True,0.05,0.006187784334038993,scores/f6629234c976ae1cd39330ae,19,topic,OR,all,AND,cities,2000,1.0,2000
0.0,0.0,ok,upper_bound_below_05,D_bare,target_trained_minus_source_trained,0,scores/e3efca1631ad8c0d8d4fd941,second_given_first_1,qwen,True,0.05,0.0,scores/f6629234c976ae1cd39330ae,19,topic,OR,all,AND,element_symb,2000,1.0,2000
0.11180459372114494,0.01040983603555295,ok,unresolved_crosses_05,D_bare,target_trained_minus_source_trained,0,scores/e3efca1631ad8c0d8d4fd941,second_given_first_1,qwen,True,0.05,0.04706372344856302,scores/f6629234c976ae1cd39330ae,19,topic,OR,all,AND,inventors,2000,1.0,2000
0.010248793322527622,0.0,ok,upper_bound_below_05,D_bare,target_trained_minus_source_trained,0,scores/e3efca1631ad8c0d8d4fd941,second_given_first_1,qwen,True,0.05,0.0027573529411765163,scores/f6629234c976ae1cd39330ae,19,topic,OR,all,AND,sp_en_trans,2000,1.0,2000
0.055156323933739704,0.00850570766147587,ok,unresolved_crosses_05,D_bare,target_trained_minus_source_trained,0,scores/e3efca1631ad8c0d8d4fd941,second_given_first_1,qwen,True,0.05,0.025166615894755662,scores/f6629234c976ae1cd39330ae,19,topic_macro,OR,all,AND,all,2000,1.0,2000
-0.0009374794220700368,-0.004844672435284117,ok,upper_bound_below_05,and_both_following_v1,target_trained_minus_source_trained,0,scores/7f0f149f286dce13819d8b8b,first_marginal,qwen,True,0.05,-0.002839825281089059,scores/4151b469cea9b87e168a45eb,19,pooled,OR,all,AND,all,2000,1.0,2000
0.0014066051136364147,0.0,ok,upper_bound_below_05,and_both_following_v1,target_trained_minus_source_trained,0,scores/7f0f149f286dce13819d8b8b,first_marginal,qwen,True,0.05,0.00018310546875,scores/4151b469cea9b87e168a45eb,19,topic,OR,all,AND,animal_class,2000,1.0,2000
0.00014527907274717022,-0.001646873133271043,ok,upper_bound_below_05,and_both_following_v1,target_trained_minus_source_trained,0,scores/7f0f149f286dce13819d8b8b,first_marginal,qwen,True,0.05,-0.0003455643889915816,scores/4151b469cea9b87e168a45eb,19,topic,OR,all,AND,cities,2000,1.0,2000
0.0007821269132653665,-0.020088275260905685,ok,upper_bound_below_05,and_both_following_v1,target_trained_minus_source_trained,0,scores/7f0f149f286dce13819d8b8b,first_marginal,qwen,True,0.05,-0.005835262345678993,scores/4151b469cea9b87e168a45eb,19,topic,OR,all,AND,element_symb,2000,1.0,2000
0.062484905519956634,0.011608146226110564,ok,unresolved_crosses_05,and_both_following_v1,target_trained_minus_source_trained,0,scores/7f0f149f286dce13819d8b8b,first_marginal,qwen,True,0.05,0.03355372761349429,scores/4151b469cea9b87e168a45eb,19,topic,OR,all,AND,inventors,2000,1.0,2000
0.0,-0.007272861753631029,ok,upper_bound_below_05,and_both_following_v1,target_trained_minus_source_trained,0,scores/7f0f149f286dce13819d8b8b,first_marginal,qwen,True,0.05,-0.001486807958477554,scores/4151b469cea9b87e168a45eb,19,topic,OR,all,AND,sp_en_trans,2000,1.0,2000
0.011187409409280284,0.0002392540910076263,ok,upper_bound_below_05,and_both_following_v1,target_trained_minus_source_trained,0,scores/7f0f149f286dce13819d8b8b,first_marginal,qwen,True,0.05,0.005213839677819299,scores/4151b469cea9b87e168a45eb,19,topic_macro,OR,all,AND,all,2000,1.0,2000
-6.371619669141681e-05,-0.006530695634215716,ok,upper_bound_below_05,and_both_following_v1,target_trained_minus_source_trained,0,scores/7f0f149f286dce13819d8b8b,second_marginal,qwen,True,0.05,-0.0024007239947018144,scores/4151b469cea9b87e168a45eb,19,pooled,OR,all,AND,all,2000,1.0,2000
0.0,-0.014747394501667985,ok,upper_bound_below_05,and_both_following_v1,target_trained_minus_source_trained,0,scores/7f0f149f286dce13819d8b8b,second_marginal,qwen,True,0.05,-0.003662109375,scores/4151b469cea9b87e168a45eb,19,topic,OR,all,AND,animal_class,2000,1.0,2000
-0.0002665318226725694,-0.011669732892193094,ok,upper_bound_below_05,and_both_following_v1,target_trained_minus_source_trained,0,scores/7f0f149f286dce13819d8b8b,second_marginal,qwen,True,0.05,-0.004362134588532074,scores/4151b469cea9b87e168a45eb,19,topic,OR,all,AND,cities,2000,1.0,2000
0.0,0.0,ok,upper_bound_below_05,and_both_following_v1,target_trained_minus_source_trained,0,scores/7f0f149f286dce13819d8b8b,second_marginal,qwen,True,0.05,0.0,scores/4151b469cea9b87e168a45eb,19,topic,OR,all,AND,element_symb,2000,1.0,2000
0.019706159706111476,-3.547457427348355e-05,ok,upper_bound_below_05,and_both_following_v1,target_trained_minus_source_trained,0,scores/7f0f149f286dce13819d8b8b,second_marginal,qwen,True,0.05,0.005049979175343555,scores/4151b469cea9b87e168a45eb,19,topic,OR,all,AND,inventors,2000,1.0,2000
0.0001291191280414877,-0.0008060864325068418,ok,upper_bound_below_05,and_both_following_v1,target_trained_minus_source_trained,0,scores/7f0f149f286dce13819d8b8b,second_marginal,qwen,True,0.05,-0.0001216479238753676,scores/4151b469cea9b87e168a45eb,19,topic,OR,all,AND,sp_en_trans,2000,1.0,2000
0.0025458415974697044,-0.003450277542225508,ok,upper_bound_below_05,and_both_following_v1,target_trained_minus_source_trained,0,scores/7f0f149f286dce13819d8b8b,second_marginal,qwen,True,0.05,-0.0006191825424126662,scores/4151b469cea9b87e168a45eb,19,topic_macro,OR,all,AND,all,2000,1.0,2000
0.0023707464914661395,-0.0007233599401177349,ok,upper_bound_below_05,and_both_following_v1,target_trained_minus_source_trained,0,scores/7f0f149f286dce13819d8b8b,first_given_second_0,qwen,True,0.05,0.0006654835847382801,scores/4151b469cea9b87e168a45eb,19,pooled,OR,all,AND,all,2000,1.0,2000
0.003121748178980255,0.0,ok,upper_bound_below_05,and_both_following_v1,target_trained_minus_source_trained,0,scores/7f0f149f286dce13819d8b8b,first_given_second_0,qwen,True,0.05,0.000244140625,scores/4151b469cea9b87e168a45eb,19,topic,OR,all,AND,animal_class,2000,1.0,2000
0.0011188821723434757,-0.00042535410502959333,ok,upper_bound_below_05,and_both_following_v1,target_trained_minus_source_trained,0,scores/7f0f149f286dce13819d8b8b,first_given_second_0,qwen,True,0.05,0.00015765055628125246,scores/4151b469cea9b87e168a45eb,19,topic,OR,all,AND,cities,2000,1.0,2000
0.0,0.0,ok,upper_bound_below_05,and_both_following_v1,target_trained_minus_source_trained,0,scores/7f0f149f286dce13819d8b8b,first_given_second_0,qwen,True,0.05,0.0,scores/4151b469cea9b87e168a45eb,19,topic,OR,all,AND,element_symb,2000,1.0,2000
0.06079547976326122,0.0007081385781315425,ok,unresolved_crosses_05,and_both_following_v1,target_trained_minus_source_trained,0,scores/7f0f149f286dce13819d8b8b,first_given_second_0,qwen,True,0.05,0.0207205331112037,scores/4151b469cea9b87e168a45eb,19,topic,OR,all,AND,inventors,2000,1.0,2000
0.0,-0.0008405891100790958,ok,upper_bound_below_05,and_both_following_v1,target_trained_minus_source_trained,0,scores/7f0f149f286dce13819d8b8b,first_given_second_0,qwen,True,0.05,-0.00010813148788924032,scores/4151b469cea9b87e168a45eb,19,topic,OR,all,AND,sp_en_trans,2000,1.0,2000
0.012172070488884343,0.00023527563084161653,ok,upper_bound_below_05,and_both_following_v1,target_trained_minus_source_trained,0,scores/7f0f149f286dce13819d8b8b,first_given_second_0,qwen,True,0.05,0.0042028385609190755,scores/4151b469cea9b87e168a45eb,19,topic_macro,OR,all,AND,all,2000,1.0,2000
-0.0007725681792623495,-0.0067559867440338955,ok,upper_bound_below_05,and_both_following_v1,target_trained_minus_source_trained,0,scores/7f0f149f286dce13819d8b8b,first_given_second_1,qwen,True,0.05,-0.003436724406208569,scores/4151b469cea9b87e168a45eb,19,pooled,OR,all,AND,all,2000,1.0,2000
0.0,0.0,ok,upper_bound_below_05,and_both_following_v1,target_trained_minus_source_trained,0,scores/7f0f149f286dce13819d8b8b,first_given_second_1,qwen,True,0.05,0.0,scores/4151b469cea9b87e168a45eb,19,topic,OR,all,AND,animal_class,2000,1.0,2000
0.0010743161605514795,-0.0011664346678612713,ok,upper_bound_below_05,and_both_following_v1,target_trained_minus_source_trained,0,scores/7f0f149f286dce13819d8b8b,first_given_second_1,qwen,True,0.05,-6.193414711053169e-05,scores/4151b469cea9b87e168a45eb,19,topic,OR,all,AND,cities,2000,1.0,2000
0.008231302928272583,0.0,ok,upper_bound_below_05,and_both_following_v1,target_trained_minus_source_trained,0,scores/7f0f149f286dce13819d8b8b,first_given_second_1,qwen,True,0.05,0.0009645061728394966,scores/4151b469cea9b87e168a45eb,19,topic,OR,all,AND,element_symb,2000,1.0,2000
0.07639345582752845,-0.008821362536952445,ok,unresolved_crosses_05,and_both_following_v1,target_trained_minus_source_trained,0,scores/7f0f149f286dce13819d8b8b,first_given_second_1,qwen,True,0.05,0.027280299875052094,scores/4151b469cea9b87e168a45eb,19,topic,OR,all,AND,inventors,2000,1.0,2000
0.0,0.0,ok,upper_bound_below_05,and_both_following_v1,target_trained_minus_source_trained,0,scores/7f0f149f286dce13819d8b8b,first_given_second_1,qwen,True,0.05,0.0,scores/4151b469cea9b87e168a45eb,19,topic,OR,all,AND,sp_en_trans,2000,1.0,2000
0.015491433600856665,-0.0016273625503873733,ok,upper_bound_below_05,and_both_following_v1,target_trained_minus_source_trained,0,scores/7f0f149f286dce13819d8b8b,first_given_second_1,qwen,True,0.05,0.00563657438015619,scores/4151b469cea9b87e168a45eb,19,topic_macro,OR,all,AND,all,2000,1.0,2000
0.002012335324027364,-0.001611042106782884,ok,upper_bound_below_05,and_both_following_v1,target_trained_minus_source_trained,0,scores/7f0f149f286dce13819d8b8b,second_given_first_0,qwen,True,0.05,0.00025933498793351273,scores/4151b469cea9b87e168a45eb,19,pooled,OR,all,AND,all,2000,1.0,2000
0.0,-0.05898957800667205,ok,upper_bound_below_05,and_both_following_v1,target_trained_minus_source_trained,0,scores/7f0f149f286dce13819d8b8b,second_given_first_0,qwen,True,0.05,-0.0146484375,scores/4151b469cea9b87e168a45eb,19,topic,OR,all,AND,animal_class,2000,1.0,2000
0.0003446623608485074,-0.0014273620284194378,ok,upper_bound_below_05,and_both_following_v1,target_trained_minus_source_trained,0,scores/7f0f149f286dce13819d8b8b,second_given_first_0,qwen,True,0.05,-0.0002646277194721103,scores/4151b469cea9b87e168a45eb,19,topic,OR,all,AND,cities,2000,1.0,2000
0.0,0.0,ok,upper_bound_below_05,and_both_following_v1,target_trained_minus_source_trained,0,scores/7f0f149f286dce13819d8b8b,second_given_first_0,qwen,True,0.05,0.0,scores/4151b469cea9b87e168a45eb,19,topic,OR,all,AND,element_symb,2000,1.0,2000
0.03083980899462718,0.0,ok,upper_bound_below_05,and_both_following_v1,target_trained_minus_source_trained,0,scores/7f0f149f286dce13819d8b8b,second_given_first_0,qwen,True,0.05,0.007705122865472647,scores/4151b469cea9b87e168a45eb,19,topic,OR,all,AND,inventors,2000,1.0,2000
0.0001390075888153868,-0.0022813282616511027,ok,upper_bound_below_05,and_both_following_v1,target_trained_minus_source_trained,0,scores/7f0f149f286dce13819d8b8b,second_given_first_0,qwen,True,0.05,-0.00037846020761245214,scores/4151b469cea9b87e168a45eb,19,topic,OR,all,AND,sp_en_trans,2000,1.0,2000
0.0048613380526250855,-0.010892560843004325,ok,upper_bound_below_05,and_both_following_v1,target_trained_minus_source_trained,0,scores/7f0f149f286dce13819d8b8b,second_given_first_0,qwen,True,0.05,-0.001517280512322472,scores/4151b469cea9b87e168a45eb,19,topic_macro,OR,all,AND,all,2000,1.0,2000
-0.0002089284164043194,-0.010442074660922257,ok,upper_bound_below_05,and_both_following_v1,target_trained_minus_source_trained,0,scores/7f0f149f286dce13819d8b8b,second_given_first_1,qwen,True,0.05,-0.003676770014874209,scores/4151b469cea9b87e168a45eb,19,pooled,OR,all,AND,all,2000,1.0,2000
0.0,0.0,ok,upper_bound_below_05,and_both_following_v1,target_trained_minus_source_trained,0,scores/7f0f149f286dce13819d8b8b,second_given_first_1,qwen,True,0.05,0.0,scores/4151b469cea9b87e168a45eb,19,topic,OR,all,AND,animal_class,2000,1.0,2000
0.0,-0.01893752264691206,ok,upper_bound_below_05,and_both_following_v1,target_trained_minus_source_trained,0,scores/7f0f149f286dce13819d8b8b,second_given_first_1,qwen,True,0.05,-0.0064918246925814715,scores/4151b469cea9b87e168a45eb,19,topic,OR,all,AND,cities,2000,1.0,2000
0.0,0.0,ok,upper_bound_below_05,and_both_following_v1,target_trained_minus_source_trained,0,scores/7f0f149f286dce13819d8b8b,second_given_first_1,qwen,True,0.05,0.0,scores/4151b469cea9b87e168a45eb,19,topic,OR,all,AND,element_symb,2000,1.0,2000
0.015516894338634145,0.0,ok,upper_bound_below_05,and_both_following_v1,target_trained_minus_source_trained,0,scores/7f0f149f286dce13819d8b8b,second_given_first_1,qwen,True,0.05,0.0036443148688046767,scores/4151b469cea9b87e168a45eb,19,topic,OR,all,AND,inventors,2000,1.0,2000
0.0,0.0,ok,upper_bound_below_05,and_both_following_v1,target_trained_minus_source_trained,0,scores/7f0f149f286dce13819d8b8b,second_given_first_1,qwen,True,0.05,0.0,scores/4151b469cea9b87e168a45eb,19,topic,OR,all,AND,sp_en_trans,2000,1.0,2000
0.002180408986203319,-0.0032465030489632896,ok,upper_bound_below_05,and_both_following_v1,target_trained_minus_source_trained,0,scores/7f0f149f286dce13819d8b8b,second_given_first_1,qwen,True,0.05,-0.000569501964755359,scores/4151b469cea9b87e168a45eb,19,topic_macro,OR,all,AND,all,2000,1.0,2000
0.007543780417223183,0.00186324835503619,ok,upper_bound_below_05,D_bare,target_trained_minus_source_trained,0,scores/21a5ceb2f9347d690740c6be,first_marginal,llama,True,0.05,0.0043618108869256655,scores/b417cda1cbc158996af98fcd,12,pooled,AND,all,OR,all,2000,1.0,2000
0.0034195908026775964,0.0,ok,upper_bound_below_05,D_bare,target_trained_minus_source_trained,0,scores/21a5ceb2f9347d690740c6be,first_marginal,llama,True,0.05,0.0008544921875,scores/b417cda1cbc158996af98fcd,12,topic,AND,all,OR,animal_class,2000,1.0,2000
0.00017198880296837298,0.0,ok,upper_bound_below_05,D_bare,target_trained_minus_source_trained,0,scores/21a5ceb2f9347d690740c6be,first_marginal,llama,True,0.05,3.237466780781073e-05,scores/b417cda1cbc158996af98fcd,12,topic,AND,all,OR,cities,2000,1.0,2000
0.0,0.0,ok,upper_bound_below_05,D_bare,target_trained_minus_source_trained,0,scores/21a5ceb2f9347d690740c6be,first_marginal,llama,True,0.05,0.0,scores/b417cda1cbc158996af98fcd,12,topic,AND,all,OR,element_symb,2000,1.0,2000
0.02929188030870449,0.0007286633140651449,ok,upper_bound_below_05,D_bare,target_trained_minus_source_trained,0,scores/21a5ceb2f9347d690740c6be,first_marginal,llama,True,0.05,0.009553311120366503,scores/b417cda1cbc158996af98fcd,12,topic,AND,all,OR,inventors,2000,1.0,2000
0.00010501995379119666,-0.0003444003113481753,ok,upper_bound_below_05,D_bare,target_trained_minus_source_trained,0,scores/21a5ceb2f9347d690740c6be,first_marginal,llama,True,0.05,-2.703287197236559e-05,scores/b417cda1cbc158996af98fcd,12,topic,AND,all,OR,sp_en_trans,2000,1.0,2000
0.006062390114765953,0.0002384682755300127,ok,upper_bound_below_05,D_bare,target_trained_minus_source_trained,0,scores/21a5ceb2f9347d690740c6be,first_marginal,llama,True,0.05,0.002082629020740412,scores/b417cda1cbc158996af98fcd,12,topic_macro,AND,all,OR,all,2000,1.0,2000
0.005493368860331893,0.0012613037999795352,ok,upper_bound_below_05,D_bare,target_trained_minus_source_trained,0,scores/21a5ceb2f9347d690740c6be,second_marginal,llama,True,0.05,0.003140686016057437,scores/b417cda1cbc158996af98fcd,12,pooled,AND,all,OR,all,2000,1.0,2000
0.023045006447232848,0.00018486609825721923,ok,upper_bound_below_05,D_bare,target_trained_minus_source_trained,0,scores/21a5ceb2f9347d690740c6be,second_marginal,llama,True,0.05,0.00927734375,scores/b417cda1cbc158996af98fcd,12,topic,AND,all,OR,animal_class,2000,1.0,2000
0.006842950323872559,0.0005742029967337137,ok,upper_bound_below_05,D_bare,target_trained_minus_source_trained,0,scores/21a5ceb2f9347d690740c6be,second_marginal,llama,True,0.05,0.003151603531372449,scores/b417cda1cbc158996af98fcd,12,topic,AND,all,OR,cities,2000,1.0,2000
0.0,0.0,ok,upper_bound_below_05,D_bare,target_trained_minus_source_trained,0,scores/21a5ceb2f9347d690740c6be,second_marginal,llama,True,0.05,0.0,scores/b417cda1cbc158996af98fcd,12,topic,AND,all,OR,element_symb,2000,1.0,2000
0.016303875059564876,0.0004281567565297323,ok,upper_bound_below_05,D_bare,target_trained_minus_source_trained,0,scores/21a5ceb2f9347d690740c6be,second_marginal,llama,True,0.05,0.005908996251561827,scores/b417cda1cbc158996af98fcd,12,topic,AND,all,OR,inventors,2000,1.0,2000
0.0010731787064786969,0.0,ok,upper_bound_below_05,D_bare,target_trained_minus_source_trained,0,scores/21a5ceb2f9347d690740c6be,second_marginal,llama,True,0.05,0.00024329584775084623,scores/b417cda1cbc158996af98fcd,12,topic,AND,all,OR,sp_en_trans,2000,1.0,2000
0.007068113281929256,0.0011591797973646012,ok,upper_bound_below_05,D_bare,target_trained_minus_source_trained,0,scores/21a5ceb2f9347d690740c6be,second_marginal,llama,True,0.05,0.003716247876137002,scores/b417cda1cbc158996af98fcd,12,topic_macro,AND,all,OR,all,2000,1.0,2000
0.006257658499155115,0.0011661846962977202,ok,upper_bound_below_05,D_bare,target_trained_minus_source_trained,0,scores/21a5ceb2f9347d690740c6be,first_given_second_0,llama,True,0.05,0.003379927900586832,scores/b417cda1cbc158996af98fcd,12,pooled,AND,all,OR,all,2000,1.0,2000
0.001953125,0.0,ok,upper_bound_below_05,D_bare,target_trained_minus_source_trained,0,scores/21a5ceb2f9347d690740c6be,first_given_second_0,llama,True,0.05,0.000244140625,scores/b417cda1cbc158996af98fcd,12,topic,AND,all,OR,animal_class,2000,1.0,2000
0.000242968065052132,0.0,ok,upper_bound_below_05,D_bare,target_trained_minus_source_trained,0,scores/21a5ceb2f9347d690740c6be,first_given_second_0,llama,True,0.05,3.9412639070257605e-05,scores/b417cda1cbc158996af98fcd,12,topic,AND,all,OR,cities,2000,1.0,2000
0.0,0.0,ok,upper_bound_below_05,D_bare,target_trained_minus_source_trained,0,scores/21a5ceb2f9347d690740c6be,first_given_second_0,llama,True,0.05,0.0,scores/b417cda1cbc158996af98fcd,12,topic,AND,all,OR,element_symb,2000,1.0,2000
0.02276795728623018,0.0,ok,upper_bound_below_05,D_bare,target_trained_minus_source_trained,0,scores/21a5ceb2f9347d690740c6be,first_given_second_0,llama,True,0.05,0.007080383173677651,scores/b417cda1cbc158996af98fcd,12,topic,AND,all,OR,inventors,2000,1.0,2000
0.0,-0.0014065967085799326,ok,upper_bound_below_05,D_bare,target_trained_minus_source_trained,0,scores/21a5ceb2f9347d690740c6be,first_given_second_0,llama,True,0.05,-0.00016219723183386048,scores/b417cda1cbc158996af98fcd,12,topic,AND,all,OR,sp_en_trans,2000,1.0,2000
0.004647553571428613,-1.2042898526301581e-05,ok,upper_bound_below_05,D_bare,target_trained_minus_source_trained,0,scores/21a5ceb2f9347d690740c6be,first_given_second_0,llama,True,0.05,0.001440347841182965,scores/b417cda1cbc158996af98fcd,12,topic_macro,AND,all,OR,all,2000,1.0,2000
0.008660715627791487,0.0017179322688452264,ok,upper_bound_below_05,D_bare,target_trained_minus_source_trained,0,scores/21a5ceb2f9347d690740c6be,first_given_second_1,llama,True,0.05,0.004648740403533802,scores/b417cda1cbc158996af98fcd,12,pooled,AND,all,OR,all,2000,1.0,2000
0.004162330905306932,0.0,ok,upper_bound_below_05,D_bare,target_trained_minus_source_trained,0,scores/21a5ceb2f9347d690740c6be,first_given_second_1,llama,True,0.05,0.000732421875,scores/b417cda1cbc158996af98fcd,12,topic,AND,all,OR,animal_class,2000,1.0,2000
6.369271964874173e-05,0.0,ok,upper_bound_below_05,D_bare,target_trained_minus_source_trained,0,scores/21a5ceb2f9347d690740c6be,first_given_second_1,llama,True,0.05,8.44556551504727e-06,scores/b417cda1cbc158996af98fcd,12,topic,AND,all,OR,cities,2000,1.0,2000
0.0,0.0,ok,upper_bound_below_05,D_bare,target_trained_minus_source_trained,0,scores/21a5ceb2f9347d690740c6be,first_given_second_1,llama,True,0.05,0.0,scores/b417cda1cbc158996af98fcd,12,topic,AND,all,OR,element_symb,2000,1.0,2000
0.04813751431695117,0.0,ok,upper_bound_below_05,D_bare,target_trained_minus_source_trained,0,scores/21a5ceb2f9347d690740c6be,first_given_second_1,llama,True,0.05,0.013431903373594345,scores/b417cda1cbc158996af98fcd,12,topic,AND,all,OR,inventors,2000,1.0,2000
0.0,0.0,ok,upper_bound_below_05,D_bare,target_trained_minus_source_trained,0,scores/21a5ceb2f9347d690740c6be,first_given_second_1,llama,True,0.05,0.0,scores/b417cda1cbc158996af98fcd,12,topic,AND,all,OR,sp_en_trans,2000,1.0,2000
0.009843412410597004,1.9771399178991634e-05,ok,upper_bound_below_05,D_bare,target_trained_minus_source_trained,0,scores/21a5ceb2f9347d690740c6be,first_given_second_1,llama,True,0.05,0.0028345541628219673,scores/b417cda1cbc158996af98fcd,12,topic_macro,AND,all,OR,all,2000,1.0,2000
0.005278958451897355,0.0008127929117992316,ok,upper_bound_below_05,D_bare,target_trained_minus_source_trained,0,scores/21a5ceb2f9347d690740c6be,second_given_first_0,llama,True,0.05,0.002656576178045267,scores/b417cda1cbc158996af98fcd,12,pooled,AND,all,OR,all,2000,1.0,2000
0.03892886869525969,0.0,ok,upper_bound_below_05,D_bare,target_trained_minus_source_trained,0,scores/21a5ceb2f9347d690740c6be,second_given_first_0,llama,True,0.05,0.01025390625,scores/b417cda1cbc158996af98fcd,12,topic,AND,all,OR,animal_class,2000,1.0,2000
0.004520262948004104,0.00011489354713490888,ok,upper_bound_below_05,D_bare,target_trained_minus_source_trained,0,scores/21a5ceb2f9347d690740c6be,second_given_first_0,llama,True,0.05,0.0018608396018197082,scores/b417cda1cbc158996af98fcd,12,topic,AND,all,OR,cities,2000,1.0,2000
0.0,0.0,ok,upper_bound_below_05,D_bare,target_trained_minus_source_trained,0,scores/21a5ceb2f9347d690740c6be,second_given_first_0,llama,True,0.05,0.0,scores/b417cda1cbc158996af98fcd,12,topic,AND,all,OR,element_symb,2000,1.0,2000
0.027351938744103334,0.0,ok,upper_bound_below_05,D_bare,target_trained_minus_source_trained,0,scores/21a5ceb2f9347d690740c6be,second_given_first_0,llama,True,0.05,0.010308204914618924,scores/b417cda1cbc158996af98fcd,12,topic,AND,all,OR,inventors,2000,1.0,2000
0.0,0.0,ok,upper_bound_below_05,D_bare,target_trained_minus_source_trained,0,scores/21a5ceb2f9347d690740c6be,second_given_first_0,llama,True,0.05,0.0,scores/b417cda1cbc158996af98fcd,12,topic,AND,all,OR,sp_en_trans,2000,1.0,2000
0.010727008071668136,0.000744643006118717,ok,upper_bound_below_05,D_bare,target_trained_minus_source_trained,0,scores/21a5ceb2f9347d690740c6be,second_given_first_0,llama,True,0.05,0.004484590153287504,scores/b417cda1cbc158996af98fcd,12,topic_macro,AND,all,OR,all,2000,1.0,2000
0.0027717646662068704,5.5217364484111414e-05,ok,upper_bound_below_05,D_bare,target_trained_minus_source_trained,0,scores/21a5ceb2f9347d690740c6be,second_given_first_1,llama,True,0.05,0.000830514940695859,scores/b417cda1cbc158996af98fcd,12,pooled,AND,all,OR,all,2000,1.0,2000
0.0,0.0,ok,upper_bound_below_05,D_bare,target_trained_minus_source_trained,0,scores/21a5ceb2f9347d690740c6be,second_given_first_1,llama,True,0.05,0.0,scores/b417cda1cbc158996af98fcd,12,topic,AND,all,OR,animal_class,2000,1.0,2000
0.0037873363076916995,2.2521508040163063e-05,ok,upper_bound_below_05,D_bare,target_trained_minus_source_trained,0,scores/21a5ceb2f9347d690740c6be,second_given_first_1,llama,True,0.05,0.0010416197468582356,scores/b417cda1cbc158996af98fcd,12,topic,AND,all,OR,cities,2000,1.0,2000
0.0,0.0,ok,upper_bound_below_05,D_bare,target_trained_minus_source_trained,0,scores/21a5ceb2f9347d690740c6be,second_given_first_1,llama,True,0.05,0.0,scores/b417cda1cbc158996af98fcd,12,topic,AND,all,OR,element_symb,2000,1.0,2000
0.0028710368075801815,0.0,ok,upper_bound_below_05,D_bare,target_trained_minus_source_trained,0,scores/21a5ceb2f9347d690740c6be,second_given_first_1,llama,True,0.05,0.00031236984589755323,scores/b417cda1cbc158996af98fcd,12,topic,AND,all,OR,inventors,2000,1.0,2000
0.0,0.0,ok,upper_bound_below_05,D_bare,target_trained_minus_source_trained,0,scores/21a5ceb2f9347d690740c6be,second_given_first_1,llama,True,0.05,0.0,scores/b417cda1cbc158996af98fcd,12,topic,AND,all,OR,sp_en_trans,2000,1.0,2000
0.0010044944695990754,7.818333442491387e-06,ok,upper_bound_below_05,D_bare,target_trained_minus_source_trained,0,scores/21a5ceb2f9347d690740c6be,second_given_first_1,llama,True,0.05,0.0002707979185510023,scores/b417cda1cbc158996af98fcd,12,topic_macro,AND,all,OR,all,2000,1.0,2000
0.0192115532588083,-0.006036496318051765,ok,upper_bound_below_05,or_at_least_one_v1,target_trained_minus_source_trained,0,scores/b0c672e2b99cc3acdf8b44e3,first_marginal,llama,True,0.05,0.0069262266973582065,scores/e6b9f3a0ec0bcddbc3fef0bd,12,pooled,AND,all,OR,all,2000,1.0,2000
-0.02806019619857753,-0.10407707372164547,ok,upper_bound_below_05,or_at_least_one_v1,target_trained_minus_source_trained,0,scores/b0c672e2b99cc3acdf8b44e3,first_marginal,llama,True,0.05,-0.06597900390625,scores/e6b9f3a0ec0bcddbc3fef0bd,12,topic,AND,all,OR,animal_class,2000,1.0,2000
0.019188367198033195,-0.005009269308875233,ok,upper_bound_below_05,or_at_least_one_v1,target_trained_minus_source_trained,0,scores/b0c672e2b99cc3acdf8b44e3,first_marginal,llama,True,0.05,0.006004093284086354,scores/e6b9f3a0ec0bcddbc3fef0bd,12,topic,AND,all,OR,cities,2000,1.0,2000
0.013719815527085835,-0.027902735127577207,ok,upper_bound_below_05,or_at_least_one_v1,target_trained_minus_source_trained,0,scores/b0c672e2b99cc3acdf8b44e3,first_marginal,llama,True,0.05,-0.0023148148148147696,scores/e6b9f3a0ec0bcddbc3fef0bd,12,topic,AND,all,OR,element_symb,2000,1.0,2000
-0.007054922544727027,-0.08733822929682078,ok,upper_bound_below_05,or_at_least_one_v1,target_trained_minus_source_trained,0,scores/b0c672e2b99cc3acdf8b44e3,first_marginal,llama,True,0.05,-0.04394002498958771,scores/e6b9f3a0ec0bcddbc3fef0bd,12,topic,AND,all,OR,inventors,2000,1.0,2000
0.012781747323495426,-0.030478192863977134,ok,upper_bound_below_05,or_at_least_one_v1,target_trained_minus_source_trained,0,scores/b0c672e2b99cc3acdf8b44e3,first_marginal,llama,True,0.05,-0.007123161764705843,scores/e6b9f3a0ec0bcddbc3fef0bd,12,topic,AND,all,OR,sp_en_trans,2000,1.0,2000
-0.010556267178667035,-0.03557097591422346,ok,upper_bound_below_05,or_at_least_one_v1,target_trained_minus_source_trained,0,scores/b0c672e2b99cc3acdf8b44e3,first_marginal,llama,True,0.05,-0.022670582438254372,scores/e6b9f3a0ec0bcddbc3fef0bd,12,topic_macro,AND,all,OR,all,2000,1.0,2000
0.00042666007437309187,-2.4153425122452887e-05,ok,upper_bound_below_05,or_at_least_one_v1,target_trained_minus_source_trained,0,scores/b0c672e2b99cc3acdf8b44e3,second_marginal,llama,True,0.05,0.0001036804135642333,scores/e6b9f3a0ec0bcddbc3fef0bd,12,pooled,AND,all,OR,all,2000,1.0,2000
0.0011095085470085918,0.0,ok,upper_bound_below_05,or_at_least_one_v1,target_trained_minus_source_trained,0,scores/b0c672e2b99cc3acdf8b44e3,second_marginal,llama,True,0.05,0.0001220703125,scores/e6b9f3a0ec0bcddbc3fef0bd,12,topic,AND,all,OR,animal_class,2000,1.0,2000
0.0008931224623772268,0.0,ok,upper_bound_below_05,or_at_least_one_v1,target_trained_minus_source_trained,0,scores/b0c672e2b99cc3acdf8b44e3,second_marginal,llama,True,0.05,0.00021254673212922626,scores/e6b9f3a0ec0bcddbc3fef0bd,12,topic,AND,all,OR,cities,2000,1.0,2000
0.0,0.0,ok,upper_bound_below_05,or_at_least_one_v1,target_trained_minus_source_trained,0,scores/b0c672e2b99cc3acdf8b44e3,second_marginal,llama,True,0.05,0.0,scores/e6b9f3a0ec0bcddbc3fef0bd,12,topic,AND,all,OR,element_symb,2000,1.0,2000
0.0029720206152785856,0.0,ok,upper_bound_below_05,or_at_least_one_v1,target_trained_minus_source_trained,0,scores/b0c672e2b99cc3acdf8b44e3,second_marginal,llama,True,0.05,0.0008850478967097342,scores/e6b9f3a0ec0bcddbc3fef0bd,12,topic,AND,all,OR,inventors,2000,1.0,2000
0.0,0.0,ok,upper_bound_below_05,or_at_least_one_v1,target_trained_minus_source_trained,0,scores/b0c672e2b99cc3acdf8b44e3,second_marginal,llama,True,0.05,0.0,scores/e6b9f3a0ec0bcddbc3fef0bd,12,topic,AND,all,OR,sp_en_trans,2000,1.0,2000
0.0006991936567485144,1.0504291857413306e-05,ok,upper_bound_below_05,or_at_least_one_v1,target_trained_minus_source_trained,0,scores/b0c672e2b99cc3acdf8b44e3,second_marginal,llama,True,0.05,0.00024393298826763665,scores/e6b9f3a0ec0bcddbc3fef0bd,12,topic_macro,AND,all,OR,all,2000,1.0,2000
0.004858790537889662,-0.010207601223372073,ok,upper_bound_below_05,or_at_least_one_v1,target_trained_minus_source_trained,0,scores/b0c672e2b99cc3acdf8b44e3,first_given_second_0,llama,True,0.05,-0.0021754133285323274,scores/e6b9f3a0ec0bcddbc3fef0bd,12,pooled,AND,all,OR,all,2000,1.0,2000
0.04369814099462875,-0.006205585661585902,ok,upper_bound_below_05,or_at_least_one_v1,target_trained_minus_source_trained,0,scores/b0c672e2b99cc3acdf8b44e3,first_given_second_0,llama,True,0.05,0.012939453125,scores/e6b9f3a0ec0bcddbc3fef0bd,12,topic,AND,all,OR,animal_class,2000,1.0,2000
0.0009548856327114134,-0.0035478947148181866,ok,upper_bound_below_05,or_at_least_one_v1,target_trained_minus_source_trained,0,scores/b0c672e2b99cc3acdf8b44e3,first_given_second_0,llama,True,0.05,-0.0009121210756272147,scores/e6b9f3a0ec0bcddbc3fef0bd,12,topic,AND,all,OR,cities,2000,1.0,2000
0.004899079402832984,-0.020980848712033862,ok,upper_bound_below_05,or_at_least_one_v1,target_trained_minus_source_trained,0,scores/b0c672e2b99cc3acdf8b44e3,first_given_second_0,llama,True,0.05,-0.004822530864197594,scores/e6b9f3a0ec0bcddbc3fef0bd,12,topic,AND,all,OR,element_symb,2000,1.0,2000
0.014592373690001065,-0.0717150076176304,ok,upper_bound_below_05,or_at_least_one_v1,target_trained_minus_source_trained,0,scores/b0c672e2b99cc3acdf8b44e3,first_given_second_0,llama,True,0.05,-0.019575177009579336,scores/e6b9f3a0ec0bcddbc3fef0bd,12,topic,AND,all,OR,inventors,2000,1.0,2000
0.0014621020529057413,-0.06287479191438762,ok,upper_bound_below_05,or_at_least_one_v1,target_trained_minus_source_trained,0,scores/b0c672e2b99cc3acdf8b44e3,first_given_second_0,llama,True,0.05,-0.019950259515570945,scores/e6b9f3a0ec0bcddbc3fef0bd,12,topic,AND,all,OR,sp_en_trans,2000,1.0,2000
0.005307971890806946,-0.019844489007703754,ok,upper_bound_below_05,or_at_least_one_v1,target_trained_minus_source_trained,0,scores/b0c672e2b99cc3acdf8b44e3,first_given_second_0,llama,True,0.05,-0.006464127067995151,scores/e6b9f3a0ec0bcddbc3fef0bd,12,topic_macro,AND,all,OR,all,2000,1.0,2000
0.02309015480987639,-0.02928451474765951,ok,upper_bound_below_05,or_at_least_one_v1,target_trained_minus_source_trained,0,scores/b0c672e2b99cc3acdf8b44e3,first_given_second_1,llama,True,0.05,-0.0021143302941845077,scores/e6b9f3a0ec0bcddbc3fef0bd,12,pooled,AND,all,OR,all,2000,1.0,2000
-0.0013841732285147504,-0.12565141811824587,ok,upper_bound_below_05,or_at_least_one_v1,target_trained_minus_source_trained,0,scores/b0c672e2b99cc3acdf8b44e3,first_given_second_1,llama,True,0.05,-0.0546875,scores/e6b9f3a0ec0bcddbc3fef0bd,12,topic,AND,all,OR,animal_class,2000,1.0,2000
-0.013208651908409114,-0.05888333865392399,ok,upper_bound_below_05,or_at_least_one_v1,target_trained_minus_source_trained,0,scores/b0c672e2b99cc3acdf8b44e3,first_given_second_1,llama,True,0.05,-0.03658055943425975,scores/e6b9f3a0ec0bcddbc3fef0bd,12,topic,AND,all,OR,cities,2000,1.0,2000
0.027349085725376168,-0.050848515127728665,ok,upper_bound_below_05,or_at_least_one_v1,target_trained_minus_source_trained,0,scores/b0c672e2b99cc3acdf8b44e3,first_given_second_1,llama,True,0.05,-0.0023148148148148806,scores/e6b9f3a0ec0bcddbc3fef0bd,12,topic,AND,all,OR,element_symb,2000,1.0,2000
0.07487440129112861,-0.0735183062482919,ok,unresolved_crosses_05,or_at_least_one_v1,target_trained_minus_source_trained,0,scores/b0c672e2b99cc3acdf8b44e3,first_given_second_1,llama,True,0.05,-0.006351520199916694,scores/e6b9f3a0ec0bcddbc3fef0bd,12,topic,AND,all,OR,inventors,2000,1.0,2000
0.006415250720553123,-0.06433959535319522,ok,upper_bound_below_05,or_at_least_one_v1,target_trained_minus_source_trained,0,scores/b0c672e2b99cc3acdf8b44e3,first_given_second_1,llama,True,0.05,-0.02097750865051906,scores/e6b9f3a0ec0bcddbc3fef0bd,12,topic,AND,all,OR,sp_en_trans,2000,1.0,2000
-0.002960132634078313,-0.04645579466738043,ok,upper_bound_below_05,or_at_least_one_v1,target_trained_minus_source_trained,0,scores/b0c672e2b99cc3acdf8b44e3,first_given_second_1,llama,True,0.05,-0.024182380619902077,scores/e6b9f3a0ec0bcddbc3fef0bd,12,topic_macro,AND,all,OR,all,2000,1.0,2000
0.0001519271865576708,-5.427676890270294e-05,ok,upper_bound_below_05,or_at_least_one_v1,target_trained_minus_source_trained,0,scores/b0c672e2b99cc3acdf8b44e3,second_given_first_0,llama,True,0.05,2.5719172357052678e-05,scores/e6b9f3a0ec0bcddbc3fef0bd,12,pooled,AND,all,OR,all,2000,1.0,2000
0.0033285256410256698,0.0,ok,upper_bound_below_05,or_at_least_one_v1,target_trained_minus_source_trained,0,scores/b0c672e2b99cc3acdf8b44e3,second_given_first_0,llama,True,0.05,0.000244140625,scores/e6b9f3a0ec0bcddbc3fef0bd,12,topic,AND,all,OR,animal_class,2000,1.0,2000
0.0,0.0,ok,upper_bound_below_05,or_at_least_one_v1,target_trained_minus_source_trained,0,scores/b0c672e2b99cc3acdf8b44e3,second_given_first_0,llama,True,0.05,0.0,scores/e6b9f3a0ec0bcddbc3fef0bd,12,topic,AND,all,OR,cities,2000,1.0,2000
0.0,0.0,ok,upper_bound_below_05,or_at_least_one_v1,target_trained_minus_source_trained,0,scores/b0c672e2b99cc3acdf8b44e3,second_given_first_0,llama,True,0.05,0.0,scores/e6b9f3a0ec0bcddbc3fef0bd,12,topic,AND,all,OR,element_symb,2000,1.0,2000
0.0038006632653061444,0.0,ok,upper_bound_below_05,or_at_least_one_v1,target_trained_minus_source_trained,0,scores/b0c672e2b99cc3acdf8b44e3,second_given_first_0,llama,True,0.05,0.0007288629737609575,scores/e6b9f3a0ec0bcddbc3fef0bd,12,topic,AND,all,OR,inventors,2000,1.0,2000
0.0,0.0,ok,upper_bound_below_05,or_at_least_one_v1,target_trained_minus_source_trained,0,scores/b0c672e2b99cc3acdf8b44e3,second_given_first_0,llama,True,0.05,0.0,scores/e6b9f3a0ec0bcddbc3fef0bd,12,topic,AND,all,OR,sp_en_trans,2000,1.0,2000
0.0010257615803091562,0.0,ok,upper_bound_below_05,or_at_least_one_v1,target_trained_minus_source_trained,0,scores/b0c672e2b99cc3acdf8b44e3,second_given_first_0,llama,True,0.05,0.0001946007197520805,scores/e6b9f3a0ec0bcddbc3fef0bd,12,topic_macro,AND,all,OR,all,2000,1.0,2000
0.00011923185885236441,-8.67242794255263e-05,ok,upper_bound_below_05,or_at_least_one_v1,target_trained_minus_source_trained,0,scores/b0c672e2b99cc3acdf8b44e3,second_given_first_1,llama,True,0.05,1.0716321815484875e-05,scores/e6b9f3a0ec0bcddbc3fef0bd,12,pooled,AND,all,OR,all,2000,1.0,2000
0.0,0.0,ok,upper_bound_below_05,or_at_least_one_v1,target_trained_minus_source_trained,0,scores/b0c672e2b99cc3acdf8b44e3,second_given_first_1,llama,True,0.05,0.0,scores/e6b9f3a0ec0bcddbc3fef0bd,12,topic,AND,all,OR,animal_class,2000,1.0,2000
7.993329190756063e-05,-1.5223477478124025e-05,ok,upper_bound_below_05,or_at_least_one_v1,target_trained_minus_source_trained,0,scores/b0c672e2b99cc3acdf8b44e3,second_given_first_1,llama,True,0.05,1.4075942525115792e-05,scores/e6b9f3a0ec0bcddbc3fef0bd,12,topic,AND,all,OR,cities,2000,1.0,2000
0.0,0.0,ok,upper_bound_below_05,or_at_least_one_v1,target_trained_minus_source_trained,0,scores/b0c672e2b99cc3acdf8b44e3,second_given_first_1,llama,True,0.05,0.0,scores/e6b9f3a0ec0bcddbc3fef0bd,12,topic,AND,all,OR,element_symb,2000,1.0,2000
0.0037814219847200643,0.0,ok,upper_bound_below_05,or_at_least_one_v1,target_trained_minus_source_trained,0,scores/b0c672e2b99cc3acdf8b44e3,second_given_first_1,llama,True,0.05,0.0007288629737609575,scores/e6b9f3a0ec0bcddbc3fef0bd,12,topic,AND,all,OR,inventors,2000,1.0,2000
0.0,0.0,ok,upper_bound_below_05,or_at_least_one_v1,target_trained_minus_source_trained,0,scores/b0c672e2b99cc3acdf8b44e3,second_given_first_1,llama,True,0.05,0.0,scores/e6b9f3a0ec0bcddbc3fef0bd,12,topic,AND,all,OR,sp_en_trans,2000,1.0,2000
0.0007575307625369863,-2.002884153307072e-06,ok,upper_bound_below_05,or_at_least_one_v1,target_trained_minus_source_trained,0,scores/b0c672e2b99cc3acdf8b44e3,second_given_first_1,llama,True,0.05,0.00014858778325721467,scores/e6b9f3a0ec0bcddbc3fef0bd,12,topic_macro,AND,all,OR,all,2000,1.0,2000
0.030448437448974276,0.014055727497578382,ok,upper_bound_below_05,or_explicit_or_both_v1,target_trained_minus_source_trained,0,scores/903262760efd7e3561bbc1e7,first_marginal,llama,True,0.05,0.021817091675989886,scores/f47e874fef5e80284208b935,12,pooled,AND,all,OR,all,2000,1.0,2000
0.0007397329186864693,-0.0006380309476731544,ok,upper_bound_below_05,or_explicit_or_both_v1,target_trained_minus_source_trained,0,scores/903262760efd7e3561bbc1e7,first_marginal,llama,True,0.05,0.0001220703125,scores/f47e874fef5e80284208b935,12,topic,AND,all,OR,animal_class,2000,1.0,2000
0.0012892674123693103,-0.0024062257486146877,ok,upper_bound_below_05,or_explicit_or_both_v1,target_trained_minus_source_trained,0,scores/903262760efd7e3561bbc1e7,first_marginal,llama,True,0.05,-0.00036175172289543145,scores/f47e874fef5e80284208b935,12,topic,AND,all,OR,cities,2000,1.0,2000
0.039593489393002404,0.0017349820065904048,ok,upper_bound_below_05,or_explicit_or_both_v1,target_trained_minus_source_trained,0,scores/903262760efd7e3561bbc1e7,first_marginal,llama,True,0.05,0.01895254629629628,scores/f47e874fef5e80284208b935,12,topic,AND,all,OR,element_symb,2000,1.0,2000
0.06252505316840272,0.017272652511961667,ok,unresolved_crosses_05,or_explicit_or_both_v1,target_trained_minus_source_trained,0,scores/903262760efd7e3561bbc1e7,first_marginal,llama,True,0.05,0.0385776759683466,scores/f47e874fef5e80284208b935,12,topic,AND,all,OR,inventors,2000,1.0,2000
0.009968647318749812,-0.00527679741576022,ok,upper_bound_below_05,or_explicit_or_both_v1,target_trained_minus_source_trained,0,scores/903262760efd7e3561bbc1e7,first_marginal,llama,True,0.05,0.0011488970588235947,scores/f47e874fef5e80284208b935,12,topic,AND,all,OR,sp_en_trans,2000,1.0,2000
0.0177822502756226,0.005569248154085868,ok,upper_bound_below_05,or_explicit_or_both_v1,target_trained_minus_source_trained,0,scores/903262760efd7e3561bbc1e7,first_marginal,llama,True,0.05,0.011687887582614187,scores/f47e874fef5e80284208b935,12,topic_macro,AND,all,OR,all,2000,1.0,2000
0.09890124950450395,0.06936272415478058,ok,material_deficit_lower_bound_above_05,or_explicit_or_both_v1,target_trained_minus_source_trained,0,scores/903262760efd7e3561bbc1e7,second_marginal,llama,True,0.05,0.08506964537547856,scores/f47e874fef5e80284208b935,12,pooled,AND,all,OR,all,2000,1.0,2000
0.06490423611111104,0.005555489918084416,ok,unresolved_crosses_05,or_explicit_or_both_v1,target_trained_minus_source_trained,0,scores/903262760efd7e3561bbc1e7,second_marginal,llama,True,0.05,0.033935546875,scores/f47e874fef5e80284208b935,12,topic,AND,all,OR,animal_class,2000,1.0,2000
0.049298015583013395,0.02684063278575429,ok,upper_bound_below_05,or_explicit_or_both_v1,target_trained_minus_source_trained,0,scores/903262760efd7e3561bbc1e7,second_marginal,llama,True,0.05,0.0377544930408541,scores/f47e874fef5e80284208b935,12,topic,AND,all,OR,cities,2000,1.0,2000
0.020303640080350505,-0.016354431553295207,ok,upper_bound_below_05,or_explicit_or_both_v1,target_trained_minus_source_trained,0,scores/903262760efd7e3561bbc1e7,second_marginal,llama,True,0.05,0.0012538580246913567,scores/f47e874fef5e80284208b935,12,topic,AND,all,OR,element_symb,2000,1.0,2000
0.11054858120250868,0.04748435932866734,ok,unresolved_crosses_05,or_explicit_or_both_v1,target_trained_minus_source_trained,0,scores/903262760efd7e3561bbc1e7,second_marginal,llama,True,0.05,0.08007080383173681,scores/f47e874fef5e80284208b935,12,topic,AND,all,OR,inventors,2000,1.0,2000
0.16815295864281976,0.09011621486507118,ok,material_deficit_lower_bound_above_05,or_explicit_or_both_v1,target_trained_minus_source_trained,0,scores/903262760efd7e3561bbc1e7,second_marginal,llama,True,0.05,0.12324286332179935,scores/f47e874fef5e80284208b935,12,topic,AND,all,OR,sp_en_trans,2000,1.0,2000
0.06781580609149812,0.042923226838944235,ok,unresolved_crosses_05,or_explicit_or_both_v1,target_trained_minus_source_trained,0,scores/903262760efd7e3561bbc1e7,second_marginal,llama,True,0.05,0.05525151301881648,scores/f47e874fef5e80284208b935,12,topic_macro,AND,all,OR,all,2000,1.0,2000
0.032489471343596185,0.011132222505668699,ok,upper_bound_below_05,or_explicit_or_both_v1,target_trained_minus_source_trained,0,scores/903262760efd7e3561bbc1e7,first_given_second_0,llama,True,0.05,0.020346008598776666,scores/f47e874fef5e80284208b935,12,pooled,AND,all,OR,all,2000,1.0,2000
0.0,0.0,ok,upper_bound_below_05,or_explicit_or_both_v1,target_trained_minus_source_trained,0,scores/903262760efd7e3561bbc1e7,first_given_second_0,llama,True,0.05,0.0,scores/f47e874fef5e80284208b935,12,topic,AND,all,OR,animal_class,2000,1.0,2000
0.0010686043429799519,-0.00018736839089582847,ok,upper_bound_below_05,or_explicit_or_both_v1,target_trained_minus_source_trained,0,scores/903262760efd7e3561bbc1e7,first_given_second_0,llama,True,0.05,0.00012105310571586259,scores/f47e874fef5e80284208b935,12,topic,AND,all,OR,cities,2000,1.0,2000
0.007777970011534018,-0.006172839506172867,ok,upper_bound_below_05,or_explicit_or_both_v1,target_trained_minus_source_trained,0,scores/903262760efd7e3561bbc1e7,first_given_second_0,llama,True,0.05,-0.00019290123456794372,scores/f47e874fef5e80284208b935,12,topic,AND,all,OR,element_symb,2000,1.0,2000
0.07705913718644192,0.0019027396969868245,ok,unresolved_crosses_05,or_explicit_or_both_v1,target_trained_minus_source_trained,0,scores/903262760efd7e3561bbc1e7,first_given_second_0,llama,True,0.05,0.031236984589754213,scores/f47e874fef5e80284208b935,12,topic,AND,all,OR,inventors,2000,1.0,2000
0.020809180539040868,-0.0007102445545525693,ok,upper_bound_below_05,or_explicit_or_both_v1,target_trained_minus_source_trained,0,scores/903262760efd7e3561bbc1e7,first_given_second_0,llama,True,0.05,0.005460640138408301,scores/f47e874fef5e80284208b935,12,topic,AND,all,OR,sp_en_trans,2000,1.0,2000
0.01673071702028105,0.0008918107778188161,ok,upper_bound_below_05,or_explicit_or_both_v1,target_trained_minus_source_trained,0,scores/903262760efd7e3561bbc1e7,first_given_second_0,llama,True,0.05,0.00732515531986222,scores/f47e874fef5e80284208b935,12,topic_macro,AND,all,OR,all,2000,1.0,2000
0.025623836467478324,0.009353621633525086,ok,upper_bound_below_05,or_explicit_or_both_v1,target_trained_minus_source_trained,0,scores/903262760efd7e3561bbc1e7,first_given_second_1,llama,True,0.05,0.016953221112011363,scores/f47e874fef5e80284208b935,12,pooled,AND,all,OR,all,2000,1.0,2000
0.0,0.0,ok,upper_bound_below_05,or_explicit_or_both_v1,target_trained_minus_source_trained,0,scores/903262760efd7e3561bbc1e7,first_given_second_1,llama,True,0.05,0.0,scores/f47e874fef5e80284208b935,12,topic,AND,all,OR,animal_class,2000,1.0,2000
0.0014360689770587531,0.0,ok,upper_bound_below_05,or_explicit_or_both_v1,target_trained_minus_source_trained,0,scores/903262760efd7e3561bbc1e7,first_given_second_1,llama,True,0.05,0.00042790865276332024,scores/f47e874fef5e80284208b935,12,topic,AND,all,OR,cities,2000,1.0,2000
0.0,-0.0022222222222222365,ok,upper_bound_below_05,or_explicit_or_both_v1,target_trained_minus_source_trained,0,scores/903262760efd7e3561bbc1e7,first_given_second_1,llama,True,0.05,-0.0003858024691357764,scores/f47e874fef5e80284208b935,12,topic,AND,all,OR,element_symb,2000,1.0,2000
0.059638387416428115,0.004373791576527869,ok,unresolved_crosses_05,or_explicit_or_both_v1,target_trained_minus_source_trained,0,scores/903262760efd7e3561bbc1e7,first_given_second_1,llama,True,0.05,0.026551436901291137,scores/f47e874fef5e80284208b935,12,topic,AND,all,OR,inventors,2000,1.0,2000
0.0,0.0,ok,upper_bound_below_05,or_explicit_or_both_v1,target_trained_minus_source_trained,0,scores/903262760efd7e3561bbc1e7,first_given_second_1,llama,True,0.05,0.0,scores/f47e874fef5e80284208b935,12,topic,AND,all,OR,sp_en_trans,2000,1.0,2000
0.011990466492863226,0.0008701538608937687,ok,upper_bound_below_05,or_explicit_or_both_v1,target_trained_minus_source_trained,0,scores/903262760efd7e3561bbc1e7,first_given_second_1,llama,True,0.05,0.005318708616983692,scores/f47e874fef5e80284208b935,12,topic_macro,AND,all,OR,all,2000,1.0,2000
0.123555148013315,0.08290675276983601,ok,material_deficit_lower_bound_above_05,or_explicit_or_both_v1,target_trained_minus_source_trained,0,scores/903262760efd7e3561bbc1e7,second_given_first_0,llama,True,0.05,0.10449806891880886,scores/f47e874fef5e80284208b935,12,pooled,AND,all,OR,all,2000,1.0,2000
0.0671751523545706,0.0,ok,unresolved_crosses_05,or_explicit_or_both_v1,target_trained_minus_source_trained,0,scores/903262760efd7e3561bbc1e7,second_given_first_0,llama,True,0.05,0.021240234375,scores/f47e874fef5e80284208b935,12,topic,AND,all,OR,animal_class,2000,1.0,2000
0.0869285478636737,0.04408499336722213,ok,unresolved_crosses_05,or_explicit_or_both_v1,target_trained_minus_source_trained,0,scores/903262760efd7e3561bbc1e7,second_given_first_0,llama,True,0.05,0.06501396333498488,scores/f47e874fef5e80284208b935,12,topic,AND,all,OR,cities,2000,1.0,2000
0.035512026573714855,-0.0062435364727608435,ok,upper_bound_below_05,or_explicit_or_both_v1,target_trained_minus_source_trained,0,scores/903262760efd7e3561bbc1e7,second_given_first_0,llama,True,0.05,0.012345679012345623,scores/f47e874fef5e80284208b935,12,topic,AND,all,OR,element_symb,2000,1.0,2000
0.12801739159005324,0.015788293834000152,ok,unresolved_crosses_05,or_explicit_or_both_v1,target_trained_minus_source_trained,0,scores/903262760efd7e3561bbc1e7,second_given_first_0,llama,True,0.05,0.06830487296959598,scores/f47e874fef5e80284208b935,12,topic,AND,all,OR,inventors,2000,1.0,2000
0.17993202070091469,0.04279582739095921,ok,unresolved_crosses_05,or_explicit_or_both_v1,target_trained_minus_source_trained,0,scores/903262760efd7e3561bbc1e7,second_given_first_0,llama,True,0.05,0.10256271626297586,scores/f47e874fef5e80284208b935,12,topic,AND,all,OR,sp_en_trans,2000,1.0,2000
0.07456928338952407,0.03451036491352445,ok,unresolved_crosses_05,or_explicit_or_both_v1,target_trained_minus_source_trained,0,scores/903262760efd7e3561bbc1e7,second_given_first_0,llama,True,0.05,0.05389349319098036,scores/f47e874fef5e80284208b935,12,topic_macro,AND,all,OR,all,2000,1.0,2000
0.05322989865018984,0.022759364584834456,ok,unresolved_crosses_05,or_explicit_or_both_v1,target_trained_minus_source_trained,0,scores/903262760efd7e3561bbc1e7,second_given_first_1,llama,True,0.05,0.0395807346252931,scores/f47e874fef5e80284208b935,12,pooled,AND,all,OR,all,2000,1.0,2000
0.04004878748327878,-0.003781863643377989,ok,upper_bound_below_05,or_explicit_or_both_v1,target_trained_minus_source_trained,0,scores/903262760efd7e3561bbc1e7,second_given_first_1,llama,True,0.05,0.009033203125,scores/f47e874fef5e80284208b935,12,topic,AND,all,OR,animal_class,2000,1.0,2000
0.008622444255004705,-0.0001754165088636933,ok,upper_bound_below_05,or_explicit_or_both_v1,target_trained_minus_source_trained,0,scores/903262760efd7e3561bbc1e7,second_given_first_1,llama,True,0.05,0.00321494527273547,scores/f47e874fef5e80284208b935,12,topic,AND,all,OR,cities,2000,1.0,2000
0.023155381944444397,-0.022188934948979618,ok,upper_bound_below_05,or_explicit_or_both_v1,target_trained_minus_source_trained,0,scores/903262760efd7e3561bbc1e7,second_given_first_1,llama,True,0.05,-0.00347222222222221,scores/f47e874fef5e80284208b935,12,topic,AND,all,OR,element_symb,2000,1.0,2000
0.03656831199295054,-0.02268569711538462,ok,upper_bound_below_05,or_explicit_or_both_v1,target_trained_minus_source_trained,0,scores/903262760efd7e3561bbc1e7,second_given_first_1,llama,True,0.05,0.004477301124531485,scores/f47e874fef5e80284208b935,12,topic,AND,all,OR,inventors,2000,1.0,2000
0.11610084546858454,0.03243850777003822,ok,unresolved_crosses_05,or_explicit_or_both_v1,target_trained_minus_source_trained,0,scores/903262760efd7e3561bbc1e7,second_given_first_1,llama,True,0.05,0.07444852941176461,scores/f47e874fef5e80284208b935,12,topic,AND,all,OR,sp_en_trans,2000,1.0,2000
0.030782647793649996,0.0060799349009775325,ok,upper_bound_below_05,or_explicit_or_both_v1,target_trained_minus_source_trained,0,scores/903262760efd7e3561bbc1e7,second_given_first_1,llama,True,0.05,0.01754035134236198,scores/f47e874fef5e80284208b935,12,topic_macro,AND,all,OR,all,2000,1.0,2000
0.03433199714634872,0.01878335598274988,ok,upper_bound_below_05,D_bare,target_trained_minus_source_trained,0,scores/74ba67a14f5ab728979a6c21,first_marginal,llama,True,0.05,0.026555045458637183,scores/5e7dadc83bc5c73b8fb2eb1f,12,pooled,OR,all,AND,all,2000,1.0,2000
0.01967830457278297,0.0,ok,upper_bound_below_05,D_bare,target_trained_minus_source_trained,0,scores/74ba67a14f5ab728979a6c21,first_marginal,llama,True,0.05,0.00726318359375,scores/5e7dadc83bc5c73b8fb2eb1f,12,topic,OR,all,AND,animal_class,2000,1.0,2000
0.005239095798897477,0.0006938876758161211,ok,upper_bound_below_05,D_bare,target_trained_minus_source_trained,0,scores/74ba67a14f5ab728979a6c21,first_marginal,llama,True,0.05,0.0024365456510968553,scores/5e7dadc83bc5c73b8fb2eb1f,12,topic,OR,all,AND,cities,2000,1.0,2000
0.016473010485185784,0.0,ok,upper_bound_below_05,D_bare,target_trained_minus_source_trained,0,scores/74ba67a14f5ab728979a6c21,first_marginal,llama,True,0.05,0.002989969135802517,scores/5e7dadc83bc5c73b8fb2eb1f,12,topic,OR,all,AND,element_symb,2000,1.0,2000
0.05073979297397617,0.010664667038690493,ok,unresolved_crosses_05,D_bare,target_trained_minus_source_trained,0,scores/74ba67a14f5ab728979a6c21,first_marginal,llama,True,0.05,0.02959704289879217,scores/5e7dadc83bc5c73b8fb2eb1f,12,topic,OR,all,AND,inventors,2000,1.0,2000
0.0020643037584070706,0.0,ok,upper_bound_below_05,D_bare,target_trained_minus_source_trained,0,scores/74ba67a14f5ab728979a6c21,first_marginal,llama,True,0.05,0.0005271410034601853,scores/5e7dadc83bc5c73b8fb2eb1f,12,topic,OR,all,AND,sp_en_trans,2000,1.0,2000
0.01392776031648683,0.003994002335023977,ok,upper_bound_below_05,D_bare,target_trained_minus_source_trained,0,scores/74ba67a14f5ab728979a6c21,first_marginal,llama,True,0.05,0.008562776456580434,scores/5e7dadc83bc5c73b8fb2eb1f,12,topic_macro,OR,all,AND,all,2000,1.0,2000
0.004643776528498344,0.0004295075871893872,ok,upper_bound_below_05,D_bare,target_trained_minus_source_trained,0,scores/74ba67a14f5ab728979a6c21,second_marginal,llama,True,0.05,0.001973678570356907,scores/5e7dadc83bc5c73b8fb2eb1f,12,pooled,OR,all,AND,all,2000,1.0,2000
0.03167738557852536,-0.0016680440771350224,ok,upper_bound_below_05,D_bare,target_trained_minus_source_trained,0,scores/74ba67a14f5ab728979a6c21,second_marginal,llama,True,0.05,0.0054931640625,scores/5e7dadc83bc5c73b8fb2eb1f,12,topic,OR,all,AND,animal_class,2000,1.0,2000
0.002263469968435864,0.0,ok,upper_bound_below_05,D_bare,target_trained_minus_source_trained,0,scores/74ba67a14f5ab728979a6c21,second_marginal,llama,True,0.05,0.0005292554389442206,scores/5e7dadc83bc5c73b8fb2eb1f,12,topic,OR,all,AND,cities,2000,1.0,2000
0.0,0.0,ok,upper_bound_below_05,D_bare,target_trained_minus_source_trained,0,scores/74ba67a14f5ab728979a6c21,second_marginal,llama,True,0.05,0.0,scores/5e7dadc83bc5c73b8fb2eb1f,12,topic,OR,all,AND,element_symb,2000,1.0,2000
0.011292746720690184,0.0,ok,upper_bound_below_05,D_bare,target_trained_minus_source_trained,0,scores/74ba67a14f5ab728979a6c21,second_marginal,llama,True,0.05,0.0020824656393169105,scores/5e7dadc83bc5c73b8fb2eb1f,12,topic,OR,all,AND,inventors,2000,1.0,2000
0.00013313609467457965,0.0,ok,upper_bound_below_05,D_bare,target_trained_minus_source_trained,0,scores/74ba67a14f5ab728979a6c21,second_marginal,llama,True,0.05,1.3516435986127284e-05,scores/5e7dadc83bc5c73b8fb2eb1f,12,topic,OR,all,AND,sp_en_trans,2000,1.0,2000
0.006890150770123824,-0.0001020978625101615,ok,upper_bound_below_05,D_bare,target_trained_minus_source_trained,0,scores/74ba67a14f5ab728979a6c21,second_marginal,llama,True,0.05,0.0016236803153495405,scores/5e7dadc83bc5c73b8fb2eb1f,12,topic_macro,OR,all,AND,all,2000,1.0,2000
0.014439004046287136,0.0049091159993274874,ok,upper_bound_below_05,D_bare,target_trained_minus_source_trained,0,scores/74ba67a14f5ab728979a6c21,first_given_second_0,llama,True,0.05,0.009187102692368665,scores/5e7dadc83bc5c73b8fb2eb1f,12,pooled,OR,all,AND,all,2000,1.0,2000
0.02081431696244649,0.0,ok,upper_bound_below_05,D_bare,target_trained_minus_source_trained,0,scores/74ba67a14f5ab728979a6c21,first_given_second_0,llama,True,0.05,0.0048828125,scores/5e7dadc83bc5c73b8fb2eb1f,12,topic,OR,all,AND,animal_class,2000,1.0,2000
0.0002563484784642104,0.0,ok,upper_bound_below_05,D_bare,target_trained_minus_source_trained,0,scores/74ba67a14f5ab728979a6c21,first_given_second_0,llama,True,0.05,4.2227827575347376e-05,scores/5e7dadc83bc5c73b8fb2eb1f,12,topic,OR,all,AND,cities,2000,1.0,2000
0.0030867385981022464,0.0,ok,upper_bound_below_05,D_bare,target_trained_minus_source_trained,0,scores/74ba67a14f5ab728979a6c21,first_given_second_0,llama,True,0.05,0.00019290123456794372,scores/5e7dadc83bc5c73b8fb2eb1f,12,topic,OR,all,AND,element_symb,2000,1.0,2000
0.0335341444270015,-0.0012018877551020185,ok,upper_bound_below_05,D_bare,target_trained_minus_source_trained,0,scores/74ba67a14f5ab728979a6c21,first_given_second_0,llama,True,0.05,0.009266972094960413,scores/5e7dadc83bc5c73b8fb2eb1f,12,topic,OR,all,AND,inventors,2000,1.0,2000
0.005385726537459952,0.0,ok,upper_bound_below_05,D_bare,target_trained_minus_source_trained,0,scores/74ba67a14f5ab728979a6c21,first_given_second_0,llama,True,0.05,0.001351643598615948,scores/5e7dadc83bc5c73b8fb2eb1f,12,topic,OR,all,AND,sp_en_trans,2000,1.0,2000
0.008587712227202551,0.00017940416342286382,ok,upper_bound_below_05,D_bare,target_trained_minus_source_trained,0,scores/74ba67a14f5ab728979a6c21,first_given_second_0,llama,True,0.05,0.003147311451143886,scores/5e7dadc83bc5c73b8fb2eb1f,12,topic_macro,OR,all,AND,all,2000,1.0,2000
0.04665086759215744,0.022726359844505113,ok,upper_bound_below_05,D_bare,target_trained_minus_source_trained,0,scores/74ba67a14f5ab728979a6c21,first_given_second_1,llama,True,0.05,0.034105765809789634,scores/5e7dadc83bc5c73b8fb2eb1f,12,pooled,OR,all,AND,all,2000,1.0,2000
0.0,0.0,ok,upper_bound_below_05,D_bare,target_trained_minus_source_trained,0,scores/74ba67a14f5ab728979a6c21,first_given_second_1,llama,True,0.05,0.0,scores/5e7dadc83bc5c73b8fb2eb1f,12,topic,OR,all,AND,animal_class,2000,1.0,2000
0.0023866240217337944,2.1077852559589493e-05,ok,upper_bound_below_05,D_bare,target_trained_minus_source_trained,0,scores/74ba67a14f5ab728979a6c21,first_given_second_1,llama,True,0.05,0.0006925363722354305,scores/5e7dadc83bc5c73b8fb2eb1f,12,topic,OR,all,AND,cities,2000,1.0,2000
0.04398488562091504,0.0,ok,upper_bound_below_05,D_bare,target_trained_minus_source_trained,0,scores/74ba67a14f5ab728979a6c21,first_given_second_1,llama,True,0.05,0.00810185185185186,scores/5e7dadc83bc5c73b8fb2eb1f,12,topic,OR,all,AND,element_symb,2000,1.0,2000
0.045678672142158004,0.0005998720999405543,ok,upper_bound_below_05,D_bare,target_trained_minus_source_trained,0,scores/74ba67a14f5ab728979a6c21,first_given_second_1,llama,True,0.05,0.016659725114535617,scores/5e7dadc83bc5c73b8fb2eb1f,12,topic,OR,all,AND,inventors,2000,1.0,2000
0.0,0.0,ok,upper_bound_below_05,D_bare,target_trained_minus_source_trained,0,scores/74ba67a14f5ab728979a6c21,first_given_second_1,llama,True,0.05,0.0,scores/5e7dadc83bc5c73b8fb2eb1f,12,topic,OR,all,AND,sp_en_trans,2000,1.0,2000
0.013823490741632055,0.0003807796150178483,ok,upper_bound_below_05,D_bare,target_trained_minus_source_trained,0,scores/74ba67a14f5ab728979a6c21,first_given_second_1,llama,True,0.05,0.005090822667724537,scores/5e7dadc83bc5c73b8fb2eb1f,12,topic_macro,OR,all,AND,all,2000,1.0,2000
0.004725835855892281,-6.1820666726192225e-06,ok,upper_bound_below_05,D_bare,target_trained_minus_source_trained,0,scores/74ba67a14f5ab728979a6c21,second_given_first_0,llama,True,0.05,0.001176652135334355,scores/5e7dadc83bc5c73b8fb2eb1f,12,pooled,OR,all,AND,all,2000,1.0,2000
0.046310763888888794,-0.001303824802811998,ok,upper_bound_below_05,D_bare,target_trained_minus_source_trained,0,scores/74ba67a14f5ab728979a6c21,second_given_first_0,llama,True,0.05,0.005859375,scores/5e7dadc83bc5c73b8fb2eb1f,12,topic,OR,all,AND,animal_class,2000,1.0,2000
0.0009047071493057028,0.0,ok,upper_bound_below_05,D_bare,target_trained_minus_source_trained,0,scores/74ba67a14f5ab728979a6c21,second_given_first_0,llama,True,0.05,0.00014638980226111542,scores/5e7dadc83bc5c73b8fb2eb1f,12,topic,OR,all,AND,cities,2000,1.0,2000
0.0,0.0,ok,upper_bound_below_05,D_bare,target_trained_minus_source_trained,0,scores/74ba67a14f5ab728979a6c21,second_given_first_0,llama,True,0.05,0.0,scores/5e7dadc83bc5c73b8fb2eb1f,12,topic,OR,all,AND,element_symb,2000,1.0,2000
0.008007134364761142,0.0,ok,upper_bound_below_05,D_bare,target_trained_minus_source_trained,0,scores/74ba67a14f5ab728979a6c21,second_given_first_0,llama,True,0.05,0.0018742190753852084,scores/5e7dadc83bc5c73b8fb2eb1f,12,topic,OR,all,AND,inventors,2000,1.0,2000
0.0,0.0,ok,upper_bound_below_05,D_bare,target_trained_minus_source_trained,0,scores/74ba67a14f5ab728979a6c21,second_given_first_0,llama,True,0.05,0.0,scores/5e7dadc83bc5c73b8fb2eb1f,12,topic,OR,all,AND,sp_en_trans,2000,1.0,2000
0.009639392680986522,-9.686146957295361e-05,ok,upper_bound_below_05,D_bare,target_trained_minus_source_trained,0,scores/74ba67a14f5ab728979a6c21,second_given_first_0,llama,True,0.05,0.0015759967755293314,scores/5e7dadc83bc5c73b8fb2eb1f,12,topic_macro,OR,all,AND,all,2000,1.0,2000
0.005209516366054059,0.0002405746162769673,ok,upper_bound_below_05,D_bare,target_trained_minus_source_trained,0,scores/74ba67a14f5ab728979a6c21,second_given_first_1,llama,True,0.05,0.0019525138347714632,scores/5e7dadc83bc5c73b8fb2eb1f,12,pooled,OR,all,AND,all,2000,1.0,2000
0.0,0.0,ok,upper_bound_below_05,D_bare,target_trained_minus_source_trained,0,scores/74ba67a14f5ab728979a6c21,second_given_first_1,llama,True,0.05,0.0,scores/5e7dadc83bc5c73b8fb2eb1f,12,topic,OR,all,AND,animal_class,2000,1.0,2000
0.0015973498263684648,-2.394607344258226e-05,ok,upper_bound_below_05,D_bare,target_trained_minus_source_trained,0,scores/74ba67a14f5ab728979a6c21,second_given_first_1,llama,True,0.05,0.0003687896941578783,scores/5e7dadc83bc5c73b8fb2eb1f,12,topic,OR,all,AND,cities,2000,1.0,2000
0.0,0.0,ok,upper_bound_below_05,D_bare,target_trained_minus_source_trained,0,scores/74ba67a14f5ab728979a6c21,second_given_first_1,llama,True,0.05,0.0,scores/5e7dadc83bc5c73b8fb2eb1f,12,topic,OR,all,AND,element_symb,2000,1.0,2000
0.02006351790980177,0.0,ok,upper_bound_below_05,D_bare,target_trained_minus_source_trained,0,scores/74ba67a14f5ab728979a6c21,second_given_first_1,llama,True,0.05,0.002915451895043719,scores/5e7dadc83bc5c73b8fb2eb1f,12,topic,OR,all,AND,inventors,2000,1.0,2000
0.0,0.0,ok,upper_bound_below_05,D_bare,target_trained_minus_source_trained,0,scores/74ba67a14f5ab728979a6c21,second_given_first_1,llama,True,0.05,0.0,scores/5e7dadc83bc5c73b8fb2eb1f,12,topic,OR,all,AND,sp_en_trans,2000,1.0,2000
0.004070041943550236,-1.5424525453222592e-06,ok,upper_bound_below_05,D_bare,target_trained_minus_source_trained,0,scores/74ba67a14f5ab728979a6c21,second_given_first_1,llama,True,0.05,0.0006568483178401863,scores/5e7dadc83bc5c73b8fb2eb1f,12,topic_macro,OR,all,AND,all,2000,1.0,2000
0.020894221655240745,0.007683557812499358,ok,upper_bound_below_05,and_both_following_v1,target_trained_minus_source_trained,0,scores/0142d70ed19c3cfa25f6727b,first_marginal,llama,True,0.05,0.013998195371406341,scores/359ecf5cbe9043886992d873,12,pooled,OR,all,AND,all,2000,1.0,2000
0.05187561237730381,-0.005147376543209936,ok,unresolved_crosses_05,and_both_following_v1,target_trained_minus_source_trained,0,scores/0142d70ed19c3cfa25f6727b,first_marginal,llama,True,0.05,0.02008056640625,scores/359ecf5cbe9043886992d873,12,topic,OR,all,AND,animal_class,2000,1.0,2000
0.0074114335562826235,0.0010761183157698446,ok,upper_bound_below_05,and_both_following_v1,target_trained_minus_source_trained,0,scores/0142d70ed19c3cfa25f6727b,first_marginal,llama,True,0.05,0.003493648934732696,scores/359ecf5cbe9043886992d873,12,topic,OR,all,AND,cities,2000,1.0,2000
0.007669943634468859,0.0,ok,upper_bound_below_05,and_both_following_v1,target_trained_minus_source_trained,0,scores/0142d70ed19c3cfa25f6727b,first_marginal,llama,True,0.05,0.0017361111111111605,scores/359ecf5cbe9043886992d873,12,topic,OR,all,AND,element_symb,2000,1.0,2000
0.15703106690634974,0.0823188995194802,ok,material_deficit_lower_bound_above_05,and_both_following_v1,target_trained_minus_source_trained,0,scores/0142d70ed19c3cfa25f6727b,first_marginal,llama,True,0.05,0.11758121615993344,scores/359ecf5cbe9043886992d873,12,topic,OR,all,AND,inventors,2000,1.0,2000
0.053632260788478915,0.006920989990234403,ok,unresolved_crosses_05,and_both_following_v1,target_trained_minus_source_trained,0,scores/0142d70ed19c3cfa25f6727b,first_marginal,llama,True,0.05,0.02807363754325254,scores/359ecf5cbe9043886992d873,12,topic,OR,all,AND,sp_en_trans,2000,1.0,2000
0.04473523604392091,0.023841626080465937,ok,upper_bound_below_05,and_both_following_v1,target_trained_minus_source_trained,0,scores/0142d70ed19c3cfa25f6727b,first_marginal,llama,True,0.05,0.034193036031055946,scores/359ecf5cbe9043886992d873,12,topic_macro,OR,all,AND,all,2000,1.0,2000
0.0005621857074585871,-1.9529163907719417e-05,ok,upper_bound_below_05,and_both_following_v1,target_trained_minus_source_trained,0,scores/0142d70ed19c3cfa25f6727b,second_marginal,llama,True,0.05,0.0001433308042814163,scores/359ecf5cbe9043886992d873,12,pooled,OR,all,AND,all,2000,1.0,2000
0.002676210116924275,0.0,ok,upper_bound_below_05,and_both_following_v1,target_trained_minus_source_trained,0,scores/0142d70ed19c3cfa25f6727b,second_marginal,llama,True,0.05,0.0003662109375,scores/359ecf5cbe9043886992d873,12,topic,OR,all,AND,animal_class,2000,1.0,2000
7.86302454337249e-06,-7.695452904332434e-05,ok,upper_bound_below_05,and_both_following_v1,target_trained_minus_source_trained,0,scores/0142d70ed19c3cfa25f6727b,second_marginal,llama,True,0.05,-1.759492815645025e-05,scores/359ecf5cbe9043886992d873,12,topic,OR,all,AND,cities,2000,1.0,2000
0.0,0.0,ok,upper_bound_below_05,and_both_following_v1,target_trained_minus_source_trained,0,scores/0142d70ed19c3cfa25f6727b,second_marginal,llama,True,0.05,0.0,scores/359ecf5cbe9043886992d873,12,topic,OR,all,AND,element_symb,2000,1.0,2000
0.002539800818223428,0.0,ok,upper_bound_below_05,and_both_following_v1,target_trained_minus_source_trained,0,scores/0142d70ed19c3cfa25f6727b,second_marginal,llama,True,0.05,0.0005466472303207182,scores/359ecf5cbe9043886992d873,12,topic,OR,all,AND,inventors,2000,1.0,2000
0.0,0.0,ok,upper_bound_below_05,and_both_following_v1,target_trained_minus_source_trained,0,scores/0142d70ed19c3cfa25f6727b,second_marginal,llama,True,0.05,0.0,scores/359ecf5cbe9043886992d873,12,topic,OR,all,AND,sp_en_trans,2000,1.0,2000
0.0007730853163953217,-6.9743191113719185e-06,ok,upper_bound_below_05,and_both_following_v1,target_trained_minus_source_trained,0,scores/0142d70ed19c3cfa25f6727b,second_marginal,llama,True,0.05,0.00017905264793272035,scores/359ecf5cbe9043886992d873,12,topic_macro,OR,all,AND,all,2000,1.0,2000
0.008704908231183004,-0.0011880960500519234,ok,upper_bound_below_05,and_both_following_v1,target_trained_minus_source_trained,0,scores/0142d70ed19c3cfa25f6727b,first_given_second_0,llama,True,0.05,0.0025279803162601144,scores/359ecf5cbe9043886992d873,12,pooled,OR,all,AND,all,2000,1.0,2000
0.021920694282960368,-0.004161727713774205,ok,upper_bound_below_05,and_both_following_v1,target_trained_minus_source_trained,0,scores/0142d70ed19c3cfa25f6727b,first_given_second_0,llama,True,0.05,0.003662109375,scores/359ecf5cbe9043886992d873,12,topic,OR,all,AND,animal_class,2000,1.0,2000
0.008931094010772207,0.0,ok,upper_bound_below_05,and_both_following_v1,target_trained_minus_source_trained,0,scores/0142d70ed19c3cfa25f6727b,first_given_second_0,llama,True,0.05,0.001990338273050729,scores/359ecf5cbe9043886992d873,12,topic,OR,all,AND,cities,2000,1.0,2000
0.00624349635796051,0.0,ok,upper_bound_below_05,and_both_following_v1,target_trained_minus_source_trained,0,scores/0142d70ed19c3cfa25f6727b,first_given_second_0,llama,True,0.05,0.0011574074074074403,scores/359ecf5cbe9043886992d873,12,topic,OR,all,AND,element_symb,2000,1.0,2000
0.08987128155858416,0.0022458655369744147,ok,unresolved_crosses_05,and_both_following_v1,target_trained_minus_source_trained,0,scores/0142d70ed19c3cfa25f6727b,first_given_second_0,llama,True,0.05,0.032382340691378686,scores/359ecf5cbe9043886992d873,12,topic,OR,all,AND,inventors,2000,1.0,2000
0.061533979093690745,-0.001875276404786641,ok,unresolved_crosses_05,and_both_following_v1,target_trained_minus_source_trained,0,scores/0142d70ed19c3cfa25f6727b,first_given_second_0,llama,True,0.05,0.018382352941176405,scores/359ecf5cbe9043886992d873,12,topic,OR,all,AND,sp_en_trans,2000,1.0,2000
0.02555039269417695,0.0023452502192171376,ok,upper_bound_below_05,and_both_following_v1,target_trained_minus_source_trained,0,scores/0142d70ed19c3cfa25f6727b,first_given_second_0,llama,True,0.05,0.01151490973760283,scores/359ecf5cbe9043886992d873,12,topic_macro,OR,all,AND,all,2000,1.0,2000
0.014776403137119417,0.0017084024997798541,ok,upper_bound_below_05,and_both_following_v1,target_trained_minus_source_trained,0,scores/0142d70ed19c3cfa25f6727b,first_given_second_1,llama,True,0.05,0.007763975155279601,scores/359ecf5cbe9043886992d873,12,pooled,OR,all,AND,all,2000,1.0,2000
0.029297871492346934,-0.005350772889417321,ok,upper_bound_below_05,and_both_following_v1,target_trained_minus_source_trained,0,scores/0142d70ed19c3cfa25f6727b,first_given_second_1,llama,True,0.05,0.00341796875,scores/359ecf5cbe9043886992d873,12,topic,OR,all,AND,animal_class,2000,1.0,2000
0.006643407988234857,0.00018017556102843392,ok,upper_bound_below_05,and_both_following_v1,target_trained_minus_source_trained,0,scores/0142d70ed19c3cfa25f6727b,first_given_second_1,llama,True,0.05,0.002198662222422376,scores/359ecf5cbe9043886992d873,12,topic,OR,all,AND,cities,2000,1.0,2000
0.0,0.0,ok,upper_bound_below_05,and_both_following_v1,target_trained_minus_source_trained,0,scores/0142d70ed19c3cfa25f6727b,first_given_second_1,llama,True,0.05,0.0,scores/359ecf5cbe9043886992d873,12,topic,OR,all,AND,element_symb,2000,1.0,2000
0.059141875302769986,-0.03042423050892697,ok,unresolved_crosses_05,and_both_following_v1,target_trained_minus_source_trained,0,scores/0142d70ed19c3cfa25f6727b,first_given_second_1,llama,True,0.05,0.021657642648896358,scores/359ecf5cbe9043886992d873,12,topic,OR,all,AND,inventors,2000,1.0,2000
0.009700004409171117,-0.010401077097505675,ok,upper_bound_below_05,and_both_following_v1,target_trained_minus_source_trained,0,scores/0142d70ed19c3cfa25f6727b,first_given_second_1,llama,True,0.05,-0.0008650519031142556,scores/359ecf5cbe9043886992d873,12,topic,OR,all,AND,sp_en_trans,2000,1.0,2000
0.014664560459034212,-0.005651936207573901,ok,upper_bound_below_05,and_both_following_v1,target_trained_minus_source_trained,0,scores/0142d70ed19c3cfa25f6727b,first_given_second_1,llama,True,0.05,0.0052818443436409845,scores/359ecf5cbe9043886992d873,12,topic_macro,OR,all,AND,all,2000,1.0,2000
0.0008270548705453184,0.0,ok,upper_bound_below_05,and_both_following_v1,target_trained_minus_source_trained,0,scores/0142d70ed19c3cfa25f6727b,second_given_first_0,llama,True,0.05,0.0002196845972163297,scores/359ecf5cbe9043886992d873,12,pooled,OR,all,AND,all,2000,1.0,2000
0.01070484046769709,0.0,ok,upper_bound_below_05,and_both_following_v1,target_trained_minus_source_trained,0,scores/0142d70ed19c3cfa25f6727b,second_given_first_0,llama,True,0.05,0.00146484375,scores/359ecf5cbe9043886992d873,12,topic,OR,all,AND,animal_class,2000,1.0,2000
0.0,0.0,ok,upper_bound_below_05,and_both_following_v1,target_trained_minus_source_trained,0,scores/0142d70ed19c3cfa25f6727b,second_given_first_0,llama,True,0.05,0.0,scores/359ecf5cbe9043886992d873,12,topic,OR,all,AND,cities,2000,1.0,2000
0.0,0.0,ok,upper_bound_below_05,and_both_following_v1,target_trained_minus_source_trained,0,scores/0142d70ed19c3cfa25f6727b,second_given_first_0,llama,True,0.05,0.0,scores/359ecf5cbe9043886992d873,12,topic,OR,all,AND,element_symb,2000,1.0,2000
0.006349274950908754,0.0,ok,upper_bound_below_05,and_both_following_v1,target_trained_minus_source_trained,0,scores/0142d70ed19c3cfa25f6727b,second_given_first_0,llama,True,0.05,0.001249479383590213,scores/359ecf5cbe9043886992d873,12,topic,OR,all,AND,inventors,2000,1.0,2000
0.0,0.0,ok,upper_bound_below_05,and_both_following_v1,target_trained_minus_source_trained,0,scores/0142d70ed19c3cfa25f6727b,second_given_first_0,llama,True,0.05,0.0,scores/359ecf5cbe9043886992d873,12,topic,OR,all,AND,sp_en_trans,2000,1.0,2000
0.002576691947240985,0.0,ok,upper_bound_below_05,and_both_following_v1,target_trained_minus_source_trained,0,scores/0142d70ed19c3cfa25f6727b,second_given_first_0,llama,True,0.05,0.0005428646267180426,scores/359ecf5cbe9043886992d873,12,topic_macro,OR,all,AND,all,2000,1.0,2000
5.1453879984783484e-05,-3.101173579729555e-05,ok,upper_bound_below_05,and_both_following_v1,target_trained_minus_source_trained,0,scores/0142d70ed19c3cfa25f6727b,second_given_first_1,llama,True,0.05,6.429793089290925e-06,scores/359ecf5cbe9043886992d873,12,pooled,OR,all,AND,all,2000,1.0,2000
0.0,0.0,ok,upper_bound_below_05,and_both_following_v1,target_trained_minus_source_trained,0,scores/0142d70ed19c3cfa25f6727b,second_given_first_1,llama,True,0.05,0.0,scores/359ecf5cbe9043886992d873,12,topic,OR,all,AND,animal_class,2000,1.0,2000
0.0,-0.00011002983030949931,ok,upper_bound_below_05,and_both_following_v1,target_trained_minus_source_trained,0,scores/0142d70ed19c3cfa25f6727b,second_given_first_1,llama,True,0.05,-1.689113103009454e-05,scores/359ecf5cbe9043886992d873,12,topic,OR,all,AND,cities,2000,1.0,2000
0.0,0.0,ok,upper_bound_below_05,and_both_following_v1,target_trained_minus_source_trained,0,scores/0142d70ed19c3cfa25f6727b,second_given_first_1,llama,True,0.05,0.0,scores/359ecf5cbe9043886992d873,12,topic,OR,all,AND,element_symb,2000,1.0,2000
0.0,0.0,ok,upper_bound_below_05,and_both_following_v1,target_trained_minus_source_trained,0,scores/0142d70ed19c3cfa25f6727b,second_given_first_1,llama,True,0.05,0.0,scores/359ecf5cbe9043886992d873,12,topic,OR,all,AND,inventors,2000,1.0,2000
0.0,0.0,ok,upper_bound_below_05,and_both_following_v1,target_trained_minus_source_trained,0,scores/0142d70ed19c3cfa25f6727b,second_given_first_1,llama,True,0.05,0.0,scores/359ecf5cbe9043886992d873,12,topic,OR,all,AND,sp_en_trans,2000,1.0,2000
0.0,-2.2005966062055293e-05,ok,upper_bound_below_05,and_both_following_v1,target_trained_minus_source_trained,0,scores/0142d70ed19c3cfa25f6727b,second_given_first_1,llama,True,0.05,-3.3782262058856816e-06,scores/359ecf5cbe9043886992d873,12,topic_macro,OR,all,AND,all,2000,1.0,2000
