absolute_classification,absolute_planning_target,arm,ci_high,ci_low,ci_status,condition,evaluation_operator,invalid_replicates,metric,model,observations,point,saved_layer,scope,score_folder,source_operator,status,surface_order,target_operator,topic,total_replicates,trained_operator,valid_fraction,valid_replicates
lower_bound_at_least_90,0.9,source_on_source,1.0,0.9998008310786641,ok,D_bare,AND,0,first_marginal,llama,3864.0,0.9999606175173283,12,pooled,scores/74ba67a14f5ab728979a6c21,AND,defined,all,OR,all,2000,AND,1.0,2000
lower_bound_at_least_90,0.9,source_on_source,1.0,1.0,ok,D_bare,AND,0,first_marginal,llama,256.0,1.0,12,topic,scores/74ba67a14f5ab728979a6c21,AND,defined,all,OR,animal_class,2000,AND,1.0,2000
lower_bound_at_least_90,0.9,source_on_source,1.0,0.9999922380355762,ok,D_bare,AND,0,first_marginal,llama,2384.0,0.9999992962028738,12,topic,scores/74ba67a14f5ab728979a6c21,AND,defined,all,OR,cities,2000,AND,1.0,2000
lower_bound_at_least_90,0.9,source_on_source,1.0,1.0,ok,D_bare,AND,0,first_marginal,llama,288.0,1.0,12,topic,scores/74ba67a14f5ab728979a6c21,AND,defined,all,OR,element_symb,2000,AND,1.0,2000
lower_bound_at_least_90,0.9,source_on_source,1.0,0.9930533854166667,ok,D_bare,AND,0,first_marginal,llama,392.0,0.9991930445647647,12,topic,scores/74ba67a14f5ab728979a6c21,AND,defined,all,OR,inventors,2000,AND,1.0,2000
lower_bound_at_least_90,0.9,source_on_source,1.0,1.0,ok,D_bare,AND,0,first_marginal,llama,544.0,1.0,12,topic,scores/74ba67a14f5ab728979a6c21,AND,defined,all,OR,sp_en_trans,2000,AND,1.0,2000
lower_bound_at_least_90,0.9,source_on_source,1.0,0.9986106770833333,ok,D_bare,AND,0,first_marginal,llama,,0.9998384681535277,12,topic_macro,scores/74ba67a14f5ab728979a6c21,AND,defined,all,OR,all,2000,AND,1.0,2000
lower_bound_at_least_90,0.9,source_on_source,0.9999829009575,0.9991919724525957,ok,D_bare,AND,0,second_marginal,llama,3864.0,0.9997318240465688,12,pooled,scores/74ba67a14f5ab728979a6c21,AND,defined,all,OR,all,2000,AND,1.0,2000
lower_bound_at_least_90,0.9,source_on_source,1.0,0.9923084716796875,ok,D_bare,AND,0,second_marginal,llama,256.0,0.99835205078125,12,topic,scores/74ba67a14f5ab728979a6c21,AND,defined,all,OR,animal_class,2000,AND,1.0,2000
lower_bound_at_least_90,0.9,source_on_source,1.0,0.9988820891770818,ok,D_bare,AND,0,second_marginal,llama,2384.0,0.9997888608621234,12,topic,scores/74ba67a14f5ab728979a6c21,AND,defined,all,OR,cities,2000,AND,1.0,2000
lower_bound_at_least_90,0.9,source_on_source,1.0,1.0,ok,D_bare,AND,0,second_marginal,llama,288.0,1.0,12,topic,scores/74ba67a14f5ab728979a6c21,AND,defined,all,OR,element_symb,2000,AND,1.0,2000
lower_bound_at_least_90,0.9,source_on_source,1.0,0.9978727932790701,ok,D_bare,AND,0,second_marginal,llama,392.0,0.9996355685131195,12,topic,scores/74ba67a14f5ab728979a6c21,AND,defined,all,OR,inventors,2000,AND,1.0,2000
lower_bound_at_least_90,0.9,source_on_source,1.0,1.0,ok,D_bare,AND,0,second_marginal,llama,544.0,1.0,12,topic,scores/74ba67a14f5ab728979a6c21,AND,defined,all,OR,sp_en_trans,2000,AND,1.0,2000
lower_bound_at_least_90,0.9,source_on_source,0.999998784188232,0.9983288676543037,ok,D_bare,AND,0,second_marginal,llama,,0.9995552960312987,12,topic_macro,scores/74ba67a14f5ab728979a6c21,AND,defined,all,OR,all,2000,AND,1.0,2000
lower_bound_at_least_90,0.9,source_on_source,1.0,0.9997741794212222,ok,D_bare,AND,0,first_given_second_0,llama,1932.0,0.9999571347127383,12,pooled,scores/74ba67a14f5ab728979a6c21,AND,defined,all,OR,all,2000,AND,1.0,2000
lower_bound_at_least_90,0.9,source_on_source,1.0,1.0,ok,D_bare,AND,0,first_given_second_0,llama,128.0,1.0,12,topic,scores/74ba67a14f5ab728979a6c21,AND,defined,all,OR,animal_class,2000,AND,1.0,2000
lower_bound_at_least_90,0.9,source_on_source,1.0,1.0,ok,D_bare,AND,0,first_given_second_0,llama,1192.0,1.0,12,topic,scores/74ba67a14f5ab728979a6c21,AND,defined,all,OR,cities,2000,AND,1.0,2000
lower_bound_at_least_90,0.9,source_on_source,1.0,1.0,ok,D_bare,AND,0,first_given_second_0,llama,144.0,1.0,12,topic,scores/74ba67a14f5ab728979a6c21,AND,defined,all,OR,element_symb,2000,AND,1.0,2000
lower_bound_at_least_90,0.9,source_on_source,1.0,0.9931129476584022,ok,D_bare,AND,0,first_given_second_0,llama,196.0,0.9989587671803415,12,topic,scores/74ba67a14f5ab728979a6c21,AND,defined,all,OR,inventors,2000,AND,1.0,2000
lower_bound_at_least_90,0.9,source_on_source,1.0,1.0,ok,D_bare,AND,0,first_given_second_0,llama,272.0,1.0,12,topic,scores/74ba67a14f5ab728979a6c21,AND,defined,all,OR,sp_en_trans,2000,AND,1.0,2000
lower_bound_at_least_90,0.9,source_on_source,1.0,0.9986225895316805,ok,D_bare,AND,0,first_given_second_0,llama,,0.9997917534360683,12,topic_macro,scores/74ba67a14f5ab728979a6c21,AND,defined,all,OR,all,2000,AND,1.0,2000
lower_bound_at_least_90,0.9,source_on_source,1.0,0.9998086921906435,ok,D_bare,AND,0,first_given_second_1,llama,1932.0,0.9999657077701907,12,pooled,scores/74ba67a14f5ab728979a6c21,AND,defined,all,OR,all,2000,AND,1.0,2000
lower_bound_at_least_90,0.9,source_on_source,1.0,1.0,ok,D_bare,AND,0,first_given_second_1,llama,128.0,1.0,12,topic,scores/74ba67a14f5ab728979a6c21,AND,defined,all,OR,animal_class,2000,AND,1.0,2000
lower_bound_at_least_90,0.9,source_on_source,1.0,1.0,ok,D_bare,AND,0,first_given_second_1,llama,1192.0,1.0,12,topic,scores/74ba67a14f5ab728979a6c21,AND,defined,all,OR,cities,2000,AND,1.0,2000
lower_bound_at_least_90,0.9,source_on_source,1.0,1.0,ok,D_bare,AND,0,first_given_second_1,llama,144.0,1.0,12,topic,scores/74ba67a14f5ab728979a6c21,AND,defined,all,OR,element_symb,2000,AND,1.0,2000
lower_bound_at_least_90,0.9,source_on_source,1.0,0.9946492271105827,ok,D_bare,AND,0,first_given_second_1,llama,196.0,0.9993752603082049,12,topic,scores/74ba67a14f5ab728979a6c21,AND,defined,all,OR,inventors,2000,AND,1.0,2000
lower_bound_at_least_90,0.9,source_on_source,1.0,1.0,ok,D_bare,AND,0,first_given_second_1,llama,272.0,1.0,12,topic,scores/74ba67a14f5ab728979a6c21,AND,defined,all,OR,sp_en_trans,2000,AND,1.0,2000
lower_bound_at_least_90,0.9,source_on_source,1.0,0.9989298454221165,ok,D_bare,AND,0,first_given_second_1,llama,,0.999875052061641,12,topic_macro,scores/74ba67a14f5ab728979a6c21,AND,defined,all,OR,all,2000,AND,1.0,2000
lower_bound_at_least_90,0.9,source_on_source,1.0,0.9986224245025754,ok,D_bare,AND,0,second_given_first_0,llama,1932.0,0.999613140782463,12,pooled,scores/74ba67a14f5ab728979a6c21,AND,defined,all,OR,all,2000,AND,1.0,2000
lower_bound_at_least_90,0.9,source_on_source,1.0,0.9706055484693877,ok,D_bare,AND,0,second_given_first_0,llama,128.0,0.994873046875,12,topic,scores/74ba67a14f5ab728979a6c21,AND,defined,all,OR,animal_class,2000,AND,1.0,2000
lower_bound_at_least_90,0.9,source_on_source,1.0,0.9981075520415459,ok,D_bare,AND,0,second_given_first_0,llama,1192.0,0.9996790685104274,12,topic,scores/74ba67a14f5ab728979a6c21,AND,defined,all,OR,cities,2000,AND,1.0,2000
lower_bound_at_least_90,0.9,source_on_source,1.0,1.0,ok,D_bare,AND,0,second_given_first_0,llama,144.0,1.0,12,topic,scores/74ba67a14f5ab728979a6c21,AND,defined,all,OR,element_symb,2000,AND,1.0,2000
lower_bound_at_least_90,0.9,source_on_source,1.0,1.0,ok,D_bare,AND,0,second_given_first_0,llama,196.0,1.0,12,topic,scores/74ba67a14f5ab728979a6c21,AND,defined,all,OR,inventors,2000,AND,1.0,2000
lower_bound_at_least_90,0.9,source_on_source,1.0,1.0,ok,D_bare,AND,0,second_given_first_0,llama,272.0,1.0,12,topic,scores/74ba67a14f5ab728979a6c21,AND,defined,all,OR,sp_en_trans,2000,AND,1.0,2000
lower_bound_at_least_90,0.9,source_on_source,1.0,0.9940655459585087,ok,D_bare,AND,0,second_given_first_0,llama,,0.9989104230770856,12,topic_macro,scores/74ba67a14f5ab728979a6c21,AND,defined,all,OR,all,2000,AND,1.0,2000
lower_bound_at_least_90,0.9,source_on_source,1.0,0.9993532613490677,ok,D_bare,AND,0,second_given_first_1,llama,1932.0,0.9998510431267655,12,pooled,scores/74ba67a14f5ab728979a6c21,AND,defined,all,OR,all,2000,AND,1.0,2000
lower_bound_at_least_90,0.9,source_on_source,1.0,1.0,ok,D_bare,AND,0,second_given_first_1,llama,128.0,1.0,12,topic,scores/74ba67a14f5ab728979a6c21,AND,defined,all,OR,animal_class,2000,AND,1.0,2000
lower_bound_at_least_90,0.9,source_on_source,1.0,0.999712170404108,ok,D_bare,AND,0,second_given_first_1,llama,1192.0,0.9999296202873744,12,topic,scores/74ba67a14f5ab728979a6c21,AND,defined,all,OR,cities,2000,AND,1.0,2000
lower_bound_at_least_90,0.9,source_on_source,1.0,1.0,ok,D_bare,AND,0,second_given_first_1,llama,144.0,1.0,12,topic,scores/74ba67a14f5ab728979a6c21,AND,defined,all,OR,element_symb,2000,AND,1.0,2000
lower_bound_at_least_90,0.9,source_on_source,1.0,0.998520534162627,ok,D_bare,AND,0,second_given_first_1,llama,196.0,0.9997917534360683,12,topic,scores/74ba67a14f5ab728979a6c21,AND,defined,all,OR,inventors,2000,AND,1.0,2000
lower_bound_at_least_90,0.9,source_on_source,1.0,1.0,ok,D_bare,AND,0,second_given_first_1,llama,272.0,1.0,12,topic,scores/74ba67a14f5ab728979a6c21,AND,defined,all,OR,sp_en_trans,2000,AND,1.0,2000
lower_bound_at_least_90,0.9,source_on_source,1.0,0.9996880713134171,ok,D_bare,AND,0,second_given_first_1,llama,,0.9999442747446885,12,topic_macro,scores/74ba67a14f5ab728979a6c21,AND,defined,all,OR,all,2000,AND,1.0,2000
lower_bound_at_least_90,0.9,source_on_source,0.9964713877633838,0.9871117563060013,ok,and_both_following_v1,AND,0,first_marginal,llama,3864.0,0.9926989699471471,12,pooled,scores/0142d70ed19c3cfa25f6727b,AND,defined,all,OR,all,2000,AND,1.0,2000
lower_bound_at_least_90,0.9,source_on_source,1.0,0.9685184379375152,ok,and_both_following_v1,AND,0,first_marginal,llama,256.0,0.9932861328125,12,topic,scores/0142d70ed19c3cfa25f6727b,AND,defined,all,OR,animal_class,2000,AND,1.0,2000
lower_bound_at_least_90,0.9,source_on_source,0.9999976055237929,0.9958456147399668,ok,and_both_following_v1,AND,0,first_marginal,llama,2384.0,0.9990928055042566,12,topic,scores/0142d70ed19c3cfa25f6727b,AND,defined,all,OR,cities,2000,AND,1.0,2000
lower_bound_at_least_90,0.9,source_on_source,1.0,1.0,ok,and_both_following_v1,AND,0,first_marginal,llama,288.0,1.0,12,topic,scores/0142d70ed19c3cfa25f6727b,AND,defined,all,OR,element_symb,2000,AND,1.0,2000
lower_bound_at_least_90,0.9,source_on_source,0.9893547918590335,0.9258428595643139,ok,and_both_following_v1,AND,0,first_marginal,llama,392.0,0.9653009162848813,12,topic,scores/0142d70ed19c3cfa25f6727b,AND,defined,all,OR,inventors,2000,AND,1.0,2000
lower_bound_at_least_90,0.9,source_on_source,0.9970566364147325,0.9609459401081154,ok,and_both_following_v1,AND,0,first_marginal,llama,544.0,0.9835369809688581,12,topic,scores/0142d70ed19c3cfa25f6727b,AND,defined,all,OR,sp_en_trans,2000,AND,1.0,2000
lower_bound_at_least_90,0.9,source_on_source,0.9950147587706919,0.9783193645561101,ok,and_both_following_v1,AND,0,first_marginal,llama,,0.9882433671140992,12,topic_macro,scores/0142d70ed19c3cfa25f6727b,AND,defined,all,OR,all,2000,AND,1.0,2000
lower_bound_at_least_90,0.9,source_on_source,0.9999983457819602,0.9998727955701785,ok,and_both_following_v1,AND,0,second_marginal,llama,3864.0,0.9999592779771014,12,pooled,scores/0142d70ed19c3cfa25f6727b,AND,defined,all,OR,all,2000,AND,1.0,2000
lower_bound_at_least_90,0.9,source_on_source,1.0,0.9995539323645728,ok,and_both_following_v1,AND,0,second_marginal,llama,256.0,0.99993896484375,12,topic,scores/0142d70ed19c3cfa25f6727b,AND,defined,all,OR,animal_class,2000,AND,1.0,2000
lower_bound_at_least_90,0.9,source_on_source,1.0,0.9999011235433792,ok,and_both_following_v1,AND,0,second_marginal,llama,2384.0,0.9999739595063285,12,topic,scores/0142d70ed19c3cfa25f6727b,AND,defined,all,OR,cities,2000,AND,1.0,2000
lower_bound_at_least_90,0.9,source_on_source,1.0,1.0,ok,and_both_following_v1,AND,0,second_marginal,llama,288.0,1.0,12,topic,scores/0142d70ed19c3cfa25f6727b,AND,defined,all,OR,element_symb,2000,AND,1.0,2000
lower_bound_at_least_90,0.9,source_on_source,1.0,1.0,ok,and_both_following_v1,AND,0,second_marginal,llama,392.0,1.0,12,topic,scores/0142d70ed19c3cfa25f6727b,AND,defined,all,OR,inventors,2000,AND,1.0,2000
lower_bound_at_least_90,0.9,source_on_source,1.0,1.0,ok,and_both_following_v1,AND,0,second_marginal,llama,544.0,1.0,12,topic,scores/0142d70ed19c3cfa25f6727b,AND,defined,all,OR,sp_en_trans,2000,AND,1.0,2000
lower_bound_at_least_90,0.9,source_on_source,1.0,0.9999054684486924,ok,and_both_following_v1,AND,0,second_marginal,llama,,0.9999825848700157,12,topic_macro,scores/0142d70ed19c3cfa25f6727b,AND,defined,all,OR,all,2000,AND,1.0,2000
lower_bound_at_least_90,0.9,source_on_source,0.9990891682120593,0.9927014239861249,ok,and_both_following_v1,AND,0,first_given_second_0,llama,1932.0,0.9967572410186507,12,pooled,scores/0142d70ed19c3cfa25f6727b,AND,defined,all,OR,all,2000,AND,1.0,2000
lower_bound_at_least_90,0.9,source_on_source,1.0,0.9553964980512618,ok,and_both_following_v1,AND,0,first_given_second_0,llama,128.0,0.9921875,12,topic,scores/0142d70ed19c3cfa25f6727b,AND,defined,all,OR,animal_class,2000,AND,1.0,2000
lower_bound_at_least_90,0.9,source_on_source,1.0,0.9992748793863047,ok,and_both_following_v1,AND,0,first_given_second_0,llama,1192.0,0.9998958380253141,12,topic,scores/0142d70ed19c3cfa25f6727b,AND,defined,all,OR,cities,2000,AND,1.0,2000
lower_bound_at_least_90,0.9,source_on_source,1.0,1.0,ok,and_both_following_v1,AND,0,first_given_second_0,llama,144.0,1.0,12,topic,scores/0142d70ed19c3cfa25f6727b,AND,defined,all,OR,element_symb,2000,AND,1.0,2000
lower_bound_at_least_90,0.9,source_on_source,1.0,0.9730738766040774,ok,and_both_following_v1,AND,0,first_given_second_0,llama,196.0,0.994585589337776,12,topic,scores/0142d70ed19c3cfa25f6727b,AND,defined,all,OR,inventors,2000,AND,1.0,2000
lower_bound_at_least_90,0.9,source_on_source,1.0,0.9855175064471334,ok,and_both_following_v1,AND,0,first_given_second_0,llama,272.0,0.9961072664359861,12,topic,scores/0142d70ed19c3cfa25f6727b,AND,defined,all,OR,sp_en_trans,2000,AND,1.0,2000
lower_bound_at_least_90,0.9,source_on_source,0.9998264200600882,0.9880432250215269,ok,and_both_following_v1,AND,0,first_given_second_0,llama,,0.9965552387598153,12,topic_macro,scores/0142d70ed19c3cfa25f6727b,AND,defined,all,OR,all,2000,AND,1.0,2000
lower_bound_at_least_90,0.9,source_on_source,0.9976449147776056,0.9886867228120919,ok,and_both_following_v1,AND,0,first_given_second_1,llama,1932.0,0.9942164011162121,12,pooled,scores/0142d70ed19c3cfa25f6727b,AND,defined,all,OR,all,2000,AND,1.0,2000
lower_bound_at_least_90,0.9,source_on_source,1.0,0.9936218877551021,ok,and_both_following_v1,AND,0,first_given_second_1,llama,128.0,0.999267578125,12,topic,scores/0142d70ed19c3cfa25f6727b,AND,defined,all,OR,animal_class,2000,AND,1.0,2000
lower_bound_at_least_90,0.9,source_on_source,1.0,0.9994069520338235,ok,and_both_following_v1,AND,0,first_given_second_1,llama,1192.0,0.9999296202873744,12,topic,scores/0142d70ed19c3cfa25f6727b,AND,defined,all,OR,cities,2000,AND,1.0,2000
lower_bound_at_least_90,0.9,source_on_source,1.0,1.0,ok,and_both_following_v1,AND,0,first_given_second_1,llama,144.0,1.0,12,topic,scores/0142d70ed19c3cfa25f6727b,AND,defined,all,OR,element_symb,2000,AND,1.0,2000
point_at_least_90_bound_uncertain,0.9,source_on_source,0.9776914605933548,0.7875961131656805,ok,and_both_following_v1,AND,0,first_given_second_1,llama,196.0,0.9155560183256977,12,topic,scores/0142d70ed19c3cfa25f6727b,AND,defined,all,OR,inventors,2000,AND,1.0,2000
lower_bound_at_least_90,0.9,source_on_source,0.9998424700693131,0.9824615536834456,ok,and_both_following_v1,AND,0,first_given_second_1,llama,272.0,0.9936202422145328,12,topic,scores/0142d70ed19c3cfa25f6727b,AND,defined,all,OR,sp_en_trans,2000,AND,1.0,2000
lower_bound_at_least_90,0.9,source_on_source,0.9942864557759616,0.9560405147990444,ok,and_both_following_v1,AND,0,first_given_second_1,llama,,0.981674691790521,12,topic_macro,scores/0142d70ed19c3cfa25f6727b,AND,defined,all,OR,all,2000,AND,1.0,2000
lower_bound_at_least_90,0.9,source_on_source,1.0,0.9999080481857588,ok,and_both_following_v1,AND,0,second_given_first_0,llama,1932.0,0.9999828538850953,12,pooled,scores/0142d70ed19c3cfa25f6727b,AND,defined,all,OR,all,2000,AND,1.0,2000
lower_bound_at_least_90,0.9,source_on_source,1.0,0.9982157294582912,ok,and_both_following_v1,AND,0,second_given_first_0,llama,128.0,0.999755859375,12,topic,scores/0142d70ed19c3cfa25f6727b,AND,defined,all,OR,animal_class,2000,AND,1.0,2000
lower_bound_at_least_90,0.9,source_on_source,1.0,1.0,ok,and_both_following_v1,AND,0,second_given_first_0,llama,1192.0,1.0,12,topic,scores/0142d70ed19c3cfa25f6727b,AND,defined,all,OR,cities,2000,AND,1.0,2000
lower_bound_at_least_90,0.9,source_on_source,1.0,1.0,ok,and_both_following_v1,AND,0,second_given_first_0,llama,144.0,1.0,12,topic,scores/0142d70ed19c3cfa25f6727b,AND,defined,all,OR,element_symb,2000,AND,1.0,2000
lower_bound_at_least_90,0.9,source_on_source,1.0,1.0,ok,and_both_following_v1,AND,0,second_given_first_0,llama,196.0,1.0,12,topic,scores/0142d70ed19c3cfa25f6727b,AND,defined,all,OR,inventors,2000,AND,1.0,2000
lower_bound_at_least_90,0.9,source_on_source,1.0,1.0,ok,and_both_following_v1,AND,0,second_given_first_0,llama,272.0,1.0,12,topic,scores/0142d70ed19c3cfa25f6727b,AND,defined,all,OR,sp_en_trans,2000,AND,1.0,2000
lower_bound_at_least_90,0.9,source_on_source,1.0,0.9996431458916583,ok,and_both_following_v1,AND,0,second_given_first_0,llama,,0.999951171875,12,topic_macro,scores/0142d70ed19c3cfa25f6727b,AND,defined,all,OR,all,2000,AND,1.0,2000
lower_bound_at_least_90,0.9,source_on_source,1.0,0.9999305941142791,ok,and_both_following_v1,AND,0,second_given_first_1,llama,1932.0,0.9999871404138215,12,pooled,scores/0142d70ed19c3cfa25f6727b,AND,defined,all,OR,all,2000,AND,1.0,2000
lower_bound_at_least_90,0.9,source_on_source,1.0,1.0,ok,and_both_following_v1,AND,0,second_given_first_1,llama,128.0,1.0,12,topic,scores/0142d70ed19c3cfa25f6727b,AND,defined,all,OR,animal_class,2000,AND,1.0,2000
lower_bound_at_least_90,0.9,source_on_source,1.0,0.9998622575120533,ok,and_both_following_v1,AND,0,second_given_first_1,llama,1192.0,0.9999774784919598,12,topic,scores/0142d70ed19c3cfa25f6727b,AND,defined,all,OR,cities,2000,AND,1.0,2000
lower_bound_at_least_90,0.9,source_on_source,1.0,1.0,ok,and_both_following_v1,AND,0,second_given_first_1,llama,144.0,1.0,12,topic,scores/0142d70ed19c3cfa25f6727b,AND,defined,all,OR,element_symb,2000,AND,1.0,2000
lower_bound_at_least_90,0.9,source_on_source,1.0,1.0,ok,and_both_following_v1,AND,0,second_given_first_1,llama,196.0,1.0,12,topic,scores/0142d70ed19c3cfa25f6727b,AND,defined,all,OR,inventors,2000,AND,1.0,2000
lower_bound_at_least_90,0.9,source_on_source,1.0,1.0,ok,and_both_following_v1,AND,0,second_given_first_1,llama,272.0,1.0,12,topic,scores/0142d70ed19c3cfa25f6727b,AND,defined,all,OR,sp_en_trans,2000,AND,1.0,2000
lower_bound_at_least_90,0.9,source_on_source,1.0,0.9999724515024107,ok,and_both_following_v1,AND,0,second_given_first_1,llama,,0.9999954956983921,12,topic_macro,scores/0142d70ed19c3cfa25f6727b,AND,defined,all,OR,all,2000,AND,1.0,2000
lower_bound_at_least_90,0.9,source_on_target,0.9981274844074118,0.9924509821454371,ok,D_bare,OR,0,first_marginal,llama,3864.0,0.9956328309521666,12,pooled,scores/b417cda1cbc158996af98fcd,AND,defined,all,OR,all,2000,AND,1.0,2000
lower_bound_at_least_90,0.9,source_on_target,1.0,0.9965804091973224,ok,D_bare,OR,0,first_marginal,llama,256.0,0.9991455078125,12,topic,scores/b417cda1cbc158996af98fcd,AND,defined,all,OR,animal_class,2000,AND,1.0,2000
lower_bound_at_least_90,0.9,source_on_target,1.0,0.9998280111970316,ok,D_bare,OR,0,first_marginal,llama,2384.0,0.9999676253321922,12,topic,scores/b417cda1cbc158996af98fcd,AND,defined,all,OR,cities,2000,AND,1.0,2000
lower_bound_at_least_90,0.9,source_on_target,1.0,1.0,ok,D_bare,OR,0,first_marginal,llama,288.0,1.0,12,topic,scores/b417cda1cbc158996af98fcd,AND,defined,all,OR,element_symb,2000,AND,1.0,2000
lower_bound_at_least_90,0.9,source_on_target,0.9992713366859348,0.9702935206968476,ok,D_bare,OR,0,first_marginal,llama,392.0,0.9903685964181591,12,topic,scores/b417cda1cbc158996af98fcd,AND,defined,all,OR,inventors,2000,AND,1.0,2000
lower_bound_at_least_90,0.9,source_on_target,1.0,0.9998914188682868,ok,D_bare,OR,0,first_marginal,llama,544.0,0.9999864835640139,12,topic,scores/b417cda1cbc158996af98fcd,AND,defined,all,OR,sp_en_trans,2000,AND,1.0,2000
lower_bound_at_least_90,0.9,source_on_target,0.9997567620441776,0.9938381396550112,ok,D_bare,OR,0,first_marginal,llama,,0.9978936426253731,12,topic_macro,scores/b417cda1cbc158996af98fcd,AND,defined,all,OR,all,2000,AND,1.0,2000
lower_bound_at_least_90,0.9,source_on_target,0.9985204446442653,0.9929777432433499,ok,D_bare,OR,0,second_marginal,llama,3864.0,0.9963039406058579,12,pooled,scores/b417cda1cbc158996af98fcd,AND,defined,all,OR,all,2000,AND,1.0,2000
lower_bound_at_least_90,0.9,source_on_target,0.9997223186023861,0.9728998761767528,ok,D_bare,OR,0,second_marginal,llama,256.0,0.98931884765625,12,topic,scores/b417cda1cbc158996af98fcd,AND,defined,all,OR,animal_class,2000,AND,1.0,2000
lower_bound_at_least_90,0.9,source_on_target,0.9992226324128731,0.9906658018819978,ok,D_bare,OR,0,second_marginal,llama,2384.0,0.9959953943516058,12,topic,scores/b417cda1cbc158996af98fcd,AND,defined,all,OR,cities,2000,AND,1.0,2000
lower_bound_at_least_90,0.9,source_on_target,1.0,1.0,ok,D_bare,OR,0,second_marginal,llama,288.0,1.0,12,topic,scores/b417cda1cbc158996af98fcd,AND,defined,all,OR,element_symb,2000,AND,1.0,2000
lower_bound_at_least_90,0.9,source_on_target,0.9995675704619781,0.9835891431212983,ok,D_bare,OR,0,second_marginal,llama,392.0,0.9940129112869638,12,topic,scores/b417cda1cbc158996af98fcd,AND,defined,all,OR,inventors,2000,AND,1.0,2000
lower_bound_at_least_90,0.9,source_on_target,1.0,0.9989268212935213,ok,D_bare,OR,0,second_marginal,llama,544.0,0.9997567041522492,12,topic,scores/b417cda1cbc158996af98fcd,AND,defined,all,OR,sp_en_trans,2000,AND,1.0,2000
lower_bound_at_least_90,0.9,source_on_target,0.9987090248513322,0.9921786302163595,ok,D_bare,OR,0,second_marginal,llama,,0.9958167714894138,12,topic_macro,scores/b417cda1cbc158996af98fcd,AND,defined,all,OR,all,2000,AND,1.0,2000
lower_bound_at_least_90,0.9,source_on_target,0.9988128289439924,0.9937418748527058,ok,D_bare,OR,0,first_given_second_0,llama,1932.0,0.9966061408810531,12,pooled,scores/b417cda1cbc158996af98fcd,AND,defined,all,OR,all,2000,AND,1.0,2000
lower_bound_at_least_90,0.9,source_on_target,1.0,0.998046875,ok,D_bare,OR,0,first_given_second_0,llama,128.0,0.999755859375,12,topic,scores/b417cda1cbc158996af98fcd,AND,defined,all,OR,animal_class,2000,AND,1.0,2000
lower_bound_at_least_90,0.9,source_on_target,1.0,0.9997570319349479,ok,D_bare,OR,0,first_given_second_0,llama,1192.0,0.9999605873609297,12,topic,scores/b417cda1cbc158996af98fcd,AND,defined,all,OR,cities,2000,AND,1.0,2000
lower_bound_at_least_90,0.9,source_on_target,1.0,1.0,ok,D_bare,OR,0,first_given_second_0,llama,144.0,1.0,12,topic,scores/b417cda1cbc158996af98fcd,AND,defined,all,OR,element_symb,2000,AND,1.0,2000
lower_bound_at_least_90,0.9,source_on_target,1.0,0.9757768418350081,ok,D_bare,OR,0,first_given_second_0,llama,196.0,0.9928154935443565,12,topic,scores/b417cda1cbc158996af98fcd,AND,defined,all,OR,inventors,2000,AND,1.0,2000
lower_bound_at_least_90,0.9,source_on_target,1.0,1.0,ok,D_bare,OR,0,first_given_second_0,llama,272.0,1.0,12,topic,scores/b417cda1cbc158996af98fcd,AND,defined,all,OR,sp_en_trans,2000,AND,1.0,2000
lower_bound_at_least_90,0.9,source_on_target,1.0,0.9951322544631722,ok,D_bare,OR,0,first_given_second_0,llama,,0.9985063880560572,12,topic_macro,scores/b417cda1cbc158996af98fcd,AND,defined,all,OR,all,2000,AND,1.0,2000
lower_bound_at_least_90,0.9,source_on_target,0.9982820677311548,0.9913392843722085,ok,D_bare,OR,0,first_given_second_1,llama,1932.0,0.9953512595964662,12,pooled,scores/b417cda1cbc158996af98fcd,AND,defined,all,OR,all,2000,AND,1.0,2000
lower_bound_at_least_90,0.9,source_on_target,1.0,0.9958376690946931,ok,D_bare,OR,0,first_given_second_1,llama,128.0,0.999267578125,12,topic,scores/b417cda1cbc158996af98fcd,AND,defined,all,OR,animal_class,2000,AND,1.0,2000
lower_bound_at_least_90,0.9,source_on_target,1.0,0.9999363072803512,ok,D_bare,OR,0,first_given_second_1,llama,1192.0,0.999991554434485,12,topic,scores/b417cda1cbc158996af98fcd,AND,defined,all,OR,cities,2000,AND,1.0,2000
lower_bound_at_least_90,0.9,source_on_target,1.0,1.0,ok,D_bare,OR,0,first_given_second_1,llama,144.0,1.0,12,topic,scores/b417cda1cbc158996af98fcd,AND,defined,all,OR,element_symb,2000,AND,1.0,2000
lower_bound_at_least_90,0.9,source_on_target,1.0,0.9518624856830488,ok,D_bare,OR,0,first_given_second_1,llama,196.0,0.9865680966264057,12,topic,scores/b417cda1cbc158996af98fcd,AND,defined,all,OR,inventors,2000,AND,1.0,2000
lower_bound_at_least_90,0.9,source_on_target,1.0,1.0,ok,D_bare,OR,0,first_given_second_1,llama,272.0,1.0,12,topic,scores/b417cda1cbc158996af98fcd,AND,defined,all,OR,sp_en_trans,2000,AND,1.0,2000
lower_bound_at_least_90,0.9,source_on_target,0.999980228600821,0.990156587589403,ok,D_bare,OR,0,first_given_second_1,llama,,0.997165445837178,12,topic_macro,scores/b417cda1cbc158996af98fcd,AND,defined,all,OR,all,2000,AND,1.0,2000
lower_bound_at_least_90,0.9,source_on_target,0.9987506168296153,0.9937854385605275,ok,D_bare,OR,0,second_given_first_0,llama,1932.0,0.9967304502141121,12,pooled,scores/b417cda1cbc158996af98fcd,AND,defined,all,OR,all,2000,AND,1.0,2000
lower_bound_at_least_90,0.9,source_on_target,1.0,0.9416815931138027,ok,D_bare,OR,0,second_given_first_0,llama,128.0,0.9853515625,12,topic,scores/b417cda1cbc158996af98fcd,AND,defined,all,OR,animal_class,2000,AND,1.0,2000
lower_bound_at_least_90,0.9,source_on_target,0.9994816252606559,0.9938028524502912,ok,D_bare,OR,0,second_given_first_0,llama,1192.0,0.9973818746903292,12,topic,scores/b417cda1cbc158996af98fcd,AND,defined,all,OR,cities,2000,AND,1.0,2000
lower_bound_at_least_90,0.9,source_on_target,1.0,1.0,ok,D_bare,OR,0,second_given_first_0,llama,144.0,1.0,12,topic,scores/b417cda1cbc158996af98fcd,AND,defined,all,OR,element_symb,2000,AND,1.0,2000
lower_bound_at_least_90,0.9,source_on_target,1.0,0.9726480612558966,ok,D_bare,OR,0,second_given_first_0,llama,196.0,0.9896917950853811,12,topic,scores/b417cda1cbc158996af98fcd,AND,defined,all,OR,inventors,2000,AND,1.0,2000
lower_bound_at_least_90,0.9,source_on_target,1.0,1.0,ok,D_bare,OR,0,second_given_first_0,llama,272.0,1.0,12,topic,scores/b417cda1cbc158996af98fcd,AND,defined,all,OR,sp_en_trans,2000,AND,1.0,2000
lower_bound_at_least_90,0.9,source_on_target,0.999100605849978,0.9860009532902301,ok,D_bare,OR,0,second_given_first_0,llama,,0.9944850464551422,12,topic_macro,scores/b417cda1cbc158996af98fcd,AND,defined,all,OR,all,2000,AND,1.0,2000
lower_bound_at_least_90,0.9,source_on_target,0.9999262284804679,0.9950128884555143,ok,D_bare,OR,0,second_given_first_1,llama,1932.0,0.9987108264856037,12,pooled,scores/b417cda1cbc158996af98fcd,AND,defined,all,OR,all,2000,AND,1.0,2000
lower_bound_at_least_90,0.9,source_on_target,1.0,1.0,ok,D_bare,OR,0,second_given_first_1,llama,128.0,1.0,12,topic,scores/b417cda1cbc158996af98fcd,AND,defined,all,OR,animal_class,2000,AND,1.0,2000
lower_bound_at_least_90,0.9,source_on_target,0.9999717511912732,0.991613534705942,ok,D_bare,OR,0,second_given_first_1,llama,1192.0,0.9980040313499392,12,topic,scores/b417cda1cbc158996af98fcd,AND,defined,all,OR,cities,2000,AND,1.0,2000
lower_bound_at_least_90,0.9,source_on_target,1.0,1.0,ok,D_bare,OR,0,second_given_first_1,llama,144.0,1.0,12,topic,scores/b417cda1cbc158996af98fcd,AND,defined,all,OR,element_symb,2000,AND,1.0,2000
lower_bound_at_least_90,0.9,source_on_target,1.0,0.9971289631924198,ok,D_bare,OR,0,second_given_first_1,llama,196.0,0.9996876301541024,12,topic,scores/b417cda1cbc158996af98fcd,AND,defined,all,OR,inventors,2000,AND,1.0,2000
lower_bound_at_least_90,0.9,source_on_target,1.0,1.0,ok,D_bare,OR,0,second_given_first_1,llama,272.0,1.0,12,topic,scores/b417cda1cbc158996af98fcd,AND,defined,all,OR,sp_en_trans,2000,AND,1.0,2000
lower_bound_at_least_90,0.9,source_on_target,0.9999908318074779,0.9981553192456215,ok,D_bare,OR,0,second_given_first_1,llama,,0.9995383323008085,12,topic_macro,scores/b417cda1cbc158996af98fcd,AND,defined,all,OR,all,2000,AND,1.0,2000
lower_bound_at_least_90,0.9,source_on_target,0.9495448048594006,0.9228172864795259,ok,or_at_least_one_v1,OR,0,first_marginal,llama,3864.0,0.936454086990814,12,pooled,scores/e6b9f3a0ec0bcddbc3fef0bd,AND,defined,all,OR,all,2000,AND,1.0,2000
lower_bound_at_least_90,0.9,source_on_target,0.996413132314088,0.9402984248846598,ok,or_at_least_one_v1,OR,0,first_marginal,llama,256.0,0.9732666015625,12,topic,scores/e6b9f3a0ec0bcddbc3fef0bd,AND,defined,all,OR,animal_class,2000,AND,1.0,2000
lower_bound_at_least_90,0.9,source_on_target,0.9771712086934793,0.9471184092595818,ok,or_at_least_one_v1,OR,0,first_marginal,llama,2384.0,0.9643871616143417,12,topic,scores/e6b9f3a0ec0bcddbc3fef0bd,AND,defined,all,OR,cities,2000,AND,1.0,2000
lower_bound_at_least_90,0.9,source_on_target,1.0,0.9652000943282144,ok,or_at_least_one_v1,OR,0,first_marginal,llama,288.0,0.9864486882716049,12,topic,scores/e6b9f3a0ec0bcddbc3fef0bd,AND,defined,all,OR,element_symb,2000,AND,1.0,2000
point_at_least_90_bound_uncertain,0.9,source_on_target,0.9740669975414035,0.8616925154320988,ok,or_at_least_one_v1,OR,0,first_marginal,llama,392.0,0.9244064972927947,12,topic,scores/e6b9f3a0ec0bcddbc3fef0bd,AND,defined,all,OR,inventors,2000,AND,1.0,2000
lower_bound_at_least_90,0.9,source_on_target,0.9913174381886589,0.9403271071800209,ok,or_at_least_one_v1,OR,0,first_marginal,llama,544.0,0.9716830666089965,12,topic,scores/e6b9f3a0ec0bcddbc3fef0bd,AND,defined,all,OR,sp_en_trans,2000,AND,1.0,2000
lower_bound_at_least_90,0.9,source_on_target,0.9772232356489533,0.9482499120768538,ok,or_at_least_one_v1,OR,0,first_marginal,llama,,0.9640384030700476,12,topic_macro,scores/e6b9f3a0ec0bcddbc3fef0bd,AND,defined,all,OR,all,2000,AND,1.0,2000
lower_bound_at_least_90,0.9,source_on_target,0.9999870836744017,0.9994081958130148,ok,or_at_least_one_v1,OR,0,second_marginal,llama,3864.0,0.9998215732417731,12,pooled,scores/e6b9f3a0ec0bcddbc3fef0bd,AND,defined,all,OR,all,2000,AND,1.0,2000
lower_bound_at_least_90,0.9,source_on_target,1.0,0.9988904914529914,ok,or_at_least_one_v1,OR,0,second_marginal,llama,256.0,0.9998779296875,12,topic,scores/e6b9f3a0ec0bcddbc3fef0bd,AND,defined,all,OR,animal_class,2000,AND,1.0,2000
lower_bound_at_least_90,0.9,source_on_target,1.0,0.9990545205218215,ok,or_at_least_one_v1,OR,0,second_marginal,llama,2384.0,0.9997628203684519,12,topic,scores/e6b9f3a0ec0bcddbc3fef0bd,AND,defined,all,OR,cities,2000,AND,1.0,2000
lower_bound_at_least_90,0.9,source_on_target,1.0,1.0,ok,or_at_least_one_v1,OR,0,second_marginal,llama,288.0,1.0,12,topic,scores/e6b9f3a0ec0bcddbc3fef0bd,AND,defined,all,OR,element_symb,2000,AND,1.0,2000
lower_bound_at_least_90,0.9,source_on_target,1.0,0.9969804248229904,ok,or_at_least_one_v1,OR,0,second_marginal,llama,392.0,0.9990889212827988,12,topic,scores/e6b9f3a0ec0bcddbc3fef0bd,AND,defined,all,OR,inventors,2000,AND,1.0,2000
lower_bound_at_least_90,0.9,source_on_target,1.0,1.0,ok,or_at_least_one_v1,OR,0,second_marginal,llama,544.0,1.0,12,topic,scores/e6b9f3a0ec0bcddbc3fef0bd,AND,defined,all,OR,sp_en_trans,2000,AND,1.0,2000
lower_bound_at_least_90,0.9,source_on_target,0.9999869362559839,0.9992956020003818,ok,or_at_least_one_v1,OR,0,second_marginal,llama,,0.9997459342677502,12,topic_macro,scores/e6b9f3a0ec0bcddbc3fef0bd,AND,defined,all,OR,all,2000,AND,1.0,2000
lower_bound_at_least_90,0.9,source_on_target,0.992509292744066,0.9775405314217662,ok,or_at_least_one_v1,OR,0,first_given_second_0,llama,1932.0,0.9861255781455619,12,pooled,scores/e6b9f3a0ec0bcddbc3fef0bd,AND,defined,all,OR,all,2000,AND,1.0,2000
point_at_least_90_bound_uncertain,0.9,source_on_target,1.0,0.897919167881994,ok,or_at_least_one_v1,OR,0,first_given_second_0,llama,128.0,0.967041015625,12,topic,scores/e6b9f3a0ec0bcddbc3fef0bd,AND,defined,all,OR,animal_class,2000,AND,1.0,2000
lower_bound_at_least_90,0.9,source_on_target,0.9996985573357641,0.9953483250757783,ok,or_at_least_one_v1,OR,0,first_given_second_0,llama,1192.0,0.9983052565199766,12,topic,scores/e6b9f3a0ec0bcddbc3fef0bd,AND,defined,all,OR,cities,2000,AND,1.0,2000
lower_bound_at_least_90,0.9,source_on_target,1.0,0.9756718441814595,ok,or_at_least_one_v1,OR,0,first_given_second_0,llama,144.0,0.9945987654320988,12,topic,scores/e6b9f3a0ec0bcddbc3fef0bd,AND,defined,all,OR,element_symb,2000,AND,1.0,2000
lower_bound_at_least_90,0.9,source_on_target,1.0,0.9445376484396136,ok,or_at_least_one_v1,OR,0,first_given_second_0,llama,196.0,0.9874010828821325,12,topic,scores/e6b9f3a0ec0bcddbc3fef0bd,AND,defined,all,OR,inventors,2000,AND,1.0,2000
lower_bound_at_least_90,0.9,source_on_target,1.0,0.9832643000573817,ok,or_at_least_one_v1,OR,0,first_given_second_0,llama,272.0,0.9951881487889274,12,topic,scores/e6b9f3a0ec0bcddbc3fef0bd,AND,defined,all,OR,sp_en_trans,2000,AND,1.0,2000
lower_bound_at_least_90,0.9,source_on_target,0.9969692045775806,0.9720228475746082,ok,or_at_least_one_v1,OR,0,first_given_second_0,llama,,0.988506853849627,12,topic_macro,scores/e6b9f3a0ec0bcddbc3fef0bd,AND,defined,all,OR,all,2000,AND,1.0,2000
point_below_90,0.9,source_on_target,0.9163590536058238,0.8710020561803629,ok,or_at_least_one_v1,OR,0,first_given_second_1,llama,1932.0,0.8932236410632306,12,pooled,scores/e6b9f3a0ec0bcddbc3fef0bd,AND,defined,all,OR,all,2000,AND,1.0,2000
lower_bound_at_least_90,0.9,source_on_target,1.0,0.9644901982060184,ok,or_at_least_one_v1,OR,0,first_given_second_1,llama,128.0,0.98876953125,12,topic,scores/e6b9f3a0ec0bcddbc3fef0bd,AND,defined,all,OR,animal_class,2000,AND,1.0,2000
lower_bound_at_least_90,0.9,source_on_target,0.9738796976394356,0.933373570739145,ok,or_at_least_one_v1,OR,0,first_given_second_1,llama,1192.0,0.9549034953380479,12,topic,scores/e6b9f3a0ec0bcddbc3fef0bd,AND,defined,all,OR,cities,2000,AND,1.0,2000
lower_bound_at_least_90,0.9,source_on_target,1.0,0.9524757921870944,ok,or_at_least_one_v1,OR,0,first_given_second_1,llama,144.0,0.9839891975308642,12,topic,scores/e6b9f3a0ec0bcddbc3fef0bd,AND,defined,all,OR,element_symb,2000,AND,1.0,2000
point_below_90,0.9,source_on_target,0.9632435090070234,0.6411557858803149,ok,or_at_least_one_v1,OR,0,first_given_second_1,llama,196.0,0.8365264473136194,12,topic,scores/e6b9f3a0ec0bcddbc3fef0bd,AND,defined,all,OR,inventors,2000,AND,1.0,2000
lower_bound_at_least_90,0.9,source_on_target,0.9943723039847876,0.9370066786126865,ok,or_at_least_one_v1,OR,0,first_given_second_1,llama,272.0,0.9706423010380623,12,topic,scores/e6b9f3a0ec0bcddbc3fef0bd,AND,defined,all,OR,sp_en_trans,2000,AND,1.0,2000
lower_bound_at_least_90,0.9,source_on_target,0.9753961414255172,0.9057416565896362,ok,or_at_least_one_v1,OR,0,first_given_second_1,llama,,0.9469661944941187,12,topic_macro,scores/e6b9f3a0ec0bcddbc3fef0bd,AND,defined,all,OR,all,2000,AND,1.0,2000
lower_bound_at_least_90,0.9,source_on_target,1.0,0.9998197201213281,ok,or_at_least_one_v1,OR,0,second_given_first_0,llama,1932.0,0.9999582063449198,12,pooled,scores/e6b9f3a0ec0bcddbc3fef0bd,AND,defined,all,OR,all,2000,AND,1.0,2000
lower_bound_at_least_90,0.9,source_on_target,1.0,0.9966714743589743,ok,or_at_least_one_v1,OR,0,second_given_first_0,llama,128.0,0.999755859375,12,topic,scores/e6b9f3a0ec0bcddbc3fef0bd,AND,defined,all,OR,animal_class,2000,AND,1.0,2000
lower_bound_at_least_90,0.9,source_on_target,1.0,1.0,ok,or_at_least_one_v1,OR,0,second_given_first_0,llama,1192.0,1.0,12,topic,scores/e6b9f3a0ec0bcddbc3fef0bd,AND,defined,all,OR,cities,2000,AND,1.0,2000
lower_bound_at_least_90,0.9,source_on_target,1.0,1.0,ok,or_at_least_one_v1,OR,0,second_given_first_0,llama,144.0,1.0,12,topic,scores/e6b9f3a0ec0bcddbc3fef0bd,AND,defined,all,OR,element_symb,2000,AND,1.0,2000
lower_bound_at_least_90,0.9,source_on_target,1.0,0.9961993367346939,ok,or_at_least_one_v1,OR,0,second_given_first_0,llama,196.0,0.999271137026239,12,topic,scores/e6b9f3a0ec0bcddbc3fef0bd,AND,defined,all,OR,inventors,2000,AND,1.0,2000
lower_bound_at_least_90,0.9,source_on_target,1.0,1.0,ok,or_at_least_one_v1,OR,0,second_given_first_0,llama,272.0,1.0,12,topic,scores/e6b9f3a0ec0bcddbc3fef0bd,AND,defined,all,OR,sp_en_trans,2000,AND,1.0,2000
lower_bound_at_least_90,0.9,source_on_target,1.0,0.9989742384196908,ok,or_at_least_one_v1,OR,0,second_given_first_0,llama,,0.9998053992802479,12,topic_macro,scores/e6b9f3a0ec0bcddbc3fef0bd,AND,defined,all,OR,all,2000,AND,1.0,2000
lower_bound_at_least_90,0.9,source_on_target,1.0,0.999560924990863,ok,or_at_least_one_v1,OR,0,second_given_first_1,llama,1932.0,0.9998649743451256,12,pooled,scores/e6b9f3a0ec0bcddbc3fef0bd,AND,defined,all,OR,all,2000,AND,1.0,2000
lower_bound_at_least_90,0.9,source_on_target,1.0,1.0,ok,or_at_least_one_v1,OR,0,second_given_first_1,llama,128.0,1.0,12,topic,scores/e6b9f3a0ec0bcddbc3fef0bd,AND,defined,all,OR,animal_class,2000,AND,1.0,2000
lower_bound_at_least_90,0.9,source_on_target,1.0,0.9996989878204453,ok,or_at_least_one_v1,OR,0,second_given_first_1,llama,1192.0,0.9999352506643845,12,topic,scores/e6b9f3a0ec0bcddbc3fef0bd,AND,defined,all,OR,cities,2000,AND,1.0,2000
lower_bound_at_least_90,0.9,source_on_target,1.0,1.0,ok,or_at_least_one_v1,OR,0,second_given_first_1,llama,144.0,1.0,12,topic,scores/e6b9f3a0ec0bcddbc3fef0bd,AND,defined,all,OR,element_symb,2000,AND,1.0,2000
lower_bound_at_least_90,0.9,source_on_target,1.0,0.9962185780152799,ok,or_at_least_one_v1,OR,0,second_given_first_1,llama,196.0,0.999271137026239,12,topic,scores/e6b9f3a0ec0bcddbc3fef0bd,AND,defined,all,OR,inventors,2000,AND,1.0,2000
lower_bound_at_least_90,0.9,source_on_target,1.0,1.0,ok,or_at_least_one_v1,OR,0,second_given_first_1,llama,272.0,1.0,12,topic,scores/e6b9f3a0ec0bcddbc3fef0bd,AND,defined,all,OR,sp_en_trans,2000,AND,1.0,2000
lower_bound_at_least_90,0.9,source_on_target,1.0,0.9992387115776179,ok,or_at_least_one_v1,OR,0,second_given_first_1,llama,,0.9998412775381247,12,topic_macro,scores/e6b9f3a0ec0bcddbc3fef0bd,AND,defined,all,OR,all,2000,AND,1.0,2000
lower_bound_at_least_90,0.9,source_on_target,0.9781224780605692,0.9581314255013278,ok,or_explicit_or_both_v1,OR,0,first_marginal,llama,3864.0,0.9684554351040984,12,pooled,scores/f47e874fef5e80284208b935,AND,defined,all,OR,all,2000,AND,1.0,2000
lower_bound_at_least_90,0.9,source_on_target,1.0,0.9984391259105099,ok,or_explicit_or_both_v1,OR,0,first_marginal,llama,256.0,0.99969482421875,12,topic,scores/f47e874fef5e80284208b935,AND,defined,all,OR,animal_class,2000,AND,1.0,2000
lower_bound_at_least_90,0.9,source_on_target,0.9992155784129702,0.9957165712469076,ok,or_explicit_or_both_v1,OR,0,first_marginal,llama,2384.0,0.9978006339804514,12,topic,scores/f47e874fef5e80284208b935,AND,defined,all,OR,cities,2000,AND,1.0,2000
lower_bound_at_least_90,0.9,source_on_target,0.9884662882486979,0.9328179002994512,ok,or_explicit_or_both_v1,OR,0,first_marginal,llama,288.0,0.9615162037037037,12,topic,scores/f47e874fef5e80284208b935,AND,defined,all,OR,element_symb,2000,AND,1.0,2000
lower_bound_at_least_90,0.9,source_on_target,0.9801176377396141,0.9245840075034644,ok,or_explicit_or_both_v1,OR,0,first_marginal,llama,392.0,0.9559818825489379,12,topic,scores/f47e874fef5e80284208b935,AND,defined,all,OR,inventors,2000,AND,1.0,2000
lower_bound_at_least_90,0.9,source_on_target,0.9997728298407603,0.978711617927527,ok,or_explicit_or_both_v1,OR,0,first_marginal,llama,544.0,0.9924307958477508,12,topic,scores/f47e874fef5e80284208b935,AND,defined,all,OR,sp_en_trans,2000,AND,1.0,2000
lower_bound_at_least_90,0.9,source_on_target,0.9897173668669744,0.9736160339486979,ok,or_explicit_or_both_v1,OR,0,first_marginal,llama,,0.9814848680599187,12,topic_macro,scores/f47e874fef5e80284208b935,AND,defined,all,OR,all,2000,AND,1.0,2000
point_below_90,0.9,source_on_target,0.8946042732095754,0.8585463047437865,ok,or_explicit_or_both_v1,OR,0,second_marginal,llama,3864.0,0.8746573456099516,12,pooled,scores/f47e874fef5e80284208b935,AND,defined,all,OR,all,2000,AND,1.0,2000
lower_bound_at_least_90,0.9,source_on_target,0.9933129026690143,0.9114410489402373,ok,or_explicit_or_both_v1,OR,0,second_marginal,llama,256.0,0.94903564453125,12,topic,scores/f47e874fef5e80284208b935,AND,defined,all,OR,animal_class,2000,AND,1.0,2000
lower_bound_at_least_90,0.9,source_on_target,0.970788854249304,0.9438445999347043,ok,or_explicit_or_both_v1,OR,0,second_marginal,llama,2384.0,0.9582521620647718,12,topic,scores/f47e874fef5e80284208b935,AND,defined,all,OR,cities,2000,AND,1.0,2000
lower_bound_at_least_90,0.9,source_on_target,0.9974180229536527,0.9427459008487655,ok,or_explicit_or_both_v1,OR,0,second_marginal,llama,288.0,0.9736689814814815,12,topic,scores/f47e874fef5e80284208b935,AND,defined,all,OR,element_symb,2000,AND,1.0,2000
point_below_90,0.9,source_on_target,0.9354687711500416,0.8549341855873317,ok,or_explicit_or_both_v1,OR,0,second_marginal,llama,392.0,0.8932996668054977,12,topic,scores/f47e874fef5e80284208b935,AND,defined,all,OR,inventors,2000,AND,1.0,2000
point_below_90,0.9,source_on_target,0.8380709034209691,0.7410341392164788,ok,or_explicit_or_both_v1,OR,0,second_marginal,llama,544.0,0.7920496323529411,12,topic,scores/f47e874fef5e80284208b935,AND,defined,all,OR,sp_en_trans,2000,AND,1.0,2000
point_at_least_90_bound_uncertain,0.9,source_on_target,0.9310241522309715,0.8981475192476082,ok,or_explicit_or_both_v1,OR,0,second_marginal,llama,,0.9132612174471884,12,topic_macro,scores/f47e874fef5e80284208b935,AND,defined,all,OR,all,2000,AND,1.0,2000
lower_bound_at_least_90,0.9,source_on_target,0.9874828398383975,0.9614805596038379,ok,or_explicit_or_both_v1,OR,0,first_given_second_0,llama,1932.0,0.9763040692017197,12,pooled,scores/f47e874fef5e80284208b935,AND,defined,all,OR,all,2000,AND,1.0,2000
lower_bound_at_least_90,0.9,source_on_target,1.0,1.0,ok,or_explicit_or_both_v1,OR,0,first_given_second_0,llama,128.0,1.0,12,topic,scores/f47e874fef5e80284208b935,AND,defined,all,OR,animal_class,2000,AND,1.0,2000
lower_bound_at_least_90,0.9,source_on_target,1.0,0.9988328690234205,ok,or_explicit_or_both_v1,OR,0,first_given_second_0,llama,1192.0,0.9998170127471736,12,topic,scores/f47e874fef5e80284208b935,AND,defined,all,OR,cities,2000,AND,1.0,2000
lower_bound_at_least_90,0.9,source_on_target,1.0,0.9853058223289316,ok,or_explicit_or_both_v1,OR,0,first_given_second_0,llama,144.0,0.9971064814814815,12,topic,scores/f47e874fef5e80284208b935,AND,defined,all,OR,element_symb,2000,AND,1.0,2000
lower_bound_at_least_90,0.9,source_on_target,0.9980291923868313,0.920241611531191,ok,or_explicit_or_both_v1,OR,0,first_given_second_0,llama,196.0,0.9675135360266556,12,topic,scores/f47e874fef5e80284208b935,AND,defined,all,OR,inventors,2000,AND,1.0,2000
lower_bound_at_least_90,0.9,source_on_target,1.0,0.9719747514390372,ok,or_explicit_or_both_v1,OR,0,first_given_second_0,llama,272.0,0.9925929930795848,12,topic,scores/f47e874fef5e80284208b935,AND,defined,all,OR,sp_en_trans,2000,AND,1.0,2000
lower_bound_at_least_90,0.9,source_on_target,0.9984386582625673,0.9818132989795008,ok,or_explicit_or_both_v1,OR,0,first_given_second_0,llama,,0.991406004666979,12,topic_macro,scores/f47e874fef5e80284208b935,AND,defined,all,OR,all,2000,AND,1.0,2000
lower_bound_at_least_90,0.9,source_on_target,0.9889532384806372,0.9715271661258122,ok,or_explicit_or_both_v1,OR,0,first_given_second_1,llama,1932.0,0.980926018800715,12,pooled,scores/f47e874fef5e80284208b935,AND,defined,all,OR,all,2000,AND,1.0,2000
lower_bound_at_least_90,0.9,source_on_target,1.0,1.0,ok,or_explicit_or_both_v1,OR,0,first_given_second_1,llama,128.0,1.0,12,topic,scores/f47e874fef5e80284208b935,AND,defined,all,OR,animal_class,2000,AND,1.0,2000
lower_bound_at_least_90,0.9,source_on_target,0.9999556436357653,0.9982045943217716,ok,or_explicit_or_both_v1,OR,0,first_given_second_1,llama,1192.0,0.9994313319219855,12,topic,scores/f47e874fef5e80284208b935,AND,defined,all,OR,cities,2000,AND,1.0,2000
lower_bound_at_least_90,0.9,source_on_target,1.0,0.9958671962638218,ok,or_explicit_or_both_v1,OR,0,first_given_second_1,llama,144.0,0.9996141975308642,12,topic,scores/f47e874fef5e80284208b935,AND,defined,all,OR,element_symb,2000,AND,1.0,2000
lower_bound_at_least_90,0.9,source_on_target,0.9956262084234722,0.9393827971902854,ok,or_explicit_or_both_v1,OR,0,first_given_second_1,llama,196.0,0.9730320699708455,12,topic,scores/f47e874fef5e80284208b935,AND,defined,all,OR,inventors,2000,AND,1.0,2000
lower_bound_at_least_90,0.9,source_on_target,1.0,1.0,ok,or_explicit_or_both_v1,OR,0,first_given_second_1,llama,272.0,1.0,12,topic,scores/f47e874fef5e80284208b935,AND,defined,all,OR,sp_en_trans,2000,AND,1.0,2000
lower_bound_at_least_90,0.9,source_on_target,0.9989281538892252,0.9877454684557367,ok,or_explicit_or_both_v1,OR,0,first_given_second_1,llama,,0.9944155198847391,12,topic_macro,scores/f47e874fef5e80284208b935,AND,defined,all,OR,all,2000,AND,1.0,2000
point_below_90,0.9,source_on_target,0.8962826517691838,0.8466223186384825,ok,or_explicit_or_both_v1,OR,0,second_given_first_0,llama,1932.0,0.8709433363767687,12,pooled,scores/f47e874fef5e80284208b935,AND,defined,all,OR,all,2000,AND,1.0,2000
point_at_least_90_bound_uncertain,0.9,source_on_target,1.0,0.8541561385255648,ok,or_explicit_or_both_v1,OR,0,second_given_first_0,llama,128.0,0.954833984375,12,topic,scores/f47e874fef5e80284208b935,AND,defined,all,OR,animal_class,2000,AND,1.0,2000
lower_bound_at_least_90,0.9,source_on_target,0.9529164536427337,0.9072040215632786,ok,or_explicit_or_both_v1,OR,0,second_given_first_0,llama,1192.0,0.9305746362776451,12,topic,scores/f47e874fef5e80284208b935,AND,defined,all,OR,cities,2000,AND,1.0,2000
lower_bound_at_least_90,0.9,source_on_target,1.0,0.93964484274459,ok,or_explicit_or_both_v1,OR,0,second_given_first_0,llama,144.0,0.9743441358024691,12,topic,scores/f47e874fef5e80284208b935,AND,defined,all,OR,element_symb,2000,AND,1.0,2000
point_at_least_90_bound_uncertain,0.9,source_on_target,0.9663064629564757,0.8295278458766541,ok,or_explicit_or_both_v1,OR,0,second_given_first_0,llama,196.0,0.9018117451062058,12,topic,scores/f47e874fef5e80284208b935,AND,defined,all,OR,inventors,2000,AND,1.0,2000
point_below_90,0.9,source_on_target,0.9332967896191834,0.7902217687074831,ok,or_explicit_or_both_v1,OR,0,second_given_first_0,llama,272.0,0.8639165224913494,12,topic,scores/f47e874fef5e80284208b935,AND,defined,all,OR,sp_en_trans,2000,AND,1.0,2000
point_at_least_90_bound_uncertain,0.9,source_on_target,0.9509600347511361,0.8980727640951631,ok,or_explicit_or_both_v1,OR,0,second_given_first_0,llama,,0.925096204810534,12,topic_macro,scores/f47e874fef5e80284208b935,AND,defined,all,OR,all,2000,AND,1.0,2000
point_at_least_90_bound_uncertain,0.9,source_on_target,0.932967120616027,0.8940081457395666,ok,or_explicit_or_both_v1,OR,0,second_given_first_1,llama,1932.0,0.9117382302637501,12,pooled,scores/f47e874fef5e80284208b935,AND,defined,all,OR,all,2000,AND,1.0,2000
lower_bound_at_least_90,0.9,source_on_target,1.0,0.9327996159122085,ok,or_explicit_or_both_v1,OR,0,second_given_first_1,llama,128.0,0.980224609375,12,topic,scores/f47e874fef5e80284208b935,AND,defined,all,OR,animal_class,2000,AND,1.0,2000
lower_bound_at_least_90,0.9,source_on_target,0.9989651452110121,0.9825196966664876,ok,or_explicit_or_both_v1,OR,0,second_given_first_1,llama,1192.0,0.9933814918246926,12,topic,scores/f47e874fef5e80284208b935,AND,defined,all,OR,cities,2000,AND,1.0,2000
lower_bound_at_least_90,0.9,source_on_target,0.9997852373486159,0.9253759970990509,ok,or_explicit_or_both_v1,OR,0,second_given_first_1,llama,144.0,0.9728009259259259,12,topic,scores/f47e874fef5e80284208b935,AND,defined,all,OR,element_symb,2000,AND,1.0,2000
lower_bound_at_least_90,0.9,source_on_target,0.997800335276968,0.9507984461805555,ok,or_explicit_or_both_v1,OR,0,second_given_first_1,llama,196.0,0.9791753436068305,12,topic,scores/f47e874fef5e80284208b935,AND,defined,all,OR,inventors,2000,AND,1.0,2000
point_below_90,0.9,source_on_target,0.953838513741547,0.8468527346241231,ok,or_explicit_or_both_v1,OR,0,second_given_first_1,llama,272.0,0.8991673875432526,12,topic,scores/f47e874fef5e80284208b935,AND,defined,all,OR,sp_en_trans,2000,AND,1.0,2000
lower_bound_at_least_90,0.9,source_on_target,0.9807837720660099,0.9479638733562479,ok,or_explicit_or_both_v1,OR,0,second_given_first_1,llama,,0.9649499516551403,12,topic_macro,scores/f47e874fef5e80284208b935,AND,defined,all,OR,all,2000,AND,1.0,2000
lower_bound_at_least_90,0.9,target_on_target,1.0,0.9999677312823678,ok,D_bare,OR,0,first_marginal,llama,3864.0,0.9999946418390923,12,pooled,scores/21a5ceb2f9347d690740c6be,AND,defined,all,OR,all,2000,OR,1.0,2000
lower_bound_at_least_90,0.9,target_on_target,1.0,1.0,ok,D_bare,OR,0,first_marginal,llama,256.0,1.0,12,topic,scores/21a5ceb2f9347d690740c6be,AND,defined,all,OR,animal_class,2000,OR,1.0,2000
lower_bound_at_least_90,0.9,target_on_target,1.0,1.0,ok,D_bare,OR,0,first_marginal,llama,2384.0,1.0,12,topic,scores/21a5ceb2f9347d690740c6be,AND,defined,all,OR,cities,2000,OR,1.0,2000
lower_bound_at_least_90,0.9,target_on_target,1.0,1.0,ok,D_bare,OR,0,first_marginal,llama,288.0,1.0,12,topic,scores/21a5ceb2f9347d690740c6be,AND,defined,all,OR,element_symb,2000,OR,1.0,2000
lower_bound_at_least_90,0.9,target_on_target,1.0,0.998970944051161,ok,D_bare,OR,0,first_marginal,llama,392.0,0.9999219075385256,12,topic,scores/21a5ceb2f9347d690740c6be,AND,defined,all,OR,inventors,2000,OR,1.0,2000
lower_bound_at_least_90,0.9,target_on_target,1.0,0.999648350822855,ok,D_bare,OR,0,first_marginal,llama,544.0,0.9999594506920415,12,topic,scores/21a5ceb2f9347d690740c6be,AND,defined,all,OR,sp_en_trans,2000,OR,1.0,2000
lower_bound_at_least_90,0.9,target_on_target,1.0,0.999777690228871,ok,D_bare,OR,0,first_marginal,llama,,0.9999762716461135,12,topic_macro,scores/21a5ceb2f9347d690740c6be,AND,defined,all,OR,all,2000,OR,1.0,2000
lower_bound_at_least_90,0.9,target_on_target,0.9999643933702511,0.9980379906426973,ok,D_bare,OR,0,second_marginal,llama,3864.0,0.9994446266219154,12,pooled,scores/21a5ceb2f9347d690740c6be,AND,defined,all,OR,all,2000,OR,1.0,2000
lower_bound_at_least_90,0.9,target_on_target,1.0,0.9943744240487515,ok,D_bare,OR,0,second_marginal,llama,256.0,0.99859619140625,12,topic,scores/21a5ceb2f9347d690740c6be,AND,defined,all,OR,animal_class,2000,OR,1.0,2000
lower_bound_at_least_90,0.9,target_on_target,1.0,0.9967294938490981,ok,D_bare,OR,0,second_marginal,llama,2384.0,0.9991469978829782,12,topic,scores/21a5ceb2f9347d690740c6be,AND,defined,all,OR,cities,2000,OR,1.0,2000
lower_bound_at_least_90,0.9,target_on_target,1.0,1.0,ok,D_bare,OR,0,second_marginal,llama,288.0,1.0,12,topic,scores/21a5ceb2f9347d690740c6be,AND,defined,all,OR,element_symb,2000,OR,1.0,2000
lower_bound_at_least_90,0.9,target_on_target,1.0,0.9994855435669829,ok,D_bare,OR,0,second_marginal,llama,392.0,0.9999219075385256,12,topic,scores/21a5ceb2f9347d690740c6be,AND,defined,all,OR,inventors,2000,OR,1.0,2000
lower_bound_at_least_90,0.9,target_on_target,1.0,1.0,ok,D_bare,OR,0,second_marginal,llama,544.0,1.0,12,topic,scores/21a5ceb2f9347d690740c6be,AND,defined,all,OR,sp_en_trans,2000,OR,1.0,2000
lower_bound_at_least_90,0.9,target_on_target,0.9999963877580232,0.9986093819650046,ok,D_bare,OR,0,second_marginal,llama,,0.9995330193655508,12,topic_macro,scores/21a5ceb2f9347d690740c6be,AND,defined,all,OR,all,2000,OR,1.0,2000
lower_bound_at_least_90,0.9,target_on_target,1.0,0.9999198698616496,ok,D_bare,OR,0,first_given_second_0,llama,1932.0,0.99998606878164,12,pooled,scores/21a5ceb2f9347d690740c6be,AND,defined,all,OR,all,2000,OR,1.0,2000
lower_bound_at_least_90,0.9,target_on_target,1.0,1.0,ok,D_bare,OR,0,first_given_second_0,llama,128.0,1.0,12,topic,scores/21a5ceb2f9347d690740c6be,AND,defined,all,OR,animal_class,2000,OR,1.0,2000
lower_bound_at_least_90,0.9,target_on_target,1.0,1.0,ok,D_bare,OR,0,first_given_second_0,llama,1192.0,1.0,12,topic,scores/21a5ceb2f9347d690740c6be,AND,defined,all,OR,cities,2000,OR,1.0,2000
lower_bound_at_least_90,0.9,target_on_target,1.0,1.0,ok,D_bare,OR,0,first_given_second_0,llama,144.0,1.0,12,topic,scores/21a5ceb2f9347d690740c6be,AND,defined,all,OR,element_symb,2000,OR,1.0,2000
lower_bound_at_least_90,0.9,target_on_target,1.0,0.998109068178311,ok,D_bare,OR,0,first_given_second_0,llama,196.0,0.9998958767180341,12,topic,scores/21a5ceb2f9347d690740c6be,AND,defined,all,OR,inventors,2000,OR,1.0,2000
lower_bound_at_least_90,0.9,target_on_target,1.0,0.9985934032914201,ok,D_bare,OR,0,first_given_second_0,llama,272.0,0.9998378027681661,12,topic,scores/21a5ceb2f9347d690740c6be,AND,defined,all,OR,sp_en_trans,2000,OR,1.0,2000
lower_bound_at_least_90,0.9,target_on_target,1.0,0.9995088447395751,ok,D_bare,OR,0,first_given_second_0,llama,,0.9999467358972401,12,topic_macro,scores/21a5ceb2f9347d690740c6be,AND,defined,all,OR,all,2000,OR,1.0,2000
lower_bound_at_least_90,0.9,target_on_target,1.0,1.0,ok,D_bare,OR,0,first_given_second_1,llama,1932.0,1.0,12,pooled,scores/21a5ceb2f9347d690740c6be,AND,defined,all,OR,all,2000,OR,1.0,2000
lower_bound_at_least_90,0.9,target_on_target,1.0,1.0,ok,D_bare,OR,0,first_given_second_1,llama,128.0,1.0,12,topic,scores/21a5ceb2f9347d690740c6be,AND,defined,all,OR,animal_class,2000,OR,1.0,2000
lower_bound_at_least_90,0.9,target_on_target,1.0,1.0,ok,D_bare,OR,0,first_given_second_1,llama,1192.0,1.0,12,topic,scores/21a5ceb2f9347d690740c6be,AND,defined,all,OR,cities,2000,OR,1.0,2000
lower_bound_at_least_90,0.9,target_on_target,1.0,1.0,ok,D_bare,OR,0,first_given_second_1,llama,144.0,1.0,12,topic,scores/21a5ceb2f9347d690740c6be,AND,defined,all,OR,element_symb,2000,OR,1.0,2000
lower_bound_at_least_90,0.9,target_on_target,1.0,1.0,ok,D_bare,OR,0,first_given_second_1,llama,196.0,1.0,12,topic,scores/21a5ceb2f9347d690740c6be,AND,defined,all,OR,inventors,2000,OR,1.0,2000
lower_bound_at_least_90,0.9,target_on_target,1.0,1.0,ok,D_bare,OR,0,first_given_second_1,llama,272.0,1.0,12,topic,scores/21a5ceb2f9347d690740c6be,AND,defined,all,OR,sp_en_trans,2000,OR,1.0,2000
lower_bound_at_least_90,0.9,target_on_target,1.0,1.0,ok,D_bare,OR,0,first_given_second_1,llama,,1.0,12,topic_macro,scores/21a5ceb2f9347d690740c6be,AND,defined,all,OR,all,2000,OR,1.0,2000
lower_bound_at_least_90,0.9,target_on_target,1.0,0.9978054398608267,ok,D_bare,OR,0,second_given_first_0,llama,1932.0,0.9993870263921574,12,pooled,scores/21a5ceb2f9347d690740c6be,AND,defined,all,OR,all,2000,OR,1.0,2000
lower_bound_at_least_90,0.9,target_on_target,1.0,0.9795997959183673,ok,D_bare,OR,0,second_given_first_0,llama,128.0,0.99560546875,12,topic,scores/21a5ceb2f9347d690740c6be,AND,defined,all,OR,animal_class,2000,OR,1.0,2000
lower_bound_at_least_90,0.9,target_on_target,1.0,0.997050521503025,ok,D_bare,OR,0,second_given_first_0,llama,1192.0,0.999242714292149,12,topic,scores/21a5ceb2f9347d690740c6be,AND,defined,all,OR,cities,2000,OR,1.0,2000
lower_bound_at_least_90,0.9,target_on_target,1.0,1.0,ok,D_bare,OR,0,second_given_first_0,llama,144.0,1.0,12,topic,scores/21a5ceb2f9347d690740c6be,AND,defined,all,OR,element_symb,2000,OR,1.0,2000
lower_bound_at_least_90,0.9,target_on_target,1.0,1.0,ok,D_bare,OR,0,second_given_first_0,llama,196.0,1.0,12,topic,scores/21a5ceb2f9347d690740c6be,AND,defined,all,OR,inventors,2000,OR,1.0,2000
lower_bound_at_least_90,0.9,target_on_target,1.0,1.0,ok,D_bare,OR,0,second_given_first_0,llama,272.0,1.0,12,topic,scores/21a5ceb2f9347d690740c6be,AND,defined,all,OR,sp_en_trans,2000,OR,1.0,2000
lower_bound_at_least_90,0.9,target_on_target,1.0,0.9957387696719314,ok,D_bare,OR,0,second_given_first_0,llama,,0.9989696366084297,12,topic_macro,scores/21a5ceb2f9347d690740c6be,AND,defined,all,OR,all,2000,OR,1.0,2000
lower_bound_at_least_90,0.9,target_on_target,1.0,0.9977147802283628,ok,D_bare,OR,0,second_given_first_1,llama,1932.0,0.9995413414262996,12,pooled,scores/21a5ceb2f9347d690740c6be,AND,defined,all,OR,all,2000,OR,1.0,2000
lower_bound_at_least_90,0.9,target_on_target,1.0,1.0,ok,D_bare,OR,0,second_given_first_1,llama,128.0,1.0,12,topic,scores/21a5ceb2f9347d690740c6be,AND,defined,all,OR,animal_class,2000,OR,1.0,2000
lower_bound_at_least_90,0.9,target_on_target,1.0,0.9953804547950589,ok,D_bare,OR,0,second_given_first_1,llama,1192.0,0.9990456510967974,12,topic,scores/21a5ceb2f9347d690740c6be,AND,defined,all,OR,cities,2000,OR,1.0,2000
lower_bound_at_least_90,0.9,target_on_target,1.0,1.0,ok,D_bare,OR,0,second_given_first_1,llama,144.0,1.0,12,topic,scores/21a5ceb2f9347d690740c6be,AND,defined,all,OR,element_symb,2000,OR,1.0,2000
lower_bound_at_least_90,0.9,target_on_target,1.0,1.0,ok,D_bare,OR,0,second_given_first_1,llama,196.0,1.0,12,topic,scores/21a5ceb2f9347d690740c6be,AND,defined,all,OR,inventors,2000,OR,1.0,2000
lower_bound_at_least_90,0.9,target_on_target,1.0,1.0,ok,D_bare,OR,0,second_given_first_1,llama,272.0,1.0,12,topic,scores/21a5ceb2f9347d690740c6be,AND,defined,all,OR,sp_en_trans,2000,OR,1.0,2000
lower_bound_at_least_90,0.9,target_on_target,1.0,0.9990760909590117,ok,D_bare,OR,0,second_given_first_1,llama,,0.9998091302193595,12,topic_macro,scores/21a5ceb2f9347d690740c6be,AND,defined,all,OR,all,2000,OR,1.0,2000
lower_bound_at_least_90,0.9,target_on_target,0.9550318699096989,0.9299611701714778,ok,or_at_least_one_v1,OR,0,first_marginal,llama,3864.0,0.9433803136881722,12,pooled,scores/b0c672e2b99cc3acdf8b44e3,AND,defined,all,OR,all,2000,OR,1.0,2000
point_at_least_90_bound_uncertain,0.9,target_on_target,0.9544263942307692,0.8624015199829932,ok,or_at_least_one_v1,OR,0,first_marginal,llama,256.0,0.90728759765625,12,topic,scores/b0c672e2b99cc3acdf8b44e3,AND,defined,all,OR,animal_class,2000,OR,1.0,2000
lower_bound_at_least_90,0.9,target_on_target,0.9800860193798192,0.9588005465988982,ok,or_at_least_one_v1,OR,0,first_marginal,llama,2384.0,0.970391254898428,12,topic,scores/b0c672e2b99cc3acdf8b44e3,AND,defined,all,OR,cities,2000,OR,1.0,2000
lower_bound_at_least_90,0.9,target_on_target,0.9974050042484798,0.961326112801276,ok,or_at_least_one_v1,OR,0,first_marginal,llama,288.0,0.9841338734567902,12,topic,scores/b0c672e2b99cc3acdf8b44e3,AND,defined,all,OR,element_symb,2000,OR,1.0,2000
point_below_90,0.9,target_on_target,0.9373505335293839,0.8078501762732985,ok,or_at_least_one_v1,OR,0,first_marginal,llama,392.0,0.880466472303207,12,topic,scores/b0c672e2b99cc3acdf8b44e3,AND,defined,all,OR,inventors,2000,OR,1.0,2000
lower_bound_at_least_90,0.9,target_on_target,0.9905774587796681,0.9237422884946854,ok,or_at_least_one_v1,OR,0,first_marginal,llama,544.0,0.9645599048442907,12,topic,scores/b0c672e2b99cc3acdf8b44e3,AND,defined,all,OR,sp_en_trans,2000,OR,1.0,2000
lower_bound_at_least_90,0.9,target_on_target,0.9579493897559274,0.9230671077873918,ok,or_at_least_one_v1,OR,0,first_marginal,llama,,0.9413678206317933,12,topic_macro,scores/b0c672e2b99cc3acdf8b44e3,AND,defined,all,OR,all,2000,OR,1.0,2000
lower_bound_at_least_90,0.9,target_on_target,0.9999967390122169,0.9997675864908289,ok,or_at_least_one_v1,OR,0,second_marginal,llama,3864.0,0.9999252536553374,12,pooled,scores/b0c672e2b99cc3acdf8b44e3,AND,defined,all,OR,all,2000,OR,1.0,2000
lower_bound_at_least_90,0.9,target_on_target,1.0,1.0,ok,or_at_least_one_v1,OR,0,second_marginal,llama,256.0,1.0,12,topic,scores/b0c672e2b99cc3acdf8b44e3,AND,defined,all,OR,animal_class,2000,OR,1.0,2000
lower_bound_at_least_90,0.9,target_on_target,1.0,0.9998930382803924,ok,or_at_least_one_v1,OR,0,second_marginal,llama,2384.0,0.9999753671005811,12,topic,scores/b0c672e2b99cc3acdf8b44e3,AND,defined,all,OR,cities,2000,OR,1.0,2000
lower_bound_at_least_90,0.9,target_on_target,1.0,1.0,ok,or_at_least_one_v1,OR,0,second_marginal,llama,288.0,1.0,12,topic,scores/b0c672e2b99cc3acdf8b44e3,AND,defined,all,OR,element_symb,2000,OR,1.0,2000
lower_bound_at_least_90,0.9,target_on_target,1.0,0.9997769661822864,ok,or_at_least_one_v1,OR,0,second_marginal,llama,392.0,0.9999739691795085,12,topic,scores/b0c672e2b99cc3acdf8b44e3,AND,defined,all,OR,inventors,2000,OR,1.0,2000
lower_bound_at_least_90,0.9,target_on_target,1.0,1.0,ok,or_at_least_one_v1,OR,0,second_marginal,llama,544.0,1.0,12,topic,scores/b0c672e2b99cc3acdf8b44e3,AND,defined,all,OR,sp_en_trans,2000,OR,1.0,2000
lower_bound_at_least_90,0.9,target_on_target,1.0,0.9999478894237658,ok,or_at_least_one_v1,OR,0,second_marginal,llama,,0.9999898672560178,12,topic_macro,scores/b0c672e2b99cc3acdf8b44e3,AND,defined,all,OR,all,2000,OR,1.0,2000
lower_bound_at_least_90,0.9,target_on_target,0.9920328968652983,0.9727636558104379,ok,or_at_least_one_v1,OR,0,first_given_second_0,llama,1932.0,0.9839501648170296,12,pooled,scores/b0c672e2b99cc3acdf8b44e3,AND,defined,all,OR,all,2000,OR,1.0,2000
lower_bound_at_least_90,0.9,target_on_target,1.0,0.9188767361111111,ok,or_at_least_one_v1,OR,0,first_given_second_0,llama,128.0,0.97998046875,12,topic,scores/b0c672e2b99cc3acdf8b44e3,AND,defined,all,OR,animal_class,2000,OR,1.0,2000
lower_bound_at_least_90,0.9,target_on_target,0.999408830798178,0.9936945719027513,ok,or_at_least_one_v1,OR,0,first_given_second_0,llama,1192.0,0.9973931354443494,12,topic,scores/b0c672e2b99cc3acdf8b44e3,AND,defined,all,OR,cities,2000,OR,1.0,2000
lower_bound_at_least_90,0.9,target_on_target,1.0,0.9663040102918995,ok,or_at_least_one_v1,OR,0,first_given_second_0,llama,144.0,0.9897762345679012,12,topic,scores/b0c672e2b99cc3acdf8b44e3,AND,defined,all,OR,element_symb,2000,OR,1.0,2000
point_at_least_90_bound_uncertain,0.9,target_on_target,0.9988688228428082,0.8993422134244619,ok,or_at_least_one_v1,OR,0,first_given_second_0,llama,196.0,0.9678259058725531,12,topic,scores/b0c672e2b99cc3acdf8b44e3,AND,defined,all,OR,inventors,2000,OR,1.0,2000
lower_bound_at_least_90,0.9,target_on_target,0.9998471743839736,0.9268455656045227,ok,or_at_least_one_v1,OR,0,first_given_second_0,llama,272.0,0.9752378892733564,12,topic,scores/b0c672e2b99cc3acdf8b44e3,AND,defined,all,OR,sp_en_trans,2000,OR,1.0,2000
lower_bound_at_least_90,0.9,target_on_target,0.9949334443798915,0.9624622196973326,ok,or_at_least_one_v1,OR,0,first_given_second_0,llama,,0.9820427267816318,12,topic_macro,scores/b0c672e2b99cc3acdf8b44e3,AND,defined,all,OR,all,2000,OR,1.0,2000
point_below_90,0.9,target_on_target,0.9145796524942563,0.8651439966805372,ok,or_at_least_one_v1,OR,0,first_given_second_1,llama,1932.0,0.8911093107690461,12,pooled,scores/b0c672e2b99cc3acdf8b44e3,AND,defined,all,OR,all,2000,OR,1.0,2000
point_at_least_90_bound_uncertain,0.9,target_on_target,0.9920356972818559,0.8580907643657651,ok,or_at_least_one_v1,OR,0,first_given_second_1,llama,128.0,0.93408203125,12,topic,scores/b0c672e2b99cc3acdf8b44e3,AND,defined,all,OR,animal_class,2000,OR,1.0,2000
point_at_least_90_bound_uncertain,0.9,target_on_target,0.9450427669898416,0.8898499898924446,ok,or_at_least_one_v1,OR,0,first_given_second_1,llama,1192.0,0.9183229359037881,12,topic,scores/b0c672e2b99cc3acdf8b44e3,AND,defined,all,OR,cities,2000,OR,1.0,2000
lower_bound_at_least_90,0.9,target_on_target,0.9995920408163266,0.9378125315227548,ok,or_at_least_one_v1,OR,0,first_given_second_1,llama,144.0,0.9816743827160493,12,topic,scores/b0c672e2b99cc3acdf8b44e3,AND,defined,all,OR,element_symb,2000,OR,1.0,2000
point_below_90,0.9,target_on_target,0.9388977092676062,0.6870914256198347,ok,or_at_least_one_v1,OR,0,first_given_second_1,llama,196.0,0.8301749271137027,12,topic,scores/b0c672e2b99cc3acdf8b44e3,AND,defined,all,OR,inventors,2000,OR,1.0,2000
point_at_least_90_bound_uncertain,0.9,target_on_target,0.986115015859285,0.8954963466868229,ok,or_at_least_one_v1,OR,0,first_given_second_1,llama,272.0,0.9496647923875432,12,topic,scores/b0c672e2b99cc3acdf8b44e3,AND,defined,all,OR,sp_en_trans,2000,OR,1.0,2000
point_at_least_90_bound_uncertain,0.9,target_on_target,0.952249522303555,0.8893661339315774,ok,or_at_least_one_v1,OR,0,first_given_second_1,llama,,0.9227838138742166,12,topic_macro,scores/b0c672e2b99cc3acdf8b44e3,AND,defined,all,OR,all,2000,OR,1.0,2000
lower_bound_at_least_90,0.9,target_on_target,1.0,0.9999181631286911,ok,or_at_least_one_v1,OR,0,second_given_first_0,llama,1932.0,0.9999839255172769,12,pooled,scores/b0c672e2b99cc3acdf8b44e3,AND,defined,all,OR,all,2000,OR,1.0,2000
lower_bound_at_least_90,0.9,target_on_target,1.0,1.0,ok,or_at_least_one_v1,OR,0,second_given_first_0,llama,128.0,1.0,12,topic,scores/b0c672e2b99cc3acdf8b44e3,AND,defined,all,OR,animal_class,2000,OR,1.0,2000
lower_bound_at_least_90,0.9,target_on_target,1.0,1.0,ok,or_at_least_one_v1,OR,0,second_given_first_0,llama,1192.0,1.0,12,topic,scores/b0c672e2b99cc3acdf8b44e3,AND,defined,all,OR,cities,2000,OR,1.0,2000
lower_bound_at_least_90,0.9,target_on_target,1.0,1.0,ok,or_at_least_one_v1,OR,0,second_given_first_0,llama,144.0,1.0,12,topic,scores/b0c672e2b99cc3acdf8b44e3,AND,defined,all,OR,element_symb,2000,OR,1.0,2000
lower_bound_at_least_90,0.9,target_on_target,1.0,1.0,ok,or_at_least_one_v1,OR,0,second_given_first_0,llama,196.0,1.0,12,topic,scores/b0c672e2b99cc3acdf8b44e3,AND,defined,all,OR,inventors,2000,OR,1.0,2000
lower_bound_at_least_90,0.9,target_on_target,1.0,1.0,ok,or_at_least_one_v1,OR,0,second_given_first_0,llama,272.0,1.0,12,topic,scores/b0c672e2b99cc3acdf8b44e3,AND,defined,all,OR,sp_en_trans,2000,OR,1.0,2000
lower_bound_at_least_90,0.9,target_on_target,1.0,1.0,ok,or_at_least_one_v1,OR,0,second_given_first_0,llama,,1.0,12,topic_macro,scores/b0c672e2b99cc3acdf8b44e3,AND,defined,all,OR,all,2000,OR,1.0,2000
lower_bound_at_least_90,0.9,target_on_target,1.0,0.9996040654561211,ok,or_at_least_one_v1,OR,0,second_given_first_1,llama,1932.0,0.999875690666941,12,pooled,scores/b0c672e2b99cc3acdf8b44e3,AND,defined,all,OR,all,2000,OR,1.0,2000
lower_bound_at_least_90,0.9,target_on_target,1.0,1.0,ok,or_at_least_one_v1,OR,0,second_given_first_1,llama,128.0,1.0,12,topic,scores/b0c672e2b99cc3acdf8b44e3,AND,defined,all,OR,animal_class,2000,OR,1.0,2000
lower_bound_at_least_90,0.9,target_on_target,1.0,0.9997550275546212,ok,or_at_least_one_v1,OR,0,second_given_first_1,llama,1192.0,0.9999493266069096,12,topic,scores/b0c672e2b99cc3acdf8b44e3,AND,defined,all,OR,cities,2000,OR,1.0,2000
lower_bound_at_least_90,0.9,target_on_target,1.0,1.0,ok,or_at_least_one_v1,OR,0,second_given_first_1,llama,144.0,1.0,12,topic,scores/b0c672e2b99cc3acdf8b44e3,AND,defined,all,OR,element_symb,2000,OR,1.0,2000
lower_bound_at_least_90,0.9,target_on_target,1.0,1.0,ok,or_at_least_one_v1,OR,0,second_given_first_1,llama,196.0,1.0,12,topic,scores/b0c672e2b99cc3acdf8b44e3,AND,defined,all,OR,inventors,2000,OR,1.0,2000
lower_bound_at_least_90,0.9,target_on_target,1.0,1.0,ok,or_at_least_one_v1,OR,0,second_given_first_1,llama,272.0,1.0,12,topic,scores/b0c672e2b99cc3acdf8b44e3,AND,defined,all,OR,sp_en_trans,2000,OR,1.0,2000
lower_bound_at_least_90,0.9,target_on_target,1.0,0.9999510055109242,ok,or_at_least_one_v1,OR,0,second_given_first_1,llama,,0.9999898653213819,12,topic_macro,scores/b0c672e2b99cc3acdf8b44e3,AND,defined,all,OR,all,2000,OR,1.0,2000
lower_bound_at_least_90,0.9,target_on_target,0.9939561973814997,0.9860636840321704,ok,or_explicit_or_both_v1,OR,0,first_marginal,llama,3864.0,0.9902725267800883,12,pooled,scores/903262760efd7e3561bbc1e7,AND,defined,all,OR,all,2000,OR,1.0,2000
lower_bound_at_least_90,0.9,target_on_target,1.0,0.9985934620155954,ok,or_explicit_or_both_v1,OR,0,first_marginal,llama,256.0,0.99981689453125,12,topic,scores/903262760efd7e3561bbc1e7,AND,defined,all,OR,animal_class,2000,OR,1.0,2000
lower_bound_at_least_90,0.9,target_on_target,0.999263091225745,0.9942669987238592,ok,or_explicit_or_both_v1,OR,0,first_marginal,llama,2384.0,0.997438882257556,12,topic,scores/903262760efd7e3561bbc1e7,AND,defined,all,OR,cities,2000,OR,1.0,2000
lower_bound_at_least_90,0.9,target_on_target,0.9991106629796884,0.951666334833795,ok,or_explicit_or_both_v1,OR,0,first_marginal,llama,288.0,0.98046875,12,topic,scores/903262760efd7e3561bbc1e7,AND,defined,all,OR,element_symb,2000,OR,1.0,2000
lower_bound_at_least_90,0.9,target_on_target,0.9999256963213252,0.9813612507026681,ok,or_explicit_or_both_v1,OR,0,first_marginal,llama,392.0,0.9945595585172845,12,topic,scores/903262760efd7e3561bbc1e7,AND,defined,all,OR,inventors,2000,OR,1.0,2000
lower_bound_at_least_90,0.9,target_on_target,0.9990575387316406,0.9842309047757793,ok,or_explicit_or_both_v1,OR,0,first_marginal,llama,544.0,0.9935796929065744,12,topic,scores/903262760efd7e3561bbc1e7,AND,defined,all,OR,sp_en_trans,2000,OR,1.0,2000
lower_bound_at_least_90,0.9,target_on_target,0.9976618749494269,0.987151349354258,ok,or_explicit_or_both_v1,OR,0,first_marginal,llama,,0.9931727556425329,12,topic_macro,scores/903262760efd7e3561bbc1e7,AND,defined,all,OR,all,2000,OR,1.0,2000
lower_bound_at_least_90,0.9,target_on_target,0.972748190099373,0.945860369788114,ok,or_explicit_or_both_v1,OR,0,second_marginal,llama,3864.0,0.9597269909854301,12,pooled,scores/903262760efd7e3561bbc1e7,AND,defined,all,OR,all,2000,OR,1.0,2000
lower_bound_at_least_90,0.9,target_on_target,1.0,0.9534949553350752,ok,or_explicit_or_both_v1,OR,0,second_marginal,llama,256.0,0.98297119140625,12,topic,scores/903262760efd7e3561bbc1e7,AND,defined,all,OR,animal_class,2000,OR,1.0,2000
lower_bound_at_least_90,0.9,target_on_target,0.9989737076780038,0.9905508790472577,ok,or_explicit_or_both_v1,OR,0,second_marginal,llama,2384.0,0.9960066551056259,12,topic,scores/903262760efd7e3561bbc1e7,AND,defined,all,OR,cities,2000,OR,1.0,2000
lower_bound_at_least_90,0.9,target_on_target,0.9961362911904417,0.9520774506427915,ok,or_explicit_or_both_v1,OR,0,second_marginal,llama,288.0,0.9749228395061729,12,topic,scores/903262760efd7e3561bbc1e7,AND,defined,all,OR,element_symb,2000,OR,1.0,2000
lower_bound_at_least_90,0.9,target_on_target,0.9951990830144358,0.942623779296875,ok,or_explicit_or_both_v1,OR,0,second_marginal,llama,392.0,0.9733704706372345,12,topic,scores/903262760efd7e3561bbc1e7,AND,defined,all,OR,inventors,2000,OR,1.0,2000
point_at_least_90_bound_uncertain,0.9,target_on_target,0.9455085957103789,0.8905356576102121,ok,or_explicit_or_both_v1,OR,0,second_marginal,llama,544.0,0.9152924956747405,12,topic,scores/903262760efd7e3561bbc1e7,AND,defined,all,OR,sp_en_trans,2000,OR,1.0,2000
lower_bound_at_least_90,0.9,target_on_target,0.9796831749403324,0.9583185424734837,ok,or_explicit_or_both_v1,OR,0,second_marginal,llama,,0.9685127304660048,12,topic_macro,scores/903262760efd7e3561bbc1e7,AND,defined,all,OR,all,2000,OR,1.0,2000
lower_bound_at_least_90,0.9,target_on_target,0.9990466850376528,0.9930447987259285,ok,or_explicit_or_both_v1,OR,0,first_given_second_0,llama,1932.0,0.9966500778004964,12,pooled,scores/903262760efd7e3561bbc1e7,AND,defined,all,OR,all,2000,OR,1.0,2000
lower_bound_at_least_90,0.9,target_on_target,1.0,1.0,ok,or_explicit_or_both_v1,OR,0,first_given_second_0,llama,128.0,1.0,12,topic,scores/903262760efd7e3561bbc1e7,AND,defined,all,OR,animal_class,2000,OR,1.0,2000
lower_bound_at_least_90,0.9,target_on_target,1.0,0.9997323230030442,ok,or_explicit_or_both_v1,OR,0,first_given_second_0,llama,1192.0,0.9999380658528895,12,topic,scores/903262760efd7e3561bbc1e7,AND,defined,all,OR,cities,2000,OR,1.0,2000
lower_bound_at_least_90,0.9,target_on_target,1.0,0.985104736328125,ok,or_explicit_or_both_v1,OR,0,first_given_second_0,llama,144.0,0.9969135802469136,12,topic,scores/903262760efd7e3561bbc1e7,AND,defined,all,OR,element_symb,2000,OR,1.0,2000
lower_bound_at_least_90,0.9,target_on_target,1.0,0.9948095987213527,ok,or_explicit_or_both_v1,OR,0,first_given_second_0,llama,196.0,0.9987505206164098,12,topic,scores/903262760efd7e3561bbc1e7,AND,defined,all,OR,inventors,2000,OR,1.0,2000
lower_bound_at_least_90,0.9,target_on_target,1.0,0.9889673979095771,ok,or_explicit_or_both_v1,OR,0,first_given_second_0,llama,272.0,0.9980536332179931,12,topic,scores/903262760efd7e3561bbc1e7,AND,defined,all,OR,sp_en_trans,2000,OR,1.0,2000
lower_bound_at_least_90,0.9,target_on_target,0.9999918385556494,0.9957382286765354,ok,or_explicit_or_both_v1,OR,0,first_given_second_0,llama,,0.9987311599868413,12,topic_macro,scores/903262760efd7e3561bbc1e7,AND,defined,all,OR,all,2000,OR,1.0,2000
lower_bound_at_least_90,0.9,target_on_target,0.9994202236555868,0.9955204063474924,ok,or_explicit_or_both_v1,OR,0,first_given_second_1,llama,1932.0,0.9978792399127263,12,pooled,scores/903262760efd7e3561bbc1e7,AND,defined,all,OR,all,2000,OR,1.0,2000
lower_bound_at_least_90,0.9,target_on_target,1.0,1.0,ok,or_explicit_or_both_v1,OR,0,first_given_second_1,llama,128.0,1.0,12,topic,scores/903262760efd7e3561bbc1e7,AND,defined,all,OR,animal_class,2000,OR,1.0,2000
lower_bound_at_least_90,0.9,target_on_target,1.0,0.9993620405220253,ok,or_explicit_or_both_v1,OR,0,first_given_second_1,llama,1192.0,0.9998592405747488,12,topic,scores/903262760efd7e3561bbc1e7,AND,defined,all,OR,cities,2000,OR,1.0,2000
lower_bound_at_least_90,0.9,target_on_target,1.0,0.9942590230536659,ok,or_explicit_or_both_v1,OR,0,first_given_second_1,llama,144.0,0.9992283950617284,12,topic,scores/903262760efd7e3561bbc1e7,AND,defined,all,OR,element_symb,2000,OR,1.0,2000
lower_bound_at_least_90,0.9,target_on_target,1.0,0.9967118072911548,ok,or_explicit_or_both_v1,OR,0,first_given_second_1,llama,196.0,0.9995835068721366,12,topic,scores/903262760efd7e3561bbc1e7,AND,defined,all,OR,inventors,2000,OR,1.0,2000
lower_bound_at_least_90,0.9,target_on_target,1.0,1.0,ok,or_explicit_or_both_v1,OR,0,first_given_second_1,llama,272.0,1.0,12,topic,scores/903262760efd7e3561bbc1e7,AND,defined,all,OR,sp_en_trans,2000,OR,1.0,2000
lower_bound_at_least_90,0.9,target_on_target,1.0,0.998587456527528,ok,or_explicit_or_both_v1,OR,0,first_given_second_1,llama,,0.9997342285017228,12,topic_macro,scores/903262760efd7e3561bbc1e7,AND,defined,all,OR,all,2000,OR,1.0,2000
lower_bound_at_least_90,0.9,target_on_target,0.986143656070332,0.9625536610488775,ok,or_explicit_or_both_v1,OR,0,second_given_first_0,llama,1932.0,0.9754414052955775,12,pooled,scores/903262760efd7e3561bbc1e7,AND,defined,all,OR,all,2000,OR,1.0,2000
lower_bound_at_least_90,0.9,target_on_target,1.0,0.9060619803476946,ok,or_explicit_or_both_v1,OR,0,second_given_first_0,llama,128.0,0.97607421875,12,topic,scores/903262760efd7e3561bbc1e7,AND,defined,all,OR,animal_class,2000,OR,1.0,2000
lower_bound_at_least_90,0.9,target_on_target,0.9988846291448703,0.9901146199114741,ok,or_explicit_or_both_v1,OR,0,second_given_first_0,llama,1192.0,0.99558859961263,12,topic,scores/903262760efd7e3561bbc1e7,AND,defined,all,OR,cities,2000,OR,1.0,2000
lower_bound_at_least_90,0.9,target_on_target,1.0,0.9666611531190926,ok,or_explicit_or_both_v1,OR,0,second_given_first_0,llama,144.0,0.9866898148148148,12,topic,scores/903262760efd7e3561bbc1e7,AND,defined,all,OR,element_symb,2000,OR,1.0,2000
lower_bound_at_least_90,0.9,target_on_target,0.9963858173076923,0.9310004006853974,ok,or_explicit_or_both_v1,OR,0,second_given_first_0,llama,196.0,0.9701166180758017,12,topic,scores/903262760efd7e3561bbc1e7,AND,defined,all,OR,inventors,2000,OR,1.0,2000
lower_bound_at_least_90,0.9,target_on_target,0.9930411252469351,0.9350026019157942,ok,or_explicit_or_both_v1,OR,0,second_given_first_0,llama,272.0,0.9664792387543253,12,topic,scores/903262760efd7e3561bbc1e7,AND,defined,all,OR,sp_en_trans,2000,OR,1.0,2000
lower_bound_at_least_90,0.9,target_on_target,0.9916529469903096,0.9636064702481817,ok,or_explicit_or_both_v1,OR,0,second_given_first_0,llama,,0.9789896980015144,12,topic_macro,scores/903262760efd7e3561bbc1e7,AND,defined,all,OR,all,2000,OR,1.0,2000
lower_bound_at_least_90,0.9,target_on_target,0.9679215678059274,0.9329691592025076,ok,or_explicit_or_both_v1,OR,0,second_given_first_1,llama,1932.0,0.9513189648890432,12,pooled,scores/903262760efd7e3561bbc1e7,AND,defined,all,OR,all,2000,OR,1.0,2000
lower_bound_at_least_90,0.9,target_on_target,1.0,0.9661337067507805,ok,or_explicit_or_both_v1,OR,0,second_given_first_1,llama,128.0,0.9892578125,12,topic,scores/903262760efd7e3561bbc1e7,AND,defined,all,OR,animal_class,2000,OR,1.0,2000
lower_bound_at_least_90,0.9,target_on_target,0.9996562440250624,0.989776192384821,ok,or_explicit_or_both_v1,OR,0,second_given_first_1,llama,1192.0,0.9965964370974281,12,topic,scores/903262760efd7e3561bbc1e7,AND,defined,all,OR,cities,2000,OR,1.0,2000
lower_bound_at_least_90,0.9,target_on_target,0.998814635053468,0.9319910156250001,ok,or_explicit_or_both_v1,OR,0,second_given_first_1,llama,144.0,0.9693287037037037,12,topic,scores/903262760efd7e3561bbc1e7,AND,defined,all,OR,element_symb,2000,OR,1.0,2000
lower_bound_at_least_90,0.9,target_on_target,0.9996694676729642,0.9573141463414634,ok,or_explicit_or_both_v1,OR,0,second_given_first_1,llama,196.0,0.9836526447313619,12,topic,scores/903262760efd7e3561bbc1e7,AND,defined,all,OR,inventors,2000,OR,1.0,2000
lower_bound_at_least_90,0.9,target_on_target,0.9959727410812428,0.9445004017447199,ok,or_explicit_or_both_v1,OR,0,second_given_first_1,llama,272.0,0.9736159169550173,12,topic,scores/903262760efd7e3561bbc1e7,AND,defined,all,OR,sp_en_trans,2000,OR,1.0,2000
lower_bound_at_least_90,0.9,target_on_target,0.9934365376901204,0.9729196796753872,ok,or_explicit_or_both_v1,OR,0,second_given_first_1,llama,,0.9824903029975023,12,topic_macro,scores/903262760efd7e3561bbc1e7,AND,defined,all,OR,all,2000,OR,1.0,2000
lower_bound_at_least_90,0.9,source_on_source,1.0,0.9999677312823678,ok,D_bare,OR,0,first_marginal,llama,3864.0,0.9999946418390923,12,pooled,scores/21a5ceb2f9347d690740c6be,OR,defined,all,AND,all,2000,OR,1.0,2000
lower_bound_at_least_90,0.9,source_on_source,1.0,1.0,ok,D_bare,OR,0,first_marginal,llama,256.0,1.0,12,topic,scores/21a5ceb2f9347d690740c6be,OR,defined,all,AND,animal_class,2000,OR,1.0,2000
lower_bound_at_least_90,0.9,source_on_source,1.0,1.0,ok,D_bare,OR,0,first_marginal,llama,2384.0,1.0,12,topic,scores/21a5ceb2f9347d690740c6be,OR,defined,all,AND,cities,2000,OR,1.0,2000
lower_bound_at_least_90,0.9,source_on_source,1.0,1.0,ok,D_bare,OR,0,first_marginal,llama,288.0,1.0,12,topic,scores/21a5ceb2f9347d690740c6be,OR,defined,all,AND,element_symb,2000,OR,1.0,2000
lower_bound_at_least_90,0.9,source_on_source,1.0,0.998970944051161,ok,D_bare,OR,0,first_marginal,llama,392.0,0.9999219075385256,12,topic,scores/21a5ceb2f9347d690740c6be,OR,defined,all,AND,inventors,2000,OR,1.0,2000
lower_bound_at_least_90,0.9,source_on_source,1.0,0.999648350822855,ok,D_bare,OR,0,first_marginal,llama,544.0,0.9999594506920415,12,topic,scores/21a5ceb2f9347d690740c6be,OR,defined,all,AND,sp_en_trans,2000,OR,1.0,2000
lower_bound_at_least_90,0.9,source_on_source,1.0,0.999777690228871,ok,D_bare,OR,0,first_marginal,llama,,0.9999762716461135,12,topic_macro,scores/21a5ceb2f9347d690740c6be,OR,defined,all,AND,all,2000,OR,1.0,2000
lower_bound_at_least_90,0.9,source_on_source,0.9999643933702511,0.9980379906426973,ok,D_bare,OR,0,second_marginal,llama,3864.0,0.9994446266219154,12,pooled,scores/21a5ceb2f9347d690740c6be,OR,defined,all,AND,all,2000,OR,1.0,2000
lower_bound_at_least_90,0.9,source_on_source,1.0,0.9943744240487515,ok,D_bare,OR,0,second_marginal,llama,256.0,0.99859619140625,12,topic,scores/21a5ceb2f9347d690740c6be,OR,defined,all,AND,animal_class,2000,OR,1.0,2000
lower_bound_at_least_90,0.9,source_on_source,1.0,0.9967294938490981,ok,D_bare,OR,0,second_marginal,llama,2384.0,0.9991469978829782,12,topic,scores/21a5ceb2f9347d690740c6be,OR,defined,all,AND,cities,2000,OR,1.0,2000
lower_bound_at_least_90,0.9,source_on_source,1.0,1.0,ok,D_bare,OR,0,second_marginal,llama,288.0,1.0,12,topic,scores/21a5ceb2f9347d690740c6be,OR,defined,all,AND,element_symb,2000,OR,1.0,2000
lower_bound_at_least_90,0.9,source_on_source,1.0,0.9994855435669829,ok,D_bare,OR,0,second_marginal,llama,392.0,0.9999219075385256,12,topic,scores/21a5ceb2f9347d690740c6be,OR,defined,all,AND,inventors,2000,OR,1.0,2000
lower_bound_at_least_90,0.9,source_on_source,1.0,1.0,ok,D_bare,OR,0,second_marginal,llama,544.0,1.0,12,topic,scores/21a5ceb2f9347d690740c6be,OR,defined,all,AND,sp_en_trans,2000,OR,1.0,2000
lower_bound_at_least_90,0.9,source_on_source,0.9999963877580232,0.9986093819650046,ok,D_bare,OR,0,second_marginal,llama,,0.9995330193655508,12,topic_macro,scores/21a5ceb2f9347d690740c6be,OR,defined,all,AND,all,2000,OR,1.0,2000
lower_bound_at_least_90,0.9,source_on_source,1.0,0.9999198698616496,ok,D_bare,OR,0,first_given_second_0,llama,1932.0,0.99998606878164,12,pooled,scores/21a5ceb2f9347d690740c6be,OR,defined,all,AND,all,2000,OR,1.0,2000
lower_bound_at_least_90,0.9,source_on_source,1.0,1.0,ok,D_bare,OR,0,first_given_second_0,llama,128.0,1.0,12,topic,scores/21a5ceb2f9347d690740c6be,OR,defined,all,AND,animal_class,2000,OR,1.0,2000
lower_bound_at_least_90,0.9,source_on_source,1.0,1.0,ok,D_bare,OR,0,first_given_second_0,llama,1192.0,1.0,12,topic,scores/21a5ceb2f9347d690740c6be,OR,defined,all,AND,cities,2000,OR,1.0,2000
lower_bound_at_least_90,0.9,source_on_source,1.0,1.0,ok,D_bare,OR,0,first_given_second_0,llama,144.0,1.0,12,topic,scores/21a5ceb2f9347d690740c6be,OR,defined,all,AND,element_symb,2000,OR,1.0,2000
lower_bound_at_least_90,0.9,source_on_source,1.0,0.998109068178311,ok,D_bare,OR,0,first_given_second_0,llama,196.0,0.9998958767180341,12,topic,scores/21a5ceb2f9347d690740c6be,OR,defined,all,AND,inventors,2000,OR,1.0,2000
lower_bound_at_least_90,0.9,source_on_source,1.0,0.9985934032914201,ok,D_bare,OR,0,first_given_second_0,llama,272.0,0.9998378027681661,12,topic,scores/21a5ceb2f9347d690740c6be,OR,defined,all,AND,sp_en_trans,2000,OR,1.0,2000
lower_bound_at_least_90,0.9,source_on_source,1.0,0.9995088447395751,ok,D_bare,OR,0,first_given_second_0,llama,,0.9999467358972401,12,topic_macro,scores/21a5ceb2f9347d690740c6be,OR,defined,all,AND,all,2000,OR,1.0,2000
lower_bound_at_least_90,0.9,source_on_source,1.0,1.0,ok,D_bare,OR,0,first_given_second_1,llama,1932.0,1.0,12,pooled,scores/21a5ceb2f9347d690740c6be,OR,defined,all,AND,all,2000,OR,1.0,2000
lower_bound_at_least_90,0.9,source_on_source,1.0,1.0,ok,D_bare,OR,0,first_given_second_1,llama,128.0,1.0,12,topic,scores/21a5ceb2f9347d690740c6be,OR,defined,all,AND,animal_class,2000,OR,1.0,2000
lower_bound_at_least_90,0.9,source_on_source,1.0,1.0,ok,D_bare,OR,0,first_given_second_1,llama,1192.0,1.0,12,topic,scores/21a5ceb2f9347d690740c6be,OR,defined,all,AND,cities,2000,OR,1.0,2000
lower_bound_at_least_90,0.9,source_on_source,1.0,1.0,ok,D_bare,OR,0,first_given_second_1,llama,144.0,1.0,12,topic,scores/21a5ceb2f9347d690740c6be,OR,defined,all,AND,element_symb,2000,OR,1.0,2000
lower_bound_at_least_90,0.9,source_on_source,1.0,1.0,ok,D_bare,OR,0,first_given_second_1,llama,196.0,1.0,12,topic,scores/21a5ceb2f9347d690740c6be,OR,defined,all,AND,inventors,2000,OR,1.0,2000
lower_bound_at_least_90,0.9,source_on_source,1.0,1.0,ok,D_bare,OR,0,first_given_second_1,llama,272.0,1.0,12,topic,scores/21a5ceb2f9347d690740c6be,OR,defined,all,AND,sp_en_trans,2000,OR,1.0,2000
lower_bound_at_least_90,0.9,source_on_source,1.0,1.0,ok,D_bare,OR,0,first_given_second_1,llama,,1.0,12,topic_macro,scores/21a5ceb2f9347d690740c6be,OR,defined,all,AND,all,2000,OR,1.0,2000
lower_bound_at_least_90,0.9,source_on_source,1.0,0.9978054398608267,ok,D_bare,OR,0,second_given_first_0,llama,1932.0,0.9993870263921574,12,pooled,scores/21a5ceb2f9347d690740c6be,OR,defined,all,AND,all,2000,OR,1.0,2000
lower_bound_at_least_90,0.9,source_on_source,1.0,0.9795997959183673,ok,D_bare,OR,0,second_given_first_0,llama,128.0,0.99560546875,12,topic,scores/21a5ceb2f9347d690740c6be,OR,defined,all,AND,animal_class,2000,OR,1.0,2000
lower_bound_at_least_90,0.9,source_on_source,1.0,0.997050521503025,ok,D_bare,OR,0,second_given_first_0,llama,1192.0,0.999242714292149,12,topic,scores/21a5ceb2f9347d690740c6be,OR,defined,all,AND,cities,2000,OR,1.0,2000
lower_bound_at_least_90,0.9,source_on_source,1.0,1.0,ok,D_bare,OR,0,second_given_first_0,llama,144.0,1.0,12,topic,scores/21a5ceb2f9347d690740c6be,OR,defined,all,AND,element_symb,2000,OR,1.0,2000
lower_bound_at_least_90,0.9,source_on_source,1.0,1.0,ok,D_bare,OR,0,second_given_first_0,llama,196.0,1.0,12,topic,scores/21a5ceb2f9347d690740c6be,OR,defined,all,AND,inventors,2000,OR,1.0,2000
lower_bound_at_least_90,0.9,source_on_source,1.0,1.0,ok,D_bare,OR,0,second_given_first_0,llama,272.0,1.0,12,topic,scores/21a5ceb2f9347d690740c6be,OR,defined,all,AND,sp_en_trans,2000,OR,1.0,2000
lower_bound_at_least_90,0.9,source_on_source,1.0,0.9957387696719314,ok,D_bare,OR,0,second_given_first_0,llama,,0.9989696366084297,12,topic_macro,scores/21a5ceb2f9347d690740c6be,OR,defined,all,AND,all,2000,OR,1.0,2000
lower_bound_at_least_90,0.9,source_on_source,1.0,0.9977147802283628,ok,D_bare,OR,0,second_given_first_1,llama,1932.0,0.9995413414262996,12,pooled,scores/21a5ceb2f9347d690740c6be,OR,defined,all,AND,all,2000,OR,1.0,2000
lower_bound_at_least_90,0.9,source_on_source,1.0,1.0,ok,D_bare,OR,0,second_given_first_1,llama,128.0,1.0,12,topic,scores/21a5ceb2f9347d690740c6be,OR,defined,all,AND,animal_class,2000,OR,1.0,2000
lower_bound_at_least_90,0.9,source_on_source,1.0,0.9953804547950589,ok,D_bare,OR,0,second_given_first_1,llama,1192.0,0.9990456510967974,12,topic,scores/21a5ceb2f9347d690740c6be,OR,defined,all,AND,cities,2000,OR,1.0,2000
lower_bound_at_least_90,0.9,source_on_source,1.0,1.0,ok,D_bare,OR,0,second_given_first_1,llama,144.0,1.0,12,topic,scores/21a5ceb2f9347d690740c6be,OR,defined,all,AND,element_symb,2000,OR,1.0,2000
lower_bound_at_least_90,0.9,source_on_source,1.0,1.0,ok,D_bare,OR,0,second_given_first_1,llama,196.0,1.0,12,topic,scores/21a5ceb2f9347d690740c6be,OR,defined,all,AND,inventors,2000,OR,1.0,2000
lower_bound_at_least_90,0.9,source_on_source,1.0,1.0,ok,D_bare,OR,0,second_given_first_1,llama,272.0,1.0,12,topic,scores/21a5ceb2f9347d690740c6be,OR,defined,all,AND,sp_en_trans,2000,OR,1.0,2000
lower_bound_at_least_90,0.9,source_on_source,1.0,0.9990760909590117,ok,D_bare,OR,0,second_given_first_1,llama,,0.9998091302193595,12,topic_macro,scores/21a5ceb2f9347d690740c6be,OR,defined,all,AND,all,2000,OR,1.0,2000
lower_bound_at_least_90,0.9,source_on_source,0.9550318699096989,0.9299611701714778,ok,or_at_least_one_v1,OR,0,first_marginal,llama,3864.0,0.9433803136881722,12,pooled,scores/b0c672e2b99cc3acdf8b44e3,OR,defined,all,AND,all,2000,OR,1.0,2000
point_at_least_90_bound_uncertain,0.9,source_on_source,0.9544263942307692,0.8624015199829932,ok,or_at_least_one_v1,OR,0,first_marginal,llama,256.0,0.90728759765625,12,topic,scores/b0c672e2b99cc3acdf8b44e3,OR,defined,all,AND,animal_class,2000,OR,1.0,2000
lower_bound_at_least_90,0.9,source_on_source,0.9800860193798192,0.9588005465988982,ok,or_at_least_one_v1,OR,0,first_marginal,llama,2384.0,0.970391254898428,12,topic,scores/b0c672e2b99cc3acdf8b44e3,OR,defined,all,AND,cities,2000,OR,1.0,2000
lower_bound_at_least_90,0.9,source_on_source,0.9974050042484798,0.961326112801276,ok,or_at_least_one_v1,OR,0,first_marginal,llama,288.0,0.9841338734567902,12,topic,scores/b0c672e2b99cc3acdf8b44e3,OR,defined,all,AND,element_symb,2000,OR,1.0,2000
point_below_90,0.9,source_on_source,0.9373505335293839,0.8078501762732985,ok,or_at_least_one_v1,OR,0,first_marginal,llama,392.0,0.880466472303207,12,topic,scores/b0c672e2b99cc3acdf8b44e3,OR,defined,all,AND,inventors,2000,OR,1.0,2000
lower_bound_at_least_90,0.9,source_on_source,0.9905774587796681,0.9237422884946854,ok,or_at_least_one_v1,OR,0,first_marginal,llama,544.0,0.9645599048442907,12,topic,scores/b0c672e2b99cc3acdf8b44e3,OR,defined,all,AND,sp_en_trans,2000,OR,1.0,2000
lower_bound_at_least_90,0.9,source_on_source,0.9579493897559274,0.9230671077873918,ok,or_at_least_one_v1,OR,0,first_marginal,llama,,0.9413678206317933,12,topic_macro,scores/b0c672e2b99cc3acdf8b44e3,OR,defined,all,AND,all,2000,OR,1.0,2000
lower_bound_at_least_90,0.9,source_on_source,0.9999967390122169,0.9997675864908289,ok,or_at_least_one_v1,OR,0,second_marginal,llama,3864.0,0.9999252536553374,12,pooled,scores/b0c672e2b99cc3acdf8b44e3,OR,defined,all,AND,all,2000,OR,1.0,2000
lower_bound_at_least_90,0.9,source_on_source,1.0,1.0,ok,or_at_least_one_v1,OR,0,second_marginal,llama,256.0,1.0,12,topic,scores/b0c672e2b99cc3acdf8b44e3,OR,defined,all,AND,animal_class,2000,OR,1.0,2000
lower_bound_at_least_90,0.9,source_on_source,1.0,0.9998930382803924,ok,or_at_least_one_v1,OR,0,second_marginal,llama,2384.0,0.9999753671005811,12,topic,scores/b0c672e2b99cc3acdf8b44e3,OR,defined,all,AND,cities,2000,OR,1.0,2000
lower_bound_at_least_90,0.9,source_on_source,1.0,1.0,ok,or_at_least_one_v1,OR,0,second_marginal,llama,288.0,1.0,12,topic,scores/b0c672e2b99cc3acdf8b44e3,OR,defined,all,AND,element_symb,2000,OR,1.0,2000
lower_bound_at_least_90,0.9,source_on_source,1.0,0.9997769661822864,ok,or_at_least_one_v1,OR,0,second_marginal,llama,392.0,0.9999739691795085,12,topic,scores/b0c672e2b99cc3acdf8b44e3,OR,defined,all,AND,inventors,2000,OR,1.0,2000
lower_bound_at_least_90,0.9,source_on_source,1.0,1.0,ok,or_at_least_one_v1,OR,0,second_marginal,llama,544.0,1.0,12,topic,scores/b0c672e2b99cc3acdf8b44e3,OR,defined,all,AND,sp_en_trans,2000,OR,1.0,2000
lower_bound_at_least_90,0.9,source_on_source,1.0,0.9999478894237658,ok,or_at_least_one_v1,OR,0,second_marginal,llama,,0.9999898672560178,12,topic_macro,scores/b0c672e2b99cc3acdf8b44e3,OR,defined,all,AND,all,2000,OR,1.0,2000
lower_bound_at_least_90,0.9,source_on_source,0.9920328968652983,0.9727636558104379,ok,or_at_least_one_v1,OR,0,first_given_second_0,llama,1932.0,0.9839501648170296,12,pooled,scores/b0c672e2b99cc3acdf8b44e3,OR,defined,all,AND,all,2000,OR,1.0,2000
lower_bound_at_least_90,0.9,source_on_source,1.0,0.9188767361111111,ok,or_at_least_one_v1,OR,0,first_given_second_0,llama,128.0,0.97998046875,12,topic,scores/b0c672e2b99cc3acdf8b44e3,OR,defined,all,AND,animal_class,2000,OR,1.0,2000
lower_bound_at_least_90,0.9,source_on_source,0.999408830798178,0.9936945719027513,ok,or_at_least_one_v1,OR,0,first_given_second_0,llama,1192.0,0.9973931354443494,12,topic,scores/b0c672e2b99cc3acdf8b44e3,OR,defined,all,AND,cities,2000,OR,1.0,2000
lower_bound_at_least_90,0.9,source_on_source,1.0,0.9663040102918995,ok,or_at_least_one_v1,OR,0,first_given_second_0,llama,144.0,0.9897762345679012,12,topic,scores/b0c672e2b99cc3acdf8b44e3,OR,defined,all,AND,element_symb,2000,OR,1.0,2000
point_at_least_90_bound_uncertain,0.9,source_on_source,0.9988688228428082,0.8993422134244619,ok,or_at_least_one_v1,OR,0,first_given_second_0,llama,196.0,0.9678259058725531,12,topic,scores/b0c672e2b99cc3acdf8b44e3,OR,defined,all,AND,inventors,2000,OR,1.0,2000
lower_bound_at_least_90,0.9,source_on_source,0.9998471743839736,0.9268455656045227,ok,or_at_least_one_v1,OR,0,first_given_second_0,llama,272.0,0.9752378892733564,12,topic,scores/b0c672e2b99cc3acdf8b44e3,OR,defined,all,AND,sp_en_trans,2000,OR,1.0,2000
lower_bound_at_least_90,0.9,source_on_source,0.9949334443798915,0.9624622196973326,ok,or_at_least_one_v1,OR,0,first_given_second_0,llama,,0.9820427267816318,12,topic_macro,scores/b0c672e2b99cc3acdf8b44e3,OR,defined,all,AND,all,2000,OR,1.0,2000
point_below_90,0.9,source_on_source,0.9145796524942563,0.8651439966805372,ok,or_at_least_one_v1,OR,0,first_given_second_1,llama,1932.0,0.8911093107690461,12,pooled,scores/b0c672e2b99cc3acdf8b44e3,OR,defined,all,AND,all,2000,OR,1.0,2000
point_at_least_90_bound_uncertain,0.9,source_on_source,0.9920356972818559,0.8580907643657651,ok,or_at_least_one_v1,OR,0,first_given_second_1,llama,128.0,0.93408203125,12,topic,scores/b0c672e2b99cc3acdf8b44e3,OR,defined,all,AND,animal_class,2000,OR,1.0,2000
point_at_least_90_bound_uncertain,0.9,source_on_source,0.9450427669898416,0.8898499898924446,ok,or_at_least_one_v1,OR,0,first_given_second_1,llama,1192.0,0.9183229359037881,12,topic,scores/b0c672e2b99cc3acdf8b44e3,OR,defined,all,AND,cities,2000,OR,1.0,2000
lower_bound_at_least_90,0.9,source_on_source,0.9995920408163266,0.9378125315227548,ok,or_at_least_one_v1,OR,0,first_given_second_1,llama,144.0,0.9816743827160493,12,topic,scores/b0c672e2b99cc3acdf8b44e3,OR,defined,all,AND,element_symb,2000,OR,1.0,2000
point_below_90,0.9,source_on_source,0.9388977092676062,0.6870914256198347,ok,or_at_least_one_v1,OR,0,first_given_second_1,llama,196.0,0.8301749271137027,12,topic,scores/b0c672e2b99cc3acdf8b44e3,OR,defined,all,AND,inventors,2000,OR,1.0,2000
point_at_least_90_bound_uncertain,0.9,source_on_source,0.986115015859285,0.8954963466868229,ok,or_at_least_one_v1,OR,0,first_given_second_1,llama,272.0,0.9496647923875432,12,topic,scores/b0c672e2b99cc3acdf8b44e3,OR,defined,all,AND,sp_en_trans,2000,OR,1.0,2000
point_at_least_90_bound_uncertain,0.9,source_on_source,0.952249522303555,0.8893661339315774,ok,or_at_least_one_v1,OR,0,first_given_second_1,llama,,0.9227838138742166,12,topic_macro,scores/b0c672e2b99cc3acdf8b44e3,OR,defined,all,AND,all,2000,OR,1.0,2000
lower_bound_at_least_90,0.9,source_on_source,1.0,0.9999181631286911,ok,or_at_least_one_v1,OR,0,second_given_first_0,llama,1932.0,0.9999839255172769,12,pooled,scores/b0c672e2b99cc3acdf8b44e3,OR,defined,all,AND,all,2000,OR,1.0,2000
lower_bound_at_least_90,0.9,source_on_source,1.0,1.0,ok,or_at_least_one_v1,OR,0,second_given_first_0,llama,128.0,1.0,12,topic,scores/b0c672e2b99cc3acdf8b44e3,OR,defined,all,AND,animal_class,2000,OR,1.0,2000
lower_bound_at_least_90,0.9,source_on_source,1.0,1.0,ok,or_at_least_one_v1,OR,0,second_given_first_0,llama,1192.0,1.0,12,topic,scores/b0c672e2b99cc3acdf8b44e3,OR,defined,all,AND,cities,2000,OR,1.0,2000
lower_bound_at_least_90,0.9,source_on_source,1.0,1.0,ok,or_at_least_one_v1,OR,0,second_given_first_0,llama,144.0,1.0,12,topic,scores/b0c672e2b99cc3acdf8b44e3,OR,defined,all,AND,element_symb,2000,OR,1.0,2000
lower_bound_at_least_90,0.9,source_on_source,1.0,1.0,ok,or_at_least_one_v1,OR,0,second_given_first_0,llama,196.0,1.0,12,topic,scores/b0c672e2b99cc3acdf8b44e3,OR,defined,all,AND,inventors,2000,OR,1.0,2000
lower_bound_at_least_90,0.9,source_on_source,1.0,1.0,ok,or_at_least_one_v1,OR,0,second_given_first_0,llama,272.0,1.0,12,topic,scores/b0c672e2b99cc3acdf8b44e3,OR,defined,all,AND,sp_en_trans,2000,OR,1.0,2000
lower_bound_at_least_90,0.9,source_on_source,1.0,1.0,ok,or_at_least_one_v1,OR,0,second_given_first_0,llama,,1.0,12,topic_macro,scores/b0c672e2b99cc3acdf8b44e3,OR,defined,all,AND,all,2000,OR,1.0,2000
lower_bound_at_least_90,0.9,source_on_source,1.0,0.9996040654561211,ok,or_at_least_one_v1,OR,0,second_given_first_1,llama,1932.0,0.999875690666941,12,pooled,scores/b0c672e2b99cc3acdf8b44e3,OR,defined,all,AND,all,2000,OR,1.0,2000
lower_bound_at_least_90,0.9,source_on_source,1.0,1.0,ok,or_at_least_one_v1,OR,0,second_given_first_1,llama,128.0,1.0,12,topic,scores/b0c672e2b99cc3acdf8b44e3,OR,defined,all,AND,animal_class,2000,OR,1.0,2000
lower_bound_at_least_90,0.9,source_on_source,1.0,0.9997550275546212,ok,or_at_least_one_v1,OR,0,second_given_first_1,llama,1192.0,0.9999493266069096,12,topic,scores/b0c672e2b99cc3acdf8b44e3,OR,defined,all,AND,cities,2000,OR,1.0,2000
lower_bound_at_least_90,0.9,source_on_source,1.0,1.0,ok,or_at_least_one_v1,OR,0,second_given_first_1,llama,144.0,1.0,12,topic,scores/b0c672e2b99cc3acdf8b44e3,OR,defined,all,AND,element_symb,2000,OR,1.0,2000
lower_bound_at_least_90,0.9,source_on_source,1.0,1.0,ok,or_at_least_one_v1,OR,0,second_given_first_1,llama,196.0,1.0,12,topic,scores/b0c672e2b99cc3acdf8b44e3,OR,defined,all,AND,inventors,2000,OR,1.0,2000
lower_bound_at_least_90,0.9,source_on_source,1.0,1.0,ok,or_at_least_one_v1,OR,0,second_given_first_1,llama,272.0,1.0,12,topic,scores/b0c672e2b99cc3acdf8b44e3,OR,defined,all,AND,sp_en_trans,2000,OR,1.0,2000
lower_bound_at_least_90,0.9,source_on_source,1.0,0.9999510055109242,ok,or_at_least_one_v1,OR,0,second_given_first_1,llama,,0.9999898653213819,12,topic_macro,scores/b0c672e2b99cc3acdf8b44e3,OR,defined,all,AND,all,2000,OR,1.0,2000
lower_bound_at_least_90,0.9,source_on_source,0.9939561973814997,0.9860636840321704,ok,or_explicit_or_both_v1,OR,0,first_marginal,llama,3864.0,0.9902725267800883,12,pooled,scores/903262760efd7e3561bbc1e7,OR,defined,all,AND,all,2000,OR,1.0,2000
lower_bound_at_least_90,0.9,source_on_source,1.0,0.9985934620155954,ok,or_explicit_or_both_v1,OR,0,first_marginal,llama,256.0,0.99981689453125,12,topic,scores/903262760efd7e3561bbc1e7,OR,defined,all,AND,animal_class,2000,OR,1.0,2000
lower_bound_at_least_90,0.9,source_on_source,0.999263091225745,0.9942669987238592,ok,or_explicit_or_both_v1,OR,0,first_marginal,llama,2384.0,0.997438882257556,12,topic,scores/903262760efd7e3561bbc1e7,OR,defined,all,AND,cities,2000,OR,1.0,2000
lower_bound_at_least_90,0.9,source_on_source,0.9991106629796884,0.951666334833795,ok,or_explicit_or_both_v1,OR,0,first_marginal,llama,288.0,0.98046875,12,topic,scores/903262760efd7e3561bbc1e7,OR,defined,all,AND,element_symb,2000,OR,1.0,2000
lower_bound_at_least_90,0.9,source_on_source,0.9999256963213252,0.9813612507026681,ok,or_explicit_or_both_v1,OR,0,first_marginal,llama,392.0,0.9945595585172845,12,topic,scores/903262760efd7e3561bbc1e7,OR,defined,all,AND,inventors,2000,OR,1.0,2000
lower_bound_at_least_90,0.9,source_on_source,0.9990575387316406,0.9842309047757793,ok,or_explicit_or_both_v1,OR,0,first_marginal,llama,544.0,0.9935796929065744,12,topic,scores/903262760efd7e3561bbc1e7,OR,defined,all,AND,sp_en_trans,2000,OR,1.0,2000
lower_bound_at_least_90,0.9,source_on_source,0.9976618749494269,0.987151349354258,ok,or_explicit_or_both_v1,OR,0,first_marginal,llama,,0.9931727556425329,12,topic_macro,scores/903262760efd7e3561bbc1e7,OR,defined,all,AND,all,2000,OR,1.0,2000
lower_bound_at_least_90,0.9,source_on_source,0.972748190099373,0.945860369788114,ok,or_explicit_or_both_v1,OR,0,second_marginal,llama,3864.0,0.9597269909854301,12,pooled,scores/903262760efd7e3561bbc1e7,OR,defined,all,AND,all,2000,OR,1.0,2000
lower_bound_at_least_90,0.9,source_on_source,1.0,0.9534949553350752,ok,or_explicit_or_both_v1,OR,0,second_marginal,llama,256.0,0.98297119140625,12,topic,scores/903262760efd7e3561bbc1e7,OR,defined,all,AND,animal_class,2000,OR,1.0,2000
lower_bound_at_least_90,0.9,source_on_source,0.9989737076780038,0.9905508790472577,ok,or_explicit_or_both_v1,OR,0,second_marginal,llama,2384.0,0.9960066551056259,12,topic,scores/903262760efd7e3561bbc1e7,OR,defined,all,AND,cities,2000,OR,1.0,2000
lower_bound_at_least_90,0.9,source_on_source,0.9961362911904417,0.9520774506427915,ok,or_explicit_or_both_v1,OR,0,second_marginal,llama,288.0,0.9749228395061729,12,topic,scores/903262760efd7e3561bbc1e7,OR,defined,all,AND,element_symb,2000,OR,1.0,2000
lower_bound_at_least_90,0.9,source_on_source,0.9951990830144358,0.942623779296875,ok,or_explicit_or_both_v1,OR,0,second_marginal,llama,392.0,0.9733704706372345,12,topic,scores/903262760efd7e3561bbc1e7,OR,defined,all,AND,inventors,2000,OR,1.0,2000
point_at_least_90_bound_uncertain,0.9,source_on_source,0.9455085957103789,0.8905356576102121,ok,or_explicit_or_both_v1,OR,0,second_marginal,llama,544.0,0.9152924956747405,12,topic,scores/903262760efd7e3561bbc1e7,OR,defined,all,AND,sp_en_trans,2000,OR,1.0,2000
lower_bound_at_least_90,0.9,source_on_source,0.9796831749403324,0.9583185424734837,ok,or_explicit_or_both_v1,OR,0,second_marginal,llama,,0.9685127304660048,12,topic_macro,scores/903262760efd7e3561bbc1e7,OR,defined,all,AND,all,2000,OR,1.0,2000
lower_bound_at_least_90,0.9,source_on_source,0.9990466850376528,0.9930447987259285,ok,or_explicit_or_both_v1,OR,0,first_given_second_0,llama,1932.0,0.9966500778004964,12,pooled,scores/903262760efd7e3561bbc1e7,OR,defined,all,AND,all,2000,OR,1.0,2000
lower_bound_at_least_90,0.9,source_on_source,1.0,1.0,ok,or_explicit_or_both_v1,OR,0,first_given_second_0,llama,128.0,1.0,12,topic,scores/903262760efd7e3561bbc1e7,OR,defined,all,AND,animal_class,2000,OR,1.0,2000
lower_bound_at_least_90,0.9,source_on_source,1.0,0.9997323230030442,ok,or_explicit_or_both_v1,OR,0,first_given_second_0,llama,1192.0,0.9999380658528895,12,topic,scores/903262760efd7e3561bbc1e7,OR,defined,all,AND,cities,2000,OR,1.0,2000
lower_bound_at_least_90,0.9,source_on_source,1.0,0.985104736328125,ok,or_explicit_or_both_v1,OR,0,first_given_second_0,llama,144.0,0.9969135802469136,12,topic,scores/903262760efd7e3561bbc1e7,OR,defined,all,AND,element_symb,2000,OR,1.0,2000
lower_bound_at_least_90,0.9,source_on_source,1.0,0.9948095987213527,ok,or_explicit_or_both_v1,OR,0,first_given_second_0,llama,196.0,0.9987505206164098,12,topic,scores/903262760efd7e3561bbc1e7,OR,defined,all,AND,inventors,2000,OR,1.0,2000
lower_bound_at_least_90,0.9,source_on_source,1.0,0.9889673979095771,ok,or_explicit_or_both_v1,OR,0,first_given_second_0,llama,272.0,0.9980536332179931,12,topic,scores/903262760efd7e3561bbc1e7,OR,defined,all,AND,sp_en_trans,2000,OR,1.0,2000
lower_bound_at_least_90,0.9,source_on_source,0.9999918385556494,0.9957382286765354,ok,or_explicit_or_both_v1,OR,0,first_given_second_0,llama,,0.9987311599868413,12,topic_macro,scores/903262760efd7e3561bbc1e7,OR,defined,all,AND,all,2000,OR,1.0,2000
lower_bound_at_least_90,0.9,source_on_source,0.9994202236555868,0.9955204063474924,ok,or_explicit_or_both_v1,OR,0,first_given_second_1,llama,1932.0,0.9978792399127263,12,pooled,scores/903262760efd7e3561bbc1e7,OR,defined,all,AND,all,2000,OR,1.0,2000
lower_bound_at_least_90,0.9,source_on_source,1.0,1.0,ok,or_explicit_or_both_v1,OR,0,first_given_second_1,llama,128.0,1.0,12,topic,scores/903262760efd7e3561bbc1e7,OR,defined,all,AND,animal_class,2000,OR,1.0,2000
lower_bound_at_least_90,0.9,source_on_source,1.0,0.9993620405220253,ok,or_explicit_or_both_v1,OR,0,first_given_second_1,llama,1192.0,0.9998592405747488,12,topic,scores/903262760efd7e3561bbc1e7,OR,defined,all,AND,cities,2000,OR,1.0,2000
lower_bound_at_least_90,0.9,source_on_source,1.0,0.9942590230536659,ok,or_explicit_or_both_v1,OR,0,first_given_second_1,llama,144.0,0.9992283950617284,12,topic,scores/903262760efd7e3561bbc1e7,OR,defined,all,AND,element_symb,2000,OR,1.0,2000
lower_bound_at_least_90,0.9,source_on_source,1.0,0.9967118072911548,ok,or_explicit_or_both_v1,OR,0,first_given_second_1,llama,196.0,0.9995835068721366,12,topic,scores/903262760efd7e3561bbc1e7,OR,defined,all,AND,inventors,2000,OR,1.0,2000
lower_bound_at_least_90,0.9,source_on_source,1.0,1.0,ok,or_explicit_or_both_v1,OR,0,first_given_second_1,llama,272.0,1.0,12,topic,scores/903262760efd7e3561bbc1e7,OR,defined,all,AND,sp_en_trans,2000,OR,1.0,2000
lower_bound_at_least_90,0.9,source_on_source,1.0,0.998587456527528,ok,or_explicit_or_both_v1,OR,0,first_given_second_1,llama,,0.9997342285017228,12,topic_macro,scores/903262760efd7e3561bbc1e7,OR,defined,all,AND,all,2000,OR,1.0,2000
lower_bound_at_least_90,0.9,source_on_source,0.986143656070332,0.9625536610488775,ok,or_explicit_or_both_v1,OR,0,second_given_first_0,llama,1932.0,0.9754414052955775,12,pooled,scores/903262760efd7e3561bbc1e7,OR,defined,all,AND,all,2000,OR,1.0,2000
lower_bound_at_least_90,0.9,source_on_source,1.0,0.9060619803476946,ok,or_explicit_or_both_v1,OR,0,second_given_first_0,llama,128.0,0.97607421875,12,topic,scores/903262760efd7e3561bbc1e7,OR,defined,all,AND,animal_class,2000,OR,1.0,2000
lower_bound_at_least_90,0.9,source_on_source,0.9988846291448703,0.9901146199114741,ok,or_explicit_or_both_v1,OR,0,second_given_first_0,llama,1192.0,0.99558859961263,12,topic,scores/903262760efd7e3561bbc1e7,OR,defined,all,AND,cities,2000,OR,1.0,2000
lower_bound_at_least_90,0.9,source_on_source,1.0,0.9666611531190926,ok,or_explicit_or_both_v1,OR,0,second_given_first_0,llama,144.0,0.9866898148148148,12,topic,scores/903262760efd7e3561bbc1e7,OR,defined,all,AND,element_symb,2000,OR,1.0,2000
lower_bound_at_least_90,0.9,source_on_source,0.9963858173076923,0.9310004006853974,ok,or_explicit_or_both_v1,OR,0,second_given_first_0,llama,196.0,0.9701166180758017,12,topic,scores/903262760efd7e3561bbc1e7,OR,defined,all,AND,inventors,2000,OR,1.0,2000
lower_bound_at_least_90,0.9,source_on_source,0.9930411252469351,0.9350026019157942,ok,or_explicit_or_both_v1,OR,0,second_given_first_0,llama,272.0,0.9664792387543253,12,topic,scores/903262760efd7e3561bbc1e7,OR,defined,all,AND,sp_en_trans,2000,OR,1.0,2000
lower_bound_at_least_90,0.9,source_on_source,0.9916529469903096,0.9636064702481817,ok,or_explicit_or_both_v1,OR,0,second_given_first_0,llama,,0.9789896980015144,12,topic_macro,scores/903262760efd7e3561bbc1e7,OR,defined,all,AND,all,2000,OR,1.0,2000
lower_bound_at_least_90,0.9,source_on_source,0.9679215678059274,0.9329691592025076,ok,or_explicit_or_both_v1,OR,0,second_given_first_1,llama,1932.0,0.9513189648890432,12,pooled,scores/903262760efd7e3561bbc1e7,OR,defined,all,AND,all,2000,OR,1.0,2000
lower_bound_at_least_90,0.9,source_on_source,1.0,0.9661337067507805,ok,or_explicit_or_both_v1,OR,0,second_given_first_1,llama,128.0,0.9892578125,12,topic,scores/903262760efd7e3561bbc1e7,OR,defined,all,AND,animal_class,2000,OR,1.0,2000
lower_bound_at_least_90,0.9,source_on_source,0.9996562440250624,0.989776192384821,ok,or_explicit_or_both_v1,OR,0,second_given_first_1,llama,1192.0,0.9965964370974281,12,topic,scores/903262760efd7e3561bbc1e7,OR,defined,all,AND,cities,2000,OR,1.0,2000
lower_bound_at_least_90,0.9,source_on_source,0.998814635053468,0.9319910156250001,ok,or_explicit_or_both_v1,OR,0,second_given_first_1,llama,144.0,0.9693287037037037,12,topic,scores/903262760efd7e3561bbc1e7,OR,defined,all,AND,element_symb,2000,OR,1.0,2000
lower_bound_at_least_90,0.9,source_on_source,0.9996694676729642,0.9573141463414634,ok,or_explicit_or_both_v1,OR,0,second_given_first_1,llama,196.0,0.9836526447313619,12,topic,scores/903262760efd7e3561bbc1e7,OR,defined,all,AND,inventors,2000,OR,1.0,2000
lower_bound_at_least_90,0.9,source_on_source,0.9959727410812428,0.9445004017447199,ok,or_explicit_or_both_v1,OR,0,second_given_first_1,llama,272.0,0.9736159169550173,12,topic,scores/903262760efd7e3561bbc1e7,OR,defined,all,AND,sp_en_trans,2000,OR,1.0,2000
lower_bound_at_least_90,0.9,source_on_source,0.9934365376901204,0.9729196796753872,ok,or_explicit_or_both_v1,OR,0,second_given_first_1,llama,,0.9824903029975023,12,topic_macro,scores/903262760efd7e3561bbc1e7,OR,defined,all,AND,all,2000,OR,1.0,2000
lower_bound_at_least_90,0.9,source_on_target,0.9811814984308557,0.9656327221632879,ok,D_bare,AND,0,first_marginal,llama,3864.0,0.9734055720586912,12,pooled,scores/5e7dadc83bc5c73b8fb2eb1f,OR,defined,all,AND,all,2000,OR,1.0,2000
lower_bound_at_least_90,0.9,source_on_target,1.0,0.980321695427217,ok,D_bare,AND,0,first_marginal,llama,256.0,0.99273681640625,12,topic,scores/5e7dadc83bc5c73b8fb2eb1f,OR,defined,all,AND,animal_class,2000,OR,1.0,2000
lower_bound_at_least_90,0.9,source_on_target,0.9993061123241839,0.9947342084121608,ok,D_bare,AND,0,first_marginal,llama,2384.0,0.9975627505517769,12,topic,scores/5e7dadc83bc5c73b8fb2eb1f,OR,defined,all,AND,cities,2000,OR,1.0,2000
lower_bound_at_least_90,0.9,source_on_target,1.0,0.9835269895148142,ok,D_bare,AND,0,first_marginal,llama,288.0,0.9970100308641975,12,topic,scores/5e7dadc83bc5c73b8fb2eb1f,OR,defined,all,AND,element_symb,2000,OR,1.0,2000
lower_bound_at_least_90,0.9,source_on_target,0.9889596329365079,0.9457815035154138,ok,D_bare,AND,0,first_marginal,llama,392.0,0.9695960016659725,12,topic,scores/5e7dadc83bc5c73b8fb2eb1f,OR,defined,all,AND,inventors,2000,OR,1.0,2000
lower_bound_at_least_90,0.9,source_on_target,1.0,0.997935696241593,ok,D_bare,AND,0,first_marginal,llama,544.0,0.9994728589965398,12,topic,scores/5e7dadc83bc5c73b8fb2eb1f,OR,defined,all,AND,sp_en_trans,2000,OR,1.0,2000
lower_bound_at_least_90,0.9,source_on_target,0.996005997664976,0.9856129269754949,ok,D_bare,AND,0,first_marginal,llama,,0.9912756916969473,12,topic_macro,scores/5e7dadc83bc5c73b8fb2eb1f,OR,defined,all,AND,all,2000,OR,1.0,2000
lower_bound_at_least_90,0.9,source_on_target,0.9995224429353871,0.9946691109221074,ok,D_bare,AND,0,second_marginal,llama,3864.0,0.9977581454762119,12,pooled,scores/5e7dadc83bc5c73b8fb2eb1f,OR,defined,all,AND,all,2000,OR,1.0,2000
lower_bound_at_least_90,0.9,source_on_target,1.0,0.9614462159863946,ok,D_bare,AND,0,second_marginal,llama,256.0,0.99285888671875,12,topic,scores/5e7dadc83bc5c73b8fb2eb1f,OR,defined,all,AND,animal_class,2000,OR,1.0,2000
lower_bound_at_least_90,0.9,source_on_target,0.9999978754240639,0.9966364441850889,ok,D_bare,AND,0,second_marginal,llama,2384.0,0.9992596054231792,12,topic,scores/5e7dadc83bc5c73b8fb2eb1f,OR,defined,all,AND,cities,2000,OR,1.0,2000
lower_bound_at_least_90,0.9,source_on_target,1.0,1.0,ok,D_bare,AND,0,second_marginal,llama,288.0,1.0,12,topic,scores/5e7dadc83bc5c73b8fb2eb1f,OR,defined,all,AND,element_symb,2000,OR,1.0,2000
lower_bound_at_least_90,0.9,source_on_target,1.0,0.9869324267710243,ok,D_bare,AND,0,second_marginal,llama,392.0,0.9975531028738026,12,topic,scores/5e7dadc83bc5c73b8fb2eb1f,OR,defined,all,AND,inventors,2000,OR,1.0,2000
lower_bound_at_least_90,0.9,source_on_target,1.0,0.9998668639053254,ok,D_bare,AND,0,second_marginal,llama,544.0,0.9999864835640139,12,topic,scores/5e7dadc83bc5c73b8fb2eb1f,OR,defined,all,AND,sp_en_trans,2000,OR,1.0,2000
lower_bound_at_least_90,0.9,source_on_target,0.9999489924077285,0.9916587732882678,ok,D_bare,AND,0,second_marginal,llama,,0.9979316157159491,12,topic_macro,scores/5e7dadc83bc5c73b8fb2eb1f,OR,defined,all,AND,all,2000,OR,1.0,2000
lower_bound_at_least_90,0.9,source_on_target,0.9950706198312325,0.9855220737479007,ok,D_bare,AND,0,first_given_second_0,llama,1932.0,0.9907700320203696,12,pooled,scores/5e7dadc83bc5c73b8fb2eb1f,OR,defined,all,AND,all,2000,OR,1.0,2000
lower_bound_at_least_90,0.9,source_on_target,1.0,0.9791856830375535,ok,D_bare,AND,0,first_given_second_0,llama,128.0,0.9951171875,12,topic,scores/5e7dadc83bc5c73b8fb2eb1f,OR,defined,all,AND,animal_class,2000,OR,1.0,2000
lower_bound_at_least_90,0.9,source_on_target,1.0,0.9997436515215358,ok,D_bare,AND,0,first_given_second_0,llama,1192.0,0.9999577721724247,12,topic,scores/5e7dadc83bc5c73b8fb2eb1f,OR,defined,all,AND,cities,2000,OR,1.0,2000
lower_bound_at_least_90,0.9,source_on_target,1.0,0.9969132614018977,ok,D_bare,AND,0,first_given_second_0,llama,144.0,0.9998070987654321,12,topic,scores/5e7dadc83bc5c73b8fb2eb1f,OR,defined,all,AND,element_symb,2000,OR,1.0,2000
lower_bound_at_least_90,0.9,source_on_target,1.0,0.965027399954512,ok,D_bare,AND,0,first_given_second_0,llama,196.0,0.9896917950853811,12,topic,scores/5e7dadc83bc5c73b8fb2eb1f,OR,defined,all,AND,inventors,2000,OR,1.0,2000
lower_bound_at_least_90,0.9,source_on_target,1.0,0.99461427346254,ok,D_bare,AND,0,first_given_second_0,llama,272.0,0.998648356401384,12,topic,scores/5e7dadc83bc5c73b8fb2eb1f,OR,defined,all,AND,sp_en_trans,2000,OR,1.0,2000
lower_bound_at_least_90,0.9,source_on_target,0.9996219380879615,0.991076887281332,ok,D_bare,AND,0,first_given_second_0,llama,,0.9966444419849244,12,topic_macro,scores/5e7dadc83bc5c73b8fb2eb1f,OR,defined,all,AND,all,2000,OR,1.0,2000
lower_bound_at_least_90,0.9,source_on_target,0.9772736401554949,0.9533119124671696,ok,D_bare,AND,0,first_given_second_1,llama,1932.0,0.965859941960401,12,pooled,scores/5e7dadc83bc5c73b8fb2eb1f,OR,defined,all,AND,all,2000,OR,1.0,2000
lower_bound_at_least_90,0.9,source_on_target,1.0,1.0,ok,D_bare,AND,0,first_given_second_1,llama,128.0,1.0,12,topic,scores/5e7dadc83bc5c73b8fb2eb1f,OR,defined,all,AND,animal_class,2000,OR,1.0,2000
lower_bound_at_least_90,0.9,source_on_target,0.9999789221474404,0.9976133759782662,ok,D_bare,AND,0,first_given_second_1,llama,1192.0,0.9993074636277646,12,topic,scores/5e7dadc83bc5c73b8fb2eb1f,OR,defined,all,AND,cities,2000,OR,1.0,2000
lower_bound_at_least_90,0.9,source_on_target,1.0,0.9560151143790849,ok,D_bare,AND,0,first_given_second_1,llama,144.0,0.9918981481481481,12,topic,scores/5e7dadc83bc5c73b8fb2eb1f,OR,defined,all,AND,element_symb,2000,OR,1.0,2000
lower_bound_at_least_90,0.9,source_on_target,0.9992283950617284,0.9514284156490477,ok,D_bare,AND,0,first_given_second_1,llama,196.0,0.9827155351936693,12,topic,scores/5e7dadc83bc5c73b8fb2eb1f,OR,defined,all,AND,inventors,2000,OR,1.0,2000
lower_bound_at_least_90,0.9,source_on_target,1.0,1.0,ok,D_bare,AND,0,first_given_second_1,llama,272.0,1.0,12,topic,scores/5e7dadc83bc5c73b8fb2eb1f,OR,defined,all,AND,sp_en_trans,2000,OR,1.0,2000
lower_bound_at_least_90,0.9,source_on_target,0.9996088499505206,0.9856167396779468,ok,D_bare,AND,0,first_given_second_1,llama,,0.9947842293939164,12,topic_macro,scores/5e7dadc83bc5c73b8fb2eb1f,OR,defined,all,AND,all,2000,OR,1.0,2000
lower_bound_at_least_90,0.9,source_on_target,0.9999291069353228,0.9941765500964369,ok,D_bare,AND,0,second_given_first_0,llama,1932.0,0.9984364886471286,12,pooled,scores/5e7dadc83bc5c73b8fb2eb1f,OR,defined,all,AND,all,2000,OR,1.0,2000
lower_bound_at_least_90,0.9,source_on_target,1.0,0.9269882869944359,ok,D_bare,AND,0,second_given_first_0,llama,128.0,0.989013671875,12,topic,scores/5e7dadc83bc5c73b8fb2eb1f,OR,defined,all,AND,animal_class,2000,OR,1.0,2000
lower_bound_at_least_90,0.9,source_on_target,1.0,0.9972709990443711,ok,D_bare,AND,0,second_given_first_0,llama,1192.0,0.9995326787081663,12,topic,scores/5e7dadc83bc5c73b8fb2eb1f,OR,defined,all,AND,cities,2000,OR,1.0,2000
lower_bound_at_least_90,0.9,source_on_target,1.0,1.0,ok,D_bare,AND,0,second_given_first_0,llama,144.0,1.0,12,topic,scores/5e7dadc83bc5c73b8fb2eb1f,OR,defined,all,AND,element_symb,2000,OR,1.0,2000
lower_bound_at_least_90,0.9,source_on_target,1.0,0.9919928656352388,ok,D_bare,AND,0,second_given_first_0,llama,196.0,0.9981257809246148,12,topic,scores/5e7dadc83bc5c73b8fb2eb1f,OR,defined,all,AND,inventors,2000,OR,1.0,2000
lower_bound_at_least_90,0.9,source_on_target,1.0,1.0,ok,D_bare,AND,0,second_given_first_0,llama,272.0,1.0,12,topic,scores/5e7dadc83bc5c73b8fb2eb1f,OR,defined,all,AND,sp_en_trans,2000,OR,1.0,2000
lower_bound_at_least_90,0.9,source_on_target,1.0,0.9851199102754159,ok,D_bare,AND,0,second_given_first_0,llama,,0.9973344263015562,12,topic_macro,scores/5e7dadc83bc5c73b8fb2eb1f,OR,defined,all,AND,all,2000,OR,1.0,2000
lower_bound_at_least_90,0.9,source_on_target,0.9997538258056076,0.9941264377993538,ok,D_bare,AND,0,second_given_first_1,llama,1932.0,0.9978985292919941,12,pooled,scores/5e7dadc83bc5c73b8fb2eb1f,OR,defined,all,AND,all,2000,OR,1.0,2000
lower_bound_at_least_90,0.9,source_on_target,1.0,1.0,ok,D_bare,AND,0,second_given_first_1,llama,128.0,1.0,12,topic,scores/5e7dadc83bc5c73b8fb2eb1f,OR,defined,all,AND,animal_class,2000,OR,1.0,2000
lower_bound_at_least_90,0.9,source_on_target,1.0,0.9981580451238737,ok,D_bare,AND,0,second_given_first_1,llama,1192.0,0.9995608305932165,12,topic,scores/5e7dadc83bc5c73b8fb2eb1f,OR,defined,all,AND,cities,2000,OR,1.0,2000
lower_bound_at_least_90,0.9,source_on_target,1.0,1.0,ok,D_bare,AND,0,second_given_first_1,llama,144.0,1.0,12,topic,scores/5e7dadc83bc5c73b8fb2eb1f,OR,defined,all,AND,element_symb,2000,OR,1.0,2000
lower_bound_at_least_90,0.9,source_on_target,1.0,0.9790424945056344,ok,D_bare,AND,0,second_given_first_1,llama,196.0,0.9968763015410246,12,topic,scores/5e7dadc83bc5c73b8fb2eb1f,OR,defined,all,AND,inventors,2000,OR,1.0,2000
lower_bound_at_least_90,0.9,source_on_target,1.0,1.0,ok,D_bare,AND,0,second_given_first_1,llama,272.0,1.0,12,topic,scores/5e7dadc83bc5c73b8fb2eb1f,OR,defined,all,AND,sp_en_trans,2000,OR,1.0,2000
lower_bound_at_least_90,0.9,source_on_target,1.0,0.9957515832904055,ok,D_bare,AND,0,second_given_first_1,llama,,0.9992874264268483,12,topic_macro,scores/5e7dadc83bc5c73b8fb2eb1f,OR,defined,all,AND,all,2000,OR,1.0,2000
lower_bound_at_least_90,0.9,source_on_target,0.985689929940453,0.9705843840015165,ok,and_both_following_v1,AND,0,first_marginal,llama,3864.0,0.9787007745757408,12,pooled,scores/359ecf5cbe9043886992d873,OR,defined,all,AND,all,2000,OR,1.0,2000
lower_bound_at_least_90,0.9,source_on_target,0.9940816628426519,0.9449743931361507,ok,and_both_following_v1,AND,0,first_marginal,llama,256.0,0.97320556640625,12,topic,scores/359ecf5cbe9043886992d873,OR,defined,all,AND,animal_class,2000,OR,1.0,2000
lower_bound_at_least_90,0.9,source_on_target,0.9988406570049574,0.9894468819254684,ok,and_both_following_v1,AND,0,first_marginal,llama,2384.0,0.9955991565695239,12,topic,scores/359ecf5cbe9043886992d873,OR,defined,all,AND,cities,2000,OR,1.0,2000
lower_bound_at_least_90,0.9,source_on_target,1.0,0.9923300563655312,ok,and_both_following_v1,AND,0,first_marginal,llama,288.0,0.9982638888888888,12,topic,scores/359ecf5cbe9043886992d873,OR,defined,all,AND,element_symb,2000,OR,1.0,2000
point_below_90,0.9,source_on_target,0.8960995883794695,0.7922478100832838,ok,and_both_following_v1,AND,0,first_marginal,llama,392.0,0.8477197001249479,12,topic,scores/359ecf5cbe9043886992d873,OR,defined,all,AND,inventors,2000,OR,1.0,2000
lower_bound_at_least_90,0.9,source_on_target,0.9809955357142858,0.9249073456305599,ok,and_both_following_v1,AND,0,first_marginal,llama,544.0,0.9554633434256056,12,topic,scores/359ecf5cbe9043886992d873,OR,defined,all,AND,sp_en_trans,2000,OR,1.0,2000
lower_bound_at_least_90,0.9,source_on_target,0.9666108420290797,0.9400677916844561,ok,and_both_following_v1,AND,0,first_marginal,llama,,0.9540503310830433,12,topic_macro,scores/359ecf5cbe9043886992d873,OR,defined,all,AND,all,2000,OR,1.0,2000
lower_bound_at_least_90,0.9,source_on_target,0.999997895777512,0.9993441381372483,ok,and_both_following_v1,AND,0,second_marginal,llama,3864.0,0.99981594717282,12,pooled,scores/359ecf5cbe9043886992d873,OR,defined,all,AND,all,2000,OR,1.0,2000
lower_bound_at_least_90,0.9,source_on_target,1.0,0.9969381456286218,ok,and_both_following_v1,AND,0,second_marginal,llama,256.0,0.99957275390625,12,topic,scores/359ecf5cbe9043886992d873,OR,defined,all,AND,animal_class,2000,OR,1.0,2000
lower_bound_at_least_90,0.9,source_on_target,1.0,0.9999586611213159,ok,and_both_following_v1,AND,0,second_marginal,llama,2384.0,0.999991554434485,12,topic,scores/359ecf5cbe9043886992d873,OR,defined,all,AND,cities,2000,OR,1.0,2000
lower_bound_at_least_90,0.9,source_on_target,1.0,1.0,ok,and_both_following_v1,AND,0,second_marginal,llama,288.0,1.0,12,topic,scores/359ecf5cbe9043886992d873,OR,defined,all,AND,element_symb,2000,OR,1.0,2000
lower_bound_at_least_90,0.9,source_on_target,1.0,0.9974601991817765,ok,and_both_following_v1,AND,0,second_marginal,llama,392.0,0.9994533527696793,12,topic,scores/359ecf5cbe9043886992d873,OR,defined,all,AND,inventors,2000,OR,1.0,2000
lower_bound_at_least_90,0.9,source_on_target,1.0,1.0,ok,and_both_following_v1,AND,0,second_marginal,llama,544.0,1.0,12,topic,scores/359ecf5cbe9043886992d873,OR,defined,all,AND,sp_en_trans,2000,OR,1.0,2000
lower_bound_at_least_90,0.9,source_on_target,1.0,0.9991873831981762,ok,and_both_following_v1,AND,0,second_marginal,llama,,0.999803532222083,12,topic_macro,scores/359ecf5cbe9043886992d873,OR,defined,all,AND,all,2000,OR,1.0,2000
lower_bound_at_least_90,0.9,source_on_target,0.998821347245638,0.9864410589702653,ok,and_both_following_v1,AND,0,first_given_second_0,llama,1932.0,0.9942292607023906,12,pooled,scores/359ecf5cbe9043886992d873,OR,defined,all,AND,all,2000,OR,1.0,2000
lower_bound_at_least_90,0.9,source_on_target,1.0,0.9521444522140775,ok,and_both_following_v1,AND,0,first_given_second_0,llama,128.0,0.988525390625,12,topic,scores/359ecf5cbe9043886992d873,OR,defined,all,AND,animal_class,2000,OR,1.0,2000
lower_bound_at_least_90,0.9,source_on_target,1.0,0.990472962178875,ok,and_both_following_v1,AND,0,first_given_second_0,llama,1192.0,0.9979054997522634,12,topic,scores/359ecf5cbe9043886992d873,OR,defined,all,AND,cities,2000,OR,1.0,2000
lower_bound_at_least_90,0.9,source_on_target,1.0,0.9937565036420395,ok,and_both_following_v1,AND,0,first_given_second_0,llama,144.0,0.9988425925925926,12,topic,scores/359ecf5cbe9043886992d873,OR,defined,all,AND,element_symb,2000,OR,1.0,2000
point_at_least_90_bound_uncertain,0.9,source_on_target,0.9958413969161634,0.8953142564508828,ok,and_both_following_v1,AND,0,first_given_second_0,llama,196.0,0.9622032486463973,12,topic,scores/359ecf5cbe9043886992d873,OR,defined,all,AND,inventors,2000,OR,1.0,2000
lower_bound_at_least_90,0.9,source_on_target,0.9999577995152354,0.9304715395925226,ok,and_both_following_v1,AND,0,first_given_second_0,llama,272.0,0.9777249134948097,12,topic,scores/359ecf5cbe9043886992d873,OR,defined,all,AND,sp_en_trans,2000,OR,1.0,2000
lower_bound_at_least_90,0.9,source_on_target,0.9958940683327181,0.9677562302689395,ok,and_both_following_v1,AND,0,first_given_second_0,llama,,0.9850403290222125,12,topic_macro,scores/359ecf5cbe9043886992d873,OR,defined,all,AND,all,2000,OR,1.0,2000
lower_bound_at_least_90,0.9,source_on_target,0.9934853970290054,0.9770297107096633,ok,and_both_following_v1,AND,0,first_given_second_1,llama,1932.0,0.9864524259609325,12,pooled,scores/359ecf5cbe9043886992d873,OR,defined,all,AND,all,2000,OR,1.0,2000
lower_bound_at_least_90,0.9,source_on_target,1.0,0.9698206029978864,ok,and_both_following_v1,AND,0,first_given_second_1,llama,128.0,0.995849609375,12,topic,scores/359ecf5cbe9043886992d873,OR,defined,all,AND,animal_class,2000,OR,1.0,2000
lower_bound_at_least_90,0.9,source_on_target,0.9998198244389715,0.9929220721989277,ok,and_both_following_v1,AND,0,first_given_second_1,llama,1192.0,0.997730958064952,12,topic,scores/359ecf5cbe9043886992d873,OR,defined,all,AND,cities,2000,OR,1.0,2000
lower_bound_at_least_90,0.9,source_on_target,1.0,1.0,ok,and_both_following_v1,AND,0,first_given_second_1,llama,144.0,1.0,12,topic,scores/359ecf5cbe9043886992d873,OR,defined,all,AND,element_symb,2000,OR,1.0,2000
point_below_90,0.9,source_on_target,0.9605209429570915,0.7956214142390012,ok,and_both_following_v1,AND,0,first_given_second_1,llama,196.0,0.8938983756768013,12,topic,scores/359ecf5cbe9043886992d873,OR,defined,all,AND,inventors,2000,OR,1.0,2000
lower_bound_at_least_90,0.9,source_on_target,0.9997917729591836,0.981124433513562,ok,and_both_following_v1,AND,0,first_given_second_1,llama,272.0,0.9944852941176471,12,topic,scores/359ecf5cbe9043886992d873,OR,defined,all,AND,sp_en_trans,2000,OR,1.0,2000
lower_bound_at_least_90,0.9,source_on_target,0.9900759247272354,0.956143372724385,ok,and_both_following_v1,AND,0,first_given_second_1,llama,,0.97639284744688,12,topic_macro,scores/359ecf5cbe9043886992d873,OR,defined,all,AND,all,2000,OR,1.0,2000
lower_bound_at_least_90,0.9,source_on_target,1.0,0.9990888822769831,ok,and_both_following_v1,AND,0,second_given_first_0,llama,1932.0,0.999763169287879,12,pooled,scores/359ecf5cbe9043886992d873,OR,defined,all,AND,all,2000,OR,1.0,2000
lower_bound_at_least_90,0.9,source_on_target,1.0,0.9877525825144873,ok,and_both_following_v1,AND,0,second_given_first_0,llama,128.0,0.998291015625,12,topic,scores/359ecf5cbe9043886992d873,OR,defined,all,AND,animal_class,2000,OR,1.0,2000
lower_bound_at_least_90,0.9,source_on_target,1.0,1.0,ok,and_both_following_v1,AND,0,second_given_first_0,llama,1192.0,1.0,12,topic,scores/359ecf5cbe9043886992d873,OR,defined,all,AND,cities,2000,OR,1.0,2000
lower_bound_at_least_90,0.9,source_on_target,1.0,1.0,ok,and_both_following_v1,AND,0,second_given_first_0,llama,144.0,1.0,12,topic,scores/359ecf5cbe9043886992d873,OR,defined,all,AND,element_symb,2000,OR,1.0,2000
lower_bound_at_least_90,0.9,source_on_target,1.0,0.9936507250490912,ok,and_both_following_v1,AND,0,second_given_first_0,llama,196.0,0.9987505206164098,12,topic,scores/359ecf5cbe9043886992d873,OR,defined,all,AND,inventors,2000,OR,1.0,2000
lower_bound_at_least_90,0.9,source_on_target,1.0,1.0,ok,and_both_following_v1,AND,0,second_given_first_0,llama,272.0,1.0,12,topic,scores/359ecf5cbe9043886992d873,OR,defined,all,AND,sp_en_trans,2000,OR,1.0,2000
lower_bound_at_least_90,0.9,source_on_target,1.0,0.9971541597657793,ok,and_both_following_v1,AND,0,second_given_first_0,llama,,0.999408307248282,12,topic_macro,scores/359ecf5cbe9043886992d873,OR,defined,all,AND,all,2000,OR,1.0,2000
lower_bound_at_least_90,0.9,source_on_target,1.0,0.9999211984746259,ok,and_both_following_v1,AND,0,second_given_first_1,llama,1932.0,0.9999807106207322,12,pooled,scores/359ecf5cbe9043886992d873,OR,defined,all,AND,all,2000,OR,1.0,2000
lower_bound_at_least_90,0.9,source_on_target,1.0,1.0,ok,and_both_following_v1,AND,0,second_given_first_1,llama,128.0,1.0,12,topic,scores/359ecf5cbe9043886992d873,OR,defined,all,AND,animal_class,2000,OR,1.0,2000
lower_bound_at_least_90,0.9,source_on_target,1.0,0.9999507517276927,ok,and_both_following_v1,AND,0,second_given_first_1,llama,1192.0,0.9999943696229899,12,topic,scores/359ecf5cbe9043886992d873,OR,defined,all,AND,cities,2000,OR,1.0,2000
lower_bound_at_least_90,0.9,source_on_target,1.0,1.0,ok,and_both_following_v1,AND,0,second_given_first_1,llama,144.0,1.0,12,topic,scores/359ecf5cbe9043886992d873,OR,defined,all,AND,element_symb,2000,OR,1.0,2000
lower_bound_at_least_90,0.9,source_on_target,1.0,1.0,ok,and_both_following_v1,AND,0,second_given_first_1,llama,196.0,1.0,12,topic,scores/359ecf5cbe9043886992d873,OR,defined,all,AND,inventors,2000,OR,1.0,2000
lower_bound_at_least_90,0.9,source_on_target,1.0,1.0,ok,and_both_following_v1,AND,0,second_given_first_1,llama,272.0,1.0,12,topic,scores/359ecf5cbe9043886992d873,OR,defined,all,AND,sp_en_trans,2000,OR,1.0,2000
lower_bound_at_least_90,0.9,source_on_target,1.0,0.9999901503455385,ok,and_both_following_v1,AND,0,second_given_first_1,llama,,0.999998873924598,12,topic_macro,scores/359ecf5cbe9043886992d873,OR,defined,all,AND,all,2000,OR,1.0,2000
lower_bound_at_least_90,0.9,target_on_target,1.0,0.9998008310786641,ok,D_bare,AND,0,first_marginal,llama,3864.0,0.9999606175173283,12,pooled,scores/74ba67a14f5ab728979a6c21,OR,defined,all,AND,all,2000,AND,1.0,2000
lower_bound_at_least_90,0.9,target_on_target,1.0,1.0,ok,D_bare,AND,0,first_marginal,llama,256.0,1.0,12,topic,scores/74ba67a14f5ab728979a6c21,OR,defined,all,AND,animal_class,2000,AND,1.0,2000
lower_bound_at_least_90,0.9,target_on_target,1.0,0.9999922380355762,ok,D_bare,AND,0,first_marginal,llama,2384.0,0.9999992962028738,12,topic,scores/74ba67a14f5ab728979a6c21,OR,defined,all,AND,cities,2000,AND,1.0,2000
lower_bound_at_least_90,0.9,target_on_target,1.0,1.0,ok,D_bare,AND,0,first_marginal,llama,288.0,1.0,12,topic,scores/74ba67a14f5ab728979a6c21,OR,defined,all,AND,element_symb,2000,AND,1.0,2000
lower_bound_at_least_90,0.9,target_on_target,1.0,0.9930533854166667,ok,D_bare,AND,0,first_marginal,llama,392.0,0.9991930445647647,12,topic,scores/74ba67a14f5ab728979a6c21,OR,defined,all,AND,inventors,2000,AND,1.0,2000
lower_bound_at_least_90,0.9,target_on_target,1.0,1.0,ok,D_bare,AND,0,first_marginal,llama,544.0,1.0,12,topic,scores/74ba67a14f5ab728979a6c21,OR,defined,all,AND,sp_en_trans,2000,AND,1.0,2000
lower_bound_at_least_90,0.9,target_on_target,1.0,0.9986106770833333,ok,D_bare,AND,0,first_marginal,llama,,0.9998384681535277,12,topic_macro,scores/74ba67a14f5ab728979a6c21,OR,defined,all,AND,all,2000,AND,1.0,2000
lower_bound_at_least_90,0.9,target_on_target,0.9999829009575,0.9991919724525957,ok,D_bare,AND,0,second_marginal,llama,3864.0,0.9997318240465688,12,pooled,scores/74ba67a14f5ab728979a6c21,OR,defined,all,AND,all,2000,AND,1.0,2000
lower_bound_at_least_90,0.9,target_on_target,1.0,0.9923084716796875,ok,D_bare,AND,0,second_marginal,llama,256.0,0.99835205078125,12,topic,scores/74ba67a14f5ab728979a6c21,OR,defined,all,AND,animal_class,2000,AND,1.0,2000
lower_bound_at_least_90,0.9,target_on_target,1.0,0.9988820891770818,ok,D_bare,AND,0,second_marginal,llama,2384.0,0.9997888608621234,12,topic,scores/74ba67a14f5ab728979a6c21,OR,defined,all,AND,cities,2000,AND,1.0,2000
lower_bound_at_least_90,0.9,target_on_target,1.0,1.0,ok,D_bare,AND,0,second_marginal,llama,288.0,1.0,12,topic,scores/74ba67a14f5ab728979a6c21,OR,defined,all,AND,element_symb,2000,AND,1.0,2000
lower_bound_at_least_90,0.9,target_on_target,1.0,0.9978727932790701,ok,D_bare,AND,0,second_marginal,llama,392.0,0.9996355685131195,12,topic,scores/74ba67a14f5ab728979a6c21,OR,defined,all,AND,inventors,2000,AND,1.0,2000
lower_bound_at_least_90,0.9,target_on_target,1.0,1.0,ok,D_bare,AND,0,second_marginal,llama,544.0,1.0,12,topic,scores/74ba67a14f5ab728979a6c21,OR,defined,all,AND,sp_en_trans,2000,AND,1.0,2000
lower_bound_at_least_90,0.9,target_on_target,0.999998784188232,0.9983288676543037,ok,D_bare,AND,0,second_marginal,llama,,0.9995552960312987,12,topic_macro,scores/74ba67a14f5ab728979a6c21,OR,defined,all,AND,all,2000,AND,1.0,2000
lower_bound_at_least_90,0.9,target_on_target,1.0,0.9997741794212222,ok,D_bare,AND,0,first_given_second_0,llama,1932.0,0.9999571347127383,12,pooled,scores/74ba67a14f5ab728979a6c21,OR,defined,all,AND,all,2000,AND,1.0,2000
lower_bound_at_least_90,0.9,target_on_target,1.0,1.0,ok,D_bare,AND,0,first_given_second_0,llama,128.0,1.0,12,topic,scores/74ba67a14f5ab728979a6c21,OR,defined,all,AND,animal_class,2000,AND,1.0,2000
lower_bound_at_least_90,0.9,target_on_target,1.0,1.0,ok,D_bare,AND,0,first_given_second_0,llama,1192.0,1.0,12,topic,scores/74ba67a14f5ab728979a6c21,OR,defined,all,AND,cities,2000,AND,1.0,2000
lower_bound_at_least_90,0.9,target_on_target,1.0,1.0,ok,D_bare,AND,0,first_given_second_0,llama,144.0,1.0,12,topic,scores/74ba67a14f5ab728979a6c21,OR,defined,all,AND,element_symb,2000,AND,1.0,2000
lower_bound_at_least_90,0.9,target_on_target,1.0,0.9931129476584022,ok,D_bare,AND,0,first_given_second_0,llama,196.0,0.9989587671803415,12,topic,scores/74ba67a14f5ab728979a6c21,OR,defined,all,AND,inventors,2000,AND,1.0,2000
lower_bound_at_least_90,0.9,target_on_target,1.0,1.0,ok,D_bare,AND,0,first_given_second_0,llama,272.0,1.0,12,topic,scores/74ba67a14f5ab728979a6c21,OR,defined,all,AND,sp_en_trans,2000,AND,1.0,2000
lower_bound_at_least_90,0.9,target_on_target,1.0,0.9986225895316805,ok,D_bare,AND,0,first_given_second_0,llama,,0.9997917534360683,12,topic_macro,scores/74ba67a14f5ab728979a6c21,OR,defined,all,AND,all,2000,AND,1.0,2000
lower_bound_at_least_90,0.9,target_on_target,1.0,0.9998086921906435,ok,D_bare,AND,0,first_given_second_1,llama,1932.0,0.9999657077701907,12,pooled,scores/74ba67a14f5ab728979a6c21,OR,defined,all,AND,all,2000,AND,1.0,2000
lower_bound_at_least_90,0.9,target_on_target,1.0,1.0,ok,D_bare,AND,0,first_given_second_1,llama,128.0,1.0,12,topic,scores/74ba67a14f5ab728979a6c21,OR,defined,all,AND,animal_class,2000,AND,1.0,2000
lower_bound_at_least_90,0.9,target_on_target,1.0,1.0,ok,D_bare,AND,0,first_given_second_1,llama,1192.0,1.0,12,topic,scores/74ba67a14f5ab728979a6c21,OR,defined,all,AND,cities,2000,AND,1.0,2000
lower_bound_at_least_90,0.9,target_on_target,1.0,1.0,ok,D_bare,AND,0,first_given_second_1,llama,144.0,1.0,12,topic,scores/74ba67a14f5ab728979a6c21,OR,defined,all,AND,element_symb,2000,AND,1.0,2000
lower_bound_at_least_90,0.9,target_on_target,1.0,0.9946492271105827,ok,D_bare,AND,0,first_given_second_1,llama,196.0,0.9993752603082049,12,topic,scores/74ba67a14f5ab728979a6c21,OR,defined,all,AND,inventors,2000,AND,1.0,2000
lower_bound_at_least_90,0.9,target_on_target,1.0,1.0,ok,D_bare,AND,0,first_given_second_1,llama,272.0,1.0,12,topic,scores/74ba67a14f5ab728979a6c21,OR,defined,all,AND,sp_en_trans,2000,AND,1.0,2000
lower_bound_at_least_90,0.9,target_on_target,1.0,0.9989298454221165,ok,D_bare,AND,0,first_given_second_1,llama,,0.999875052061641,12,topic_macro,scores/74ba67a14f5ab728979a6c21,OR,defined,all,AND,all,2000,AND,1.0,2000
lower_bound_at_least_90,0.9,target_on_target,1.0,0.9986224245025754,ok,D_bare,AND,0,second_given_first_0,llama,1932.0,0.999613140782463,12,pooled,scores/74ba67a14f5ab728979a6c21,OR,defined,all,AND,all,2000,AND,1.0,2000
lower_bound_at_least_90,0.9,target_on_target,1.0,0.9706055484693877,ok,D_bare,AND,0,second_given_first_0,llama,128.0,0.994873046875,12,topic,scores/74ba67a14f5ab728979a6c21,OR,defined,all,AND,animal_class,2000,AND,1.0,2000
lower_bound_at_least_90,0.9,target_on_target,1.0,0.9981075520415459,ok,D_bare,AND,0,second_given_first_0,llama,1192.0,0.9996790685104274,12,topic,scores/74ba67a14f5ab728979a6c21,OR,defined,all,AND,cities,2000,AND,1.0,2000
lower_bound_at_least_90,0.9,target_on_target,1.0,1.0,ok,D_bare,AND,0,second_given_first_0,llama,144.0,1.0,12,topic,scores/74ba67a14f5ab728979a6c21,OR,defined,all,AND,element_symb,2000,AND,1.0,2000
lower_bound_at_least_90,0.9,target_on_target,1.0,1.0,ok,D_bare,AND,0,second_given_first_0,llama,196.0,1.0,12,topic,scores/74ba67a14f5ab728979a6c21,OR,defined,all,AND,inventors,2000,AND,1.0,2000
lower_bound_at_least_90,0.9,target_on_target,1.0,1.0,ok,D_bare,AND,0,second_given_first_0,llama,272.0,1.0,12,topic,scores/74ba67a14f5ab728979a6c21,OR,defined,all,AND,sp_en_trans,2000,AND,1.0,2000
lower_bound_at_least_90,0.9,target_on_target,1.0,0.9940655459585087,ok,D_bare,AND,0,second_given_first_0,llama,,0.9989104230770856,12,topic_macro,scores/74ba67a14f5ab728979a6c21,OR,defined,all,AND,all,2000,AND,1.0,2000
lower_bound_at_least_90,0.9,target_on_target,1.0,0.9993532613490677,ok,D_bare,AND,0,second_given_first_1,llama,1932.0,0.9998510431267655,12,pooled,scores/74ba67a14f5ab728979a6c21,OR,defined,all,AND,all,2000,AND,1.0,2000
lower_bound_at_least_90,0.9,target_on_target,1.0,1.0,ok,D_bare,AND,0,second_given_first_1,llama,128.0,1.0,12,topic,scores/74ba67a14f5ab728979a6c21,OR,defined,all,AND,animal_class,2000,AND,1.0,2000
lower_bound_at_least_90,0.9,target_on_target,1.0,0.999712170404108,ok,D_bare,AND,0,second_given_first_1,llama,1192.0,0.9999296202873744,12,topic,scores/74ba67a14f5ab728979a6c21,OR,defined,all,AND,cities,2000,AND,1.0,2000
lower_bound_at_least_90,0.9,target_on_target,1.0,1.0,ok,D_bare,AND,0,second_given_first_1,llama,144.0,1.0,12,topic,scores/74ba67a14f5ab728979a6c21,OR,defined,all,AND,element_symb,2000,AND,1.0,2000
lower_bound_at_least_90,0.9,target_on_target,1.0,0.998520534162627,ok,D_bare,AND,0,second_given_first_1,llama,196.0,0.9997917534360683,12,topic,scores/74ba67a14f5ab728979a6c21,OR,defined,all,AND,inventors,2000,AND,1.0,2000
lower_bound_at_least_90,0.9,target_on_target,1.0,1.0,ok,D_bare,AND,0,second_given_first_1,llama,272.0,1.0,12,topic,scores/74ba67a14f5ab728979a6c21,OR,defined,all,AND,sp_en_trans,2000,AND,1.0,2000
lower_bound_at_least_90,0.9,target_on_target,1.0,0.9996880713134171,ok,D_bare,AND,0,second_given_first_1,llama,,0.9999442747446885,12,topic_macro,scores/74ba67a14f5ab728979a6c21,OR,defined,all,AND,all,2000,AND,1.0,2000
lower_bound_at_least_90,0.9,target_on_target,0.9964713877633838,0.9871117563060013,ok,and_both_following_v1,AND,0,first_marginal,llama,3864.0,0.9926989699471471,12,pooled,scores/0142d70ed19c3cfa25f6727b,OR,defined,all,AND,all,2000,AND,1.0,2000
lower_bound_at_least_90,0.9,target_on_target,1.0,0.9685184379375152,ok,and_both_following_v1,AND,0,first_marginal,llama,256.0,0.9932861328125,12,topic,scores/0142d70ed19c3cfa25f6727b,OR,defined,all,AND,animal_class,2000,AND,1.0,2000
lower_bound_at_least_90,0.9,target_on_target,0.9999976055237929,0.9958456147399668,ok,and_both_following_v1,AND,0,first_marginal,llama,2384.0,0.9990928055042566,12,topic,scores/0142d70ed19c3cfa25f6727b,OR,defined,all,AND,cities,2000,AND,1.0,2000
lower_bound_at_least_90,0.9,target_on_target,1.0,1.0,ok,and_both_following_v1,AND,0,first_marginal,llama,288.0,1.0,12,topic,scores/0142d70ed19c3cfa25f6727b,OR,defined,all,AND,element_symb,2000,AND,1.0,2000
lower_bound_at_least_90,0.9,target_on_target,0.9893547918590335,0.9258428595643139,ok,and_both_following_v1,AND,0,first_marginal,llama,392.0,0.9653009162848813,12,topic,scores/0142d70ed19c3cfa25f6727b,OR,defined,all,AND,inventors,2000,AND,1.0,2000
lower_bound_at_least_90,0.9,target_on_target,0.9970566364147325,0.9609459401081154,ok,and_both_following_v1,AND,0,first_marginal,llama,544.0,0.9835369809688581,12,topic,scores/0142d70ed19c3cfa25f6727b,OR,defined,all,AND,sp_en_trans,2000,AND,1.0,2000
lower_bound_at_least_90,0.9,target_on_target,0.9950147587706919,0.9783193645561101,ok,and_both_following_v1,AND,0,first_marginal,llama,,0.9882433671140992,12,topic_macro,scores/0142d70ed19c3cfa25f6727b,OR,defined,all,AND,all,2000,AND,1.0,2000
lower_bound_at_least_90,0.9,target_on_target,0.9999983457819602,0.9998727955701785,ok,and_both_following_v1,AND,0,second_marginal,llama,3864.0,0.9999592779771014,12,pooled,scores/0142d70ed19c3cfa25f6727b,OR,defined,all,AND,all,2000,AND,1.0,2000
lower_bound_at_least_90,0.9,target_on_target,1.0,0.9995539323645728,ok,and_both_following_v1,AND,0,second_marginal,llama,256.0,0.99993896484375,12,topic,scores/0142d70ed19c3cfa25f6727b,OR,defined,all,AND,animal_class,2000,AND,1.0,2000
lower_bound_at_least_90,0.9,target_on_target,1.0,0.9999011235433792,ok,and_both_following_v1,AND,0,second_marginal,llama,2384.0,0.9999739595063285,12,topic,scores/0142d70ed19c3cfa25f6727b,OR,defined,all,AND,cities,2000,AND,1.0,2000
lower_bound_at_least_90,0.9,target_on_target,1.0,1.0,ok,and_both_following_v1,AND,0,second_marginal,llama,288.0,1.0,12,topic,scores/0142d70ed19c3cfa25f6727b,OR,defined,all,AND,element_symb,2000,AND,1.0,2000
lower_bound_at_least_90,0.9,target_on_target,1.0,1.0,ok,and_both_following_v1,AND,0,second_marginal,llama,392.0,1.0,12,topic,scores/0142d70ed19c3cfa25f6727b,OR,defined,all,AND,inventors,2000,AND,1.0,2000
lower_bound_at_least_90,0.9,target_on_target,1.0,1.0,ok,and_both_following_v1,AND,0,second_marginal,llama,544.0,1.0,12,topic,scores/0142d70ed19c3cfa25f6727b,OR,defined,all,AND,sp_en_trans,2000,AND,1.0,2000
lower_bound_at_least_90,0.9,target_on_target,1.0,0.9999054684486924,ok,and_both_following_v1,AND,0,second_marginal,llama,,0.9999825848700157,12,topic_macro,scores/0142d70ed19c3cfa25f6727b,OR,defined,all,AND,all,2000,AND,1.0,2000
lower_bound_at_least_90,0.9,target_on_target,0.9990891682120593,0.9927014239861249,ok,and_both_following_v1,AND,0,first_given_second_0,llama,1932.0,0.9967572410186507,12,pooled,scores/0142d70ed19c3cfa25f6727b,OR,defined,all,AND,all,2000,AND,1.0,2000
lower_bound_at_least_90,0.9,target_on_target,1.0,0.9553964980512618,ok,and_both_following_v1,AND,0,first_given_second_0,llama,128.0,0.9921875,12,topic,scores/0142d70ed19c3cfa25f6727b,OR,defined,all,AND,animal_class,2000,AND,1.0,2000
lower_bound_at_least_90,0.9,target_on_target,1.0,0.9992748793863047,ok,and_both_following_v1,AND,0,first_given_second_0,llama,1192.0,0.9998958380253141,12,topic,scores/0142d70ed19c3cfa25f6727b,OR,defined,all,AND,cities,2000,AND,1.0,2000
lower_bound_at_least_90,0.9,target_on_target,1.0,1.0,ok,and_both_following_v1,AND,0,first_given_second_0,llama,144.0,1.0,12,topic,scores/0142d70ed19c3cfa25f6727b,OR,defined,all,AND,element_symb,2000,AND,1.0,2000
lower_bound_at_least_90,0.9,target_on_target,1.0,0.9730738766040774,ok,and_both_following_v1,AND,0,first_given_second_0,llama,196.0,0.994585589337776,12,topic,scores/0142d70ed19c3cfa25f6727b,OR,defined,all,AND,inventors,2000,AND,1.0,2000
lower_bound_at_least_90,0.9,target_on_target,1.0,0.9855175064471334,ok,and_both_following_v1,AND,0,first_given_second_0,llama,272.0,0.9961072664359861,12,topic,scores/0142d70ed19c3cfa25f6727b,OR,defined,all,AND,sp_en_trans,2000,AND,1.0,2000
lower_bound_at_least_90,0.9,target_on_target,0.9998264200600882,0.9880432250215269,ok,and_both_following_v1,AND,0,first_given_second_0,llama,,0.9965552387598153,12,topic_macro,scores/0142d70ed19c3cfa25f6727b,OR,defined,all,AND,all,2000,AND,1.0,2000
lower_bound_at_least_90,0.9,target_on_target,0.9976449147776056,0.9886867228120919,ok,and_both_following_v1,AND,0,first_given_second_1,llama,1932.0,0.9942164011162121,12,pooled,scores/0142d70ed19c3cfa25f6727b,OR,defined,all,AND,all,2000,AND,1.0,2000
lower_bound_at_least_90,0.9,target_on_target,1.0,0.9936218877551021,ok,and_both_following_v1,AND,0,first_given_second_1,llama,128.0,0.999267578125,12,topic,scores/0142d70ed19c3cfa25f6727b,OR,defined,all,AND,animal_class,2000,AND,1.0,2000
lower_bound_at_least_90,0.9,target_on_target,1.0,0.9994069520338235,ok,and_both_following_v1,AND,0,first_given_second_1,llama,1192.0,0.9999296202873744,12,topic,scores/0142d70ed19c3cfa25f6727b,OR,defined,all,AND,cities,2000,AND,1.0,2000
lower_bound_at_least_90,0.9,target_on_target,1.0,1.0,ok,and_both_following_v1,AND,0,first_given_second_1,llama,144.0,1.0,12,topic,scores/0142d70ed19c3cfa25f6727b,OR,defined,all,AND,element_symb,2000,AND,1.0,2000
point_at_least_90_bound_uncertain,0.9,target_on_target,0.9776914605933548,0.7875961131656805,ok,and_both_following_v1,AND,0,first_given_second_1,llama,196.0,0.9155560183256977,12,topic,scores/0142d70ed19c3cfa25f6727b,OR,defined,all,AND,inventors,2000,AND,1.0,2000
lower_bound_at_least_90,0.9,target_on_target,0.9998424700693131,0.9824615536834456,ok,and_both_following_v1,AND,0,first_given_second_1,llama,272.0,0.9936202422145328,12,topic,scores/0142d70ed19c3cfa25f6727b,OR,defined,all,AND,sp_en_trans,2000,AND,1.0,2000
lower_bound_at_least_90,0.9,target_on_target,0.9942864557759616,0.9560405147990444,ok,and_both_following_v1,AND,0,first_given_second_1,llama,,0.981674691790521,12,topic_macro,scores/0142d70ed19c3cfa25f6727b,OR,defined,all,AND,all,2000,AND,1.0,2000
lower_bound_at_least_90,0.9,target_on_target,1.0,0.9999080481857588,ok,and_both_following_v1,AND,0,second_given_first_0,llama,1932.0,0.9999828538850953,12,pooled,scores/0142d70ed19c3cfa25f6727b,OR,defined,all,AND,all,2000,AND,1.0,2000
lower_bound_at_least_90,0.9,target_on_target,1.0,0.9982157294582912,ok,and_both_following_v1,AND,0,second_given_first_0,llama,128.0,0.999755859375,12,topic,scores/0142d70ed19c3cfa25f6727b,OR,defined,all,AND,animal_class,2000,AND,1.0,2000
lower_bound_at_least_90,0.9,target_on_target,1.0,1.0,ok,and_both_following_v1,AND,0,second_given_first_0,llama,1192.0,1.0,12,topic,scores/0142d70ed19c3cfa25f6727b,OR,defined,all,AND,cities,2000,AND,1.0,2000
lower_bound_at_least_90,0.9,target_on_target,1.0,1.0,ok,and_both_following_v1,AND,0,second_given_first_0,llama,144.0,1.0,12,topic,scores/0142d70ed19c3cfa25f6727b,OR,defined,all,AND,element_symb,2000,AND,1.0,2000
lower_bound_at_least_90,0.9,target_on_target,1.0,1.0,ok,and_both_following_v1,AND,0,second_given_first_0,llama,196.0,1.0,12,topic,scores/0142d70ed19c3cfa25f6727b,OR,defined,all,AND,inventors,2000,AND,1.0,2000
lower_bound_at_least_90,0.9,target_on_target,1.0,1.0,ok,and_both_following_v1,AND,0,second_given_first_0,llama,272.0,1.0,12,topic,scores/0142d70ed19c3cfa25f6727b,OR,defined,all,AND,sp_en_trans,2000,AND,1.0,2000
lower_bound_at_least_90,0.9,target_on_target,1.0,0.9996431458916583,ok,and_both_following_v1,AND,0,second_given_first_0,llama,,0.999951171875,12,topic_macro,scores/0142d70ed19c3cfa25f6727b,OR,defined,all,AND,all,2000,AND,1.0,2000
lower_bound_at_least_90,0.9,target_on_target,1.0,0.9999305941142791,ok,and_both_following_v1,AND,0,second_given_first_1,llama,1932.0,0.9999871404138215,12,pooled,scores/0142d70ed19c3cfa25f6727b,OR,defined,all,AND,all,2000,AND,1.0,2000
lower_bound_at_least_90,0.9,target_on_target,1.0,1.0,ok,and_both_following_v1,AND,0,second_given_first_1,llama,128.0,1.0,12,topic,scores/0142d70ed19c3cfa25f6727b,OR,defined,all,AND,animal_class,2000,AND,1.0,2000
lower_bound_at_least_90,0.9,target_on_target,1.0,0.9998622575120533,ok,and_both_following_v1,AND,0,second_given_first_1,llama,1192.0,0.9999774784919598,12,topic,scores/0142d70ed19c3cfa25f6727b,OR,defined,all,AND,cities,2000,AND,1.0,2000
lower_bound_at_least_90,0.9,target_on_target,1.0,1.0,ok,and_both_following_v1,AND,0,second_given_first_1,llama,144.0,1.0,12,topic,scores/0142d70ed19c3cfa25f6727b,OR,defined,all,AND,element_symb,2000,AND,1.0,2000
lower_bound_at_least_90,0.9,target_on_target,1.0,1.0,ok,and_both_following_v1,AND,0,second_given_first_1,llama,196.0,1.0,12,topic,scores/0142d70ed19c3cfa25f6727b,OR,defined,all,AND,inventors,2000,AND,1.0,2000
lower_bound_at_least_90,0.9,target_on_target,1.0,1.0,ok,and_both_following_v1,AND,0,second_given_first_1,llama,272.0,1.0,12,topic,scores/0142d70ed19c3cfa25f6727b,OR,defined,all,AND,sp_en_trans,2000,AND,1.0,2000
lower_bound_at_least_90,0.9,target_on_target,1.0,0.9999724515024107,ok,and_both_following_v1,AND,0,second_given_first_1,llama,,0.9999954956983921,12,topic_macro,scores/0142d70ed19c3cfa25f6727b,OR,defined,all,AND,all,2000,AND,1.0,2000
lower_bound_at_least_90,0.9,source_on_source,0.9999686443370259,0.9980610038931869,ok,D_bare,AND,0,first_marginal,qwen,3864.0,0.9994473057023692,18,pooled,scores/ac415a0b99969c27ebb13d53,AND,defined,all,OR,all,2000,AND,1.0,2000
lower_bound_at_least_90,0.9,source_on_source,1.0,1.0,ok,D_bare,AND,0,first_marginal,qwen,256.0,1.0,18,topic,scores/ac415a0b99969c27ebb13d53,AND,defined,all,OR,animal_class,2000,AND,1.0,2000
lower_bound_at_least_90,0.9,source_on_source,1.0,0.9979793506370268,ok,D_bare,AND,0,first_marginal,qwen,2384.0,0.9995636457817215,18,topic,scores/ac415a0b99969c27ebb13d53,AND,defined,all,OR,cities,2000,AND,1.0,2000
lower_bound_at_least_90,0.9,source_on_source,1.0,1.0,ok,D_bare,AND,0,first_marginal,qwen,288.0,1.0,18,topic,scores/ac415a0b99969c27ebb13d53,AND,defined,all,OR,element_symb,2000,AND,1.0,2000
lower_bound_at_least_90,0.9,source_on_source,1.0,0.9757644356762313,ok,D_bare,AND,0,first_marginal,qwen,392.0,0.993856726364015,18,topic,scores/ac415a0b99969c27ebb13d53,AND,defined,all,OR,inventors,2000,AND,1.0,2000
lower_bound_at_least_90,0.9,source_on_source,1.0,0.9979859969723184,ok,D_bare,AND,0,first_marginal,qwen,544.0,0.9996485726643599,18,topic,scores/ac415a0b99969c27ebb13d53,AND,defined,all,OR,sp_en_trans,2000,AND,1.0,2000
lower_bound_at_least_90,0.9,source_on_source,0.9999105382569876,0.9950557030799968,ok,D_bare,AND,0,first_marginal,qwen,,0.9986137889620194,18,topic_macro,scores/ac415a0b99969c27ebb13d53,AND,defined,all,OR,all,2000,AND,1.0,2000
lower_bound_at_least_90,0.9,source_on_source,0.9996216823008008,0.995135229286334,ok,D_bare,AND,0,second_marginal,qwen,3864.0,0.9982730647394433,18,pooled,scores/ac415a0b99969c27ebb13d53,AND,defined,all,OR,all,2000,AND,1.0,2000
lower_bound_at_least_90,0.9,source_on_source,1.0,0.9902253277726762,ok,D_bare,AND,0,second_marginal,qwen,256.0,0.99859619140625,18,topic,scores/ac415a0b99969c27ebb13d53,AND,defined,all,OR,animal_class,2000,AND,1.0,2000
lower_bound_at_least_90,0.9,source_on_source,0.9998684054080975,0.9937888803171878,ok,D_bare,AND,0,second_marginal,qwen,2384.0,0.9981694236746093,18,topic,scores/ac415a0b99969c27ebb13d53,AND,defined,all,OR,cities,2000,AND,1.0,2000
lower_bound_at_least_90,0.9,source_on_source,1.0,1.0,ok,D_bare,AND,0,second_marginal,qwen,288.0,1.0,18,topic,scores/ac415a0b99969c27ebb13d53,AND,defined,all,OR,element_symb,2000,AND,1.0,2000
lower_bound_at_least_90,0.9,source_on_source,0.999681620695153,0.9846634743795201,ok,D_bare,AND,0,second_marginal,qwen,392.0,0.9952884214910453,18,topic,scores/ac415a0b99969c27ebb13d53,AND,defined,all,OR,inventors,2000,AND,1.0,2000
lower_bound_at_least_90,0.9,source_on_source,1.0,0.9975694539470222,ok,D_bare,AND,0,second_marginal,qwen,544.0,0.9997161548442907,18,topic,scores/ac415a0b99969c27ebb13d53,AND,defined,all,OR,sp_en_trans,2000,AND,1.0,2000
lower_bound_at_least_90,0.9,source_on_source,0.9995948590187579,0.9957086310295662,ok,D_bare,AND,0,second_marginal,qwen,,0.998354038283239,18,topic_macro,scores/ac415a0b99969c27ebb13d53,AND,defined,all,OR,all,2000,AND,1.0,2000
lower_bound_at_least_90,0.9,source_on_source,0.9999860084423301,0.9975806302280039,ok,D_bare,AND,0,first_given_second_0,qwen,1932.0,0.9993141554038124,18,pooled,scores/ac415a0b99969c27ebb13d53,AND,defined,all,OR,all,2000,AND,1.0,2000
lower_bound_at_least_90,0.9,source_on_source,1.0,1.0,ok,D_bare,AND,0,first_given_second_0,qwen,128.0,1.0,18,topic,scores/ac415a0b99969c27ebb13d53,AND,defined,all,OR,animal_class,2000,AND,1.0,2000
lower_bound_at_least_90,0.9,source_on_source,1.0,0.9969054543668819,ok,D_bare,AND,0,first_given_second_0,qwen,1192.0,0.9993356155128147,18,topic,scores/ac415a0b99969c27ebb13d53,AND,defined,all,OR,cities,2000,AND,1.0,2000
lower_bound_at_least_90,0.9,source_on_source,1.0,1.0,ok,D_bare,AND,0,first_given_second_0,qwen,144.0,1.0,18,topic,scores/ac415a0b99969c27ebb13d53,AND,defined,all,OR,element_symb,2000,AND,1.0,2000
lower_bound_at_least_90,0.9,source_on_source,1.0,0.9810992712276906,ok,D_bare,AND,0,first_given_second_0,qwen,196.0,0.9958350687213661,18,topic,scores/ac415a0b99969c27ebb13d53,AND,defined,all,OR,inventors,2000,AND,1.0,2000
lower_bound_at_least_90,0.9,source_on_source,1.0,0.9964576069976195,ok,D_bare,AND,0,first_given_second_0,qwen,272.0,0.9993512110726643,18,topic,scores/ac415a0b99969c27ebb13d53,AND,defined,all,OR,sp_en_trans,2000,AND,1.0,2000
lower_bound_at_least_90,0.9,source_on_source,1.0,0.9959890067962043,ok,D_bare,AND,0,first_given_second_0,qwen,,0.9989043790613691,18,topic_macro,scores/ac415a0b99969c27ebb13d53,AND,defined,all,OR,all,2000,AND,1.0,2000
lower_bound_at_least_90,0.9,source_on_source,0.9999824438196475,0.9983832286963571,ok,D_bare,AND,0,first_given_second_1,qwen,1932.0,0.9995627740699304,18,pooled,scores/ac415a0b99969c27ebb13d53,AND,defined,all,OR,all,2000,AND,1.0,2000
lower_bound_at_least_90,0.9,source_on_source,1.0,1.0,ok,D_bare,AND,0,first_given_second_1,qwen,128.0,1.0,18,topic,scores/ac415a0b99969c27ebb13d53,AND,defined,all,OR,animal_class,2000,AND,1.0,2000
lower_bound_at_least_90,0.9,source_on_source,1.0,0.9986573803005603,ok,D_bare,AND,0,first_given_second_1,qwen,1192.0,0.999746633034548,18,topic,scores/ac415a0b99969c27ebb13d53,AND,defined,all,OR,cities,2000,AND,1.0,2000
lower_bound_at_least_90,0.9,source_on_source,1.0,1.0,ok,D_bare,AND,0,first_given_second_1,qwen,144.0,1.0,18,topic,scores/ac415a0b99969c27ebb13d53,AND,defined,all,OR,element_symb,2000,AND,1.0,2000
lower_bound_at_least_90,0.9,source_on_source,1.0,0.9701435433979686,ok,D_bare,AND,0,first_given_second_1,qwen,196.0,0.9915660141607664,18,topic,scores/ac415a0b99969c27ebb13d53,AND,defined,all,OR,inventors,2000,AND,1.0,2000
lower_bound_at_least_90,0.9,source_on_source,1.0,1.0,ok,D_bare,AND,0,first_given_second_1,qwen,272.0,1.0,18,topic,scores/ac415a0b99969c27ebb13d53,AND,defined,all,OR,sp_en_trans,2000,AND,1.0,2000
lower_bound_at_least_90,0.9,source_on_source,0.9999796990949722,0.9939562059453702,ok,D_bare,AND,0,first_given_second_1,qwen,,0.998262529439063,18,topic_macro,scores/ac415a0b99969c27ebb13d53,AND,defined,all,OR,all,2000,AND,1.0,2000
lower_bound_at_least_90,0.9,source_on_source,0.9994518294996062,0.9957203887224418,ok,D_bare,AND,0,second_given_first_0,qwen,1932.0,0.9979981910848775,18,pooled,scores/ac415a0b99969c27ebb13d53,AND,defined,all,OR,all,2000,AND,1.0,2000
lower_bound_at_least_90,0.9,source_on_source,1.0,0.966508556547619,ok,D_bare,AND,0,second_given_first_0,qwen,128.0,0.9951171875,18,topic,scores/ac415a0b99969c27ebb13d53,AND,defined,all,OR,animal_class,2000,AND,1.0,2000
lower_bound_at_least_90,0.9,source_on_source,0.9998773150258604,0.9956381968990853,ok,D_bare,AND,0,second_given_first_0,qwen,1192.0,0.9984488311337327,18,topic,scores/ac415a0b99969c27ebb13d53,AND,defined,all,OR,cities,2000,AND,1.0,2000
lower_bound_at_least_90,0.9,source_on_source,1.0,1.0,ok,D_bare,AND,0,second_given_first_0,qwen,144.0,1.0,18,topic,scores/ac415a0b99969c27ebb13d53,AND,defined,all,OR,element_symb,2000,AND,1.0,2000
lower_bound_at_least_90,0.9,source_on_source,0.999688552088967,0.9693851520199916,ok,D_bare,AND,0,second_given_first_0,qwen,196.0,0.9891711786755518,18,topic,scores/ac415a0b99969c27ebb13d53,AND,defined,all,OR,inventors,2000,AND,1.0,2000
lower_bound_at_least_90,0.9,source_on_source,1.0,0.9971597633136094,ok,D_bare,AND,0,second_given_first_0,qwen,272.0,0.9997837370242214,18,topic,scores/ac415a0b99969c27ebb13d53,AND,defined,all,OR,sp_en_trans,2000,AND,1.0,2000
lower_bound_at_least_90,0.9,source_on_source,0.9994452619776723,0.9899203263659759,ok,D_bare,AND,0,second_given_first_0,qwen,,0.9965041868667012,18,topic_macro,scores/ac415a0b99969c27ebb13d53,AND,defined,all,OR,all,2000,AND,1.0,2000
lower_bound_at_least_90,0.9,source_on_source,0.9999040570325533,0.9949717348339947,ok,D_bare,AND,0,second_given_first_1,qwen,1932.0,0.9985993767387232,18,pooled,scores/ac415a0b99969c27ebb13d53,AND,defined,all,OR,all,2000,AND,1.0,2000
lower_bound_at_least_90,0.9,source_on_source,1.0,1.0,ok,D_bare,AND,0,second_given_first_1,qwen,128.0,1.0,18,topic,scores/ac415a0b99969c27ebb13d53,AND,defined,all,OR,animal_class,2000,AND,1.0,2000
lower_bound_at_least_90,0.9,source_on_source,0.9999648270892451,0.9934090141065103,ok,D_bare,AND,0,second_given_first_1,qwen,1192.0,0.9982517679383811,18,topic,scores/ac415a0b99969c27ebb13d53,AND,defined,all,OR,cities,2000,AND,1.0,2000
lower_bound_at_least_90,0.9,source_on_source,1.0,1.0,ok,D_bare,AND,0,second_given_first_1,qwen,144.0,1.0,18,topic,scores/ac415a0b99969c27ebb13d53,AND,defined,all,OR,element_symb,2000,AND,1.0,2000
lower_bound_at_least_90,0.9,source_on_source,1.0,0.9951769386574074,ok,D_bare,AND,0,second_given_first_1,qwen,196.0,0.999271137026239,18,topic,scores/ac415a0b99969c27ebb13d53,AND,defined,all,OR,inventors,2000,AND,1.0,2000
lower_bound_at_least_90,0.9,source_on_source,1.0,0.9982698961937716,ok,D_bare,AND,0,second_given_first_1,qwen,272.0,0.9998918685121108,18,topic,scores/ac415a0b99969c27ebb13d53,AND,defined,all,OR,sp_en_trans,2000,AND,1.0,2000
lower_bound_at_least_90,0.9,source_on_source,0.9999786258483567,0.998167650053587,ok,D_bare,AND,0,second_given_first_1,qwen,,0.9994829546953461,18,topic_macro,scores/ac415a0b99969c27ebb13d53,AND,defined,all,OR,all,2000,AND,1.0,2000
lower_bound_at_least_90,0.9,source_on_source,0.9971767850037468,0.9881812044926298,ok,and_both_following_v1,AND,0,first_marginal,qwen,3864.0,0.9937866766114133,18,pooled,scores/f9430cb5b9bd4fba95a5858a,AND,defined,all,OR,all,2000,AND,1.0,2000
lower_bound_at_least_90,0.9,source_on_source,1.0,0.9928059282354917,ok,and_both_following_v1,AND,0,first_marginal,qwen,256.0,0.99810791015625,18,topic,scores/f9430cb5b9bd4fba95a5858a,AND,defined,all,OR,animal_class,2000,AND,1.0,2000
lower_bound_at_least_90,0.9,source_on_source,0.99991196479884,0.991849363584476,ok,and_both_following_v1,AND,0,first_marginal,qwen,2384.0,0.9976021631908473,18,topic,scores/f9430cb5b9bd4fba95a5858a,AND,defined,all,OR,cities,2000,AND,1.0,2000
lower_bound_at_least_90,0.9,source_on_source,0.9977681051587302,0.9540857288062284,ok,and_both_following_v1,AND,0,first_marginal,qwen,288.0,0.9820601851851852,18,topic,scores/f9430cb5b9bd4fba95a5858a,AND,defined,all,OR,element_symb,2000,AND,1.0,2000
lower_bound_at_least_90,0.9,source_on_source,0.9976970569069581,0.9376032103026749,ok,and_both_following_v1,AND,0,first_marginal,qwen,392.0,0.9777696793002916,18,topic,scores/f9430cb5b9bd4fba95a5858a,AND,defined,all,OR,inventors,2000,AND,1.0,2000
lower_bound_at_least_90,0.9,source_on_source,1.0,0.9940124470928938,ok,and_both_following_v1,AND,0,first_marginal,qwen,544.0,0.9986618728373703,18,topic,scores/f9430cb5b9bd4fba95a5858a,AND,defined,all,OR,sp_en_trans,2000,AND,1.0,2000
lower_bound_at_least_90,0.9,source_on_source,0.9966537676571586,0.9812951570303082,ok,and_both_following_v1,AND,0,first_marginal,qwen,,0.9908403621339887,18,topic_macro,scores/f9430cb5b9bd4fba95a5858a,AND,defined,all,OR,all,2000,AND,1.0,2000
lower_bound_at_least_90,0.9,source_on_source,0.9989440200404855,0.9896646729513352,ok,and_both_following_v1,AND,0,second_marginal,qwen,3864.0,0.9957137391818731,18,pooled,scores/f9430cb5b9bd4fba95a5858a,AND,defined,all,OR,all,2000,AND,1.0,2000
lower_bound_at_least_90,0.9,source_on_source,1.0,0.9985650510204082,ok,and_both_following_v1,AND,0,second_marginal,qwen,256.0,0.99981689453125,18,topic,scores/f9430cb5b9bd4fba95a5858a,AND,defined,all,OR,animal_class,2000,AND,1.0,2000
lower_bound_at_least_90,0.9,source_on_source,0.9996678054214946,0.9853018634489293,ok,and_both_following_v1,AND,0,second_marginal,qwen,2384.0,0.9948876176748795,18,topic,scores/f9430cb5b9bd4fba95a5858a,AND,defined,all,OR,cities,2000,AND,1.0,2000
lower_bound_at_least_90,0.9,source_on_source,1.0,1.0,ok,and_both_following_v1,AND,0,second_marginal,qwen,288.0,1.0,18,topic,scores/f9430cb5b9bd4fba95a5858a,AND,defined,all,OR,element_symb,2000,AND,1.0,2000
lower_bound_at_least_90,0.9,source_on_source,1.0,0.9953152188057703,ok,and_both_following_v1,AND,0,second_marginal,qwen,392.0,0.9989067055393586,18,topic,scores/f9430cb5b9bd4fba95a5858a,AND,defined,all,OR,inventors,2000,AND,1.0,2000
lower_bound_at_least_90,0.9,source_on_source,1.0,0.9992438211315737,ok,and_both_following_v1,AND,0,second_marginal,qwen,544.0,0.9998783520761245,18,topic,scores/f9430cb5b9bd4fba95a5858a,AND,defined,all,OR,sp_en_trans,2000,AND,1.0,2000
lower_bound_at_least_90,0.9,source_on_source,0.9997871288866822,0.9967441073016473,ok,and_both_following_v1,AND,0,second_marginal,qwen,,0.9986979139643225,18,topic_macro,scores/f9430cb5b9bd4fba95a5858a,AND,defined,all,OR,all,2000,AND,1.0,2000
lower_bound_at_least_90,0.9,source_on_source,0.9999532023453253,0.995310650539771,ok,and_both_following_v1,AND,0,first_given_second_0,qwen,1932.0,0.9987043966925144,18,pooled,scores/f9430cb5b9bd4fba95a5858a,AND,defined,all,OR,all,2000,AND,1.0,2000
lower_bound_at_least_90,0.9,source_on_source,1.0,1.0,ok,and_both_following_v1,AND,0,first_given_second_0,qwen,128.0,1.0,18,topic,scores/f9430cb5b9bd4fba95a5858a,AND,defined,all,OR,animal_class,2000,AND,1.0,2000
lower_bound_at_least_90,0.9,source_on_source,1.0,0.9982986580081702,ok,and_both_following_v1,AND,0,first_given_second_0,qwen,1192.0,0.9996790685104274,18,topic,scores/f9430cb5b9bd4fba95a5858a,AND,defined,all,OR,cities,2000,AND,1.0,2000
lower_bound_at_least_90,0.9,source_on_source,1.0,1.0,ok,and_both_following_v1,AND,0,first_given_second_0,qwen,144.0,1.0,18,topic,scores/f9430cb5b9bd4fba95a5858a,AND,defined,all,OR,element_symb,2000,AND,1.0,2000
lower_bound_at_least_90,0.9,source_on_source,1.0,0.9715536767578125,ok,and_both_following_v1,AND,0,first_given_second_0,qwen,196.0,0.9917742607246981,18,topic,scores/f9430cb5b9bd4fba95a5858a,AND,defined,all,OR,inventors,2000,AND,1.0,2000
lower_bound_at_least_90,0.9,source_on_source,1.0,1.0,ok,and_both_following_v1,AND,0,first_given_second_0,qwen,272.0,1.0,18,topic,scores/f9430cb5b9bd4fba95a5858a,AND,defined,all,OR,sp_en_trans,2000,AND,1.0,2000
lower_bound_at_least_90,0.9,source_on_source,0.9999906340986364,0.9942578916995448,ok,and_both_following_v1,AND,0,first_given_second_0,qwen,,0.9982906658470252,18,topic_macro,scores/f9430cb5b9bd4fba95a5858a,AND,defined,all,OR,all,2000,AND,1.0,2000
lower_bound_at_least_90,0.9,source_on_source,0.9976233330088881,0.9890086071916852,ok,and_both_following_v1,AND,0,first_given_second_1,qwen,1932.0,0.994151031553138,18,pooled,scores/f9430cb5b9bd4fba95a5858a,AND,defined,all,OR,all,2000,AND,1.0,2000
lower_bound_at_least_90,0.9,source_on_source,1.0,1.0,ok,and_both_following_v1,AND,0,first_given_second_1,qwen,128.0,1.0,18,topic,scores/f9430cb5b9bd4fba95a5858a,AND,defined,all,OR,animal_class,2000,AND,1.0,2000
lower_bound_at_least_90,0.9,source_on_source,1.0,0.9968666774788103,ok,and_both_following_v1,AND,0,first_given_second_1,qwen,1192.0,0.9992708661771992,18,topic,scores/f9430cb5b9bd4fba95a5858a,AND,defined,all,OR,cities,2000,AND,1.0,2000
lower_bound_at_least_90,0.9,source_on_source,1.0,0.9916853155671831,ok,and_both_following_v1,AND,0,first_given_second_1,qwen,144.0,0.9984567901234568,18,topic,scores/f9430cb5b9bd4fba95a5858a,AND,defined,all,OR,element_symb,2000,AND,1.0,2000
lower_bound_at_least_90,0.9,source_on_source,0.9960664202732612,0.906187700249199,ok,and_both_following_v1,AND,0,first_given_second_1,qwen,196.0,0.9657434402332361,18,topic,scores/f9430cb5b9bd4fba95a5858a,AND,defined,all,OR,inventors,2000,AND,1.0,2000
lower_bound_at_least_90,0.9,source_on_source,1.0,1.0,ok,and_both_following_v1,AND,0,first_given_second_1,qwen,272.0,1.0,18,topic,scores/f9430cb5b9bd4fba95a5858a,AND,defined,all,OR,sp_en_trans,2000,AND,1.0,2000
lower_bound_at_least_90,0.9,source_on_source,0.9989153130338028,0.9806112564085611,ok,and_both_following_v1,AND,0,first_given_second_1,qwen,,0.9926942193067785,18,topic_macro,scores/f9430cb5b9bd4fba95a5858a,AND,defined,all,OR,all,2000,AND,1.0,2000
lower_bound_at_least_90,0.9,source_on_source,0.9996138452144168,0.994834871720679,ok,and_both_following_v1,AND,0,second_given_first_0,qwen,1932.0,0.9979606839585236,18,pooled,scores/f9430cb5b9bd4fba95a5858a,AND,defined,all,OR,all,2000,AND,1.0,2000
lower_bound_at_least_90,0.9,source_on_source,1.0,0.9942602040816326,ok,and_both_following_v1,AND,0,second_given_first_0,qwen,128.0,0.999267578125,18,topic,scores/f9430cb5b9bd4fba95a5858a,AND,defined,all,OR,animal_class,2000,AND,1.0,2000
lower_bound_at_least_90,0.9,source_on_source,0.9999950239355001,0.9972311805601412,ok,and_both_following_v1,AND,0,second_given_first_0,qwen,1192.0,0.9992905724967344,18,topic,scores/f9430cb5b9bd4fba95a5858a,AND,defined,all,OR,cities,2000,AND,1.0,2000
lower_bound_at_least_90,0.9,source_on_source,1.0,1.0,ok,and_both_following_v1,AND,0,second_given_first_0,qwen,144.0,1.0,18,topic,scores/f9430cb5b9bd4fba95a5858a,AND,defined,all,OR,element_symb,2000,AND,1.0,2000
lower_bound_at_least_90,0.9,source_on_source,1.0,0.9906230801039697,ok,and_both_following_v1,AND,0,second_given_first_0,qwen,196.0,0.9983340274885465,18,topic,scores/f9430cb5b9bd4fba95a5858a,AND,defined,all,OR,inventors,2000,AND,1.0,2000
lower_bound_at_least_90,0.9,source_on_source,1.0,0.9979840663805934,ok,and_both_following_v1,AND,0,second_given_first_0,qwen,272.0,0.9996756055363322,18,topic,scores/f9430cb5b9bd4fba95a5858a,AND,defined,all,OR,sp_en_trans,2000,AND,1.0,2000
lower_bound_at_least_90,0.9,source_on_source,0.9999851246069787,0.9975420338800604,ok,and_both_following_v1,AND,0,second_given_first_0,qwen,,0.9993135567293226,18,topic_macro,scores/f9430cb5b9bd4fba95a5858a,AND,defined,all,OR,all,2000,AND,1.0,2000
lower_bound_at_least_90,0.9,source_on_source,0.9994299949868879,0.985628694323808,ok,and_both_following_v1,AND,0,second_given_first_1,qwen,1932.0,0.9950051224018278,18,pooled,scores/f9430cb5b9bd4fba95a5858a,AND,defined,all,OR,all,2000,AND,1.0,2000
lower_bound_at_least_90,0.9,source_on_source,1.0,1.0,ok,and_both_following_v1,AND,0,second_given_first_1,qwen,128.0,1.0,18,topic,scores/f9430cb5b9bd4fba95a5858a,AND,defined,all,OR,animal_class,2000,AND,1.0,2000
lower_bound_at_least_90,0.9,source_on_source,0.9999008649738869,0.9772218477146848,ok,and_both_following_v1,AND,0,second_given_first_1,qwen,1192.0,0.9929057249673439,18,topic,scores/f9430cb5b9bd4fba95a5858a,AND,defined,all,OR,cities,2000,AND,1.0,2000
lower_bound_at_least_90,0.9,source_on_source,1.0,1.0,ok,and_both_following_v1,AND,0,second_given_first_1,qwen,144.0,1.0,18,topic,scores/f9430cb5b9bd4fba95a5858a,AND,defined,all,OR,element_symb,2000,AND,1.0,2000
lower_bound_at_least_90,0.9,source_on_source,1.0,0.9989583901976994,ok,and_both_following_v1,AND,0,second_given_first_1,qwen,196.0,0.9998958767180341,18,topic,scores/f9430cb5b9bd4fba95a5858a,AND,defined,all,OR,inventors,2000,AND,1.0,2000
lower_bound_at_least_90,0.9,source_on_source,1.0,1.0,ok,and_both_following_v1,AND,0,second_given_first_1,qwen,272.0,1.0,18,topic,scores/f9430cb5b9bd4fba95a5858a,AND,defined,all,OR,sp_en_trans,2000,AND,1.0,2000
lower_bound_at_least_90,0.9,source_on_source,0.9999774291059024,0.9954443695429369,ok,and_both_following_v1,AND,0,second_given_first_1,qwen,,0.9985603203370756,18,topic_macro,scores/f9430cb5b9bd4fba95a5858a,AND,defined,all,OR,all,2000,AND,1.0,2000
lower_bound_at_least_90,0.9,source_on_target,0.983018217805054,0.960022898333746,ok,D_bare,OR,0,first_marginal,qwen,3864.0,0.9726669495775626,18,pooled,scores/efe654a7c838d360942ceb62,AND,defined,all,OR,all,2000,AND,1.0,2000
lower_bound_at_least_90,0.9,source_on_target,0.9868429528061224,0.9259617086007618,ok,D_bare,OR,0,first_marginal,qwen,256.0,0.953369140625,18,topic,scores/efe654a7c838d360942ceb62,AND,defined,all,OR,animal_class,2000,AND,1.0,2000
lower_bound_at_least_90,0.9,source_on_target,0.9932265476936639,0.9752998672894617,ok,D_bare,OR,0,first_marginal,qwen,2384.0,0.9857459968019459,18,topic,scores/efe654a7c838d360942ceb62,AND,defined,all,OR,cities,2000,AND,1.0,2000
lower_bound_at_least_90,0.9,source_on_target,1.0,0.9951337876806168,ok,D_bare,OR,0,first_marginal,qwen,288.0,0.9988425925925926,18,topic,scores/efe654a7c838d360942ceb62,AND,defined,all,OR,element_symb,2000,AND,1.0,2000
point_at_least_90_bound_uncertain,0.9,source_on_target,0.9703983616801649,0.8090896178784014,ok,D_bare,OR,0,first_marginal,qwen,392.0,0.9047271970012495,18,topic,scores/efe654a7c838d360942ceb62,AND,defined,all,OR,inventors,2000,AND,1.0,2000
lower_bound_at_least_90,0.9,source_on_target,0.9993308183648129,0.9806031358305253,ok,D_bare,OR,0,first_marginal,qwen,544.0,0.9923361807958477,18,topic,scores/efe654a7c838d360942ceb62,AND,defined,all,OR,sp_en_trans,2000,AND,1.0,2000
lower_bound_at_least_90,0.9,source_on_target,0.983104382875437,0.9487203852821948,ok,D_bare,OR,0,first_marginal,qwen,,0.9670042215633272,18,topic_macro,scores/efe654a7c838d360942ceb62,AND,defined,all,OR,all,2000,AND,1.0,2000
lower_bound_at_least_90,0.9,source_on_target,0.9945348130818839,0.984406814678287,ok,D_bare,OR,0,second_marginal,qwen,3864.0,0.9901149968494014,18,pooled,scores/efe654a7c838d360942ceb62,AND,defined,all,OR,all,2000,AND,1.0,2000
lower_bound_at_least_90,0.9,source_on_target,0.9973712531887755,0.9393291239835778,ok,D_bare,OR,0,second_marginal,qwen,256.0,0.9739990234375,18,topic,scores/efe654a7c838d360942ceb62,AND,defined,all,OR,animal_class,2000,AND,1.0,2000
lower_bound_at_least_90,0.9,source_on_target,0.9982892480450785,0.9899344989298292,ok,D_bare,OR,0,second_marginal,qwen,2384.0,0.9950607517679384,18,topic,scores/efe654a7c838d360942ceb62,AND,defined,all,OR,cities,2000,AND,1.0,2000
lower_bound_at_least_90,0.9,source_on_target,1.0,0.9958074978263854,ok,D_bare,OR,0,second_marginal,qwen,288.0,0.9993730709876543,18,topic,scores/efe654a7c838d360942ceb62,AND,defined,all,OR,element_symb,2000,AND,1.0,2000
lower_bound_at_least_90,0.9,source_on_target,0.9911025742767083,0.9074970645340237,ok,D_bare,OR,0,second_marginal,qwen,392.0,0.9599125364431487,18,topic,scores/efe654a7c838d360942ceb62,AND,defined,all,OR,inventors,2000,AND,1.0,2000
lower_bound_at_least_90,0.9,source_on_target,1.0,0.998283878999788,ok,D_bare,OR,0,second_marginal,qwen,544.0,0.9997026384083045,18,topic,scores/efe654a7c838d360942ceb62,AND,defined,all,OR,sp_en_trans,2000,AND,1.0,2000
lower_bound_at_least_90,0.9,source_on_target,0.9941981582277075,0.9734376273510746,ok,D_bare,OR,0,second_marginal,qwen,,0.9856096042089092,18,topic_macro,scores/efe654a7c838d360942ceb62,AND,defined,all,OR,all,2000,AND,1.0,2000
lower_bound_at_least_90,0.9,source_on_target,0.9866699088652195,0.9579623067120252,ok,D_bare,OR,0,first_given_second_0,qwen,1932.0,0.9745283746769029,18,pooled,scores/efe654a7c838d360942ceb62,AND,defined,all,OR,all,2000,AND,1.0,2000
lower_bound_at_least_90,0.9,source_on_target,1.0,0.9228220663265306,ok,D_bare,OR,0,first_given_second_0,qwen,128.0,0.970458984375,18,topic,scores/efe654a7c838d360942ceb62,AND,defined,all,OR,animal_class,2000,AND,1.0,2000
lower_bound_at_least_90,0.9,source_on_target,0.9984041879054394,0.9809228644222137,ok,D_bare,OR,0,first_given_second_0,qwen,1192.0,0.9917655736228098,18,topic,scores/efe654a7c838d360942ceb62,AND,defined,all,OR,cities,2000,AND,1.0,2000
lower_bound_at_least_90,0.9,source_on_target,1.0,0.9936336146112329,ok,D_bare,OR,0,first_given_second_0,qwen,144.0,0.9988425925925926,18,topic,scores/efe654a7c838d360942ceb62,AND,defined,all,OR,element_symb,2000,AND,1.0,2000
point_at_least_90_bound_uncertain,0.9,source_on_target,0.9879576727385169,0.8485128034600136,ok,D_bare,OR,0,first_given_second_0,qwen,196.0,0.9329446064139941,18,topic,scores/efe654a7c838d360942ceb62,AND,defined,all,OR,inventors,2000,AND,1.0,2000
lower_bound_at_least_90,0.9,source_on_target,0.9997846603509721,0.9771302604743413,ok,D_bare,OR,0,first_given_second_0,qwen,272.0,0.9917820069204152,18,topic,scores/efe654a7c838d360942ceb62,AND,defined,all,OR,sp_en_trans,2000,AND,1.0,2000
lower_bound_at_least_90,0.9,source_on_target,0.9920256381464395,0.9591389952834923,ok,D_bare,OR,0,first_given_second_0,qwen,,0.9771587527849623,18,topic_macro,scores/efe654a7c838d360942ceb62,AND,defined,all,OR,all,2000,AND,1.0,2000
lower_bound_at_least_90,0.9,source_on_target,0.9927300091739879,0.9696331371018307,ok,D_bare,OR,0,first_given_second_1,qwen,1932.0,0.9834443544273412,18,pooled,scores/efe654a7c838d360942ceb62,AND,defined,all,OR,all,2000,AND,1.0,2000
lower_bound_at_least_90,0.9,source_on_target,1.0,0.9019082010926118,ok,D_bare,OR,0,first_given_second_1,qwen,128.0,0.965087890625,18,topic,scores/efe654a7c838d360942ceb62,AND,defined,all,OR,animal_class,2000,AND,1.0,2000
lower_bound_at_least_90,0.9,source_on_target,0.9988208934924284,0.9822210949772687,ok,D_bare,OR,0,first_given_second_1,qwen,1192.0,0.9926242061168415,18,topic,scores/efe654a7c838d360942ceb62,AND,defined,all,OR,cities,2000,AND,1.0,2000
lower_bound_at_least_90,0.9,source_on_target,1.0,1.0,ok,D_bare,OR,0,first_given_second_1,qwen,144.0,1.0,18,topic,scores/efe654a7c838d360942ceb62,AND,defined,all,OR,element_symb,2000,AND,1.0,2000
point_below_90,0.9,source_on_target,0.9760845790816326,0.7315508811719215,ok,D_bare,OR,0,first_given_second_1,qwen,196.0,0.8848396501457726,18,topic,scores/efe654a7c838d360942ceb62,AND,defined,all,OR,inventors,2000,AND,1.0,2000
lower_bound_at_least_90,0.9,source_on_target,1.0,0.9834055833728242,ok,D_bare,OR,0,first_given_second_1,qwen,272.0,0.9948637543252595,18,topic,scores/efe654a7c838d360942ceb62,AND,defined,all,OR,sp_en_trans,2000,AND,1.0,2000
lower_bound_at_least_90,0.9,source_on_target,0.9891549713000195,0.9353823172224761,ok,D_bare,OR,0,first_given_second_1,qwen,,0.9674831002425748,18,topic_macro,scores/efe654a7c838d360942ceb62,AND,defined,all,OR,all,2000,AND,1.0,2000
lower_bound_at_least_90,0.9,source_on_target,0.9924481496747074,0.9752869841479493,ok,D_bare,OR,0,second_given_first_0,qwen,1932.0,0.9850153672054833,18,pooled,scores/efe654a7c838d360942ceb62,AND,defined,all,OR,all,2000,AND,1.0,2000
point_at_least_90_bound_uncertain,0.9,source_on_target,0.9971393494897959,0.8261151633783708,ok,D_bare,OR,0,second_given_first_0,qwen,128.0,0.9375,18,topic,scores/efe654a7c838d360942ceb62,AND,defined,all,OR,animal_class,2000,AND,1.0,2000
lower_bound_at_least_90,0.9,source_on_target,0.9990537661790596,0.9910263269098327,ok,D_bare,OR,0,second_given_first_0,qwen,1192.0,0.9960840727895139,18,topic,scores/efe654a7c838d360942ceb62,AND,defined,all,OR,cities,2000,AND,1.0,2000
lower_bound_at_least_90,0.9,source_on_target,1.0,0.9982985841395382,ok,D_bare,OR,0,second_given_first_0,qwen,144.0,0.9998070987654321,18,topic,scores/efe654a7c838d360942ceb62,AND,defined,all,OR,element_symb,2000,AND,1.0,2000
point_at_least_90_bound_uncertain,0.9,source_on_target,0.9927912531149875,0.8837646159778881,ok,D_bare,OR,0,second_given_first_0,qwen,196.0,0.9503331945022907,18,topic,scores/efe654a7c838d360942ceb62,AND,defined,all,OR,inventors,2000,AND,1.0,2000
lower_bound_at_least_90,0.9,source_on_target,1.0,0.9970844456480071,ok,D_bare,OR,0,second_given_first_0,qwen,272.0,0.9995134083044983,18,topic,scores/efe654a7c838d360942ceb62,AND,defined,all,OR,sp_en_trans,2000,AND,1.0,2000
lower_bound_at_least_90,0.9,source_on_target,0.9930696767294558,0.9519328023948082,ok,D_bare,OR,0,second_given_first_0,qwen,,0.976647554872347,18,topic_macro,scores/efe654a7c838d360942ceb62,AND,defined,all,OR,all,2000,AND,1.0,2000
lower_bound_at_least_90,0.9,source_on_target,0.9989441522844023,0.9932659170260391,ok,D_bare,OR,0,second_given_first_1,qwen,1932.0,0.9966918714555766,18,pooled,scores/efe654a7c838d360942ceb62,AND,defined,all,OR,all,2000,AND,1.0,2000
lower_bound_at_least_90,0.9,source_on_target,1.0,0.9732053571428572,ok,D_bare,OR,0,second_given_first_1,qwen,128.0,0.994873046875,18,topic,scores/efe654a7c838d360942ceb62,AND,defined,all,OR,animal_class,2000,AND,1.0,2000
lower_bound_at_least_90,0.9,source_on_target,0.999651126854956,0.9932702234700689,ok,D_bare,OR,0,second_given_first_1,qwen,1192.0,0.9974184721408945,18,topic,scores/efe654a7c838d360942ceb62,AND,defined,all,OR,cities,2000,AND,1.0,2000
lower_bound_at_least_90,0.9,source_on_target,1.0,1.0,ok,D_bare,OR,0,second_given_first_1,qwen,144.0,1.0,18,topic,scores/efe654a7c838d360942ceb62,AND,defined,all,OR,element_symb,2000,AND,1.0,2000
lower_bound_at_least_90,0.9,source_on_target,1.0,0.9327451509147116,ok,D_bare,OR,0,second_given_first_1,qwen,196.0,0.9779258642232403,18,topic,scores/efe654a7c838d360942ceb62,AND,defined,all,OR,inventors,2000,AND,1.0,2000
lower_bound_at_least_90,0.9,source_on_target,1.0,0.9990817240119187,ok,D_bare,OR,0,second_given_first_1,qwen,272.0,0.9999459342560554,18,topic,scores/efe654a7c838d360942ceb62,AND,defined,all,OR,sp_en_trans,2000,AND,1.0,2000
lower_bound_at_least_90,0.9,source_on_target,0.9991542709365666,0.9844636658830552,ok,D_bare,OR,0,second_given_first_1,qwen,,0.9940326634990381,18,topic_macro,scores/efe654a7c838d360942ceb62,AND,defined,all,OR,all,2000,AND,1.0,2000
point_at_least_90_bound_uncertain,0.9,source_on_target,0.9270663751784384,0.8955405325045737,ok,or_at_least_one_v1,OR,0,first_marginal,qwen,3864.0,0.9107858171624037,18,pooled,scores/22e31469edbf64f2b8b0ac95,AND,defined,all,OR,all,2000,AND,1.0,2000
point_at_least_90_bound_uncertain,0.9,source_on_target,0.9923143812018609,0.8901678581981218,ok,or_at_least_one_v1,OR,0,first_marginal,qwen,256.0,0.94793701171875,18,topic,scores/22e31469edbf64f2b8b0ac95,AND,defined,all,OR,animal_class,2000,AND,1.0,2000
lower_bound_at_least_90,0.9,source_on_target,0.9947414857826631,0.9739775779773748,ok,or_at_least_one_v1,OR,0,first_marginal,qwen,2384.0,0.9867749482005315,18,topic,scores/22e31469edbf64f2b8b0ac95,AND,defined,all,OR,cities,2000,AND,1.0,2000
lower_bound_at_least_90,0.9,source_on_target,1.0,0.9802072143554688,ok,or_at_least_one_v1,OR,0,first_marginal,qwen,288.0,0.9938271604938271,18,topic,scores/22e31469edbf64f2b8b0ac95,AND,defined,all,OR,element_symb,2000,AND,1.0,2000
point_at_least_90_bound_uncertain,0.9,source_on_target,0.9821418026590478,0.820743597053541,ok,or_at_least_one_v1,OR,0,first_marginal,qwen,392.0,0.92414618908788,18,topic,scores/22e31469edbf64f2b8b0ac95,AND,defined,all,OR,inventors,2000,AND,1.0,2000
lower_bound_at_least_90,0.9,source_on_target,0.9695748099287071,0.9014731308449623,ok,or_at_least_one_v1,OR,0,first_marginal,qwen,544.0,0.9392571366782007,18,topic,scores/22e31469edbf64f2b8b0ac95,AND,defined,all,OR,sp_en_trans,2000,AND,1.0,2000
lower_bound_at_least_90,0.9,source_on_target,0.9760672061397603,0.9352308985514565,ok,or_at_least_one_v1,OR,0,first_marginal,qwen,,0.9583884892358379,18,topic_macro,scores/22e31469edbf64f2b8b0ac95,AND,defined,all,OR,all,2000,AND,1.0,2000
lower_bound_at_least_90,0.9,source_on_target,0.9979992901520036,0.9884430358085129,ok,or_at_least_one_v1,OR,0,second_marginal,qwen,3864.0,0.9940103798293104,18,pooled,scores/22e31469edbf64f2b8b0ac95,AND,defined,all,OR,all,2000,AND,1.0,2000
lower_bound_at_least_90,0.9,source_on_target,1.0,0.9648710732464941,ok,or_at_least_one_v1,OR,0,second_marginal,qwen,256.0,0.99261474609375,18,topic,scores/22e31469edbf64f2b8b0ac95,AND,defined,all,OR,animal_class,2000,AND,1.0,2000
lower_bound_at_least_90,0.9,source_on_target,0.9999638898266643,0.990911661335778,ok,or_at_least_one_v1,OR,0,second_marginal,qwen,2384.0,0.9974001734156119,18,topic,scores/22e31469edbf64f2b8b0ac95,AND,defined,all,OR,cities,2000,AND,1.0,2000
lower_bound_at_least_90,0.9,source_on_target,1.0,1.0,ok,or_at_least_one_v1,OR,0,second_marginal,qwen,288.0,1.0,18,topic,scores/22e31469edbf64f2b8b0ac95,AND,defined,all,OR,element_symb,2000,AND,1.0,2000
lower_bound_at_least_90,0.9,source_on_target,1.0,0.9901744721307989,ok,or_at_least_one_v1,OR,0,second_marginal,qwen,392.0,0.9979956268221575,18,topic,scores/22e31469edbf64f2b8b0ac95,AND,defined,all,OR,inventors,2000,AND,1.0,2000
lower_bound_at_least_90,0.9,source_on_target,1.0,0.9996938359369603,ok,or_at_least_one_v1,OR,0,second_marginal,qwen,544.0,0.9999729671280276,18,topic,scores/22e31469edbf64f2b8b0ac95,AND,defined,all,OR,sp_en_trans,2000,AND,1.0,2000
lower_bound_at_least_90,0.9,source_on_target,0.9998328840736928,0.9918275984703006,ok,or_at_least_one_v1,OR,0,second_marginal,qwen,,0.9975967026919095,18,topic_macro,scores/22e31469edbf64f2b8b0ac95,AND,defined,all,OR,all,2000,AND,1.0,2000
lower_bound_at_least_90,0.9,source_on_target,0.9857389226546418,0.966039853435308,ok,or_at_least_one_v1,OR,0,first_given_second_0,qwen,1932.0,0.9767809455225064,18,pooled,scores/22e31469edbf64f2b8b0ac95,AND,defined,all,OR,all,2000,AND,1.0,2000
lower_bound_at_least_90,0.9,source_on_target,1.0,0.952661735628858,ok,or_at_least_one_v1,OR,0,first_given_second_0,qwen,128.0,0.985595703125,18,topic,scores/22e31469edbf64f2b8b0ac95,AND,defined,all,OR,animal_class,2000,AND,1.0,2000
lower_bound_at_least_90,0.9,source_on_target,0.99996137546507,0.9897425290373155,ok,or_at_least_one_v1,OR,0,first_given_second_0,qwen,1192.0,0.997350907616774,18,topic,scores/22e31469edbf64f2b8b0ac95,AND,defined,all,OR,cities,2000,AND,1.0,2000
lower_bound_at_least_90,0.9,source_on_target,1.0,0.9983321330589848,ok,or_at_least_one_v1,OR,0,first_given_second_0,qwen,144.0,0.9998070987654321,18,topic,scores/22e31469edbf64f2b8b0ac95,AND,defined,all,OR,element_symb,2000,AND,1.0,2000
point_at_least_90_bound_uncertain,0.9,source_on_target,0.9978303572270636,0.8875882917276015,ok,or_at_least_one_v1,OR,0,first_given_second_0,qwen,196.0,0.9653269471053728,18,topic,scores/22e31469edbf64f2b8b0ac95,AND,defined,all,OR,inventors,2000,AND,1.0,2000
lower_bound_at_least_90,0.9,source_on_target,1.0,0.9889722180856535,ok,or_at_least_one_v1,OR,0,first_given_second_0,qwen,272.0,0.9969723183391004,18,topic,scores/22e31469edbf64f2b8b0ac95,AND,defined,all,OR,sp_en_trans,2000,AND,1.0,2000
lower_bound_at_least_90,0.9,source_on_target,0.9979922947763338,0.9735869221646518,ok,or_at_least_one_v1,OR,0,first_given_second_0,qwen,,0.9890105949903358,18,topic_macro,scores/22e31469edbf64f2b8b0ac95,AND,defined,all,OR,all,2000,AND,1.0,2000
point_below_90,0.9,source_on_target,0.8619833244802785,0.8120624966950053,ok,or_at_least_one_v1,OR,0,first_given_second_1,qwen,1932.0,0.8348454063414906,18,pooled,scores/22e31469edbf64f2b8b0ac95,AND,defined,all,OR,all,2000,AND,1.0,2000
point_at_least_90_bound_uncertain,0.9,source_on_target,0.9974766542980829,0.7750334362139918,ok,or_at_least_one_v1,OR,0,first_given_second_1,qwen,128.0,0.91064453125,18,topic,scores/22e31469edbf64f2b8b0ac95,AND,defined,all,OR,animal_class,2000,AND,1.0,2000
lower_bound_at_least_90,0.9,source_on_target,0.9854630311612206,0.9436964430501388,ok,or_at_least_one_v1,OR,0,first_given_second_1,qwen,1192.0,0.9672846943831359,18,topic,scores/22e31469edbf64f2b8b0ac95,AND,defined,all,OR,cities,2000,AND,1.0,2000
lower_bound_at_least_90,0.9,source_on_target,1.0,0.9387680140926895,ok,or_at_least_one_v1,OR,0,first_given_second_1,qwen,144.0,0.9818672839506173,18,topic,scores/22e31469edbf64f2b8b0ac95,AND,defined,all,OR,element_symb,2000,AND,1.0,2000
point_below_90,0.9,source_on_target,0.9707206509217023,0.7470547788883428,ok,or_at_least_one_v1,OR,0,first_given_second_1,qwen,196.0,0.8792169929196169,18,topic,scores/22e31469edbf64f2b8b0ac95,AND,defined,all,OR,inventors,2000,AND,1.0,2000
point_below_90,0.9,source_on_target,0.9548496692181012,0.8281597838581416,ok,or_at_least_one_v1,OR,0,first_given_second_1,qwen,272.0,0.8933823529411765,18,topic,scores/22e31469edbf64f2b8b0ac95,AND,defined,all,OR,sp_en_trans,2000,AND,1.0,2000
point_at_least_90_bound_uncertain,0.9,source_on_target,0.9589899107242836,0.8880371075678958,ok,or_at_least_one_v1,OR,0,first_given_second_1,qwen,,0.9264791710889092,18,topic_macro,scores/22e31469edbf64f2b8b0ac95,AND,defined,all,OR,all,2000,AND,1.0,2000
lower_bound_at_least_90,0.9,source_on_target,0.998247412528611,0.9854003075130945,ok,or_at_least_one_v1,OR,0,second_given_first_0,qwen,1932.0,0.9933098002906267,18,pooled,scores/22e31469edbf64f2b8b0ac95,AND,defined,all,OR,all,2000,AND,1.0,2000
lower_bound_at_least_90,0.9,source_on_target,1.0,0.9750253642039542,ok,or_at_least_one_v1,OR,0,second_given_first_0,qwen,128.0,0.99658203125,18,topic,scores/22e31469edbf64f2b8b0ac95,AND,defined,all,OR,animal_class,2000,AND,1.0,2000
lower_bound_at_least_90,0.9,source_on_target,0.9999910400897446,0.98733541200297,ok,or_at_least_one_v1,OR,0,second_given_first_0,qwen,1192.0,0.996599252285933,18,topic,scores/22e31469edbf64f2b8b0ac95,AND,defined,all,OR,cities,2000,AND,1.0,2000
lower_bound_at_least_90,0.9,source_on_target,1.0,1.0,ok,or_at_least_one_v1,OR,0,second_given_first_0,qwen,144.0,1.0,18,topic,scores/22e31469edbf64f2b8b0ac95,AND,defined,all,OR,element_symb,2000,AND,1.0,2000
lower_bound_at_least_90,0.9,source_on_target,1.0,0.9891432060527614,ok,or_at_least_one_v1,OR,0,second_given_first_0,qwen,196.0,0.9975010412328197,18,topic,scores/22e31469edbf64f2b8b0ac95,AND,defined,all,OR,inventors,2000,AND,1.0,2000
lower_bound_at_least_90,0.9,source_on_target,1.0,0.9987753437478407,ok,or_at_least_one_v1,OR,0,second_given_first_0,qwen,272.0,0.9998918685121108,18,topic,scores/22e31469edbf64f2b8b0ac95,AND,defined,all,OR,sp_en_trans,2000,AND,1.0,2000
lower_bound_at_least_90,0.9,source_on_target,0.9999516739487961,0.9934066348542095,ok,or_at_least_one_v1,OR,0,second_given_first_0,qwen,,0.9981148386561728,18,topic_macro,scores/22e31469edbf64f2b8b0ac95,AND,defined,all,OR,all,2000,AND,1.0,2000
lower_bound_at_least_90,0.9,source_on_target,0.9984205784260365,0.98969926498493,ok,or_at_least_one_v1,OR,0,second_given_first_1,qwen,1932.0,0.9950104805627354,18,pooled,scores/22e31469edbf64f2b8b0ac95,AND,defined,all,OR,all,2000,AND,1.0,2000
lower_bound_at_least_90,0.9,source_on_target,1.0,0.9565988873017492,ok,or_at_least_one_v1,OR,0,second_given_first_1,qwen,128.0,0.990478515625,18,topic,scores/22e31469edbf64f2b8b0ac95,AND,defined,all,OR,animal_class,2000,AND,1.0,2000
lower_bound_at_least_90,0.9,source_on_target,1.0,0.9921771426945851,ok,or_at_least_one_v1,OR,0,second_given_first_1,qwen,1192.0,0.998232061618846,18,topic,scores/22e31469edbf64f2b8b0ac95,AND,defined,all,OR,cities,2000,AND,1.0,2000
lower_bound_at_least_90,0.9,source_on_target,1.0,1.0,ok,or_at_least_one_v1,OR,0,second_given_first_1,qwen,144.0,1.0,18,topic,scores/22e31469edbf64f2b8b0ac95,AND,defined,all,OR,element_symb,2000,AND,1.0,2000
lower_bound_at_least_90,0.9,source_on_target,1.0,0.9903876746777142,ok,or_at_least_one_v1,OR,0,second_given_first_1,qwen,196.0,0.9984381507705122,18,topic,scores/22e31469edbf64f2b8b0ac95,AND,defined,all,OR,inventors,2000,AND,1.0,2000
lower_bound_at_least_90,0.9,source_on_target,1.0,1.0,ok,or_at_least_one_v1,OR,0,second_given_first_1,qwen,272.0,1.0,18,topic,scores/22e31469edbf64f2b8b0ac95,AND,defined,all,OR,sp_en_trans,2000,AND,1.0,2000
lower_bound_at_least_90,0.9,source_on_target,0.9999508098961867,0.9905230456370353,ok,or_at_least_one_v1,OR,0,second_given_first_1,qwen,,0.9974297456028716,18,topic_macro,scores/22e31469edbf64f2b8b0ac95,AND,defined,all,OR,all,2000,AND,1.0,2000
point_below_90,0.9,source_on_target,0.8130748410386928,0.7781395672525183,ok,or_explicit_or_both_v1,OR,0,first_marginal,qwen,3864.0,0.7948973697859736,18,pooled,scores/9c2148e32106fd6d02372fb8,AND,defined,all,OR,all,2000,AND,1.0,2000
lower_bound_at_least_90,0.9,source_on_target,0.9622962945102427,0.9100938942307693,ok,or_explicit_or_both_v1,OR,0,first_marginal,qwen,256.0,0.93182373046875,18,topic,scores/9c2148e32106fd6d02372fb8,AND,defined,all,OR,animal_class,2000,AND,1.0,2000
lower_bound_at_least_90,0.9,source_on_target,0.9410292742054481,0.9094224273463982,ok,or_explicit_or_both_v1,OR,0,first_marginal,qwen,2384.0,0.9253644261519751,18,topic,scores/9c2148e32106fd6d02372fb8,AND,defined,all,OR,cities,2000,AND,1.0,2000
point_at_least_90_bound_uncertain,0.9,source_on_target,0.9557170519336904,0.8527629902722376,ok,or_explicit_or_both_v1,OR,0,first_marginal,qwen,288.0,0.9097222222222222,18,topic,scores/9c2148e32106fd6d02372fb8,AND,defined,all,OR,element_symb,2000,AND,1.0,2000
point_below_90,0.9,source_on_target,0.898642426219902,0.7578957788421491,ok,or_explicit_or_both_v1,OR,0,first_marginal,qwen,392.0,0.8251509787588505,18,topic,scores/9c2148e32106fd6d02372fb8,AND,defined,all,OR,inventors,2000,AND,1.0,2000
point_below_90,0.9,source_on_target,0.9156165567000267,0.8472789662670396,ok,or_explicit_or_both_v1,OR,0,first_marginal,qwen,544.0,0.8797983347750865,18,topic,scores/9c2148e32106fd6d02372fb8,AND,defined,all,OR,sp_en_trans,2000,AND,1.0,2000
point_below_90,0.9,source_on_target,0.916782849703036,0.8768488003911258,ok,or_explicit_or_both_v1,OR,0,first_marginal,qwen,,0.894371938475377,18,topic_macro,scores/9c2148e32106fd6d02372fb8,AND,defined,all,OR,all,2000,AND,1.0,2000
point_below_90,0.9,source_on_target,0.8069739173927093,0.7683180276642639,ok,or_explicit_or_both_v1,OR,0,second_marginal,qwen,3864.0,0.7855197844733357,18,pooled,scores/9c2148e32106fd6d02372fb8,AND,defined,all,OR,all,2000,AND,1.0,2000
point_below_90,0.9,source_on_target,0.912208739229681,0.7655290016741808,ok,or_explicit_or_both_v1,OR,0,second_marginal,qwen,256.0,0.83245849609375,18,topic,scores/9c2148e32106fd6d02372fb8,AND,defined,all,OR,animal_class,2000,AND,1.0,2000
point_at_least_90_bound_uncertain,0.9,source_on_target,0.9289524221183779,0.8893884220274897,ok,or_explicit_or_both_v1,OR,0,second_marginal,qwen,2384.0,0.9098414767352822,18,topic,scores/9c2148e32106fd6d02372fb8,AND,defined,all,OR,cities,2000,AND,1.0,2000
point_below_90,0.9,source_on_target,0.9329725617547994,0.8059542543579933,ok,or_explicit_or_both_v1,OR,0,second_marginal,qwen,288.0,0.8739390432098766,18,topic,scores/9c2148e32106fd6d02372fb8,AND,defined,all,OR,element_symb,2000,AND,1.0,2000
point_below_90,0.9,source_on_target,0.8932772424601648,0.7747545208580975,ok,or_explicit_or_both_v1,OR,0,second_marginal,qwen,392.0,0.8393898375676802,18,topic,scores/9c2148e32106fd6d02372fb8,AND,defined,all,OR,inventors,2000,AND,1.0,2000
point_at_least_90_bound_uncertain,0.9,source_on_target,0.9581763191599727,0.8982373678703902,ok,or_explicit_or_both_v1,OR,0,second_marginal,qwen,544.0,0.9299578287197232,18,topic,scores/9c2148e32106fd6d02372fb8,AND,defined,all,OR,sp_en_trans,2000,AND,1.0,2000
point_below_90,0.9,source_on_target,0.903817805297282,0.853948486239533,ok,or_explicit_or_both_v1,OR,0,second_marginal,qwen,,0.8771173364652624,18,topic_macro,scores/9c2148e32106fd6d02372fb8,AND,defined,all,OR,all,2000,AND,1.0,2000
point_below_90,0.9,source_on_target,0.8027276138625566,0.7589068602185041,ok,or_explicit_or_both_v1,OR,0,first_given_second_0,qwen,1932.0,0.7775580931805615,18,pooled,scores/9c2148e32106fd6d02372fb8,AND,defined,all,OR,all,2000,AND,1.0,2000
point_at_least_90_bound_uncertain,0.9,source_on_target,1.0,0.8924939280496712,ok,or_explicit_or_both_v1,OR,0,first_given_second_0,qwen,128.0,0.96875,18,topic,scores/9c2148e32106fd6d02372fb8,AND,defined,all,OR,animal_class,2000,AND,1.0,2000
lower_bound_at_least_90,0.9,source_on_target,0.9805888900922866,0.936019259868555,ok,or_explicit_or_both_v1,OR,0,first_given_second_0,qwen,1192.0,0.961735957839737,18,topic,scores/9c2148e32106fd6d02372fb8,AND,defined,all,OR,cities,2000,AND,1.0,2000
point_at_least_90_bound_uncertain,0.9,source_on_target,0.9760704020410763,0.7947241512345679,ok,or_explicit_or_both_v1,OR,0,first_given_second_0,qwen,144.0,0.9033564814814815,18,topic,scores/9c2148e32106fd6d02372fb8,AND,defined,all,OR,element_symb,2000,AND,1.0,2000
point_below_90,0.9,source_on_target,0.923141117588782,0.7504411124388849,ok,or_explicit_or_both_v1,OR,0,first_given_second_0,qwen,196.0,0.8393377759266972,18,topic,scores/9c2148e32106fd6d02372fb8,AND,defined,all,OR,inventors,2000,AND,1.0,2000
point_below_90,0.9,source_on_target,0.9514731447368392,0.8399361649524683,ok,or_explicit_or_both_v1,OR,0,first_given_second_0,qwen,272.0,0.8943555363321799,18,topic,scores/9c2148e32106fd6d02372fb8,AND,defined,all,OR,sp_en_trans,2000,AND,1.0,2000
point_at_least_90_bound_uncertain,0.9,source_on_target,0.9457604436722185,0.8815992549097234,ok,or_explicit_or_both_v1,OR,0,first_given_second_0,qwen,,0.913507150316019,18,topic_macro,scores/9c2148e32106fd6d02372fb8,AND,defined,all,OR,all,2000,AND,1.0,2000
point_below_90,0.9,source_on_target,0.8647497341495041,0.8194614259604978,ok,or_explicit_or_both_v1,OR,0,first_given_second_1,qwen,1932.0,0.8413255661432815,18,pooled,scores/9c2148e32106fd6d02372fb8,AND,defined,all,OR,all,2000,AND,1.0,2000
lower_bound_at_least_90,0.9,source_on_target,1.0,0.9411943463282749,ok,or_explicit_or_both_v1,OR,0,first_given_second_1,qwen,128.0,0.984619140625,18,topic,scores/9c2148e32106fd6d02372fb8,AND,defined,all,OR,animal_class,2000,AND,1.0,2000
lower_bound_at_least_90,0.9,source_on_target,0.9957392237554697,0.9816245060781998,ok,or_explicit_or_both_v1,OR,0,first_given_second_1,qwen,1192.0,0.9900933516508266,18,topic,scores/9c2148e32106fd6d02372fb8,AND,defined,all,OR,cities,2000,AND,1.0,2000
lower_bound_at_least_90,0.9,source_on_target,1.0,0.975933978486037,ok,or_explicit_or_both_v1,OR,0,first_given_second_1,qwen,144.0,0.9932484567901234,18,topic,scores/9c2148e32106fd6d02372fb8,AND,defined,all,OR,element_symb,2000,AND,1.0,2000
point_below_90,0.9,source_on_target,0.9177653599391039,0.7331266253649028,ok,or_explicit_or_both_v1,OR,0,first_given_second_1,qwen,196.0,0.8287172011661808,18,topic,scores/9c2148e32106fd6d02372fb8,AND,defined,all,OR,inventors,2000,AND,1.0,2000
lower_bound_at_least_90,0.9,source_on_target,0.998499128491805,0.9524803685897436,ok,or_explicit_or_both_v1,OR,0,first_given_second_1,qwen,272.0,0.9805363321799307,18,topic,scores/9c2148e32106fd6d02372fb8,AND,defined,all,OR,sp_en_trans,2000,AND,1.0,2000
lower_bound_at_least_90,0.9,source_on_target,0.9752802521516177,0.9345844877510389,ok,or_explicit_or_both_v1,OR,0,first_given_second_1,qwen,,0.9554428964824122,18,topic_macro,scores/9c2148e32106fd6d02372fb8,AND,defined,all,OR,all,2000,AND,1.0,2000
point_below_90,0.9,source_on_target,0.8117392337050214,0.7666771295386624,ok,or_explicit_or_both_v1,OR,0,second_given_first_0,qwen,1932.0,0.7868962960105277,18,pooled,scores/9c2148e32106fd6d02372fb8,AND,defined,all,OR,all,2000,AND,1.0,2000
point_below_90,0.9,source_on_target,0.8889795918367347,0.6841713324399574,ok,or_explicit_or_both_v1,OR,0,second_given_first_0,qwen,128.0,0.776611328125,18,topic,scores/9c2148e32106fd6d02372fb8,AND,defined,all,OR,animal_class,2000,AND,1.0,2000
lower_bound_at_least_90,0.9,source_on_target,0.9618073783500211,0.9130799288320346,ok,or_explicit_or_both_v1,OR,0,second_given_first_0,qwen,1192.0,0.9381897211837305,18,topic,scores/9c2148e32106fd6d02372fb8,AND,defined,all,OR,cities,2000,AND,1.0,2000
point_below_90,0.9,source_on_target,0.9693059395312658,0.7309400826446281,ok,or_explicit_or_both_v1,OR,0,second_given_first_0,qwen,144.0,0.8800154320987654,18,topic,scores/9c2148e32106fd6d02372fb8,AND,defined,all,OR,element_symb,2000,AND,1.0,2000
point_below_90,0.9,source_on_target,0.9435994687998656,0.788942626953125,ok,or_explicit_or_both_v1,OR,0,second_given_first_0,qwen,196.0,0.8715118700541441,18,topic,scores/9c2148e32106fd6d02372fb8,AND,defined,all,OR,inventors,2000,AND,1.0,2000
point_at_least_90_bound_uncertain,0.9,source_on_target,0.966634128909586,0.8710738506784581,ok,or_explicit_or_both_v1,OR,0,second_given_first_0,qwen,272.0,0.9188473183391004,18,topic,scores/9c2148e32106fd6d02372fb8,AND,defined,all,OR,sp_en_trans,2000,AND,1.0,2000
point_below_90,0.9,source_on_target,0.9149630624780726,0.8387099180826203,ok,or_explicit_or_both_v1,OR,0,second_given_first_0,qwen,,0.8770351339601481,18,topic_macro,scores/9c2148e32106fd6d02372fb8,AND,defined,all,OR,all,2000,AND,1.0,2000
point_below_90,0.9,source_on_target,0.8346815367820173,0.7894728443803207,ok,or_explicit_or_both_v1,OR,0,second_given_first_1,qwen,1932.0,0.8103339634530561,18,pooled,scores/9c2148e32106fd6d02372fb8,AND,defined,all,OR,all,2000,AND,1.0,2000
point_below_90,0.9,source_on_target,0.9805655924479165,0.8041762479404355,ok,or_explicit_or_both_v1,OR,0,second_given_first_1,qwen,128.0,0.89453125,18,topic,scores/9c2148e32106fd6d02372fb8,AND,defined,all,OR,animal_class,2000,AND,1.0,2000
lower_bound_at_least_90,0.9,source_on_target,0.9643500862616001,0.9195885244696617,ok,or_explicit_or_both_v1,OR,0,second_given_first_1,qwen,1192.0,0.9435498400972929,18,topic,scores/9c2148e32106fd6d02372fb8,AND,defined,all,OR,cities,2000,AND,1.0,2000
point_at_least_90_bound_uncertain,0.9,source_on_target,0.9972455689439719,0.8871736966646634,ok,or_explicit_or_both_v1,OR,0,second_given_first_1,qwen,144.0,0.9598765432098766,18,topic,scores/9c2148e32106fd6d02372fb8,AND,defined,all,OR,element_symb,2000,AND,1.0,2000
point_below_90,0.9,source_on_target,0.9575211020320229,0.787646182966821,ok,or_explicit_or_both_v1,OR,0,second_given_first_1,qwen,196.0,0.8758850478967097,18,topic,scores/9c2148e32106fd6d02372fb8,AND,defined,all,OR,inventors,2000,AND,1.0,2000
lower_bound_at_least_90,0.9,source_on_target,1.0,0.9908098046846894,ok,or_explicit_or_both_v1,OR,0,second_given_first_1,qwen,272.0,0.9977292387543253,18,topic,scores/9c2148e32106fd6d02372fb8,AND,defined,all,OR,sp_en_trans,2000,AND,1.0,2000
lower_bound_at_least_90,0.9,source_on_target,0.9624548855477209,0.9073714975194106,ok,or_explicit_or_both_v1,OR,0,second_given_first_1,qwen,,0.934314383991641,18,topic_macro,scores/9c2148e32106fd6d02372fb8,AND,defined,all,OR,all,2000,AND,1.0,2000
lower_bound_at_least_90,0.9,target_on_target,0.9999537196525142,0.9984375465992794,ok,D_bare,OR,0,first_marginal,qwen,3864.0,0.9994649876333647,18,pooled,scores/78338c89aff55932d0ad6685,AND,defined,all,OR,all,2000,OR,1.0,2000
lower_bound_at_least_90,0.9,target_on_target,1.0,1.0,ok,D_bare,OR,0,first_marginal,qwen,256.0,1.0,18,topic,scores/78338c89aff55932d0ad6685,AND,defined,all,OR,animal_class,2000,OR,1.0,2000
lower_bound_at_least_90,0.9,target_on_target,1.0,0.9995930674027423,ok,D_bare,OR,0,first_marginal,qwen,2384.0,0.9999190633304806,18,topic,scores/78338c89aff55932d0ad6685,AND,defined,all,OR,cities,2000,OR,1.0,2000
lower_bound_at_least_90,0.9,target_on_target,1.0,1.0,ok,D_bare,OR,0,first_marginal,qwen,288.0,1.0,18,topic,scores/78338c89aff55932d0ad6685,AND,defined,all,OR,element_symb,2000,OR,1.0,2000
lower_bound_at_least_90,0.9,target_on_target,0.9999457901151609,0.9451743548729881,ok,D_bare,OR,0,first_marginal,qwen,392.0,0.9838869221157851,18,topic,scores/78338c89aff55932d0ad6685,AND,defined,all,OR,inventors,2000,OR,1.0,2000
lower_bound_at_least_90,0.9,target_on_target,1.0,1.0,ok,D_bare,OR,0,first_marginal,qwen,544.0,1.0,18,topic,scores/78338c89aff55932d0ad6685,AND,defined,all,OR,sp_en_trans,2000,OR,1.0,2000
lower_bound_at_least_90,0.9,target_on_target,0.9999729128008854,0.9890119387469987,ok,D_bare,OR,0,first_marginal,qwen,,0.996761197089253,18,topic_macro,scores/78338c89aff55932d0ad6685,AND,defined,all,OR,all,2000,OR,1.0,2000
lower_bound_at_least_90,0.9,target_on_target,0.9991170824268557,0.9943775889622055,ok,D_bare,OR,0,second_marginal,qwen,3864.0,0.9972812691554253,18,pooled,scores/78338c89aff55932d0ad6685,AND,defined,all,OR,all,2000,OR,1.0,2000
lower_bound_at_least_90,0.9,target_on_target,1.0,0.9843737805671176,ok,D_bare,OR,0,second_marginal,qwen,256.0,0.996826171875,18,topic,scores/78338c89aff55932d0ad6685,AND,defined,all,OR,animal_class,2000,OR,1.0,2000
lower_bound_at_least_90,0.9,target_on_target,0.9994969879411645,0.9939871786922452,ok,D_bare,OR,0,second_marginal,qwen,2384.0,0.9975550087833881,18,topic,scores/78338c89aff55932d0ad6685,AND,defined,all,OR,cities,2000,OR,1.0,2000
lower_bound_at_least_90,0.9,target_on_target,1.0,1.0,ok,D_bare,OR,0,second_marginal,qwen,288.0,1.0,18,topic,scores/78338c89aff55932d0ad6685,AND,defined,all,OR,element_symb,2000,OR,1.0,2000
lower_bound_at_least_90,0.9,target_on_target,1.0,0.9694111032837455,ok,D_bare,OR,0,second_marginal,qwen,392.0,0.9909933361099542,18,topic,scores/78338c89aff55932d0ad6685,AND,defined,all,OR,inventors,2000,OR,1.0,2000
lower_bound_at_least_90,0.9,target_on_target,1.0,0.9979172501915159,ok,D_bare,OR,0,second_marginal,qwen,544.0,0.9997026384083045,18,topic,scores/78338c89aff55932d0ad6685,AND,defined,all,OR,sp_en_trans,2000,OR,1.0,2000
lower_bound_at_least_90,0.9,target_on_target,0.99946666758938,0.9922722428249805,ok,D_bare,OR,0,second_marginal,qwen,,0.9970154310353294,18,topic_macro,scores/78338c89aff55932d0ad6685,AND,defined,all,OR,all,2000,OR,1.0,2000
lower_bound_at_least_90,0.9,target_on_target,0.9999842955662961,0.998585673296533,ok,D_bare,OR,0,first_given_second_0,qwen,1932.0,0.9995509861159334,18,pooled,scores/78338c89aff55932d0ad6685,AND,defined,all,OR,all,2000,OR,1.0,2000
lower_bound_at_least_90,0.9,target_on_target,1.0,1.0,ok,D_bare,OR,0,first_given_second_0,qwen,128.0,1.0,18,topic,scores/78338c89aff55932d0ad6685,AND,defined,all,OR,animal_class,2000,OR,1.0,2000
lower_bound_at_least_90,0.9,target_on_target,1.0,0.9991729135465994,ok,D_bare,OR,0,first_given_second_0,qwen,1192.0,0.9998592405747488,18,topic,scores/78338c89aff55932d0ad6685,AND,defined,all,OR,cities,2000,OR,1.0,2000
lower_bound_at_least_90,0.9,target_on_target,1.0,1.0,ok,D_bare,OR,0,first_given_second_0,qwen,144.0,1.0,18,topic,scores/78338c89aff55932d0ad6685,AND,defined,all,OR,element_symb,2000,OR,1.0,2000
lower_bound_at_least_90,0.9,target_on_target,1.0,0.9544717462645314,ok,D_bare,OR,0,first_given_second_0,qwen,196.0,0.98771345272803,18,topic,scores/78338c89aff55932d0ad6685,AND,defined,all,OR,inventors,2000,OR,1.0,2000
lower_bound_at_least_90,0.9,target_on_target,1.0,1.0,ok,D_bare,OR,0,first_given_second_0,qwen,272.0,1.0,18,topic,scores/78338c89aff55932d0ad6685,AND,defined,all,OR,sp_en_trans,2000,OR,1.0,2000
lower_bound_at_least_90,0.9,target_on_target,1.0,0.9908659113676296,ok,D_bare,OR,0,first_given_second_0,qwen,,0.9975145386605557,18,topic_macro,scores/78338c89aff55932d0ad6685,AND,defined,all,OR,all,2000,OR,1.0,2000
lower_bound_at_least_90,0.9,target_on_target,0.9999750434027778,0.9982973051111035,ok,D_bare,OR,0,first_given_second_1,qwen,1932.0,0.999441679633416,18,pooled,scores/78338c89aff55932d0ad6685,AND,defined,all,OR,all,2000,OR,1.0,2000
lower_bound_at_least_90,0.9,target_on_target,1.0,1.0,ok,D_bare,OR,0,first_given_second_1,qwen,128.0,1.0,18,topic,scores/78338c89aff55932d0ad6685,AND,defined,all,OR,animal_class,2000,OR,1.0,2000
lower_bound_at_least_90,0.9,target_on_target,1.0,0.9996835333304825,ok,D_bare,OR,0,first_given_second_1,qwen,1192.0,0.9999408810413946,18,topic,scores/78338c89aff55932d0ad6685,AND,defined,all,OR,cities,2000,OR,1.0,2000
lower_bound_at_least_90,0.9,target_on_target,1.0,1.0,ok,D_bare,OR,0,first_given_second_1,qwen,144.0,1.0,18,topic,scores/78338c89aff55932d0ad6685,AND,defined,all,OR,element_symb,2000,OR,1.0,2000
lower_bound_at_least_90,0.9,target_on_target,1.0,0.940595412550408,ok,D_bare,OR,0,first_given_second_1,qwen,196.0,0.9824031653477717,18,topic,scores/78338c89aff55932d0ad6685,AND,defined,all,OR,inventors,2000,OR,1.0,2000
lower_bound_at_least_90,0.9,target_on_target,1.0,1.0,ok,D_bare,OR,0,first_given_second_1,qwen,272.0,1.0,18,topic,scores/78338c89aff55932d0ad6685,AND,defined,all,OR,sp_en_trans,2000,OR,1.0,2000
lower_bound_at_least_90,0.9,target_on_target,0.999996201328468,0.988114554885438,ok,D_bare,OR,0,first_given_second_1,qwen,,0.9964688092778331,18,topic_macro,scores/78338c89aff55932d0ad6685,AND,defined,all,OR,all,2000,OR,1.0,2000
lower_bound_at_least_90,0.9,target_on_target,0.9992102531256336,0.9932169132988825,ok,D_bare,OR,0,second_given_first_0,qwen,1932.0,0.9969629943975069,18,pooled,scores/78338c89aff55932d0ad6685,AND,defined,all,OR,all,2000,OR,1.0,2000
lower_bound_at_least_90,0.9,target_on_target,1.0,0.949651414505722,ok,D_bare,OR,0,second_given_first_0,qwen,128.0,0.990966796875,18,topic,scores/78338c89aff55932d0ad6685,AND,defined,all,OR,animal_class,2000,OR,1.0,2000
lower_bound_at_least_90,0.9,target_on_target,0.9997802572923267,0.9929459805564447,ok,D_bare,OR,0,second_given_first_0,qwen,1192.0,0.9977675555155173,18,topic,scores/78338c89aff55932d0ad6685,AND,defined,all,OR,cities,2000,OR,1.0,2000
lower_bound_at_least_90,0.9,target_on_target,1.0,1.0,ok,D_bare,OR,0,second_given_first_0,qwen,144.0,1.0,18,topic,scores/78338c89aff55932d0ad6685,AND,defined,all,OR,element_symb,2000,OR,1.0,2000
lower_bound_at_least_90,0.9,target_on_target,1.0,0.9609023943027581,ok,D_bare,OR,0,second_given_first_0,qwen,196.0,0.98771345272803,18,topic,scores/78338c89aff55932d0ad6685,AND,defined,all,OR,inventors,2000,OR,1.0,2000
lower_bound_at_least_90,0.9,target_on_target,1.0,0.9991381786842861,ok,D_bare,OR,0,second_given_first_0,qwen,272.0,0.9998918685121108,18,topic,scores/78338c89aff55932d0ad6685,AND,defined,all,OR,sp_en_trans,2000,OR,1.0,2000
lower_bound_at_least_90,0.9,target_on_target,0.9996898166549758,0.9859397914912785,ok,D_bare,OR,0,second_given_first_0,qwen,,0.9952679347261316,18,topic_macro,scores/78338c89aff55932d0ad6685,AND,defined,all,OR,all,2000,OR,1.0,2000
lower_bound_at_least_90,0.9,target_on_target,0.9995747479371581,0.9947225229196311,ok,D_bare,OR,0,second_given_first_1,qwen,1932.0,0.9978267299358307,18,pooled,scores/78338c89aff55932d0ad6685,AND,defined,all,OR,all,2000,OR,1.0,2000
lower_bound_at_least_90,0.9,target_on_target,1.0,0.9970414201183432,ok,D_bare,OR,0,second_given_first_1,qwen,128.0,0.99951171875,18,topic,scores/78338c89aff55932d0ad6685,AND,defined,all,OR,animal_class,2000,OR,1.0,2000
lower_bound_at_least_90,0.9,target_on_target,0.999710720210288,0.9943635395834273,ok,D_bare,OR,0,second_given_first_1,qwen,1192.0,0.9978182289086077,18,topic,scores/78338c89aff55932d0ad6685,AND,defined,all,OR,cities,2000,OR,1.0,2000
lower_bound_at_least_90,0.9,target_on_target,1.0,1.0,ok,D_bare,OR,0,second_given_first_1,qwen,144.0,1.0,18,topic,scores/78338c89aff55932d0ad6685,AND,defined,all,OR,element_symb,2000,OR,1.0,2000
lower_bound_at_least_90,0.9,target_on_target,1.0,0.9644968312937063,ok,D_bare,OR,0,second_given_first_1,qwen,196.0,0.9923990004164931,18,topic,scores/78338c89aff55932d0ad6685,AND,defined,all,OR,inventors,2000,OR,1.0,2000
lower_bound_at_least_90,0.9,target_on_target,1.0,0.9990817240119187,ok,D_bare,OR,0,second_given_first_1,qwen,272.0,0.9999459342560554,18,topic,scores/78338c89aff55932d0ad6685,AND,defined,all,OR,sp_en_trans,2000,OR,1.0,2000
lower_bound_at_least_90,0.9,target_on_target,0.9998175132772728,0.9923867196305324,ok,D_bare,OR,0,second_given_first_1,qwen,,0.9979349764662311,18,topic_macro,scores/78338c89aff55932d0ad6685,AND,defined,all,OR,all,2000,OR,1.0,2000
lower_bound_at_least_90,0.9,target_on_target,0.9925037954718479,0.9786564763303928,ok,or_at_least_one_v1,OR,0,first_marginal,qwen,3864.0,0.9866769329029659,18,pooled,scores/5a384d08c9c1b6a94d899385,AND,defined,all,OR,all,2000,OR,1.0,2000
lower_bound_at_least_90,0.9,target_on_target,1.0,0.9895204265322742,ok,or_at_least_one_v1,OR,0,first_marginal,qwen,256.0,0.997314453125,18,topic,scores/5a384d08c9c1b6a94d899385,AND,defined,all,OR,animal_class,2000,OR,1.0,2000
lower_bound_at_least_90,0.9,target_on_target,0.9996425553603184,0.9908684571021625,ok,or_at_least_one_v1,OR,0,first_marginal,qwen,2384.0,0.9971010596369533,18,topic,scores/5a384d08c9c1b6a94d899385,AND,defined,all,OR,cities,2000,OR,1.0,2000
lower_bound_at_least_90,0.9,target_on_target,1.0,0.9958671962638218,ok,or_at_least_one_v1,OR,0,first_marginal,qwen,288.0,0.9990354938271605,18,topic,scores/5a384d08c9c1b6a94d899385,AND,defined,all,OR,element_symb,2000,OR,1.0,2000
point_at_least_90_bound_uncertain,0.9,target_on_target,0.9629116053273926,0.8391525684452054,ok,or_at_least_one_v1,OR,0,first_marginal,qwen,392.0,0.9122761349437735,18,topic,scores/5a384d08c9c1b6a94d899385,AND,defined,all,OR,inventors,2000,OR,1.0,2000
lower_bound_at_least_90,0.9,target_on_target,0.9971991561496033,0.9617876920193961,ok,or_at_least_one_v1,OR,0,first_marginal,qwen,544.0,0.9842803849480969,18,topic,scores/5a384d08c9c1b6a94d899385,AND,defined,all,OR,sp_en_trans,2000,OR,1.0,2000
lower_bound_at_least_90,0.9,target_on_target,0.988626838811718,0.9628892710917589,ok,or_at_least_one_v1,OR,0,first_marginal,qwen,,0.9780015052961968,18,topic_macro,scores/5a384d08c9c1b6a94d899385,AND,defined,all,OR,all,2000,OR,1.0,2000
lower_bound_at_least_90,0.9,target_on_target,0.9989126839417722,0.9910975291158465,ok,or_at_least_one_v1,OR,0,second_marginal,qwen,3864.0,0.995983790491622,18,pooled,scores/5a384d08c9c1b6a94d899385,AND,defined,all,OR,all,2000,OR,1.0,2000
lower_bound_at_least_90,0.9,target_on_target,1.0,0.9714291720920138,ok,or_at_least_one_v1,OR,0,second_marginal,qwen,256.0,0.99444580078125,18,topic,scores/5a384d08c9c1b6a94d899385,AND,defined,all,OR,animal_class,2000,OR,1.0,2000
lower_bound_at_least_90,0.9,target_on_target,0.9999796785007129,0.9976445835247579,ok,or_at_least_one_v1,OR,0,second_marginal,qwen,2384.0,0.9992722737714518,18,topic,scores/5a384d08c9c1b6a94d899385,AND,defined,all,OR,cities,2000,OR,1.0,2000
lower_bound_at_least_90,0.9,target_on_target,1.0,1.0,ok,or_at_least_one_v1,OR,0,second_marginal,qwen,288.0,1.0,18,topic,scores/5a384d08c9c1b6a94d899385,AND,defined,all,OR,element_symb,2000,OR,1.0,2000
lower_bound_at_least_90,0.9,target_on_target,0.9999291763210462,0.9628729446010328,ok,or_at_least_one_v1,OR,0,second_marginal,qwen,392.0,0.9916701374427322,18,topic,scores/5a384d08c9c1b6a94d899385,AND,defined,all,OR,inventors,2000,OR,1.0,2000
lower_bound_at_least_90,0.9,target_on_target,1.0,1.0,ok,or_at_least_one_v1,OR,0,second_marginal,qwen,544.0,1.0,18,topic,scores/5a384d08c9c1b6a94d899385,AND,defined,all,OR,sp_en_trans,2000,OR,1.0,2000
lower_bound_at_least_90,0.9,target_on_target,0.9998062860637299,0.9899317300841237,ok,or_at_least_one_v1,OR,0,second_marginal,qwen,,0.9970776423990868,18,topic_macro,scores/5a384d08c9c1b6a94d899385,AND,defined,all,OR,all,2000,OR,1.0,2000
lower_bound_at_least_90,0.9,target_on_target,0.9940483877937234,0.9798511159093095,ok,or_at_least_one_v1,OR,0,first_given_second_0,qwen,1932.0,0.9881745388766723,18,pooled,scores/5a384d08c9c1b6a94d899385,AND,defined,all,OR,all,2000,OR,1.0,2000
lower_bound_at_least_90,0.9,target_on_target,1.0,0.9966715976331361,ok,or_at_least_one_v1,OR,0,first_given_second_0,qwen,128.0,0.999755859375,18,topic,scores/5a384d08c9c1b6a94d899385,AND,defined,all,OR,animal_class,2000,OR,1.0,2000
lower_bound_at_least_90,0.9,target_on_target,0.9999531907378695,0.9958003757107079,ok,or_at_least_one_v1,OR,0,first_given_second_0,qwen,1192.0,0.998747241115265,18,topic,scores/5a384d08c9c1b6a94d899385,AND,defined,all,OR,cities,2000,OR,1.0,2000
lower_bound_at_least_90,0.9,target_on_target,1.0,1.0,ok,or_at_least_one_v1,OR,0,first_given_second_0,qwen,144.0,1.0,18,topic,scores/5a384d08c9c1b6a94d899385,AND,defined,all,OR,element_symb,2000,OR,1.0,2000
point_at_least_90_bound_uncertain,0.9,target_on_target,0.994481674302374,0.8891390317528182,ok,or_at_least_one_v1,OR,0,first_given_second_0,qwen,196.0,0.9594960433152853,18,topic,scores/5a384d08c9c1b6a94d899385,AND,defined,all,OR,inventors,2000,OR,1.0,2000
lower_bound_at_least_90,0.9,target_on_target,1.0,0.9944448989270127,ok,or_at_least_one_v1,OR,0,first_given_second_0,qwen,272.0,0.9988646193771626,18,topic,scores/5a384d08c9c1b6a94d899385,AND,defined,all,OR,sp_en_trans,2000,OR,1.0,2000
lower_bound_at_least_90,0.9,target_on_target,0.9984287572752937,0.977254810559097,ok,or_at_least_one_v1,OR,0,first_given_second_0,qwen,,0.9913727526365426,18,topic_macro,scores/5a384d08c9c1b6a94d899385,AND,defined,all,OR,all,2000,OR,1.0,2000
lower_bound_at_least_90,0.9,target_on_target,0.9938599670753939,0.9761826319107565,ok,or_at_least_one_v1,OR,0,first_given_second_1,qwen,1932.0,0.9862927527658827,18,pooled,scores/5a384d08c9c1b6a94d899385,AND,defined,all,OR,all,2000,OR,1.0,2000
lower_bound_at_least_90,0.9,target_on_target,1.0,0.981665,ok,or_at_least_one_v1,OR,0,first_given_second_1,qwen,128.0,0.993896484375,18,topic,scores/5a384d08c9c1b6a94d899385,AND,defined,all,OR,animal_class,2000,OR,1.0,2000
lower_bound_at_least_90,0.9,target_on_target,0.999729470099804,0.9852002315502735,ok,or_at_least_one_v1,OR,0,first_given_second_1,qwen,1192.0,0.9954450249988739,18,topic,scores/5a384d08c9c1b6a94d899385,AND,defined,all,OR,cities,2000,OR,1.0,2000
lower_bound_at_least_90,0.9,target_on_target,1.0,0.9891937959457564,ok,or_at_least_one_v1,OR,0,first_given_second_1,qwen,144.0,0.9972993827160493,18,topic,scores/5a384d08c9c1b6a94d899385,AND,defined,all,OR,element_symb,2000,OR,1.0,2000
point_at_least_90_bound_uncertain,0.9,target_on_target,0.9717184082368138,0.8258892004985755,ok,or_at_least_one_v1,OR,0,first_given_second_1,qwen,196.0,0.9124323198667222,18,topic,scores/5a384d08c9c1b6a94d899385,AND,defined,all,OR,inventors,2000,OR,1.0,2000
lower_bound_at_least_90,0.9,target_on_target,1.0,0.9260404852892834,ok,or_at_least_one_v1,OR,0,first_given_second_1,qwen,272.0,0.9759407439446367,18,topic,scores/5a384d08c9c1b6a94d899385,AND,defined,all,OR,sp_en_trans,2000,OR,1.0,2000
lower_bound_at_least_90,0.9,target_on_target,0.9896871775689607,0.9557887629122223,ok,or_at_least_one_v1,OR,0,first_given_second_1,qwen,,0.9750027911802566,18,topic_macro,scores/5a384d08c9c1b6a94d899385,AND,defined,all,OR,all,2000,OR,1.0,2000
lower_bound_at_least_90,0.9,target_on_target,0.9995450698244087,0.9902259972484103,ok,or_at_least_one_v1,OR,0,second_given_first_0,qwen,1932.0,0.9964721868583603,18,pooled,scores/5a384d08c9c1b6a94d899385,AND,defined,all,OR,all,2000,OR,1.0,2000
lower_bound_at_least_90,0.9,target_on_target,1.0,0.9815668101939369,ok,or_at_least_one_v1,OR,0,second_given_first_0,qwen,128.0,0.997802734375,18,topic,scores/5a384d08c9c1b6a94d899385,AND,defined,all,OR,animal_class,2000,OR,1.0,2000
lower_bound_at_least_90,0.9,target_on_target,1.0,0.9980346175063346,ok,or_at_least_one_v1,OR,0,second_given_first_0,qwen,1192.0,0.9994397774875006,18,topic,scores/5a384d08c9c1b6a94d899385,AND,defined,all,OR,cities,2000,OR,1.0,2000
lower_bound_at_least_90,0.9,target_on_target,1.0,1.0,ok,or_at_least_one_v1,OR,0,second_given_first_0,qwen,144.0,1.0,18,topic,scores/5a384d08c9c1b6a94d899385,AND,defined,all,OR,element_symb,2000,OR,1.0,2000
lower_bound_at_least_90,0.9,target_on_target,1.0,0.9714414335263879,ok,or_at_least_one_v1,OR,0,second_given_first_0,qwen,196.0,0.9930237401082882,18,topic,scores/5a384d08c9c1b6a94d899385,AND,defined,all,OR,inventors,2000,OR,1.0,2000
lower_bound_at_least_90,0.9,target_on_target,1.0,1.0,ok,or_at_least_one_v1,OR,0,second_given_first_0,qwen,272.0,1.0,18,topic,scores/5a384d08c9c1b6a94d899385,AND,defined,all,OR,sp_en_trans,2000,OR,1.0,2000
lower_bound_at_least_90,0.9,target_on_target,0.9999492506862488,0.992654749934456,ok,or_at_least_one_v1,OR,0,second_given_first_0,qwen,,0.9980532503941578,18,topic_macro,scores/5a384d08c9c1b6a94d899385,AND,defined,all,OR,all,2000,OR,1.0,2000
lower_bound_at_least_90,0.9,target_on_target,0.9988098168093582,0.9899571885618895,ok,or_at_least_one_v1,OR,0,second_given_first_1,qwen,1932.0,0.995560227871867,18,pooled,scores/5a384d08c9c1b6a94d899385,AND,defined,all,OR,all,2000,OR,1.0,2000
lower_bound_at_least_90,0.9,target_on_target,1.0,0.9619113498263889,ok,or_at_least_one_v1,OR,0,second_given_first_1,qwen,128.0,0.99267578125,18,topic,scores/5a384d08c9c1b6a94d899385,AND,defined,all,OR,animal_class,2000,OR,1.0,2000
lower_bound_at_least_90,0.9,target_on_target,0.9999921008615273,0.9970711545299938,ok,or_at_least_one_v1,OR,0,second_given_first_1,qwen,1192.0,0.9991835953335435,18,topic,scores/5a384d08c9c1b6a94d899385,AND,defined,all,OR,cities,2000,OR,1.0,2000
lower_bound_at_least_90,0.9,target_on_target,1.0,1.0,ok,or_at_least_one_v1,OR,0,second_given_first_1,qwen,144.0,1.0,18,topic,scores/5a384d08c9c1b6a94d899385,AND,defined,all,OR,element_symb,2000,OR,1.0,2000
lower_bound_at_least_90,0.9,target_on_target,1.0,0.9486114815507136,ok,or_at_least_one_v1,OR,0,second_given_first_1,qwen,196.0,0.9907330279050396,18,topic,scores/5a384d08c9c1b6a94d899385,AND,defined,all,OR,inventors,2000,OR,1.0,2000
lower_bound_at_least_90,0.9,target_on_target,1.0,1.0,ok,or_at_least_one_v1,OR,0,second_given_first_1,qwen,272.0,1.0,18,topic,scores/5a384d08c9c1b6a94d899385,AND,defined,all,OR,sp_en_trans,2000,OR,1.0,2000
lower_bound_at_least_90,0.9,target_on_target,0.9999371018436866,0.9862512619394017,ok,or_at_least_one_v1,OR,0,second_given_first_1,qwen,,0.9965184808977167,18,topic_macro,scores/5a384d08c9c1b6a94d899385,AND,defined,all,OR,all,2000,OR,1.0,2000
lower_bound_at_least_90,0.9,target_on_target,0.9745356980771362,0.95633269829853,ok,or_explicit_or_both_v1,OR,0,first_marginal,qwen,3864.0,0.9660890033392059,18,pooled,scores/c907a20e280426da31fd18cf,AND,defined,all,OR,all,2000,OR,1.0,2000
lower_bound_at_least_90,0.9,target_on_target,0.999572047325103,0.9850917232696437,ok,or_explicit_or_both_v1,OR,0,first_marginal,qwen,256.0,0.9935302734375,18,topic,scores/c907a20e280426da31fd18cf,AND,defined,all,OR,animal_class,2000,OR,1.0,2000
lower_bound_at_least_90,0.9,target_on_target,0.9935572819854839,0.9796721799251791,ok,or_explicit_or_both_v1,OR,0,first_marginal,qwen,2384.0,0.9873084264222333,18,topic,scores/c907a20e280426da31fd18cf,AND,defined,all,OR,cities,2000,OR,1.0,2000
lower_bound_at_least_90,0.9,target_on_target,0.9981676195403422,0.974198448275862,ok,or_explicit_or_both_v1,OR,0,first_marginal,qwen,288.0,0.9872202932098766,18,topic,scores/c907a20e280426da31fd18cf,AND,defined,all,OR,element_symb,2000,OR,1.0,2000
point_at_least_90_bound_uncertain,0.9,target_on_target,0.9638443859535419,0.8697146843600795,ok,or_explicit_or_both_v1,OR,0,first_marginal,qwen,392.0,0.9192523948354853,18,topic,scores/c907a20e280426da31fd18cf,AND,defined,all,OR,inventors,2000,OR,1.0,2000
lower_bound_at_least_90,0.9,target_on_target,0.9870493954681032,0.9437373181438224,ok,or_explicit_or_both_v1,OR,0,first_marginal,qwen,544.0,0.9684526384083045,18,topic,scores/c907a20e280426da31fd18cf,AND,defined,all,OR,sp_en_trans,2000,OR,1.0,2000
lower_bound_at_least_90,0.9,target_on_target,0.9822180980286497,0.9599380110420223,ok,or_explicit_or_both_v1,OR,0,first_marginal,qwen,,0.97115280526268,18,topic_macro,scores/c907a20e280426da31fd18cf,AND,defined,all,OR,all,2000,OR,1.0,2000
point_below_90,0.9,target_on_target,0.8761861059927971,0.8342008858277064,ok,or_explicit_or_both_v1,OR,0,second_marginal,qwen,3864.0,0.8535828950357711,18,pooled,scores/c907a20e280426da31fd18cf,AND,defined,all,OR,all,2000,OR,1.0,2000
point_at_least_90_bound_uncertain,0.9,target_on_target,0.9979203146877134,0.8992255356877403,ok,or_explicit_or_both_v1,OR,0,second_marginal,qwen,256.0,0.96124267578125,18,topic,scores/c907a20e280426da31fd18cf,AND,defined,all,OR,animal_class,2000,OR,1.0,2000
lower_bound_at_least_90,0.9,target_on_target,0.9841756633665387,0.9614577739976381,ok,or_explicit_or_both_v1,OR,0,second_marginal,qwen,2384.0,0.9736815064636728,18,topic,scores/c907a20e280426da31fd18cf,AND,defined,all,OR,cities,2000,OR,1.0,2000
lower_bound_at_least_90,0.9,target_on_target,0.9720176680058437,0.9055549798044218,ok,or_explicit_or_both_v1,OR,0,second_marginal,qwen,288.0,0.9373553240740741,18,topic,scores/c907a20e280426da31fd18cf,AND,defined,all,OR,element_symb,2000,OR,1.0,2000
point_below_90,0.9,target_on_target,0.9126016502221519,0.7908177343649878,ok,or_explicit_or_both_v1,OR,0,second_marginal,qwen,392.0,0.854826114119117,18,topic,scores/c907a20e280426da31fd18cf,AND,defined,all,OR,inventors,2000,OR,1.0,2000
lower_bound_at_least_90,0.9,target_on_target,0.9827428411731978,0.9301005158638509,ok,or_explicit_or_both_v1,OR,0,second_marginal,qwen,544.0,0.9590316825259516,18,topic,scores/c907a20e280426da31fd18cf,AND,defined,all,OR,sp_en_trans,2000,OR,1.0,2000
lower_bound_at_least_90,0.9,target_on_target,0.956297737700588,0.9198546900090213,ok,or_explicit_or_both_v1,OR,0,second_marginal,qwen,,0.937227460592813,18,topic_macro,scores/c907a20e280426da31fd18cf,AND,defined,all,OR,all,2000,OR,1.0,2000
lower_bound_at_least_90,0.9,target_on_target,0.9865770975570461,0.9678101825526991,ok,or_explicit_or_both_v1,OR,0,first_given_second_0,qwen,1932.0,0.978088336783989,18,pooled,scores/c907a20e280426da31fd18cf,AND,defined,all,OR,all,2000,OR,1.0,2000
lower_bound_at_least_90,0.9,target_on_target,1.0,0.9779568411386593,ok,or_explicit_or_both_v1,OR,0,first_given_second_0,qwen,128.0,0.99365234375,18,topic,scores/c907a20e280426da31fd18cf,AND,defined,all,OR,animal_class,2000,OR,1.0,2000
lower_bound_at_least_90,0.9,target_on_target,0.9987168185592473,0.9891324238090207,ok,or_explicit_or_both_v1,OR,0,first_given_second_0,qwen,1192.0,0.995067789739201,18,topic,scores/c907a20e280426da31fd18cf,AND,defined,all,OR,cities,2000,OR,1.0,2000
lower_bound_at_least_90,0.9,target_on_target,1.0,0.9871411702746242,ok,or_explicit_or_both_v1,OR,0,first_given_second_0,qwen,144.0,0.9967206790123457,18,topic,scores/c907a20e280426da31fd18cf,AND,defined,all,OR,element_symb,2000,OR,1.0,2000
point_at_least_90_bound_uncertain,0.9,target_on_target,0.9797744934380653,0.8645638463718821,ok,or_explicit_or_both_v1,OR,0,first_given_second_0,qwen,196.0,0.9298209079550187,18,topic,scores/c907a20e280426da31fd18cf,AND,defined,all,OR,inventors,2000,OR,1.0,2000
lower_bound_at_least_90,0.9,target_on_target,0.9992253397580692,0.9699365223377899,ok,or_explicit_or_both_v1,OR,0,first_given_second_0,qwen,272.0,0.9882136678200693,18,topic,scores/c907a20e280426da31fd18cf,AND,defined,all,OR,sp_en_trans,2000,OR,1.0,2000
lower_bound_at_least_90,0.9,target_on_target,0.9920301385183617,0.9675214510116514,ok,or_explicit_or_both_v1,OR,0,first_given_second_0,qwen,,0.9806950776553268,18,topic_macro,scores/c907a20e280426da31fd18cf,AND,defined,all,OR,all,2000,OR,1.0,2000
lower_bound_at_least_90,0.9,target_on_target,0.9882094202982699,0.9708364253352576,ok,or_explicit_or_both_v1,OR,0,first_given_second_1,qwen,1932.0,0.9806966895138648,18,pooled,scores/c907a20e280426da31fd18cf,AND,defined,all,OR,all,2000,OR,1.0,2000
lower_bound_at_least_90,0.9,target_on_target,1.0,1.0,ok,or_explicit_or_both_v1,OR,0,first_given_second_1,qwen,128.0,1.0,18,topic,scores/c907a20e280426da31fd18cf,AND,defined,all,OR,animal_class,2000,OR,1.0,2000
lower_bound_at_least_90,0.9,target_on_target,0.9998051060395564,0.9949790727506069,ok,or_explicit_or_both_v1,OR,0,first_given_second_1,qwen,1192.0,0.9980715958740597,18,topic,scores/c907a20e280426da31fd18cf,AND,defined,all,OR,cities,2000,OR,1.0,2000
lower_bound_at_least_90,0.9,target_on_target,1.0,0.9958446951899712,ok,or_explicit_or_both_v1,OR,0,first_given_second_1,qwen,144.0,0.9990354938271605,18,topic,scores/c907a20e280426da31fd18cf,AND,defined,all,OR,element_symb,2000,OR,1.0,2000
point_at_least_90_bound_uncertain,0.9,target_on_target,0.9822784117794334,0.8654494016873278,ok,or_explicit_or_both_v1,OR,0,first_given_second_1,qwen,196.0,0.932423990004165,18,topic,scores/c907a20e280426da31fd18cf,AND,defined,all,OR,inventors,2000,OR,1.0,2000
lower_bound_at_least_90,0.9,target_on_target,1.0,0.9822926054283007,ok,or_explicit_or_both_v1,OR,0,first_given_second_1,qwen,272.0,0.9959991349480969,18,topic,scores/c907a20e280426da31fd18cf,AND,defined,all,OR,sp_en_trans,2000,OR,1.0,2000
lower_bound_at_least_90,0.9,target_on_target,0.9955216327887932,0.9718603297538093,ok,or_explicit_or_both_v1,OR,0,first_given_second_1,qwen,,0.9851060429306964,18,topic_macro,scores/c907a20e280426da31fd18cf,AND,defined,all,OR,all,2000,OR,1.0,2000
point_below_90,0.9,target_on_target,0.8622400315423681,0.8148547856719316,ok,or_explicit_or_both_v1,OR,0,second_given_first_0,qwen,1932.0,0.8356759212821865,18,pooled,scores/c907a20e280426da31fd18cf,AND,defined,all,OR,all,2000,OR,1.0,2000
point_at_least_90_bound_uncertain,0.9,target_on_target,1.0,0.875144916765755,ok,or_explicit_or_both_v1,OR,0,second_given_first_0,qwen,128.0,0.95361328125,18,topic,scores/c907a20e280426da31fd18cf,AND,defined,all,OR,animal_class,2000,OR,1.0,2000
lower_bound_at_least_90,0.9,target_on_target,0.9915907229811128,0.9667123928935436,ok,or_explicit_or_both_v1,OR,0,second_given_first_0,qwen,1192.0,0.9805695689383361,18,topic,scores/c907a20e280426da31fd18cf,AND,defined,all,OR,cities,2000,OR,1.0,2000
lower_bound_at_least_90,0.9,target_on_target,1.0,0.9043651059688582,ok,or_explicit_or_both_v1,OR,0,second_given_first_0,qwen,144.0,0.9639274691358025,18,topic,scores/c907a20e280426da31fd18cf,AND,defined,all,OR,element_symb,2000,OR,1.0,2000
point_below_90,0.9,target_on_target,0.92250326526164,0.770140123563834,ok,or_explicit_or_both_v1,OR,0,second_given_first_0,qwen,196.0,0.8370470637234486,18,topic,scores/c907a20e280426da31fd18cf,AND,defined,all,OR,inventors,2000,OR,1.0,2000
lower_bound_at_least_90,0.9,target_on_target,0.986717326225952,0.9125503327775615,ok,or_explicit_or_both_v1,OR,0,second_given_first_0,qwen,272.0,0.9541522491349481,18,topic,scores/c907a20e280426da31fd18cf,AND,defined,all,OR,sp_en_trans,2000,OR,1.0,2000
lower_bound_at_least_90,0.9,target_on_target,0.9635915805758247,0.9139605884726962,ok,or_explicit_or_both_v1,OR,0,second_given_first_0,qwen,,0.9378619264365071,18,topic_macro,scores/c907a20e280426da31fd18cf,AND,defined,all,OR,all,2000,OR,1.0,2000
point_below_90,0.9,target_on_target,0.9084981811092537,0.8607051293670412,ok,or_explicit_or_both_v1,OR,0,second_given_first_1,qwen,1932.0,0.8836432493602356,18,pooled,scores/c907a20e280426da31fd18cf,AND,defined,all,OR,all,2000,OR,1.0,2000
lower_bound_at_least_90,0.9,target_on_target,1.0,0.918828961440629,ok,or_explicit_or_both_v1,OR,0,second_given_first_1,qwen,128.0,0.974365234375,18,topic,scores/c907a20e280426da31fd18cf,AND,defined,all,OR,animal_class,2000,OR,1.0,2000
lower_bound_at_least_90,0.9,target_on_target,0.9944228275332172,0.9724841295523753,ok,or_explicit_or_both_v1,OR,0,second_given_first_1,qwen,1192.0,0.9852343362911581,18,topic,scores/c907a20e280426da31fd18cf,AND,defined,all,OR,cities,2000,OR,1.0,2000
lower_bound_at_least_90,0.9,target_on_target,1.0,0.9644886621315193,ok,or_explicit_or_both_v1,OR,0,second_given_first_1,qwen,144.0,0.9853395061728395,18,topic,scores/c907a20e280426da31fd18cf,AND,defined,all,OR,element_symb,2000,OR,1.0,2000
point_at_least_90_bound_uncertain,0.9,target_on_target,0.9817859462403462,0.8295562400973291,ok,or_explicit_or_both_v1,OR,0,second_given_first_1,qwen,196.0,0.9226364014993753,18,topic,scores/c907a20e280426da31fd18cf,AND,defined,all,OR,inventors,2000,OR,1.0,2000
lower_bound_at_least_90,0.9,target_on_target,0.9997107001001468,0.9685907658859543,ok,or_explicit_or_both_v1,OR,0,second_given_first_1,qwen,272.0,0.9901600346020761,18,topic,scores/c907a20e280426da31fd18cf,AND,defined,all,OR,sp_en_trans,2000,OR,1.0,2000
lower_bound_at_least_90,0.9,target_on_target,0.9881387314906428,0.9511547354958213,ok,or_explicit_or_both_v1,OR,0,second_given_first_1,qwen,,0.9715471025880899,18,topic_macro,scores/c907a20e280426da31fd18cf,AND,defined,all,OR,all,2000,OR,1.0,2000
lower_bound_at_least_90,0.9,source_on_source,0.9999175069535674,0.9981140342843632,ok,D_bare,OR,0,first_marginal,qwen,3864.0,0.9993106725992225,19,pooled,scores/d6b74d3854d4b99cce780f17,OR,defined,all,AND,all,2000,OR,1.0,2000
lower_bound_at_least_90,0.9,source_on_source,1.0,1.0,ok,D_bare,OR,0,first_marginal,qwen,256.0,1.0,19,topic,scores/d6b74d3854d4b99cce780f17,OR,defined,all,AND,animal_class,2000,OR,1.0,2000
lower_bound_at_least_90,0.9,source_on_source,1.0,0.999548618586903,ok,D_bare,OR,0,first_marginal,qwen,2384.0,0.9999078025764605,19,topic,scores/d6b74d3854d4b99cce780f17,OR,defined,all,AND,cities,2000,OR,1.0,2000
lower_bound_at_least_90,0.9,source_on_source,1.0,0.998828884306008,ok,D_bare,OR,0,first_marginal,qwen,288.0,0.9998553240740741,19,topic,scores/d6b74d3854d4b99cce780f17,OR,defined,all,AND,element_symb,2000,OR,1.0,2000
lower_bound_at_least_90,0.9,source_on_source,0.9997290066177937,0.9429998456790123,ok,D_bare,OR,0,first_marginal,qwen,392.0,0.9816482715535194,19,topic,scores/d6b74d3854d4b99cce780f17,OR,defined,all,AND,inventors,2000,OR,1.0,2000
lower_bound_at_least_90,0.9,source_on_source,1.0,1.0,ok,D_bare,OR,0,first_marginal,qwen,544.0,1.0,19,topic,scores/d6b74d3854d4b99cce780f17,OR,defined,all,AND,sp_en_trans,2000,OR,1.0,2000
lower_bound_at_least_90,0.9,source_on_source,0.9999044135912668,0.9885995425963692,ok,D_bare,OR,0,first_marginal,qwen,,0.9962822796408108,19,topic_macro,scores/d6b74d3854d4b99cce780f17,OR,defined,all,AND,all,2000,OR,1.0,2000
lower_bound_at_least_90,0.9,source_on_source,0.9989190256814181,0.9933795746555719,ok,D_bare,OR,0,second_marginal,qwen,3864.0,0.99678108483469,19,pooled,scores/d6b74d3854d4b99cce780f17,OR,defined,all,AND,all,2000,OR,1.0,2000
lower_bound_at_least_90,0.9,source_on_source,1.0,0.979374640308777,ok,D_bare,OR,0,second_marginal,qwen,256.0,0.99554443359375,19,topic,scores/d6b74d3854d4b99cce780f17,OR,defined,all,AND,animal_class,2000,OR,1.0,2000
lower_bound_at_least_90,0.9,source_on_source,0.9994110188081899,0.993272282554088,ok,D_bare,OR,0,second_marginal,qwen,2384.0,0.9971686241610739,19,topic,scores/d6b74d3854d4b99cce780f17,OR,defined,all,AND,cities,2000,OR,1.0,2000
lower_bound_at_least_90,0.9,source_on_source,1.0,1.0,ok,D_bare,OR,0,second_marginal,qwen,288.0,1.0,19,topic,scores/d6b74d3854d4b99cce780f17,OR,defined,all,AND,element_symb,2000,OR,1.0,2000
lower_bound_at_least_90,0.9,source_on_source,0.9995122683980807,0.955997089559928,ok,D_bare,OR,0,second_marginal,qwen,392.0,0.9870106205747605,19,topic,scores/d6b74d3854d4b99cce780f17,OR,defined,all,AND,inventors,2000,OR,1.0,2000
lower_bound_at_least_90,0.9,source_on_source,1.0,0.9976929946815327,ok,D_bare,OR,0,second_marginal,qwen,544.0,0.9995539576124568,19,topic,scores/d6b74d3854d4b99cce780f17,OR,defined,all,AND,sp_en_trans,2000,OR,1.0,2000
lower_bound_at_least_90,0.9,source_on_source,0.9991582140145118,0.9893158470617724,ok,D_bare,OR,0,second_marginal,qwen,,0.9958555271884082,19,topic_macro,scores/d6b74d3854d4b99cce780f17,OR,defined,all,AND,all,2000,OR,1.0,2000
lower_bound_at_least_90,0.9,source_on_source,0.999980176781056,0.9981731564878379,ok,D_bare,OR,0,first_given_second_0,qwen,1932.0,0.9994309633116006,19,pooled,scores/d6b74d3854d4b99cce780f17,OR,defined,all,AND,all,2000,OR,1.0,2000
lower_bound_at_least_90,0.9,source_on_source,1.0,1.0,ok,D_bare,OR,0,first_given_second_0,qwen,128.0,1.0,19,topic,scores/d6b74d3854d4b99cce780f17,OR,defined,all,AND,animal_class,2000,OR,1.0,2000
lower_bound_at_least_90,0.9,source_on_source,1.0,0.9990444553630111,ok,D_bare,OR,0,first_given_second_0,qwen,1192.0,0.9998198279356786,19,topic,scores/d6b74d3854d4b99cce780f17,OR,defined,all,AND,cities,2000,OR,1.0,2000
lower_bound_at_least_90,0.9,source_on_source,1.0,0.998124043367347,ok,D_bare,OR,0,first_given_second_0,qwen,144.0,0.9998070987654321,19,topic,scores/d6b74d3854d4b99cce780f17,OR,defined,all,AND,element_symb,2000,OR,1.0,2000
lower_bound_at_least_90,0.9,source_on_source,1.0,0.9434859438145095,ok,D_bare,OR,0,first_given_second_0,qwen,196.0,0.9857351103706788,19,topic,scores/d6b74d3854d4b99cce780f17,OR,defined,all,AND,inventors,2000,OR,1.0,2000
lower_bound_at_least_90,0.9,source_on_source,1.0,1.0,ok,D_bare,OR,0,first_given_second_0,qwen,272.0,1.0,19,topic,scores/d6b74d3854d4b99cce780f17,OR,defined,all,AND,sp_en_trans,2000,OR,1.0,2000
lower_bound_at_least_90,0.9,source_on_source,1.0,0.9886942171511518,ok,D_bare,OR,0,first_given_second_0,qwen,,0.9970724074143579,19,topic_macro,scores/d6b74d3854d4b99cce780f17,OR,defined,all,AND,all,2000,OR,1.0,2000
lower_bound_at_least_90,0.9,source_on_source,0.99993092963387,0.9979722709273564,ok,D_bare,OR,0,first_given_second_1,qwen,1932.0,0.9992787915418215,19,pooled,scores/d6b74d3854d4b99cce780f17,OR,defined,all,AND,all,2000,OR,1.0,2000
lower_bound_at_least_90,0.9,source_on_source,1.0,1.0,ok,D_bare,OR,0,first_given_second_1,qwen,128.0,1.0,19,topic,scores/d6b74d3854d4b99cce780f17,OR,defined,all,AND,animal_class,2000,OR,1.0,2000
lower_bound_at_least_90,0.9,source_on_source,1.0,0.9997148968128264,ok,D_bare,OR,0,first_given_second_1,qwen,1192.0,0.9999521417954146,19,topic,scores/d6b74d3854d4b99cce780f17,OR,defined,all,AND,cities,2000,OR,1.0,2000
lower_bound_at_least_90,0.9,source_on_source,1.0,1.0,ok,D_bare,OR,0,first_given_second_1,qwen,144.0,1.0,19,topic,scores/d6b74d3854d4b99cce780f17,OR,defined,all,AND,element_symb,2000,OR,1.0,2000
lower_bound_at_least_90,0.9,source_on_source,1.0,0.9353257905624723,ok,D_bare,OR,0,first_given_second_1,qwen,196.0,0.9796959600166597,19,topic,scores/d6b74d3854d4b99cce780f17,OR,defined,all,AND,inventors,2000,OR,1.0,2000
lower_bound_at_least_90,0.9,source_on_source,1.0,1.0,ok,D_bare,OR,0,first_given_second_1,qwen,272.0,1.0,19,topic,scores/d6b74d3854d4b99cce780f17,OR,defined,all,AND,sp_en_trans,2000,OR,1.0,2000
lower_bound_at_least_90,0.9,source_on_source,0.9999924019933999,0.987023856782482,ok,D_bare,OR,0,first_given_second_1,qwen,,0.9959296203624148,19,topic_macro,scores/d6b74d3854d4b99cce780f17,OR,defined,all,AND,all,2000,OR,1.0,2000
lower_bound_at_least_90,0.9,source_on_source,0.9991143859427165,0.993129288192352,ok,D_bare,OR,0,second_given_first_0,qwen,1932.0,0.996704731041755,19,pooled,scores/d6b74d3854d4b99cce780f17,OR,defined,all,AND,all,2000,OR,1.0,2000
lower_bound_at_least_90,0.9,source_on_source,1.0,0.9425969897959183,ok,D_bare,OR,0,second_given_first_0,qwen,128.0,0.9892578125,19,topic,scores/d6b74d3854d4b99cce780f17,OR,defined,all,AND,animal_class,2000,OR,1.0,2000
lower_bound_at_least_90,0.9,source_on_source,0.9996898511599891,0.9938166228598379,ok,D_bare,OR,0,second_given_first_0,qwen,1192.0,0.9976352416557813,19,topic,scores/d6b74d3854d4b99cce780f17,OR,defined,all,AND,cities,2000,OR,1.0,2000
lower_bound_at_least_90,0.9,source_on_source,1.0,1.0,ok,D_bare,OR,0,second_given_first_0,qwen,144.0,1.0,19,topic,scores/d6b74d3854d4b99cce780f17,OR,defined,all,AND,element_symb,2000,OR,1.0,2000
lower_bound_at_least_90,0.9,source_on_source,1.0,0.9512901703864737,ok,D_bare,OR,0,second_given_first_0,qwen,196.0,0.9852144939608496,19,topic,scores/d6b74d3854d4b99cce780f17,OR,defined,all,AND,inventors,2000,OR,1.0,2000
lower_bound_at_least_90,0.9,source_on_source,1.0,0.9955643205414388,ok,D_bare,OR,0,second_given_first_0,qwen,272.0,0.9992430795847751,19,topic,scores/d6b74d3854d4b99cce780f17,OR,defined,all,AND,sp_en_trans,2000,OR,1.0,2000
lower_bound_at_least_90,0.9,source_on_source,0.9994698754094138,0.9836667554104787,ok,D_bare,OR,0,second_given_first_0,qwen,,0.9942701255402813,19,topic_macro,scores/d6b74d3854d4b99cce780f17,OR,defined,all,AND,all,2000,OR,1.0,2000
lower_bound_at_least_90,0.9,source_on_source,0.9993726849053862,0.9934392657317702,ok,D_bare,OR,0,second_given_first_1,qwen,1932.0,0.9972223293854404,19,pooled,scores/d6b74d3854d4b99cce780f17,OR,defined,all,AND,all,2000,OR,1.0,2000
lower_bound_at_least_90,0.9,source_on_source,1.0,0.9940828402366864,ok,D_bare,OR,0,second_given_first_1,qwen,128.0,0.999267578125,19,topic,scores/d6b74d3854d4b99cce780f17,OR,defined,all,AND,animal_class,2000,OR,1.0,2000
lower_bound_at_least_90,0.9,source_on_source,0.9996285285758149,0.9932164915485605,ok,D_bare,OR,0,second_given_first_1,qwen,1192.0,0.9974100265753795,19,topic,scores/d6b74d3854d4b99cce780f17,OR,defined,all,AND,cities,2000,OR,1.0,2000
lower_bound_at_least_90,0.9,source_on_source,1.0,1.0,ok,D_bare,OR,0,second_given_first_1,qwen,144.0,1.0,19,topic,scores/d6b74d3854d4b99cce780f17,OR,defined,all,AND,element_symb,2000,OR,1.0,2000
lower_bound_at_least_90,0.9,source_on_source,1.0,0.9511810200668896,ok,D_bare,OR,0,second_given_first_1,qwen,196.0,0.9888588088296543,19,topic,scores/d6b74d3854d4b99cce780f17,OR,defined,all,AND,inventors,2000,OR,1.0,2000
lower_bound_at_least_90,0.9,source_on_source,1.0,0.9990817240119187,ok,D_bare,OR,0,second_given_first_1,qwen,272.0,0.9999459342560554,19,topic,scores/d6b74d3854d4b99cce780f17,OR,defined,all,AND,sp_en_trans,2000,OR,1.0,2000
lower_bound_at_least_90,0.9,source_on_source,0.9997138402231245,0.9898883611365229,ok,D_bare,OR,0,second_given_first_1,qwen,,0.9970964695572178,19,topic_macro,scores/d6b74d3854d4b99cce780f17,OR,defined,all,AND,all,2000,OR,1.0,2000
lower_bound_at_least_90,0.9,source_on_source,0.968753433152749,0.9464289791315703,ok,or_at_least_one_v1,OR,0,first_marginal,qwen,3864.0,0.9576699930129582,19,pooled,scores/7e03716add5b912c0a8687b4,OR,defined,all,AND,all,2000,OR,1.0,2000
point_at_least_90_bound_uncertain,0.9,source_on_source,0.9488077798521369,0.8860541449652778,ok,or_at_least_one_v1,OR,0,first_marginal,qwen,256.0,0.91461181640625,19,topic,scores/7e03716add5b912c0a8687b4,OR,defined,all,AND,animal_class,2000,OR,1.0,2000
lower_bound_at_least_90,0.9,source_on_source,0.9891265046041268,0.9718198302923037,ok,or_at_least_one_v1,OR,0,first_marginal,qwen,2384.0,0.9810009965767308,19,topic,scores/7e03716add5b912c0a8687b4,OR,defined,all,AND,cities,2000,OR,1.0,2000
lower_bound_at_least_90,0.9,source_on_source,1.0,0.9637425557398069,ok,or_at_least_one_v1,OR,0,first_marginal,qwen,288.0,0.9876060956790124,19,topic,scores/7e03716add5b912c0a8687b4,OR,defined,all,AND,element_symb,2000,OR,1.0,2000
point_at_least_90_bound_uncertain,0.9,source_on_source,0.9507930074711078,0.8393827644415609,ok,or_at_least_one_v1,OR,0,first_marginal,qwen,392.0,0.9077207413577676,19,topic,scores/7e03716add5b912c0a8687b4,OR,defined,all,AND,inventors,2000,OR,1.0,2000
lower_bound_at_least_90,0.9,source_on_source,0.997133323337984,0.9645856770833333,ok,or_at_least_one_v1,OR,0,first_marginal,qwen,544.0,0.9842263192041523,19,topic,scores/7e03716add5b912c0a8687b4,OR,defined,all,AND,sp_en_trans,2000,OR,1.0,2000
lower_bound_at_least_90,0.9,source_on_source,0.9676220077111356,0.9396922754012573,ok,or_at_least_one_v1,OR,0,first_marginal,qwen,,0.9550331938447826,19,topic_macro,scores/7e03716add5b912c0a8687b4,OR,defined,all,AND,all,2000,OR,1.0,2000
lower_bound_at_least_90,0.9,source_on_source,0.9977457711852854,0.9876697720560766,ok,or_at_least_one_v1,OR,0,second_marginal,qwen,3864.0,0.9937668514160548,19,pooled,scores/7e03716add5b912c0a8687b4,OR,defined,all,AND,all,2000,OR,1.0,2000
lower_bound_at_least_90,0.9,source_on_source,1.0,0.9530158890502106,ok,or_at_least_one_v1,OR,0,second_marginal,qwen,256.0,0.98907470703125,19,topic,scores/7e03716add5b912c0a8687b4,OR,defined,all,AND,animal_class,2000,OR,1.0,2000
lower_bound_at_least_90,0.9,source_on_source,0.9999636789965046,0.9973919673965095,ok,or_at_least_one_v1,OR,0,second_marginal,qwen,2384.0,0.9991645928111347,19,topic,scores/7e03716add5b912c0a8687b4,OR,defined,all,AND,cities,2000,OR,1.0,2000
lower_bound_at_least_90,0.9,source_on_source,1.0,1.0,ok,or_at_least_one_v1,OR,0,second_marginal,qwen,288.0,1.0,19,topic,scores/7e03716add5b912c0a8687b4,OR,defined,all,AND,element_symb,2000,OR,1.0,2000
lower_bound_at_least_90,0.9,source_on_source,1.0,0.9582990752692774,ok,or_at_least_one_v1,OR,0,second_marginal,qwen,392.0,0.9905247813411079,19,topic,scores/7e03716add5b912c0a8687b4,OR,defined,all,AND,inventors,2000,OR,1.0,2000
lower_bound_at_least_90,0.9,source_on_source,1.0,0.9997398543184183,ok,or_at_least_one_v1,OR,0,second_marginal,qwen,544.0,0.9999729671280276,19,topic,scores/7e03716add5b912c0a8687b4,OR,defined,all,AND,sp_en_trans,2000,OR,1.0,2000
lower_bound_at_least_90,0.9,source_on_source,0.9995781450862573,0.9859812633411826,ok,or_at_least_one_v1,OR,0,second_marginal,qwen,,0.9957474096623041,19,topic_macro,scores/7e03716add5b912c0a8687b4,OR,defined,all,AND,all,2000,OR,1.0,2000
lower_bound_at_least_90,0.9,source_on_source,0.9797017865494785,0.9532567950099526,ok,or_at_least_one_v1,OR,0,first_given_second_0,qwen,1932.0,0.9673720149685583,19,pooled,scores/7e03716add5b912c0a8687b4,OR,defined,all,AND,all,2000,OR,1.0,2000
point_below_90,0.9,source_on_source,0.9670906883494257,0.7936743157911312,ok,or_at_least_one_v1,OR,0,first_given_second_0,qwen,128.0,0.89111328125,19,topic,scores/7e03716add5b912c0a8687b4,OR,defined,all,AND,animal_class,2000,OR,1.0,2000
lower_bound_at_least_90,0.9,source_on_source,0.9948479608811198,0.9691708262018709,ok,or_at_least_one_v1,OR,0,first_given_second_0,qwen,1192.0,0.984721971983244,19,topic,scores/7e03716add5b912c0a8687b4,OR,defined,all,AND,cities,2000,OR,1.0,2000
lower_bound_at_least_90,0.9,source_on_source,1.0,0.9938747950703828,ok,or_at_least_one_v1,OR,0,first_given_second_0,qwen,144.0,0.9988425925925926,19,topic,scores/7e03716add5b912c0a8687b4,OR,defined,all,AND,element_symb,2000,OR,1.0,2000
point_at_least_90_bound_uncertain,0.9,source_on_source,0.9796961805555555,0.8624786839849787,ok,or_at_least_one_v1,OR,0,first_given_second_0,qwen,196.0,0.9323198667221991,19,topic,scores/7e03716add5b912c0a8687b4,OR,defined,all,AND,inventors,2000,OR,1.0,2000
lower_bound_at_least_90,0.9,source_on_source,1.0,0.9743800394388984,ok,or_at_least_one_v1,OR,0,first_given_second_0,qwen,272.0,0.9947556228373703,19,topic,scores/7e03716add5b912c0a8687b4,OR,defined,all,AND,sp_en_trans,2000,OR,1.0,2000
lower_bound_at_least_90,0.9,source_on_source,0.9806919957527459,0.9373436114905647,ok,or_at_least_one_v1,OR,0,first_given_second_0,qwen,,0.9603506670770813,19,topic_macro,scores/7e03716add5b912c0a8687b4,OR,defined,all,AND,all,2000,OR,1.0,2000
lower_bound_at_least_90,0.9,source_on_source,0.9656684180372943,0.9339522037396626,ok,or_at_least_one_v1,OR,0,first_given_second_1,qwen,1932.0,0.9502891263625803,19,pooled,scores/7e03716add5b912c0a8687b4,OR,defined,all,AND,all,2000,OR,1.0,2000
lower_bound_at_least_90,0.9,source_on_source,1.0,0.9323319315602245,ok,or_at_least_one_v1,OR,0,first_given_second_1,qwen,128.0,0.981689453125,19,topic,scores/7e03716add5b912c0a8687b4,OR,defined,all,AND,animal_class,2000,OR,1.0,2000
lower_bound_at_least_90,0.9,source_on_source,0.9932074218352976,0.9718901462470841,ok,or_at_least_one_v1,OR,0,first_given_second_1,qwen,1192.0,0.9839280888248277,19,topic,scores/7e03716add5b912c0a8687b4,OR,defined,all,AND,cities,2000,OR,1.0,2000
lower_bound_at_least_90,0.9,source_on_source,1.0,0.9104894454704012,ok,or_at_least_one_v1,OR,0,first_given_second_1,qwen,144.0,0.9731867283950617,19,topic,scores/7e03716add5b912c0a8687b4,OR,defined,all,AND,element_symb,2000,OR,1.0,2000
point_at_least_90_bound_uncertain,0.9,source_on_source,0.977031410094902,0.8133392679988662,ok,or_at_least_one_v1,OR,0,first_given_second_1,qwen,196.0,0.9185755935027072,19,topic,scores/7e03716add5b912c0a8687b4,OR,defined,all,AND,inventors,2000,OR,1.0,2000
lower_bound_at_least_90,0.9,source_on_source,0.9977232107293574,0.923942044989292,ok,or_at_least_one_v1,OR,0,first_given_second_1,qwen,272.0,0.9698853806228374,19,topic,scores/7e03716add5b912c0a8687b4,OR,defined,all,AND,sp_en_trans,2000,OR,1.0,2000
lower_bound_at_least_90,0.9,source_on_source,0.9830575532165745,0.9372843668872619,ok,or_at_least_one_v1,OR,0,first_given_second_1,qwen,,0.9654530488940868,19,topic_macro,scores/7e03716add5b912c0a8687b4,OR,defined,all,AND,all,2000,OR,1.0,2000
lower_bound_at_least_90,0.9,source_on_source,0.9981692222245955,0.9870313,ok,or_at_least_one_v1,OR,0,second_given_first_0,qwen,1932.0,0.9938370433239458,19,pooled,scores/7e03716add5b912c0a8687b4,OR,defined,all,AND,all,2000,OR,1.0,2000
lower_bound_at_least_90,0.9,source_on_source,1.0,0.9501953125,ok,or_at_least_one_v1,OR,0,second_given_first_0,qwen,128.0,0.989990234375,19,topic,scores/7e03716add5b912c0a8687b4,OR,defined,all,AND,animal_class,2000,OR,1.0,2000
lower_bound_at_least_90,0.9,source_on_source,1.0,0.9976467387614231,ok,or_at_least_one_v1,OR,0,second_given_first_0,qwen,1192.0,0.9992933876852395,19,topic,scores/7e03716add5b912c0a8687b4,OR,defined,all,AND,cities,2000,OR,1.0,2000
lower_bound_at_least_90,0.9,source_on_source,1.0,1.0,ok,or_at_least_one_v1,OR,0,second_given_first_0,qwen,144.0,1.0,19,topic,scores/7e03716add5b912c0a8687b4,OR,defined,all,AND,element_symb,2000,OR,1.0,2000
lower_bound_at_least_90,0.9,source_on_source,1.0,0.9673972222222222,ok,or_at_least_one_v1,OR,0,second_given_first_0,qwen,196.0,0.9940649729279467,19,topic,scores/7e03716add5b912c0a8687b4,OR,defined,all,AND,inventors,2000,OR,1.0,2000
lower_bound_at_least_90,0.9,source_on_source,1.0,0.9994797086368367,ok,or_at_least_one_v1,OR,0,second_given_first_0,qwen,272.0,0.9999459342560554,19,topic,scores/7e03716add5b912c0a8687b4,OR,defined,all,AND,sp_en_trans,2000,OR,1.0,2000
lower_bound_at_least_90,0.9,source_on_source,0.9999368547971024,0.9875518955779611,ok,or_at_least_one_v1,OR,0,second_given_first_0,qwen,,0.9966589058488482,19,topic_macro,scores/7e03716add5b912c0a8687b4,OR,defined,all,AND,all,2000,OR,1.0,2000
lower_bound_at_least_90,0.9,source_on_source,0.9981336722409471,0.9867058232938468,ok,or_at_least_one_v1,OR,0,second_given_first_1,qwen,1932.0,0.9939431349099186,19,pooled,scores/7e03716add5b912c0a8687b4,OR,defined,all,AND,all,2000,OR,1.0,2000
lower_bound_at_least_90,0.9,source_on_source,1.0,0.9544076291296845,ok,or_at_least_one_v1,OR,0,second_given_first_1,qwen,128.0,0.9892578125,19,topic,scores/7e03716add5b912c0a8687b4,OR,defined,all,AND,animal_class,2000,OR,1.0,2000
lower_bound_at_least_90,0.9,source_on_source,1.0,0.9970722474022754,ok,or_at_least_one_v1,OR,0,second_given_first_1,qwen,1192.0,0.9991723345795235,19,topic,scores/7e03716add5b912c0a8687b4,OR,defined,all,AND,cities,2000,OR,1.0,2000
lower_bound_at_least_90,0.9,source_on_source,1.0,1.0,ok,or_at_least_one_v1,OR,0,second_given_first_1,qwen,144.0,1.0,19,topic,scores/7e03716add5b912c0a8687b4,OR,defined,all,AND,element_symb,2000,OR,1.0,2000
lower_bound_at_least_90,0.9,source_on_source,1.0,0.9406747211386508,ok,or_at_least_one_v1,OR,0,second_given_first_1,qwen,196.0,0.9860474802165764,19,topic,scores/7e03716add5b912c0a8687b4,OR,defined,all,AND,inventors,2000,OR,1.0,2000
lower_bound_at_least_90,0.9,source_on_source,1.0,1.0,ok,or_at_least_one_v1,OR,0,second_given_first_1,qwen,272.0,1.0,19,topic,scores/7e03716add5b912c0a8687b4,OR,defined,all,AND,sp_en_trans,2000,OR,1.0,2000
lower_bound_at_least_90,0.9,source_on_source,0.9997770463194673,0.9834489538136455,ok,or_at_least_one_v1,OR,0,second_given_first_1,qwen,,0.99489552545922,19,topic_macro,scores/7e03716add5b912c0a8687b4,OR,defined,all,AND,all,2000,OR,1.0,2000
lower_bound_at_least_90,0.9,source_on_source,0.9840980611403072,0.9696185868374404,ok,or_explicit_or_both_v1,OR,0,first_marginal,qwen,3864.0,0.9772698777053355,19,pooled,scores/5ec775574ba6620fbe92388b,OR,defined,all,AND,all,2000,OR,1.0,2000
lower_bound_at_least_90,0.9,source_on_source,0.9983939979279266,0.9803874066987907,ok,or_explicit_or_both_v1,OR,0,first_marginal,qwen,256.0,0.9884033203125,19,topic,scores/5ec775574ba6620fbe92388b,OR,defined,all,AND,animal_class,2000,OR,1.0,2000
lower_bound_at_least_90,0.9,source_on_source,0.9979035668245425,0.9892091727449012,ok,or_explicit_or_both_v1,OR,0,first_marginal,qwen,2384.0,0.99430487365434,19,topic,scores/5ec775574ba6620fbe92388b,OR,defined,all,AND,cities,2000,OR,1.0,2000
lower_bound_at_least_90,0.9,source_on_source,0.9927354600694444,0.9496611533470853,ok,or_explicit_or_both_v1,OR,0,first_marginal,qwen,288.0,0.97265625,19,topic,scores/5ec775574ba6620fbe92388b,OR,defined,all,AND,element_symb,2000,OR,1.0,2000
point_at_least_90_bound_uncertain,0.9,source_on_source,0.9749651500517782,0.893011824600937,ok,or_explicit_or_both_v1,OR,0,first_marginal,qwen,392.0,0.9372396917950854,19,topic,scores/5ec775574ba6620fbe92388b,OR,defined,all,AND,inventors,2000,OR,1.0,2000
lower_bound_at_least_90,0.9,source_on_source,0.9718038548752833,0.920882045352408,ok,or_explicit_or_both_v1,OR,0,first_marginal,qwen,544.0,0.9475832612456747,19,topic,scores/5ec775574ba6620fbe92388b,OR,defined,all,AND,sp_en_trans,2000,OR,1.0,2000
lower_bound_at_least_90,0.9,source_on_source,0.9793099056036052,0.9577461387976339,ok,or_explicit_or_both_v1,OR,0,first_marginal,qwen,,0.9680374794015201,19,topic_macro,scores/5ec775574ba6620fbe92388b,OR,defined,all,AND,all,2000,OR,1.0,2000
point_below_90,0.9,source_on_source,0.892729563295433,0.8524523620592248,ok,or_explicit_or_both_v1,OR,0,second_marginal,qwen,3864.0,0.8712533059852801,19,pooled,scores/5ec775574ba6620fbe92388b,OR,defined,all,AND,all,2000,OR,1.0,2000
point_at_least_90_bound_uncertain,0.9,source_on_source,0.9982930924716279,0.8943855727014463,ok,or_explicit_or_both_v1,OR,0,second_marginal,qwen,256.0,0.96295166015625,19,topic,scores/5ec775574ba6620fbe92388b,OR,defined,all,AND,animal_class,2000,OR,1.0,2000
lower_bound_at_least_90,0.9,source_on_source,0.9906111374745173,0.9698468022038398,ok,or_explicit_or_both_v1,OR,0,second_marginal,qwen,2384.0,0.9816118924823206,19,topic,scores/5ec775574ba6620fbe92388b,OR,defined,all,AND,cities,2000,OR,1.0,2000
lower_bound_at_least_90,0.9,source_on_source,0.979769606048438,0.9032506848327566,ok,or_explicit_or_both_v1,OR,0,second_marginal,qwen,288.0,0.9446855709876543,19,topic,scores/5ec775574ba6620fbe92388b,OR,defined,all,AND,element_symb,2000,OR,1.0,2000
point_below_90,0.9,source_on_source,0.9331296087666797,0.8520001791983425,ok,or_explicit_or_both_v1,OR,0,second_marginal,qwen,392.0,0.8938463140358184,19,topic,scores/5ec775574ba6620fbe92388b,OR,defined,all,AND,inventors,2000,OR,1.0,2000
lower_bound_at_least_90,0.9,source_on_source,0.9871261329114924,0.9418353101724314,ok,or_explicit_or_both_v1,OR,0,second_marginal,qwen,544.0,0.9674389057093425,19,topic,scores/5ec775574ba6620fbe92388b,OR,defined,all,AND,sp_en_trans,2000,OR,1.0,2000
lower_bound_at_least_90,0.9,source_on_source,0.9656725100297552,0.9320412993332052,ok,or_explicit_or_both_v1,OR,0,second_marginal,qwen,,0.9501068686742771,19,topic_macro,scores/5ec775574ba6620fbe92388b,OR,defined,all,AND,all,2000,OR,1.0,2000
lower_bound_at_least_90,0.9,source_on_source,0.9937217979065749,0.9793071337225323,ok,or_explicit_or_both_v1,OR,0,first_given_second_0,qwen,1932.0,0.98748547938394,19,pooled,scores/5ec775574ba6620fbe92388b,OR,defined,all,AND,all,2000,OR,1.0,2000
lower_bound_at_least_90,0.9,source_on_source,1.0,0.9842211421178026,ok,or_explicit_or_both_v1,OR,0,first_given_second_0,qwen,128.0,0.995849609375,19,topic,scores/5ec775574ba6620fbe92388b,OR,defined,all,AND,animal_class,2000,OR,1.0,2000
lower_bound_at_least_90,0.9,source_on_source,0.9997663945320271,0.9940233374496829,ok,or_explicit_or_both_v1,OR,0,first_given_second_0,qwen,1192.0,0.9979111301292735,19,topic,scores/5ec775574ba6620fbe92388b,OR,defined,all,AND,cities,2000,OR,1.0,2000
lower_bound_at_least_90,0.9,source_on_source,1.0,0.9513440022554606,ok,or_explicit_or_both_v1,OR,0,first_given_second_0,qwen,144.0,0.982445987654321,19,topic,scores/5ec775574ba6620fbe92388b,OR,defined,all,AND,element_symb,2000,OR,1.0,2000
point_at_least_90_bound_uncertain,0.9,source_on_source,0.9904314160196492,0.8973504257578049,ok,or_explicit_or_both_v1,OR,0,first_given_second_0,qwen,196.0,0.9495002082465639,19,topic,scores/5ec775574ba6620fbe92388b,OR,defined,all,AND,inventors,2000,OR,1.0,2000
lower_bound_at_least_90,0.9,source_on_source,0.994514586625012,0.9438819033530572,ok,or_explicit_or_both_v1,OR,0,first_given_second_0,qwen,272.0,0.972913062283737,19,topic,scores/5ec775574ba6620fbe92388b,OR,defined,all,AND,sp_en_trans,2000,OR,1.0,2000
lower_bound_at_least_90,0.9,source_on_source,0.9914918987925803,0.9677453048999347,ok,or_explicit_or_both_v1,OR,0,first_given_second_0,qwen,,0.979723999537779,19,topic_macro,scores/5ec775574ba6620fbe92388b,OR,defined,all,AND,all,2000,OR,1.0,2000
lower_bound_at_least_90,0.9,source_on_source,0.995395704615559,0.983653329444265,ok,or_explicit_or_both_v1,OR,0,first_given_second_1,qwen,1932.0,0.9902234996077827,19,pooled,scores/5ec775574ba6620fbe92388b,OR,defined,all,AND,all,2000,OR,1.0,2000
lower_bound_at_least_90,0.9,source_on_source,1.0,0.993456995640111,ok,or_explicit_or_both_v1,OR,0,first_given_second_1,qwen,128.0,0.9990234375,19,topic,scores/5ec775574ba6620fbe92388b,OR,defined,all,AND,animal_class,2000,OR,1.0,2000
lower_bound_at_least_90,0.9,source_on_source,0.9999912194674717,0.9967246781412208,ok,or_explicit_or_both_v1,OR,0,first_given_second_1,qwen,1192.0,0.9989527498761317,19,topic,scores/5ec775574ba6620fbe92388b,OR,defined,all,AND,cities,2000,OR,1.0,2000
lower_bound_at_least_90,0.9,source_on_source,1.0,0.9953173777315296,ok,or_explicit_or_both_v1,OR,0,first_given_second_1,qwen,144.0,0.9988425925925926,19,topic,scores/5ec775574ba6620fbe92388b,OR,defined,all,AND,element_symb,2000,OR,1.0,2000
point_at_least_90_bound_uncertain,0.9,source_on_source,0.9911598375025114,0.8932906449442521,ok,or_explicit_or_both_v1,OR,0,first_given_second_1,qwen,196.0,0.9516867971678468,19,topic,scores/5ec775574ba6620fbe92388b,OR,defined,all,AND,inventors,2000,OR,1.0,2000
lower_bound_at_least_90,0.9,source_on_source,1.0,0.9815301271579239,ok,or_explicit_or_both_v1,OR,0,first_given_second_1,qwen,272.0,0.9956206747404844,19,topic,scores/5ec775574ba6620fbe92388b,OR,defined,all,AND,sp_en_trans,2000,OR,1.0,2000
lower_bound_at_least_90,0.9,source_on_source,0.9970565020850924,0.9770540635484932,ok,or_explicit_or_both_v1,OR,0,first_given_second_1,qwen,,0.9888252503754111,19,topic_macro,scores/5ec775574ba6620fbe92388b,OR,defined,all,AND,all,2000,OR,1.0,2000
point_below_90,0.9,source_on_source,0.8889066988257501,0.8450051388447268,ok,or_explicit_or_both_v1,OR,0,second_given_first_0,qwen,1932.0,0.8653258404811199,19,pooled,scores/5ec775574ba6620fbe92388b,OR,defined,all,AND,all,2000,OR,1.0,2000
point_at_least_90_bound_uncertain,0.9,source_on_source,1.0,0.8820847680636041,ok,or_explicit_or_both_v1,OR,0,second_given_first_0,qwen,128.0,0.96435546875,19,topic,scores/5ec775574ba6620fbe92388b,OR,defined,all,AND,animal_class,2000,OR,1.0,2000
lower_bound_at_least_90,0.9,source_on_source,0.9956249446393141,0.9749912528690129,ok,or_explicit_or_both_v1,OR,0,second_given_first_0,qwen,1192.0,0.9870726543849376,19,topic,scores/5ec775574ba6620fbe92388b,OR,defined,all,AND,cities,2000,OR,1.0,2000
point_at_least_90_bound_uncertain,0.9,source_on_source,0.9935720844811754,0.8911855663276118,ok,or_explicit_or_both_v1,OR,0,second_given_first_0,qwen,144.0,0.9513888888888888,19,topic,scores/5ec775574ba6620fbe92388b,OR,defined,all,AND,element_symb,2000,OR,1.0,2000
point_below_90,0.9,source_on_source,0.953000918368814,0.8307382369614513,ok,or_explicit_or_both_v1,OR,0,second_given_first_0,qwen,196.0,0.8898375676801332,19,topic,scores/5ec775574ba6620fbe92388b,OR,defined,all,AND,inventors,2000,OR,1.0,2000
lower_bound_at_least_90,0.9,source_on_source,0.9883579519759897,0.927157044350003,ok,or_explicit_or_both_v1,OR,0,second_given_first_0,qwen,272.0,0.9620999134948097,19,topic,scores/5ec775574ba6620fbe92388b,OR,defined,all,AND,sp_en_trans,2000,OR,1.0,2000
lower_bound_at_least_90,0.9,source_on_source,0.9709034551641601,0.9275165470783682,ok,or_explicit_or_both_v1,OR,0,second_given_first_0,qwen,,0.9509508986397538,19,topic_macro,scores/5ec775574ba6620fbe92388b,OR,defined,all,AND,all,2000,OR,1.0,2000
point_below_90,0.9,source_on_source,0.908506335033483,0.8626784799896464,ok,or_explicit_or_both_v1,OR,0,second_given_first_1,qwen,1932.0,0.8846409389212522,19,pooled,scores/5ec775574ba6620fbe92388b,OR,defined,all,AND,all,2000,OR,1.0,2000
lower_bound_at_least_90,0.9,source_on_source,1.0,0.9010054340071343,ok,or_explicit_or_both_v1,OR,0,second_given_first_1,qwen,128.0,0.96484375,19,topic,scores/5ec775574ba6620fbe92388b,OR,defined,all,AND,animal_class,2000,OR,1.0,2000
lower_bound_at_least_90,0.9,source_on_source,0.994117226771236,0.9694144678328858,ok,or_explicit_or_both_v1,OR,0,second_given_first_1,qwen,1192.0,0.9840238052339985,19,topic,scores/5ec775574ba6620fbe92388b,OR,defined,all,AND,cities,2000,OR,1.0,2000
lower_bound_at_least_90,0.9,source_on_source,1.0,0.9244021045918367,ok,or_explicit_or_both_v1,OR,0,second_given_first_1,qwen,144.0,0.9691358024691358,19,topic,scores/5ec775574ba6620fbe92388b,OR,defined,all,AND,element_symb,2000,OR,1.0,2000
point_at_least_90_bound_uncertain,0.9,source_on_source,0.981048125,0.8754236819269018,ok,or_explicit_or_both_v1,OR,0,second_given_first_1,qwen,196.0,0.936484798000833,19,topic,scores/5ec775574ba6620fbe92388b,OR,defined,all,AND,inventors,2000,OR,1.0,2000
lower_bound_at_least_90,0.9,source_on_source,1.0,0.9771933585888701,ok,or_explicit_or_both_v1,OR,0,second_given_first_1,qwen,272.0,0.9937283737024222,19,topic,scores/5ec775574ba6620fbe92388b,OR,defined,all,AND,sp_en_trans,2000,OR,1.0,2000
lower_bound_at_least_90,0.9,source_on_source,0.9856841674161413,0.9501288152812901,ok,or_explicit_or_both_v1,OR,0,second_given_first_1,qwen,,0.9696433058812779,19,topic_macro,scores/5ec775574ba6620fbe92388b,OR,defined,all,AND,all,2000,OR,1.0,2000
lower_bound_at_least_90,0.9,source_on_target,0.9905789640134571,0.9805863265745071,ok,D_bare,AND,0,first_marginal,qwen,3864.0,0.9858745483070355,19,pooled,scores/f6629234c976ae1cd39330ae,OR,defined,all,AND,all,2000,OR,1.0,2000
lower_bound_at_least_90,0.9,source_on_target,1.0,0.9877366054205247,ok,D_bare,AND,0,first_marginal,qwen,256.0,0.9971923828125,19,topic,scores/f6629234c976ae1cd39330ae,OR,defined,all,AND,animal_class,2000,OR,1.0,2000
lower_bound_at_least_90,0.9,source_on_target,0.9980990977610246,0.9920193006770556,ok,D_bare,AND,0,first_marginal,qwen,2384.0,0.9954788072609342,19,topic,scores/f6629234c976ae1cd39330ae,OR,defined,all,AND,cities,2000,OR,1.0,2000
lower_bound_at_least_90,0.9,source_on_target,1.0,0.9938636686274895,ok,D_bare,AND,0,first_marginal,qwen,288.0,0.998022762345679,19,topic,scores/f6629234c976ae1cd39330ae,OR,defined,all,AND,element_symb,2000,OR,1.0,2000
point_at_least_90_bound_uncertain,0.9,source_on_target,0.985495515910523,0.8930393566234158,ok,D_bare,AND,0,first_marginal,qwen,392.0,0.9471574344023324,19,topic,scores/f6629234c976ae1cd39330ae,OR,defined,all,AND,inventors,2000,OR,1.0,2000
lower_bound_at_least_90,0.9,source_on_target,1.0,0.9942289164275875,ok,D_bare,AND,0,first_marginal,qwen,544.0,0.9988375865051903,19,topic,scores/f6629234c976ae1cd39330ae,OR,defined,all,AND,sp_en_trans,2000,OR,1.0,2000
lower_bound_at_least_90,0.9,source_on_target,0.995162128275326,0.9761607181435527,ok,D_bare,AND,0,first_marginal,qwen,,0.9873377946653271,19,topic_macro,scores/f6629234c976ae1cd39330ae,OR,defined,all,AND,all,2000,OR,1.0,2000
lower_bound_at_least_90,0.9,source_on_target,0.9829537553508917,0.9620037448873814,ok,D_bare,AND,0,second_marginal,qwen,3864.0,0.9733586881507487,19,pooled,scores/f6629234c976ae1cd39330ae,OR,defined,all,AND,all,2000,OR,1.0,2000
lower_bound_at_least_90,0.9,source_on_target,0.9836000848765433,0.9079944588969824,ok,D_bare,AND,0,second_marginal,qwen,256.0,0.94866943359375,19,topic,scores/f6629234c976ae1cd39330ae,OR,defined,all,AND,animal_class,2000,OR,1.0,2000
lower_bound_at_least_90,0.9,source_on_target,0.9920681375787719,0.9719101059252747,ok,D_bare,AND,0,second_marginal,qwen,2384.0,0.9835191826944732,19,topic,scores/f6629234c976ae1cd39330ae,OR,defined,all,AND,cities,2000,OR,1.0,2000
lower_bound_at_least_90,0.9,source_on_target,1.0,0.9988519188093051,ok,D_bare,AND,0,second_marginal,qwen,288.0,0.9998553240740741,19,topic,scores/f6629234c976ae1cd39330ae,OR,defined,all,AND,element_symb,2000,OR,1.0,2000
point_at_least_90_bound_uncertain,0.9,source_on_target,0.9869345957968806,0.8795649314413265,ok,D_bare,AND,0,second_marginal,qwen,392.0,0.9472355268638067,19,topic,scores/f6629234c976ae1cd39330ae,OR,defined,all,AND,inventors,2000,OR,1.0,2000
lower_bound_at_least_90,0.9,source_on_target,0.9999459366446218,0.9882866272271671,ok,D_bare,AND,0,second_marginal,qwen,544.0,0.9967695717993079,19,topic,scores/f6629234c976ae1cd39330ae,OR,defined,all,AND,sp_en_trans,2000,OR,1.0,2000
lower_bound_at_least_90,0.9,source_on_target,0.98673760240153,0.9596982370718453,ok,D_bare,AND,0,second_marginal,qwen,,0.9752098078050825,19,topic_macro,scores/f6629234c976ae1cd39330ae,OR,defined,all,AND,all,2000,OR,1.0,2000
lower_bound_at_least_90,0.9,source_on_target,0.9933392505699001,0.981658963981407,ok,D_bare,AND,0,first_given_second_0,qwen,1932.0,0.9877791066016829,19,pooled,scores/f6629234c976ae1cd39330ae,OR,defined,all,AND,all,2000,OR,1.0,2000
lower_bound_at_least_90,0.9,source_on_target,1.0,0.9970695901904586,ok,D_bare,AND,0,first_given_second_0,qwen,128.0,0.99951171875,19,topic,scores/f6629234c976ae1cd39330ae,OR,defined,all,AND,animal_class,2000,OR,1.0,2000
lower_bound_at_least_90,0.9,source_on_target,0.9997222527477704,0.9955850210048589,ok,D_bare,AND,0,first_given_second_0,qwen,1192.0,0.9983137020854916,19,topic,scores/f6629234c976ae1cd39330ae,OR,defined,all,AND,cities,2000,OR,1.0,2000
lower_bound_at_least_90,0.9,source_on_target,1.0,0.9902024312683654,ok,D_bare,AND,0,first_given_second_0,qwen,144.0,0.9982638888888888,19,topic,scores/f6629234c976ae1cd39330ae,OR,defined,all,AND,element_symb,2000,OR,1.0,2000
lower_bound_at_least_90,0.9,source_on_target,0.997411395422759,0.9296512474203332,ok,D_bare,AND,0,first_given_second_0,qwen,196.0,0.9721990837151187,19,topic,scores/f6629234c976ae1cd39330ae,OR,defined,all,AND,inventors,2000,OR,1.0,2000
lower_bound_at_least_90,0.9,source_on_target,1.0,0.9913310612180105,ok,D_bare,AND,0,first_given_second_0,qwen,272.0,0.9979455017301038,19,topic,scores/f6629234c976ae1cd39330ae,OR,defined,all,AND,sp_en_trans,2000,OR,1.0,2000
lower_bound_at_least_90,0.9,source_on_target,0.9986635202045373,0.9846383401564905,ok,D_bare,AND,0,first_given_second_0,qwen,,0.9932467790339207,19,topic_macro,scores/f6629234c976ae1cd39330ae,OR,defined,all,AND,all,2000,OR,1.0,2000
lower_bound_at_least_90,0.9,source_on_target,0.9965022099099836,0.9887731805135231,ok,D_bare,AND,0,first_given_second_1,qwen,1932.0,0.9930376057165147,19,pooled,scores/f6629234c976ae1cd39330ae,OR,defined,all,AND,all,2000,OR,1.0,2000
lower_bound_at_least_90,0.9,source_on_target,1.0,0.9650851042896498,ok,D_bare,AND,0,first_given_second_1,qwen,128.0,0.993896484375,19,topic,scores/f6629234c976ae1cd39330ae,OR,defined,all,AND,animal_class,2000,OR,1.0,2000
lower_bound_at_least_90,0.9,source_on_target,1.0,0.9982407673688761,ok,D_bare,AND,0,first_given_second_1,qwen,1192.0,0.9995439394621863,19,topic,scores/f6629234c976ae1cd39330ae,OR,defined,all,AND,cities,2000,OR,1.0,2000
lower_bound_at_least_90,0.9,source_on_target,1.0,1.0,ok,D_bare,AND,0,first_given_second_1,qwen,144.0,1.0,19,topic,scores/f6629234c976ae1cd39330ae,OR,defined,all,AND,element_symb,2000,OR,1.0,2000
point_at_least_90_bound_uncertain,0.9,source_on_target,0.9874001851851852,0.876501207027663,ok,D_bare,AND,0,first_given_second_1,qwen,196.0,0.9468971261974177,19,topic,scores/f6629234c976ae1cd39330ae,OR,defined,all,AND,inventors,2000,OR,1.0,2000
lower_bound_at_least_90,0.9,source_on_target,1.0,0.99762877398101,ok,D_bare,AND,0,first_given_second_1,qwen,272.0,0.9997837370242214,19,topic,scores/f6629234c976ae1cd39330ae,OR,defined,all,AND,sp_en_trans,2000,OR,1.0,2000
lower_bound_at_least_90,0.9,source_on_target,0.9965010557607905,0.9733560202044922,ok,D_bare,AND,0,first_given_second_1,qwen,,0.988024257411765,19,topic_macro,scores/f6629234c976ae1cd39330ae,OR,defined,all,AND,all,2000,OR,1.0,2000
lower_bound_at_least_90,0.9,source_on_target,0.988791698552856,0.9704406685719331,ok,D_bare,AND,0,second_given_first_0,qwen,1932.0,0.9804277098362975,19,pooled,scores/f6629234c976ae1cd39330ae,OR,defined,all,AND,all,2000,OR,1.0,2000
point_at_least_90_bound_uncertain,0.9,source_on_target,1.0,0.8809140625,ok,D_bare,AND,0,second_given_first_0,qwen,128.0,0.967529296875,19,topic,scores/f6629234c976ae1cd39330ae,OR,defined,all,AND,animal_class,2000,OR,1.0,2000
lower_bound_at_least_90,0.9,source_on_target,0.9970350941230487,0.9823285108789209,ok,D_bare,AND,0,second_given_first_0,qwen,1192.0,0.991033624611504,19,topic,scores/f6629234c976ae1cd39330ae,OR,defined,all,AND,cities,2000,OR,1.0,2000
lower_bound_at_least_90,0.9,source_on_target,1.0,0.9954076752372207,ok,D_bare,AND,0,second_given_first_0,qwen,144.0,0.9994212962962963,19,topic,scores/f6629234c976ae1cd39330ae,OR,defined,all,AND,element_symb,2000,OR,1.0,2000
point_at_least_90_bound_uncertain,0.9,source_on_target,0.9923106497500961,0.8571731525114699,ok,D_bare,AND,0,second_given_first_0,qwen,196.0,0.9418992086630571,19,topic,scores/f6629234c976ae1cd39330ae,OR,defined,all,AND,inventors,2000,OR,1.0,2000
lower_bound_at_least_90,0.9,source_on_target,1.0,0.9900393336384264,ok,D_bare,AND,0,second_given_first_0,qwen,272.0,0.9979455017301038,19,topic,scores/f6629234c976ae1cd39330ae,OR,defined,all,AND,sp_en_trans,2000,OR,1.0,2000
lower_bound_at_least_90,0.9,source_on_target,0.9934585571701501,0.9559971562072219,ok,D_bare,AND,0,second_given_first_0,qwen,,0.9795657856351923,19,topic_macro,scores/f6629234c976ae1cd39330ae,OR,defined,all,AND,all,2000,OR,1.0,2000
lower_bound_at_least_90,0.9,source_on_target,0.9846048729727576,0.9582407256105935,ok,D_bare,AND,0,second_given_first_1,qwen,1932.0,0.9727023134395535,19,pooled,scores/f6629234c976ae1cd39330ae,OR,defined,all,AND,all,2000,OR,1.0,2000
point_at_least_90_bound_uncertain,0.9,source_on_target,0.9972253401360545,0.8003089558678501,ok,D_bare,AND,0,second_given_first_1,qwen,128.0,0.93017578125,19,topic,scores/f6629234c976ae1cd39330ae,OR,defined,all,AND,animal_class,2000,OR,1.0,2000
lower_bound_at_least_90,0.9,source_on_target,0.9981656439226152,0.9828761342825801,ok,D_bare,AND,0,second_given_first_1,qwen,1192.0,0.9924412188640152,19,topic,scores/f6629234c976ae1cd39330ae,OR,defined,all,AND,cities,2000,OR,1.0,2000
lower_bound_at_least_90,0.9,source_on_target,1.0,1.0,ok,D_bare,AND,0,second_given_first_1,qwen,144.0,1.0,19,topic,scores/f6629234c976ae1cd39330ae,OR,defined,all,AND,element_symb,2000,OR,1.0,2000
point_at_least_90_bound_uncertain,0.9,source_on_target,0.9892014453125,0.8851468223847121,ok,D_bare,AND,0,second_given_first_1,qwen,196.0,0.9516867971678468,19,topic,scores/f6629234c976ae1cd39330ae,OR,defined,all,AND,inventors,2000,OR,1.0,2000
lower_bound_at_least_90,0.9,source_on_target,1.0,0.9853015777070453,ok,D_bare,AND,0,second_given_first_1,qwen,272.0,0.9963775951557093,19,topic,scores/f6629234c976ae1cd39330ae,OR,defined,all,AND,sp_en_trans,2000,OR,1.0,2000
lower_bound_at_least_90,0.9,source_on_target,0.9906110606068574,0.9443264781436811,ok,D_bare,AND,0,second_given_first_1,qwen,,0.9741362784875143,19,topic_macro,scores/f6629234c976ae1cd39330ae,OR,defined,all,AND,all,2000,OR,1.0,2000
lower_bound_at_least_90,0.9,source_on_target,0.998964084519304,0.9928210864640175,ok,and_both_following_v1,AND,0,first_marginal,qwen,3864.0,0.9967885862599608,19,pooled,scores/4151b469cea9b87e168a45eb,OR,defined,all,AND,all,2000,OR,1.0,2000
lower_bound_at_least_90,0.9,source_on_target,1.0,0.9985933948863636,ok,and_both_following_v1,AND,0,first_marginal,qwen,256.0,0.99981689453125,19,topic,scores/4151b469cea9b87e168a45eb,OR,defined,all,AND,animal_class,2000,OR,1.0,2000
lower_bound_at_least_90,0.9,source_on_target,1.0,0.9972754169415082,ok,and_both_following_v1,AND,0,first_marginal,qwen,2384.0,0.9993651749921175,19,topic,scores/4151b469cea9b87e168a45eb,OR,defined,all,AND,cities,2000,OR,1.0,2000
lower_bound_at_least_90,0.9,source_on_target,1.0,0.9955095116477963,ok,and_both_following_v1,AND,0,first_marginal,qwen,288.0,0.9989872685185185,19,topic,scores/4151b469cea9b87e168a45eb,OR,defined,all,AND,element_symb,2000,OR,1.0,2000
point_at_least_90_bound_uncertain,0.9,source_on_target,0.9775595922769831,0.8601228736808209,ok,and_both_following_v1,AND,0,first_marginal,qwen,392.0,0.9323198667221991,19,topic,scores/4151b469cea9b87e168a45eb,OR,defined,all,AND,inventors,2000,OR,1.0,2000
lower_bound_at_least_90,0.9,source_on_target,1.0,1.0,ok,and_both_following_v1,AND,0,first_marginal,qwen,544.0,1.0,19,topic,scores/4151b469cea9b87e168a45eb,OR,defined,all,AND,sp_en_trans,2000,OR,1.0,2000
lower_bound_at_least_90,0.9,source_on_target,0.9950873538948518,0.9715225703143958,ok,and_both_following_v1,AND,0,first_marginal,qwen,,0.9860978409528169,19,topic_macro,scores/4151b469cea9b87e168a45eb,OR,defined,all,AND,all,2000,OR,1.0,2000
lower_bound_at_least_90,0.9,source_on_target,0.999214752542198,0.9953016358427933,ok,and_both_following_v1,AND,0,second_marginal,qwen,3864.0,0.9976941154533647,19,pooled,scores/4151b469cea9b87e168a45eb,OR,defined,all,AND,all,2000,OR,1.0,2000
lower_bound_at_least_90,0.9,source_on_target,1.0,0.9995541022592153,ok,and_both_following_v1,AND,0,second_marginal,qwen,256.0,0.99993896484375,19,topic,scores/4151b469cea9b87e168a45eb,OR,defined,all,AND,animal_class,2000,OR,1.0,2000
lower_bound_at_least_90,0.9,source_on_target,0.9998620787922775,0.996691469458033,ok,and_both_following_v1,AND,0,second_marginal,qwen,2384.0,0.9989253017882077,19,topic,scores/4151b469cea9b87e168a45eb,OR,defined,all,AND,cities,2000,OR,1.0,2000
lower_bound_at_least_90,0.9,source_on_target,1.0,1.0,ok,and_both_following_v1,AND,0,second_marginal,qwen,288.0,1.0,19,topic,scores/4151b469cea9b87e168a45eb,OR,defined,all,AND,element_symb,2000,OR,1.0,2000
lower_bound_at_least_90,0.9,source_on_target,0.9999359355416401,0.9764785171996775,ok,and_both_following_v1,AND,0,second_marginal,qwen,392.0,0.9937005414410662,19,topic,scores/4151b469cea9b87e168a45eb,OR,defined,all,AND,inventors,2000,OR,1.0,2000
lower_bound_at_least_90,0.9,source_on_target,1.0,0.9997828422892534,ok,and_both_following_v1,AND,0,second_marginal,qwen,544.0,0.9999729671280276,19,topic,scores/4151b469cea9b87e168a45eb,OR,defined,all,AND,sp_en_trans,2000,OR,1.0,2000
lower_bound_at_least_90,0.9,source_on_target,0.9998223752400193,0.9949800913339057,ok,and_both_following_v1,AND,0,second_marginal,qwen,,0.9985075550402103,19,topic_macro,scores/4151b469cea9b87e168a45eb,OR,defined,all,AND,all,2000,OR,1.0,2000
lower_bound_at_least_90,0.9,source_on_target,0.999577908877747,0.9944199178071129,ok,and_both_following_v1,AND,0,first_given_second_0,qwen,1932.0,0.9977988674991105,19,pooled,scores/4151b469cea9b87e168a45eb,OR,defined,all,AND,all,2000,OR,1.0,2000
lower_bound_at_least_90,0.9,source_on_target,1.0,0.9968782518210197,ok,and_both_following_v1,AND,0,first_given_second_0,qwen,128.0,0.999755859375,19,topic,scores/4151b469cea9b87e168a45eb,OR,defined,all,AND,animal_class,2000,OR,1.0,2000
lower_bound_at_least_90,0.9,source_on_target,1.0,0.997180791798389,ok,and_both_following_v1,AND,0,first_given_second_0,qwen,1192.0,0.9993271699472996,19,topic,scores/4151b469cea9b87e168a45eb,OR,defined,all,AND,cities,2000,OR,1.0,2000
lower_bound_at_least_90,0.9,source_on_target,1.0,1.0,ok,and_both_following_v1,AND,0,first_given_second_0,qwen,144.0,1.0,19,topic,scores/4151b469cea9b87e168a45eb,OR,defined,all,AND,element_symb,2000,OR,1.0,2000
lower_bound_at_least_90,0.9,source_on_target,0.9968290252057613,0.9128917340935189,ok,and_both_following_v1,AND,0,first_given_second_0,qwen,196.0,0.9695960016659725,19,topic,scores/4151b469cea9b87e168a45eb,OR,defined,all,AND,inventors,2000,OR,1.0,2000
lower_bound_at_least_90,0.9,source_on_target,1.0,1.0,ok,and_both_following_v1,AND,0,first_given_second_0,qwen,272.0,1.0,19,topic,scores/4151b469cea9b87e168a45eb,OR,defined,all,AND,sp_en_trans,2000,OR,1.0,2000
lower_bound_at_least_90,0.9,source_on_target,0.9991595022327209,0.9825045102043215,ok,and_both_following_v1,AND,0,first_given_second_0,qwen,,0.9937358061976544,19,topic_macro,scores/4151b469cea9b87e168a45eb,OR,defined,all,AND,all,2000,OR,1.0,2000
lower_bound_at_least_90,0.9,source_on_target,0.9985442232914218,0.9905900513198905,ok,and_both_following_v1,AND,0,first_given_second_1,qwen,1932.0,0.9955880903085872,19,pooled,scores/4151b469cea9b87e168a45eb,OR,defined,all,AND,all,2000,OR,1.0,2000
lower_bound_at_least_90,0.9,source_on_target,1.0,1.0,ok,and_both_following_v1,AND,0,first_given_second_1,qwen,128.0,1.0,19,topic,scores/4151b469cea9b87e168a45eb,OR,defined,all,AND,animal_class,2000,OR,1.0,2000
lower_bound_at_least_90,0.9,source_on_target,1.0,0.9971628392326112,ok,and_both_following_v1,AND,0,first_given_second_1,qwen,1192.0,0.9994482230530156,19,topic,scores/4151b469cea9b87e168a45eb,OR,defined,all,AND,cities,2000,OR,1.0,2000
lower_bound_at_least_90,0.9,source_on_target,1.0,0.9917686970717274,ok,and_both_following_v1,AND,0,first_given_second_1,qwen,144.0,0.9990354938271605,19,topic,scores/4151b469cea9b87e168a45eb,OR,defined,all,AND,element_symb,2000,OR,1.0,2000
point_at_least_90_bound_uncertain,0.9,source_on_target,0.981491508167893,0.8013029967846513,ok,and_both_following_v1,AND,0,first_given_second_1,qwen,196.0,0.9118075801749271,19,topic,scores/4151b469cea9b87e168a45eb,OR,defined,all,AND,inventors,2000,OR,1.0,2000
lower_bound_at_least_90,0.9,source_on_target,1.0,1.0,ok,and_both_following_v1,AND,0,first_given_second_1,qwen,272.0,1.0,19,topic,scores/4151b469cea9b87e168a45eb,OR,defined,all,AND,sp_en_trans,2000,OR,1.0,2000
lower_bound_at_least_90,0.9,source_on_target,0.9960495754692761,0.9600619108997233,ok,and_both_following_v1,AND,0,first_given_second_1,qwen,,0.9820582594110207,19,topic_macro,scores/4151b469cea9b87e168a45eb,OR,defined,all,AND,all,2000,OR,1.0,2000
lower_bound_at_least_90,0.9,source_on_target,0.9992063736758087,0.9951078656757928,ok,and_both_following_v1,AND,0,second_given_first_0,qwen,1932.0,0.9974902374308261,19,pooled,scores/4151b469cea9b87e168a45eb,OR,defined,all,AND,all,2000,OR,1.0,2000
lower_bound_at_least_90,0.9,source_on_target,1.0,0.9982164090368609,ok,and_both_following_v1,AND,0,second_given_first_0,qwen,128.0,0.999755859375,19,topic,scores/4151b469cea9b87e168a45eb,OR,defined,all,AND,animal_class,2000,OR,1.0,2000
lower_bound_at_least_90,0.9,source_on_target,1.0,0.9982991423870171,ok,and_both_following_v1,AND,0,second_given_first_0,qwen,1192.0,0.9995242331426513,19,topic,scores/4151b469cea9b87e168a45eb,OR,defined,all,AND,cities,2000,OR,1.0,2000
lower_bound_at_least_90,0.9,source_on_target,1.0,1.0,ok,and_both_following_v1,AND,0,second_given_first_0,qwen,144.0,1.0,19,topic,scores/4151b469cea9b87e168a45eb,OR,defined,all,AND,element_symb,2000,OR,1.0,2000
lower_bound_at_least_90,0.9,source_on_target,1.0,0.9628776463114365,ok,and_both_following_v1,AND,0,second_given_first_0,qwen,196.0,0.9908371511870054,19,topic,scores/4151b469cea9b87e168a45eb,OR,defined,all,AND,inventors,2000,OR,1.0,2000
lower_bound_at_least_90,0.9,source_on_target,1.0,0.9994622511974267,ok,and_both_following_v1,AND,0,second_given_first_0,qwen,272.0,0.9999459342560554,19,topic,scores/4151b469cea9b87e168a45eb,OR,defined,all,AND,sp_en_trans,2000,OR,1.0,2000
lower_bound_at_least_90,0.9,source_on_target,0.9999174476082421,0.9923506280332434,ok,and_both_following_v1,AND,0,second_given_first_0,qwen,,0.9980126355921424,19,topic_macro,scores/4151b469cea9b87e168a45eb,OR,defined,all,AND,all,2000,OR,1.0,2000
lower_bound_at_least_90,0.9,source_on_target,0.9996954543849275,0.9957969959270943,ok,and_both_following_v1,AND,0,second_given_first_1,qwen,1932.0,0.998370047451873,19,pooled,scores/4151b469cea9b87e168a45eb,OR,defined,all,AND,all,2000,OR,1.0,2000
lower_bound_at_least_90,0.9,source_on_target,1.0,1.0,ok,and_both_following_v1,AND,0,second_given_first_1,qwen,128.0,1.0,19,topic,scores/4151b469cea9b87e168a45eb,OR,defined,all,AND,animal_class,2000,OR,1.0,2000
lower_bound_at_least_90,0.9,source_on_target,0.9999834520201721,0.9976955020133487,ok,and_both_following_v1,AND,0,second_given_first_1,qwen,1192.0,0.9994454078645106,19,topic,scores/4151b469cea9b87e168a45eb,OR,defined,all,AND,cities,2000,OR,1.0,2000
lower_bound_at_least_90,0.9,source_on_target,1.0,1.0,ok,and_both_following_v1,AND,0,second_given_first_1,qwen,144.0,1.0,19,topic,scores/4151b469cea9b87e168a45eb,OR,defined,all,AND,element_symb,2000,OR,1.0,2000
lower_bound_at_least_90,0.9,source_on_target,1.0,0.9838518669952663,ok,and_both_following_v1,AND,0,second_given_first_1,qwen,196.0,0.9961474385672636,19,topic,scores/4151b469cea9b87e168a45eb,OR,defined,all,AND,inventors,2000,OR,1.0,2000
lower_bound_at_least_90,0.9,source_on_target,1.0,1.0,ok,and_both_following_v1,AND,0,second_given_first_1,qwen,272.0,1.0,19,topic,scores/4151b469cea9b87e168a45eb,OR,defined,all,AND,sp_en_trans,2000,OR,1.0,2000
lower_bound_at_least_90,0.9,source_on_target,0.9999748633659894,0.9966757321925176,ok,and_both_following_v1,AND,0,second_given_first_1,qwen,,0.9991185692863549,19,topic_macro,scores/4151b469cea9b87e168a45eb,OR,defined,all,AND,all,2000,OR,1.0,2000
lower_bound_at_least_90,0.9,target_on_target,0.9999045935590611,0.9980659888285414,ok,D_bare,AND,0,first_marginal,qwen,3864.0,0.9992530723694645,19,pooled,scores/e3efca1631ad8c0d8d4fd941,OR,defined,all,AND,all,2000,AND,1.0,2000
lower_bound_at_least_90,0.9,target_on_target,1.0,1.0,ok,D_bare,AND,0,first_marginal,qwen,256.0,1.0,19,topic,scores/e3efca1631ad8c0d8d4fd941,OR,defined,all,AND,animal_class,2000,AND,1.0,2000
lower_bound_at_least_90,0.9,target_on_target,1.0,0.9985834691085653,ok,D_bare,AND,0,first_marginal,qwen,2384.0,0.9996910330615738,19,topic,scores/e3efca1631ad8c0d8d4fd941,OR,defined,all,AND,cities,2000,AND,1.0,2000
lower_bound_at_least_90,0.9,target_on_target,1.0,1.0,ok,D_bare,AND,0,first_marginal,qwen,288.0,1.0,19,topic,scores/e3efca1631ad8c0d8d4fd941,OR,defined,all,AND,element_symb,2000,AND,1.0,2000
lower_bound_at_least_90,0.9,target_on_target,0.9995159801136363,0.9690678714901599,ok,D_bare,AND,0,first_marginal,qwen,392.0,0.989743856726364,19,topic,scores/e3efca1631ad8c0d8d4fd941,OR,defined,all,AND,inventors,2000,AND,1.0,2000
lower_bound_at_least_90,0.9,target_on_target,1.0,0.9946505633878266,ok,D_bare,AND,0,first_marginal,qwen,544.0,0.9987429714532872,19,topic,scores/e3efca1631ad8c0d8d4fd941,OR,defined,all,AND,sp_en_trans,2000,AND,1.0,2000
lower_bound_at_least_90,0.9,target_on_target,0.9997310082158629,0.9935206018760095,ok,D_bare,AND,0,first_marginal,qwen,,0.9976355722482448,19,topic_macro,scores/e3efca1631ad8c0d8d4fd941,OR,defined,all,AND,all,2000,AND,1.0,2000
lower_bound_at_least_90,0.9,target_on_target,0.9995831403460136,0.9953363103904371,ok,D_bare,AND,0,second_marginal,qwen,3864.0,0.9982969085554827,19,pooled,scores/e3efca1631ad8c0d8d4fd941,OR,defined,all,AND,all,2000,AND,1.0,2000
lower_bound_at_least_90,0.9,target_on_target,1.0,0.9905916354286812,ok,D_bare,AND,0,second_marginal,qwen,256.0,0.9984130859375,19,topic,scores/e3efca1631ad8c0d8d4fd941,OR,defined,all,AND,animal_class,2000,AND,1.0,2000
lower_bound_at_least_90,0.9,target_on_target,0.9998882518809618,0.9946422053700762,ok,D_bare,AND,0,second_marginal,qwen,2384.0,0.9985149880636007,19,topic,scores/e3efca1631ad8c0d8d4fd941,OR,defined,all,AND,cities,2000,AND,1.0,2000
lower_bound_at_least_90,0.9,target_on_target,1.0,1.0,ok,D_bare,AND,0,second_marginal,qwen,288.0,1.0,19,topic,scores/e3efca1631ad8c0d8d4fd941,OR,defined,all,AND,element_symb,2000,AND,1.0,2000
lower_bound_at_least_90,0.9,target_on_target,0.9995459975446991,0.9804267578125,ok,D_bare,AND,0,second_marginal,qwen,392.0,0.9938306955435235,19,topic,scores/e3efca1631ad8c0d8d4fd941,OR,defined,all,AND,inventors,2000,AND,1.0,2000
lower_bound_at_least_90,0.9,target_on_target,1.0,0.994390943877551,ok,D_bare,AND,0,second_marginal,qwen,544.0,0.9991214316608996,19,topic,scores/e3efca1631ad8c0d8d4fd941,OR,defined,all,AND,sp_en_trans,2000,AND,1.0,2000
lower_bound_at_least_90,0.9,target_on_target,0.9995029357926615,0.9946018570979088,ok,D_bare,AND,0,second_marginal,qwen,,0.9979760402411049,19,topic_macro,scores/e3efca1631ad8c0d8d4fd941,OR,defined,all,AND,all,2000,AND,1.0,2000
lower_bound_at_least_90,0.9,target_on_target,0.9999612014432019,0.9967354671374281,ok,D_bare,AND,0,first_given_second_0,qwen,1932.0,0.9989626600482663,19,pooled,scores/e3efca1631ad8c0d8d4fd941,OR,defined,all,AND,all,2000,AND,1.0,2000
lower_bound_at_least_90,0.9,target_on_target,1.0,1.0,ok,D_bare,AND,0,first_given_second_0,qwen,128.0,1.0,19,topic,scores/e3efca1631ad8c0d8d4fd941,OR,defined,all,AND,animal_class,2000,AND,1.0,2000
lower_bound_at_least_90,0.9,target_on_target,1.0,0.9969435060083812,ok,D_bare,AND,0,first_given_second_0,qwen,1192.0,0.9994172559794604,19,topic,scores/e3efca1631ad8c0d8d4fd941,OR,defined,all,AND,cities,2000,AND,1.0,2000
lower_bound_at_least_90,0.9,target_on_target,1.0,1.0,ok,D_bare,AND,0,first_given_second_0,qwen,144.0,1.0,19,topic,scores/e3efca1631ad8c0d8d4fd941,OR,defined,all,AND,element_symb,2000,AND,1.0,2000
lower_bound_at_least_90,0.9,target_on_target,1.0,0.9657336913734071,ok,D_bare,AND,0,first_given_second_0,qwen,196.0,0.991149521032903,19,topic,scores/e3efca1631ad8c0d8d4fd941,OR,defined,all,AND,inventors,2000,AND,1.0,2000
lower_bound_at_least_90,0.9,target_on_target,1.0,0.9908646974843219,ok,D_bare,AND,0,first_given_second_0,qwen,272.0,0.9978914359861591,19,topic,scores/e3efca1631ad8c0d8d4fd941,OR,defined,all,AND,sp_en_trans,2000,AND,1.0,2000
lower_bound_at_least_90,0.9,target_on_target,0.9999852483456447,0.9925625358560921,ok,D_bare,AND,0,first_given_second_0,qwen,,0.9976916425997044,19,topic_macro,scores/e3efca1631ad8c0d8d4fd941,OR,defined,all,AND,all,2000,AND,1.0,2000
lower_bound_at_least_90,0.9,target_on_target,0.9999434598128444,0.9986895105259632,ok,D_bare,AND,0,first_given_second_1,qwen,1932.0,0.999502762667764,19,pooled,scores/e3efca1631ad8c0d8d4fd941,OR,defined,all,AND,all,2000,AND,1.0,2000
lower_bound_at_least_90,0.9,target_on_target,1.0,1.0,ok,D_bare,AND,0,first_given_second_1,qwen,128.0,1.0,19,topic,scores/e3efca1631ad8c0d8d4fd941,OR,defined,all,AND,animal_class,2000,AND,1.0,2000
lower_bound_at_least_90,0.9,target_on_target,1.0,0.9994727511096757,ok,D_bare,AND,0,first_given_second_1,qwen,1192.0,0.9998930228368091,19,topic,scores/e3efca1631ad8c0d8d4fd941,OR,defined,all,AND,cities,2000,AND,1.0,2000
lower_bound_at_least_90,0.9,target_on_target,1.0,1.0,ok,D_bare,AND,0,first_given_second_1,qwen,144.0,1.0,19,topic,scores/e3efca1631ad8c0d8d4fd941,OR,defined,all,AND,element_symb,2000,AND,1.0,2000
lower_bound_at_least_90,0.9,target_on_target,0.999635000693014,0.9619976415798758,ok,D_bare,AND,0,first_given_second_1,qwen,196.0,0.9871928363182008,19,topic,scores/e3efca1631ad8c0d8d4fd941,OR,defined,all,AND,inventors,2000,AND,1.0,2000
lower_bound_at_least_90,0.9,target_on_target,1.0,0.9981103552532123,ok,D_bare,AND,0,first_given_second_1,qwen,272.0,0.9997296712802768,19,topic,scores/e3efca1631ad8c0d8d4fd941,OR,defined,all,AND,sp_en_trans,2000,AND,1.0,2000
lower_bound_at_least_90,0.9,target_on_target,0.9998526184044302,0.9922855487452333,ok,D_bare,AND,0,first_given_second_1,qwen,,0.9973631060870574,19,topic_macro,scores/e3efca1631ad8c0d8d4fd941,OR,defined,all,AND,all,2000,AND,1.0,2000
lower_bound_at_least_90,0.9,target_on_target,0.999364033043191,0.9955775362206586,ok,D_bare,AND,0,second_given_first_0,qwen,1932.0,0.9978535207403693,19,pooled,scores/e3efca1631ad8c0d8d4fd941,OR,defined,all,AND,all,2000,AND,1.0,2000
lower_bound_at_least_90,0.9,target_on_target,1.0,0.9648224504886831,ok,D_bare,AND,0,second_given_first_0,qwen,128.0,0.993896484375,19,topic,scores/e3efca1631ad8c0d8d4fd941,OR,defined,all,AND,animal_class,2000,AND,1.0,2000
lower_bound_at_least_90,0.9,target_on_target,0.999883282984353,0.9965372953408816,ok,D_bare,AND,0,second_given_first_0,qwen,1192.0,0.9988063600738706,19,topic,scores/e3efca1631ad8c0d8d4fd941,OR,defined,all,AND,cities,2000,AND,1.0,2000
lower_bound_at_least_90,0.9,target_on_target,1.0,1.0,ok,D_bare,AND,0,second_given_first_0,qwen,144.0,1.0,19,topic,scores/e3efca1631ad8c0d8d4fd941,OR,defined,all,AND,element_symb,2000,AND,1.0,2000
lower_bound_at_least_90,0.9,target_on_target,0.9995277465321717,0.9587609310699589,ok,D_bare,AND,0,second_given_first_0,qwen,196.0,0.9867763431903374,19,topic,scores/e3efca1631ad8c0d8d4fd941,OR,defined,all,AND,inventors,2000,AND,1.0,2000
lower_bound_at_least_90,0.9,target_on_target,1.0,0.9922422516824214,ok,D_bare,AND,0,second_given_first_0,qwen,272.0,0.9990268166089965,19,topic,scores/e3efca1631ad8c0d8d4fd941,OR,defined,all,AND,sp_en_trans,2000,AND,1.0,2000
lower_bound_at_least_90,0.9,target_on_target,0.9993016218004865,0.987583100084979,ok,D_bare,AND,0,second_given_first_0,qwen,,0.9957012008496408,19,topic_macro,scores/e3efca1631ad8c0d8d4fd941,OR,defined,all,AND,all,2000,AND,1.0,2000
lower_bound_at_least_90,0.9,target_on_target,0.999909239585646,0.9952215998993862,ok,D_bare,AND,0,second_given_first_1,qwen,1932.0,0.9987269009683268,19,pooled,scores/e3efca1631ad8c0d8d4fd941,OR,defined,all,AND,all,2000,AND,1.0,2000
lower_bound_at_least_90,0.9,target_on_target,1.0,1.0,ok,D_bare,AND,0,second_given_first_1,qwen,128.0,1.0,19,topic,scores/e3efca1631ad8c0d8d4fd941,OR,defined,all,AND,animal_class,2000,AND,1.0,2000
lower_bound_at_least_90,0.9,target_on_target,0.9999781685058392,0.9941210651585329,ok,D_bare,AND,0,second_given_first_1,qwen,1192.0,0.9986290031980541,19,topic,scores/e3efca1631ad8c0d8d4fd941,OR,defined,all,AND,cities,2000,AND,1.0,2000
lower_bound_at_least_90,0.9,target_on_target,1.0,1.0,ok,D_bare,AND,0,second_given_first_1,qwen,144.0,1.0,19,topic,scores/e3efca1631ad8c0d8d4fd941,OR,defined,all,AND,element_symb,2000,AND,1.0,2000
lower_bound_at_least_90,0.9,target_on_target,1.0,0.9924239783653847,ok,D_bare,AND,0,second_given_first_1,qwen,196.0,0.9987505206164098,19,topic,scores/e3efca1631ad8c0d8d4fd941,OR,defined,all,AND,inventors,2000,AND,1.0,2000
lower_bound_at_least_90,0.9,target_on_target,1.0,0.9948917418114155,ok,D_bare,AND,0,second_given_first_1,qwen,272.0,0.9991349480968859,19,topic,scores/e3efca1631ad8c0d8d4fd941,OR,defined,all,AND,sp_en_trans,2000,AND,1.0,2000
lower_bound_at_least_90,0.9,target_on_target,0.9999781718574671,0.9976598210827872,ok,D_bare,AND,0,second_given_first_1,qwen,,0.9993028943822699,19,topic_macro,scores/e3efca1631ad8c0d8d4fd941,OR,defined,all,AND,all,2000,AND,1.0,2000
lower_bound_at_least_90,0.9,target_on_target,0.9973007006029005,0.9888955371972536,ok,and_both_following_v1,AND,0,first_marginal,qwen,3864.0,0.9939487609788717,19,pooled,scores/7f0f149f286dce13819d8b8b,OR,defined,all,AND,all,2000,AND,1.0,2000
lower_bound_at_least_90,0.9,target_on_target,1.0,1.0,ok,and_both_following_v1,AND,0,first_marginal,qwen,256.0,1.0,19,topic,scores/7f0f149f286dce13819d8b8b,OR,defined,all,AND,animal_class,2000,AND,1.0,2000
lower_bound_at_least_90,0.9,target_on_target,1.0,0.9958148283344628,ok,and_both_following_v1,AND,0,first_marginal,qwen,2384.0,0.9990196106031259,19,topic,scores/7f0f149f286dce13819d8b8b,OR,defined,all,AND,cities,2000,AND,1.0,2000
lower_bound_at_least_90,0.9,target_on_target,1.0,0.9790219108042392,ok,and_both_following_v1,AND,0,first_marginal,qwen,288.0,0.9931520061728395,19,topic,scores/7f0f149f286dce13819d8b8b,OR,defined,all,AND,element_symb,2000,AND,1.0,2000
point_at_least_90_bound_uncertain,0.9,target_on_target,0.9958362763531161,0.8996211072566291,ok,and_both_following_v1,AND,0,first_marginal,qwen,392.0,0.9658735943356934,19,topic,scores/7f0f149f286dce13819d8b8b,OR,defined,all,AND,inventors,2000,AND,1.0,2000
lower_bound_at_least_90,0.9,target_on_target,1.0,0.9927271382463689,ok,and_both_following_v1,AND,0,first_marginal,qwen,544.0,0.9985131920415224,19,topic,scores/7f0f149f286dce13819d8b8b,OR,defined,all,AND,sp_en_trans,2000,AND,1.0,2000
lower_bound_at_least_90,0.9,target_on_target,0.9980961928415462,0.9777279309887423,ok,and_both_following_v1,AND,0,first_marginal,qwen,,0.9913116806306362,19,topic_macro,scores/7f0f149f286dce13819d8b8b,OR,defined,all,AND,all,2000,AND,1.0,2000
lower_bound_at_least_90,0.9,target_on_target,0.9987067818523858,0.9892801907198442,ok,and_both_following_v1,AND,0,second_marginal,qwen,3864.0,0.9952933914586629,19,pooled,scores/7f0f149f286dce13819d8b8b,OR,defined,all,AND,all,2000,AND,1.0,2000
lower_bound_at_least_90,0.9,target_on_target,1.0,0.9851080332409973,ok,and_both_following_v1,AND,0,second_marginal,qwen,256.0,0.99627685546875,19,topic,scores/7f0f149f286dce13819d8b8b,OR,defined,all,AND,animal_class,2000,AND,1.0,2000
lower_bound_at_least_90,0.9,target_on_target,0.9994945551206551,0.9851607061843213,ok,and_both_following_v1,AND,0,second_marginal,qwen,2384.0,0.9945631671996756,19,topic,scores/7f0f149f286dce13819d8b8b,OR,defined,all,AND,cities,2000,AND,1.0,2000
lower_bound_at_least_90,0.9,target_on_target,1.0,1.0,ok,and_both_following_v1,AND,0,second_marginal,qwen,288.0,1.0,19,topic,scores/7f0f149f286dce13819d8b8b,OR,defined,all,AND,element_symb,2000,AND,1.0,2000
lower_bound_at_least_90,0.9,target_on_target,1.0,0.9947671757208658,ok,and_both_following_v1,AND,0,second_marginal,qwen,392.0,0.9987505206164098,19,topic,scores/7f0f149f286dce13819d8b8b,OR,defined,all,AND,inventors,2000,AND,1.0,2000
lower_bound_at_least_90,0.9,target_on_target,1.0,0.99913901419829,ok,and_both_following_v1,AND,0,second_marginal,qwen,544.0,0.9998513192041523,19,topic,scores/7f0f149f286dce13819d8b8b,OR,defined,all,AND,sp_en_trans,2000,AND,1.0,2000
lower_bound_at_least_90,0.9,target_on_target,0.9995251905617397,0.9951106499518755,ok,and_both_following_v1,AND,0,second_marginal,qwen,,0.9978883724977976,19,topic_macro,scores/7f0f149f286dce13819d8b8b,OR,defined,all,AND,all,2000,AND,1.0,2000
lower_bound_at_least_90,0.9,target_on_target,0.9999301774063163,0.9947037721142461,ok,and_both_following_v1,AND,0,first_given_second_0,qwen,1932.0,0.9984643510838488,19,pooled,scores/7f0f149f286dce13819d8b8b,OR,defined,all,AND,all,2000,AND,1.0,2000
lower_bound_at_least_90,0.9,target_on_target,1.0,1.0,ok,and_both_following_v1,AND,0,first_given_second_0,qwen,128.0,1.0,19,topic,scores/7f0f149f286dce13819d8b8b,OR,defined,all,AND,animal_class,2000,AND,1.0,2000
lower_bound_at_least_90,0.9,target_on_target,1.0,0.9975921178872346,ok,and_both_following_v1,AND,0,first_given_second_0,qwen,1192.0,0.9994848205035809,19,topic,scores/7f0f149f286dce13819d8b8b,OR,defined,all,AND,cities,2000,AND,1.0,2000
lower_bound_at_least_90,0.9,target_on_target,1.0,1.0,ok,and_both_following_v1,AND,0,first_given_second_0,qwen,144.0,1.0,19,topic,scores/7f0f149f286dce13819d8b8b,OR,defined,all,AND,element_symb,2000,AND,1.0,2000
lower_bound_at_least_90,0.9,target_on_target,1.0,0.9596347523384353,ok,and_both_following_v1,AND,0,first_given_second_0,qwen,196.0,0.9903165347771762,19,topic,scores/7f0f149f286dce13819d8b8b,OR,defined,all,AND,inventors,2000,AND,1.0,2000
lower_bound_at_least_90,0.9,target_on_target,1.0,0.9991594108899209,ok,and_both_following_v1,AND,0,first_given_second_0,qwen,272.0,0.9998918685121108,19,topic,scores/7f0f149f286dce13819d8b8b,OR,defined,all,AND,sp_en_trans,2000,AND,1.0,2000
lower_bound_at_least_90,0.9,target_on_target,1.0,0.9918105178719016,ok,and_both_following_v1,AND,0,first_given_second_0,qwen,,0.9979386447585735,19,topic_macro,scores/7f0f149f286dce13819d8b8b,OR,defined,all,AND,all,2000,AND,1.0,2000
lower_bound_at_least_90,0.9,target_on_target,0.9968533965066161,0.9854259620529108,ok,and_both_following_v1,AND,0,first_given_second_1,qwen,1932.0,0.9921513659023786,19,pooled,scores/7f0f149f286dce13819d8b8b,OR,defined,all,AND,all,2000,AND,1.0,2000
lower_bound_at_least_90,0.9,target_on_target,1.0,1.0,ok,and_both_following_v1,AND,0,first_given_second_1,qwen,128.0,1.0,19,topic,scores/7f0f149f286dce13819d8b8b,OR,defined,all,AND,animal_class,2000,AND,1.0,2000
lower_bound_at_least_90,0.9,target_on_target,1.0,0.9973843927736246,ok,and_both_following_v1,AND,0,first_given_second_1,qwen,1192.0,0.9993862889059051,19,topic,scores/7f0f149f286dce13819d8b8b,OR,defined,all,AND,cities,2000,AND,1.0,2000
lower_bound_at_least_90,0.9,target_on_target,1.0,1.0,ok,and_both_following_v1,AND,0,first_given_second_1,qwen,144.0,1.0,19,topic,scores/7f0f149f286dce13819d8b8b,OR,defined,all,AND,element_symb,2000,AND,1.0,2000
point_at_least_90_bound_uncertain,0.9,target_on_target,0.992349253590325,0.8353521684556786,ok,and_both_following_v1,AND,0,first_given_second_1,qwen,196.0,0.9390878800499792,19,topic,scores/7f0f149f286dce13819d8b8b,OR,defined,all,AND,inventors,2000,AND,1.0,2000
lower_bound_at_least_90,0.9,target_on_target,1.0,1.0,ok,and_both_following_v1,AND,0,first_given_second_1,qwen,272.0,1.0,19,topic,scores/7f0f149f286dce13819d8b8b,OR,defined,all,AND,sp_en_trans,2000,AND,1.0,2000
lower_bound_at_least_90,0.9,target_on_target,0.9983850271123834,0.9669982020095674,ok,and_both_following_v1,AND,0,first_given_second_1,qwen,,0.9876948337911768,19,topic_macro,scores/7f0f149f286dce13819d8b8b,OR,defined,all,AND,all,2000,AND,1.0,2000
lower_bound_at_least_90,0.9,target_on_target,0.9994005357586004,0.9952759838286809,ok,and_both_following_v1,AND,0,second_given_first_0,qwen,1932.0,0.9977495724187596,19,pooled,scores/7f0f149f286dce13819d8b8b,OR,defined,all,AND,all,2000,AND,1.0,2000
lower_bound_at_least_90,0.9,target_on_target,1.0,0.940432132963989,ok,and_both_following_v1,AND,0,second_given_first_0,qwen,128.0,0.985107421875,19,topic,scores/7f0f149f286dce13819d8b8b,OR,defined,all,AND,animal_class,2000,AND,1.0,2000
lower_bound_at_least_90,0.9,target_on_target,0.9999830720254288,0.9976027392613406,ok,and_both_following_v1,AND,0,second_given_first_0,qwen,1192.0,0.9992596054231792,19,topic,scores/7f0f149f286dce13819d8b8b,OR,defined,all,AND,cities,2000,AND,1.0,2000
lower_bound_at_least_90,0.9,target_on_target,1.0,1.0,ok,and_both_following_v1,AND,0,second_given_first_0,qwen,144.0,1.0,19,topic,scores/7f0f149f286dce13819d8b8b,OR,defined,all,AND,element_symb,2000,AND,1.0,2000
lower_bound_at_least_90,0.9,target_on_target,1.0,0.9919672930850244,ok,and_both_following_v1,AND,0,second_given_first_0,qwen,196.0,0.9985422740524781,19,topic,scores/7f0f149f286dce13819d8b8b,OR,defined,all,AND,inventors,2000,AND,1.0,2000
lower_bound_at_least_90,0.9,target_on_target,1.0,0.9976079462001742,ok,and_both_following_v1,AND,0,second_given_first_0,qwen,272.0,0.9995674740484429,19,topic,scores/7f0f149f286dce13819d8b8b,OR,defined,all,AND,sp_en_trans,2000,AND,1.0,2000
lower_bound_at_least_90,0.9,target_on_target,0.9999019780937448,0.9876024391145393,ok,and_both_following_v1,AND,0,second_given_first_0,qwen,,0.9964953550798199,19,topic_macro,scores/7f0f149f286dce13819d8b8b,OR,defined,all,AND,all,2000,AND,1.0,2000
lower_bound_at_least_90,0.9,target_on_target,0.9992983847983491,0.9856225736210749,ok,and_both_following_v1,AND,0,second_given_first_1,qwen,1932.0,0.9946932774369988,19,pooled,scores/7f0f149f286dce13819d8b8b,OR,defined,all,AND,all,2000,AND,1.0,2000
lower_bound_at_least_90,0.9,target_on_target,1.0,1.0,ok,and_both_following_v1,AND,0,second_given_first_1,qwen,128.0,1.0,19,topic,scores/7f0f149f286dce13819d8b8b,OR,defined,all,AND,animal_class,2000,AND,1.0,2000
lower_bound_at_least_90,0.9,target_on_target,0.9999302751663627,0.979011617640772,ok,and_both_following_v1,AND,0,second_given_first_1,qwen,1192.0,0.9929535831719292,19,topic,scores/7f0f149f286dce13819d8b8b,OR,defined,all,AND,cities,2000,AND,1.0,2000
lower_bound_at_least_90,0.9,target_on_target,1.0,1.0,ok,and_both_following_v1,AND,0,second_given_first_1,qwen,144.0,1.0,19,topic,scores/7f0f149f286dce13819d8b8b,OR,defined,all,AND,element_symb,2000,AND,1.0,2000
lower_bound_at_least_90,0.9,target_on_target,1.0,0.9983670748796232,ok,and_both_following_v1,AND,0,second_given_first_1,qwen,196.0,0.9997917534360683,19,topic,scores/7f0f149f286dce13819d8b8b,OR,defined,all,AND,inventors,2000,AND,1.0,2000
lower_bound_at_least_90,0.9,target_on_target,1.0,1.0,ok,and_both_following_v1,AND,0,second_given_first_1,qwen,272.0,1.0,19,topic,scores/7f0f149f286dce13819d8b8b,OR,defined,all,AND,sp_en_trans,2000,AND,1.0,2000
lower_bound_at_least_90,0.9,target_on_target,0.9999709962743546,0.9957157295232884,ok,and_both_following_v1,AND,0,second_given_first_1,qwen,,0.9985490673215995,19,topic_macro,scores/7f0f149f286dce13819d8b8b,OR,defined,all,AND,all,2000,AND,1.0,2000
