topic,split,entity,entity_id,fact_id,raw_candidate_object,old_candidate_rank,old_source_classification,old_validation_status,semantic_classification,candidate_components,raw_known_true_objects,known_true_components,overlap_components,eligible_single_country_negative,excluded,exclusion_reasons
inventors,validation,Henry Ford,entity_e652771a320786ae7fcb44b875abb50e5ec3a459a02a47c288b1afbf320f1efd,fact_0084af41da942ae3971a0f6f339217b83f25b5a2375c7d2bb4c19a4678ee5c68,the Netherlands,2,unverified_negative,unverified,unverified_negative,"[""the Netherlands""]","[""the U.S""]","[""the U.S""]",[],True,False,[]
inventors,validation,Charles Macintosh,entity_f249d194d83bf9f9f8e4af5ad5b4725f6080ed869483c7b3d6eae3b119b9e2e0,fact_010b7127b1911eb3eeac55f1c3da62bc721af0117a636a015dc27557f84b38b1,France,6,unverified_negative,unverified,unverified_negative,"[""France""]","[""the U.K""]","[""the U.K""]",[],True,False,[]
inventors,validation,Hans Lippershey,entity_19acb9901c43e657053cbfb0fda6ee21c0992ea2adc7d3e0b7d3d90c6d3c4d92,fact_01ff2a9a7e657e30822d3f29faf8ebaa21a4f7af7566c5b6bfa768aaf839b74f,Germany,6,unverified_negative,unverified,unverified_negative,"[""Germany""]","[""the Netherlands""]","[""the Netherlands""]",[],True,False,[]
inventors,validation,Ralph Benjamin,entity_a58eabb760af6eee224a4bfb91fa1210dfa0639a5eaf485faade90f9891ac7b7,fact_021a81cb3570c79e8c4979e2dad6859f74195979381f2fce6fe14ac906802363,Poland/Germany,4,unverified_negative,unverified,unverified_negative,"[""Poland"", ""Germany""]","[""the U.K""]","[""the U.K""]",[],False,True,"[""slash_valued""]"
inventors,validation,Lester Wire,entity_56d3f85265980f42817410504d35f1babf3acd2cecfb4ae9b9de4f78af7bff96,fact_029559401de9f47cb368f3c0874d37c2830bfd8eaeee0e32445757fce8674ba3,France,4,unverified_negative,unverified,unverified_negative,"[""France""]","[""the U.S""]","[""the U.S""]",[],True,False,[]
inventors,validation,Hans Berger,entity_46aec3c21230b9313b4424b000071b0776d84a2619e400a6c37896964827c06b,fact_02cddfece84faf6226f5f4a8e06ba21d06540be48401c1b67dfc322907ca2c5e,Hungary,3,unverified_negative,unverified,unverified_negative,"[""Hungary""]","[""Germany""]","[""Germany""]",[],True,False,[]
inventors,validation,Albert Ghiorso,entity_f964b69b76681a3f0fb0df8bb2e67c63d44e427b95272e593c1a64e22442c4bd,fact_031cb64323590251f901aa0ad113141b8d3c68a47ffb452f886706c38a9db5e6,Russia,9,unverified_negative,unverified,unverified_negative,"[""Russia""]","[""the U.S""]","[""the U.S""]",[],True,False,[]
inventors,validation,Henry Ford,entity_e652771a320786ae7fcb44b875abb50e5ec3a459a02a47c288b1afbf320f1efd,fact_03b5c62b98458b3a47c9d3bf94977cf9c7e6d6d2fdc3f97655baa3e273c05d32,Hungary,7,unverified_negative,unverified,unverified_negative,"[""Hungary""]","[""the U.S""]","[""the U.S""]",[],True,False,[]
inventors,validation,Ralph H. Baer,entity_b6fb097d878ac7342b2e225c8cdeb5fede6b75a16fa2c5267dc5ba662fbf1035,fact_04cc5a6c439bf149190bd3d7b8ad62c59817cbad65e638be4bba2bb4732be30b,Russia,4,unverified_negative,unverified,unverified_negative,"[""Russia""]","[""the U.S""]","[""the U.S""]",[],True,False,[]
inventors,validation,Otis Boykin,entity_71bc6b785c53039152fa928881dea6e1b62dd760c5f92460306f0a6f054f2b52,fact_04d6eceeb8c049188999e5479cf60a3481cdd057c889e1518b0287b2ef105435,Germany,6,unverified_negative,unverified,unverified_negative,"[""Germany""]","[""the U.S""]","[""the U.S""]",[],True,False,[]
inventors,validation,Joseph Glidden,entity_0eb198a8c4cff8941d67e38d9f8a8feb44119a48c647a80737a4ecf8a0c564ee,fact_053cfa19b8cfc2bfcd1f4960b437defaa19d094dbb942361062ace80dd3ece6c,Russia,9,unverified_negative,unverified,unverified_negative,"[""Russia""]","[""the U.S""]","[""the U.S""]",[],True,False,[]
inventors,validation,Hans von Ohain,entity_ce16964913ec67021826414115d9f0ba8433c02eb56061629a63e4079dd1063b,fact_05c81fd5a690d6b36b68476e1c5c09ec4abf568ce6258ff405eefe0ae78834be,Italy,5,unverified_negative,unverified,unverified_negative,"[""Italy""]","[""Germany""]","[""Germany""]",[],True,False,[]
inventors,validation,John Ambrose Fleming,entity_f0a40cd33a5e9fa6ff9110254ce2329508b8ae2e4c2afd669f4fa6c8c60e437f,fact_07707bd0b9f99b43766fd92de19b5e92f72f13afe5893444d747fca678a77f76,Russia,7,unverified_negative,unverified,unverified_negative,"[""Russia""]","[""the U.K""]","[""the U.K""]",[],True,False,[]
inventors,validation,Hans von Ohain,entity_ce16964913ec67021826414115d9f0ba8433c02eb56061629a63e4079dd1063b,fact_0793bef04d2b85eb0567a0ab333a786f6118f1247652b35ee8fea1d7a04ee496,Russia,3,unverified_negative,unverified,unverified_negative,"[""Russia""]","[""Germany""]","[""Germany""]",[],True,False,[]
inventors,validation,James West,entity_cdbb5141199a0db8adec1540cc4ee2a12702a78916f3beded1be4aff5a034209,fact_092a8bddec5ea97818f4437fb8295055e167008fea6cd3ac3501b769d56bec9e,Hungary,3,unverified_negative,unverified,unverified_negative,"[""Hungary""]","[""the U.S""]","[""the U.S""]",[],True,False,[]
inventors,validation,Heinrich Göbel,entity_90cef7a60c34c52e26ddf9adbe58d2a30fe44b106c42b19e9f0f71312c23f78e,fact_0a237956beb74eb9a71abdfd46a2e11450ffd080cfeb11f56208bdda722966db,Italy,6,unverified_negative,unverified,unverified_negative,"[""Italy""]","[""Germany""]","[""Germany""]",[],True,False,[]
inventors,validation,Josephine Cochrane,entity_3b84b24b14891f82b1da3c25eaab1187b2490ea6e85241bc54ab599d475cbeda,fact_0a7fe5d88a21b7cf48ef88d4c1da81c0e7f1aa7347ce398222b88a45b9d478bc,France,8,unverified_negative,unverified,unverified_negative,"[""France""]","[""the U.S""]","[""the U.S""]",[],True,False,[]
inventors,validation,Ruth Benerito,entity_46171df26c0b4200b2c874d1c88a82182381d3773b5d3e76ce4306583dccbde3,fact_0afd4c267dced1b34c38e9c24b788f58a894a29d6907ffa9406d4c610305e167,Poland/Germany,3,unverified_negative,unverified,unverified_negative,"[""Poland"", ""Germany""]","[""the U.S""]","[""the U.S""]",[],False,True,"[""slash_valued""]"
inventors,validation,László Bíró,entity_2f4ce36c38b11fdfd5c8a834eb613b9304e173ee66cdda793eb89b512bccf3fe,fact_0b537e7a8fa6e6f7fca233af791c72374a4e1527afd3e0ea9a54fed39e84eedb,Russia,4,unverified_negative,unverified,unverified_negative,"[""Russia""]","[""Hungary""]","[""Hungary""]",[],True,False,[]
inventors,validation,Benjamin Franklin,entity_3c4bb8b1972ad5b0ebf3ee26a975d216cdb1489989f696fe3b2baafa97e42385,fact_0cd564679793454159105878764b09b887916779065ebc95ee60c0c40302d474,Italy,8,unverified_negative,unverified,unverified_negative,"[""Italy""]","[""the U.S""]","[""the U.S""]",[],True,False,[]
inventors,validation,Charles Macintosh,entity_f249d194d83bf9f9f8e4af5ad5b4725f6080ed869483c7b3d6eae3b119b9e2e0,fact_0d174a9a34dd8b2e07251ce6519212d6d8cbbba0326fe48e44d18289fa758028,the Netherlands,9,unverified_negative,unverified,unverified_negative,"[""the Netherlands""]","[""the U.K""]","[""the U.K""]",[],True,False,[]
inventors,validation,Joseph Henry,entity_3471ed3c6c0915f3c08a85c1bd8fe1ad6fd5b1f599ac9b886a7ca5b4eb860ffe,fact_0d74064738f474579f69e7ca5638b3cc394e2ae9e7bcc3ad0bd9c97c2eb8f047,Turkey/the U.S,2,unverified_negative,unverified,invalid_known_true,"[""Turkey"", ""the U.S""]","[""the U.S""]","[""the U.S""]","[""the U.S""]",False,True,"[""slash_valued"", ""known_true_overlap""]"
inventors,validation,Guglielmo Marconi,entity_239e749eb7c4db0d69ebf9c5847b3001dd62656dc4aaf27d22ea171b98565390,fact_0ec5e64a582411015dc4faec75244500409a19bbfbad4204bce6364de1d5fb09,Turkey/the U.S,6,unverified_negative,unverified,unverified_negative,"[""Turkey"", ""the U.S""]","[""Italy""]","[""Italy""]",[],False,True,"[""slash_valued""]"
inventors,validation,Richard Gatling,entity_2b5e3955c8d70cc6299ec95f127c4de1b95ff62e6416016db6833e44410c4314,fact_0ed7583fced1e8e9b0727c8ff3e47b88bdbc33d360f3f536a06dd544c957793a,Germany,8,unverified_negative,unverified,unverified_negative,"[""Germany""]","[""the U.S""]","[""the U.S""]",[],True,False,[]
inventors,validation,Hans von Ohain,entity_ce16964913ec67021826414115d9f0ba8433c02eb56061629a63e4079dd1063b,fact_1082ff0af335197b4d34fd0322222c2ac77d4cdadc4b5cce571462c7967a2d45,Poland/Germany,9,unverified_negative,unverified,invalid_known_true,"[""Poland"", ""Germany""]","[""Germany""]","[""Germany""]","[""Germany""]",False,True,"[""slash_valued"", ""known_true_overlap""]"
inventors,validation,George Washington Carver,entity_b7e637d260e38ad137565106168f84be27450dd4d166c82509057d0af2e8deb4,fact_11f2652270dc39eeff9f107c1d2fa0eaf534f0fd8a9e423e03d7ab30d0433343,the Netherlands,3,unverified_negative,unverified,unverified_negative,"[""the Netherlands""]","[""the U.S""]","[""the U.S""]",[],True,False,[]
inventors,validation,Charles Tellier,entity_0ee34ff2c7e6084ac680e9f355836188aa17b6b1784f1c9351fcea08cbe9e07f,fact_12dae4862882a4e0591a595d157cb344ab4ed4fa3e49b76f70c33ffbf2c01897,the Netherlands,1,unverified_negative,unverified,unverified_negative,"[""the Netherlands""]","[""France""]","[""France""]",[],True,False,[]
inventors,validation,James West,entity_cdbb5141199a0db8adec1540cc4ee2a12702a78916f3beded1be4aff5a034209,fact_12fd781a1c4c3ce1605abe8eb8cb94e0a150f81c17fc47194519afa73caecf7e,Italy,6,unverified_negative,unverified,unverified_negative,"[""Italy""]","[""the U.S""]","[""the U.S""]",[],True,False,[]
inventors,validation,John Bardeen,entity_27385cc0c8e95174d7486c65707ce7b6df069bde547881d258a01acf5ce16b29,fact_13dce99454feefe503ad932a6c65d95f40a9479a77b0b131398e8b986821fe63,France,2,unverified_negative,unverified,unverified_negative,"[""France""]","[""the U.S""]","[""the U.S""]",[],True,False,[]
inventors,validation,Heinrich Hertz,entity_f8decc90c08060f8c1a0b2ee0493c561480c571c5854a5cdfe3ace18b85a664e,fact_147a1630dc6501cc8818c613939e31d5647111008d10869224c3094c5b9a4278,Poland/Germany,6,unverified_negative,unverified,invalid_known_true,"[""Poland"", ""Germany""]","[""Germany""]","[""Germany""]","[""Germany""]",False,True,"[""slash_valued"", ""known_true_overlap""]"
inventors,validation,André-Jacques Garnerin,entity_3c8e904620f782e5e995c990d06ee6fdfde2e275d1ea6050c67fa1fb1d63b2d0,fact_15031d1907c89cec3024b4000d01824d2dbd778d61001870d380a859b5cd200a,the Netherlands,5,supported_false,source_supported_false,supported_false,"[""the Netherlands""]","[""France""]","[""France""]",[],True,False,[]
inventors,validation,Luther Simjian,entity_ad0f76b68a06b055bd0a3410070ce3c38668ff488c51ba531d80d9fcc2a179e9,fact_152c0db3b22079f0e2a284bb756442e89145dbdbc96bcb8a0f313014bc7c0fd1,Poland/Germany,1,unverified_negative,unverified,unverified_negative,"[""Poland"", ""Germany""]","[""Turkey/the U.S""]","[""Turkey"", ""the U.S""]",[],False,True,"[""slash_valued""]"
inventors,validation,Semyon Kirlian,entity_71ea87aa3d8cb80f916869fb07b5fe9f451020f2c6d7c598f507d5f8d9c64b12,fact_158a7037354416def1b1b3d1acf3dea94acb7762c96abca582466a2e20046ff5,Poland/Germany,4,unverified_negative,unverified,unverified_negative,"[""Poland"", ""Germany""]","[""Russia""]","[""Russia""]",[],False,True,"[""slash_valued""]"
inventors,validation,Heinrich Göbel,entity_90cef7a60c34c52e26ddf9adbe58d2a30fe44b106c42b19e9f0f71312c23f78e,fact_16b167f8b512a635c7813013c6e38602d35057225c337adfe9e1a8fdb1641fd9,Hungary,9,unverified_negative,unverified,unverified_negative,"[""Hungary""]","[""Germany""]","[""Germany""]",[],True,False,[]
inventors,validation,Ruth Benerito,entity_46171df26c0b4200b2c874d1c88a82182381d3773b5d3e76ce4306583dccbde3,fact_1736a4eb3bb95592682b07ea331702eeb2bdf40a6ed6740b7c769fb84eca7c43,France,2,unverified_negative,unverified,unverified_negative,"[""France""]","[""the U.S""]","[""the U.S""]",[],True,False,[]
inventors,validation,John Gorrie,entity_7f45b9113135b5be824569052cce980466d22fdf1336a3b8256c6eec63afb84d,fact_183a6c08d261ba6e59d117b192cb56a2caa3bb18588d36d0301905fe0d67fead,Turkey/the U.S,4,unverified_negative,unverified,invalid_known_true,"[""Turkey"", ""the U.S""]","[""the U.S""]","[""the U.S""]","[""the U.S""]",False,True,"[""slash_valued"", ""known_true_overlap""]"
inventors,validation,Guglielmo Marconi,entity_239e749eb7c4db0d69ebf9c5847b3001dd62656dc4aaf27d22ea171b98565390,fact_1c7cb0dcc7ce831cc1ccdb7e88ac03576c4626a19e5b595a632a99c5fa0ecdd7,Germany,2,unverified_negative,unverified,unverified_negative,"[""Germany""]","[""Italy""]","[""Italy""]",[],True,False,[]
inventors,validation,Daniel Fahrenheit,entity_b4d1b9ea82f2f6918da2be88084d26ff850bfc4fbb369e1f98756dfd0dd58d7c,fact_1cbbd4aa97a9a64ca05e6744378e95f09046ea52cad54767b064c9a26aecf6fb,Italy,4,unverified_negative,unverified,unverified_negative,"[""Italy""]","[""Poland/Germany""]","[""Germany"", ""Poland""]",[],True,False,[]
inventors,validation,R. Buckminster Fuller,entity_c6eb7c66779bfacd9b7cf8ba339ed489f4e55062e1e3e26be20a92d67e2d676a,fact_1ccfd19b1e8e5f46e0477b24eefbcfbc1ab9751408f9ab6709acfac6183fc3b8,Germany,5,unverified_negative,unverified,unverified_negative,"[""Germany""]","[""the U.S""]","[""the U.S""]",[],True,False,[]
inventors,validation,Ralph H. Baer,entity_b6fb097d878ac7342b2e225c8cdeb5fede6b75a16fa2c5267dc5ba662fbf1035,fact_1d256260ff698e5fc14e626203b38f19b7cbaf04a3f48f924a3766662225074a,Turkey/the U.S,5,unverified_negative,unverified,invalid_known_true,"[""Turkey"", ""the U.S""]","[""the U.S""]","[""the U.S""]","[""the U.S""]",False,True,"[""slash_valued"", ""known_true_overlap""]"
inventors,validation,Jack Kilby,entity_aec8754dc4cdffe2afc82a85a14d93c643c5dc8b966b86964fa5a2887abeb83d,fact_1d3194243d57a26d575cab456d237b8c51847424e2b77e4bd64cf6fc9e3416da,Poland/Germany,7,unverified_negative,unverified,unverified_negative,"[""Poland"", ""Germany""]","[""the U.S""]","[""the U.S""]",[],False,True,"[""slash_valued""]"
inventors,validation,Charles Babbage,entity_0f7effc2038320c802c7fd8063cac3266e6cec92edc3397ab81e5c21098b2755,fact_1e028f5cfac33a1fd774ba459c137c01c71a1d48040ecb198b9ee9aa8b81b2ff,Russia,7,unverified_negative,unverified,unverified_negative,"[""Russia""]","[""the U.K""]","[""the U.K""]",[],True,False,[]
inventors,validation,Joseph Glidden,entity_0eb198a8c4cff8941d67e38d9f8a8feb44119a48c647a80737a4ecf8a0c564ee,fact_1e4b67ec60f4cc67d237ae73f8fc6137e53ac4e37d95455cce8c660031841708,Hungary,8,unverified_negative,unverified,unverified_negative,"[""Hungary""]","[""the U.S""]","[""the U.S""]",[],True,False,[]
inventors,validation,James West,entity_cdbb5141199a0db8adec1540cc4ee2a12702a78916f3beded1be4aff5a034209,fact_1ea36a30605f065381a29ffefbf2ec2673fdf8c857db3e7b989aafec7aba1cea,France,8,unverified_negative,unverified,unverified_negative,"[""France""]","[""the U.S""]","[""the U.S""]",[],True,False,[]
inventors,validation,Lester Wire,entity_56d3f85265980f42817410504d35f1babf3acd2cecfb4ae9b9de4f78af7bff96,fact_1f289b12eed437473cd49ef1d6986e34de50f556941c10ba5adcbf8709c65f50,the U.K,3,supported_false,source_supported_false,supported_false,"[""the U.K""]","[""the U.S""]","[""the U.S""]",[],True,False,[]
inventors,validation,Jack Kilby,entity_aec8754dc4cdffe2afc82a85a14d93c643c5dc8b966b86964fa5a2887abeb83d,fact_1f85a2d78b2c5f10122a6cf76d0f5b5832c2bc99f0140cce7feb1212d5e242d3,Germany,2,unverified_negative,unverified,unverified_negative,"[""Germany""]","[""the U.S""]","[""the U.S""]",[],True,False,[]
inventors,validation,Heinrich Göbel,entity_90cef7a60c34c52e26ddf9adbe58d2a30fe44b106c42b19e9f0f71312c23f78e,fact_1fec6f7390ee6582e799eb5e54dd308e68ab885e2d321600b9bb859eb3d89622,Turkey/the U.S,5,unverified_negative,unverified,unverified_negative,"[""Turkey"", ""the U.S""]","[""Germany""]","[""Germany""]",[],False,True,"[""slash_valued""]"
inventors,validation,Daniel Fahrenheit,entity_b4d1b9ea82f2f6918da2be88084d26ff850bfc4fbb369e1f98756dfd0dd58d7c,fact_202e2eb158e70e43eb5bff0c0a60e7d91b7021fde9f6399e85ba9a6cfae2366f,Russia,8,unverified_negative,unverified,unverified_negative,"[""Russia""]","[""Poland/Germany""]","[""Germany"", ""Poland""]",[],True,False,[]
inventors,validation,James Dyson,entity_3cc10d1cb884b9de43eb4ca32027d5275292c1cef31085d9fb2280f18e382bf6,fact_215c39945f3d36c7fb14de158aa77730eeb9ef0a306e6b8527c296a92ac51a05,Poland/Germany,4,unverified_negative,unverified,unverified_negative,"[""Poland"", ""Germany""]","[""the U.K""]","[""the U.K""]",[],False,True,"[""slash_valued""]"
inventors,validation,Hans Lippershey,entity_19acb9901c43e657053cbfb0fda6ee21c0992ea2adc7d3e0b7d3d90c6d3c4d92,fact_223efd3475fc05837c111eae3023396269c63faf9a6c1414686e3b77ebcf17e4,the U.K,4,unverified_negative,unverified,unverified_negative,"[""the U.K""]","[""the Netherlands""]","[""the Netherlands""]",[],True,False,[]
inventors,validation,Heinrich Göbel,entity_90cef7a60c34c52e26ddf9adbe58d2a30fe44b106c42b19e9f0f71312c23f78e,fact_228def95e6adfc967d2f45e14d663f867d7f9912e1c20c47eb00df2a4b90cdd4,Poland/Germany,3,unverified_negative,unverified,invalid_known_true,"[""Poland"", ""Germany""]","[""Germany""]","[""Germany""]","[""Germany""]",False,True,"[""slash_valued"", ""known_true_overlap""]"
inventors,validation,Hans Berger,entity_46aec3c21230b9313b4424b000071b0776d84a2619e400a6c37896964827c06b,fact_22948623ed9adbe7b564b8050c8d25c743a88405f0b1f56b04675d8e6ca58056,the Netherlands,7,unverified_negative,unverified,unverified_negative,"[""the Netherlands""]","[""Germany""]","[""Germany""]",[],True,False,[]
inventors,validation,Henry Ford,entity_e652771a320786ae7fcb44b875abb50e5ec3a459a02a47c288b1afbf320f1efd,fact_246f0150871d3578ae43c6ce0c154db95a799cd1177b419432fdeea0e14594da,Russia,6,unverified_negative,unverified,unverified_negative,"[""Russia""]","[""the U.S""]","[""the U.S""]",[],True,False,[]
inventors,validation,John Bardeen,entity_27385cc0c8e95174d7486c65707ce7b6df069bde547881d258a01acf5ce16b29,fact_24cca3f62fa36d7010694bd7cc316d53b1fd0ade98439a71a7c9f2f1a3822eb0,Turkey/the U.S,6,unverified_negative,unverified,invalid_known_true,"[""Turkey"", ""the U.S""]","[""the U.S""]","[""the U.S""]","[""the U.S""]",False,True,"[""slash_valued"", ""known_true_overlap""]"
inventors,validation,Heinrich Hertz,entity_f8decc90c08060f8c1a0b2ee0493c561480c571c5854a5cdfe3ace18b85a664e,fact_25b50c28cef43707df86d5b35756b21e57263bf465fab99f998e06cc7bfa69a3,Turkey/the U.S,5,unverified_negative,unverified,unverified_negative,"[""Turkey"", ""the U.S""]","[""Germany""]","[""Germany""]",[],False,True,"[""slash_valued""]"
inventors,validation,Lester Wire,entity_56d3f85265980f42817410504d35f1babf3acd2cecfb4ae9b9de4f78af7bff96,fact_25bee4238f1838e3b0f98493295b410ac261e9b7f0bfa4340b983c4b718ea52f,Russia,1,unverified_negative,unverified,unverified_negative,"[""Russia""]","[""the U.S""]","[""the U.S""]",[],True,False,[]
inventors,validation,Ada Lovelace,entity_bc0220be2bdd8b82a606837c21221687afe5fcf787f7a6b111c0fe09f43276c9,fact_2691200b8fd4a001e362aef274cf624e69ecff9630caa8c04c3d02cd83a2f956,Hungary,5,unverified_negative,unverified,unverified_negative,"[""Hungary""]","[""the U.K""]","[""the U.K""]",[],True,False,[]
inventors,validation,Charles Macintosh,entity_f249d194d83bf9f9f8e4af5ad5b4725f6080ed869483c7b3d6eae3b119b9e2e0,fact_271b1928ef81a2b16399947eb7182a1f837d5f250c949e92e8444ff11d07babd,Turkey/the U.S,2,unverified_negative,unverified,unverified_negative,"[""Turkey"", ""the U.S""]","[""the U.K""]","[""the U.K""]",[],False,True,"[""slash_valued""]"
inventors,validation,Luther Simjian,entity_ad0f76b68a06b055bd0a3410070ce3c38668ff488c51ba531d80d9fcc2a179e9,fact_274794a987e8822e1099e64d1ce0f679e2611c17ead893591fc702a4cd45fdfc,France,5,unverified_negative,unverified,unverified_negative,"[""France""]","[""Turkey/the U.S""]","[""Turkey"", ""the U.S""]",[],True,False,[]
inventors,validation,Daniel Fahrenheit,entity_b4d1b9ea82f2f6918da2be88084d26ff850bfc4fbb369e1f98756dfd0dd58d7c,fact_27d93f67d5e49ffd7add57306caa67904646607cdd693f7b0b1fe07e16bef14c,the U.S,1,supported_false,source_supported_false,supported_false,"[""the U.S""]","[""Poland/Germany""]","[""Germany"", ""Poland""]",[],True,False,[]
inventors,validation,Joseph Glidden,entity_0eb198a8c4cff8941d67e38d9f8a8feb44119a48c647a80737a4ecf8a0c564ee,fact_28407eb9a2cd97293b9b5c806ba007ae4bc2b3c8fcda81f9e34b78ee55315529,France,1,unverified_negative,unverified,unverified_negative,"[""France""]","[""the U.S""]","[""the U.S""]",[],True,False,[]
inventors,validation,Hans von Ohain,entity_ce16964913ec67021826414115d9f0ba8433c02eb56061629a63e4079dd1063b,fact_2940771791f70b6389f874d2676984e6661fbeca2a4c378c8948c1f6edeb553d,Turkey/the U.S,1,unverified_negative,unverified,unverified_negative,"[""Turkey"", ""the U.S""]","[""Germany""]","[""Germany""]",[],False,True,"[""slash_valued""]"
inventors,validation,James Dyson,entity_3cc10d1cb884b9de43eb4ca32027d5275292c1cef31085d9fb2280f18e382bf6,fact_294a4f42df07dc51c2118175b8783f9f594bcef20c436c11a5a08a55ffe7e538,Russia,8,unverified_negative,unverified,unverified_negative,"[""Russia""]","[""the U.K""]","[""the U.K""]",[],True,False,[]
inventors,validation,John Bardeen,entity_27385cc0c8e95174d7486c65707ce7b6df069bde547881d258a01acf5ce16b29,fact_296c8451e5a429d558faed74232574ddeb239efa704a9ae88263e85b036c6b14,the Netherlands,5,unverified_negative,unverified,unverified_negative,"[""the Netherlands""]","[""the U.S""]","[""the U.S""]",[],True,False,[]
inventors,validation,Charles Macintosh,entity_f249d194d83bf9f9f8e4af5ad5b4725f6080ed869483c7b3d6eae3b119b9e2e0,fact_298886d019fe00969c80f7a23653c4ee7526b72380adc99bd5fa96a64589ca05,Poland/Germany,1,unverified_negative,unverified,unverified_negative,"[""Poland"", ""Germany""]","[""the U.K""]","[""the U.K""]",[],False,True,"[""slash_valued""]"
inventors,validation,Ralph Benjamin,entity_a58eabb760af6eee224a4bfb91fa1210dfa0639a5eaf485faade90f9891ac7b7,fact_2ae1d2bc5705915740ef9d682be18b7c45faecdbca396890aaaa744865588ab5,Hungary,6,unverified_negative,unverified,unverified_negative,"[""Hungary""]","[""the U.K""]","[""the U.K""]",[],True,False,[]
inventors,validation,Richard Gatling,entity_2b5e3955c8d70cc6299ec95f127c4de1b95ff62e6416016db6833e44410c4314,fact_2b80ef04f74867eea9f65ced186ccb6b6c0a24531746d5c0d5a25f07fa33a589,Poland/Germany,1,unverified_negative,unverified,unverified_negative,"[""Poland"", ""Germany""]","[""the U.S""]","[""the U.S""]",[],False,True,"[""slash_valued""]"
inventors,validation,Lester Wire,entity_56d3f85265980f42817410504d35f1babf3acd2cecfb4ae9b9de4f78af7bff96,fact_2c16cff1848b9cc5f9ee5a94628edf080ac11bc6d90292c4d78241084df6fde9,Turkey/the U.S,6,unverified_negative,unverified,invalid_known_true,"[""Turkey"", ""the U.S""]","[""the U.S""]","[""the U.S""]","[""the U.S""]",False,True,"[""slash_valued"", ""known_true_overlap""]"
inventors,validation,Hans von Ohain,entity_ce16964913ec67021826414115d9f0ba8433c02eb56061629a63e4079dd1063b,fact_2d1a008ab608208e10cb6a9b1d37a3782b090ae25f436fdaba37a36e73c1af37,France,6,unverified_negative,unverified,unverified_negative,"[""France""]","[""Germany""]","[""Germany""]",[],True,False,[]
inventors,validation,Albert Ghiorso,entity_f964b69b76681a3f0fb0df8bb2e67c63d44e427b95272e593c1a64e22442c4bd,fact_2d36d7e700a8d6e878a22652fadf1c4739195933bbff8618674d989f4e9e521e,Turkey/the U.S,8,unverified_negative,unverified,invalid_known_true,"[""Turkey"", ""the U.S""]","[""the U.S""]","[""the U.S""]","[""the U.S""]",False,True,"[""slash_valued"", ""known_true_overlap""]"
inventors,validation,Galileo Galilei,entity_87ba9c4ed3f45b1d99791fb916d4b7698f19b8c62d09092ce1e5955702e160ac,fact_2d4b39120321139717cb33af2a5e94068dcc481e056df1005cf78ec4321b2006,Poland/Germany,7,unverified_negative,unverified,unverified_negative,"[""Poland"", ""Germany""]","[""Italy""]","[""Italy""]",[],False,True,"[""slash_valued""]"
inventors,validation,Henry Ford,entity_e652771a320786ae7fcb44b875abb50e5ec3a459a02a47c288b1afbf320f1efd,fact_2d867449b84a6f6dbd5517cb31eec3cc3c1fffed6a49d6702f62389c60f1bd36,the U.K,3,unverified_negative,unverified,unverified_negative,"[""the U.K""]","[""the U.S""]","[""the U.S""]",[],True,False,[]
inventors,validation,George Washington Carver,entity_b7e637d260e38ad137565106168f84be27450dd4d166c82509057d0af2e8deb4,fact_2e996230b7fbc30afc37f2faeb1cf750fc07af05ced05a5da3b5c8d9302d5555,Italy,9,unverified_negative,unverified,unverified_negative,"[""Italy""]","[""the U.S""]","[""the U.S""]",[],True,False,[]
inventors,validation,Richard Gatling,entity_2b5e3955c8d70cc6299ec95f127c4de1b95ff62e6416016db6833e44410c4314,fact_2f0e3c82c6870a6ed5539975d39856d167ea96dc5f6305bb076e8512ef5fb0e3,Italy,2,unverified_negative,unverified,unverified_negative,"[""Italy""]","[""the U.S""]","[""the U.S""]",[],True,False,[]
inventors,validation,Jack Kilby,entity_aec8754dc4cdffe2afc82a85a14d93c643c5dc8b966b86964fa5a2887abeb83d,fact_2f4025b6463e62061a65edf1f1461b910cb19e816752b249a2553f523bfdeb56,the U.K,1,supported_false,source_supported_false,supported_false,"[""the U.K""]","[""the U.S""]","[""the U.S""]",[],True,False,[]
inventors,validation,André-Jacques Garnerin,entity_3c8e904620f782e5e995c990d06ee6fdfde2e275d1ea6050c67fa1fb1d63b2d0,fact_3011a66c88661ea29e4f47acfe6f4d6064fb925905b278cb9aea3705bbc0f27c,the U.S,1,unverified_negative,unverified,unverified_negative,"[""the U.S""]","[""France""]","[""France""]",[],True,False,[]
inventors,validation,László Bíró,entity_2f4ce36c38b11fdfd5c8a834eb613b9304e173ee66cdda793eb89b512bccf3fe,fact_3035f68b6f2d2e905030223797ec588169db6deee386f7de85998533427ccf2b,Italy,5,unverified_negative,unverified,unverified_negative,"[""Italy""]","[""Hungary""]","[""Hungary""]",[],True,False,[]
inventors,validation,Evangelista Torricelli,entity_35f728f3f0a77b7c337e548cfa838a5cb505e0c69c3136176fc27c4f76645446,fact_30472ce5a26ff60a1df2cf31f2d20b3d105652350bc62dfa1b1d19f44086c76a,Poland/Germany,7,unverified_negative,unverified,unverified_negative,"[""Poland"", ""Germany""]","[""Italy""]","[""Italy""]",[],False,True,"[""slash_valued""]"
inventors,validation,Charles Wheatstone,entity_8818821c303ebaee995a998da2f8f5184faa7c32e9548ed2242b8a9bd9f2cd3e,fact_32c36714ff6856a4773aac07a818e34965e4689b48e1d7c510dd296f774a4a09,Russia,9,unverified_negative,unverified,unverified_negative,"[""Russia""]","[""the U.K""]","[""the U.K""]",[],True,False,[]
inventors,validation,Hans Berger,entity_46aec3c21230b9313b4424b000071b0776d84a2619e400a6c37896964827c06b,fact_337342c087b80bc4db33c1f724559bae5f05037b10949b9371c4e6d7b701254b,Russia,1,unverified_negative,unverified,unverified_negative,"[""Russia""]","[""Germany""]","[""Germany""]",[],True,False,[]
inventors,validation,Willis Carrier,entity_417f275f5195f76d44ba237527339a3328dea19320e594059d895c65bb6beb8e,fact_33b7498bb620bdb1c832a2624f9d2e92935ab863fabb88ae0f45ec77397c2aab,Hungary,1,unverified_negative,unverified,unverified_negative,"[""Hungary""]","[""the U.S""]","[""the U.S""]",[],True,False,[]
inventors,validation,Dr. Robert Gallo,entity_b7e2c4e013cdd42301473e08b120cf95051567dfbe59d6a00cd3f3399bba3c27,fact_3434fbdeae7dfd30818c4801e7f39b2a146f8bd6276fd647a951a1b44f915ed0,Hungary,1,unverified_negative,unverified,unverified_negative,"[""Hungary""]","[""the U.S""]","[""the U.S""]",[],True,False,[]
inventors,validation,Jean-Bernard-Léon Foucault,entity_4dce103e107687e2284e09458d41c768ae88022d938580f00e2fedb13d278fa2,fact_34999d614af9b17cbd8a10af046561cd0949bf4a067b87520b102bfb26d38306,Poland/Germany,8,unverified_negative,unverified,unverified_negative,"[""Poland"", ""Germany""]","[""France""]","[""France""]",[],False,True,"[""slash_valued""]"
inventors,validation,Ferdinand von Zeppelin,entity_830b1885955d1ea7c20a80a16076e78e9caedbc946e0a201b2c7e653a6ddb955,fact_35ea73a8b27391656dec7ccb2511de527de6dc9adb7d83770d30f5a67f012ceb,Russia,5,unverified_negative,unverified,unverified_negative,"[""Russia""]","[""Germany""]","[""Germany""]",[],True,False,[]
inventors,validation,Charles Babbage,entity_0f7effc2038320c802c7fd8063cac3266e6cec92edc3397ab81e5c21098b2755,fact_35fc910acfd617d0c91f83f269ad57706999d436a5e47cd4adac59bfac6e40b8,Turkey/the U.S,3,unverified_negative,unverified,unverified_negative,"[""Turkey"", ""the U.S""]","[""the U.K""]","[""the U.K""]",[],False,True,"[""slash_valued""]"
inventors,validation,Richard Gatling,entity_2b5e3955c8d70cc6299ec95f127c4de1b95ff62e6416016db6833e44410c4314,fact_360afb77bd90a1d529476a3802f765a4d589c1ecf4789b6fb8e0ea3c4d91b78e,the Netherlands,9,unverified_negative,unverified,unverified_negative,"[""the Netherlands""]","[""the U.S""]","[""the U.S""]",[],True,False,[]
inventors,validation,Evangelista Torricelli,entity_35f728f3f0a77b7c337e548cfa838a5cb505e0c69c3136176fc27c4f76645446,fact_3678ea631fd18ca562e141d590c489eb1accb12ac4c294e06b68aa8331f1da87,Russia,5,unverified_negative,unverified,unverified_negative,"[""Russia""]","[""Italy""]","[""Italy""]",[],True,False,[]
inventors,validation,André-Jacques Garnerin,entity_3c8e904620f782e5e995c990d06ee6fdfde2e275d1ea6050c67fa1fb1d63b2d0,fact_3681a07f21c1cb53de378f37e18f210775e7a4747d2ce13f94ae48c840725b3c,Hungary,4,unverified_negative,unverified,unverified_negative,"[""Hungary""]","[""France""]","[""France""]",[],True,False,[]
inventors,validation,Ferdinand von Zeppelin,entity_830b1885955d1ea7c20a80a16076e78e9caedbc946e0a201b2c7e653a6ddb955,fact_373647bbb82230a86ccc8ab2f3e39f878c420943faacf48dd124099f7c28d9b2,France,3,supported_false,source_supported_false,supported_false,"[""France""]","[""Germany""]","[""Germany""]",[],True,False,[]
inventors,validation,Dr. Robert Gallo,entity_b7e2c4e013cdd42301473e08b120cf95051567dfbe59d6a00cd3f3399bba3c27,fact_37b94e6157a5cdec134f8ef57f782a658351815c8294488c0c475e6a7938bf3a,Germany,2,unverified_negative,unverified,unverified_negative,"[""Germany""]","[""the U.S""]","[""the U.S""]",[],True,False,[]
inventors,validation,Charles Wheatstone,entity_8818821c303ebaee995a998da2f8f5184faa7c32e9548ed2242b8a9bd9f2cd3e,fact_3960d30a5b738db4a2577590c3dafdfcba71f0f5b4894580b136f85a6773190e,Germany,6,unverified_negative,unverified,unverified_negative,"[""Germany""]","[""the U.K""]","[""the U.K""]",[],True,False,[]
inventors,validation,Evangelista Torricelli,entity_35f728f3f0a77b7c337e548cfa838a5cb505e0c69c3136176fc27c4f76645446,fact_397ccfaf64799966177795580de924680148c3b905e923cf5423dbbd8a9d6036,Germany,9,unverified_negative,unverified,unverified_negative,"[""Germany""]","[""Italy""]","[""Italy""]",[],True,False,[]
inventors,validation,Guglielmo Marconi,entity_239e749eb7c4db0d69ebf9c5847b3001dd62656dc4aaf27d22ea171b98565390,fact_398a5408ac363f37dbcfeeea59fd9128dffa97e4dcc0ad23a24ce9300b2ead12,the U.S,9,unverified_negative,unverified,unverified_negative,"[""the U.S""]","[""Italy""]","[""Italy""]",[],True,False,[]
inventors,validation,Ferdinand von Zeppelin,entity_830b1885955d1ea7c20a80a16076e78e9caedbc946e0a201b2c7e653a6ddb955,fact_39f2e0442491d08c9635fd167faae7e3608a1ad8fa133fbe689c899eb5987f24,Hungary,8,unverified_negative,unverified,unverified_negative,"[""Hungary""]","[""Germany""]","[""Germany""]",[],True,False,[]
inventors,validation,László Bíró,entity_2f4ce36c38b11fdfd5c8a834eb613b9304e173ee66cdda793eb89b512bccf3fe,fact_3a843985e4da454020b58304d7e7c74986ccdb1e732eedf1dfaf7c066eaba9ff,Germany,8,unverified_negative,unverified,unverified_negative,"[""Germany""]","[""Hungary""]","[""Hungary""]",[],True,False,[]
inventors,validation,Thomas Tompion,entity_139d3e2e593fa0f3f759a2512acdc431129eebca5b5f4acb837f03333e8beaf4,fact_3b8dd414b52ad8d4b50666de59cf6128559bc418b4e0c818a9dc29d1df3f2909,Italy,2,unverified_negative,unverified,unverified_negative,"[""Italy""]","[""the U.K""]","[""the U.K""]",[],True,False,[]
inventors,validation,Dr. Robert Gallo,entity_b7e2c4e013cdd42301473e08b120cf95051567dfbe59d6a00cd3f3399bba3c27,fact_3c639b767afa80f21580ab10548359ed55e052a96494e7b59d343d764d1f1200,the U.K,7,unverified_negative,unverified,unverified_negative,"[""the U.K""]","[""the U.S""]","[""the U.S""]",[],True,False,[]
inventors,validation,Evangelista Torricelli,entity_35f728f3f0a77b7c337e548cfa838a5cb505e0c69c3136176fc27c4f76645446,fact_3ca98188d59d9418382911d0d6928b4025f124d4edcfce9d851ce3136da48828,Turkey/the U.S,3,unverified_negative,unverified,unverified_negative,"[""Turkey"", ""the U.S""]","[""Italy""]","[""Italy""]",[],False,True,"[""slash_valued""]"
inventors,validation,Semyon Kirlian,entity_71ea87aa3d8cb80f916869fb07b5fe9f451020f2c6d7c598f507d5f8d9c64b12,fact_3cc690ea1e216fabccb824cca8ba2903aea62e0911bb3d84ca0537fff489baf6,the Netherlands,9,unverified_negative,unverified,unverified_negative,"[""the Netherlands""]","[""Russia""]","[""Russia""]",[],True,False,[]
inventors,validation,Daniel Fahrenheit,entity_b4d1b9ea82f2f6918da2be88084d26ff850bfc4fbb369e1f98756dfd0dd58d7c,fact_3e8e97f09026ed8167ce628fedb0583ad6eefd8381e4989571975fa5d61c87bb,Turkey/the U.S,3,unverified_negative,unverified,unverified_negative,"[""Turkey"", ""the U.S""]","[""Poland/Germany""]","[""Germany"", ""Poland""]",[],False,True,"[""slash_valued""]"
inventors,validation,John Gorrie,entity_7f45b9113135b5be824569052cce980466d22fdf1336a3b8256c6eec63afb84d,fact_3f11e3284b9410b216ac421fd4efb0b54d9065661a5501244d0be433dd88fdaf,the Netherlands,9,unverified_negative,unverified,unverified_negative,"[""the Netherlands""]","[""the U.S""]","[""the U.S""]",[],True,False,[]
inventors,validation,John Bardeen,entity_27385cc0c8e95174d7486c65707ce7b6df069bde547881d258a01acf5ce16b29,fact_3f24127014b59b71772f2babe88e10e9c5b3af7c10d56d8404aa3c6fc1c54f78,Poland/Germany,4,unverified_negative,unverified,unverified_negative,"[""Poland"", ""Germany""]","[""the U.S""]","[""the U.S""]",[],False,True,"[""slash_valued""]"
inventors,validation,Charles Wheatstone,entity_8818821c303ebaee995a998da2f8f5184faa7c32e9548ed2242b8a9bd9f2cd3e,fact_3fcecc39ec362be99bd91d98208c64b68d5c8364dd955984874f69f160f03eb7,Italy,5,unverified_negative,unverified,unverified_negative,"[""Italy""]","[""the U.K""]","[""the U.K""]",[],True,False,[]
inventors,validation,Albert Ghiorso,entity_f964b69b76681a3f0fb0df8bb2e67c63d44e427b95272e593c1a64e22442c4bd,fact_40f3384ed12191aee3db9d5a7b25ce9cc0735b64090f88b0ba90064dce3ffed1,Germany,1,unverified_negative,unverified,unverified_negative,"[""Germany""]","[""the U.S""]","[""the U.S""]",[],True,False,[]
inventors,validation,Ada Lovelace,entity_bc0220be2bdd8b82a606837c21221687afe5fcf787f7a6b111c0fe09f43276c9,fact_41205d48b187c8642cb0948c2eba1b9031a68a98fdcc2e37ff7fa160616c9ce5,Italy,9,unverified_negative,unverified,unverified_negative,"[""Italy""]","[""the U.K""]","[""the U.K""]",[],True,False,[]
inventors,validation,Joseph Glidden,entity_0eb198a8c4cff8941d67e38d9f8a8feb44119a48c647a80737a4ecf8a0c564ee,fact_428ae9eb9b9b655f89d9733356bca54933beab7fcdb0bd84e88da6578d7aefe1,Turkey/the U.S,3,unverified_negative,unverified,invalid_known_true,"[""Turkey"", ""the U.S""]","[""the U.S""]","[""the U.S""]","[""the U.S""]",False,True,"[""slash_valued"", ""known_true_overlap""]"
inventors,validation,Benjamin Franklin,entity_3c4bb8b1972ad5b0ebf3ee26a975d216cdb1489989f696fe3b2baafa97e42385,fact_42fff451f53002f8b6baf467502db9e9ef3e021f12c9a6c361285a005d5945f0,Poland/Germany,5,unverified_negative,unverified,unverified_negative,"[""Poland"", ""Germany""]","[""the U.S""]","[""the U.S""]",[],False,True,"[""slash_valued""]"
inventors,validation,Richard Gatling,entity_2b5e3955c8d70cc6299ec95f127c4de1b95ff62e6416016db6833e44410c4314,fact_4323b4369eb7e4ea09badc10d29a954da9a44c6c3a8ff6d12cade3c62713f573,Russia,5,unverified_negative,unverified,unverified_negative,"[""Russia""]","[""the U.S""]","[""the U.S""]",[],True,False,[]
inventors,validation,Ralph Benjamin,entity_a58eabb760af6eee224a4bfb91fa1210dfa0639a5eaf485faade90f9891ac7b7,fact_440a89b2be70eae4bae28b59115181d87338ad1c8e6c631f04ed9e5b4d51c16d,the Netherlands,7,unverified_negative,unverified,unverified_negative,"[""the Netherlands""]","[""the U.K""]","[""the U.K""]",[],True,False,[]
inventors,validation,Lester Wire,entity_56d3f85265980f42817410504d35f1babf3acd2cecfb4ae9b9de4f78af7bff96,fact_4413a046dfef495db2dc5d7546b5b31e8de2da4f4b49df1a2b9888905067c2b8,Germany,9,unverified_negative,unverified,unverified_negative,"[""Germany""]","[""the U.S""]","[""the U.S""]",[],True,False,[]
inventors,validation,James Dyson,entity_3cc10d1cb884b9de43eb4ca32027d5275292c1cef31085d9fb2280f18e382bf6,fact_44dc1cede1867067468677508ce0fefe74418e12e82411dd4e4bd27295dec489,Germany,6,unverified_negative,unverified,unverified_negative,"[""Germany""]","[""the U.K""]","[""the U.K""]",[],True,False,[]
inventors,validation,Ferdinand von Zeppelin,entity_830b1885955d1ea7c20a80a16076e78e9caedbc946e0a201b2c7e653a6ddb955,fact_44f123d51812eabad0a3e78978a8415c8c421a071773d1830768b5142d7bd1b3,the Netherlands,7,unverified_negative,unverified,unverified_negative,"[""the Netherlands""]","[""Germany""]","[""Germany""]",[],True,False,[]
inventors,validation,Heinrich Hertz,entity_f8decc90c08060f8c1a0b2ee0493c561480c571c5854a5cdfe3ace18b85a664e,fact_46c8746b4534a8e41f2e0acef4aeec331e47dc321cb8fdd59b8c2329627fd1cd,Italy,9,unverified_negative,unverified,unverified_negative,"[""Italy""]","[""Germany""]","[""Germany""]",[],True,False,[]
inventors,validation,Joseph Glidden,entity_0eb198a8c4cff8941d67e38d9f8a8feb44119a48c647a80737a4ecf8a0c564ee,fact_47c12367f241c912c96e1d2b894ac1055cc0dc6840f8205ab28c0b52858f1f8c,Italy,6,unverified_negative,unverified,unverified_negative,"[""Italy""]","[""the U.S""]","[""the U.S""]",[],True,False,[]
inventors,validation,László Bíró,entity_2f4ce36c38b11fdfd5c8a834eb613b9304e173ee66cdda793eb89b512bccf3fe,fact_4894a117bd15d1fcddde68675973f1555c394be8bf4c07e58f7ce5a08f0337a5,the U.S,9,supported_false,source_supported_false,supported_false,"[""the U.S""]","[""Hungary""]","[""Hungary""]",[],True,False,[]
inventors,validation,John Bardeen,entity_27385cc0c8e95174d7486c65707ce7b6df069bde547881d258a01acf5ce16b29,fact_48b3e2d28f1d8092d8d2acf8d5b70263f9107f8210e20dc40d45ca6ba7e02237,Hungary,1,unverified_negative,unverified,unverified_negative,"[""Hungary""]","[""the U.S""]","[""the U.S""]",[],True,False,[]
inventors,validation,Semyon Kirlian,entity_71ea87aa3d8cb80f916869fb07b5fe9f451020f2c6d7c598f507d5f8d9c64b12,fact_492ee67eecb0ce0d4194802355f1bbeb11433fcc1257c0c0e0bb8a0f6a95c3a2,Germany,2,unverified_negative,unverified,unverified_negative,"[""Germany""]","[""Russia""]","[""Russia""]",[],True,False,[]
inventors,validation,Luther Simjian,entity_ad0f76b68a06b055bd0a3410070ce3c38668ff488c51ba531d80d9fcc2a179e9,fact_4958af4fd2c6d2c3a7d0f75afcef83fb4e78b2fde5e026bead4cf6a2a0f6a88c,the U.K,8,unverified_negative,unverified,unverified_negative,"[""the U.K""]","[""Turkey/the U.S""]","[""Turkey"", ""the U.S""]",[],True,False,[]
inventors,validation,Benjamin Franklin,entity_3c4bb8b1972ad5b0ebf3ee26a975d216cdb1489989f696fe3b2baafa97e42385,fact_49c7c4369a56220424ffb4d35bab8ec46e341f69329209a10d008b109a4383c4,France,1,unverified_negative,unverified,unverified_negative,"[""France""]","[""the U.S""]","[""the U.S""]",[],True,False,[]
inventors,validation,Charles Wheatstone,entity_8818821c303ebaee995a998da2f8f5184faa7c32e9548ed2242b8a9bd9f2cd3e,fact_4a6162d46e0c34b0c24c0e97ba888e6cf23cc089ea9d31fab5f212d963d2a490,France,7,supported_false,source_supported_false,supported_false,"[""France""]","[""the U.K""]","[""the U.K""]",[],True,False,[]
inventors,validation,Albert Ghiorso,entity_f964b69b76681a3f0fb0df8bb2e67c63d44e427b95272e593c1a64e22442c4bd,fact_4a7ba64168e338763ee834d5b89fcd6477631b13a3498a94dbddc6fb99e6bd57,the U.K,7,supported_false,source_supported_false,supported_false,"[""the U.K""]","[""the U.S""]","[""the U.S""]",[],True,False,[]
inventors,validation,Charles Tellier,entity_0ee34ff2c7e6084ac680e9f355836188aa17b6b1784f1c9351fcea08cbe9e07f,fact_4a99e623e0bb2986c34f60d582aadecde66c12ca21a76b29f78dd6e0f4ade183,Russia,2,unverified_negative,unverified,unverified_negative,"[""Russia""]","[""France""]","[""France""]",[],True,False,[]
inventors,validation,John Ambrose Fleming,entity_f0a40cd33a5e9fa6ff9110254ce2329508b8ae2e4c2afd669f4fa6c8c60e437f,fact_4adf424c9696592f5851ea772c2f91e89cf9cb373a9416181d9d78d3b0985977,Germany,3,unverified_negative,unverified,unverified_negative,"[""Germany""]","[""the U.K""]","[""the U.K""]",[],True,False,[]
inventors,validation,Joseph Henry,entity_3471ed3c6c0915f3c08a85c1bd8fe1ad6fd5b1f599ac9b886a7ca5b4eb860ffe,fact_4b397e30d5491d15e522738034b2de7546bf0c25d0cb8412c866cde0604a5ee7,the Netherlands,4,unverified_negative,unverified,unverified_negative,"[""the Netherlands""]","[""the U.S""]","[""the U.S""]",[],True,False,[]
inventors,validation,Jean-Bernard-Léon Foucault,entity_4dce103e107687e2284e09458d41c768ae88022d938580f00e2fedb13d278fa2,fact_4cad5446b9d896e9221abf2c614c41b05004822d347f1c8a7abf075ef89a1a43,Hungary,7,unverified_negative,unverified,unverified_negative,"[""Hungary""]","[""France""]","[""France""]",[],True,False,[]
inventors,validation,Luther Simjian,entity_ad0f76b68a06b055bd0a3410070ce3c38668ff488c51ba531d80d9fcc2a179e9,fact_4cec62709691d4db439d5a13296a44d181165664d3dc172bf30d1e9757cfdd7d,Hungary,6,unverified_negative,unverified,unverified_negative,"[""Hungary""]","[""Turkey/the U.S""]","[""Turkey"", ""the U.S""]",[],True,False,[]
inventors,validation,Dr. Robert Gallo,entity_b7e2c4e013cdd42301473e08b120cf95051567dfbe59d6a00cd3f3399bba3c27,fact_4d4a49109deaf4fb14d47630031f3facec09634536f0b82d5a5f743729161c73,the Netherlands,5,unverified_negative,unverified,unverified_negative,"[""the Netherlands""]","[""the U.S""]","[""the U.S""]",[],True,False,[]
inventors,validation,Thomas Tompion,entity_139d3e2e593fa0f3f759a2512acdc431129eebca5b5f4acb837f03333e8beaf4,fact_4f6482d135bea00eee8f1b59a3028b08af6a4855f7763372bd5df1f701c01b81,Poland/Germany,4,unverified_negative,unverified,unverified_negative,"[""Poland"", ""Germany""]","[""the U.K""]","[""the U.K""]",[],False,True,"[""slash_valued""]"
inventors,validation,Evangelista Torricelli,entity_35f728f3f0a77b7c337e548cfa838a5cb505e0c69c3136176fc27c4f76645446,fact_4f8346d4c55abfa7fa30556cdb0f25cdedb83fdfe31ef530495c4dbaa86ec50d,the U.S,1,supported_false,source_supported_false,supported_false,"[""the U.S""]","[""Italy""]","[""Italy""]",[],True,False,[]
inventors,validation,Charles Wheatstone,entity_8818821c303ebaee995a998da2f8f5184faa7c32e9548ed2242b8a9bd9f2cd3e,fact_519781ac95de20900a948bd9878cacfe40251117e8e9af0abebaeb76b1db72f0,Turkey/the U.S,4,unverified_negative,unverified,unverified_negative,"[""Turkey"", ""the U.S""]","[""the U.K""]","[""the U.K""]",[],False,True,"[""slash_valued""]"
inventors,validation,Luther Simjian,entity_ad0f76b68a06b055bd0a3410070ce3c38668ff488c51ba531d80d9fcc2a179e9,fact_519ef20e77319b219265fe532ddbb6d56698ec76a6705cf7453e481b2404f859,Italy,7,unverified_negative,unverified,unverified_negative,"[""Italy""]","[""Turkey/the U.S""]","[""Turkey"", ""the U.S""]",[],True,False,[]
inventors,validation,Charles Tellier,entity_0ee34ff2c7e6084ac680e9f355836188aa17b6b1784f1c9351fcea08cbe9e07f,fact_52d6c80aa92c6422b8f882ec4f888006f04591ae111337322b5a658dca937aaf,Turkey/the U.S,3,unverified_negative,unverified,unverified_negative,"[""Turkey"", ""the U.S""]","[""France""]","[""France""]",[],False,True,"[""slash_valued""]"
inventors,validation,Hans Lippershey,entity_19acb9901c43e657053cbfb0fda6ee21c0992ea2adc7d3e0b7d3d90c6d3c4d92,fact_5322aba2a40452792267d8990d005c58393a9befa116d7a51af9941170af24ec,France,9,unverified_negative,unverified,unverified_negative,"[""France""]","[""the Netherlands""]","[""the Netherlands""]",[],True,False,[]
inventors,validation,Richard Gatling,entity_2b5e3955c8d70cc6299ec95f127c4de1b95ff62e6416016db6833e44410c4314,fact_548d8de043a38c305decf24b62316cacc2c32c34d4aa43ed0ecb92a300ffa034,France,6,unverified_negative,unverified,unverified_negative,"[""France""]","[""the U.S""]","[""the U.S""]",[],True,False,[]
inventors,validation,Charles Tellier,entity_0ee34ff2c7e6084ac680e9f355836188aa17b6b1784f1c9351fcea08cbe9e07f,fact_54fd50ebf7e37f598544df05cbd5796974917bccdda9da528ed3f80a2f86429b,Italy,4,unverified_negative,unverified,unverified_negative,"[""Italy""]","[""France""]","[""France""]",[],True,False,[]
inventors,validation,John Bardeen,entity_27385cc0c8e95174d7486c65707ce7b6df069bde547881d258a01acf5ce16b29,fact_55111e9f58f7b23109ad2135f777b36abb43a0e795cb1df7e4286268dccfdf6b,Italy,9,unverified_negative,unverified,unverified_negative,"[""Italy""]","[""the U.S""]","[""the U.S""]",[],True,False,[]
inventors,validation,John Ambrose Fleming,entity_f0a40cd33a5e9fa6ff9110254ce2329508b8ae2e4c2afd669f4fa6c8c60e437f,fact_557ba47a4235686266d34e0e0662e16402150cab4fe5c3be3f2d86f665e6fabb,France,1,unverified_negative,unverified,unverified_negative,"[""France""]","[""the U.K""]","[""the U.K""]",[],True,False,[]
inventors,validation,Joseph Henry,entity_3471ed3c6c0915f3c08a85c1bd8fe1ad6fd5b1f599ac9b886a7ca5b4eb860ffe,fact_56108bbbf75f3419cae2d2b87728e98df13e098fec5e6dde8d14f9837afbe19b,the U.K,7,supported_false,source_supported_false,supported_false,"[""the U.K""]","[""the U.S""]","[""the U.S""]",[],True,False,[]
inventors,validation,Daniel Fahrenheit,entity_b4d1b9ea82f2f6918da2be88084d26ff850bfc4fbb369e1f98756dfd0dd58d7c,fact_56772bc9714adab3e636ea88a2bf68bb180a1d62b4ee89ec1157ef371ca5f9c7,Hungary,2,unverified_negative,unverified,unverified_negative,"[""Hungary""]","[""Poland/Germany""]","[""Germany"", ""Poland""]",[],True,False,[]
inventors,validation,George Washington Carver,entity_b7e637d260e38ad137565106168f84be27450dd4d166c82509057d0af2e8deb4,fact_56f987cb05552db20ed2a292884034926b324e3e9c6fefb63feec595438ecdc2,Turkey/the U.S,2,unverified_negative,unverified,invalid_known_true,"[""Turkey"", ""the U.S""]","[""the U.S""]","[""the U.S""]","[""the U.S""]",False,True,"[""slash_valued"", ""known_true_overlap""]"
inventors,validation,Samuel Morse,entity_d6584b250484b911f63edeaea00bb5b278b657a74db0366fe4f86017072b9554,fact_57be7101e39c1bb9477652c9fe1e9402e578a8dbe348595079fb6f984e06cacd,France,9,unverified_negative,unverified,unverified_negative,"[""France""]","[""the U.S""]","[""the U.S""]",[],True,False,[]
inventors,validation,John Gorrie,entity_7f45b9113135b5be824569052cce980466d22fdf1336a3b8256c6eec63afb84d,fact_58b6aa57ee650060d3248ad472b2d02d9d6ddf2d9d652a085688b304221ff3b4,Poland/Germany,8,unverified_negative,unverified,unverified_negative,"[""Poland"", ""Germany""]","[""the U.S""]","[""the U.S""]",[],False,True,"[""slash_valued""]"
inventors,validation,George Washington Carver,entity_b7e637d260e38ad137565106168f84be27450dd4d166c82509057d0af2e8deb4,fact_58ce2a4e02706bb81fa76e9912d536a0eeb960aecfd034ef616c40e2ecc5ca36,France,6,unverified_negative,unverified,unverified_negative,"[""France""]","[""the U.S""]","[""the U.S""]",[],True,False,[]
inventors,validation,Benjamin Franklin,entity_3c4bb8b1972ad5b0ebf3ee26a975d216cdb1489989f696fe3b2baafa97e42385,fact_58f78360c7aae4401f167e351e8ea26163c4f10e65c4149c4d8116d38234ffcd,Turkey/the U.S,4,unverified_negative,unverified,invalid_known_true,"[""Turkey"", ""the U.S""]","[""the U.S""]","[""the U.S""]","[""the U.S""]",False,True,"[""slash_valued"", ""known_true_overlap""]"
inventors,validation,Jean-Bernard-Léon Foucault,entity_4dce103e107687e2284e09458d41c768ae88022d938580f00e2fedb13d278fa2,fact_594ddbf9de357dca754383e0aeb044c0299232ce41720751cab016ea5ee5b730,the Netherlands,5,unverified_negative,unverified,unverified_negative,"[""the Netherlands""]","[""France""]","[""France""]",[],True,False,[]
inventors,validation,Sir Humphry Davy,entity_b62dadf04b8257cddafb6664198b81d8cdc9597de046402994a7dde2fe8bfa19,fact_5aac9afc2ecf428a855002cf549397bf4fc83957fffa96d88044b857fa1bea00,Russia,9,unverified_negative,unverified,unverified_negative,"[""Russia""]","[""the U.K""]","[""the U.K""]",[],True,False,[]
inventors,validation,Joseph Glidden,entity_0eb198a8c4cff8941d67e38d9f8a8feb44119a48c647a80737a4ecf8a0c564ee,fact_5b9efcd6a5f8b24a55ab790f231567a581aa8e57fed019a4045c378bba977583,the Netherlands,7,unverified_negative,unverified,unverified_negative,"[""the Netherlands""]","[""the U.S""]","[""the U.S""]",[],True,False,[]
inventors,validation,Ralph Benjamin,entity_a58eabb760af6eee224a4bfb91fa1210dfa0639a5eaf485faade90f9891ac7b7,fact_5bbccf265e6e85db413fa93a74c09045513539b43700dfc3bbdcced0195f18d4,the U.S,2,unverified_negative,unverified,unverified_negative,"[""the U.S""]","[""the U.K""]","[""the U.K""]",[],True,False,[]
inventors,validation,Semyon Kirlian,entity_71ea87aa3d8cb80f916869fb07b5fe9f451020f2c6d7c598f507d5f8d9c64b12,fact_5c1c2777f21aac48f776554c45091b8e80ffd3813e00ec8d819b411a104f4b04,Turkey/the U.S,6,unverified_negative,unverified,unverified_negative,"[""Turkey"", ""the U.S""]","[""Russia""]","[""Russia""]",[],False,True,"[""slash_valued""]"
inventors,validation,László Bíró,entity_2f4ce36c38b11fdfd5c8a834eb613b9304e173ee66cdda793eb89b512bccf3fe,fact_5d1313cebfbae03309502e82ff02db86ca29aea9dea5fe7e27448e6e06253016,the U.K,3,unverified_negative,unverified,unverified_negative,"[""the U.K""]","[""Hungary""]","[""Hungary""]",[],True,False,[]
inventors,validation,Richard Gatling,entity_2b5e3955c8d70cc6299ec95f127c4de1b95ff62e6416016db6833e44410c4314,fact_5da635698dbd5b94ddac762c683b933d01cb80ecc669d9a17d9bb93e6c676dac,Hungary,4,unverified_negative,unverified,unverified_negative,"[""Hungary""]","[""the U.S""]","[""the U.S""]",[],True,False,[]
inventors,validation,Samuel Morse,entity_d6584b250484b911f63edeaea00bb5b278b657a74db0366fe4f86017072b9554,fact_5dc475fe656b78b444c723b88ebc486d3c9cebfec714ac8f39ab1ec777b50089,Italy,2,unverified_negative,unverified,unverified_negative,"[""Italy""]","[""the U.S""]","[""the U.S""]",[],True,False,[]
inventors,validation,Samuel Morse,entity_d6584b250484b911f63edeaea00bb5b278b657a74db0366fe4f86017072b9554,fact_5e462aff29e5e1fe74b565f076996de3f84c17bf48c1929df0f29331b12600fe,the Netherlands,3,unverified_negative,unverified,unverified_negative,"[""the Netherlands""]","[""the U.S""]","[""the U.S""]",[],True,False,[]
inventors,validation,Thomas Tompion,entity_139d3e2e593fa0f3f759a2512acdc431129eebca5b5f4acb837f03333e8beaf4,fact_5e922948711418a782b2496e9868c9f307051f186f6ac1653d4f856976763c4b,Turkey/the U.S,6,unverified_negative,unverified,unverified_negative,"[""Turkey"", ""the U.S""]","[""the U.K""]","[""the U.K""]",[],False,True,"[""slash_valued""]"
inventors,validation,László Bíró,entity_2f4ce36c38b11fdfd5c8a834eb613b9304e173ee66cdda793eb89b512bccf3fe,fact_5f85bb01cac8248ff9659a64a24ea0a09978840de318e2eb6025ee080efe37e2,the Netherlands,1,unverified_negative,unverified,unverified_negative,"[""the Netherlands""]","[""Hungary""]","[""Hungary""]",[],True,False,[]
inventors,validation,Josephine Cochrane,entity_3b84b24b14891f82b1da3c25eaab1187b2490ea6e85241bc54ab599d475cbeda,fact_60a00416fc40f4cf407f525ad98865b9b7479b518a13c3775dd1a5ee7ce69636,Turkey/the U.S,6,unverified_negative,unverified,invalid_known_true,"[""Turkey"", ""the U.S""]","[""the U.S""]","[""the U.S""]","[""the U.S""]",False,True,"[""slash_valued"", ""known_true_overlap""]"
inventors,validation,James West,entity_cdbb5141199a0db8adec1540cc4ee2a12702a78916f3beded1be4aff5a034209,fact_6250e8b65a792e22d735d81682adf5a27563a497c33afdbffedb53408af99c3a,the U.K,5,unverified_negative,unverified,unverified_negative,"[""the U.K""]","[""the U.S""]","[""the U.S""]",[],True,False,[]
inventors,validation,John Ambrose Fleming,entity_f0a40cd33a5e9fa6ff9110254ce2329508b8ae2e4c2afd669f4fa6c8c60e437f,fact_62734c5069cfe422d61699dc76a05891bad349cf7e55191d41a0818bb6a7e42f,the U.S,4,supported_false,source_supported_false,supported_false,"[""the U.S""]","[""the U.K""]","[""the U.K""]",[],True,False,[]
inventors,validation,Jack Kilby,entity_aec8754dc4cdffe2afc82a85a14d93c643c5dc8b966b86964fa5a2887abeb83d,fact_639d2b7b3cb18ade5aa2131b92c4375c5129c0cdd5b2213a37c2bc79ec9d2cea,Russia,8,unverified_negative,unverified,unverified_negative,"[""Russia""]","[""the U.S""]","[""the U.S""]",[],True,False,[]
inventors,validation,Charles Wheatstone,entity_8818821c303ebaee995a998da2f8f5184faa7c32e9548ed2242b8a9bd9f2cd3e,fact_63b3d951f16724ac85baa7af2ea2fbbcfbf272ca2336507ba3174215aa37a841,the U.S,8,unverified_negative,unverified,unverified_negative,"[""the U.S""]","[""the U.K""]","[""the U.K""]",[],True,False,[]
inventors,validation,Dr. Robert Gallo,entity_b7e2c4e013cdd42301473e08b120cf95051567dfbe59d6a00cd3f3399bba3c27,fact_640646690a48dd585e86106d80aa6714948938a0da6835693fbed595f01f5132,France,9,unverified_negative,unverified,unverified_negative,"[""France""]","[""the U.S""]","[""the U.S""]",[],True,False,[]
inventors,validation,László Bíró,entity_2f4ce36c38b11fdfd5c8a834eb613b9304e173ee66cdda793eb89b512bccf3fe,fact_6406be28b972373845e797a5e91d483d4fc2173e82de5b8c163e13a52b7ff65a,Poland/Germany,2,unverified_negative,unverified,unverified_negative,"[""Poland"", ""Germany""]","[""Hungary""]","[""Hungary""]",[],False,True,"[""slash_valued""]"
inventors,validation,Lester Wire,entity_56d3f85265980f42817410504d35f1babf3acd2cecfb4ae9b9de4f78af7bff96,fact_652f1c999d26bd84be6238acf0d0bdf46b8b909c3a7383bf08b3ce72e8e73f4a,Italy,7,unverified_negative,unverified,unverified_negative,"[""Italy""]","[""the U.S""]","[""the U.S""]",[],True,False,[]
inventors,validation,James West,entity_cdbb5141199a0db8adec1540cc4ee2a12702a78916f3beded1be4aff5a034209,fact_66a6276714a5ed301830e864ed90594aadcabff81fa67c5cb625426dd002e833,Poland/Germany,2,unverified_negative,unverified,unverified_negative,"[""Poland"", ""Germany""]","[""the U.S""]","[""the U.S""]",[],False,True,"[""slash_valued""]"
inventors,validation,John Ambrose Fleming,entity_f0a40cd33a5e9fa6ff9110254ce2329508b8ae2e4c2afd669f4fa6c8c60e437f,fact_67411e363f3c48b8ce59cf3d155b3bbb7d2702b713a6576adfa8bb6d9821d70a,the Netherlands,2,unverified_negative,unverified,unverified_negative,"[""the Netherlands""]","[""the U.K""]","[""the U.K""]",[],True,False,[]
inventors,validation,Willis Carrier,entity_417f275f5195f76d44ba237527339a3328dea19320e594059d895c65bb6beb8e,fact_67ce21c0a32c40ab3205726b6744d09fcc477e2a8849f61a8d1fe1bd735747c7,the U.K,8,unverified_negative,unverified,unverified_negative,"[""the U.K""]","[""the U.S""]","[""the U.S""]",[],True,False,[]
inventors,validation,Luther Simjian,entity_ad0f76b68a06b055bd0a3410070ce3c38668ff488c51ba531d80d9fcc2a179e9,fact_68ec7e55347cf233afdf990690fb64101abceb742112ff735e13f1f1edf02072,Germany,3,unverified_negative,unverified,unverified_negative,"[""Germany""]","[""Turkey/the U.S""]","[""Turkey"", ""the U.S""]",[],True,False,[]
inventors,validation,Charles Babbage,entity_0f7effc2038320c802c7fd8063cac3266e6cec92edc3397ab81e5c21098b2755,fact_6936f828d104d7db36101f21c95f28724bde90c0d0e92de8ae9c9376a1d6d053,the Netherlands,8,unverified_negative,unverified,unverified_negative,"[""the Netherlands""]","[""the U.K""]","[""the U.K""]",[],True,False,[]
inventors,validation,Ferdinand von Zeppelin,entity_830b1885955d1ea7c20a80a16076e78e9caedbc946e0a201b2c7e653a6ddb955,fact_693f6d98c3c80329b3f86c48dedcf80f7ace4856f83888ef4b2f8609ce3b861a,Poland/Germany,2,unverified_negative,unverified,invalid_known_true,"[""Poland"", ""Germany""]","[""Germany""]","[""Germany""]","[""Germany""]",False,True,"[""slash_valued"", ""known_true_overlap""]"
inventors,validation,James West,entity_cdbb5141199a0db8adec1540cc4ee2a12702a78916f3beded1be4aff5a034209,fact_695217a1d907aae5b3f0222adfec52f570e6375c1912135b70dea47a7d0d8eac,Germany,4,unverified_negative,unverified,unverified_negative,"[""Germany""]","[""the U.S""]","[""the U.S""]",[],True,False,[]
inventors,validation,R. Buckminster Fuller,entity_c6eb7c66779bfacd9b7cf8ba339ed489f4e55062e1e3e26be20a92d67e2d676a,fact_69f1ffeb3abf8993f43a2fc7437d4a73f22cd8cc0c53dabad2b0d9e7e5340439,the U.K,8,unverified_negative,unverified,unverified_negative,"[""the U.K""]","[""the U.S""]","[""the U.S""]",[],True,False,[]
inventors,validation,Daniel Fahrenheit,entity_b4d1b9ea82f2f6918da2be88084d26ff850bfc4fbb369e1f98756dfd0dd58d7c,fact_6b0e0b4dae494136ec59189d171ece488e15b360f2a97396ac2fd07570221ebf,the Netherlands,6,unverified_negative,unverified,unverified_negative,"[""the Netherlands""]","[""Poland/Germany""]","[""Germany"", ""Poland""]",[],True,False,[]
inventors,validation,Otis Boykin,entity_71bc6b785c53039152fa928881dea6e1b62dd760c5f92460306f0a6f054f2b52,fact_6b1cfe5b67eac40c99292bb66312b24b5177cf58b4d79c8cfd6f7abc6274f127,Turkey/the U.S,4,unverified_negative,unverified,invalid_known_true,"[""Turkey"", ""the U.S""]","[""the U.S""]","[""the U.S""]","[""the U.S""]",False,True,"[""slash_valued"", ""known_true_overlap""]"
inventors,validation,Guglielmo Marconi,entity_239e749eb7c4db0d69ebf9c5847b3001dd62656dc4aaf27d22ea171b98565390,fact_6bb7ee37b9312f393b62515f65e48fb2d8d9e41d1ccdaff166d534983d926e16,Russia,3,unverified_negative,unverified,unverified_negative,"[""Russia""]","[""Italy""]","[""Italy""]",[],True,False,[]
inventors,validation,Ralph Benjamin,entity_a58eabb760af6eee224a4bfb91fa1210dfa0639a5eaf485faade90f9891ac7b7,fact_6c205a0790f684acf9d6412a7d9d59ba0e4c6ac7151aea571aaaa7a3788628bc,Turkey/the U.S,1,unverified_negative,unverified,unverified_negative,"[""Turkey"", ""the U.S""]","[""the U.K""]","[""the U.K""]",[],False,True,"[""slash_valued""]"
inventors,validation,Guglielmo Marconi,entity_239e749eb7c4db0d69ebf9c5847b3001dd62656dc4aaf27d22ea171b98565390,fact_6c81145aa80bc59ca14d313ae69f25eb422d3401ada08a2dfab18aa650a3dd3a,France,8,unverified_negative,unverified,unverified_negative,"[""France""]","[""Italy""]","[""Italy""]",[],True,False,[]
inventors,validation,Hans Berger,entity_46aec3c21230b9313b4424b000071b0776d84a2619e400a6c37896964827c06b,fact_6d6d62f0c836f54305e73d312af753e5d53c28a7a7f98d77f12b4ff47d34832a,the U.K,5,unverified_negative,unverified,unverified_negative,"[""the U.K""]","[""Germany""]","[""Germany""]",[],True,False,[]
inventors,validation,Ada Lovelace,entity_bc0220be2bdd8b82a606837c21221687afe5fcf787f7a6b111c0fe09f43276c9,fact_6e006eac19ad5479e022daee94286d6771cb21927ecf5becb8d8f2536656ca96,Germany,8,unverified_negative,unverified,unverified_negative,"[""Germany""]","[""the U.K""]","[""the U.K""]",[],True,False,[]
inventors,validation,Daniel Fahrenheit,entity_b4d1b9ea82f2f6918da2be88084d26ff850bfc4fbb369e1f98756dfd0dd58d7c,fact_6f1d2d0d1a0ce104003655c35be031b2fdafe617d17d73e1359e6be790233375,the U.K,7,unverified_negative,unverified,unverified_negative,"[""the U.K""]","[""Poland/Germany""]","[""Germany"", ""Poland""]",[],True,False,[]
inventors,validation,Josephine Cochrane,entity_3b84b24b14891f82b1da3c25eaab1187b2490ea6e85241bc54ab599d475cbeda,fact_6f2f93ca03470a09d3aeab190fdd73173f35c47072dc469931e7ce406d939a62,the Netherlands,3,unverified_negative,unverified,unverified_negative,"[""the Netherlands""]","[""the U.S""]","[""the U.S""]",[],True,False,[]
inventors,validation,Hans von Ohain,entity_ce16964913ec67021826414115d9f0ba8433c02eb56061629a63e4079dd1063b,fact_6f6b29f426f6dab66eb3ff7fca83cb76d5bd833d420513079b3f5319c177d50c,the U.S,4,unverified_negative,unverified,unverified_negative,"[""the U.S""]","[""Germany""]","[""Germany""]",[],True,False,[]
inventors,validation,Ruth Benerito,entity_46171df26c0b4200b2c874d1c88a82182381d3773b5d3e76ce4306583dccbde3,fact_6f9ecdfc452cccaf7db36ea74b8bdb1a3eab66a301dd271dd6fde45a3a4656f7,Russia,7,unverified_negative,unverified,unverified_negative,"[""Russia""]","[""the U.S""]","[""the U.S""]",[],True,False,[]
inventors,validation,Joseph Henry,entity_3471ed3c6c0915f3c08a85c1bd8fe1ad6fd5b1f599ac9b886a7ca5b4eb860ffe,fact_705361b0ad2160ce09e1bdb7fe39a0a6e7d506e30d23aee97c99acab3da7cf36,France,5,unverified_negative,unverified,unverified_negative,"[""France""]","[""the U.S""]","[""the U.S""]",[],True,False,[]
inventors,validation,Luther Simjian,entity_ad0f76b68a06b055bd0a3410070ce3c38668ff488c51ba531d80d9fcc2a179e9,fact_7109d001b7354bd49e98927621b69df69ed26aba3afc98a2c611a96b81f92927,the U.S,2,supported_false,source_supported_false,invalid_known_true,"[""the U.S""]","[""Turkey/the U.S""]","[""Turkey"", ""the U.S""]","[""the U.S""]",False,True,"[""known_true_overlap""]"
inventors,validation,Henry Ford,entity_e652771a320786ae7fcb44b875abb50e5ec3a459a02a47c288b1afbf320f1efd,fact_71f88b0462dd0f7e65184b61c45562261ab953fdf1fa3fd295ed206c0aa1e033,Turkey/the U.S,1,unverified_negative,unverified,invalid_known_true,"[""Turkey"", ""the U.S""]","[""the U.S""]","[""the U.S""]","[""the U.S""]",False,True,"[""slash_valued"", ""known_true_overlap""]"
inventors,validation,Josephine Cochrane,entity_3b84b24b14891f82b1da3c25eaab1187b2490ea6e85241bc54ab599d475cbeda,fact_720390b91ad708c109a7e8dd025b3bc63eb3f6cd6d9844397e4e864a6c5219f3,Russia,2,unverified_negative,unverified,unverified_negative,"[""Russia""]","[""the U.S""]","[""the U.S""]",[],True,False,[]
inventors,validation,Ralph H. Baer,entity_b6fb097d878ac7342b2e225c8cdeb5fede6b75a16fa2c5267dc5ba662fbf1035,fact_72b07160b5e0e83b832e2fdac8c37cab8c8f63a23576b58a0b2219c373353d65,the Netherlands,9,unverified_negative,unverified,unverified_negative,"[""the Netherlands""]","[""the U.S""]","[""the U.S""]",[],True,False,[]
inventors,validation,John Bardeen,entity_27385cc0c8e95174d7486c65707ce7b6df069bde547881d258a01acf5ce16b29,fact_72d77773c44b252a6a1e24ed3c8da49b57227f325199fe83037445aa9f4df31e,Germany,8,unverified_negative,unverified,unverified_negative,"[""Germany""]","[""the U.S""]","[""the U.S""]",[],True,False,[]
inventors,validation,Heinrich Göbel,entity_90cef7a60c34c52e26ddf9adbe58d2a30fe44b106c42b19e9f0f71312c23f78e,fact_72f4f93efcae2eccd4687205665568274f5e2f88db3095479b74785fc95490e0,Russia,1,unverified_negative,unverified,unverified_negative,"[""Russia""]","[""Germany""]","[""Germany""]",[],True,False,[]
inventors,validation,Henry Ford,entity_e652771a320786ae7fcb44b875abb50e5ec3a459a02a47c288b1afbf320f1efd,fact_73bb8acfa75c04814d398e4251450d04b09754582145951e5d0531b9d392ef06,France,9,unverified_negative,unverified,unverified_negative,"[""France""]","[""the U.S""]","[""the U.S""]",[],True,False,[]
inventors,validation,Thomas Tompion,entity_139d3e2e593fa0f3f759a2512acdc431129eebca5b5f4acb837f03333e8beaf4,fact_73e60aa7c08700ff24be279455deac265f205c4000f59c29bf0c4e49dfe5e55e,France,7,unverified_negative,unverified,unverified_negative,"[""France""]","[""the U.K""]","[""the U.K""]",[],True,False,[]
inventors,validation,R. Buckminster Fuller,entity_c6eb7c66779bfacd9b7cf8ba339ed489f4e55062e1e3e26be20a92d67e2d676a,fact_74181b60d10568afd44f2b7b2c03925c46766c570ef02a0113ba75873abccf1f,Italy,6,unverified_negative,unverified,unverified_negative,"[""Italy""]","[""the U.S""]","[""the U.S""]",[],True,False,[]
inventors,validation,R. Buckminster Fuller,entity_c6eb7c66779bfacd9b7cf8ba339ed489f4e55062e1e3e26be20a92d67e2d676a,fact_7489ca2c558ee0d11857fd5e92dea1e8df15523f923f352208a9de5dc57ce17e,Poland/Germany,7,unverified_negative,unverified,unverified_negative,"[""Poland"", ""Germany""]","[""the U.S""]","[""the U.S""]",[],False,True,"[""slash_valued""]"
inventors,validation,John Gorrie,entity_7f45b9113135b5be824569052cce980466d22fdf1336a3b8256c6eec63afb84d,fact_74a51c56f939bc17dac8d50970741ae09997825715e60dbee9988e1354c52238,France,1,unverified_negative,unverified,unverified_negative,"[""France""]","[""the U.S""]","[""the U.S""]",[],True,False,[]
inventors,validation,Galileo Galilei,entity_87ba9c4ed3f45b1d99791fb916d4b7698f19b8c62d09092ce1e5955702e160ac,fact_74c275b47bee20c79595cd36376d483b8e86aef104a4f29d35186c6485f1567f,France,4,unverified_negative,unverified,unverified_negative,"[""France""]","[""Italy""]","[""Italy""]",[],True,False,[]
inventors,validation,Charles Wheatstone,entity_8818821c303ebaee995a998da2f8f5184faa7c32e9548ed2242b8a9bd9f2cd3e,fact_74c5139f37b13cda8e74fce5909b5fcc0cc508a1cde7144db48374eec8d24286,Poland/Germany,1,unverified_negative,unverified,unverified_negative,"[""Poland"", ""Germany""]","[""the U.K""]","[""the U.K""]",[],False,True,"[""slash_valued""]"
inventors,validation,Hans Berger,entity_46aec3c21230b9313b4424b000071b0776d84a2619e400a6c37896964827c06b,fact_750a7b72eb75523f6d851035e94e4860bbf0abea33b41fae16ad31c8251eaaeb,Poland/Germany,6,unverified_negative,unverified,invalid_known_true,"[""Poland"", ""Germany""]","[""Germany""]","[""Germany""]","[""Germany""]",False,True,"[""slash_valued"", ""known_true_overlap""]"
inventors,validation,Jean-Bernard-Léon Foucault,entity_4dce103e107687e2284e09458d41c768ae88022d938580f00e2fedb13d278fa2,fact_760d9f0cb07ede79287c60482436a123d8f91a95ea2889bd2679caf1b7fe4485,Germany,2,unverified_negative,unverified,unverified_negative,"[""Germany""]","[""France""]","[""France""]",[],True,False,[]
inventors,validation,André-Jacques Garnerin,entity_3c8e904620f782e5e995c990d06ee6fdfde2e275d1ea6050c67fa1fb1d63b2d0,fact_77543a928e8e1cb71490ffea0cbf726f6ab0619818d8e996350e05d3042b137c,Turkey/the U.S,3,unverified_negative,unverified,unverified_negative,"[""Turkey"", ""the U.S""]","[""France""]","[""France""]",[],False,True,"[""slash_valued""]"
inventors,validation,Hans Lippershey,entity_19acb9901c43e657053cbfb0fda6ee21c0992ea2adc7d3e0b7d3d90c6d3c4d92,fact_779596d70d8ec12a14d2e05c82e6f185e74383908d940a77ca25b7ca1ef775dd,Hungary,1,unverified_negative,unverified,unverified_negative,"[""Hungary""]","[""the Netherlands""]","[""the Netherlands""]",[],True,False,[]
inventors,validation,Luther Simjian,entity_ad0f76b68a06b055bd0a3410070ce3c38668ff488c51ba531d80d9fcc2a179e9,fact_792d5fdd4e6b279f8404fbf6c226634ebb6c9db26a9456f261f62ea25e5c11ab,the Netherlands,4,unverified_negative,unverified,unverified_negative,"[""the Netherlands""]","[""Turkey/the U.S""]","[""Turkey"", ""the U.S""]",[],True,False,[]
inventors,validation,John Ambrose Fleming,entity_f0a40cd33a5e9fa6ff9110254ce2329508b8ae2e4c2afd669f4fa6c8c60e437f,fact_79f319b02b35d82a2c67acdc42b87a98b4c24f293a2c57dfb15f70251a0a86f2,Italy,9,unverified_negative,unverified,unverified_negative,"[""Italy""]","[""the U.K""]","[""the U.K""]",[],True,False,[]
inventors,validation,Albert Ghiorso,entity_f964b69b76681a3f0fb0df8bb2e67c63d44e427b95272e593c1a64e22442c4bd,fact_7a480ec2ac8870ce925a1d1fb95ce4c16487cfde0e553d290ffb2d39f66f345d,France,4,unverified_negative,unverified,unverified_negative,"[""France""]","[""the U.S""]","[""the U.S""]",[],True,False,[]
inventors,validation,Ada Lovelace,entity_bc0220be2bdd8b82a606837c21221687afe5fcf787f7a6b111c0fe09f43276c9,fact_7b1b96c74b08b438602c7ab4371fcc72f2c77965fa9399074e5cbc4046842c90,Turkey/the U.S,6,unverified_negative,unverified,unverified_negative,"[""Turkey"", ""the U.S""]","[""the U.K""]","[""the U.K""]",[],False,True,"[""slash_valued""]"
inventors,validation,Ferdinand von Zeppelin,entity_830b1885955d1ea7c20a80a16076e78e9caedbc946e0a201b2c7e653a6ddb955,fact_7b385c74ca11c1073dbde6a5a839796058d4d1e51861314f2dce1e2bbb13000e,the U.S,6,unverified_negative,unverified,unverified_negative,"[""the U.S""]","[""Germany""]","[""Germany""]",[],True,False,[]
inventors,validation,Hans Lippershey,entity_19acb9901c43e657053cbfb0fda6ee21c0992ea2adc7d3e0b7d3d90c6d3c4d92,fact_7c1659556286740e8116ac39d7f88da972ef8d96a927d56a29528ac84076dd52,Turkey/the U.S,3,unverified_negative,unverified,unverified_negative,"[""Turkey"", ""the U.S""]","[""the Netherlands""]","[""the Netherlands""]",[],False,True,"[""slash_valued""]"
inventors,validation,R. Buckminster Fuller,entity_c6eb7c66779bfacd9b7cf8ba339ed489f4e55062e1e3e26be20a92d67e2d676a,fact_7c6d57ea9b95ee864bb28d861cc13bb3ebb962f982a8d2cb903e3fbe8b4e0a91,Hungary,1,unverified_negative,unverified,unverified_negative,"[""Hungary""]","[""the U.S""]","[""the U.S""]",[],True,False,[]
inventors,validation,Ralph Benjamin,entity_a58eabb760af6eee224a4bfb91fa1210dfa0639a5eaf485faade90f9891ac7b7,fact_7c930c87cbc06949c07cedddf179a97feb9d1f90338b8a69b825dfac451b2dd2,Italy,9,supported_false,source_supported_false,supported_false,"[""Italy""]","[""the U.K""]","[""the U.K""]",[],True,False,[]
inventors,validation,John Gorrie,entity_7f45b9113135b5be824569052cce980466d22fdf1336a3b8256c6eec63afb84d,fact_7ce4e78419a01009a5b0e8d43f942fd174c74afbe1969bbb48a4f3630ea234f2,Hungary,7,unverified_negative,unverified,unverified_negative,"[""Hungary""]","[""the U.S""]","[""the U.S""]",[],True,False,[]
inventors,validation,Albert Ghiorso,entity_f964b69b76681a3f0fb0df8bb2e67c63d44e427b95272e593c1a64e22442c4bd,fact_7d8a35d154b40cce9034b987b53e74a79f03129cef61dbb49348efa652c7afe8,Poland/Germany,3,unverified_negative,unverified,unverified_negative,"[""Poland"", ""Germany""]","[""the U.S""]","[""the U.S""]",[],False,True,"[""slash_valued""]"
inventors,validation,John Bardeen,entity_27385cc0c8e95174d7486c65707ce7b6df069bde547881d258a01acf5ce16b29,fact_7f5bff14fbd33df7cbddbe9d844e8eea2a069f36f137fc74743234db6ce17767,the U.K,3,unverified_negative,unverified,unverified_negative,"[""the U.K""]","[""the U.S""]","[""the U.S""]",[],True,False,[]
inventors,validation,James West,entity_cdbb5141199a0db8adec1540cc4ee2a12702a78916f3beded1be4aff5a034209,fact_7fdf090d62aa4a16b6192e2e06642bcbe6c983309bf6843ac01cb6b6b88a6e58,the Netherlands,1,unverified_negative,unverified,unverified_negative,"[""the Netherlands""]","[""the U.S""]","[""the U.S""]",[],True,False,[]
inventors,validation,Heinrich Göbel,entity_90cef7a60c34c52e26ddf9adbe58d2a30fe44b106c42b19e9f0f71312c23f78e,fact_7fe1f59ec9e68ae6ea4b4fd274f09b3fdb48062e7a28d8a388fbb270574d605f,the Netherlands,2,unverified_negative,unverified,unverified_negative,"[""the Netherlands""]","[""Germany""]","[""Germany""]",[],True,False,[]
inventors,validation,Henry Ford,entity_e652771a320786ae7fcb44b875abb50e5ec3a459a02a47c288b1afbf320f1efd,fact_80631ba67259072e05f6094544ce9c7d359b4716997aee9a02007b58e05a0986,Italy,4,unverified_negative,unverified,unverified_negative,"[""Italy""]","[""the U.S""]","[""the U.S""]",[],True,False,[]
inventors,validation,Sir Humphry Davy,entity_b62dadf04b8257cddafb6664198b81d8cdc9597de046402994a7dde2fe8bfa19,fact_80981cdc99ef05f8c9ca2a673856ca10d0564345e9c68ec209ce37935d082be0,Poland/Germany,8,unverified_negative,unverified,unverified_negative,"[""Poland"", ""Germany""]","[""the U.K""]","[""the U.K""]",[],False,True,"[""slash_valued""]"
inventors,validation,Hans Berger,entity_46aec3c21230b9313b4424b000071b0776d84a2619e400a6c37896964827c06b,fact_80af90d71a4e87219a2e16009712878f61e00fe8b3913e2d7db1f31c114424a6,the U.S,2,supported_false,source_supported_false,supported_false,"[""the U.S""]","[""Germany""]","[""Germany""]",[],True,False,[]
inventors,validation,Heinrich Hertz,entity_f8decc90c08060f8c1a0b2ee0493c561480c571c5854a5cdfe3ace18b85a664e,fact_812e334adb4d679f28074be4fcdb9a1f7d8f86772a463ec9c55dfc629fa20670,the U.K,7,unverified_negative,unverified,unverified_negative,"[""the U.K""]","[""Germany""]","[""Germany""]",[],True,False,[]
inventors,validation,Joseph Henry,entity_3471ed3c6c0915f3c08a85c1bd8fe1ad6fd5b1f599ac9b886a7ca5b4eb860ffe,fact_8387aec4f11336c2a8a81f65a94c0589fbaecfd55f90a3f0137bb907ce5579f3,Germany,9,unverified_negative,unverified,unverified_negative,"[""Germany""]","[""the U.S""]","[""the U.S""]",[],True,False,[]
inventors,validation,Joseph Henry,entity_3471ed3c6c0915f3c08a85c1bd8fe1ad6fd5b1f599ac9b886a7ca5b4eb860ffe,fact_842fd82b77489a08768604431d71f7dbe2b651d0d50c1acb3f6dc2c8822e044a,Hungary,3,unverified_negative,unverified,unverified_negative,"[""Hungary""]","[""the U.S""]","[""the U.S""]",[],True,False,[]
inventors,validation,Thomas Tompion,entity_139d3e2e593fa0f3f759a2512acdc431129eebca5b5f4acb837f03333e8beaf4,fact_84a094c9b2727869ecea887cb0effd8c3fbf16b279caebed72822099bfec7125,the Netherlands,8,unverified_negative,unverified,unverified_negative,"[""the Netherlands""]","[""the U.K""]","[""the U.K""]",[],True,False,[]
inventors,validation,Willis Carrier,entity_417f275f5195f76d44ba237527339a3328dea19320e594059d895c65bb6beb8e,fact_84d0e378340dc9249302419ce4bb19028b2c8d2659087de0b56755e705927471,Italy,6,supported_false,source_supported_false,supported_false,"[""Italy""]","[""the U.S""]","[""the U.S""]",[],True,False,[]
inventors,validation,Galileo Galilei,entity_87ba9c4ed3f45b1d99791fb916d4b7698f19b8c62d09092ce1e5955702e160ac,fact_84eb747ec7370b666d8eb04d05ebf3b299112b6769e1b3f432a2c171670f4e5d,the U.K,9,unverified_negative,unverified,unverified_negative,"[""the U.K""]","[""Italy""]","[""Italy""]",[],True,False,[]
inventors,validation,Charles Macintosh,entity_f249d194d83bf9f9f8e4af5ad5b4725f6080ed869483c7b3d6eae3b119b9e2e0,fact_855b4d556ff18a0352cc756cc61e75df44b3ea49f5c44ed7459ef104d4330431,Russia,7,unverified_negative,unverified,unverified_negative,"[""Russia""]","[""the U.K""]","[""the U.K""]",[],True,False,[]
inventors,validation,Daniel Fahrenheit,entity_b4d1b9ea82f2f6918da2be88084d26ff850bfc4fbb369e1f98756dfd0dd58d7c,fact_8575227b701e7f835a0ec274a5c4ae7fd17b77326035f2eee36d857b883e7184,Germany,9,unverified_negative,unverified,invalid_known_true,"[""Germany""]","[""Poland/Germany""]","[""Germany"", ""Poland""]","[""Germany""]",False,True,"[""known_true_overlap""]"
inventors,validation,Benjamin Franklin,entity_3c4bb8b1972ad5b0ebf3ee26a975d216cdb1489989f696fe3b2baafa97e42385,fact_86303c22ee649d546dff28da280b04eb41198309c0b4851e6be36dd028a01d9a,Hungary,6,unverified_negative,unverified,unverified_negative,"[""Hungary""]","[""the U.S""]","[""the U.S""]",[],True,False,[]
inventors,validation,Galileo Galilei,entity_87ba9c4ed3f45b1d99791fb916d4b7698f19b8c62d09092ce1e5955702e160ac,fact_86450d3fce7542f13a5a4ccb613b2c0bdb6e14238f969f56ab54e467a796da49,Turkey/the U.S,6,unverified_negative,unverified,unverified_negative,"[""Turkey"", ""the U.S""]","[""Italy""]","[""Italy""]",[],False,True,"[""slash_valued""]"
inventors,validation,Jean-Bernard-Léon Foucault,entity_4dce103e107687e2284e09458d41c768ae88022d938580f00e2fedb13d278fa2,fact_86ace2a72dd030ea6748df0fb4a4d432ea88087764b7c5df9eebe56ce631e7b7,Russia,9,unverified_negative,unverified,unverified_negative,"[""Russia""]","[""France""]","[""France""]",[],True,False,[]
inventors,validation,R. Buckminster Fuller,entity_c6eb7c66779bfacd9b7cf8ba339ed489f4e55062e1e3e26be20a92d67e2d676a,fact_8990e54324511b9635a22f1df21c19ecd0850478817022e0f9da3337637f2ca0,Turkey/the U.S,9,unverified_negative,unverified,invalid_known_true,"[""Turkey"", ""the U.S""]","[""the U.S""]","[""the U.S""]","[""the U.S""]",False,True,"[""slash_valued"", ""known_true_overlap""]"
inventors,validation,Thomas Tompion,entity_139d3e2e593fa0f3f759a2512acdc431129eebca5b5f4acb837f03333e8beaf4,fact_899fa2137d1d9a049ed0e1ad15f383b3e664f3f34792bb2ac12d1484698b3bed,Hungary,5,unverified_negative,unverified,unverified_negative,"[""Hungary""]","[""the U.K""]","[""the U.K""]",[],True,False,[]
inventors,validation,James West,entity_cdbb5141199a0db8adec1540cc4ee2a12702a78916f3beded1be4aff5a034209,fact_89c70ae88d4fdd361a9cf3c3b5fc13cc3617286d20fcec079c6f2b4affa2651f,Turkey/the U.S,9,unverified_negative,unverified,invalid_known_true,"[""Turkey"", ""the U.S""]","[""the U.S""]","[""the U.S""]","[""the U.S""]",False,True,"[""slash_valued"", ""known_true_overlap""]"
inventors,validation,André-Jacques Garnerin,entity_3c8e904620f782e5e995c990d06ee6fdfde2e275d1ea6050c67fa1fb1d63b2d0,fact_8a3fc11efaf616484f828449a2d6effdbdb021d7f0001c6d2b4431750ee88c3d,Russia,7,unverified_negative,unverified,unverified_negative,"[""Russia""]","[""France""]","[""France""]",[],True,False,[]
inventors,validation,John Ambrose Fleming,entity_f0a40cd33a5e9fa6ff9110254ce2329508b8ae2e4c2afd669f4fa6c8c60e437f,fact_8b5856005f59c37809a52742483f25e6930c90b3819f859d8d199400ad22b03b,Poland/Germany,5,unverified_negative,unverified,unverified_negative,"[""Poland"", ""Germany""]","[""the U.K""]","[""the U.K""]",[],False,True,"[""slash_valued""]"
inventors,validation,John Gorrie,entity_7f45b9113135b5be824569052cce980466d22fdf1336a3b8256c6eec63afb84d,fact_8be5e2a54e0273417b2a8348ab43351c8e14d4e6e0985d37fa7a58691ac46c30,Russia,2,unverified_negative,unverified,unverified_negative,"[""Russia""]","[""the U.S""]","[""the U.S""]",[],True,False,[]
inventors,validation,Lester Wire,entity_56d3f85265980f42817410504d35f1babf3acd2cecfb4ae9b9de4f78af7bff96,fact_8beb1a326c0753a310e748b3fd05108ba31f94921685dec844f1ec06e0fb81e1,Poland/Germany,8,unverified_negative,unverified,unverified_negative,"[""Poland"", ""Germany""]","[""the U.S""]","[""the U.S""]",[],False,True,"[""slash_valued""]"
inventors,validation,Sir Humphry Davy,entity_b62dadf04b8257cddafb6664198b81d8cdc9597de046402994a7dde2fe8bfa19,fact_8d1c1ffdc71f2bee2c58bd16879062aaf714bd8298883fd5b459d8c55c6af038,France,1,unverified_negative,unverified,unverified_negative,"[""France""]","[""the U.K""]","[""the U.K""]",[],True,False,[]
inventors,validation,Joseph Glidden,entity_0eb198a8c4cff8941d67e38d9f8a8feb44119a48c647a80737a4ecf8a0c564ee,fact_8d563e50a573752dc7877e40810ce3eb5b29ddcac640f43599156c883ef5bab2,the U.K,2,unverified_negative,unverified,unverified_negative,"[""the U.K""]","[""the U.S""]","[""the U.S""]",[],True,False,[]
inventors,validation,Guglielmo Marconi,entity_239e749eb7c4db0d69ebf9c5847b3001dd62656dc4aaf27d22ea171b98565390,fact_8d748f0e52b4e48c983a4049fa026afbb04435dc9fbe13c5a50f2070451f6913,the Netherlands,5,unverified_negative,unverified,unverified_negative,"[""the Netherlands""]","[""Italy""]","[""Italy""]",[],True,False,[]
inventors,validation,Benjamin Franklin,entity_3c4bb8b1972ad5b0ebf3ee26a975d216cdb1489989f696fe3b2baafa97e42385,fact_8dc30bb92046d6e87d9759195ce3ed17f67e6fa83a1a047b5af907f3d816c4ed,the Netherlands,7,unverified_negative,unverified,unverified_negative,"[""the Netherlands""]","[""the U.S""]","[""the U.S""]",[],True,False,[]
inventors,validation,Richard Gatling,entity_2b5e3955c8d70cc6299ec95f127c4de1b95ff62e6416016db6833e44410c4314,fact_8e6a0e8450180176edc566bd56008d9e9b038bf1b49e53af413f880a203c8a27,the U.K,3,supported_false,source_supported_false,supported_false,"[""the U.K""]","[""the U.S""]","[""the U.S""]",[],True,False,[]
inventors,validation,Thomas Tompion,entity_139d3e2e593fa0f3f759a2512acdc431129eebca5b5f4acb837f03333e8beaf4,fact_8f9c96492179f1c6c7c36131332aa8a38052aaa4bd2fd0f1136e384cb7bf5831,Germany,9,unverified_negative,unverified,unverified_negative,"[""Germany""]","[""the U.K""]","[""the U.K""]",[],True,False,[]
inventors,validation,Otis Boykin,entity_71bc6b785c53039152fa928881dea6e1b62dd760c5f92460306f0a6f054f2b52,fact_903fa5f331bbabdbc1a33ce7eeeb9268a09f98239d8c55b14bb06283cc79b691,Russia,3,unverified_negative,unverified,unverified_negative,"[""Russia""]","[""the U.S""]","[""the U.S""]",[],True,False,[]
inventors,validation,Ada Lovelace,entity_bc0220be2bdd8b82a606837c21221687afe5fcf787f7a6b111c0fe09f43276c9,fact_90da4ae8029604614b4437b32243321c8076a3e4741dd3b3d1bbf7d3cdced288,Poland/Germany,4,unverified_negative,unverified,unverified_negative,"[""Poland"", ""Germany""]","[""the U.K""]","[""the U.K""]",[],False,True,"[""slash_valued""]"
inventors,validation,Josephine Cochrane,entity_3b84b24b14891f82b1da3c25eaab1187b2490ea6e85241bc54ab599d475cbeda,fact_90eefa03608573a45a7d778b994fdfec813ef1b99501851409cdd81c1e20c9e2,Italy,1,unverified_negative,unverified,unverified_negative,"[""Italy""]","[""the U.S""]","[""the U.S""]",[],True,False,[]
inventors,validation,André-Jacques Garnerin,entity_3c8e904620f782e5e995c990d06ee6fdfde2e275d1ea6050c67fa1fb1d63b2d0,fact_921a59c7491467508d197c1c849a5e4ac99257a33826a83b94887bba0a739c8d,Poland/Germany,8,unverified_negative,unverified,unverified_negative,"[""Poland"", ""Germany""]","[""France""]","[""France""]",[],False,True,"[""slash_valued""]"
inventors,validation,André-Jacques Garnerin,entity_3c8e904620f782e5e995c990d06ee6fdfde2e275d1ea6050c67fa1fb1d63b2d0,fact_924a5aac41d4139610470a7eba115f7d7db02e43a4aaf56d2f767b2e8897aa0d,Germany,6,unverified_negative,unverified,unverified_negative,"[""Germany""]","[""France""]","[""France""]",[],True,False,[]
inventors,validation,Ferdinand von Zeppelin,entity_830b1885955d1ea7c20a80a16076e78e9caedbc946e0a201b2c7e653a6ddb955,fact_9255e6b95d7741c15451c5681d86fb7112a2ed046243ae2b1913ae2e77ef8406,the U.K,1,unverified_negative,unverified,unverified_negative,"[""the U.K""]","[""Germany""]","[""Germany""]",[],True,False,[]
inventors,validation,Charles Tellier,entity_0ee34ff2c7e6084ac680e9f355836188aa17b6b1784f1c9351fcea08cbe9e07f,fact_93f2bdbe121fd64af8e07ec3d6aa277b9da81b31dfc4ac49b95d88746ced7946,the U.S,8,unverified_negative,unverified,unverified_negative,"[""the U.S""]","[""France""]","[""France""]",[],True,False,[]
inventors,validation,Ruth Benerito,entity_46171df26c0b4200b2c874d1c88a82182381d3773b5d3e76ce4306583dccbde3,fact_943e1841e10197f9871d00f3760745957ca3f398c921c18ccb9e42a28932a05f,Turkey/the U.S,4,unverified_negative,unverified,invalid_known_true,"[""Turkey"", ""the U.S""]","[""the U.S""]","[""the U.S""]","[""the U.S""]",False,True,"[""slash_valued"", ""known_true_overlap""]"
inventors,validation,Hans Lippershey,entity_19acb9901c43e657053cbfb0fda6ee21c0992ea2adc7d3e0b7d3d90c6d3c4d92,fact_9442b1a8d62c6f64ff5c3925eaf411a9efecb42140dad6a6a25239d4dcb5a44f,the U.S,2,supported_false,source_supported_false,supported_false,"[""the U.S""]","[""the Netherlands""]","[""the Netherlands""]",[],True,False,[]
inventors,validation,Sir Humphry Davy,entity_b62dadf04b8257cddafb6664198b81d8cdc9597de046402994a7dde2fe8bfa19,fact_957b878fa811c6265fc1560342791b6fa822deeb449cb23cd09a64f3c6d7ce20,the U.S,3,supported_false,source_supported_false,supported_false,"[""the U.S""]","[""the U.K""]","[""the U.K""]",[],True,False,[]
inventors,validation,James Dyson,entity_3cc10d1cb884b9de43eb4ca32027d5275292c1cef31085d9fb2280f18e382bf6,fact_95e0f2a4852758917cacf94979ef5992068fe88e546f3a3cdc1eed75e7a69ac3,the U.S,7,unverified_negative,unverified,unverified_negative,"[""the U.S""]","[""the U.K""]","[""the U.K""]",[],True,False,[]
inventors,validation,Charles Wheatstone,entity_8818821c303ebaee995a998da2f8f5184faa7c32e9548ed2242b8a9bd9f2cd3e,fact_967aafe66e8b04d6d7e921f975f0e1ebee4f02715385406de2e86b65c3afc7e8,Hungary,2,unverified_negative,unverified,unverified_negative,"[""Hungary""]","[""the U.K""]","[""the U.K""]",[],True,False,[]
inventors,validation,Otis Boykin,entity_71bc6b785c53039152fa928881dea6e1b62dd760c5f92460306f0a6f054f2b52,fact_9776b9f5f9c84d917afa4680257a199e3fca53deb02bf8dfe517f724c233df28,Poland/Germany,7,unverified_negative,unverified,unverified_negative,"[""Poland"", ""Germany""]","[""the U.S""]","[""the U.S""]",[],False,True,"[""slash_valued""]"
inventors,validation,Willis Carrier,entity_417f275f5195f76d44ba237527339a3328dea19320e594059d895c65bb6beb8e,fact_998a76f26b9fe55cd70dd527222075b21aa6a3183c9cd132a1ff64f0d1afca64,the Netherlands,9,unverified_negative,unverified,unverified_negative,"[""the Netherlands""]","[""the U.S""]","[""the U.S""]",[],True,False,[]
inventors,validation,Hans Lippershey,entity_19acb9901c43e657053cbfb0fda6ee21c0992ea2adc7d3e0b7d3d90c6d3c4d92,fact_99daddb3a783fc142ded126ab34fcc764489c1c728e5645b86d02e0823f39d30,Russia,5,unverified_negative,unverified,unverified_negative,"[""Russia""]","[""the Netherlands""]","[""the Netherlands""]",[],True,False,[]
inventors,validation,James Dyson,entity_3cc10d1cb884b9de43eb4ca32027d5275292c1cef31085d9fb2280f18e382bf6,fact_9a465251a32158bcd3e62abcfcda4ea928aeb25bf2a9b577252ccb3151766bbe,Italy,5,unverified_negative,unverified,unverified_negative,"[""Italy""]","[""the U.K""]","[""the U.K""]",[],True,False,[]
inventors,validation,Jean-Bernard-Léon Foucault,entity_4dce103e107687e2284e09458d41c768ae88022d938580f00e2fedb13d278fa2,fact_9a9355260da27f85a53ce7f76e38cbb4f0bbf1201462f1ef7c6bd01e7d3439ef,Italy,1,unverified_negative,unverified,unverified_negative,"[""Italy""]","[""France""]","[""France""]",[],True,False,[]
inventors,validation,Hans Berger,entity_46aec3c21230b9313b4424b000071b0776d84a2619e400a6c37896964827c06b,fact_9d740210a8414db9735841e8db13603f893063675c8d4d9caa8ed8adc6858671,France,9,unverified_negative,unverified,unverified_negative,"[""France""]","[""Germany""]","[""Germany""]",[],True,False,[]
inventors,validation,R. Buckminster Fuller,entity_c6eb7c66779bfacd9b7cf8ba339ed489f4e55062e1e3e26be20a92d67e2d676a,fact_9ef963404c82c0169c26c24daa72e418ba2916c5f67c3c6943bfcb7974a18ea3,Russia,3,unverified_negative,unverified,unverified_negative,"[""Russia""]","[""the U.S""]","[""the U.S""]",[],True,False,[]
inventors,validation,Charles Macintosh,entity_f249d194d83bf9f9f8e4af5ad5b4725f6080ed869483c7b3d6eae3b119b9e2e0,fact_9f16ec67c05fec4e483c3f8b2e18d6f64fe98a7914a1cd0cbe63af38fc687c91,the U.S,8,supported_false,source_supported_false,supported_false,"[""the U.S""]","[""the U.K""]","[""the U.K""]",[],True,False,[]
inventors,validation,Ruth Benerito,entity_46171df26c0b4200b2c874d1c88a82182381d3773b5d3e76ce4306583dccbde3,fact_9f8043d9282c8cd2116d7b11a8c8677cbe80cd959b1a40b5ea50015b61d8ec4f,the Netherlands,6,unverified_negative,unverified,unverified_negative,"[""the Netherlands""]","[""the U.S""]","[""the U.S""]",[],True,False,[]
inventors,validation,Joseph Henry,entity_3471ed3c6c0915f3c08a85c1bd8fe1ad6fd5b1f599ac9b886a7ca5b4eb860ffe,fact_9f93a362db378bbd2a09cdb88c745135cca00a1bc76fb939ce6b23a474fc7eeb,Poland/Germany,1,unverified_negative,unverified,unverified_negative,"[""Poland"", ""Germany""]","[""the U.S""]","[""the U.S""]",[],False,True,"[""slash_valued""]"
inventors,validation,R. Buckminster Fuller,entity_c6eb7c66779bfacd9b7cf8ba339ed489f4e55062e1e3e26be20a92d67e2d676a,fact_a0004e9bfec3b3ec9358b7bb8c011a849d3c5996fed047a3a26774d17d84daad,France,2,unverified_negative,unverified,unverified_negative,"[""France""]","[""the U.S""]","[""the U.S""]",[],True,False,[]
inventors,validation,R. Buckminster Fuller,entity_c6eb7c66779bfacd9b7cf8ba339ed489f4e55062e1e3e26be20a92d67e2d676a,fact_a0e5bf7d06fe4cba5c58d63a383bf907498845465c6cbdae640daecd4abdf87d,the Netherlands,4,unverified_negative,unverified,unverified_negative,"[""the Netherlands""]","[""the U.S""]","[""the U.S""]",[],True,False,[]
inventors,validation,Galileo Galilei,entity_87ba9c4ed3f45b1d99791fb916d4b7698f19b8c62d09092ce1e5955702e160ac,fact_a12ba3df33adaa9580b9c905e434f797969db69fb6167a55ec995fcfdfd7fb24,Russia,1,unverified_negative,unverified,unverified_negative,"[""Russia""]","[""Italy""]","[""Italy""]",[],True,False,[]
inventors,validation,Sir Humphry Davy,entity_b62dadf04b8257cddafb6664198b81d8cdc9597de046402994a7dde2fe8bfa19,fact_a28110a8e35da6094b1e98ea35e4d372b36659dfb2e87c31ac9f507ce6686dbf,Germany,2,unverified_negative,unverified,unverified_negative,"[""Germany""]","[""the U.K""]","[""the U.K""]",[],True,False,[]
inventors,validation,Ada Lovelace,entity_bc0220be2bdd8b82a606837c21221687afe5fcf787f7a6b111c0fe09f43276c9,fact_a3fdd2da870469d9ff19ac2d805ada3a83fa24a8df511181821f3ade5e7feb31,Russia,7,unverified_negative,unverified,unverified_negative,"[""Russia""]","[""the U.K""]","[""the U.K""]",[],True,False,[]
inventors,validation,Samuel Morse,entity_d6584b250484b911f63edeaea00bb5b278b657a74db0366fe4f86017072b9554,fact_a436390293892bbe1794a360cf755b7546cbdd63d04d64c15f9cd9cbfaac49a7,Germany,1,supported_false,source_supported_false,supported_false,"[""Germany""]","[""the U.S""]","[""the U.S""]",[],True,False,[]
inventors,validation,Dr. Robert Gallo,entity_b7e2c4e013cdd42301473e08b120cf95051567dfbe59d6a00cd3f3399bba3c27,fact_a46d65992ae64cfbfdc78ba8f45be3bdadd6004a9712d84eb86aca930748de7c,Italy,8,unverified_negative,unverified,unverified_negative,"[""Italy""]","[""the U.S""]","[""the U.S""]",[],True,False,[]
inventors,validation,Ralph H. Baer,entity_b6fb097d878ac7342b2e225c8cdeb5fede6b75a16fa2c5267dc5ba662fbf1035,fact_a50fa8380117fe1904d7b779956a134efb3d80cebda0506c08da02e20d9aec3c,Poland/Germany,7,unverified_negative,unverified,unverified_negative,"[""Poland"", ""Germany""]","[""the U.S""]","[""the U.S""]",[],False,True,"[""slash_valued""]"
inventors,validation,Willis Carrier,entity_417f275f5195f76d44ba237527339a3328dea19320e594059d895c65bb6beb8e,fact_a64f8cdb5a6d3879a505a6bc064475abc4fe33b881ca1892251697e6a7b6e7f9,France,5,unverified_negative,unverified,unverified_negative,"[""France""]","[""the U.S""]","[""the U.S""]",[],True,False,[]
inventors,validation,Charles Tellier,entity_0ee34ff2c7e6084ac680e9f355836188aa17b6b1784f1c9351fcea08cbe9e07f,fact_a678c5d51f73d8c17b37026d998405c2e885684cf584b3082f4cd8518824d213,Germany,9,unverified_negative,unverified,unverified_negative,"[""Germany""]","[""France""]","[""France""]",[],True,False,[]
inventors,validation,Henry Ford,entity_e652771a320786ae7fcb44b875abb50e5ec3a459a02a47c288b1afbf320f1efd,fact_a68eb6cee8fc793db34b935dc085559db3d70397c0051ee1926e0e094f93aa37,Poland/Germany,5,unverified_negative,unverified,unverified_negative,"[""Poland"", ""Germany""]","[""the U.S""]","[""the U.S""]",[],False,True,"[""slash_valued""]"
inventors,validation,Charles Wheatstone,entity_8818821c303ebaee995a998da2f8f5184faa7c32e9548ed2242b8a9bd9f2cd3e,fact_a6ca89fdcc6963f3ef751583570631b2e88c6782cb123880fbcb442c5d900568,the Netherlands,3,unverified_negative,unverified,unverified_negative,"[""the Netherlands""]","[""the U.K""]","[""the U.K""]",[],True,False,[]
inventors,validation,Otis Boykin,entity_71bc6b785c53039152fa928881dea6e1b62dd760c5f92460306f0a6f054f2b52,fact_a7830a8564f7f0985b9fec14a30f7580d2e75a30df5f7798cc995dc032e6c225,France,5,supported_false,source_supported_false,supported_false,"[""France""]","[""the U.S""]","[""the U.S""]",[],True,False,[]
inventors,validation,John Ambrose Fleming,entity_f0a40cd33a5e9fa6ff9110254ce2329508b8ae2e4c2afd669f4fa6c8c60e437f,fact_a824ff6b89260148d9d3a2788484c9438f69be99572762c8f29f1481bed46d83,Turkey/the U.S,6,unverified_negative,unverified,unverified_negative,"[""Turkey"", ""the U.S""]","[""the U.K""]","[""the U.K""]",[],False,True,"[""slash_valued""]"
inventors,validation,George Washington Carver,entity_b7e637d260e38ad137565106168f84be27450dd4d166c82509057d0af2e8deb4,fact_a9435981288df0b4db4a471093895bd3c68e07bb15ef32f49a7b25222899a574,Russia,8,unverified_negative,unverified,unverified_negative,"[""Russia""]","[""the U.S""]","[""the U.S""]",[],True,False,[]
inventors,validation,Ada Lovelace,entity_bc0220be2bdd8b82a606837c21221687afe5fcf787f7a6b111c0fe09f43276c9,fact_aab9e884e43beafd0cc19158ccbc2488d32de57b03ce0ad12501b7263120591b,the U.S,1,supported_false,source_supported_false,supported_false,"[""the U.S""]","[""the U.K""]","[""the U.K""]",[],True,False,[]
inventors,validation,Semyon Kirlian,entity_71ea87aa3d8cb80f916869fb07b5fe9f451020f2c6d7c598f507d5f8d9c64b12,fact_ab91ec56e75a04a21b57a53a59b7ae066980058d6fc12cba59a6ae2465960ffa,the U.S,3,unverified_negative,unverified,unverified_negative,"[""the U.S""]","[""Russia""]","[""Russia""]",[],True,False,[]
inventors,validation,James Dyson,entity_3cc10d1cb884b9de43eb4ca32027d5275292c1cef31085d9fb2280f18e382bf6,fact_ac2dcfa3553d639174022dac11229eb01ace0dfb25795bee810759a18165f7c1,the Netherlands,9,unverified_negative,unverified,unverified_negative,"[""the Netherlands""]","[""the U.K""]","[""the U.K""]",[],True,False,[]
inventors,validation,Jack Kilby,entity_aec8754dc4cdffe2afc82a85a14d93c643c5dc8b966b86964fa5a2887abeb83d,fact_ad758df960a7a163cbf824e5fc8c841b9359841f31888b887e1ac37f3519c0df,Turkey/the U.S,5,unverified_negative,unverified,invalid_known_true,"[""Turkey"", ""the U.S""]","[""the U.S""]","[""the U.S""]","[""the U.S""]",False,True,"[""slash_valued"", ""known_true_overlap""]"
inventors,validation,Guglielmo Marconi,entity_239e749eb7c4db0d69ebf9c5847b3001dd62656dc4aaf27d22ea171b98565390,fact_adf02abaf17a4994b48ba2334b99f1aa9e403569ee42b4719707cbaf5736361c,Hungary,1,unverified_negative,unverified,unverified_negative,"[""Hungary""]","[""Italy""]","[""Italy""]",[],True,False,[]
inventors,validation,Ruth Benerito,entity_46171df26c0b4200b2c874d1c88a82182381d3773b5d3e76ce4306583dccbde3,fact_ae0fb3bcf6120e39f4b6da08aa669f665f900090c17d16bced3041a7f3c08d9e,Germany,8,unverified_negative,unverified,unverified_negative,"[""Germany""]","[""the U.S""]","[""the U.S""]",[],True,False,[]
inventors,validation,Willis Carrier,entity_417f275f5195f76d44ba237527339a3328dea19320e594059d895c65bb6beb8e,fact_ae187b692391c0e10f2512d9777a0e0739e6b70af2a5975f881d805922aa70de,Russia,7,unverified_negative,unverified,unverified_negative,"[""Russia""]","[""the U.S""]","[""the U.S""]",[],True,False,[]
inventors,validation,Heinrich Göbel,entity_90cef7a60c34c52e26ddf9adbe58d2a30fe44b106c42b19e9f0f71312c23f78e,fact_ae18c5d5def2c89e7ab83099c0f773ef4be492790fe6b3f0ab4940bc0cf8c7eb,the U.K,7,unverified_negative,unverified,unverified_negative,"[""the U.K""]","[""Germany""]","[""Germany""]",[],True,False,[]
inventors,validation,Hans von Ohain,entity_ce16964913ec67021826414115d9f0ba8433c02eb56061629a63e4079dd1063b,fact_ae4c497d8c22b860171439582247e192e49cbf692292f5d9a255e2fde2826a30,the Netherlands,2,unverified_negative,unverified,unverified_negative,"[""the Netherlands""]","[""Germany""]","[""Germany""]",[],True,False,[]
inventors,validation,Charles Babbage,entity_0f7effc2038320c802c7fd8063cac3266e6cec92edc3397ab81e5c21098b2755,fact_ae7924dd7d0316deddf8dbd91cd4b748aab1578f7b60196cae9bda69d5b3f04b,Hungary,5,unverified_negative,unverified,unverified_negative,"[""Hungary""]","[""the U.K""]","[""the U.K""]",[],True,False,[]
inventors,validation,Henry Ford,entity_e652771a320786ae7fcb44b875abb50e5ec3a459a02a47c288b1afbf320f1efd,fact_aed82679404f1836c760dbba26a0e287da1c665748338750b80544e7d107565b,Germany,8,unverified_negative,unverified,unverified_negative,"[""Germany""]","[""the U.S""]","[""the U.S""]",[],True,False,[]
inventors,validation,Dr. Robert Gallo,entity_b7e2c4e013cdd42301473e08b120cf95051567dfbe59d6a00cd3f3399bba3c27,fact_aefa51de41836498f18dab0db2968dc95074cbb8ad44e64914732d221f5c578f,Poland/Germany,6,unverified_negative,unverified,unverified_negative,"[""Poland"", ""Germany""]","[""the U.S""]","[""the U.S""]",[],False,True,"[""slash_valued""]"
inventors,validation,Galileo Galilei,entity_87ba9c4ed3f45b1d99791fb916d4b7698f19b8c62d09092ce1e5955702e160ac,fact_aefbc5a9b002ad9090546c7bd0abccf0143eb028c8463c8516110d2ff57082ca,the U.S,8,supported_false,source_supported_false,supported_false,"[""the U.S""]","[""Italy""]","[""Italy""]",[],True,False,[]
inventors,validation,Ferdinand von Zeppelin,entity_830b1885955d1ea7c20a80a16076e78e9caedbc946e0a201b2c7e653a6ddb955,fact_af4f8de6143844fe00f0014ea23ebb874735665dc8024b1a1d4a1d9e1c554a5b,Italy,4,unverified_negative,unverified,unverified_negative,"[""Italy""]","[""Germany""]","[""Germany""]",[],True,False,[]
inventors,validation,Ada Lovelace,entity_bc0220be2bdd8b82a606837c21221687afe5fcf787f7a6b111c0fe09f43276c9,fact_b034c8bc6b93c192d28c5af4b68627b245a368ec0c41ce3ca23c9ea8a1d39f8e,the Netherlands,3,unverified_negative,unverified,unverified_negative,"[""the Netherlands""]","[""the U.K""]","[""the U.K""]",[],True,False,[]
inventors,validation,George Washington Carver,entity_b7e637d260e38ad137565106168f84be27450dd4d166c82509057d0af2e8deb4,fact_b0cd97d67c8541986b455cd88adfb2368a1eb38bcd45423e31afe204e7858577,Poland/Germany,1,unverified_negative,unverified,unverified_negative,"[""Poland"", ""Germany""]","[""the U.S""]","[""the U.S""]",[],False,True,"[""slash_valued""]"
inventors,validation,Benjamin Franklin,entity_3c4bb8b1972ad5b0ebf3ee26a975d216cdb1489989f696fe3b2baafa97e42385,fact_b0ef18fdab55f665315703098c82012016e489113af7b8281f79eb434d2fe4d4,the U.K,3,unverified_negative,unverified,unverified_negative,"[""the U.K""]","[""the U.S""]","[""the U.S""]",[],True,False,[]
inventors,validation,László Bíró,entity_2f4ce36c38b11fdfd5c8a834eb613b9304e173ee66cdda793eb89b512bccf3fe,fact_b154dc97144ecf32fbe6aa90e65a22ab3dab3c2f1a8aaee93789ac15451c1e57,France,6,unverified_negative,unverified,unverified_negative,"[""France""]","[""Hungary""]","[""Hungary""]",[],True,False,[]
inventors,validation,Samuel Morse,entity_d6584b250484b911f63edeaea00bb5b278b657a74db0366fe4f86017072b9554,fact_b16e039bcbb394e2c3e8191481f27c1b22c5b60984f963048c4a35ac09f6575e,Poland/Germany,8,unverified_negative,unverified,unverified_negative,"[""Poland"", ""Germany""]","[""the U.S""]","[""the U.S""]",[],False,True,"[""slash_valued""]"
inventors,validation,Willis Carrier,entity_417f275f5195f76d44ba237527339a3328dea19320e594059d895c65bb6beb8e,fact_b1de12d616cc8085ee4309a22d72b53ec0a7033856a0ff0bb392336154c03194,Turkey/the U.S,3,unverified_negative,unverified,invalid_known_true,"[""Turkey"", ""the U.S""]","[""the U.S""]","[""the U.S""]","[""the U.S""]",False,True,"[""slash_valued"", ""known_true_overlap""]"
inventors,validation,Ruth Benerito,entity_46171df26c0b4200b2c874d1c88a82182381d3773b5d3e76ce4306583dccbde3,fact_b2a4fbc8e843e8f8c6ff543b4eb64130fd89e78e9c1f1cb760605364bbc0aeca,Hungary,9,unverified_negative,unverified,unverified_negative,"[""Hungary""]","[""the U.S""]","[""the U.S""]",[],True,False,[]
inventors,validation,Jean-Bernard-Léon Foucault,entity_4dce103e107687e2284e09458d41c768ae88022d938580f00e2fedb13d278fa2,fact_b34c86693a1220b5e19452454de756bb6e52828a5c8d966fd9c80e17c7e46121,Turkey/the U.S,6,unverified_negative,unverified,unverified_negative,"[""Turkey"", ""the U.S""]","[""France""]","[""France""]",[],False,True,"[""slash_valued""]"
inventors,validation,Joseph Glidden,entity_0eb198a8c4cff8941d67e38d9f8a8feb44119a48c647a80737a4ecf8a0c564ee,fact_b3cc747f43317dc96d31349e5e08c3eed8e02ad2a29b48a41fb8db1467826e6f,Poland/Germany,4,unverified_negative,unverified,unverified_negative,"[""Poland"", ""Germany""]","[""the U.S""]","[""the U.S""]",[],False,True,"[""slash_valued""]"
inventors,validation,Willis Carrier,entity_417f275f5195f76d44ba237527339a3328dea19320e594059d895c65bb6beb8e,fact_b57bb5d92f1827c7d3ca3a6fe1b5fdca1667ec94a40fe1ff683575b3624dae28,Germany,4,unverified_negative,unverified,unverified_negative,"[""Germany""]","[""the U.S""]","[""the U.S""]",[],True,False,[]
inventors,validation,Ralph H. Baer,entity_b6fb097d878ac7342b2e225c8cdeb5fede6b75a16fa2c5267dc5ba662fbf1035,fact_b6bd41a62600273be5b75e44add8bfc0bc30061a485b7ac8bf86da84a7c4dd69,Italy,3,unverified_negative,unverified,unverified_negative,"[""Italy""]","[""the U.S""]","[""the U.S""]",[],True,False,[]
inventors,validation,Guglielmo Marconi,entity_239e749eb7c4db0d69ebf9c5847b3001dd62656dc4aaf27d22ea171b98565390,fact_b9569193ca9b79d33ebf2e616d18cc97a9eba0a24a05b7a37bc36c1552d0ea2b,the U.K,7,supported_false,source_supported_false,supported_false,"[""the U.K""]","[""Italy""]","[""Italy""]",[],True,False,[]
inventors,validation,John Gorrie,entity_7f45b9113135b5be824569052cce980466d22fdf1336a3b8256c6eec63afb84d,fact_b98fdfad85708f2969138239e25dd0a0692ee322ad0141a9d6b2c2faa566a515,Germany,3,unverified_negative,unverified,unverified_negative,"[""Germany""]","[""the U.S""]","[""the U.S""]",[],True,False,[]
inventors,validation,John Ambrose Fleming,entity_f0a40cd33a5e9fa6ff9110254ce2329508b8ae2e4c2afd669f4fa6c8c60e437f,fact_b9fee4d9e6f5de220feca9359839aea2c2559901e51c1846c79917722f828b20,Hungary,8,unverified_negative,unverified,unverified_negative,"[""Hungary""]","[""the U.K""]","[""the U.K""]",[],True,False,[]
inventors,validation,Lester Wire,entity_56d3f85265980f42817410504d35f1babf3acd2cecfb4ae9b9de4f78af7bff96,fact_ba06351ff1a3d9895543b06b5a3d78be23eca961526140123094250bb6d5faae,the Netherlands,5,unverified_negative,unverified,unverified_negative,"[""the Netherlands""]","[""the U.S""]","[""the U.S""]",[],True,False,[]
inventors,validation,Thomas Tompion,entity_139d3e2e593fa0f3f759a2512acdc431129eebca5b5f4acb837f03333e8beaf4,fact_bb3eb5190d65c324813a6026f762f9dd68da64b09d9dfce68c0bf6136613a18b,Russia,3,unverified_negative,unverified,unverified_negative,"[""Russia""]","[""the U.K""]","[""the U.K""]",[],True,False,[]
inventors,validation,Benjamin Franklin,entity_3c4bb8b1972ad5b0ebf3ee26a975d216cdb1489989f696fe3b2baafa97e42385,fact_bb4662203d302715fb02a9713c30b0dfbc0242a612ad5cf1cf00dc377218f26c,Russia,2,unverified_negative,unverified,unverified_negative,"[""Russia""]","[""the U.S""]","[""the U.S""]",[],True,False,[]
inventors,validation,Jean-Bernard-Léon Foucault,entity_4dce103e107687e2284e09458d41c768ae88022d938580f00e2fedb13d278fa2,fact_bb8cb492f2e6e18c86ece8caac7a055f917bc68319082ff8df801fc2408544f7,the U.S,3,supported_false,source_supported_false,supported_false,"[""the U.S""]","[""France""]","[""France""]",[],True,False,[]
inventors,validation,Heinrich Hertz,entity_f8decc90c08060f8c1a0b2ee0493c561480c571c5854a5cdfe3ace18b85a664e,fact_bd06fc7301d106279d3ea682432d0d1aa0b830e32b5bc1315c0a10b90e490ade,France,8,unverified_negative,unverified,unverified_negative,"[""France""]","[""Germany""]","[""Germany""]",[],True,False,[]
inventors,validation,Charles Macintosh,entity_f249d194d83bf9f9f8e4af5ad5b4725f6080ed869483c7b3d6eae3b119b9e2e0,fact_bd5ba2cfeb5879e0dc74117d58ad8281c75c3351a46d3ab4b057d8c95b5708e4,Germany,4,unverified_negative,unverified,unverified_negative,"[""Germany""]","[""the U.K""]","[""the U.K""]",[],True,False,[]
inventors,validation,Hans Lippershey,entity_19acb9901c43e657053cbfb0fda6ee21c0992ea2adc7d3e0b7d3d90c6d3c4d92,fact_bd9500488fadd4e334171d06d8b16e75953af692a9b528c6e1a7b86f7382ffb0,Poland/Germany,7,unverified_negative,unverified,unverified_negative,"[""Poland"", ""Germany""]","[""the Netherlands""]","[""the Netherlands""]",[],False,True,"[""slash_valued""]"
inventors,validation,James Dyson,entity_3cc10d1cb884b9de43eb4ca32027d5275292c1cef31085d9fb2280f18e382bf6,fact_bda4eb5c53d898b4aaf8fdc6e1c397597c2ffd4b34d890d8c3b3c962e6da5575,Hungary,1,unverified_negative,unverified,unverified_negative,"[""Hungary""]","[""the U.K""]","[""the U.K""]",[],True,False,[]
inventors,validation,Joseph Henry,entity_3471ed3c6c0915f3c08a85c1bd8fe1ad6fd5b1f599ac9b886a7ca5b4eb860ffe,fact_bdcb54719cf125c1a3d99d7bef6cdc00e43b6f9995cae4fb63a7375cd976667f,Italy,6,unverified_negative,unverified,unverified_negative,"[""Italy""]","[""the U.S""]","[""the U.S""]",[],True,False,[]
inventors,validation,John Bardeen,entity_27385cc0c8e95174d7486c65707ce7b6df069bde547881d258a01acf5ce16b29,fact_bf19ad4c6a031ce05933d09f6f6f54b877dab6f5930cd13941ab4aeeb503c31f,Russia,7,unverified_negative,unverified,unverified_negative,"[""Russia""]","[""the U.S""]","[""the U.S""]",[],True,False,[]
inventors,validation,Richard Gatling,entity_2b5e3955c8d70cc6299ec95f127c4de1b95ff62e6416016db6833e44410c4314,fact_c064981f8c1e2c48466e4ec853b29cd9fabb8d83a244a571e25c9080cc0b5cac,Turkey/the U.S,7,unverified_negative,unverified,invalid_known_true,"[""Turkey"", ""the U.S""]","[""the U.S""]","[""the U.S""]","[""the U.S""]",False,True,"[""slash_valued"", ""known_true_overlap""]"
inventors,validation,Otis Boykin,entity_71bc6b785c53039152fa928881dea6e1b62dd760c5f92460306f0a6f054f2b52,fact_c23728ea74f25a84c79f9804e0f15c24f0adada761b79c263c3b3bc78d9af2a6,the U.K,2,unverified_negative,unverified,unverified_negative,"[""the U.K""]","[""the U.S""]","[""the U.S""]",[],True,False,[]
inventors,validation,Charles Babbage,entity_0f7effc2038320c802c7fd8063cac3266e6cec92edc3397ab81e5c21098b2755,fact_c2c9a0f2f0ccc573974c314b1ec598a6c8e51cdd438f036eb67acee3a37871dd,Germany,1,unverified_negative,unverified,unverified_negative,"[""Germany""]","[""the U.K""]","[""the U.K""]",[],True,False,[]
inventors,validation,Josephine Cochrane,entity_3b84b24b14891f82b1da3c25eaab1187b2490ea6e85241bc54ab599d475cbeda,fact_c3022d603701c71eb3f4c459bd7c94dd7ae5d4244bd68dc76b010e712a986cc4,the U.K,5,unverified_negative,unverified,unverified_negative,"[""the U.K""]","[""the U.S""]","[""the U.S""]",[],True,False,[]
inventors,validation,Jack Kilby,entity_aec8754dc4cdffe2afc82a85a14d93c643c5dc8b966b86964fa5a2887abeb83d,fact_c365d46f798ce15d7e2e2db2504f58ec0785d4bf5087a83b6629eecba9a5f1b9,Italy,9,unverified_negative,unverified,unverified_negative,"[""Italy""]","[""the U.S""]","[""the U.S""]",[],True,False,[]
inventors,validation,Lester Wire,entity_56d3f85265980f42817410504d35f1babf3acd2cecfb4ae9b9de4f78af7bff96,fact_c3d95964f244eb2f951e304a6cc1b601abd1cc98376326125af02b6fa6d514be,Hungary,2,unverified_negative,unverified,unverified_negative,"[""Hungary""]","[""the U.S""]","[""the U.S""]",[],True,False,[]
inventors,validation,Ralph H. Baer,entity_b6fb097d878ac7342b2e225c8cdeb5fede6b75a16fa2c5267dc5ba662fbf1035,fact_c3dcb924c8101d35211d1703a1857ebec38dbde6f8eeec74a48cfacd04573752,Hungary,6,unverified_negative,unverified,unverified_negative,"[""Hungary""]","[""the U.S""]","[""the U.S""]",[],True,False,[]
inventors,validation,Josephine Cochrane,entity_3b84b24b14891f82b1da3c25eaab1187b2490ea6e85241bc54ab599d475cbeda,fact_c4ca757a8042fe8482e256b3b35a1dd8f7b0d671e5ecf57aed787016d53cdc52,Poland/Germany,4,unverified_negative,unverified,unverified_negative,"[""Poland"", ""Germany""]","[""the U.S""]","[""the U.S""]",[],False,True,"[""slash_valued""]"
inventors,validation,André-Jacques Garnerin,entity_3c8e904620f782e5e995c990d06ee6fdfde2e275d1ea6050c67fa1fb1d63b2d0,fact_c4e16bff540be12387c50f4a1d0fff910eba66129632d11c6533affe65e2ac4f,the U.K,2,unverified_negative,unverified,unverified_negative,"[""the U.K""]","[""France""]","[""France""]",[],True,False,[]
inventors,validation,Hans Berger,entity_46aec3c21230b9313b4424b000071b0776d84a2619e400a6c37896964827c06b,fact_c4ec8dd1ffc079b59724983d84f191dbad35669e43215c90a18de1d436382720,Italy,8,unverified_negative,unverified,unverified_negative,"[""Italy""]","[""Germany""]","[""Germany""]",[],True,False,[]
inventors,validation,Samuel Morse,entity_d6584b250484b911f63edeaea00bb5b278b657a74db0366fe4f86017072b9554,fact_c5f7b78edcca458e24fd5b9b0468e774747b094a949ddae296b261d8363b65a6,Russia,5,unverified_negative,unverified,unverified_negative,"[""Russia""]","[""the U.S""]","[""the U.S""]",[],True,False,[]
inventors,validation,André-Jacques Garnerin,entity_3c8e904620f782e5e995c990d06ee6fdfde2e275d1ea6050c67fa1fb1d63b2d0,fact_c60dbc9e1954c10b90d43e5e5effb2fb70d94048dbf6df7980c5621352135025,Italy,9,unverified_negative,unverified,unverified_negative,"[""Italy""]","[""France""]","[""France""]",[],True,False,[]
inventors,validation,George Washington Carver,entity_b7e637d260e38ad137565106168f84be27450dd4d166c82509057d0af2e8deb4,fact_c6fffcdafc91820995bc1241afd9771012b14d44cd5ddb1d0558acabf5e658fc,the U.K,4,unverified_negative,unverified,unverified_negative,"[""the U.K""]","[""the U.S""]","[""the U.S""]",[],True,False,[]
inventors,validation,Charles Babbage,entity_0f7effc2038320c802c7fd8063cac3266e6cec92edc3397ab81e5c21098b2755,fact_c711a8ea6c8f9ccc6cccbc7585860aeb596e98218ac281be2e099c7f60680593,Italy,9,unverified_negative,unverified,unverified_negative,"[""Italy""]","[""the U.K""]","[""the U.K""]",[],True,False,[]
inventors,validation,Joseph Glidden,entity_0eb198a8c4cff8941d67e38d9f8a8feb44119a48c647a80737a4ecf8a0c564ee,fact_c7d2d8511158024889d4e5c473766a47563fb534bff7a7014f07011bd527eaef,Germany,5,supported_false,source_supported_false,supported_false,"[""Germany""]","[""the U.S""]","[""the U.S""]",[],True,False,[]
inventors,validation,Josephine Cochrane,entity_3b84b24b14891f82b1da3c25eaab1187b2490ea6e85241bc54ab599d475cbeda,fact_c8087dd128cb70ed657b3909c15457d1ae723036b1957376a8099169fe8c09c8,Germany,9,supported_false,source_supported_false,supported_false,"[""Germany""]","[""the U.S""]","[""the U.S""]",[],True,False,[]
inventors,validation,Otis Boykin,entity_71bc6b785c53039152fa928881dea6e1b62dd760c5f92460306f0a6f054f2b52,fact_c87ce3c626899ce98338eb3b43361b01af5ae85ef752fc27de529e0d16a5308c,the Netherlands,8,unverified_negative,unverified,unverified_negative,"[""the Netherlands""]","[""the U.S""]","[""the U.S""]",[],True,False,[]
inventors,validation,George Washington Carver,entity_b7e637d260e38ad137565106168f84be27450dd4d166c82509057d0af2e8deb4,fact_c96b51eb2a975c33099fcce0d6b72d728f71a9b9fe7fdd51da6423aaf3f07056,Hungary,5,unverified_negative,unverified,unverified_negative,"[""Hungary""]","[""the U.S""]","[""the U.S""]",[],True,False,[]
inventors,validation,Josephine Cochrane,entity_3b84b24b14891f82b1da3c25eaab1187b2490ea6e85241bc54ab599d475cbeda,fact_ca09c49cb564b09a3bc5ed4800e8a12cfa2fd6a92638ea6ea7e4bcdbfcd1f3b2,Hungary,7,unverified_negative,unverified,unverified_negative,"[""Hungary""]","[""the U.S""]","[""the U.S""]",[],True,False,[]
inventors,validation,Semyon Kirlian,entity_71ea87aa3d8cb80f916869fb07b5fe9f451020f2c6d7c598f507d5f8d9c64b12,fact_ca8259ad8971934ce4f7cfb542aaa72db20e2512ddda8f4df2fa901f6c80e9d1,Hungary,7,unverified_negative,unverified,unverified_negative,"[""Hungary""]","[""Russia""]","[""Russia""]",[],True,False,[]
inventors,validation,Charles Tellier,entity_0ee34ff2c7e6084ac680e9f355836188aa17b6b1784f1c9351fcea08cbe9e07f,fact_ca8342548e99b1a5d6d9c9754f992a8dcdd8269b1e88939d95962016e96a0ed4,Poland/Germany,6,unverified_negative,unverified,unverified_negative,"[""Poland"", ""Germany""]","[""France""]","[""France""]",[],False,True,"[""slash_valued""]"
inventors,validation,Heinrich Hertz,entity_f8decc90c08060f8c1a0b2ee0493c561480c571c5854a5cdfe3ace18b85a664e,fact_cb3652d38e363f9c26e9d5e5599adfbe28d2c812ff477a4438294046c6ff56fd,Russia,4,unverified_negative,unverified,unverified_negative,"[""Russia""]","[""Germany""]","[""Germany""]",[],True,False,[]
inventors,validation,Otis Boykin,entity_71bc6b785c53039152fa928881dea6e1b62dd760c5f92460306f0a6f054f2b52,fact_ccb119b7a7328380b77e1efe55fbc32533799db3f3ab1ccfb2b5050475a4fb02,Hungary,1,unverified_negative,unverified,unverified_negative,"[""Hungary""]","[""the U.S""]","[""the U.S""]",[],True,False,[]
inventors,validation,Jack Kilby,entity_aec8754dc4cdffe2afc82a85a14d93c643c5dc8b966b86964fa5a2887abeb83d,fact_cd9803d185dea2940bf6a612d744eabcb7ccf6aa8cd87c995d6749644b109f4a,Hungary,6,unverified_negative,unverified,unverified_negative,"[""Hungary""]","[""the U.S""]","[""the U.S""]",[],True,False,[]
inventors,validation,Charles Macintosh,entity_f249d194d83bf9f9f8e4af5ad5b4725f6080ed869483c7b3d6eae3b119b9e2e0,fact_ce42b5abee03b3c7a95153b5556567b4e74b154966e1998072e964da8b8bbf67,Hungary,3,unverified_negative,unverified,unverified_negative,"[""Hungary""]","[""the U.K""]","[""the U.K""]",[],True,False,[]
inventors,validation,James West,entity_cdbb5141199a0db8adec1540cc4ee2a12702a78916f3beded1be4aff5a034209,fact_d07d1473f742e5efbda303a174fe4fb58bcc3ec26ae62bd737cfa3845e842446,Russia,7,unverified_negative,unverified,unverified_negative,"[""Russia""]","[""the U.S""]","[""the U.S""]",[],True,False,[]
inventors,validation,Thomas Tompion,entity_139d3e2e593fa0f3f759a2512acdc431129eebca5b5f4acb837f03333e8beaf4,fact_d08afbd2bdf958a75d6bddba76aac69980a22da150403921954c7159eac3deba,the U.S,1,unverified_negative,unverified,unverified_negative,"[""the U.S""]","[""the U.K""]","[""the U.K""]",[],True,False,[]
inventors,validation,Charles Macintosh,entity_f249d194d83bf9f9f8e4af5ad5b4725f6080ed869483c7b3d6eae3b119b9e2e0,fact_d111be21ab039bb817e62606dbd0da423fc2938c85ec8b86ba7ba594f78b524e,Italy,5,unverified_negative,unverified,unverified_negative,"[""Italy""]","[""the U.K""]","[""the U.K""]",[],True,False,[]
inventors,validation,Ralph H. Baer,entity_b6fb097d878ac7342b2e225c8cdeb5fede6b75a16fa2c5267dc5ba662fbf1035,fact_d1ecd294536a593c45ee15630d5abf4a1bb25b011fa29a924d11854e01571b7f,France,1,supported_false,source_supported_false,supported_false,"[""France""]","[""the U.S""]","[""the U.S""]",[],True,False,[]
inventors,validation,Albert Ghiorso,entity_f964b69b76681a3f0fb0df8bb2e67c63d44e427b95272e593c1a64e22442c4bd,fact_d21d6621308d2672a42fd1e24381f7314c7c5e7484f5f915a63eca1ed3ac68f0,Hungary,6,unverified_negative,unverified,unverified_negative,"[""Hungary""]","[""the U.S""]","[""the U.S""]",[],True,False,[]
inventors,validation,Ralph Benjamin,entity_a58eabb760af6eee224a4bfb91fa1210dfa0639a5eaf485faade90f9891ac7b7,fact_d2d4a110b20f4c301b10f0c7cc303612e18319841dee5bfe8a1e283cf0f4286d,France,3,unverified_negative,unverified,unverified_negative,"[""France""]","[""the U.K""]","[""the U.K""]",[],True,False,[]
inventors,validation,Semyon Kirlian,entity_71ea87aa3d8cb80f916869fb07b5fe9f451020f2c6d7c598f507d5f8d9c64b12,fact_d36447dd4797300451df3ffb92834711dc96c044eac031d4b846e5b26352d3df,the U.K,1,supported_false,source_supported_false,supported_false,"[""the U.K""]","[""Russia""]","[""Russia""]",[],True,False,[]
inventors,validation,Daniel Fahrenheit,entity_b4d1b9ea82f2f6918da2be88084d26ff850bfc4fbb369e1f98756dfd0dd58d7c,fact_d45484758f9b7f041b66bb7b4eb0c871265ff4a4c0877ba82b5cad5df9bad368,France,5,unverified_negative,unverified,unverified_negative,"[""France""]","[""Poland/Germany""]","[""Germany"", ""Poland""]",[],True,False,[]
inventors,validation,Albert Ghiorso,entity_f964b69b76681a3f0fb0df8bb2e67c63d44e427b95272e593c1a64e22442c4bd,fact_d593aeb2578bed5264d2654c5cc7939a47bf1476b1df9adbe2bd8751205e0af0,the Netherlands,2,unverified_negative,unverified,unverified_negative,"[""the Netherlands""]","[""the U.S""]","[""the U.S""]",[],True,False,[]
inventors,validation,Charles Babbage,entity_0f7effc2038320c802c7fd8063cac3266e6cec92edc3397ab81e5c21098b2755,fact_d5bd576193b638edb428e0f4d0d3d410a52cfeb6d80e5aae004a71822ad52622,the U.S,4,unverified_negative,unverified,unverified_negative,"[""the U.S""]","[""the U.K""]","[""the U.K""]",[],True,False,[]
inventors,validation,Charles Babbage,entity_0f7effc2038320c802c7fd8063cac3266e6cec92edc3397ab81e5c21098b2755,fact_d700997831fd2033a59adaa0915a833d4c93dd4a839e1b7d6412cfda55c0f86b,Poland/Germany,2,unverified_negative,unverified,unverified_negative,"[""Poland"", ""Germany""]","[""the U.K""]","[""the U.K""]",[],False,True,"[""slash_valued""]"
inventors,validation,Jack Kilby,entity_aec8754dc4cdffe2afc82a85a14d93c643c5dc8b966b86964fa5a2887abeb83d,fact_d8136d30e107e1ef0908f97f8b0750acec61f110a84dd20cb677438930d4623a,France,3,unverified_negative,unverified,unverified_negative,"[""France""]","[""the U.S""]","[""the U.S""]",[],True,False,[]
inventors,validation,Ralph H. Baer,entity_b6fb097d878ac7342b2e225c8cdeb5fede6b75a16fa2c5267dc5ba662fbf1035,fact_d891378bc38ea5f20dd1c7fc24eaa420735a5a4def5875722ee0a3ca5b4bf7a0,the U.K,2,unverified_negative,unverified,unverified_negative,"[""the U.K""]","[""the U.S""]","[""the U.S""]",[],True,False,[]
inventors,validation,Dr. Robert Gallo,entity_b7e2c4e013cdd42301473e08b120cf95051567dfbe59d6a00cd3f3399bba3c27,fact_d8b83f4a2bf629a3104a3da6b10614dbc89e2c2c195226e67aa28f2f21d04b37,Russia,4,unverified_negative,unverified,unverified_negative,"[""Russia""]","[""the U.S""]","[""the U.S""]",[],True,False,[]
inventors,validation,Heinrich Göbel,entity_90cef7a60c34c52e26ddf9adbe58d2a30fe44b106c42b19e9f0f71312c23f78e,fact_d9c4c1f4de7cae61de69f149aadcecb863002dafa02f23fdaad2ff4ad2653405,the U.S,8,supported_false,source_supported_false,supported_false,"[""the U.S""]","[""Germany""]","[""Germany""]",[],True,False,[]
inventors,validation,Semyon Kirlian,entity_71ea87aa3d8cb80f916869fb07b5fe9f451020f2c6d7c598f507d5f8d9c64b12,fact_da00157610d677d95b7cc60e0e02d5bf1b5e144c830dc79ccb583b1c7bf6e391,France,8,unverified_negative,unverified,unverified_negative,"[""France""]","[""Russia""]","[""Russia""]",[],True,False,[]
inventors,validation,Evangelista Torricelli,entity_35f728f3f0a77b7c337e548cfa838a5cb505e0c69c3136176fc27c4f76645446,fact_da35c29d7a5dbc753773d7e89a164056656fff3d1ece48afaf275c7aefddc129,Hungary,8,unverified_negative,unverified,unverified_negative,"[""Hungary""]","[""Italy""]","[""Italy""]",[],True,False,[]
inventors,validation,Semyon Kirlian,entity_71ea87aa3d8cb80f916869fb07b5fe9f451020f2c6d7c598f507d5f8d9c64b12,fact_da66ae3bfbe8b749d165ae922def530442ae061e0d1b1bccc4c22c696f450f49,Italy,5,unverified_negative,unverified,unverified_negative,"[""Italy""]","[""Russia""]","[""Russia""]",[],True,False,[]
inventors,validation,Heinrich Hertz,entity_f8decc90c08060f8c1a0b2ee0493c561480c571c5854a5cdfe3ace18b85a664e,fact_daf4612377694fa4bb797a4f3ac0d39f692e9d8bce2b85b4ef109b736f776c22,the U.S,3,unverified_negative,unverified,unverified_negative,"[""the U.S""]","[""Germany""]","[""Germany""]",[],True,False,[]
inventors,validation,Evangelista Torricelli,entity_35f728f3f0a77b7c337e548cfa838a5cb505e0c69c3136176fc27c4f76645446,fact_db00e66fcde605a66818a00cbb6f260586f73bc7cb693c31cafc51c71f910007,the U.K,2,unverified_negative,unverified,unverified_negative,"[""the U.K""]","[""Italy""]","[""Italy""]",[],True,False,[]
inventors,validation,Samuel Morse,entity_d6584b250484b911f63edeaea00bb5b278b657a74db0366fe4f86017072b9554,fact_db364886f0eab9b85320a290704d867e24a8f9bb7345b690ebda0a572887f8cb,Hungary,4,unverified_negative,unverified,unverified_negative,"[""Hungary""]","[""the U.S""]","[""the U.S""]",[],True,False,[]
inventors,validation,László Bíró,entity_2f4ce36c38b11fdfd5c8a834eb613b9304e173ee66cdda793eb89b512bccf3fe,fact_dc8fa22a3496cffcba1075502acb10d699214306f0ccc2cd03aeab0291b2fd9d,Turkey/the U.S,7,unverified_negative,unverified,unverified_negative,"[""Turkey"", ""the U.S""]","[""Hungary""]","[""Hungary""]",[],False,True,"[""slash_valued""]"
inventors,validation,Hans von Ohain,entity_ce16964913ec67021826414115d9f0ba8433c02eb56061629a63e4079dd1063b,fact_dcb9c936b1b4dcc53f377fd4d1cae1559c59fbcb1a3e740db16278d6a90f604c,Hungary,8,unverified_negative,unverified,unverified_negative,"[""Hungary""]","[""Germany""]","[""Germany""]",[],True,False,[]
inventors,validation,Ruth Benerito,entity_46171df26c0b4200b2c874d1c88a82182381d3773b5d3e76ce4306583dccbde3,fact_dd7d5fc7b43d056069c12ea2ad84b8c9b21e9b1ae1eec16bb6f8a7adcc641b81,the U.K,5,unverified_negative,unverified,unverified_negative,"[""the U.K""]","[""the U.S""]","[""the U.S""]",[],True,False,[]
inventors,validation,Charles Babbage,entity_0f7effc2038320c802c7fd8063cac3266e6cec92edc3397ab81e5c21098b2755,fact_dd8e538a0a9aad85372383d6af64fbdea03fac6a7a8a0242e373eeec4e3116b4,France,6,unverified_negative,unverified,unverified_negative,"[""France""]","[""the U.K""]","[""the U.K""]",[],True,False,[]
inventors,validation,Galileo Galilei,entity_87ba9c4ed3f45b1d99791fb916d4b7698f19b8c62d09092ce1e5955702e160ac,fact_de3853b330361f66e14b54df99096e182e459584b7673ece6b0030fa5015dfef,Hungary,5,unverified_negative,unverified,unverified_negative,"[""Hungary""]","[""Italy""]","[""Italy""]",[],True,False,[]
inventors,validation,Heinrich Göbel,entity_90cef7a60c34c52e26ddf9adbe58d2a30fe44b106c42b19e9f0f71312c23f78e,fact_de4df89181f9ed2010fac566d2cfc6760da1f0cfe0c6d3e995b9c4e5f82b5780,France,4,unverified_negative,unverified,unverified_negative,"[""France""]","[""Germany""]","[""Germany""]",[],True,False,[]
inventors,validation,George Washington Carver,entity_b7e637d260e38ad137565106168f84be27450dd4d166c82509057d0af2e8deb4,fact_dfb41adbb6ac243cea31ae8090a919e80326bf2d2b815b1053dfff2e2762c4b6,Germany,7,unverified_negative,unverified,unverified_negative,"[""Germany""]","[""the U.S""]","[""the U.S""]",[],True,False,[]
inventors,validation,John Gorrie,entity_7f45b9113135b5be824569052cce980466d22fdf1336a3b8256c6eec63afb84d,fact_e1e1b6f01d3d3a0b7eb11ef41f8d3f9830125d475c61195b16af9e3ab39253e3,the U.K,5,unverified_negative,unverified,unverified_negative,"[""the U.K""]","[""the U.S""]","[""the U.S""]",[],True,False,[]
inventors,validation,Samuel Morse,entity_d6584b250484b911f63edeaea00bb5b278b657a74db0366fe4f86017072b9554,fact_e33cfeb226bdca91898090365d84c851d809af7600015e754f63f38f01e6b4b8,Turkey/the U.S,7,unverified_negative,unverified,invalid_known_true,"[""Turkey"", ""the U.S""]","[""the U.S""]","[""the U.S""]","[""the U.S""]",False,True,"[""slash_valued"", ""known_true_overlap""]"
inventors,validation,James Dyson,entity_3cc10d1cb884b9de43eb4ca32027d5275292c1cef31085d9fb2280f18e382bf6,fact_e39966ed5ce9b15b0724e2f5b625ca46546b83ced5c7aed709b20d496c434a83,Turkey/the U.S,3,unverified_negative,unverified,unverified_negative,"[""Turkey"", ""the U.S""]","[""the U.K""]","[""the U.K""]",[],False,True,"[""slash_valued""]"
inventors,validation,John Gorrie,entity_7f45b9113135b5be824569052cce980466d22fdf1336a3b8256c6eec63afb84d,fact_e50fae9800926693377846c414149fe41a3dbb032d9aa2410908712cd4acaf8f,Italy,6,supported_false,source_supported_false,supported_false,"[""Italy""]","[""the U.S""]","[""the U.S""]",[],True,False,[]
inventors,validation,Galileo Galilei,entity_87ba9c4ed3f45b1d99791fb916d4b7698f19b8c62d09092ce1e5955702e160ac,fact_e5b80ae59be7196927bde808dfc23d0760feb732ffc3b324f38d28960af39a8c,Germany,3,unverified_negative,unverified,unverified_negative,"[""Germany""]","[""Italy""]","[""Italy""]",[],True,False,[]
inventors,validation,Evangelista Torricelli,entity_35f728f3f0a77b7c337e548cfa838a5cb505e0c69c3136176fc27c4f76645446,fact_e63c638160be17552de5e5bcec354ad0cf58ff770b86070bd667cbf814345763,France,4,unverified_negative,unverified,unverified_negative,"[""France""]","[""Italy""]","[""Italy""]",[],True,False,[]
inventors,validation,Ralph Benjamin,entity_a58eabb760af6eee224a4bfb91fa1210dfa0639a5eaf485faade90f9891ac7b7,fact_e69286abc08e381e34b6a4f819f21ecd9e38bd8b6bb8a34d5c2e0a7bfb95eaf4,Germany,5,unverified_negative,unverified,unverified_negative,"[""Germany""]","[""the U.K""]","[""the U.K""]",[],True,False,[]
inventors,validation,Evangelista Torricelli,entity_35f728f3f0a77b7c337e548cfa838a5cb505e0c69c3136176fc27c4f76645446,fact_e824231e0503a68e20c6036516e4df112430e94ad781f2e6447e2a5febc3adf3,the Netherlands,6,unverified_negative,unverified,unverified_negative,"[""the Netherlands""]","[""Italy""]","[""Italy""]",[],True,False,[]
inventors,validation,James Dyson,entity_3cc10d1cb884b9de43eb4ca32027d5275292c1cef31085d9fb2280f18e382bf6,fact_e99e6c67b09d5e7e750ca47013b57c369888bf82771d3d66d5018a978c7a6634,France,2,unverified_negative,unverified,unverified_negative,"[""France""]","[""the U.K""]","[""the U.K""]",[],True,False,[]
inventors,validation,Benjamin Franklin,entity_3c4bb8b1972ad5b0ebf3ee26a975d216cdb1489989f696fe3b2baafa97e42385,fact_e9b966c527d1736d4ab8323a0d24d8c7fc7a958ddb5ef557ed13cb83f9948732,Germany,9,unverified_negative,unverified,unverified_negative,"[""Germany""]","[""the U.S""]","[""the U.S""]",[],True,False,[]
inventors,validation,Hans von Ohain,entity_ce16964913ec67021826414115d9f0ba8433c02eb56061629a63e4079dd1063b,fact_eac82b6a0d0fe7a0e482f7fe75e3745976e448fcf276a4bb680c0da8f0730719,the U.K,7,unverified_negative,unverified,unverified_negative,"[""the U.K""]","[""Germany""]","[""Germany""]",[],True,False,[]
inventors,validation,Guglielmo Marconi,entity_239e749eb7c4db0d69ebf9c5847b3001dd62656dc4aaf27d22ea171b98565390,fact_eba41ebe26c65c030f31fccb3f22dab4194e3dd276e8c2eb82e8f0d63f06e66f,Poland/Germany,4,unverified_negative,unverified,unverified_negative,"[""Poland"", ""Germany""]","[""Italy""]","[""Italy""]",[],False,True,"[""slash_valued""]"
inventors,validation,Joseph Henry,entity_3471ed3c6c0915f3c08a85c1bd8fe1ad6fd5b1f599ac9b886a7ca5b4eb860ffe,fact_ec936cf9bc988d53451717e155e850854110b3f9bd595e42462ce27bbb504471,Russia,8,unverified_negative,unverified,unverified_negative,"[""Russia""]","[""the U.S""]","[""the U.S""]",[],True,False,[]
inventors,validation,Albert Ghiorso,entity_f964b69b76681a3f0fb0df8bb2e67c63d44e427b95272e593c1a64e22442c4bd,fact_ee599a3d73390eb60016178d9e1758b6927e4cdb5b9cbc49be76b47ce6b5aac5,Italy,5,unverified_negative,unverified,unverified_negative,"[""Italy""]","[""the U.S""]","[""the U.S""]",[],True,False,[]
inventors,validation,Hans Berger,entity_46aec3c21230b9313b4424b000071b0776d84a2619e400a6c37896964827c06b,fact_efa694f815d12d251a97a713788ff1cfd88f76119df860ce4ed7dc20a61af71f,Turkey/the U.S,4,unverified_negative,unverified,unverified_negative,"[""Turkey"", ""the U.S""]","[""Germany""]","[""Germany""]",[],False,True,"[""slash_valued""]"
inventors,validation,Charles Tellier,entity_0ee34ff2c7e6084ac680e9f355836188aa17b6b1784f1c9351fcea08cbe9e07f,fact_f01ec4e2b06cfacb584e813045842f11da15dd8b98964e5649afcebf9dfa57e8,Hungary,7,unverified_negative,unverified,unverified_negative,"[""Hungary""]","[""France""]","[""France""]",[],True,False,[]
inventors,validation,Otis Boykin,entity_71bc6b785c53039152fa928881dea6e1b62dd760c5f92460306f0a6f054f2b52,fact_f01ef640dedd1d1134b80ed0a0d249019a626c3581d61b1d705b2253c56fdee7,Italy,9,unverified_negative,unverified,unverified_negative,"[""Italy""]","[""the U.S""]","[""the U.S""]",[],True,False,[]
inventors,validation,Ralph Benjamin,entity_a58eabb760af6eee224a4bfb91fa1210dfa0639a5eaf485faade90f9891ac7b7,fact_f0b2c2cb68a52add04af5930beb7614b572941418183b22537a3943019da2bae,Russia,8,unverified_negative,unverified,unverified_negative,"[""Russia""]","[""the U.K""]","[""the U.K""]",[],True,False,[]
inventors,validation,Samuel Morse,entity_d6584b250484b911f63edeaea00bb5b278b657a74db0366fe4f86017072b9554,fact_f1aefd3f4021be3395ea7908139529e7c7f8819a1c7d3ee72a260eade5022d07,the U.K,6,unverified_negative,unverified,unverified_negative,"[""the U.K""]","[""the U.S""]","[""the U.S""]",[],True,False,[]
inventors,validation,Sir Humphry Davy,entity_b62dadf04b8257cddafb6664198b81d8cdc9597de046402994a7dde2fe8bfa19,fact_f1caaba3942dc8b1aeeaeeb7c9521201e3c8c60737e5f7b46f42eced6843a816,Hungary,7,unverified_negative,unverified,unverified_negative,"[""Hungary""]","[""the U.K""]","[""the U.K""]",[],True,False,[]
inventors,validation,Dr. Robert Gallo,entity_b7e2c4e013cdd42301473e08b120cf95051567dfbe59d6a00cd3f3399bba3c27,fact_f24fe1dac2310ee76981e9dbf1cc56e1d70557d7365d6a062c94803f2640a4fb,Turkey/the U.S,3,unverified_negative,unverified,invalid_known_true,"[""Turkey"", ""the U.S""]","[""the U.S""]","[""the U.S""]","[""the U.S""]",False,True,"[""slash_valued"", ""known_true_overlap""]"
inventors,validation,Jack Kilby,entity_aec8754dc4cdffe2afc82a85a14d93c643c5dc8b966b86964fa5a2887abeb83d,fact_f2a574688d544a41be61a22628908132eb6ebcc23d1b1a04270376b052209630,the Netherlands,4,unverified_negative,unverified,unverified_negative,"[""the Netherlands""]","[""the U.S""]","[""the U.S""]",[],True,False,[]
inventors,validation,Ruth Benerito,entity_46171df26c0b4200b2c874d1c88a82182381d3773b5d3e76ce4306583dccbde3,fact_f32ce45de5687abe6e997542b58267b3d8fc9b0d91ae534fa54ad55464bb711c,Italy,1,unverified_negative,unverified,unverified_negative,"[""Italy""]","[""the U.S""]","[""the U.S""]",[],True,False,[]
inventors,validation,Sir Humphry Davy,entity_b62dadf04b8257cddafb6664198b81d8cdc9597de046402994a7dde2fe8bfa19,fact_f3474749075bd3a2b890d2e23cf0adca0b1a47b104ec07dc005dab4fcac43282,the Netherlands,6,unverified_negative,unverified,unverified_negative,"[""the Netherlands""]","[""the U.K""]","[""the U.K""]",[],True,False,[]
inventors,validation,Luther Simjian,entity_ad0f76b68a06b055bd0a3410070ce3c38668ff488c51ba531d80d9fcc2a179e9,fact_f470b61227fc90617c0ccd6cd7a699914a1b7811b48b62cf1658f3382e83169d,Russia,9,unverified_negative,unverified,unverified_negative,"[""Russia""]","[""Turkey/the U.S""]","[""Turkey"", ""the U.S""]",[],True,False,[]
inventors,validation,Sir Humphry Davy,entity_b62dadf04b8257cddafb6664198b81d8cdc9597de046402994a7dde2fe8bfa19,fact_f658a5895eca4a0ea6268d2c7acd7385b7d2314100a646efebac9e52f205c2ad,Turkey/the U.S,5,unverified_negative,unverified,unverified_negative,"[""Turkey"", ""the U.S""]","[""the U.K""]","[""the U.K""]",[],False,True,"[""slash_valued""]"
inventors,validation,Heinrich Hertz,entity_f8decc90c08060f8c1a0b2ee0493c561480c571c5854a5cdfe3ace18b85a664e,fact_f7288ab47a57802626e323624c316606d181654e16f9d69e6bbc7eec9e75430a,the Netherlands,2,unverified_negative,unverified,unverified_negative,"[""the Netherlands""]","[""Germany""]","[""Germany""]",[],True,False,[]
inventors,validation,Jean-Bernard-Léon Foucault,entity_4dce103e107687e2284e09458d41c768ae88022d938580f00e2fedb13d278fa2,fact_f72ef6156dc5375fd7feb011c1f41edb72e8c38e0b0bd091b4222a230242e6d4,the U.K,4,unverified_negative,unverified,unverified_negative,"[""the U.K""]","[""France""]","[""France""]",[],True,False,[]
inventors,validation,Willis Carrier,entity_417f275f5195f76d44ba237527339a3328dea19320e594059d895c65bb6beb8e,fact_f9283612f4848bb7c45c70512c5cbdf21583557ef8a91928c54bf65cb7065a3a,Poland/Germany,2,unverified_negative,unverified,unverified_negative,"[""Poland"", ""Germany""]","[""the U.S""]","[""the U.S""]",[],False,True,"[""slash_valued""]"
inventors,validation,Heinrich Hertz,entity_f8decc90c08060f8c1a0b2ee0493c561480c571c5854a5cdfe3ace18b85a664e,fact_fa9f86fd3e7fc60a301c702a61b6614ae41f9c610f7267c5b87566197c850c68,Hungary,1,unverified_negative,unverified,unverified_negative,"[""Hungary""]","[""Germany""]","[""Germany""]",[],True,False,[]
inventors,validation,Charles Tellier,entity_0ee34ff2c7e6084ac680e9f355836188aa17b6b1784f1c9351fcea08cbe9e07f,fact_fb8028c1634ac104a19dec7ba27be69cd0064acab2ee3f8b50cfd9b64c2d84f1,the U.K,5,supported_false,source_supported_false,supported_false,"[""the U.K""]","[""France""]","[""France""]",[],True,False,[]
inventors,validation,Ada Lovelace,entity_bc0220be2bdd8b82a606837c21221687afe5fcf787f7a6b111c0fe09f43276c9,fact_fbfc182fc455f34dbab2323a03f91d230908a1ec76ffd31922ab6b1d061fbca1,France,2,unverified_negative,unverified,unverified_negative,"[""France""]","[""the U.K""]","[""the U.K""]",[],True,False,[]
inventors,validation,Ralph H. Baer,entity_b6fb097d878ac7342b2e225c8cdeb5fede6b75a16fa2c5267dc5ba662fbf1035,fact_fd404213bf1c170f98b2853f0d635df2a71eccec98a0b24b1809c18bea64b107,Germany,8,unverified_negative,unverified,unverified_negative,"[""Germany""]","[""the U.S""]","[""the U.S""]",[],True,False,[]
inventors,validation,Ferdinand von Zeppelin,entity_830b1885955d1ea7c20a80a16076e78e9caedbc946e0a201b2c7e653a6ddb955,fact_fe356e454f0198b66a83a8f16de81d39891b87d760678d5ba487e250c7eb9e54,Turkey/the U.S,9,unverified_negative,unverified,unverified_negative,"[""Turkey"", ""the U.S""]","[""Germany""]","[""Germany""]",[],False,True,"[""slash_valued""]"
inventors,validation,Galileo Galilei,entity_87ba9c4ed3f45b1d99791fb916d4b7698f19b8c62d09092ce1e5955702e160ac,fact_fe9c8901a92c8759459511bd8700cc2ac69514e88408f5672b17ad069eb571b9,the Netherlands,2,unverified_negative,unverified,unverified_negative,"[""the Netherlands""]","[""Italy""]","[""Italy""]",[],True,False,[]
inventors,validation,Hans Lippershey,entity_19acb9901c43e657053cbfb0fda6ee21c0992ea2adc7d3e0b7d3d90c6d3c4d92,fact_fe9fedf7cb666dc7c44f5b5aaeaa69e33030710ed3a4eedceec8aab541db3170,Italy,8,unverified_negative,unverified,unverified_negative,"[""Italy""]","[""the Netherlands""]","[""the Netherlands""]",[],True,False,[]
inventors,validation,Sir Humphry Davy,entity_b62dadf04b8257cddafb6664198b81d8cdc9597de046402994a7dde2fe8bfa19,fact_ff921d848ecae9baeeeb0c2504516c76509668d2b206eaa03ef6cb2e387c2329,Italy,4,unverified_negative,unverified,unverified_negative,"[""Italy""]","[""the U.K""]","[""the U.K""]",[],True,False,[]
