pair_id,topic,split,entity_a_id,entity_b_id,person_a_key,person_b_key
pair_4b01eaf252e7dc96a5581f120fd1c365777aee0ba5eb2cdb9da86494ca882785,animal_class,test,entity_13dbeb5620bc7c2e30ca183d8f02462339a4e4795d7b8e6c29940d59e119d408,entity_2f41b95a84fffda5247dc8f878ade85a62e98902d2fdc8bf02cb51da3cd89f7b,entity_13dbeb5620bc7c2e30ca183d8f02462339a4e4795d7b8e6c29940d59e119d408,entity_2f41b95a84fffda5247dc8f878ade85a62e98902d2fdc8bf02cb51da3cd89f7b
pair_e2881e859b28b3a738bb80882079d502f3591bb2b9890f37d96a2913488845d0,animal_class,test,entity_13dbeb5620bc7c2e30ca183d8f02462339a4e4795d7b8e6c29940d59e119d408,entity_b1babcfc1be02497546518e515f44be6c3a290282570c2eec738d6c34a702f49,entity_13dbeb5620bc7c2e30ca183d8f02462339a4e4795d7b8e6c29940d59e119d408,entity_b1babcfc1be02497546518e515f44be6c3a290282570c2eec738d6c34a702f49
pair_4fb7c4aa6256f4d4ace321d2d6437b15f556af4d50e402818906950c91670b22,animal_class,test,entity_13dbeb5620bc7c2e30ca183d8f02462339a4e4795d7b8e6c29940d59e119d408,entity_f4d4024c7a52ae4d594ecf54e15b1043fff23e44e062e8e12e64fd0ae9c192cd,entity_13dbeb5620bc7c2e30ca183d8f02462339a4e4795d7b8e6c29940d59e119d408,entity_f4d4024c7a52ae4d594ecf54e15b1043fff23e44e062e8e12e64fd0ae9c192cd
pair_08824aac735c0d28e9357fac797b23f90ddff0fce2634064afc9fbf0dd7af47d,animal_class,test,entity_13dbeb5620bc7c2e30ca183d8f02462339a4e4795d7b8e6c29940d59e119d408,entity_f91d308a463c268f594aabf26af70c8094bb08c36eb99344c24d9b8712d9a93d,entity_13dbeb5620bc7c2e30ca183d8f02462339a4e4795d7b8e6c29940d59e119d408,entity_f91d308a463c268f594aabf26af70c8094bb08c36eb99344c24d9b8712d9a93d
pair_581feb4cf1918ff78cae14035b306d2bec6ec021ebb75c5475166d2996c9d282,animal_class,test,entity_22cb332d026cbd05486ad774a4e83a4c9285d4c27a637fe16990c962f914ca74,entity_72421257e0aa571e560bd817c9d908c0168ccf6d61809b851ec9e14eced5ac46,entity_22cb332d026cbd05486ad774a4e83a4c9285d4c27a637fe16990c962f914ca74,entity_72421257e0aa571e560bd817c9d908c0168ccf6d61809b851ec9e14eced5ac46
pair_f3f8be2b3b8210448b059424c6b64a42659c4e1ec75ea447a695154b51a7230b,animal_class,test,entity_22cb332d026cbd05486ad774a4e83a4c9285d4c27a637fe16990c962f914ca74,entity_a6006e723f6ee47ef3d70ba87ae3775fdbce6066a1aaad6b78808ad0dda6f5d1,entity_22cb332d026cbd05486ad774a4e83a4c9285d4c27a637fe16990c962f914ca74,entity_a6006e723f6ee47ef3d70ba87ae3775fdbce6066a1aaad6b78808ad0dda6f5d1
pair_4c19fc18bf621690d4c10fbd6cd33569c4098d6c1c1c85b031bb5ba6d91e0881,animal_class,test,entity_22cb332d026cbd05486ad774a4e83a4c9285d4c27a637fe16990c962f914ca74,entity_beb08a31b82a3300a7021476d4ad421412c77c6fc9b89104cae73c41c6c3ab6d,entity_22cb332d026cbd05486ad774a4e83a4c9285d4c27a637fe16990c962f914ca74,entity_beb08a31b82a3300a7021476d4ad421412c77c6fc9b89104cae73c41c6c3ab6d
pair_3eee7d2ae19a846088daa268390878fe4d873c5627ce470d7164fae514d14694,animal_class,test,entity_22cb332d026cbd05486ad774a4e83a4c9285d4c27a637fe16990c962f914ca74,entity_d48171c3e635c529386752f9f90a9a68371123f0c706474d51e3078832bb5bdd,entity_22cb332d026cbd05486ad774a4e83a4c9285d4c27a637fe16990c962f914ca74,entity_d48171c3e635c529386752f9f90a9a68371123f0c706474d51e3078832bb5bdd
pair_75744a94da8b1179f39841ee80e6ff7183bddbff8950c40ed0943a4f7d85926e,animal_class,test,entity_2f41b95a84fffda5247dc8f878ade85a62e98902d2fdc8bf02cb51da3cd89f7b,entity_b1babcfc1be02497546518e515f44be6c3a290282570c2eec738d6c34a702f49,entity_2f41b95a84fffda5247dc8f878ade85a62e98902d2fdc8bf02cb51da3cd89f7b,entity_b1babcfc1be02497546518e515f44be6c3a290282570c2eec738d6c34a702f49
pair_64ef03976c3c322c21592eaba646d8f9433180c925760e3f920a8aa52e961f7e,animal_class,test,entity_2f41b95a84fffda5247dc8f878ade85a62e98902d2fdc8bf02cb51da3cd89f7b,entity_e3a2a4b576e6e77841ba50fc358288128a2811a2dab716d3e67af7c5931db96b,entity_2f41b95a84fffda5247dc8f878ade85a62e98902d2fdc8bf02cb51da3cd89f7b,entity_e3a2a4b576e6e77841ba50fc358288128a2811a2dab716d3e67af7c5931db96b
pair_b50cbb697f8ff37d6e5e88a22c968847de4054857186cd84033ecb9bf8800e1b,animal_class,test,entity_2f41b95a84fffda5247dc8f878ade85a62e98902d2fdc8bf02cb51da3cd89f7b,entity_f4d4024c7a52ae4d594ecf54e15b1043fff23e44e062e8e12e64fd0ae9c192cd,entity_2f41b95a84fffda5247dc8f878ade85a62e98902d2fdc8bf02cb51da3cd89f7b,entity_f4d4024c7a52ae4d594ecf54e15b1043fff23e44e062e8e12e64fd0ae9c192cd
pair_f0eb21537e2cc17b7bcd316adcb6ed8527b87e1a21e6fa3305ac87ad538dfa1d,animal_class,test,entity_5d80399abfae6906d20a7e5c5c47e01cd21173dd6593026f3ef47c100f0e7e84,entity_83829389b3aaabbb5deeadaebde825dc2afaff80585fe3a07a2309c678753cda,entity_5d80399abfae6906d20a7e5c5c47e01cd21173dd6593026f3ef47c100f0e7e84,entity_83829389b3aaabbb5deeadaebde825dc2afaff80585fe3a07a2309c678753cda
pair_76c57f17e05133471d4e0afa59082af1af5c66b41a67bd6e70b70514be19bad5,animal_class,test,entity_5d80399abfae6906d20a7e5c5c47e01cd21173dd6593026f3ef47c100f0e7e84,entity_ba9dd4abfe076fd81cca294e27b2301970d98c760a333d20ff20d376451b0b43,entity_5d80399abfae6906d20a7e5c5c47e01cd21173dd6593026f3ef47c100f0e7e84,entity_ba9dd4abfe076fd81cca294e27b2301970d98c760a333d20ff20d376451b0b43
pair_12bfb79724b2c0489a6f7b82ed62fe948a22ec84dd9fd75509f5f41f3423d641,animal_class,test,entity_5d80399abfae6906d20a7e5c5c47e01cd21173dd6593026f3ef47c100f0e7e84,entity_ec9d1ec0b40ac324795594cc0ffb3174fa93056dca871630bd97b979f7b32b41,entity_5d80399abfae6906d20a7e5c5c47e01cd21173dd6593026f3ef47c100f0e7e84,entity_ec9d1ec0b40ac324795594cc0ffb3174fa93056dca871630bd97b979f7b32b41
pair_2eaef5adc200ba6ce0d06dbf7b1db14bbda90e0a3f525cffafeca5d6fb494bbd,animal_class,test,entity_5d80399abfae6906d20a7e5c5c47e01cd21173dd6593026f3ef47c100f0e7e84,entity_f91d308a463c268f594aabf26af70c8094bb08c36eb99344c24d9b8712d9a93d,entity_5d80399abfae6906d20a7e5c5c47e01cd21173dd6593026f3ef47c100f0e7e84,entity_f91d308a463c268f594aabf26af70c8094bb08c36eb99344c24d9b8712d9a93d
pair_5de6f2fa139c2b90456588bd627d319ad1249f98c95b9036855784b455ac1f0a,animal_class,test,entity_72421257e0aa571e560bd817c9d908c0168ccf6d61809b851ec9e14eced5ac46,entity_a6006e723f6ee47ef3d70ba87ae3775fdbce6066a1aaad6b78808ad0dda6f5d1,entity_72421257e0aa571e560bd817c9d908c0168ccf6d61809b851ec9e14eced5ac46,entity_a6006e723f6ee47ef3d70ba87ae3775fdbce6066a1aaad6b78808ad0dda6f5d1
pair_2f54e59005e187e7d57e7120c8fbbbe0b2f76ca8d12591704f51e163622dd742,animal_class,test,entity_72421257e0aa571e560bd817c9d908c0168ccf6d61809b851ec9e14eced5ac46,entity_bda459cffbfe04b6738942b9a3003a45cc910dac616119ca02631c375136e818,entity_72421257e0aa571e560bd817c9d908c0168ccf6d61809b851ec9e14eced5ac46,entity_bda459cffbfe04b6738942b9a3003a45cc910dac616119ca02631c375136e818
pair_e56c98f062a6e2ea3a18a6538bbeee393ff3a67d8eb9c2bff4b053a93927e05b,animal_class,test,entity_72421257e0aa571e560bd817c9d908c0168ccf6d61809b851ec9e14eced5ac46,entity_d48171c3e635c529386752f9f90a9a68371123f0c706474d51e3078832bb5bdd,entity_72421257e0aa571e560bd817c9d908c0168ccf6d61809b851ec9e14eced5ac46,entity_d48171c3e635c529386752f9f90a9a68371123f0c706474d51e3078832bb5bdd
pair_9aae6b9859dfb120724a9b333aed80b825cf91becc76a1356b94b1c82158157f,animal_class,test,entity_83829389b3aaabbb5deeadaebde825dc2afaff80585fe3a07a2309c678753cda,entity_ba9dd4abfe076fd81cca294e27b2301970d98c760a333d20ff20d376451b0b43,entity_83829389b3aaabbb5deeadaebde825dc2afaff80585fe3a07a2309c678753cda,entity_ba9dd4abfe076fd81cca294e27b2301970d98c760a333d20ff20d376451b0b43
pair_7cdf213a55f4c1a648ff0daac2eefe045d6baab526a4999b0ce22ceeb42c5383,animal_class,test,entity_83829389b3aaabbb5deeadaebde825dc2afaff80585fe3a07a2309c678753cda,entity_f4d4024c7a52ae4d594ecf54e15b1043fff23e44e062e8e12e64fd0ae9c192cd,entity_83829389b3aaabbb5deeadaebde825dc2afaff80585fe3a07a2309c678753cda,entity_f4d4024c7a52ae4d594ecf54e15b1043fff23e44e062e8e12e64fd0ae9c192cd
pair_900556ad7b2af3fbbc9690fea39aa62cb3b63c3e2d89491f234ff659807c41eb,animal_class,test,entity_83829389b3aaabbb5deeadaebde825dc2afaff80585fe3a07a2309c678753cda,entity_f91d308a463c268f594aabf26af70c8094bb08c36eb99344c24d9b8712d9a93d,entity_83829389b3aaabbb5deeadaebde825dc2afaff80585fe3a07a2309c678753cda,entity_f91d308a463c268f594aabf26af70c8094bb08c36eb99344c24d9b8712d9a93d
pair_e782686c0d31e5f6160715a7e8617f3a7dc4ce1f87a5178a9c7f98c573e9e225,animal_class,test,entity_a6006e723f6ee47ef3d70ba87ae3775fdbce6066a1aaad6b78808ad0dda6f5d1,entity_beb08a31b82a3300a7021476d4ad421412c77c6fc9b89104cae73c41c6c3ab6d,entity_a6006e723f6ee47ef3d70ba87ae3775fdbce6066a1aaad6b78808ad0dda6f5d1,entity_beb08a31b82a3300a7021476d4ad421412c77c6fc9b89104cae73c41c6c3ab6d
pair_8d78dc6f45eb588d373e5462c42714525563dc16eb5d53297901a1d135bf61e2,animal_class,test,entity_a6006e723f6ee47ef3d70ba87ae3775fdbce6066a1aaad6b78808ad0dda6f5d1,entity_ec9d1ec0b40ac324795594cc0ffb3174fa93056dca871630bd97b979f7b32b41,entity_a6006e723f6ee47ef3d70ba87ae3775fdbce6066a1aaad6b78808ad0dda6f5d1,entity_ec9d1ec0b40ac324795594cc0ffb3174fa93056dca871630bd97b979f7b32b41
pair_6472ad64a8f93773605a8ac9f89ab3f99d35303d2235562cd4219046604c612a,animal_class,test,entity_b1babcfc1be02497546518e515f44be6c3a290282570c2eec738d6c34a702f49,entity_bda459cffbfe04b6738942b9a3003a45cc910dac616119ca02631c375136e818,entity_b1babcfc1be02497546518e515f44be6c3a290282570c2eec738d6c34a702f49,entity_bda459cffbfe04b6738942b9a3003a45cc910dac616119ca02631c375136e818
pair_2205e16464d2feac08c9619a1950f51ea81587a1ac3981e7b4fd423668c540f6,animal_class,test,entity_b1babcfc1be02497546518e515f44be6c3a290282570c2eec738d6c34a702f49,entity_e3a2a4b576e6e77841ba50fc358288128a2811a2dab716d3e67af7c5931db96b,entity_b1babcfc1be02497546518e515f44be6c3a290282570c2eec738d6c34a702f49,entity_e3a2a4b576e6e77841ba50fc358288128a2811a2dab716d3e67af7c5931db96b
pair_9624cfec16a53102f184642c2bfbcef75836c1f5cc5cb90d34637f84f8f7733a,animal_class,test,entity_ba9dd4abfe076fd81cca294e27b2301970d98c760a333d20ff20d376451b0b43,entity_beb08a31b82a3300a7021476d4ad421412c77c6fc9b89104cae73c41c6c3ab6d,entity_ba9dd4abfe076fd81cca294e27b2301970d98c760a333d20ff20d376451b0b43,entity_beb08a31b82a3300a7021476d4ad421412c77c6fc9b89104cae73c41c6c3ab6d
pair_1e8e8163fbaa5fe06383daa9d5b46c2b956641bc56a858cbd8928f1208ed366d,animal_class,test,entity_ba9dd4abfe076fd81cca294e27b2301970d98c760a333d20ff20d376451b0b43,entity_ec9d1ec0b40ac324795594cc0ffb3174fa93056dca871630bd97b979f7b32b41,entity_ba9dd4abfe076fd81cca294e27b2301970d98c760a333d20ff20d376451b0b43,entity_ec9d1ec0b40ac324795594cc0ffb3174fa93056dca871630bd97b979f7b32b41
pair_eb4868ad81a6aef4bb72db11547293268fdc42effa0d9721bac33d47d9877b34,animal_class,test,entity_bda459cffbfe04b6738942b9a3003a45cc910dac616119ca02631c375136e818,entity_d48171c3e635c529386752f9f90a9a68371123f0c706474d51e3078832bb5bdd,entity_bda459cffbfe04b6738942b9a3003a45cc910dac616119ca02631c375136e818,entity_d48171c3e635c529386752f9f90a9a68371123f0c706474d51e3078832bb5bdd
pair_921b7ad6774d9f3a0025c7d13cbc3573510d9263540ac77b270ed92e1119c604,animal_class,test,entity_bda459cffbfe04b6738942b9a3003a45cc910dac616119ca02631c375136e818,entity_e3a2a4b576e6e77841ba50fc358288128a2811a2dab716d3e67af7c5931db96b,entity_bda459cffbfe04b6738942b9a3003a45cc910dac616119ca02631c375136e818,entity_e3a2a4b576e6e77841ba50fc358288128a2811a2dab716d3e67af7c5931db96b
pair_551b459f8e2a951e8f10065fc7f7bff834feb8f345f1ac5ef45c05d31b4b028f,animal_class,test,entity_beb08a31b82a3300a7021476d4ad421412c77c6fc9b89104cae73c41c6c3ab6d,entity_ec9d1ec0b40ac324795594cc0ffb3174fa93056dca871630bd97b979f7b32b41,entity_beb08a31b82a3300a7021476d4ad421412c77c6fc9b89104cae73c41c6c3ab6d,entity_ec9d1ec0b40ac324795594cc0ffb3174fa93056dca871630bd97b979f7b32b41
pair_1b4b1202aea6ee473cb1c8907f8832d0f93ad9298e97494fa4ffc32bb3f10655,animal_class,test,entity_d48171c3e635c529386752f9f90a9a68371123f0c706474d51e3078832bb5bdd,entity_e3a2a4b576e6e77841ba50fc358288128a2811a2dab716d3e67af7c5931db96b,entity_d48171c3e635c529386752f9f90a9a68371123f0c706474d51e3078832bb5bdd,entity_e3a2a4b576e6e77841ba50fc358288128a2811a2dab716d3e67af7c5931db96b
pair_2c13c1044d1b9ae92cf3b4fd7400c91f25365d39c22a504c4e129b829e80d2af,animal_class,test,entity_f4d4024c7a52ae4d594ecf54e15b1043fff23e44e062e8e12e64fd0ae9c192cd,entity_f91d308a463c268f594aabf26af70c8094bb08c36eb99344c24d9b8712d9a93d,entity_f4d4024c7a52ae4d594ecf54e15b1043fff23e44e062e8e12e64fd0ae9c192cd,entity_f91d308a463c268f594aabf26af70c8094bb08c36eb99344c24d9b8712d9a93d
pair_132625668fbd7a0a27979969c2c29967dde4b934c1686732952249543db7416e,cities,test,entity_00a8ba76adcf09799c2ec245854d4112c147da403f9c45b08d036821dd8a3aca,entity_0d994af6e50a32879f6d9b8ef43be92a4a6be52001453e15ef8774240eac9aff,entity_00a8ba76adcf09799c2ec245854d4112c147da403f9c45b08d036821dd8a3aca,entity_0d994af6e50a32879f6d9b8ef43be92a4a6be52001453e15ef8774240eac9aff
pair_746e23dc5b4cb13053706fdce84c11b3c744928755f931642208716cb5e59a4a,cities,test,entity_00a8ba76adcf09799c2ec245854d4112c147da403f9c45b08d036821dd8a3aca,entity_1950a397b780c04c6103f7416040402d84d6ac2139f282177bc1f034f5d99612,entity_00a8ba76adcf09799c2ec245854d4112c147da403f9c45b08d036821dd8a3aca,entity_1950a397b780c04c6103f7416040402d84d6ac2139f282177bc1f034f5d99612
pair_21aac144d5af73ceb56e3e51ee25d0a89ee4114e053c1c90a7b3259982aa5744,cities,test,entity_00a8ba76adcf09799c2ec245854d4112c147da403f9c45b08d036821dd8a3aca,entity_94e58db2415e654a3e6553d61d321e1220cd5c3ab4d7291a8d3097bd2a043a8b,entity_00a8ba76adcf09799c2ec245854d4112c147da403f9c45b08d036821dd8a3aca,entity_94e58db2415e654a3e6553d61d321e1220cd5c3ab4d7291a8d3097bd2a043a8b
pair_b07c578dd0ca11b5ba0ce49ce561e568f6e1ea33b051eb27a336cb327eddb63c,cities,test,entity_00a8ba76adcf09799c2ec245854d4112c147da403f9c45b08d036821dd8a3aca,entity_e876bfa48684caf7b28ba29e153a6b421056bbb7c8a0917071245ab8084a05d3,entity_00a8ba76adcf09799c2ec245854d4112c147da403f9c45b08d036821dd8a3aca,entity_e876bfa48684caf7b28ba29e153a6b421056bbb7c8a0917071245ab8084a05d3
pair_cc5bd91e79e452f818470ff591e4f49fa063467c1ae4273913c7196f8cadd3f0,cities,test,entity_0102dcbf27419ef7f8cc2c206643a5cc8800b3fd834b3f9da208367fa6a119a8,entity_2b3ed331b56ff38842edba2d0a1addd2e54a84dd1a7c24da05d036ccf1e8791f,entity_0102dcbf27419ef7f8cc2c206643a5cc8800b3fd834b3f9da208367fa6a119a8,entity_2b3ed331b56ff38842edba2d0a1addd2e54a84dd1a7c24da05d036ccf1e8791f
pair_cf9da81af37159f67305a41f0e24ad232c544a1dbfc2f64cd388d636c6d76835,cities,test,entity_0102dcbf27419ef7f8cc2c206643a5cc8800b3fd834b3f9da208367fa6a119a8,entity_354dee94e4f11f829585b190946c3ff7df3dc89ba31c606f9b1389b9c512cbeb,entity_0102dcbf27419ef7f8cc2c206643a5cc8800b3fd834b3f9da208367fa6a119a8,entity_354dee94e4f11f829585b190946c3ff7df3dc89ba31c606f9b1389b9c512cbeb
pair_ad87201a0d7bb202f646e4ef0fb513b26a4a4f366a0b380e242da890b24ab465,cities,test,entity_0102dcbf27419ef7f8cc2c206643a5cc8800b3fd834b3f9da208367fa6a119a8,entity_3e9b92a97736c8b52bd54a64c265df4fd7087ee4a612c54c9ee1cba5decac816,entity_0102dcbf27419ef7f8cc2c206643a5cc8800b3fd834b3f9da208367fa6a119a8,entity_3e9b92a97736c8b52bd54a64c265df4fd7087ee4a612c54c9ee1cba5decac816
pair_15f122dc8270ea0f4eef964e919a69a553c48b228f6ad9c8b6421db65daea478,cities,test,entity_0102dcbf27419ef7f8cc2c206643a5cc8800b3fd834b3f9da208367fa6a119a8,entity_4ec97c5bef97e5a051a32a953e1349310b7aa363c858eb57cb87120da2d7f41b,entity_0102dcbf27419ef7f8cc2c206643a5cc8800b3fd834b3f9da208367fa6a119a8,entity_4ec97c5bef97e5a051a32a953e1349310b7aa363c858eb57cb87120da2d7f41b
pair_8c33dc1ff8dedc8d383ea2da2e2becf97d1ca5a37da8a2ae4b0c9ae23dbd9a04,cities,test,entity_014da50add13874c2d22c00629c4655c9f958d8b3b64bb3b786c21e3d5b8e4d7,entity_12d70ce3b3b984d3354fab430e8b79dd2951fbd58144341783d549ef11a79c1c,entity_014da50add13874c2d22c00629c4655c9f958d8b3b64bb3b786c21e3d5b8e4d7,entity_12d70ce3b3b984d3354fab430e8b79dd2951fbd58144341783d549ef11a79c1c
pair_8414fadc974c9d13d58eef636cfd550454cd7f192d439689f9e41c4bbf1c4969,cities,test,entity_014da50add13874c2d22c00629c4655c9f958d8b3b64bb3b786c21e3d5b8e4d7,entity_1aeeebb7b2e64fdcd666004a4701a715c9db78840316a3ddd48c16305166c2f6,entity_014da50add13874c2d22c00629c4655c9f958d8b3b64bb3b786c21e3d5b8e4d7,entity_1aeeebb7b2e64fdcd666004a4701a715c9db78840316a3ddd48c16305166c2f6
pair_a85a581b01c804d6673f46c6b6f74bc3d58631a3b80ae8d09ef5061751c6fb66,cities,test,entity_014da50add13874c2d22c00629c4655c9f958d8b3b64bb3b786c21e3d5b8e4d7,entity_3b91e78d999fd2164477e1dfb5d28a19fc9e92f9d79cf1399eaf2ffecb8cc6f1,entity_014da50add13874c2d22c00629c4655c9f958d8b3b64bb3b786c21e3d5b8e4d7,entity_3b91e78d999fd2164477e1dfb5d28a19fc9e92f9d79cf1399eaf2ffecb8cc6f1
pair_e9977c37747f5778a51de829c7bf0322a6c6e2d3234c6be6278fc163762008ba,cities,test,entity_014da50add13874c2d22c00629c4655c9f958d8b3b64bb3b786c21e3d5b8e4d7,entity_7ae07b499b598c201dbe755407727be3fbb01054fc6e889a6f946a93780d1fd0,entity_014da50add13874c2d22c00629c4655c9f958d8b3b64bb3b786c21e3d5b8e4d7,entity_7ae07b499b598c201dbe755407727be3fbb01054fc6e889a6f946a93780d1fd0
pair_e5e93c50962c0ce4541313b5a28f40ebebbf8322680898a344fc1e7eaa38823b,cities,test,entity_0272571426c0b3122c9a50c1373fafe7d51b10508cce64a8efa269161c196261,entity_51d69b0568f9d78b4bd166af53b616d7e82d804e92f457df8fbe2787d95e0955,entity_0272571426c0b3122c9a50c1373fafe7d51b10508cce64a8efa269161c196261,entity_51d69b0568f9d78b4bd166af53b616d7e82d804e92f457df8fbe2787d95e0955
pair_e8ae5e2e04bce5333b67d90fcfcc20a42047e01982235628c12555ae97f69ef6,cities,test,entity_0272571426c0b3122c9a50c1373fafe7d51b10508cce64a8efa269161c196261,entity_67c55f75f6edef8e73844e1e6a60ff1c019c55db743ef14a30d22d219990e1da,entity_0272571426c0b3122c9a50c1373fafe7d51b10508cce64a8efa269161c196261,entity_67c55f75f6edef8e73844e1e6a60ff1c019c55db743ef14a30d22d219990e1da
pair_cccfce26a4f50d5569088617fc336677247cce1aaaa6fe624cfe3c3816dd0f24,cities,test,entity_0272571426c0b3122c9a50c1373fafe7d51b10508cce64a8efa269161c196261,entity_903c8c44aec87a2f5e555094a033775bd3b3864d61884cc9625532f001f853da,entity_0272571426c0b3122c9a50c1373fafe7d51b10508cce64a8efa269161c196261,entity_903c8c44aec87a2f5e555094a033775bd3b3864d61884cc9625532f001f853da
pair_a7a76f56eb4391b6107205763d8f6014c80a15bb71d7809792c7440573bdd717,cities,test,entity_0272571426c0b3122c9a50c1373fafe7d51b10508cce64a8efa269161c196261,entity_95e88f843b45b005850edb4ae355a74dc08a656f7b2f141cf7ed93f1cac08860,entity_0272571426c0b3122c9a50c1373fafe7d51b10508cce64a8efa269161c196261,entity_95e88f843b45b005850edb4ae355a74dc08a656f7b2f141cf7ed93f1cac08860
pair_5f6c80db32dc93c2c6c8fcdd0e919d421cab9b2968babbb006fcf78c4e6c8591,cities,test,entity_05ae3cc36aa8475f8849bb1460abed55a39c7efad0bc98ed60f56aae7ffbd289,entity_2bc441fe33cf90653e35334d73ef77508ef248b48928413c796dc1acfeef2286,entity_05ae3cc36aa8475f8849bb1460abed55a39c7efad0bc98ed60f56aae7ffbd289,entity_2bc441fe33cf90653e35334d73ef77508ef248b48928413c796dc1acfeef2286
pair_9235ee7e55fd05c7117c10bc63425e62570ef770d44a797ebe490e699881e5ea,cities,test,entity_05ae3cc36aa8475f8849bb1460abed55a39c7efad0bc98ed60f56aae7ffbd289,entity_508a7a25e4d752915f28c5aa7c09e8593ab7eeb5ffb0f06662cccdf13ec20309,entity_05ae3cc36aa8475f8849bb1460abed55a39c7efad0bc98ed60f56aae7ffbd289,entity_508a7a25e4d752915f28c5aa7c09e8593ab7eeb5ffb0f06662cccdf13ec20309
pair_d23b2305bae6f5c9132f75338e8f93c022b168cdfe94fddd1b07a3136691084d,cities,test,entity_05ae3cc36aa8475f8849bb1460abed55a39c7efad0bc98ed60f56aae7ffbd289,entity_72606ce6433eb493ce0ad71e771b950600d355cd2c922277824041ad8a5accea,entity_05ae3cc36aa8475f8849bb1460abed55a39c7efad0bc98ed60f56aae7ffbd289,entity_72606ce6433eb493ce0ad71e771b950600d355cd2c922277824041ad8a5accea
pair_3c176cc93ae9543ce2e0a5b860f6d11fb7d7ef1b30f2bcf0fb43f7f79c139a2e,cities,test,entity_05ae3cc36aa8475f8849bb1460abed55a39c7efad0bc98ed60f56aae7ffbd289,entity_90cecd1297a2bd2b4f6d4ec984411f10c8da3a2b233f8203a4abdabe4b47d3f3,entity_05ae3cc36aa8475f8849bb1460abed55a39c7efad0bc98ed60f56aae7ffbd289,entity_90cecd1297a2bd2b4f6d4ec984411f10c8da3a2b233f8203a4abdabe4b47d3f3
pair_2497fb6c41d809c6f08a02d77bbbff5277827d1bb2104500c0aa33a53b668470,cities,test,entity_064e7483f1349aeb7f8f5c457e07499091eed4f9d3ca0d122d6bb8942554c32c,entity_22ae29c396d00735f2a00c7a0253e26e1b715474ea418d2ec9c6d5dd3a578c8b,entity_064e7483f1349aeb7f8f5c457e07499091eed4f9d3ca0d122d6bb8942554c32c,entity_22ae29c396d00735f2a00c7a0253e26e1b715474ea418d2ec9c6d5dd3a578c8b
pair_981462f8de032a63f354a073d50b3eabc9c4439528e5d3fb3a2f84247e4c2641,cities,test,entity_064e7483f1349aeb7f8f5c457e07499091eed4f9d3ca0d122d6bb8942554c32c,entity_4f1b71d20075d1750e3450a3f9deac14add5d160faef51ed2dd9d7640b010594,entity_064e7483f1349aeb7f8f5c457e07499091eed4f9d3ca0d122d6bb8942554c32c,entity_4f1b71d20075d1750e3450a3f9deac14add5d160faef51ed2dd9d7640b010594
pair_ce3023a232354fb1f632d4c3ae7da4019be1d6b56f5f1729953b509b724ebcef,cities,test,entity_064e7483f1349aeb7f8f5c457e07499091eed4f9d3ca0d122d6bb8942554c32c,entity_caab6e6e0c031b13d0cc68423ae4849d2c7914ea38cace94cea2e0ecf8925fe8,entity_064e7483f1349aeb7f8f5c457e07499091eed4f9d3ca0d122d6bb8942554c32c,entity_caab6e6e0c031b13d0cc68423ae4849d2c7914ea38cace94cea2e0ecf8925fe8
pair_093b86401a5a590fa55169d1991c31b8689d0d2721f99c4a68319bc3eb8b8f29,cities,test,entity_064e7483f1349aeb7f8f5c457e07499091eed4f9d3ca0d122d6bb8942554c32c,entity_d5c48505c11de98eb6b953c3d7f33dc44c84a16cf71fe951e4b133bfa451d60f,entity_064e7483f1349aeb7f8f5c457e07499091eed4f9d3ca0d122d6bb8942554c32c,entity_d5c48505c11de98eb6b953c3d7f33dc44c84a16cf71fe951e4b133bfa451d60f
pair_c276415e97e8e5e34bbd141dfbdfb79f909ff693ee042c23acc996bd1a36b5b3,cities,test,entity_0891659f318d304c5f14bdc4d1d6bfd09fe1db8853ff7b81e96f63790fce68f7,entity_4d86fb31d48035480860b08b8951e946cafeec2886e66e056e4807b51376b5f2,entity_0891659f318d304c5f14bdc4d1d6bfd09fe1db8853ff7b81e96f63790fce68f7,entity_4d86fb31d48035480860b08b8951e946cafeec2886e66e056e4807b51376b5f2
pair_c308aaeec0b6f4f715d6aa40772fb0bccd8106f36bcf81b83b5394ded14eef6d,cities,test,entity_0891659f318d304c5f14bdc4d1d6bfd09fe1db8853ff7b81e96f63790fce68f7,entity_b8cd6ed7e00d068cbeb61f2b7195869bc5f007db14498c8000fa23d940d9f047,entity_0891659f318d304c5f14bdc4d1d6bfd09fe1db8853ff7b81e96f63790fce68f7,entity_b8cd6ed7e00d068cbeb61f2b7195869bc5f007db14498c8000fa23d940d9f047
pair_f62bb549e57198b240275be4b54ea19a93e9aab132bbb8a06e05dab3c80c1390,cities,test,entity_0891659f318d304c5f14bdc4d1d6bfd09fe1db8853ff7b81e96f63790fce68f7,entity_d2df033e4cb4c48236c6ad9dacd59073ab3a48a30daeabeb4b0c202a85e16787,entity_0891659f318d304c5f14bdc4d1d6bfd09fe1db8853ff7b81e96f63790fce68f7,entity_d2df033e4cb4c48236c6ad9dacd59073ab3a48a30daeabeb4b0c202a85e16787
pair_495e0fe95062c668eba4d815bd6d415071310752adafe24cee7975d4ec4adedf,cities,test,entity_0891659f318d304c5f14bdc4d1d6bfd09fe1db8853ff7b81e96f63790fce68f7,entity_ece3c82cf20f35a2092de9d346eb015e039dfe50c83385a0f412df1130993211,entity_0891659f318d304c5f14bdc4d1d6bfd09fe1db8853ff7b81e96f63790fce68f7,entity_ece3c82cf20f35a2092de9d346eb015e039dfe50c83385a0f412df1130993211
pair_60347c110ab8178f8d4ddf156253b3b4d2dfc63d7ef9f66b62f2f6b3a1a693ab,cities,test,entity_0bb07ce123981964f1ef4b1bd399c502c27d6488c02134bebba90f1dad4e0622,entity_1db19a8e4aab19230bc8ed59288c23cfd93a088e2faf860077344dfd9336a76f,entity_0bb07ce123981964f1ef4b1bd399c502c27d6488c02134bebba90f1dad4e0622,entity_1db19a8e4aab19230bc8ed59288c23cfd93a088e2faf860077344dfd9336a76f
pair_7b3ff64467307342505a4362115f724f2dcfa4a8d885139c3fed0d3ba9998e70,cities,test,entity_0bb07ce123981964f1ef4b1bd399c502c27d6488c02134bebba90f1dad4e0622,entity_3d0a634426a3422f6387a3ad2adbf49b0c5896dabc7347c792c6a55cae04e1a8,entity_0bb07ce123981964f1ef4b1bd399c502c27d6488c02134bebba90f1dad4e0622,entity_3d0a634426a3422f6387a3ad2adbf49b0c5896dabc7347c792c6a55cae04e1a8
pair_a8ed5cb3a86a139a0ea0cc7c379d82c5333e50adff90d21e3938d7e70dbbd881,cities,test,entity_0bb07ce123981964f1ef4b1bd399c502c27d6488c02134bebba90f1dad4e0622,entity_67c55f75f6edef8e73844e1e6a60ff1c019c55db743ef14a30d22d219990e1da,entity_0bb07ce123981964f1ef4b1bd399c502c27d6488c02134bebba90f1dad4e0622,entity_67c55f75f6edef8e73844e1e6a60ff1c019c55db743ef14a30d22d219990e1da
pair_acedbe396b716160e726f81cd3f01f454df29273652f3e54c03219d8ecccd1bf,cities,test,entity_0bb07ce123981964f1ef4b1bd399c502c27d6488c02134bebba90f1dad4e0622,entity_95e88f843b45b005850edb4ae355a74dc08a656f7b2f141cf7ed93f1cac08860,entity_0bb07ce123981964f1ef4b1bd399c502c27d6488c02134bebba90f1dad4e0622,entity_95e88f843b45b005850edb4ae355a74dc08a656f7b2f141cf7ed93f1cac08860
pair_1d20e62d5f45f87ebddd4047bbc8ee6a9ca56aa26e357369916136c2be94d3e5,cities,test,entity_0d994af6e50a32879f6d9b8ef43be92a4a6be52001453e15ef8774240eac9aff,entity_1950a397b780c04c6103f7416040402d84d6ac2139f282177bc1f034f5d99612,entity_0d994af6e50a32879f6d9b8ef43be92a4a6be52001453e15ef8774240eac9aff,entity_1950a397b780c04c6103f7416040402d84d6ac2139f282177bc1f034f5d99612
pair_157661e5aef13458567f8e41c0e63554350ff23f4c0c0a2cf23a3a9b2ea48705,cities,test,entity_0d994af6e50a32879f6d9b8ef43be92a4a6be52001453e15ef8774240eac9aff,entity_767913c6309a911011aaf5fd07d64e573dbc6dd08acc7771dad9158b058e8f2a,entity_0d994af6e50a32879f6d9b8ef43be92a4a6be52001453e15ef8774240eac9aff,entity_767913c6309a911011aaf5fd07d64e573dbc6dd08acc7771dad9158b058e8f2a
pair_0af0dc657a3d1e99b5688c0d8f5250b00229834cc76c42ad93e72d616689e9be,cities,test,entity_0d994af6e50a32879f6d9b8ef43be92a4a6be52001453e15ef8774240eac9aff,entity_da5886acf146594b8f47f6528fe8dff8977e275636cf345db8f26951e7b85445,entity_0d994af6e50a32879f6d9b8ef43be92a4a6be52001453e15ef8774240eac9aff,entity_da5886acf146594b8f47f6528fe8dff8977e275636cf345db8f26951e7b85445
pair_b2b52d907259a170dd32dedcb11e0dda68180699aae9f79f60af4abf41d2acd6,cities,test,entity_0ecc790cdb99c179ddfef69dc9cb7104d15415f58e02625d8012dd59ca11d3f8,entity_27bbe6ef48bc99a24cf506d4e2ece7cec400d849482ffc2366428d82cc5296b1,entity_0ecc790cdb99c179ddfef69dc9cb7104d15415f58e02625d8012dd59ca11d3f8,entity_27bbe6ef48bc99a24cf506d4e2ece7cec400d849482ffc2366428d82cc5296b1
pair_99a3c269396ded2b9ab21a268707b64f5addb547bc77476535a86741ebd75ba7,cities,test,entity_0ecc790cdb99c179ddfef69dc9cb7104d15415f58e02625d8012dd59ca11d3f8,entity_2940f88edcf4be851ea3e5310ba015a8b581845d7615eed381a56f61b17ff3b3,entity_0ecc790cdb99c179ddfef69dc9cb7104d15415f58e02625d8012dd59ca11d3f8,entity_2940f88edcf4be851ea3e5310ba015a8b581845d7615eed381a56f61b17ff3b3
pair_b96876b2204aaffd03f84da7533507fcffa11c61a3221b98049a9065d26e21ef,cities,test,entity_0ecc790cdb99c179ddfef69dc9cb7104d15415f58e02625d8012dd59ca11d3f8,entity_3a08b08e9596da5092febb2e531ded60602f6464d9e12f62bccbc793d3088a73,entity_0ecc790cdb99c179ddfef69dc9cb7104d15415f58e02625d8012dd59ca11d3f8,entity_3a08b08e9596da5092febb2e531ded60602f6464d9e12f62bccbc793d3088a73
pair_b82d8e9c5edcbfee8e7b316a6b9e0ed087a64b3d7a8116a3ac55de0c4d501db6,cities,test,entity_0ecc790cdb99c179ddfef69dc9cb7104d15415f58e02625d8012dd59ca11d3f8,entity_8549419b1769a2edddb39ace13adb7008d365cce540d560eaf15125d34488877,entity_0ecc790cdb99c179ddfef69dc9cb7104d15415f58e02625d8012dd59ca11d3f8,entity_8549419b1769a2edddb39ace13adb7008d365cce540d560eaf15125d34488877
pair_3a9bf4b4d3d8450676277fa77d8fe8891f4e5a32a182826ee411ea0093bfe535,cities,test,entity_1028e8fbf015538ac7937a8b3617e1cbcf04513c5611636c568de2d60ccd0bae,entity_66864f2676721c8c18ebf2cee648d7acc2a8f705eaf584fafeaa053bf0e408ef,entity_1028e8fbf015538ac7937a8b3617e1cbcf04513c5611636c568de2d60ccd0bae,entity_66864f2676721c8c18ebf2cee648d7acc2a8f705eaf584fafeaa053bf0e408ef
pair_13e5b281532d1c6c0d86aef5e8c7ea3115e2af504924b624c6d847f35aa12401,cities,test,entity_1028e8fbf015538ac7937a8b3617e1cbcf04513c5611636c568de2d60ccd0bae,entity_769587cbf756c044a00f523f6ada9e1186967b08efd7fd9469c1c26caedeef18,entity_1028e8fbf015538ac7937a8b3617e1cbcf04513c5611636c568de2d60ccd0bae,entity_769587cbf756c044a00f523f6ada9e1186967b08efd7fd9469c1c26caedeef18
pair_889c045b07efe0b4a2e8ab6d74a29b1a21e82f8f082e6ad800d4b74e18138e0a,cities,test,entity_1028e8fbf015538ac7937a8b3617e1cbcf04513c5611636c568de2d60ccd0bae,entity_987b1729b159f3eb70ab4b1ccad8f7a6a4e07b504bbfe0a517b01bf0ed24a0a8,entity_1028e8fbf015538ac7937a8b3617e1cbcf04513c5611636c568de2d60ccd0bae,entity_987b1729b159f3eb70ab4b1ccad8f7a6a4e07b504bbfe0a517b01bf0ed24a0a8
pair_3c99529405cbebe199e207081e25089dbafb728b3b432b1751b7d9dc6e7725ea,cities,test,entity_1028e8fbf015538ac7937a8b3617e1cbcf04513c5611636c568de2d60ccd0bae,entity_df5dc1c6001c1731f35ee939a73c60f3b1025ae2ad52fe92f2acdc305b937b10,entity_1028e8fbf015538ac7937a8b3617e1cbcf04513c5611636c568de2d60ccd0bae,entity_df5dc1c6001c1731f35ee939a73c60f3b1025ae2ad52fe92f2acdc305b937b10
pair_a9339b0844d3c03795a0f7d8879b2a0878f0d27386a2090995631b8c40aac5ee,cities,test,entity_10df09431612737fbb0a0fb6518f1097d6fee8d1feb13e2ad863cfa6b9432b04,entity_1916a24abfc41d2b25c2dd978e99ec01698073a5b0bba1564131cbeab1f7f522,entity_10df09431612737fbb0a0fb6518f1097d6fee8d1feb13e2ad863cfa6b9432b04,entity_1916a24abfc41d2b25c2dd978e99ec01698073a5b0bba1564131cbeab1f7f522
pair_9901d8bd6f213828d935b87072982f20b1baefccb3ed955c6346d3efa96c8d59,cities,test,entity_10df09431612737fbb0a0fb6518f1097d6fee8d1feb13e2ad863cfa6b9432b04,entity_207341c8e436e522630992c55fad93db3c62f78e9401a38ea6d430e6d69fe5b4,entity_10df09431612737fbb0a0fb6518f1097d6fee8d1feb13e2ad863cfa6b9432b04,entity_207341c8e436e522630992c55fad93db3c62f78e9401a38ea6d430e6d69fe5b4
pair_f47ed359dc3aa292e40736ff8d1e62b98a208f0dee401357bd84d82247ee4eda,cities,test,entity_10df09431612737fbb0a0fb6518f1097d6fee8d1feb13e2ad863cfa6b9432b04,entity_474e3a559f4a975093c24af665e0ae995b8899c0251163599b4d151b1bf3b94e,entity_10df09431612737fbb0a0fb6518f1097d6fee8d1feb13e2ad863cfa6b9432b04,entity_474e3a559f4a975093c24af665e0ae995b8899c0251163599b4d151b1bf3b94e
pair_12d770f4af53cb297d17683bddc6c43883ef78a5a3c92e760e2aa710d9323f9f,cities,test,entity_10df09431612737fbb0a0fb6518f1097d6fee8d1feb13e2ad863cfa6b9432b04,entity_51fd610b90ccb7cd682b7969ab7727853a3472684d498db124d9865bd78bafb0,entity_10df09431612737fbb0a0fb6518f1097d6fee8d1feb13e2ad863cfa6b9432b04,entity_51fd610b90ccb7cd682b7969ab7727853a3472684d498db124d9865bd78bafb0
pair_a05511b8e05efbbd9c56dbab52a39124a6ddba2fe6184778984aea170383566b,cities,test,entity_12d70ce3b3b984d3354fab430e8b79dd2951fbd58144341783d549ef11a79c1c,entity_7ae07b499b598c201dbe755407727be3fbb01054fc6e889a6f946a93780d1fd0,entity_12d70ce3b3b984d3354fab430e8b79dd2951fbd58144341783d549ef11a79c1c,entity_7ae07b499b598c201dbe755407727be3fbb01054fc6e889a6f946a93780d1fd0
pair_b6094cb44f94a9086d50adf908e91b66cfd0405c64028b1f542dae46e87d67fa,cities,test,entity_12d70ce3b3b984d3354fab430e8b79dd2951fbd58144341783d549ef11a79c1c,entity_89004ee02bfccd8411c65570640fd3884d6f1123cb84e39495e1b9e0030e1b34,entity_12d70ce3b3b984d3354fab430e8b79dd2951fbd58144341783d549ef11a79c1c,entity_89004ee02bfccd8411c65570640fd3884d6f1123cb84e39495e1b9e0030e1b34
pair_c880af462b33040f90a83648c197474dcd2535dbe0f67737a9212c91f18852d8,cities,test,entity_12d70ce3b3b984d3354fab430e8b79dd2951fbd58144341783d549ef11a79c1c,entity_da1cbb496ec58331e562744126ccfa63998278b338af0218aba5116366ecbaad,entity_12d70ce3b3b984d3354fab430e8b79dd2951fbd58144341783d549ef11a79c1c,entity_da1cbb496ec58331e562744126ccfa63998278b338af0218aba5116366ecbaad
pair_9a16cce3e8fbb270cb2ec46978e1b4a98d9263d17efeb1262961d0352d558f74,cities,test,entity_175f2ce8474b4d17b8750706dd515e17e570a3f6448797e2e1b20151b61937c1,entity_3a08b08e9596da5092febb2e531ded60602f6464d9e12f62bccbc793d3088a73,entity_175f2ce8474b4d17b8750706dd515e17e570a3f6448797e2e1b20151b61937c1,entity_3a08b08e9596da5092febb2e531ded60602f6464d9e12f62bccbc793d3088a73
pair_1ab9ce9fe867aeba330ddea7b7b1fc9312bd15c71777394c351ba204795671fe,cities,test,entity_175f2ce8474b4d17b8750706dd515e17e570a3f6448797e2e1b20151b61937c1,entity_754ab18cfdfa12c8793f04531dd744559002e35f9e3dd1b909975a0a440cf95e,entity_175f2ce8474b4d17b8750706dd515e17e570a3f6448797e2e1b20151b61937c1,entity_754ab18cfdfa12c8793f04531dd744559002e35f9e3dd1b909975a0a440cf95e
pair_b16bffdfbe07f36ddacca636b3ac4df77da2672a188f446eeb6e3429aa3674fa,cities,test,entity_175f2ce8474b4d17b8750706dd515e17e570a3f6448797e2e1b20151b61937c1,entity_9443176b85008b47e2ece9026988d373c6908aa97214fc66c8b6437047f489d7,entity_175f2ce8474b4d17b8750706dd515e17e570a3f6448797e2e1b20151b61937c1,entity_9443176b85008b47e2ece9026988d373c6908aa97214fc66c8b6437047f489d7
pair_0c6dc0c9376fce7012880a1731c8778223722f7354dc0cc88679f00f9c039b76,cities,test,entity_175f2ce8474b4d17b8750706dd515e17e570a3f6448797e2e1b20151b61937c1,entity_ec54fffb9194d82ba2c64198f46bf7d35c9ed6974ba9e1bd5c639989fd87c70c,entity_175f2ce8474b4d17b8750706dd515e17e570a3f6448797e2e1b20151b61937c1,entity_ec54fffb9194d82ba2c64198f46bf7d35c9ed6974ba9e1bd5c639989fd87c70c
pair_67b8bc2eb072f9bd39d774cb0a58a5c022b5d879b480e89ac95157bc14a42e0c,cities,test,entity_17ac821794667b295531889576a04535dc4b5699c298abf5f9e7f13e9a61a5f1,entity_1cb7db179fd4d66bfb8caedf10c12c41e7fd30500e6ef5047c95e025dd3d25a8,entity_17ac821794667b295531889576a04535dc4b5699c298abf5f9e7f13e9a61a5f1,entity_1cb7db179fd4d66bfb8caedf10c12c41e7fd30500e6ef5047c95e025dd3d25a8
pair_29db988590c13d17f084d06e1a4c6e1a95a4e743d82a23155d892a2ba6a37a78,cities,test,entity_17ac821794667b295531889576a04535dc4b5699c298abf5f9e7f13e9a61a5f1,entity_754ab18cfdfa12c8793f04531dd744559002e35f9e3dd1b909975a0a440cf95e,entity_17ac821794667b295531889576a04535dc4b5699c298abf5f9e7f13e9a61a5f1,entity_754ab18cfdfa12c8793f04531dd744559002e35f9e3dd1b909975a0a440cf95e
pair_7b23f00d194a29d5173571ca0c2c81d39428d1fa52ba300350a7e82d8e98e130,cities,test,entity_17ac821794667b295531889576a04535dc4b5699c298abf5f9e7f13e9a61a5f1,entity_db31dc5b3ce9fe46bfad20f987fdad5629eecbfd4f3c187d6f055ebd4f477ce5,entity_17ac821794667b295531889576a04535dc4b5699c298abf5f9e7f13e9a61a5f1,entity_db31dc5b3ce9fe46bfad20f987fdad5629eecbfd4f3c187d6f055ebd4f477ce5
pair_a2c35c3f9b86be4f4bd9ef0fe43c27f7e03d398b3f64e1bcc8f49cfa28c396b8,cities,test,entity_17ac821794667b295531889576a04535dc4b5699c298abf5f9e7f13e9a61a5f1,entity_ec54fffb9194d82ba2c64198f46bf7d35c9ed6974ba9e1bd5c639989fd87c70c,entity_17ac821794667b295531889576a04535dc4b5699c298abf5f9e7f13e9a61a5f1,entity_ec54fffb9194d82ba2c64198f46bf7d35c9ed6974ba9e1bd5c639989fd87c70c
pair_d5dbc9c290483b48f8fe5c621e92f519e1f455978b916c2a969e7b7bb8b00e88,cities,test,entity_17bd9a602b66aeea5bef7a09eede94ada573f8a5eae40dced92690872a56640c,entity_1aeeebb7b2e64fdcd666004a4701a715c9db78840316a3ddd48c16305166c2f6,entity_17bd9a602b66aeea5bef7a09eede94ada573f8a5eae40dced92690872a56640c,entity_1aeeebb7b2e64fdcd666004a4701a715c9db78840316a3ddd48c16305166c2f6
pair_d69a7ba7d004232a3f9068f917cc862c0da56f91090f5fe90866c2bbe948079b,cities,test,entity_17bd9a602b66aeea5bef7a09eede94ada573f8a5eae40dced92690872a56640c,entity_3b91e78d999fd2164477e1dfb5d28a19fc9e92f9d79cf1399eaf2ffecb8cc6f1,entity_17bd9a602b66aeea5bef7a09eede94ada573f8a5eae40dced92690872a56640c,entity_3b91e78d999fd2164477e1dfb5d28a19fc9e92f9d79cf1399eaf2ffecb8cc6f1
pair_a52a97991de18437390d61a3f2e278966425546f65e72aa0cb72c675780afb31,cities,test,entity_17bd9a602b66aeea5bef7a09eede94ada573f8a5eae40dced92690872a56640c,entity_5c45399a80e6bd586ec09c746acdb723709b7f2b4634c91ec9b12fef540c6d9a,entity_17bd9a602b66aeea5bef7a09eede94ada573f8a5eae40dced92690872a56640c,entity_5c45399a80e6bd586ec09c746acdb723709b7f2b4634c91ec9b12fef540c6d9a
pair_ed17201682b116fb451736cc20221c06fe1ab56fbdff81451776593dd7f9147e,cities,test,entity_17bd9a602b66aeea5bef7a09eede94ada573f8a5eae40dced92690872a56640c,entity_f0ce3881fa596d22e7aabf99a6e67e41ed07fdc5de550a732d1701587b0f479f,entity_17bd9a602b66aeea5bef7a09eede94ada573f8a5eae40dced92690872a56640c,entity_f0ce3881fa596d22e7aabf99a6e67e41ed07fdc5de550a732d1701587b0f479f
pair_cbf2c9479c9899a35e67e71d738dac624f3ca2f3b58f488d8fe151637b8699e6,cities,test,entity_18a9505992d4f50abd995e4f2ac941e0f94a5e956b63883bc63f0a3630dc4597,entity_54e3ddb56051a7c86d611ce1edd7a6f7564c33bacf553350cd09e55eae3492eb,entity_18a9505992d4f50abd995e4f2ac941e0f94a5e956b63883bc63f0a3630dc4597,entity_54e3ddb56051a7c86d611ce1edd7a6f7564c33bacf553350cd09e55eae3492eb
pair_d3c8084d33a64b508857a15fceac3613fa74762fff73c603f9400d61c5397f41,cities,test,entity_18a9505992d4f50abd995e4f2ac941e0f94a5e956b63883bc63f0a3630dc4597,entity_8095c939d7ca09ed9b0d499fe4b71e474817a1961dc688fe61b5c31e3b431aaa,entity_18a9505992d4f50abd995e4f2ac941e0f94a5e956b63883bc63f0a3630dc4597,entity_8095c939d7ca09ed9b0d499fe4b71e474817a1961dc688fe61b5c31e3b431aaa
pair_50986c849b10b7898439124db953e1b4322f62318d59e3c4d864ea9c4e76f280,cities,test,entity_18a9505992d4f50abd995e4f2ac941e0f94a5e956b63883bc63f0a3630dc4597,entity_baae5bd805669ba054ec6e4b88fe0c0a453b286b1cf65e52d8bc7efc4c11ee35,entity_18a9505992d4f50abd995e4f2ac941e0f94a5e956b63883bc63f0a3630dc4597,entity_baae5bd805669ba054ec6e4b88fe0c0a453b286b1cf65e52d8bc7efc4c11ee35
pair_98aba9a5fe36a2fb50af33a0f680cf353a7ad780b1dc929967a6b09f140d8935,cities,test,entity_18a9505992d4f50abd995e4f2ac941e0f94a5e956b63883bc63f0a3630dc4597,entity_df5dc1c6001c1731f35ee939a73c60f3b1025ae2ad52fe92f2acdc305b937b10,entity_18a9505992d4f50abd995e4f2ac941e0f94a5e956b63883bc63f0a3630dc4597,entity_df5dc1c6001c1731f35ee939a73c60f3b1025ae2ad52fe92f2acdc305b937b10
pair_b757ff7db7deedbb69411e3f55d44fefe19ec5dc48e9b4334c66c276e23f98ea,cities,test,entity_1916a24abfc41d2b25c2dd978e99ec01698073a5b0bba1564131cbeab1f7f522,entity_207341c8e436e522630992c55fad93db3c62f78e9401a38ea6d430e6d69fe5b4,entity_1916a24abfc41d2b25c2dd978e99ec01698073a5b0bba1564131cbeab1f7f522,entity_207341c8e436e522630992c55fad93db3c62f78e9401a38ea6d430e6d69fe5b4
pair_fe9d83434fd4928ca935f7bb915d324bf6450f7822a052947d19df52392750c4,cities,test,entity_1916a24abfc41d2b25c2dd978e99ec01698073a5b0bba1564131cbeab1f7f522,entity_51fd610b90ccb7cd682b7969ab7727853a3472684d498db124d9865bd78bafb0,entity_1916a24abfc41d2b25c2dd978e99ec01698073a5b0bba1564131cbeab1f7f522,entity_51fd610b90ccb7cd682b7969ab7727853a3472684d498db124d9865bd78bafb0
pair_2a2c156e808b4519774469016fe904dd8bfb98a6a62ccdfa95eef66898f81632,cities,test,entity_1916a24abfc41d2b25c2dd978e99ec01698073a5b0bba1564131cbeab1f7f522,entity_a5ffea2114c1c410aa05be4eddaa17fbcc6b902419ed6f85e5efbd4e39998552,entity_1916a24abfc41d2b25c2dd978e99ec01698073a5b0bba1564131cbeab1f7f522,entity_a5ffea2114c1c410aa05be4eddaa17fbcc6b902419ed6f85e5efbd4e39998552
pair_7bc3d723d68d6345e0f9ed5d1a3dd251be23a18bb03a74b003dd640e7f886806,cities,test,entity_1950a397b780c04c6103f7416040402d84d6ac2139f282177bc1f034f5d99612,entity_767913c6309a911011aaf5fd07d64e573dbc6dd08acc7771dad9158b058e8f2a,entity_1950a397b780c04c6103f7416040402d84d6ac2139f282177bc1f034f5d99612,entity_767913c6309a911011aaf5fd07d64e573dbc6dd08acc7771dad9158b058e8f2a
pair_5de7c782a4d2118f592df6501dc194db85c7fb09e2d8c9e0265a9e42b0c907a2,cities,test,entity_1950a397b780c04c6103f7416040402d84d6ac2139f282177bc1f034f5d99612,entity_e876bfa48684caf7b28ba29e153a6b421056bbb7c8a0917071245ab8084a05d3,entity_1950a397b780c04c6103f7416040402d84d6ac2139f282177bc1f034f5d99612,entity_e876bfa48684caf7b28ba29e153a6b421056bbb7c8a0917071245ab8084a05d3
pair_e2853129ec049609bfa2dd8a2cbfd2365f511a19912cc9afb6e917949212071e,cities,test,entity_195ff6352973a8be1e2fb4906efb48ff088d064b2e2b6143741e74726dfd79a1,entity_8c13c49d7c8433403143c08c6863281b29d433e382c967c0b5042571fef12cfe,entity_195ff6352973a8be1e2fb4906efb48ff088d064b2e2b6143741e74726dfd79a1,entity_8c13c49d7c8433403143c08c6863281b29d433e382c967c0b5042571fef12cfe
pair_3a66f36d2385f0df88369771f62e56f7b7b3e9d62eb3e88215303aad89913c73,cities,test,entity_195ff6352973a8be1e2fb4906efb48ff088d064b2e2b6143741e74726dfd79a1,entity_95b0d697f569f983fd05ce7c2144860e0a4a5dad9e5b5cd867b6accaa5e683f5,entity_195ff6352973a8be1e2fb4906efb48ff088d064b2e2b6143741e74726dfd79a1,entity_95b0d697f569f983fd05ce7c2144860e0a4a5dad9e5b5cd867b6accaa5e683f5
pair_fa04e01de3c7a873df558d48aae56f961eeed595989c98b4801c8488b3a9384f,cities,test,entity_195ff6352973a8be1e2fb4906efb48ff088d064b2e2b6143741e74726dfd79a1,entity_b48a8217df9ba44c7ad0ffa2d9ae616f55107c95284413f5642fac69141f9e04,entity_195ff6352973a8be1e2fb4906efb48ff088d064b2e2b6143741e74726dfd79a1,entity_b48a8217df9ba44c7ad0ffa2d9ae616f55107c95284413f5642fac69141f9e04
pair_8e73849c9bcac149100e5198f917b9f91115b5f59a4b5eba7b6b5ad30a701338,cities,test,entity_195ff6352973a8be1e2fb4906efb48ff088d064b2e2b6143741e74726dfd79a1,entity_c39b7491f88df021b19e85a20ad1fd057ed5745238532fcde9da8653a09a6b4c,entity_195ff6352973a8be1e2fb4906efb48ff088d064b2e2b6143741e74726dfd79a1,entity_c39b7491f88df021b19e85a20ad1fd057ed5745238532fcde9da8653a09a6b4c
pair_7b5ff173ce72e2059bc083cb8abfa4521e9e76235e0ba884c046bc15b1aafb64,cities,test,entity_1aeeebb7b2e64fdcd666004a4701a715c9db78840316a3ddd48c16305166c2f6,entity_3b91e78d999fd2164477e1dfb5d28a19fc9e92f9d79cf1399eaf2ffecb8cc6f1,entity_1aeeebb7b2e64fdcd666004a4701a715c9db78840316a3ddd48c16305166c2f6,entity_3b91e78d999fd2164477e1dfb5d28a19fc9e92f9d79cf1399eaf2ffecb8cc6f1
pair_3747709834491073b41d8110679437578c8f96b73c82ea2300a21f2b33026f65,cities,test,entity_1aeeebb7b2e64fdcd666004a4701a715c9db78840316a3ddd48c16305166c2f6,entity_5c45399a80e6bd586ec09c746acdb723709b7f2b4634c91ec9b12fef540c6d9a,entity_1aeeebb7b2e64fdcd666004a4701a715c9db78840316a3ddd48c16305166c2f6,entity_5c45399a80e6bd586ec09c746acdb723709b7f2b4634c91ec9b12fef540c6d9a
pair_dda5d20798091ba2fd8cd3a5f57938eca8f833aea71914af1af2be1133247f51,cities,test,entity_1bc7a607a0896fcdb25ff05ef0785d4e00022a5053ee2f74f15a4b7e3f74b5df,entity_359a189eee4a5d6f36c098152a39237be3f2e17f2f230fe589da2b64ba8206e6,entity_1bc7a607a0896fcdb25ff05ef0785d4e00022a5053ee2f74f15a4b7e3f74b5df,entity_359a189eee4a5d6f36c098152a39237be3f2e17f2f230fe589da2b64ba8206e6
pair_6b9f8cb9cf8b088b2e74e58dd1c288f755b5edd0f6ea7073fcdad3dd9a4b05a5,cities,test,entity_1bc7a607a0896fcdb25ff05ef0785d4e00022a5053ee2f74f15a4b7e3f74b5df,entity_647445fb6411e2864c575d822c914a458b4c9652598fc69ac794aba13025d55f,entity_1bc7a607a0896fcdb25ff05ef0785d4e00022a5053ee2f74f15a4b7e3f74b5df,entity_647445fb6411e2864c575d822c914a458b4c9652598fc69ac794aba13025d55f
pair_6b3ae760051595f3c2fb252731298635e4d27224a5529e3d57f5db5a079bffea,cities,test,entity_1bc7a607a0896fcdb25ff05ef0785d4e00022a5053ee2f74f15a4b7e3f74b5df,entity_7e3fde4b8be0ca6f6556803cd0a0863a9040a213a80b370357d81ea820193f10,entity_1bc7a607a0896fcdb25ff05ef0785d4e00022a5053ee2f74f15a4b7e3f74b5df,entity_7e3fde4b8be0ca6f6556803cd0a0863a9040a213a80b370357d81ea820193f10
pair_3d86eae5a206d8861e29d5e52c89e1d5c3afc6db0af6b0c1f97b3dabb24ee4eb,cities,test,entity_1bc7a607a0896fcdb25ff05ef0785d4e00022a5053ee2f74f15a4b7e3f74b5df,entity_ece3c82cf20f35a2092de9d346eb015e039dfe50c83385a0f412df1130993211,entity_1bc7a607a0896fcdb25ff05ef0785d4e00022a5053ee2f74f15a4b7e3f74b5df,entity_ece3c82cf20f35a2092de9d346eb015e039dfe50c83385a0f412df1130993211
pair_cfb7c42ebc1080b92529763a0b102f581bccc1c05b546bdff5f3aa6f5f38ebfa,cities,test,entity_1cb7db179fd4d66bfb8caedf10c12c41e7fd30500e6ef5047c95e025dd3d25a8,entity_927e5f8fb798dfd00d26ab9ac8a90963d8dc05c41b3b1e05bdeb441a9b4877c2,entity_1cb7db179fd4d66bfb8caedf10c12c41e7fd30500e6ef5047c95e025dd3d25a8,entity_927e5f8fb798dfd00d26ab9ac8a90963d8dc05c41b3b1e05bdeb441a9b4877c2
pair_b17d7a764583a8540de0c84545ad46d93f02078acb735c364bee05a4b128c13e,cities,test,entity_1cb7db179fd4d66bfb8caedf10c12c41e7fd30500e6ef5047c95e025dd3d25a8,entity_a7c9970c5ee45d9888bcb3c06164cb7aad7977bf2c65b735e4d50635661a5924,entity_1cb7db179fd4d66bfb8caedf10c12c41e7fd30500e6ef5047c95e025dd3d25a8,entity_a7c9970c5ee45d9888bcb3c06164cb7aad7977bf2c65b735e4d50635661a5924
pair_4468214130adf6419ea3baecc7b3bbc2cc0327186f6a57a4a003f8c073b4d0f1,cities,test,entity_1cb7db179fd4d66bfb8caedf10c12c41e7fd30500e6ef5047c95e025dd3d25a8,entity_db31dc5b3ce9fe46bfad20f987fdad5629eecbfd4f3c187d6f055ebd4f477ce5,entity_1cb7db179fd4d66bfb8caedf10c12c41e7fd30500e6ef5047c95e025dd3d25a8,entity_db31dc5b3ce9fe46bfad20f987fdad5629eecbfd4f3c187d6f055ebd4f477ce5
pair_a390a7a0752d8a8c2dc0f80455ffb93018936cbe99757480ae67e1912a551a8f,cities,test,entity_1db19a8e4aab19230bc8ed59288c23cfd93a088e2faf860077344dfd9336a76f,entity_3d0a634426a3422f6387a3ad2adbf49b0c5896dabc7347c792c6a55cae04e1a8,entity_1db19a8e4aab19230bc8ed59288c23cfd93a088e2faf860077344dfd9336a76f,entity_3d0a634426a3422f6387a3ad2adbf49b0c5896dabc7347c792c6a55cae04e1a8
pair_2a759766dcc5226b74accbd15e6c10c1196fb7c5b1fab52df2255cae64ae2c09,cities,test,entity_1db19a8e4aab19230bc8ed59288c23cfd93a088e2faf860077344dfd9336a76f,entity_d1f317c9d000d0e74b77d4f86d0d59c37ec8122e815ec039408d30a2a41db6d3,entity_1db19a8e4aab19230bc8ed59288c23cfd93a088e2faf860077344dfd9336a76f,entity_d1f317c9d000d0e74b77d4f86d0d59c37ec8122e815ec039408d30a2a41db6d3
pair_2806146bfb6a633bd2e2b0bd581120165fc1a897162978f2a1aeb3071a892755,cities,test,entity_1db19a8e4aab19230bc8ed59288c23cfd93a088e2faf860077344dfd9336a76f,entity_df7a72b48c8b66b1afe5b01863485310d6a02244e9e9a1c1f305743bab0e40a3,entity_1db19a8e4aab19230bc8ed59288c23cfd93a088e2faf860077344dfd9336a76f,entity_df7a72b48c8b66b1afe5b01863485310d6a02244e9e9a1c1f305743bab0e40a3
pair_18c7deec54a5cca2563b8e8d5ecb90439b34e818ea6344949631101cd630db5b,cities,test,entity_207341c8e436e522630992c55fad93db3c62f78e9401a38ea6d430e6d69fe5b4,entity_700b6afd6caec7872273e05a00fb109f5191bb8aaa96b5684c84d48ea8120504,entity_207341c8e436e522630992c55fad93db3c62f78e9401a38ea6d430e6d69fe5b4,entity_700b6afd6caec7872273e05a00fb109f5191bb8aaa96b5684c84d48ea8120504
pair_5330b12ab35d24db271bab4db1385b5449bfa288b20332b1d515eb47fed42df6,cities,test,entity_207341c8e436e522630992c55fad93db3c62f78e9401a38ea6d430e6d69fe5b4,entity_a5ffea2114c1c410aa05be4eddaa17fbcc6b902419ed6f85e5efbd4e39998552,entity_207341c8e436e522630992c55fad93db3c62f78e9401a38ea6d430e6d69fe5b4,entity_a5ffea2114c1c410aa05be4eddaa17fbcc6b902419ed6f85e5efbd4e39998552
pair_b6c25b0936dcabcb00a5eb6231b1a5d276e992e80858c30a5ff7e019612c4df7,cities,test,entity_22ae29c396d00735f2a00c7a0253e26e1b715474ea418d2ec9c6d5dd3a578c8b,entity_920806d78a2a04c9a711172010f1cb4cdce268aefa39e017fa4778f9cf5859b4,entity_22ae29c396d00735f2a00c7a0253e26e1b715474ea418d2ec9c6d5dd3a578c8b,entity_920806d78a2a04c9a711172010f1cb4cdce268aefa39e017fa4778f9cf5859b4
pair_0758bac3b66e73f84e4bb598071193a73896ce9d72d79b386755d9f9f66ddf3a,cities,test,entity_22ae29c396d00735f2a00c7a0253e26e1b715474ea418d2ec9c6d5dd3a578c8b,entity_b4146c7150070412958ee48d011e1f0af0bff12d81f559feaf224019f17ac20e,entity_22ae29c396d00735f2a00c7a0253e26e1b715474ea418d2ec9c6d5dd3a578c8b,entity_b4146c7150070412958ee48d011e1f0af0bff12d81f559feaf224019f17ac20e
pair_2a698445855b91f644108d4d744896c6622412beb4c774abd42777462fdf786f,cities,test,entity_22ae29c396d00735f2a00c7a0253e26e1b715474ea418d2ec9c6d5dd3a578c8b,entity_caab6e6e0c031b13d0cc68423ae4849d2c7914ea38cace94cea2e0ecf8925fe8,entity_22ae29c396d00735f2a00c7a0253e26e1b715474ea418d2ec9c6d5dd3a578c8b,entity_caab6e6e0c031b13d0cc68423ae4849d2c7914ea38cace94cea2e0ecf8925fe8
pair_b622b0f3260ed7ae9301997fcbebab99453dcdd9d5c766e8a3ac1e06ae3a5d69,cities,test,entity_22e46b68b178813d9fa60be9ed473f49cd1027e184ae77d4ba270edcc5cafaa8,entity_50d37ac2b3cfadc7a366263324c1aef96924b265b839441c961f100d1e92a0a9,entity_22e46b68b178813d9fa60be9ed473f49cd1027e184ae77d4ba270edcc5cafaa8,entity_50d37ac2b3cfadc7a366263324c1aef96924b265b839441c961f100d1e92a0a9
pair_8a57209df601f97d257397acd91e785d44a879ed176ca0756a0a3c7191485865,cities,test,entity_22e46b68b178813d9fa60be9ed473f49cd1027e184ae77d4ba270edcc5cafaa8,entity_51d69b0568f9d78b4bd166af53b616d7e82d804e92f457df8fbe2787d95e0955,entity_22e46b68b178813d9fa60be9ed473f49cd1027e184ae77d4ba270edcc5cafaa8,entity_51d69b0568f9d78b4bd166af53b616d7e82d804e92f457df8fbe2787d95e0955
pair_ea2c492e6426e59424f933019dfdb7d435c5ac7b98668ee1eb1c30c5f6121d3d,cities,test,entity_22e46b68b178813d9fa60be9ed473f49cd1027e184ae77d4ba270edcc5cafaa8,entity_903c8c44aec87a2f5e555094a033775bd3b3864d61884cc9625532f001f853da,entity_22e46b68b178813d9fa60be9ed473f49cd1027e184ae77d4ba270edcc5cafaa8,entity_903c8c44aec87a2f5e555094a033775bd3b3864d61884cc9625532f001f853da
pair_66e08a99dd00b6a99ad9c1e0a617c5f6dd6a2a7eab00293e195db1f91d13c70a,cities,test,entity_22e46b68b178813d9fa60be9ed473f49cd1027e184ae77d4ba270edcc5cafaa8,entity_e0234a5fb28cbc6680a77c97af4cb10328fdfe15e7de8bb67c19e39091cd056e,entity_22e46b68b178813d9fa60be9ed473f49cd1027e184ae77d4ba270edcc5cafaa8,entity_e0234a5fb28cbc6680a77c97af4cb10328fdfe15e7de8bb67c19e39091cd056e
pair_b089755eb0af140ef57f5375ef286165ee31aa11ea46bea8c13c365619d42bba,cities,test,entity_25c5cd1c0e07fece92b71386f1a82acb87629a5fbd1086ca012883a7e3057483,entity_9f264886d2a9894a3b76c4c59447977823da23ac1f532d5f6efbfc58f5579672,entity_25c5cd1c0e07fece92b71386f1a82acb87629a5fbd1086ca012883a7e3057483,entity_9f264886d2a9894a3b76c4c59447977823da23ac1f532d5f6efbfc58f5579672
pair_dcfb5c86c3014778b02fb7da2ba4a3f62546f08dd193453133e743e6ee927994,cities,test,entity_25c5cd1c0e07fece92b71386f1a82acb87629a5fbd1086ca012883a7e3057483,entity_c52235a9431cd12cfe797e5ceedaf27332d846bdd70289cde2646cf7952dc032,entity_25c5cd1c0e07fece92b71386f1a82acb87629a5fbd1086ca012883a7e3057483,entity_c52235a9431cd12cfe797e5ceedaf27332d846bdd70289cde2646cf7952dc032
pair_17c1acf0630404c9d9a358fe258842539ce8d6855eaa5c71a4e3802a6bcbe559,cities,test,entity_25c5cd1c0e07fece92b71386f1a82acb87629a5fbd1086ca012883a7e3057483,entity_d1f317c9d000d0e74b77d4f86d0d59c37ec8122e815ec039408d30a2a41db6d3,entity_25c5cd1c0e07fece92b71386f1a82acb87629a5fbd1086ca012883a7e3057483,entity_d1f317c9d000d0e74b77d4f86d0d59c37ec8122e815ec039408d30a2a41db6d3
pair_99a330c989bf4726ee1baca67b5658dbae50cce910dc38bec94b062eebcf6e3e,cities,test,entity_25c5cd1c0e07fece92b71386f1a82acb87629a5fbd1086ca012883a7e3057483,entity_dc1428d832c89a0aee80e71a8e38b056f06a4755a69717928e5755271b459134,entity_25c5cd1c0e07fece92b71386f1a82acb87629a5fbd1086ca012883a7e3057483,entity_dc1428d832c89a0aee80e71a8e38b056f06a4755a69717928e5755271b459134
pair_e7ff848acacd341df576adee939bb3f95535f84c33d48331e4f95d654735b9f8,cities,test,entity_27bbe6ef48bc99a24cf506d4e2ece7cec400d849482ffc2366428d82cc5296b1,entity_2940f88edcf4be851ea3e5310ba015a8b581845d7615eed381a56f61b17ff3b3,entity_27bbe6ef48bc99a24cf506d4e2ece7cec400d849482ffc2366428d82cc5296b1,entity_2940f88edcf4be851ea3e5310ba015a8b581845d7615eed381a56f61b17ff3b3
pair_40150f975e9e0fcc0962a8337a534f8673cae6f405cc2e7bf54715316c06f2bb,cities,test,entity_27bbe6ef48bc99a24cf506d4e2ece7cec400d849482ffc2366428d82cc5296b1,entity_8549419b1769a2edddb39ace13adb7008d365cce540d560eaf15125d34488877,entity_27bbe6ef48bc99a24cf506d4e2ece7cec400d849482ffc2366428d82cc5296b1,entity_8549419b1769a2edddb39ace13adb7008d365cce540d560eaf15125d34488877
pair_c0c29ebd591091e26d6c95599eef94216adb52c8f05dde3729ac2425fb710a6e,cities,test,entity_27bbe6ef48bc99a24cf506d4e2ece7cec400d849482ffc2366428d82cc5296b1,entity_920806d78a2a04c9a711172010f1cb4cdce268aefa39e017fa4778f9cf5859b4,entity_27bbe6ef48bc99a24cf506d4e2ece7cec400d849482ffc2366428d82cc5296b1,entity_920806d78a2a04c9a711172010f1cb4cdce268aefa39e017fa4778f9cf5859b4
pair_6d83989f826985b66eef682fa441922cb1fc5adbfbe4424b16cbd9b3a9b19f24,cities,test,entity_2853de349bcca46b38f6fe237b76ee55c3627ec854a659ae37c00c72f7fd318d,entity_50d37ac2b3cfadc7a366263324c1aef96924b265b839441c961f100d1e92a0a9,entity_2853de349bcca46b38f6fe237b76ee55c3627ec854a659ae37c00c72f7fd318d,entity_50d37ac2b3cfadc7a366263324c1aef96924b265b839441c961f100d1e92a0a9
pair_5205021fa1b806ce6c1b20c16581ad26a46910936df604cd35c2932707621154,cities,test,entity_2853de349bcca46b38f6fe237b76ee55c3627ec854a659ae37c00c72f7fd318d,entity_927e5f8fb798dfd00d26ab9ac8a90963d8dc05c41b3b1e05bdeb441a9b4877c2,entity_2853de349bcca46b38f6fe237b76ee55c3627ec854a659ae37c00c72f7fd318d,entity_927e5f8fb798dfd00d26ab9ac8a90963d8dc05c41b3b1e05bdeb441a9b4877c2
pair_8736e0d3ae835558856d00a8c21cdb3208e0b116d9988e728f13a145505cf856,cities,test,entity_2853de349bcca46b38f6fe237b76ee55c3627ec854a659ae37c00c72f7fd318d,entity_a7c9970c5ee45d9888bcb3c06164cb7aad7977bf2c65b735e4d50635661a5924,entity_2853de349bcca46b38f6fe237b76ee55c3627ec854a659ae37c00c72f7fd318d,entity_a7c9970c5ee45d9888bcb3c06164cb7aad7977bf2c65b735e4d50635661a5924
pair_2fc010993d3ccc90ebb0d3a218c22c8b5d5cd12560f53807480528f8f46b09d5,cities,test,entity_2853de349bcca46b38f6fe237b76ee55c3627ec854a659ae37c00c72f7fd318d,entity_e0234a5fb28cbc6680a77c97af4cb10328fdfe15e7de8bb67c19e39091cd056e,entity_2853de349bcca46b38f6fe237b76ee55c3627ec854a659ae37c00c72f7fd318d,entity_e0234a5fb28cbc6680a77c97af4cb10328fdfe15e7de8bb67c19e39091cd056e
pair_9153b2b4f89223b7b856760510e3758c660bddc620cd5b6d516590ba4cd1db57,cities,test,entity_286ff57dd7e1e296637f24aec0e4fbf554796cfa4ff1ed1f9723098131b040c8,entity_5c6e5546bcca15fb556c9f1afa1e9597755a9fb538cc7f1ade117110d1ec060a,entity_286ff57dd7e1e296637f24aec0e4fbf554796cfa4ff1ed1f9723098131b040c8,entity_5c6e5546bcca15fb556c9f1afa1e9597755a9fb538cc7f1ade117110d1ec060a
pair_67552b0b771b7f58271a58ee466e7b7fc429359f600d6baca036f72e279b5a8f,cities,test,entity_286ff57dd7e1e296637f24aec0e4fbf554796cfa4ff1ed1f9723098131b040c8,entity_97cab5139911774db82f5bba85cf6a18275c728ff1655a3ea23954219ec3825b,entity_286ff57dd7e1e296637f24aec0e4fbf554796cfa4ff1ed1f9723098131b040c8,entity_97cab5139911774db82f5bba85cf6a18275c728ff1655a3ea23954219ec3825b
pair_223aa8d73f1b83b84d71f3f7a0721802936f3cade8220c3d42c3e3b02f8ed233,cities,test,entity_286ff57dd7e1e296637f24aec0e4fbf554796cfa4ff1ed1f9723098131b040c8,entity_b1055c6ab3c21b6d10500ea25889245613c46b072852d20884fb2157d015dbe1,entity_286ff57dd7e1e296637f24aec0e4fbf554796cfa4ff1ed1f9723098131b040c8,entity_b1055c6ab3c21b6d10500ea25889245613c46b072852d20884fb2157d015dbe1
pair_dfd3b3220c0f1616b22df7cabcc76ce4ebf68c69ed080a1e2c6480d4ae32d61c,cities,test,entity_286ff57dd7e1e296637f24aec0e4fbf554796cfa4ff1ed1f9723098131b040c8,entity_f7d8c4233cc2c1fa46f6af8eef712fc46292a1e7cad821e69e13370d00d5313d,entity_286ff57dd7e1e296637f24aec0e4fbf554796cfa4ff1ed1f9723098131b040c8,entity_f7d8c4233cc2c1fa46f6af8eef712fc46292a1e7cad821e69e13370d00d5313d
pair_fddfac97fdfa794a95eb65134d0325470e14acfbdb48f7a70583aa413c74d2de,cities,test,entity_28c04097dfb46f5e8d72bda8cf534561ae589d557a97009fbe9251e5662491c0,entity_3ea8a31cd5fabad4f7beb390e760ead3a40c2d5272d1c028aeae88a36f9d15bf,entity_28c04097dfb46f5e8d72bda8cf534561ae589d557a97009fbe9251e5662491c0,entity_3ea8a31cd5fabad4f7beb390e760ead3a40c2d5272d1c028aeae88a36f9d15bf
pair_d41ee8c7dc3188de17cb9b040be2f064de37f042eb2ce7838ba2c0353ae74082,cities,test,entity_28c04097dfb46f5e8d72bda8cf534561ae589d557a97009fbe9251e5662491c0,entity_94e58db2415e654a3e6553d61d321e1220cd5c3ab4d7291a8d3097bd2a043a8b,entity_28c04097dfb46f5e8d72bda8cf534561ae589d557a97009fbe9251e5662491c0,entity_94e58db2415e654a3e6553d61d321e1220cd5c3ab4d7291a8d3097bd2a043a8b
pair_f67620463d2ec00d98fcc8c0fbfa9d6a934bb9fcef0063b7b1ec192891b1a64f,cities,test,entity_28c04097dfb46f5e8d72bda8cf534561ae589d557a97009fbe9251e5662491c0,entity_97cab5139911774db82f5bba85cf6a18275c728ff1655a3ea23954219ec3825b,entity_28c04097dfb46f5e8d72bda8cf534561ae589d557a97009fbe9251e5662491c0,entity_97cab5139911774db82f5bba85cf6a18275c728ff1655a3ea23954219ec3825b
pair_ca2489f730817de0e55d20da7b026f3d00b8efe7dbe409ed31359b64cdccc559,cities,test,entity_28c04097dfb46f5e8d72bda8cf534561ae589d557a97009fbe9251e5662491c0,entity_e876bfa48684caf7b28ba29e153a6b421056bbb7c8a0917071245ab8084a05d3,entity_28c04097dfb46f5e8d72bda8cf534561ae589d557a97009fbe9251e5662491c0,entity_e876bfa48684caf7b28ba29e153a6b421056bbb7c8a0917071245ab8084a05d3
pair_7ef49d50bd9ee0a7161720028085085a53b8ac6e933c1608ce558ce4e56279e2,cities,test,entity_2940f88edcf4be851ea3e5310ba015a8b581845d7615eed381a56f61b17ff3b3,entity_920806d78a2a04c9a711172010f1cb4cdce268aefa39e017fa4778f9cf5859b4,entity_2940f88edcf4be851ea3e5310ba015a8b581845d7615eed381a56f61b17ff3b3,entity_920806d78a2a04c9a711172010f1cb4cdce268aefa39e017fa4778f9cf5859b4
pair_8f5a535b3ed9508b105f61a61c1b7141ace7f2eda3cfbe31c67e33f399bb732f,cities,test,entity_2940f88edcf4be851ea3e5310ba015a8b581845d7615eed381a56f61b17ff3b3,entity_b4146c7150070412958ee48d011e1f0af0bff12d81f559feaf224019f17ac20e,entity_2940f88edcf4be851ea3e5310ba015a8b581845d7615eed381a56f61b17ff3b3,entity_b4146c7150070412958ee48d011e1f0af0bff12d81f559feaf224019f17ac20e
pair_97bf7b049e30a1395b349150045decce707e3749c5afef852bd986d4998eb544,cities,test,entity_2b1371ebb8b529472687e8616b90b4a29afa52f1cc1d0514eb746718cdd8c36f,entity_8cb9f52c757d97af886485fe597991e08bc3a00026e16f96ecd32e4865818163,entity_2b1371ebb8b529472687e8616b90b4a29afa52f1cc1d0514eb746718cdd8c36f,entity_8cb9f52c757d97af886485fe597991e08bc3a00026e16f96ecd32e4865818163
pair_89bdc0755f6e52a86f130e1fb5a62da38c9e433170a1153795a6ab94cbcd8a04,cities,test,entity_2b1371ebb8b529472687e8616b90b4a29afa52f1cc1d0514eb746718cdd8c36f,entity_ac41d6fb86a376fd8c0239d187b32e322ed1b5124576c549eec173c26d4603d4,entity_2b1371ebb8b529472687e8616b90b4a29afa52f1cc1d0514eb746718cdd8c36f,entity_ac41d6fb86a376fd8c0239d187b32e322ed1b5124576c549eec173c26d4603d4
pair_cf1b32a1a46f2c438fcba09d2cf9262e8568802f7c6b5ea735981467a736fa31,cities,test,entity_2b1371ebb8b529472687e8616b90b4a29afa52f1cc1d0514eb746718cdd8c36f,entity_b214e746ba19b19c9abda8a89f1ebdf3fe4e09f0e2499f2499098ab64f507032,entity_2b1371ebb8b529472687e8616b90b4a29afa52f1cc1d0514eb746718cdd8c36f,entity_b214e746ba19b19c9abda8a89f1ebdf3fe4e09f0e2499f2499098ab64f507032
pair_db6648a6bb41fc742226249b5fab884839563884fd210e3d26e7c4882f3632ec,cities,test,entity_2b1371ebb8b529472687e8616b90b4a29afa52f1cc1d0514eb746718cdd8c36f,entity_b791b4738b432262352ba586e39e4ddb3e9d057eabe0c8cf1b9726e553d8a990,entity_2b1371ebb8b529472687e8616b90b4a29afa52f1cc1d0514eb746718cdd8c36f,entity_b791b4738b432262352ba586e39e4ddb3e9d057eabe0c8cf1b9726e553d8a990
pair_8441d7d831634f98ac5bf7ef709bc65a8bbaf487d56910da4ba9d435cc562847,cities,test,entity_2b3ed331b56ff38842edba2d0a1addd2e54a84dd1a7c24da05d036ccf1e8791f,entity_354dee94e4f11f829585b190946c3ff7df3dc89ba31c606f9b1389b9c512cbeb,entity_2b3ed331b56ff38842edba2d0a1addd2e54a84dd1a7c24da05d036ccf1e8791f,entity_354dee94e4f11f829585b190946c3ff7df3dc89ba31c606f9b1389b9c512cbeb
pair_c5dbc24c9715b6641ce760a1db3ebc4529429812f48b59f6b97e9680638ba902,cities,test,entity_2b3ed331b56ff38842edba2d0a1addd2e54a84dd1a7c24da05d036ccf1e8791f,entity_436da74789962bc12417c0e4810501a6c955f868965c36e36035a39dda54ad17,entity_2b3ed331b56ff38842edba2d0a1addd2e54a84dd1a7c24da05d036ccf1e8791f,entity_436da74789962bc12417c0e4810501a6c955f868965c36e36035a39dda54ad17
pair_1d54e89d1cc39e7a629da4e23de13bcbc032f7d8dc16d44ffaa2fefb0370b172,cities,test,entity_2b3ed331b56ff38842edba2d0a1addd2e54a84dd1a7c24da05d036ccf1e8791f,entity_9031f8da65a21f341aea1c31645400ca80a46d80396a3ef61d771776cf056717,entity_2b3ed331b56ff38842edba2d0a1addd2e54a84dd1a7c24da05d036ccf1e8791f,entity_9031f8da65a21f341aea1c31645400ca80a46d80396a3ef61d771776cf056717
pair_ec44bcd4749c0410a47b0b723451779d50a5a12d832f3cb782cf2015d812ab94,cities,test,entity_2bc441fe33cf90653e35334d73ef77508ef248b48928413c796dc1acfeef2286,entity_508a7a25e4d752915f28c5aa7c09e8593ab7eeb5ffb0f06662cccdf13ec20309,entity_2bc441fe33cf90653e35334d73ef77508ef248b48928413c796dc1acfeef2286,entity_508a7a25e4d752915f28c5aa7c09e8593ab7eeb5ffb0f06662cccdf13ec20309
pair_82b481c063ad5fa065211a501051c1d1b6a1d8ac15e685aaa7a24abb7864226a,cities,test,entity_2bc441fe33cf90653e35334d73ef77508ef248b48928413c796dc1acfeef2286,entity_67a83c354e28551529e8800244be09a595328e41ad42dd27990bd10ddbb4516e,entity_2bc441fe33cf90653e35334d73ef77508ef248b48928413c796dc1acfeef2286,entity_67a83c354e28551529e8800244be09a595328e41ad42dd27990bd10ddbb4516e
pair_4805f0dce77100cedfd26c119c8db298c5a350339276c41e0cb8648bd9450d80,cities,test,entity_2bc441fe33cf90653e35334d73ef77508ef248b48928413c796dc1acfeef2286,entity_72606ce6433eb493ce0ad71e771b950600d355cd2c922277824041ad8a5accea,entity_2bc441fe33cf90653e35334d73ef77508ef248b48928413c796dc1acfeef2286,entity_72606ce6433eb493ce0ad71e771b950600d355cd2c922277824041ad8a5accea
pair_8b6cea11a55a02db58bc8203fda6c298e56dc1cb60c3191025e84fd3326dc725,cities,test,entity_2f64c8c51eee3d2eccbbe4bc44aeff1d4e9a1ef658d80585ceb42234a7f4f9e8,entity_c6496239fcbae52760b673b4b83632e2d524b8721572c90f2ef5f38ead05cef3,entity_2f64c8c51eee3d2eccbbe4bc44aeff1d4e9a1ef658d80585ceb42234a7f4f9e8,entity_c6496239fcbae52760b673b4b83632e2d524b8721572c90f2ef5f38ead05cef3
pair_f3343f99ddac90d7739fc4d82be10ef6085d8817061240a06fbc5e156d35e57d,cities,test,entity_2f64c8c51eee3d2eccbbe4bc44aeff1d4e9a1ef658d80585ceb42234a7f4f9e8,entity_e477a9988ab3155cb7fb4cf3b86e996aa4dde39729e36ca41e3632d5acba1482,entity_2f64c8c51eee3d2eccbbe4bc44aeff1d4e9a1ef658d80585ceb42234a7f4f9e8,entity_e477a9988ab3155cb7fb4cf3b86e996aa4dde39729e36ca41e3632d5acba1482
pair_1ed435ce2e543ea214625cb56d6b4f724c6e6a75e8026f0ab0c409eb71af48cb,cities,test,entity_2f64c8c51eee3d2eccbbe4bc44aeff1d4e9a1ef658d80585ceb42234a7f4f9e8,entity_ed60373081bad01fd201e5ccaac21680c25201a5f1182bd04bfb0ac6e20288f2,entity_2f64c8c51eee3d2eccbbe4bc44aeff1d4e9a1ef658d80585ceb42234a7f4f9e8,entity_ed60373081bad01fd201e5ccaac21680c25201a5f1182bd04bfb0ac6e20288f2
pair_0605e6465b497543003729c01173b065b7a2657c46ca9889a4f21cb3ca2f0e01,cities,test,entity_2f64c8c51eee3d2eccbbe4bc44aeff1d4e9a1ef658d80585ceb42234a7f4f9e8,entity_ff706163f2bd4abc3d16c0f1dacbf73b8937229d68049991d498f969a9e49476,entity_2f64c8c51eee3d2eccbbe4bc44aeff1d4e9a1ef658d80585ceb42234a7f4f9e8,entity_ff706163f2bd4abc3d16c0f1dacbf73b8937229d68049991d498f969a9e49476
pair_804f11ca549d77cc0e6c3478b588850da6bef388aba45cc91b517ee44fb3f2e3,cities,test,entity_354dee94e4f11f829585b190946c3ff7df3dc89ba31c606f9b1389b9c512cbeb,entity_3e9b92a97736c8b52bd54a64c265df4fd7087ee4a612c54c9ee1cba5decac816,entity_354dee94e4f11f829585b190946c3ff7df3dc89ba31c606f9b1389b9c512cbeb,entity_3e9b92a97736c8b52bd54a64c265df4fd7087ee4a612c54c9ee1cba5decac816
pair_23abe10683ba1bac5f3edd6f42a4a05b42be4128729f94ccea9598bab5dd7d83,cities,test,entity_354dee94e4f11f829585b190946c3ff7df3dc89ba31c606f9b1389b9c512cbeb,entity_436da74789962bc12417c0e4810501a6c955f868965c36e36035a39dda54ad17,entity_354dee94e4f11f829585b190946c3ff7df3dc89ba31c606f9b1389b9c512cbeb,entity_436da74789962bc12417c0e4810501a6c955f868965c36e36035a39dda54ad17
pair_0decd9b4bf67e49b7fcb80cbd42a5ab5738c42d396e7f57406c7f39e653741c7,cities,test,entity_359a189eee4a5d6f36c098152a39237be3f2e17f2f230fe589da2b64ba8206e6,entity_7aff1731daefa5c0ec98ea47a75a70952f4f14f12a97a0b2ba4c102211eddf05,entity_359a189eee4a5d6f36c098152a39237be3f2e17f2f230fe589da2b64ba8206e6,entity_7aff1731daefa5c0ec98ea47a75a70952f4f14f12a97a0b2ba4c102211eddf05
pair_2d24cfeb0d42f6a3f7589ed47fb344e6d769e832f39e26f81ac6d9bdb45ec6c0,cities,test,entity_359a189eee4a5d6f36c098152a39237be3f2e17f2f230fe589da2b64ba8206e6,entity_7e3fde4b8be0ca6f6556803cd0a0863a9040a213a80b370357d81ea820193f10,entity_359a189eee4a5d6f36c098152a39237be3f2e17f2f230fe589da2b64ba8206e6,entity_7e3fde4b8be0ca6f6556803cd0a0863a9040a213a80b370357d81ea820193f10
pair_53516ca71fac4c387f38075e34b5247625abe0a032883d895b40f3b554c8aaec,cities,test,entity_359a189eee4a5d6f36c098152a39237be3f2e17f2f230fe589da2b64ba8206e6,entity_a2ba89b45fdd785cf34025c6427a0746f18e7d294ac6514c392b1b38d0ee3e06,entity_359a189eee4a5d6f36c098152a39237be3f2e17f2f230fe589da2b64ba8206e6,entity_a2ba89b45fdd785cf34025c6427a0746f18e7d294ac6514c392b1b38d0ee3e06
pair_f6cf245ae162c33b0e90d45248cee3888397faf2865aee5c7baadf9502e765bd,cities,test,entity_397fa18b72a9de7d4d03a18e36bf84ac71f917d26b06bd2766173c86f256f80c,entity_66864f2676721c8c18ebf2cee648d7acc2a8f705eaf584fafeaa053bf0e408ef,entity_397fa18b72a9de7d4d03a18e36bf84ac71f917d26b06bd2766173c86f256f80c,entity_66864f2676721c8c18ebf2cee648d7acc2a8f705eaf584fafeaa053bf0e408ef
pair_113dfe1b7d38ef89242e3315a152a7d21424889b483b9f578422324d91631811,cities,test,entity_397fa18b72a9de7d4d03a18e36bf84ac71f917d26b06bd2766173c86f256f80c,entity_95b0d697f569f983fd05ce7c2144860e0a4a5dad9e5b5cd867b6accaa5e683f5,entity_397fa18b72a9de7d4d03a18e36bf84ac71f917d26b06bd2766173c86f256f80c,entity_95b0d697f569f983fd05ce7c2144860e0a4a5dad9e5b5cd867b6accaa5e683f5
pair_eefe98a0c86fe98c3eb82b2dba3a89f3ca502453c49940ad069ebacc428e3d50,cities,test,entity_397fa18b72a9de7d4d03a18e36bf84ac71f917d26b06bd2766173c86f256f80c,entity_b03056fef13c0318b81d44be281e165c6ad7404e24c69bd35a17e2ba796f5867,entity_397fa18b72a9de7d4d03a18e36bf84ac71f917d26b06bd2766173c86f256f80c,entity_b03056fef13c0318b81d44be281e165c6ad7404e24c69bd35a17e2ba796f5867
pair_950516361c69a7ef57216489ca7a4b7bb6fcb9d10b0ad23e72bf6ce5fd1da2f0,cities,test,entity_397fa18b72a9de7d4d03a18e36bf84ac71f917d26b06bd2766173c86f256f80c,entity_c39b7491f88df021b19e85a20ad1fd057ed5745238532fcde9da8653a09a6b4c,entity_397fa18b72a9de7d4d03a18e36bf84ac71f917d26b06bd2766173c86f256f80c,entity_c39b7491f88df021b19e85a20ad1fd057ed5745238532fcde9da8653a09a6b4c
pair_7243b84522ee6a52121d7e6891118a30d6b76e7382cd3f4f05ea3b7964345ede,cities,test,entity_3a08b08e9596da5092febb2e531ded60602f6464d9e12f62bccbc793d3088a73,entity_8549419b1769a2edddb39ace13adb7008d365cce540d560eaf15125d34488877,entity_3a08b08e9596da5092febb2e531ded60602f6464d9e12f62bccbc793d3088a73,entity_8549419b1769a2edddb39ace13adb7008d365cce540d560eaf15125d34488877
pair_1ee291ef2ab1f270213b26ee8e628c585150a35b13abd64f09120fa8a111b1fc,cities,test,entity_3a08b08e9596da5092febb2e531ded60602f6464d9e12f62bccbc793d3088a73,entity_9443176b85008b47e2ece9026988d373c6908aa97214fc66c8b6437047f489d7,entity_3a08b08e9596da5092febb2e531ded60602f6464d9e12f62bccbc793d3088a73,entity_9443176b85008b47e2ece9026988d373c6908aa97214fc66c8b6437047f489d7
pair_4f83561110406da5ee3e8727011bb697ee27ba3b6b78d1325700dd36576fdbbb,cities,test,entity_3b8b78ddbf4a21cd2b2aa385a9c83e044cfcc8fb99a4ca40785d7771eb834ab3,entity_700b6afd6caec7872273e05a00fb109f5191bb8aaa96b5684c84d48ea8120504,entity_3b8b78ddbf4a21cd2b2aa385a9c83e044cfcc8fb99a4ca40785d7771eb834ab3,entity_700b6afd6caec7872273e05a00fb109f5191bb8aaa96b5684c84d48ea8120504
pair_81df64f08f83e274966eb52b6137488587a5494ed006086f8b13f3079fcf541b,cities,test,entity_3b8b78ddbf4a21cd2b2aa385a9c83e044cfcc8fb99a4ca40785d7771eb834ab3,entity_877a05291b74a715bdbbfa2691429e16584148977b6f4397359a1b5e4ddf87fb,entity_3b8b78ddbf4a21cd2b2aa385a9c83e044cfcc8fb99a4ca40785d7771eb834ab3,entity_877a05291b74a715bdbbfa2691429e16584148977b6f4397359a1b5e4ddf87fb
pair_0ce39ad0d84682a9e63841632fcf2139202de02d4a6cadcb036306b01947d768,cities,test,entity_3b8b78ddbf4a21cd2b2aa385a9c83e044cfcc8fb99a4ca40785d7771eb834ab3,entity_8cb9f52c757d97af886485fe597991e08bc3a00026e16f96ecd32e4865818163,entity_3b8b78ddbf4a21cd2b2aa385a9c83e044cfcc8fb99a4ca40785d7771eb834ab3,entity_8cb9f52c757d97af886485fe597991e08bc3a00026e16f96ecd32e4865818163
pair_6caa08ab85aefc61f2f6aa4c167aed8bab203a52c920ecdd4fc58009bcacf715,cities,test,entity_3b8b78ddbf4a21cd2b2aa385a9c83e044cfcc8fb99a4ca40785d7771eb834ab3,entity_ee756c15ed16cfa1a62f2d1633cf788033a2de1a43f8c351c5247e51596789db,entity_3b8b78ddbf4a21cd2b2aa385a9c83e044cfcc8fb99a4ca40785d7771eb834ab3,entity_ee756c15ed16cfa1a62f2d1633cf788033a2de1a43f8c351c5247e51596789db
pair_43d7b1959bd155b4832cd42380ff4b5dc297e55d4d54148631df45047f73d2e9,cities,test,entity_3b91e78d999fd2164477e1dfb5d28a19fc9e92f9d79cf1399eaf2ffecb8cc6f1,entity_7ae07b499b598c201dbe755407727be3fbb01054fc6e889a6f946a93780d1fd0,entity_3b91e78d999fd2164477e1dfb5d28a19fc9e92f9d79cf1399eaf2ffecb8cc6f1,entity_7ae07b499b598c201dbe755407727be3fbb01054fc6e889a6f946a93780d1fd0
pair_8ba3866b859d84f17794ff5d344c705b153b9f1bad563abb175630b90bcf5487,cities,test,entity_3d0a634426a3422f6387a3ad2adbf49b0c5896dabc7347c792c6a55cae04e1a8,entity_67c55f75f6edef8e73844e1e6a60ff1c019c55db743ef14a30d22d219990e1da,entity_3d0a634426a3422f6387a3ad2adbf49b0c5896dabc7347c792c6a55cae04e1a8,entity_67c55f75f6edef8e73844e1e6a60ff1c019c55db743ef14a30d22d219990e1da
pair_fee39b159456cc08fa6346b152b40a3e252c9ab476da0a9ffd8bb52acb37bc54,cities,test,entity_3d0a634426a3422f6387a3ad2adbf49b0c5896dabc7347c792c6a55cae04e1a8,entity_df7a72b48c8b66b1afe5b01863485310d6a02244e9e9a1c1f305743bab0e40a3,entity_3d0a634426a3422f6387a3ad2adbf49b0c5896dabc7347c792c6a55cae04e1a8,entity_df7a72b48c8b66b1afe5b01863485310d6a02244e9e9a1c1f305743bab0e40a3
pair_de2222afdd6090a118c7eb11dbbc7a52004f3ed4be31121d5b311d769a2abdb7,cities,test,entity_3e9b92a97736c8b52bd54a64c265df4fd7087ee4a612c54c9ee1cba5decac816,entity_4ec97c5bef97e5a051a32a953e1349310b7aa363c858eb57cb87120da2d7f41b,entity_3e9b92a97736c8b52bd54a64c265df4fd7087ee4a612c54c9ee1cba5decac816,entity_4ec97c5bef97e5a051a32a953e1349310b7aa363c858eb57cb87120da2d7f41b
pair_1a14bf63a374d38ee8bf17999953106d1218f9a4ff6282a28ed826c1e454d68c,cities,test,entity_3e9b92a97736c8b52bd54a64c265df4fd7087ee4a612c54c9ee1cba5decac816,entity_b48a8217df9ba44c7ad0ffa2d9ae616f55107c95284413f5642fac69141f9e04,entity_3e9b92a97736c8b52bd54a64c265df4fd7087ee4a612c54c9ee1cba5decac816,entity_b48a8217df9ba44c7ad0ffa2d9ae616f55107c95284413f5642fac69141f9e04
pair_a12999e7f8fbb947d2613188065796e8f44513b3326ced191320c0ea598990d0,cities,test,entity_3ea8a31cd5fabad4f7beb390e760ead3a40c2d5272d1c028aeae88a36f9d15bf,entity_94e58db2415e654a3e6553d61d321e1220cd5c3ab4d7291a8d3097bd2a043a8b,entity_3ea8a31cd5fabad4f7beb390e760ead3a40c2d5272d1c028aeae88a36f9d15bf,entity_94e58db2415e654a3e6553d61d321e1220cd5c3ab4d7291a8d3097bd2a043a8b
pair_85fc6691e51d766ee3f4a5f3904a71785172a60cdb2d8ae628bce350e4fe3924,cities,test,entity_3ea8a31cd5fabad4f7beb390e760ead3a40c2d5272d1c028aeae88a36f9d15bf,entity_97cab5139911774db82f5bba85cf6a18275c728ff1655a3ea23954219ec3825b,entity_3ea8a31cd5fabad4f7beb390e760ead3a40c2d5272d1c028aeae88a36f9d15bf,entity_97cab5139911774db82f5bba85cf6a18275c728ff1655a3ea23954219ec3825b
pair_40f6f04cdbf6ba311b6d3f52d5c1ca3e0d0aa8da51d60629ec863851aaed1049,cities,test,entity_3ea8a31cd5fabad4f7beb390e760ead3a40c2d5272d1c028aeae88a36f9d15bf,entity_b1055c6ab3c21b6d10500ea25889245613c46b072852d20884fb2157d015dbe1,entity_3ea8a31cd5fabad4f7beb390e760ead3a40c2d5272d1c028aeae88a36f9d15bf,entity_b1055c6ab3c21b6d10500ea25889245613c46b072852d20884fb2157d015dbe1
pair_b09a70f6f91de4e5fa96a5e2d0ed062c22559751c3d0414833105b04e0887b6b,cities,test,entity_436da74789962bc12417c0e4810501a6c955f868965c36e36035a39dda54ad17,entity_6c59fefff6a9856c919c1cbf680c619cbe68119e2a64a6396add91bc898c1791,entity_436da74789962bc12417c0e4810501a6c955f868965c36e36035a39dda54ad17,entity_6c59fefff6a9856c919c1cbf680c619cbe68119e2a64a6396add91bc898c1791
pair_215ec050c6f6902c2ed2f9b91bcb26a11ebd22e62316f2b5c54a9eeb752ebbce,cities,test,entity_436da74789962bc12417c0e4810501a6c955f868965c36e36035a39dda54ad17,entity_9031f8da65a21f341aea1c31645400ca80a46d80396a3ef61d771776cf056717,entity_436da74789962bc12417c0e4810501a6c955f868965c36e36035a39dda54ad17,entity_9031f8da65a21f341aea1c31645400ca80a46d80396a3ef61d771776cf056717
pair_e8cf00a1026ee8b7975f16f46440d5dd552a40aad1880acd10de50037e3ef1a9,cities,test,entity_466c6b79f3532c615640ed79579c4c3cb5a261a67b24e3ee826c55480498f43e,entity_6c371e2ed1eff4dadcce4c6fd622d24ad7cb4bb7a3f7a2cc51f3b493546a1d0e,entity_466c6b79f3532c615640ed79579c4c3cb5a261a67b24e3ee826c55480498f43e,entity_6c371e2ed1eff4dadcce4c6fd622d24ad7cb4bb7a3f7a2cc51f3b493546a1d0e
pair_d9a4aded9d7dc42a4059c1bb3179dab50cd8657029ffcb8048890a2b972b82ca,cities,test,entity_466c6b79f3532c615640ed79579c4c3cb5a261a67b24e3ee826c55480498f43e,entity_dd1bd51e727c4e09df8c16c4e28bd32f76edc19020c4c721e9ee03b550624ae0,entity_466c6b79f3532c615640ed79579c4c3cb5a261a67b24e3ee826c55480498f43e,entity_dd1bd51e727c4e09df8c16c4e28bd32f76edc19020c4c721e9ee03b550624ae0
pair_9c34a62f1bcf5d43ade1084a0c64d09cc60e4553a3f9db25313847a6d1feb5df,cities,test,entity_466c6b79f3532c615640ed79579c4c3cb5a261a67b24e3ee826c55480498f43e,entity_e597c8c130125f1ac3ff827438fce263c561414a7f2104d61e9264e2d42a9044,entity_466c6b79f3532c615640ed79579c4c3cb5a261a67b24e3ee826c55480498f43e,entity_e597c8c130125f1ac3ff827438fce263c561414a7f2104d61e9264e2d42a9044
pair_db3fb56c3f4890720531a216ec12199d7c1d8b7d00b32eedc00cd510865fddda,cities,test,entity_466c6b79f3532c615640ed79579c4c3cb5a261a67b24e3ee826c55480498f43e,entity_f7e3152701c3848089a45bbf3c80c7a6dc79b1a48d7d82d7637d479c9ab1e4c7,entity_466c6b79f3532c615640ed79579c4c3cb5a261a67b24e3ee826c55480498f43e,entity_f7e3152701c3848089a45bbf3c80c7a6dc79b1a48d7d82d7637d479c9ab1e4c7
pair_0ea9e4ea4daa0ea98c9c031897aabe77ce92bec2f1488807c18976a77bc2aef2,cities,test,entity_474e3a559f4a975093c24af665e0ae995b8899c0251163599b4d151b1bf3b94e,entity_51fd610b90ccb7cd682b7969ab7727853a3472684d498db124d9865bd78bafb0,entity_474e3a559f4a975093c24af665e0ae995b8899c0251163599b4d151b1bf3b94e,entity_51fd610b90ccb7cd682b7969ab7727853a3472684d498db124d9865bd78bafb0
pair_b990c1189946ba169252f180b9a7e8c0763cc65fefc59d7b39137ff6ca6d6411,cities,test,entity_474e3a559f4a975093c24af665e0ae995b8899c0251163599b4d151b1bf3b94e,entity_da5886acf146594b8f47f6528fe8dff8977e275636cf345db8f26951e7b85445,entity_474e3a559f4a975093c24af665e0ae995b8899c0251163599b4d151b1bf3b94e,entity_da5886acf146594b8f47f6528fe8dff8977e275636cf345db8f26951e7b85445
pair_0d51b1566a0f3dc67bc770d1014155bb50240576b3dbf7a113ff22b9c175de1a,cities,test,entity_474e3a559f4a975093c24af665e0ae995b8899c0251163599b4d151b1bf3b94e,entity_eb6ae9db22ce5d80ee0e1236464733b7fafeaa4c6de794b486a100e01fa88ff6,entity_474e3a559f4a975093c24af665e0ae995b8899c0251163599b4d151b1bf3b94e,entity_eb6ae9db22ce5d80ee0e1236464733b7fafeaa4c6de794b486a100e01fa88ff6
pair_ce74eee4192d1c15ec237ee88e5f7b1d26d07b9ed120dc7d44bc74c1f25d8272,cities,test,entity_4d86fb31d48035480860b08b8951e946cafeec2886e66e056e4807b51376b5f2,entity_647445fb6411e2864c575d822c914a458b4c9652598fc69ac794aba13025d55f,entity_4d86fb31d48035480860b08b8951e946cafeec2886e66e056e4807b51376b5f2,entity_647445fb6411e2864c575d822c914a458b4c9652598fc69ac794aba13025d55f
pair_fb1a5d59aec5cdb4b67c3a2a093f8b5dce62aa02b5b20fc9a96da6e7ab3859c7,cities,test,entity_4d86fb31d48035480860b08b8951e946cafeec2886e66e056e4807b51376b5f2,entity_d2df033e4cb4c48236c6ad9dacd59073ab3a48a30daeabeb4b0c202a85e16787,entity_4d86fb31d48035480860b08b8951e946cafeec2886e66e056e4807b51376b5f2,entity_d2df033e4cb4c48236c6ad9dacd59073ab3a48a30daeabeb4b0c202a85e16787
pair_f2c42038082c9aaf4e48216d83ac3f9217b037bfcfbee7252c6f13f15179364f,cities,test,entity_4d86fb31d48035480860b08b8951e946cafeec2886e66e056e4807b51376b5f2,entity_ece3c82cf20f35a2092de9d346eb015e039dfe50c83385a0f412df1130993211,entity_4d86fb31d48035480860b08b8951e946cafeec2886e66e056e4807b51376b5f2,entity_ece3c82cf20f35a2092de9d346eb015e039dfe50c83385a0f412df1130993211
pair_97a11d75dc1f31a5ab93db398b535aa276715a54a5b454286271578ad8693f60,cities,test,entity_4ec97c5bef97e5a051a32a953e1349310b7aa363c858eb57cb87120da2d7f41b,entity_8c13c49d7c8433403143c08c6863281b29d433e382c967c0b5042571fef12cfe,entity_4ec97c5bef97e5a051a32a953e1349310b7aa363c858eb57cb87120da2d7f41b,entity_8c13c49d7c8433403143c08c6863281b29d433e382c967c0b5042571fef12cfe
pair_88622ace58b42689fc674a14a459660922e4bf75bf1faa4cfd6709e2f790f88e,cities,test,entity_4ec97c5bef97e5a051a32a953e1349310b7aa363c858eb57cb87120da2d7f41b,entity_b48a8217df9ba44c7ad0ffa2d9ae616f55107c95284413f5642fac69141f9e04,entity_4ec97c5bef97e5a051a32a953e1349310b7aa363c858eb57cb87120da2d7f41b,entity_b48a8217df9ba44c7ad0ffa2d9ae616f55107c95284413f5642fac69141f9e04
pair_7b9d25c65ff5ab8a0c809ec41c6325d857b1bdcadf91f4036d16f01003d59bfb,cities,test,entity_4f1b71d20075d1750e3450a3f9deac14add5d160faef51ed2dd9d7640b010594,entity_727ea1c6f478c4804d2ffd90e2af7249763f91695aff2150a49f5802b4d30a93,entity_4f1b71d20075d1750e3450a3f9deac14add5d160faef51ed2dd9d7640b010594,entity_727ea1c6f478c4804d2ffd90e2af7249763f91695aff2150a49f5802b4d30a93
pair_21900a171f39c9abd243d694f47873aebe3269e235e069793e06d3c7af873b29,cities,test,entity_4f1b71d20075d1750e3450a3f9deac14add5d160faef51ed2dd9d7640b010594,entity_caab6e6e0c031b13d0cc68423ae4849d2c7914ea38cace94cea2e0ecf8925fe8,entity_4f1b71d20075d1750e3450a3f9deac14add5d160faef51ed2dd9d7640b010594,entity_caab6e6e0c031b13d0cc68423ae4849d2c7914ea38cace94cea2e0ecf8925fe8
pair_652f6840f585daab2e8cbe5925fd922da8e50a5f66f1c8ff8354d83fbdf23b67,cities,test,entity_4f1b71d20075d1750e3450a3f9deac14add5d160faef51ed2dd9d7640b010594,entity_d5c48505c11de98eb6b953c3d7f33dc44c84a16cf71fe951e4b133bfa451d60f,entity_4f1b71d20075d1750e3450a3f9deac14add5d160faef51ed2dd9d7640b010594,entity_d5c48505c11de98eb6b953c3d7f33dc44c84a16cf71fe951e4b133bfa451d60f
pair_e1c0ae53d1e48d2e972b37b2ccb012213ee63a2b53d314baf3b472f4400d7d77,cities,test,entity_4f855f7b284918c66c83ed455750e319d7a09db18673c35ca252b07badce452b,entity_6079ff443f472db615d98455273544ec92d4e2f185fed5516d6dffb2909dbd9d,entity_4f855f7b284918c66c83ed455750e319d7a09db18673c35ca252b07badce452b,entity_6079ff443f472db615d98455273544ec92d4e2f185fed5516d6dffb2909dbd9d
pair_bd23a81ee3dd3ad005bd9d20fc90f7753ae3d4bf237c6001f332fa0d036de731,cities,test,entity_4f855f7b284918c66c83ed455750e319d7a09db18673c35ca252b07badce452b,entity_7aff1731daefa5c0ec98ea47a75a70952f4f14f12a97a0b2ba4c102211eddf05,entity_4f855f7b284918c66c83ed455750e319d7a09db18673c35ca252b07badce452b,entity_7aff1731daefa5c0ec98ea47a75a70952f4f14f12a97a0b2ba4c102211eddf05
pair_05c34b2ddf154368c60a47a460f36c6c8a4699f893dea48afcae4d15b17282c9,cities,test,entity_4f855f7b284918c66c83ed455750e319d7a09db18673c35ca252b07badce452b,entity_a2ba89b45fdd785cf34025c6427a0746f18e7d294ac6514c392b1b38d0ee3e06,entity_4f855f7b284918c66c83ed455750e319d7a09db18673c35ca252b07badce452b,entity_a2ba89b45fdd785cf34025c6427a0746f18e7d294ac6514c392b1b38d0ee3e06
pair_e8acad91a02453d1f9b523328b35b5e6e12aeb27486ebf2dd33bc636f1ed6a17,cities,test,entity_4f855f7b284918c66c83ed455750e319d7a09db18673c35ca252b07badce452b,entity_ad51f804bd24f38b52defe95dbfe3c3ce32adb9f74bdb26ae75b57bca62d7bc3,entity_4f855f7b284918c66c83ed455750e319d7a09db18673c35ca252b07badce452b,entity_ad51f804bd24f38b52defe95dbfe3c3ce32adb9f74bdb26ae75b57bca62d7bc3
pair_de39a4bc59b58cb0928fba924dd9f0bf908c8c20faecc73c8421c996e525adfa,cities,test,entity_508a7a25e4d752915f28c5aa7c09e8593ab7eeb5ffb0f06662cccdf13ec20309,entity_67a83c354e28551529e8800244be09a595328e41ad42dd27990bd10ddbb4516e,entity_508a7a25e4d752915f28c5aa7c09e8593ab7eeb5ffb0f06662cccdf13ec20309,entity_67a83c354e28551529e8800244be09a595328e41ad42dd27990bd10ddbb4516e
pair_549b50efc8315016ee9bf9ca26f560f71daf0a0a337b4473db8c483d1b52db56,cities,test,entity_508a7a25e4d752915f28c5aa7c09e8593ab7eeb5ffb0f06662cccdf13ec20309,entity_947ce7a4274fc517244cbfa1c78b69b37aa2092c19e60269ad10f991f38bc682,entity_508a7a25e4d752915f28c5aa7c09e8593ab7eeb5ffb0f06662cccdf13ec20309,entity_947ce7a4274fc517244cbfa1c78b69b37aa2092c19e60269ad10f991f38bc682
pair_802b7cc0c6b1a5116bf8b20147e55ad40f964edd5092cae36fee4bfb71a5616b,cities,test,entity_50d37ac2b3cfadc7a366263324c1aef96924b265b839441c961f100d1e92a0a9,entity_903c8c44aec87a2f5e555094a033775bd3b3864d61884cc9625532f001f853da,entity_50d37ac2b3cfadc7a366263324c1aef96924b265b839441c961f100d1e92a0a9,entity_903c8c44aec87a2f5e555094a033775bd3b3864d61884cc9625532f001f853da
pair_db21b9d9aa625b5a09270f49968c80975294f72b24bcecb856028f1566b50f6c,cities,test,entity_50d37ac2b3cfadc7a366263324c1aef96924b265b839441c961f100d1e92a0a9,entity_e0234a5fb28cbc6680a77c97af4cb10328fdfe15e7de8bb67c19e39091cd056e,entity_50d37ac2b3cfadc7a366263324c1aef96924b265b839441c961f100d1e92a0a9,entity_e0234a5fb28cbc6680a77c97af4cb10328fdfe15e7de8bb67c19e39091cd056e
pair_f854752082fb7fee3c788e69b4b90b8d8a7f0c5b30192b0b7a61c03904e48f26,cities,test,entity_51d69b0568f9d78b4bd166af53b616d7e82d804e92f457df8fbe2787d95e0955,entity_903c8c44aec87a2f5e555094a033775bd3b3864d61884cc9625532f001f853da,entity_51d69b0568f9d78b4bd166af53b616d7e82d804e92f457df8fbe2787d95e0955,entity_903c8c44aec87a2f5e555094a033775bd3b3864d61884cc9625532f001f853da
pair_79bcc92e5b2d87b8d46f44d6c881f4f0d907694a19013280d4fe391a82b7b310,cities,test,entity_51d69b0568f9d78b4bd166af53b616d7e82d804e92f457df8fbe2787d95e0955,entity_95e88f843b45b005850edb4ae355a74dc08a656f7b2f141cf7ed93f1cac08860,entity_51d69b0568f9d78b4bd166af53b616d7e82d804e92f457df8fbe2787d95e0955,entity_95e88f843b45b005850edb4ae355a74dc08a656f7b2f141cf7ed93f1cac08860
pair_d0b5e73bd203cb2f2b99edb1c3b47d95395622f9d12731d13cd6c6c8b849559e,cities,test,entity_51fd610b90ccb7cd682b7969ab7727853a3472684d498db124d9865bd78bafb0,entity_eb6ae9db22ce5d80ee0e1236464733b7fafeaa4c6de794b486a100e01fa88ff6,entity_51fd610b90ccb7cd682b7969ab7727853a3472684d498db124d9865bd78bafb0,entity_eb6ae9db22ce5d80ee0e1236464733b7fafeaa4c6de794b486a100e01fa88ff6
pair_62c50b8a9c0b8e019a310a0c713dd0eee067eb4d538ee2bce9aa8f49f55b9ac2,cities,test,entity_54e3ddb56051a7c86d611ce1edd7a6f7564c33bacf553350cd09e55eae3492eb,entity_5c45399a80e6bd586ec09c746acdb723709b7f2b4634c91ec9b12fef540c6d9a,entity_54e3ddb56051a7c86d611ce1edd7a6f7564c33bacf553350cd09e55eae3492eb,entity_5c45399a80e6bd586ec09c746acdb723709b7f2b4634c91ec9b12fef540c6d9a
pair_349de9b3ed684912aeea60b2920405c544c7ec593988cf49f1808839acf1725f,cities,test,entity_54e3ddb56051a7c86d611ce1edd7a6f7564c33bacf553350cd09e55eae3492eb,entity_baae5bd805669ba054ec6e4b88fe0c0a453b286b1cf65e52d8bc7efc4c11ee35,entity_54e3ddb56051a7c86d611ce1edd7a6f7564c33bacf553350cd09e55eae3492eb,entity_baae5bd805669ba054ec6e4b88fe0c0a453b286b1cf65e52d8bc7efc4c11ee35
pair_1b789051e0dcf4ce5fd60039783eb5208364636bdec95c21ca675a6151b9f330,cities,test,entity_54e3ddb56051a7c86d611ce1edd7a6f7564c33bacf553350cd09e55eae3492eb,entity_f0ce3881fa596d22e7aabf99a6e67e41ed07fdc5de550a732d1701587b0f479f,entity_54e3ddb56051a7c86d611ce1edd7a6f7564c33bacf553350cd09e55eae3492eb,entity_f0ce3881fa596d22e7aabf99a6e67e41ed07fdc5de550a732d1701587b0f479f
pair_2ecf8246bc03d8929b1940d2ebbd19c1ac7d8bb7a67727fd86baefb115f77a91,cities,test,entity_5538c326c13704cd0eb94831f176d4b7d760742c1fe12850717492f2d63be07b,entity_6c371e2ed1eff4dadcce4c6fd622d24ad7cb4bb7a3f7a2cc51f3b493546a1d0e,entity_5538c326c13704cd0eb94831f176d4b7d760742c1fe12850717492f2d63be07b,entity_6c371e2ed1eff4dadcce4c6fd622d24ad7cb4bb7a3f7a2cc51f3b493546a1d0e
pair_44e5212e34777e9516b6c3534aeb4b239095153f6d719378d69c964e31e7b957,cities,test,entity_5538c326c13704cd0eb94831f176d4b7d760742c1fe12850717492f2d63be07b,entity_727ea1c6f478c4804d2ffd90e2af7249763f91695aff2150a49f5802b4d30a93,entity_5538c326c13704cd0eb94831f176d4b7d760742c1fe12850717492f2d63be07b,entity_727ea1c6f478c4804d2ffd90e2af7249763f91695aff2150a49f5802b4d30a93
pair_e2b4bf9e1c3c650cb0948e54709a8c9949650419f37b8edf6ccfde7f0426835a,cities,test,entity_5538c326c13704cd0eb94831f176d4b7d760742c1fe12850717492f2d63be07b,entity_d5c48505c11de98eb6b953c3d7f33dc44c84a16cf71fe951e4b133bfa451d60f,entity_5538c326c13704cd0eb94831f176d4b7d760742c1fe12850717492f2d63be07b,entity_d5c48505c11de98eb6b953c3d7f33dc44c84a16cf71fe951e4b133bfa451d60f
pair_9f68df131e09700ca136adb5d09ead3930f68d7df5f3048ca9a52f361133dec3,cities,test,entity_5538c326c13704cd0eb94831f176d4b7d760742c1fe12850717492f2d63be07b,entity_e597c8c130125f1ac3ff827438fce263c561414a7f2104d61e9264e2d42a9044,entity_5538c326c13704cd0eb94831f176d4b7d760742c1fe12850717492f2d63be07b,entity_e597c8c130125f1ac3ff827438fce263c561414a7f2104d61e9264e2d42a9044
pair_079eed3d1c4029860adf0527db6e21ec8287d56788eefe6dda8519cd3edc22eb,cities,test,entity_5c45399a80e6bd586ec09c746acdb723709b7f2b4634c91ec9b12fef540c6d9a,entity_f0ce3881fa596d22e7aabf99a6e67e41ed07fdc5de550a732d1701587b0f479f,entity_5c45399a80e6bd586ec09c746acdb723709b7f2b4634c91ec9b12fef540c6d9a,entity_f0ce3881fa596d22e7aabf99a6e67e41ed07fdc5de550a732d1701587b0f479f
pair_25f997761c12fdb59f9d7766ce6acc31d87ccca5ae52582a9812abe07d00c0df,cities,test,entity_5c6e5546bcca15fb556c9f1afa1e9597755a9fb538cc7f1ade117110d1ec060a,entity_adf2598b0ae0eee0896c9a432a6c17873b5a9ac585d88ca2376451363181352c,entity_5c6e5546bcca15fb556c9f1afa1e9597755a9fb538cc7f1ade117110d1ec060a,entity_adf2598b0ae0eee0896c9a432a6c17873b5a9ac585d88ca2376451363181352c
pair_005f18a7840ec632f34af3ac1aa0e69bb35a245d41e5d3ae1fb7b2d893a396d5,cities,test,entity_5c6e5546bcca15fb556c9f1afa1e9597755a9fb538cc7f1ade117110d1ec060a,entity_b33156fa0090572744cc0c6d6b4945a3f7fc13a99b7e93f8808d750ee7037684,entity_5c6e5546bcca15fb556c9f1afa1e9597755a9fb538cc7f1ade117110d1ec060a,entity_b33156fa0090572744cc0c6d6b4945a3f7fc13a99b7e93f8808d750ee7037684
pair_428f79c426c632b037f753574f8e72dc1a2f8db8d07f72d2f723508d8fdca992,cities,test,entity_5c6e5546bcca15fb556c9f1afa1e9597755a9fb538cc7f1ade117110d1ec060a,entity_f7d8c4233cc2c1fa46f6af8eef712fc46292a1e7cad821e69e13370d00d5313d,entity_5c6e5546bcca15fb556c9f1afa1e9597755a9fb538cc7f1ade117110d1ec060a,entity_f7d8c4233cc2c1fa46f6af8eef712fc46292a1e7cad821e69e13370d00d5313d
pair_699fa87201698a6933fcd96af81b71c1e4b01a478bc572a35ad34115a31382d0,cities,test,entity_6079ff443f472db615d98455273544ec92d4e2f185fed5516d6dffb2909dbd9d,entity_ad51f804bd24f38b52defe95dbfe3c3ce32adb9f74bdb26ae75b57bca62d7bc3,entity_6079ff443f472db615d98455273544ec92d4e2f185fed5516d6dffb2909dbd9d,entity_ad51f804bd24f38b52defe95dbfe3c3ce32adb9f74bdb26ae75b57bca62d7bc3
pair_74412344a3a45e68cedc504985414855c72fbefcb5f418c3eb54c03301fcb557,cities,test,entity_6079ff443f472db615d98455273544ec92d4e2f185fed5516d6dffb2909dbd9d,entity_adf2598b0ae0eee0896c9a432a6c17873b5a9ac585d88ca2376451363181352c,entity_6079ff443f472db615d98455273544ec92d4e2f185fed5516d6dffb2909dbd9d,entity_adf2598b0ae0eee0896c9a432a6c17873b5a9ac585d88ca2376451363181352c
pair_ec4b6196ab0a5f405aaec76f6505609e17506314bbba0b005a3f8615407586dd,cities,test,entity_6079ff443f472db615d98455273544ec92d4e2f185fed5516d6dffb2909dbd9d,entity_b33156fa0090572744cc0c6d6b4945a3f7fc13a99b7e93f8808d750ee7037684,entity_6079ff443f472db615d98455273544ec92d4e2f185fed5516d6dffb2909dbd9d,entity_b33156fa0090572744cc0c6d6b4945a3f7fc13a99b7e93f8808d750ee7037684
pair_e7feefdeb7b7487c32b71c7920354e4be0992a071f545874d6a79d9f8fa7fc78,cities,test,entity_647445fb6411e2864c575d822c914a458b4c9652598fc69ac794aba13025d55f,entity_7e3fde4b8be0ca6f6556803cd0a0863a9040a213a80b370357d81ea820193f10,entity_647445fb6411e2864c575d822c914a458b4c9652598fc69ac794aba13025d55f,entity_7e3fde4b8be0ca6f6556803cd0a0863a9040a213a80b370357d81ea820193f10
pair_4917531200ba62fb88c9994e67a0a5837f674fefaee55b34c9044e459d3022d9,cities,test,entity_647445fb6411e2864c575d822c914a458b4c9652598fc69ac794aba13025d55f,entity_ece3c82cf20f35a2092de9d346eb015e039dfe50c83385a0f412df1130993211,entity_647445fb6411e2864c575d822c914a458b4c9652598fc69ac794aba13025d55f,entity_ece3c82cf20f35a2092de9d346eb015e039dfe50c83385a0f412df1130993211
pair_0c45696d72d384948fd5f547b10333fe974d4cf7a84db3969e8b4d0c7202ab3b,cities,test,entity_66864f2676721c8c18ebf2cee648d7acc2a8f705eaf584fafeaa053bf0e408ef,entity_987b1729b159f3eb70ab4b1ccad8f7a6a4e07b504bbfe0a517b01bf0ed24a0a8,entity_66864f2676721c8c18ebf2cee648d7acc2a8f705eaf584fafeaa053bf0e408ef,entity_987b1729b159f3eb70ab4b1ccad8f7a6a4e07b504bbfe0a517b01bf0ed24a0a8
pair_7f67fbcdbf24262d4cb21ba3099afa4511312ae13c3c2c3fa6b0fb2bd49be999,cities,test,entity_66864f2676721c8c18ebf2cee648d7acc2a8f705eaf584fafeaa053bf0e408ef,entity_b03056fef13c0318b81d44be281e165c6ad7404e24c69bd35a17e2ba796f5867,entity_66864f2676721c8c18ebf2cee648d7acc2a8f705eaf584fafeaa053bf0e408ef,entity_b03056fef13c0318b81d44be281e165c6ad7404e24c69bd35a17e2ba796f5867
pair_fdc866fdedb345f56a7f0da2b2ceed46a3a6a6600150b3fc0a92e4b4294a4241,cities,test,entity_66b1530c85c5473a05cc68e27cd169c45472d6e8ff47522d2a32a0757fe1b3fa,entity_74fc120449a9b156b904022bf6224abb969b429c30a3f3b2a5049e25063e9741,entity_66b1530c85c5473a05cc68e27cd169c45472d6e8ff47522d2a32a0757fe1b3fa,entity_74fc120449a9b156b904022bf6224abb969b429c30a3f3b2a5049e25063e9741
pair_f14904f7bee0dfc530b8f021b8102e9696d1e304844a85d20bc30dca796a286d,cities,test,entity_66b1530c85c5473a05cc68e27cd169c45472d6e8ff47522d2a32a0757fe1b3fa,entity_764490a7ae95aa310cfcc4e35bbb9cec2b5bfa797a13097cda8308b6cc14e6a5,entity_66b1530c85c5473a05cc68e27cd169c45472d6e8ff47522d2a32a0757fe1b3fa,entity_764490a7ae95aa310cfcc4e35bbb9cec2b5bfa797a13097cda8308b6cc14e6a5
pair_e4b9d930cbd089d2ccd25ab4cedaa0c6fee48bf6250d174676bb5dd62da21d2b,cities,test,entity_66b1530c85c5473a05cc68e27cd169c45472d6e8ff47522d2a32a0757fe1b3fa,entity_c6496239fcbae52760b673b4b83632e2d524b8721572c90f2ef5f38ead05cef3,entity_66b1530c85c5473a05cc68e27cd169c45472d6e8ff47522d2a32a0757fe1b3fa,entity_c6496239fcbae52760b673b4b83632e2d524b8721572c90f2ef5f38ead05cef3
pair_9be8447142e2fdcfc4e449a4ad86c97b5a9894dec44464d8e591034c4914cf43,cities,test,entity_66b1530c85c5473a05cc68e27cd169c45472d6e8ff47522d2a32a0757fe1b3fa,entity_ed60373081bad01fd201e5ccaac21680c25201a5f1182bd04bfb0ac6e20288f2,entity_66b1530c85c5473a05cc68e27cd169c45472d6e8ff47522d2a32a0757fe1b3fa,entity_ed60373081bad01fd201e5ccaac21680c25201a5f1182bd04bfb0ac6e20288f2
pair_78f9ae78309711f686a6388d2bb78b10ac6487d52d8a38e69569a304a92b0f2f,cities,test,entity_67a83c354e28551529e8800244be09a595328e41ad42dd27990bd10ddbb4516e,entity_947ce7a4274fc517244cbfa1c78b69b37aa2092c19e60269ad10f991f38bc682,entity_67a83c354e28551529e8800244be09a595328e41ad42dd27990bd10ddbb4516e,entity_947ce7a4274fc517244cbfa1c78b69b37aa2092c19e60269ad10f991f38bc682
pair_b0cfe5933b2637f83a82bd042045447b2b3b64124b1b8e41e5403ca4eb02b59a,cities,test,entity_67a83c354e28551529e8800244be09a595328e41ad42dd27990bd10ddbb4516e,entity_dbd7e84d4a68117b658904080939d1aa177853070c49f9f629c7205bae6d4d70,entity_67a83c354e28551529e8800244be09a595328e41ad42dd27990bd10ddbb4516e,entity_dbd7e84d4a68117b658904080939d1aa177853070c49f9f629c7205bae6d4d70
pair_f95f7c8a95be0a3484ae529136f4a46af7924d5ed41f0f1be68b4a3205abd163,cities,test,entity_67c55f75f6edef8e73844e1e6a60ff1c019c55db743ef14a30d22d219990e1da,entity_95e88f843b45b005850edb4ae355a74dc08a656f7b2f141cf7ed93f1cac08860,entity_67c55f75f6edef8e73844e1e6a60ff1c019c55db743ef14a30d22d219990e1da,entity_95e88f843b45b005850edb4ae355a74dc08a656f7b2f141cf7ed93f1cac08860
pair_1ca6722c639fe1f632fcc9b524c4f6557a51fd93d20cb7e2d881254510c45244,cities,test,entity_69d7ba622623c948cab04ca2333d3a862669e141f86df66f8db78047a2b4d407,entity_74fc120449a9b156b904022bf6224abb969b429c30a3f3b2a5049e25063e9741,entity_69d7ba622623c948cab04ca2333d3a862669e141f86df66f8db78047a2b4d407,entity_74fc120449a9b156b904022bf6224abb969b429c30a3f3b2a5049e25063e9741
pair_2abaad1c72cd72da67b8cd6e9c2dca9fda097ca50827a9d0b6771e2ac7f4221d,cities,test,entity_69d7ba622623c948cab04ca2333d3a862669e141f86df66f8db78047a2b4d407,entity_764490a7ae95aa310cfcc4e35bbb9cec2b5bfa797a13097cda8308b6cc14e6a5,entity_69d7ba622623c948cab04ca2333d3a862669e141f86df66f8db78047a2b4d407,entity_764490a7ae95aa310cfcc4e35bbb9cec2b5bfa797a13097cda8308b6cc14e6a5
pair_8600e41eca0cf3f37b6df5d74813d1de8ebb2230eea64e621f371af5e63f6397,cities,test,entity_69d7ba622623c948cab04ca2333d3a862669e141f86df66f8db78047a2b4d407,entity_b8cd6ed7e00d068cbeb61f2b7195869bc5f007db14498c8000fa23d940d9f047,entity_69d7ba622623c948cab04ca2333d3a862669e141f86df66f8db78047a2b4d407,entity_b8cd6ed7e00d068cbeb61f2b7195869bc5f007db14498c8000fa23d940d9f047
pair_08865da5fb1fa7a9c93f10b8d3958634e7d77112bf6b57beda74cc1c090409fd,cities,test,entity_69d7ba622623c948cab04ca2333d3a862669e141f86df66f8db78047a2b4d407,entity_d2df033e4cb4c48236c6ad9dacd59073ab3a48a30daeabeb4b0c202a85e16787,entity_69d7ba622623c948cab04ca2333d3a862669e141f86df66f8db78047a2b4d407,entity_d2df033e4cb4c48236c6ad9dacd59073ab3a48a30daeabeb4b0c202a85e16787
pair_044bd3645506ae6a20cdeab18271966a9a1744a44196ecc71f68d641a485b036,cities,test,entity_6c371e2ed1eff4dadcce4c6fd622d24ad7cb4bb7a3f7a2cc51f3b493546a1d0e,entity_727ea1c6f478c4804d2ffd90e2af7249763f91695aff2150a49f5802b4d30a93,entity_6c371e2ed1eff4dadcce4c6fd622d24ad7cb4bb7a3f7a2cc51f3b493546a1d0e,entity_727ea1c6f478c4804d2ffd90e2af7249763f91695aff2150a49f5802b4d30a93
pair_e46801f099f7a949f2ed20ba732d2542c5ee6c76bcf33a6969a22a7171094df5,cities,test,entity_6c371e2ed1eff4dadcce4c6fd622d24ad7cb4bb7a3f7a2cc51f3b493546a1d0e,entity_e597c8c130125f1ac3ff827438fce263c561414a7f2104d61e9264e2d42a9044,entity_6c371e2ed1eff4dadcce4c6fd622d24ad7cb4bb7a3f7a2cc51f3b493546a1d0e,entity_e597c8c130125f1ac3ff827438fce263c561414a7f2104d61e9264e2d42a9044
pair_8b9fce71510daeffbbd5b88131e6f9078ff6223d491f988a3f954266a6f83c59,cities,test,entity_6c59fefff6a9856c919c1cbf680c619cbe68119e2a64a6396add91bc898c1791,entity_7d1c850ceb9b9d5ca7f9d8d3f8fc09238dcf71aec4abfc769a518bcb9ec5fc27,entity_6c59fefff6a9856c919c1cbf680c619cbe68119e2a64a6396add91bc898c1791,entity_7d1c850ceb9b9d5ca7f9d8d3f8fc09238dcf71aec4abfc769a518bcb9ec5fc27
pair_73ab46a60045ae5543550615a9a89c7cff9435981fabd42b5a73daff3ded7238,cities,test,entity_6c59fefff6a9856c919c1cbf680c619cbe68119e2a64a6396add91bc898c1791,entity_9031f8da65a21f341aea1c31645400ca80a46d80396a3ef61d771776cf056717,entity_6c59fefff6a9856c919c1cbf680c619cbe68119e2a64a6396add91bc898c1791,entity_9031f8da65a21f341aea1c31645400ca80a46d80396a3ef61d771776cf056717
pair_90a868f9c22ea92c108263d612857e259192ce26cdb8f4d8e22363c7e44dabe5,cities,test,entity_6c59fefff6a9856c919c1cbf680c619cbe68119e2a64a6396add91bc898c1791,entity_b791b4738b432262352ba586e39e4ddb3e9d057eabe0c8cf1b9726e553d8a990,entity_6c59fefff6a9856c919c1cbf680c619cbe68119e2a64a6396add91bc898c1791,entity_b791b4738b432262352ba586e39e4ddb3e9d057eabe0c8cf1b9726e553d8a990
pair_ff2b83d819655639e9503b0a9bf384ea3fa9f018c754652fc7ab6ac4e9f71c1b,cities,test,entity_700b6afd6caec7872273e05a00fb109f5191bb8aaa96b5684c84d48ea8120504,entity_a5ffea2114c1c410aa05be4eddaa17fbcc6b902419ed6f85e5efbd4e39998552,entity_700b6afd6caec7872273e05a00fb109f5191bb8aaa96b5684c84d48ea8120504,entity_a5ffea2114c1c410aa05be4eddaa17fbcc6b902419ed6f85e5efbd4e39998552
pair_6ce76c25fd91766a127ea62028f1da9d843f707fb17e071b68eec4383a8656f6,cities,test,entity_700b6afd6caec7872273e05a00fb109f5191bb8aaa96b5684c84d48ea8120504,entity_ee756c15ed16cfa1a62f2d1633cf788033a2de1a43f8c351c5247e51596789db,entity_700b6afd6caec7872273e05a00fb109f5191bb8aaa96b5684c84d48ea8120504,entity_ee756c15ed16cfa1a62f2d1633cf788033a2de1a43f8c351c5247e51596789db
pair_3ca50bf2340eb9ed0ef13fb27968d634c4ece3c6a165421b9a224b9d67035f93,cities,test,entity_72606ce6433eb493ce0ad71e771b950600d355cd2c922277824041ad8a5accea,entity_90cecd1297a2bd2b4f6d4ec984411f10c8da3a2b233f8203a4abdabe4b47d3f3,entity_72606ce6433eb493ce0ad71e771b950600d355cd2c922277824041ad8a5accea,entity_90cecd1297a2bd2b4f6d4ec984411f10c8da3a2b233f8203a4abdabe4b47d3f3
pair_55e0d1efb3404b8f81d099f6a469f4d5692c5ad1744c81d4b7c1b7410399c756,cities,test,entity_72606ce6433eb493ce0ad71e771b950600d355cd2c922277824041ad8a5accea,entity_da1cbb496ec58331e562744126ccfa63998278b338af0218aba5116366ecbaad,entity_72606ce6433eb493ce0ad71e771b950600d355cd2c922277824041ad8a5accea,entity_da1cbb496ec58331e562744126ccfa63998278b338af0218aba5116366ecbaad
pair_d4b6e7ef5fd64757e65f9261c5a378190fc8dbace834f73a0644c9a9b5e43f26,cities,test,entity_727ea1c6f478c4804d2ffd90e2af7249763f91695aff2150a49f5802b4d30a93,entity_d5c48505c11de98eb6b953c3d7f33dc44c84a16cf71fe951e4b133bfa451d60f,entity_727ea1c6f478c4804d2ffd90e2af7249763f91695aff2150a49f5802b4d30a93,entity_d5c48505c11de98eb6b953c3d7f33dc44c84a16cf71fe951e4b133bfa451d60f
pair_f444e88b8520c4d04be43b27fab74d7d409b0e90295170595bea425aa64b34b7,cities,test,entity_74fc120449a9b156b904022bf6224abb969b429c30a3f3b2a5049e25063e9741,entity_764490a7ae95aa310cfcc4e35bbb9cec2b5bfa797a13097cda8308b6cc14e6a5,entity_74fc120449a9b156b904022bf6224abb969b429c30a3f3b2a5049e25063e9741,entity_764490a7ae95aa310cfcc4e35bbb9cec2b5bfa797a13097cda8308b6cc14e6a5
pair_11362794e67e4672e9eabfe8836b49a9af1634249f31790fd1e4ff04e9152ac3,cities,test,entity_74fc120449a9b156b904022bf6224abb969b429c30a3f3b2a5049e25063e9741,entity_b8cd6ed7e00d068cbeb61f2b7195869bc5f007db14498c8000fa23d940d9f047,entity_74fc120449a9b156b904022bf6224abb969b429c30a3f3b2a5049e25063e9741,entity_b8cd6ed7e00d068cbeb61f2b7195869bc5f007db14498c8000fa23d940d9f047
pair_015252277118d49720bb876da92e742e1a8d62e133cc8b6cd89588f98bcc2bd4,cities,test,entity_754ab18cfdfa12c8793f04531dd744559002e35f9e3dd1b909975a0a440cf95e,entity_9443176b85008b47e2ece9026988d373c6908aa97214fc66c8b6437047f489d7,entity_754ab18cfdfa12c8793f04531dd744559002e35f9e3dd1b909975a0a440cf95e,entity_9443176b85008b47e2ece9026988d373c6908aa97214fc66c8b6437047f489d7
pair_e48af3feaea38dceeee4225d2f0f24ea9fb04ba175961dd4c587b4524a4e816d,cities,test,entity_754ab18cfdfa12c8793f04531dd744559002e35f9e3dd1b909975a0a440cf95e,entity_ec54fffb9194d82ba2c64198f46bf7d35c9ed6974ba9e1bd5c639989fd87c70c,entity_754ab18cfdfa12c8793f04531dd744559002e35f9e3dd1b909975a0a440cf95e,entity_ec54fffb9194d82ba2c64198f46bf7d35c9ed6974ba9e1bd5c639989fd87c70c
pair_d7aee4a672c2cd5a7ae1c1d83a6300b17404cc93653fa9916a2ae43f79d94b70,cities,test,entity_764490a7ae95aa310cfcc4e35bbb9cec2b5bfa797a13097cda8308b6cc14e6a5,entity_ed60373081bad01fd201e5ccaac21680c25201a5f1182bd04bfb0ac6e20288f2,entity_764490a7ae95aa310cfcc4e35bbb9cec2b5bfa797a13097cda8308b6cc14e6a5,entity_ed60373081bad01fd201e5ccaac21680c25201a5f1182bd04bfb0ac6e20288f2
pair_e4ee084e40c0622da1a19199eca09c325f5ae73f118c460191c24170e783bd29,cities,test,entity_767913c6309a911011aaf5fd07d64e573dbc6dd08acc7771dad9158b058e8f2a,entity_da5886acf146594b8f47f6528fe8dff8977e275636cf345db8f26951e7b85445,entity_767913c6309a911011aaf5fd07d64e573dbc6dd08acc7771dad9158b058e8f2a,entity_da5886acf146594b8f47f6528fe8dff8977e275636cf345db8f26951e7b85445
pair_9ac0682c9cef1744acbad516809159d8e20b9ee666e45197f0d23dc736710167,cities,test,entity_767913c6309a911011aaf5fd07d64e573dbc6dd08acc7771dad9158b058e8f2a,entity_eb6ae9db22ce5d80ee0e1236464733b7fafeaa4c6de794b486a100e01fa88ff6,entity_767913c6309a911011aaf5fd07d64e573dbc6dd08acc7771dad9158b058e8f2a,entity_eb6ae9db22ce5d80ee0e1236464733b7fafeaa4c6de794b486a100e01fa88ff6
pair_31735d5dd24a532aaf11ee5f8200773d7ab60a9f949d24527b7a6ff409f13f32,cities,test,entity_769587cbf756c044a00f523f6ada9e1186967b08efd7fd9469c1c26caedeef18,entity_8095c939d7ca09ed9b0d499fe4b71e474817a1961dc688fe61b5c31e3b431aaa,entity_769587cbf756c044a00f523f6ada9e1186967b08efd7fd9469c1c26caedeef18,entity_8095c939d7ca09ed9b0d499fe4b71e474817a1961dc688fe61b5c31e3b431aaa
pair_297bea5a994db97e858ea62de30eb7240c41ca96fdf39eb63a52a18b486f3bec,cities,test,entity_769587cbf756c044a00f523f6ada9e1186967b08efd7fd9469c1c26caedeef18,entity_987b1729b159f3eb70ab4b1ccad8f7a6a4e07b504bbfe0a517b01bf0ed24a0a8,entity_769587cbf756c044a00f523f6ada9e1186967b08efd7fd9469c1c26caedeef18,entity_987b1729b159f3eb70ab4b1ccad8f7a6a4e07b504bbfe0a517b01bf0ed24a0a8
pair_da6432d131be66efd557280d5ada15451effbc03ecd49cec5b999b2e88eedbc0,cities,test,entity_769587cbf756c044a00f523f6ada9e1186967b08efd7fd9469c1c26caedeef18,entity_df5dc1c6001c1731f35ee939a73c60f3b1025ae2ad52fe92f2acdc305b937b10,entity_769587cbf756c044a00f523f6ada9e1186967b08efd7fd9469c1c26caedeef18,entity_df5dc1c6001c1731f35ee939a73c60f3b1025ae2ad52fe92f2acdc305b937b10
pair_9a08d2423c7bf20348dc55b3bbfa4152ab3c1dcbbb97a755960e6b0c128c7dbd,cities,test,entity_7ae07b499b598c201dbe755407727be3fbb01054fc6e889a6f946a93780d1fd0,entity_89004ee02bfccd8411c65570640fd3884d6f1123cb84e39495e1b9e0030e1b34,entity_7ae07b499b598c201dbe755407727be3fbb01054fc6e889a6f946a93780d1fd0,entity_89004ee02bfccd8411c65570640fd3884d6f1123cb84e39495e1b9e0030e1b34
pair_f2cca80385e4815721f14cd18657c133fe912cf304ea63b44b4ab217b0988e95,cities,test,entity_7aff1731daefa5c0ec98ea47a75a70952f4f14f12a97a0b2ba4c102211eddf05,entity_7e3fde4b8be0ca6f6556803cd0a0863a9040a213a80b370357d81ea820193f10,entity_7aff1731daefa5c0ec98ea47a75a70952f4f14f12a97a0b2ba4c102211eddf05,entity_7e3fde4b8be0ca6f6556803cd0a0863a9040a213a80b370357d81ea820193f10
pair_9d191b0bdc9d06998fa5e7b3104a1d8000221ffba101878ce91cf6a80f790148,cities,test,entity_7aff1731daefa5c0ec98ea47a75a70952f4f14f12a97a0b2ba4c102211eddf05,entity_a2ba89b45fdd785cf34025c6427a0746f18e7d294ac6514c392b1b38d0ee3e06,entity_7aff1731daefa5c0ec98ea47a75a70952f4f14f12a97a0b2ba4c102211eddf05,entity_a2ba89b45fdd785cf34025c6427a0746f18e7d294ac6514c392b1b38d0ee3e06
pair_96b3b753ea281bed448be50028d1863d042c77c868342fc117ddabaa45d5e458,cities,test,entity_7d1c850ceb9b9d5ca7f9d8d3f8fc09238dcf71aec4abfc769a518bcb9ec5fc27,entity_9031f8da65a21f341aea1c31645400ca80a46d80396a3ef61d771776cf056717,entity_7d1c850ceb9b9d5ca7f9d8d3f8fc09238dcf71aec4abfc769a518bcb9ec5fc27,entity_9031f8da65a21f341aea1c31645400ca80a46d80396a3ef61d771776cf056717
pair_7b4be48bcfcf73e1fae107f527148485d410e485fff8dc6bf626033dc053e9c1,cities,test,entity_7d1c850ceb9b9d5ca7f9d8d3f8fc09238dcf71aec4abfc769a518bcb9ec5fc27,entity_b214e746ba19b19c9abda8a89f1ebdf3fe4e09f0e2499f2499098ab64f507032,entity_7d1c850ceb9b9d5ca7f9d8d3f8fc09238dcf71aec4abfc769a518bcb9ec5fc27,entity_b214e746ba19b19c9abda8a89f1ebdf3fe4e09f0e2499f2499098ab64f507032
pair_b4e225d5139db407d880dbbab7cf90e6d0d032bd74f360db1f7f4cb66753f6c1,cities,test,entity_7d1c850ceb9b9d5ca7f9d8d3f8fc09238dcf71aec4abfc769a518bcb9ec5fc27,entity_b791b4738b432262352ba586e39e4ddb3e9d057eabe0c8cf1b9726e553d8a990,entity_7d1c850ceb9b9d5ca7f9d8d3f8fc09238dcf71aec4abfc769a518bcb9ec5fc27,entity_b791b4738b432262352ba586e39e4ddb3e9d057eabe0c8cf1b9726e553d8a990
pair_47964ed81f96d0dcab38811ecba5f3c5d9356ba69d4756153429f9cfb5106274,cities,test,entity_8095c939d7ca09ed9b0d499fe4b71e474817a1961dc688fe61b5c31e3b431aaa,entity_baae5bd805669ba054ec6e4b88fe0c0a453b286b1cf65e52d8bc7efc4c11ee35,entity_8095c939d7ca09ed9b0d499fe4b71e474817a1961dc688fe61b5c31e3b431aaa,entity_baae5bd805669ba054ec6e4b88fe0c0a453b286b1cf65e52d8bc7efc4c11ee35
pair_ed4f72f61a955f3520e8e5173535f2ca7aa4c3bec5f484a0e43bc869f23c1a60,cities,test,entity_8095c939d7ca09ed9b0d499fe4b71e474817a1961dc688fe61b5c31e3b431aaa,entity_df5dc1c6001c1731f35ee939a73c60f3b1025ae2ad52fe92f2acdc305b937b10,entity_8095c939d7ca09ed9b0d499fe4b71e474817a1961dc688fe61b5c31e3b431aaa,entity_df5dc1c6001c1731f35ee939a73c60f3b1025ae2ad52fe92f2acdc305b937b10
pair_ae361f3b1ab928f036f5ad2faed1e1e6ec3a3ea1a8bb7901b6f0361c25a37f14,cities,test,entity_8549419b1769a2edddb39ace13adb7008d365cce540d560eaf15125d34488877,entity_9443176b85008b47e2ece9026988d373c6908aa97214fc66c8b6437047f489d7,entity_8549419b1769a2edddb39ace13adb7008d365cce540d560eaf15125d34488877,entity_9443176b85008b47e2ece9026988d373c6908aa97214fc66c8b6437047f489d7
pair_dcf9f08a25126039c468fff404ab774c7e04ac878a2a082c2864bfc1b9c2c257,cities,test,entity_877a05291b74a715bdbbfa2691429e16584148977b6f4397359a1b5e4ddf87fb,entity_8cb9f52c757d97af886485fe597991e08bc3a00026e16f96ecd32e4865818163,entity_877a05291b74a715bdbbfa2691429e16584148977b6f4397359a1b5e4ddf87fb,entity_8cb9f52c757d97af886485fe597991e08bc3a00026e16f96ecd32e4865818163
pair_a8aacbac200b5c68286c441e5cd6ae45affe24bf397b6bef881fa7840465fe7b,cities,test,entity_877a05291b74a715bdbbfa2691429e16584148977b6f4397359a1b5e4ddf87fb,entity_ac41d6fb86a376fd8c0239d187b32e322ed1b5124576c549eec173c26d4603d4,entity_877a05291b74a715bdbbfa2691429e16584148977b6f4397359a1b5e4ddf87fb,entity_ac41d6fb86a376fd8c0239d187b32e322ed1b5124576c549eec173c26d4603d4
pair_ae42276996638fc339bbc724168b1d93f7ea662edfddf1ee4221a18747552727,cities,test,entity_877a05291b74a715bdbbfa2691429e16584148977b6f4397359a1b5e4ddf87fb,entity_ee756c15ed16cfa1a62f2d1633cf788033a2de1a43f8c351c5247e51596789db,entity_877a05291b74a715bdbbfa2691429e16584148977b6f4397359a1b5e4ddf87fb,entity_ee756c15ed16cfa1a62f2d1633cf788033a2de1a43f8c351c5247e51596789db
pair_b25673bc6939205d444bc848f021b726e7db04b26b4e96b6fc24ff9041cbcd8f,cities,test,entity_89004ee02bfccd8411c65570640fd3884d6f1123cb84e39495e1b9e0030e1b34,entity_90cecd1297a2bd2b4f6d4ec984411f10c8da3a2b233f8203a4abdabe4b47d3f3,entity_89004ee02bfccd8411c65570640fd3884d6f1123cb84e39495e1b9e0030e1b34,entity_90cecd1297a2bd2b4f6d4ec984411f10c8da3a2b233f8203a4abdabe4b47d3f3
pair_3fed1426d9de7387003d45bd81c3326980a61aaaf073cc7b1a073705d5d8c193,cities,test,entity_89004ee02bfccd8411c65570640fd3884d6f1123cb84e39495e1b9e0030e1b34,entity_da1cbb496ec58331e562744126ccfa63998278b338af0218aba5116366ecbaad,entity_89004ee02bfccd8411c65570640fd3884d6f1123cb84e39495e1b9e0030e1b34,entity_da1cbb496ec58331e562744126ccfa63998278b338af0218aba5116366ecbaad
pair_9ef466a74f5275c830758cf3f2d73aa1b154fdfd2ddefce6051aa6ac618d4ace,cities,test,entity_8c13c49d7c8433403143c08c6863281b29d433e382c967c0b5042571fef12cfe,entity_95b0d697f569f983fd05ce7c2144860e0a4a5dad9e5b5cd867b6accaa5e683f5,entity_8c13c49d7c8433403143c08c6863281b29d433e382c967c0b5042571fef12cfe,entity_95b0d697f569f983fd05ce7c2144860e0a4a5dad9e5b5cd867b6accaa5e683f5
pair_565d9e2dc597205003de135a110edfc77dd402b1ed553cf5ccdaa923b046d5cb,cities,test,entity_8c13c49d7c8433403143c08c6863281b29d433e382c967c0b5042571fef12cfe,entity_b48a8217df9ba44c7ad0ffa2d9ae616f55107c95284413f5642fac69141f9e04,entity_8c13c49d7c8433403143c08c6863281b29d433e382c967c0b5042571fef12cfe,entity_b48a8217df9ba44c7ad0ffa2d9ae616f55107c95284413f5642fac69141f9e04
pair_989f0c3d1b0e81712eb304d5af6e7de53068c8b08830ac153a41b11db703c959,cities,test,entity_8cb9f52c757d97af886485fe597991e08bc3a00026e16f96ecd32e4865818163,entity_ac41d6fb86a376fd8c0239d187b32e322ed1b5124576c549eec173c26d4603d4,entity_8cb9f52c757d97af886485fe597991e08bc3a00026e16f96ecd32e4865818163,entity_ac41d6fb86a376fd8c0239d187b32e322ed1b5124576c549eec173c26d4603d4
pair_0eef4ca6b4b67160722d920d034060532819b70f06570c5dd96e00dfe591dd31,cities,test,entity_90cecd1297a2bd2b4f6d4ec984411f10c8da3a2b233f8203a4abdabe4b47d3f3,entity_da1cbb496ec58331e562744126ccfa63998278b338af0218aba5116366ecbaad,entity_90cecd1297a2bd2b4f6d4ec984411f10c8da3a2b233f8203a4abdabe4b47d3f3,entity_da1cbb496ec58331e562744126ccfa63998278b338af0218aba5116366ecbaad
pair_36e43cdedd3446dfd12897995dc46544525467bfd3e8a7d3c7c970c21019d4d0,cities,test,entity_920806d78a2a04c9a711172010f1cb4cdce268aefa39e017fa4778f9cf5859b4,entity_b4146c7150070412958ee48d011e1f0af0bff12d81f559feaf224019f17ac20e,entity_920806d78a2a04c9a711172010f1cb4cdce268aefa39e017fa4778f9cf5859b4,entity_b4146c7150070412958ee48d011e1f0af0bff12d81f559feaf224019f17ac20e
pair_845118dcec5cf1ba0b897b2069dd13ce8ecfeb0b75c5a69891d63c100bf63b1e,cities,test,entity_927e5f8fb798dfd00d26ab9ac8a90963d8dc05c41b3b1e05bdeb441a9b4877c2,entity_a7c9970c5ee45d9888bcb3c06164cb7aad7977bf2c65b735e4d50635661a5924,entity_927e5f8fb798dfd00d26ab9ac8a90963d8dc05c41b3b1e05bdeb441a9b4877c2,entity_a7c9970c5ee45d9888bcb3c06164cb7aad7977bf2c65b735e4d50635661a5924
pair_55527adb783ade7f5588c6fca429dec08567c59e35b0834838dedc60bce16713,cities,test,entity_927e5f8fb798dfd00d26ab9ac8a90963d8dc05c41b3b1e05bdeb441a9b4877c2,entity_db31dc5b3ce9fe46bfad20f987fdad5629eecbfd4f3c187d6f055ebd4f477ce5,entity_927e5f8fb798dfd00d26ab9ac8a90963d8dc05c41b3b1e05bdeb441a9b4877c2,entity_db31dc5b3ce9fe46bfad20f987fdad5629eecbfd4f3c187d6f055ebd4f477ce5
pair_c0373cd3e570b696799eb9c67faa04c96382a69ae8adb2de17875d8d0cd59e2f,cities,test,entity_9344da85bd6b943eea28309c9af370f53d036b9e68c37743f1e0c310b01041b1,entity_dd1bd51e727c4e09df8c16c4e28bd32f76edc19020c4c721e9ee03b550624ae0,entity_9344da85bd6b943eea28309c9af370f53d036b9e68c37743f1e0c310b01041b1,entity_dd1bd51e727c4e09df8c16c4e28bd32f76edc19020c4c721e9ee03b550624ae0
pair_7ae4f754879370377d646f578fcc63d33f9bfd7a4856b8463dcc3c9efc3a79b7,cities,test,entity_9344da85bd6b943eea28309c9af370f53d036b9e68c37743f1e0c310b01041b1,entity_e68e12df518d70f585f131c4688621cb9f67e24627bdd06fc91e784f248ab35a,entity_9344da85bd6b943eea28309c9af370f53d036b9e68c37743f1e0c310b01041b1,entity_e68e12df518d70f585f131c4688621cb9f67e24627bdd06fc91e784f248ab35a
pair_a1ab65df4af8db97cb69efefe6fe52a4a26a925fcafe27174719460111f6250e,cities,test,entity_9344da85bd6b943eea28309c9af370f53d036b9e68c37743f1e0c310b01041b1,entity_f7e3152701c3848089a45bbf3c80c7a6dc79b1a48d7d82d7637d479c9ab1e4c7,entity_9344da85bd6b943eea28309c9af370f53d036b9e68c37743f1e0c310b01041b1,entity_f7e3152701c3848089a45bbf3c80c7a6dc79b1a48d7d82d7637d479c9ab1e4c7
pair_60f256503888ed353a5862ca5a78340ad3378c867468c10964e9df914d75008f,cities,test,entity_9344da85bd6b943eea28309c9af370f53d036b9e68c37743f1e0c310b01041b1,entity_ff706163f2bd4abc3d16c0f1dacbf73b8937229d68049991d498f969a9e49476,entity_9344da85bd6b943eea28309c9af370f53d036b9e68c37743f1e0c310b01041b1,entity_ff706163f2bd4abc3d16c0f1dacbf73b8937229d68049991d498f969a9e49476
pair_14168ff6d506f4543fcde2362d44ceadadbf6a09d291aa83c6e8abf6c9d0c5e4,cities,test,entity_947ce7a4274fc517244cbfa1c78b69b37aa2092c19e60269ad10f991f38bc682,entity_9f264886d2a9894a3b76c4c59447977823da23ac1f532d5f6efbfc58f5579672,entity_947ce7a4274fc517244cbfa1c78b69b37aa2092c19e60269ad10f991f38bc682,entity_9f264886d2a9894a3b76c4c59447977823da23ac1f532d5f6efbfc58f5579672
pair_c1f506cb89f74b73a4410b59bd26b879d90af2b680111cdf197fcfd424bd3e65,cities,test,entity_947ce7a4274fc517244cbfa1c78b69b37aa2092c19e60269ad10f991f38bc682,entity_dbd7e84d4a68117b658904080939d1aa177853070c49f9f629c7205bae6d4d70,entity_947ce7a4274fc517244cbfa1c78b69b37aa2092c19e60269ad10f991f38bc682,entity_dbd7e84d4a68117b658904080939d1aa177853070c49f9f629c7205bae6d4d70
pair_da1068a7b13e96e513661b5056e5574ad55b6439b4fd0914e4795906c6460d03,cities,test,entity_94e58db2415e654a3e6553d61d321e1220cd5c3ab4d7291a8d3097bd2a043a8b,entity_e876bfa48684caf7b28ba29e153a6b421056bbb7c8a0917071245ab8084a05d3,entity_94e58db2415e654a3e6553d61d321e1220cd5c3ab4d7291a8d3097bd2a043a8b,entity_e876bfa48684caf7b28ba29e153a6b421056bbb7c8a0917071245ab8084a05d3
pair_b09f7ac469f6373610eb080ba55c3e637eb92743a7565a3990e58ec10096a1b0,cities,test,entity_95b0d697f569f983fd05ce7c2144860e0a4a5dad9e5b5cd867b6accaa5e683f5,entity_c39b7491f88df021b19e85a20ad1fd057ed5745238532fcde9da8653a09a6b4c,entity_95b0d697f569f983fd05ce7c2144860e0a4a5dad9e5b5cd867b6accaa5e683f5,entity_c39b7491f88df021b19e85a20ad1fd057ed5745238532fcde9da8653a09a6b4c
pair_102564735c365953f6bfa7fd691cdca381b41b8e21dbd1b98d4d52f35d23f851,cities,test,entity_97cab5139911774db82f5bba85cf6a18275c728ff1655a3ea23954219ec3825b,entity_b1055c6ab3c21b6d10500ea25889245613c46b072852d20884fb2157d015dbe1,entity_97cab5139911774db82f5bba85cf6a18275c728ff1655a3ea23954219ec3825b,entity_b1055c6ab3c21b6d10500ea25889245613c46b072852d20884fb2157d015dbe1
pair_da47f5adebd46a6897341415d9e418b92bf61f9c7cf9d76a10ec8ee0f4e55552,cities,test,entity_987b1729b159f3eb70ab4b1ccad8f7a6a4e07b504bbfe0a517b01bf0ed24a0a8,entity_b03056fef13c0318b81d44be281e165c6ad7404e24c69bd35a17e2ba796f5867,entity_987b1729b159f3eb70ab4b1ccad8f7a6a4e07b504bbfe0a517b01bf0ed24a0a8,entity_b03056fef13c0318b81d44be281e165c6ad7404e24c69bd35a17e2ba796f5867
pair_d26f069f81fde60a4988ac8ed98cb2c28c05578ede076800848fe8e32b314ae5,cities,test,entity_9f264886d2a9894a3b76c4c59447977823da23ac1f532d5f6efbfc58f5579672,entity_dbd7e84d4a68117b658904080939d1aa177853070c49f9f629c7205bae6d4d70,entity_9f264886d2a9894a3b76c4c59447977823da23ac1f532d5f6efbfc58f5579672,entity_dbd7e84d4a68117b658904080939d1aa177853070c49f9f629c7205bae6d4d70
pair_3575e0b9a2071af1dfd75c9c4ce138cbc2b0c4a9774f55eb14d88ed18a036aa1,cities,test,entity_9f264886d2a9894a3b76c4c59447977823da23ac1f532d5f6efbfc58f5579672,entity_dc1428d832c89a0aee80e71a8e38b056f06a4755a69717928e5755271b459134,entity_9f264886d2a9894a3b76c4c59447977823da23ac1f532d5f6efbfc58f5579672,entity_dc1428d832c89a0aee80e71a8e38b056f06a4755a69717928e5755271b459134
pair_2881d8ebf2df5773279ecceb705a31893f04e8ac8d934170a29132d4deb8c0f8,cities,test,entity_a2ba89b45fdd785cf34025c6427a0746f18e7d294ac6514c392b1b38d0ee3e06,entity_ad51f804bd24f38b52defe95dbfe3c3ce32adb9f74bdb26ae75b57bca62d7bc3,entity_a2ba89b45fdd785cf34025c6427a0746f18e7d294ac6514c392b1b38d0ee3e06,entity_ad51f804bd24f38b52defe95dbfe3c3ce32adb9f74bdb26ae75b57bca62d7bc3
pair_114928c4afd81350ba3121a6837172a47f245838b1f8458c5ccc4a9ffdce7dfa,cities,test,entity_a5ffea2114c1c410aa05be4eddaa17fbcc6b902419ed6f85e5efbd4e39998552,entity_ee756c15ed16cfa1a62f2d1633cf788033a2de1a43f8c351c5247e51596789db,entity_a5ffea2114c1c410aa05be4eddaa17fbcc6b902419ed6f85e5efbd4e39998552,entity_ee756c15ed16cfa1a62f2d1633cf788033a2de1a43f8c351c5247e51596789db
pair_4504430d7088a32ca1ab57efeecb59f49b61a58ac5aacdce4bf4c56e477a264a,cities,test,entity_a7c9970c5ee45d9888bcb3c06164cb7aad7977bf2c65b735e4d50635661a5924,entity_e0234a5fb28cbc6680a77c97af4cb10328fdfe15e7de8bb67c19e39091cd056e,entity_a7c9970c5ee45d9888bcb3c06164cb7aad7977bf2c65b735e4d50635661a5924,entity_e0234a5fb28cbc6680a77c97af4cb10328fdfe15e7de8bb67c19e39091cd056e
pair_43b5f870d6704c2480a3df723fe80055767c8c26424a7f47fc14a353f3d3d5dc,cities,test,entity_ac41d6fb86a376fd8c0239d187b32e322ed1b5124576c549eec173c26d4603d4,entity_b214e746ba19b19c9abda8a89f1ebdf3fe4e09f0e2499f2499098ab64f507032,entity_ac41d6fb86a376fd8c0239d187b32e322ed1b5124576c549eec173c26d4603d4,entity_b214e746ba19b19c9abda8a89f1ebdf3fe4e09f0e2499f2499098ab64f507032
pair_c2ca163c78398d7a95fc331d70d83480b5af9263aeeecad2eff59ba0f50bcc56,cities,test,entity_ad51f804bd24f38b52defe95dbfe3c3ce32adb9f74bdb26ae75b57bca62d7bc3,entity_adf2598b0ae0eee0896c9a432a6c17873b5a9ac585d88ca2376451363181352c,entity_ad51f804bd24f38b52defe95dbfe3c3ce32adb9f74bdb26ae75b57bca62d7bc3,entity_adf2598b0ae0eee0896c9a432a6c17873b5a9ac585d88ca2376451363181352c
pair_1c0240033f8a1b007558ec0824fbc0cac6e8ae36b2fe53ae1ea7d3327fb6f7e2,cities,test,entity_adf2598b0ae0eee0896c9a432a6c17873b5a9ac585d88ca2376451363181352c,entity_b33156fa0090572744cc0c6d6b4945a3f7fc13a99b7e93f8808d750ee7037684,entity_adf2598b0ae0eee0896c9a432a6c17873b5a9ac585d88ca2376451363181352c,entity_b33156fa0090572744cc0c6d6b4945a3f7fc13a99b7e93f8808d750ee7037684
pair_1dca4ad3a3bcfcc6c469879a4ec8df47c2c074b02dcd4b969f15bd955c82b8fb,cities,test,entity_b03056fef13c0318b81d44be281e165c6ad7404e24c69bd35a17e2ba796f5867,entity_c39b7491f88df021b19e85a20ad1fd057ed5745238532fcde9da8653a09a6b4c,entity_b03056fef13c0318b81d44be281e165c6ad7404e24c69bd35a17e2ba796f5867,entity_c39b7491f88df021b19e85a20ad1fd057ed5745238532fcde9da8653a09a6b4c
pair_8420247094d265b42ade7e3e1a2f36da8a766ae9ea084847d1d4080101a133c4,cities,test,entity_b1055c6ab3c21b6d10500ea25889245613c46b072852d20884fb2157d015dbe1,entity_f7d8c4233cc2c1fa46f6af8eef712fc46292a1e7cad821e69e13370d00d5313d,entity_b1055c6ab3c21b6d10500ea25889245613c46b072852d20884fb2157d015dbe1,entity_f7d8c4233cc2c1fa46f6af8eef712fc46292a1e7cad821e69e13370d00d5313d
pair_3c5eeb39ddadaa04b8eaa182379012673e72f9f98ba071a93e4f86f3741cc0a2,cities,test,entity_b214e746ba19b19c9abda8a89f1ebdf3fe4e09f0e2499f2499098ab64f507032,entity_b791b4738b432262352ba586e39e4ddb3e9d057eabe0c8cf1b9726e553d8a990,entity_b214e746ba19b19c9abda8a89f1ebdf3fe4e09f0e2499f2499098ab64f507032,entity_b791b4738b432262352ba586e39e4ddb3e9d057eabe0c8cf1b9726e553d8a990
pair_977bdf2762ca1cae07166de60224f4769e8dfabf21dd945e13ed7ef48f2d956c,cities,test,entity_b33156fa0090572744cc0c6d6b4945a3f7fc13a99b7e93f8808d750ee7037684,entity_f7d8c4233cc2c1fa46f6af8eef712fc46292a1e7cad821e69e13370d00d5313d,entity_b33156fa0090572744cc0c6d6b4945a3f7fc13a99b7e93f8808d750ee7037684,entity_f7d8c4233cc2c1fa46f6af8eef712fc46292a1e7cad821e69e13370d00d5313d
pair_07226b86f1afd75fccbc135b8fe5a26f30cd9fa96590d843bf8ec201d7a53a10,cities,test,entity_b4146c7150070412958ee48d011e1f0af0bff12d81f559feaf224019f17ac20e,entity_caab6e6e0c031b13d0cc68423ae4849d2c7914ea38cace94cea2e0ecf8925fe8,entity_b4146c7150070412958ee48d011e1f0af0bff12d81f559feaf224019f17ac20e,entity_caab6e6e0c031b13d0cc68423ae4849d2c7914ea38cace94cea2e0ecf8925fe8
pair_469e81980c8419e9c438fbd905dfbac768e028d4fea4656bd8638c29a2638e1f,cities,test,entity_b8cd6ed7e00d068cbeb61f2b7195869bc5f007db14498c8000fa23d940d9f047,entity_d2df033e4cb4c48236c6ad9dacd59073ab3a48a30daeabeb4b0c202a85e16787,entity_b8cd6ed7e00d068cbeb61f2b7195869bc5f007db14498c8000fa23d940d9f047,entity_d2df033e4cb4c48236c6ad9dacd59073ab3a48a30daeabeb4b0c202a85e16787
pair_3abaf060de60af6e0cd8a89b5cc7c6715ecdefab13e8aaee759d6415e9524034,cities,test,entity_baae5bd805669ba054ec6e4b88fe0c0a453b286b1cf65e52d8bc7efc4c11ee35,entity_f0ce3881fa596d22e7aabf99a6e67e41ed07fdc5de550a732d1701587b0f479f,entity_baae5bd805669ba054ec6e4b88fe0c0a453b286b1cf65e52d8bc7efc4c11ee35,entity_f0ce3881fa596d22e7aabf99a6e67e41ed07fdc5de550a732d1701587b0f479f
pair_8ef1fb8a25760a3dec4437768db64f1976ed8ecfa8bc0c6b3c3146453f6e07ad,cities,test,entity_c52235a9431cd12cfe797e5ceedaf27332d846bdd70289cde2646cf7952dc032,entity_d1f317c9d000d0e74b77d4f86d0d59c37ec8122e815ec039408d30a2a41db6d3,entity_c52235a9431cd12cfe797e5ceedaf27332d846bdd70289cde2646cf7952dc032,entity_d1f317c9d000d0e74b77d4f86d0d59c37ec8122e815ec039408d30a2a41db6d3
pair_cd78e2f775715881c0c85a1f9b255d0ee01ab9398d657664b2615fce4004d0cf,cities,test,entity_c52235a9431cd12cfe797e5ceedaf27332d846bdd70289cde2646cf7952dc032,entity_dc1428d832c89a0aee80e71a8e38b056f06a4755a69717928e5755271b459134,entity_c52235a9431cd12cfe797e5ceedaf27332d846bdd70289cde2646cf7952dc032,entity_dc1428d832c89a0aee80e71a8e38b056f06a4755a69717928e5755271b459134
pair_ba41c382360e1507005fd905f8f6c609487476fa64a895195dfeec6c1fed1575,cities,test,entity_c52235a9431cd12cfe797e5ceedaf27332d846bdd70289cde2646cf7952dc032,entity_df7a72b48c8b66b1afe5b01863485310d6a02244e9e9a1c1f305743bab0e40a3,entity_c52235a9431cd12cfe797e5ceedaf27332d846bdd70289cde2646cf7952dc032,entity_df7a72b48c8b66b1afe5b01863485310d6a02244e9e9a1c1f305743bab0e40a3
pair_051613bb054abcdf094429661ef6cf85653d2b810cc2b21d32efe03b87136306,cities,test,entity_c6496239fcbae52760b673b4b83632e2d524b8721572c90f2ef5f38ead05cef3,entity_e477a9988ab3155cb7fb4cf3b86e996aa4dde39729e36ca41e3632d5acba1482,entity_c6496239fcbae52760b673b4b83632e2d524b8721572c90f2ef5f38ead05cef3,entity_e477a9988ab3155cb7fb4cf3b86e996aa4dde39729e36ca41e3632d5acba1482
pair_30920ff6030f21fde2d4f6ee560c0bd0661fbdc22da5aeb2765e8cae96b3752b,cities,test,entity_c6496239fcbae52760b673b4b83632e2d524b8721572c90f2ef5f38ead05cef3,entity_ed60373081bad01fd201e5ccaac21680c25201a5f1182bd04bfb0ac6e20288f2,entity_c6496239fcbae52760b673b4b83632e2d524b8721572c90f2ef5f38ead05cef3,entity_ed60373081bad01fd201e5ccaac21680c25201a5f1182bd04bfb0ac6e20288f2
pair_81055111383975225dea2810bf10646e24679993675f1c9248d2ba932ec33ff7,cities,test,entity_d1f317c9d000d0e74b77d4f86d0d59c37ec8122e815ec039408d30a2a41db6d3,entity_df7a72b48c8b66b1afe5b01863485310d6a02244e9e9a1c1f305743bab0e40a3,entity_d1f317c9d000d0e74b77d4f86d0d59c37ec8122e815ec039408d30a2a41db6d3,entity_df7a72b48c8b66b1afe5b01863485310d6a02244e9e9a1c1f305743bab0e40a3
pair_8936b8598f2926eb823e98cc1e4411da671dccd8b41f11c5349786863d4cc62c,cities,test,entity_da5886acf146594b8f47f6528fe8dff8977e275636cf345db8f26951e7b85445,entity_eb6ae9db22ce5d80ee0e1236464733b7fafeaa4c6de794b486a100e01fa88ff6,entity_da5886acf146594b8f47f6528fe8dff8977e275636cf345db8f26951e7b85445,entity_eb6ae9db22ce5d80ee0e1236464733b7fafeaa4c6de794b486a100e01fa88ff6
pair_34ba6155e0b55366ef1d22daa16421bb2756270ddfba05db7b14bab74c05194d,cities,test,entity_db31dc5b3ce9fe46bfad20f987fdad5629eecbfd4f3c187d6f055ebd4f477ce5,entity_ec54fffb9194d82ba2c64198f46bf7d35c9ed6974ba9e1bd5c639989fd87c70c,entity_db31dc5b3ce9fe46bfad20f987fdad5629eecbfd4f3c187d6f055ebd4f477ce5,entity_ec54fffb9194d82ba2c64198f46bf7d35c9ed6974ba9e1bd5c639989fd87c70c
pair_b87ad6abd6b722c034c22febe1105d86f4f410485853596942260360a7c791e7,cities,test,entity_dbd7e84d4a68117b658904080939d1aa177853070c49f9f629c7205bae6d4d70,entity_dc1428d832c89a0aee80e71a8e38b056f06a4755a69717928e5755271b459134,entity_dbd7e84d4a68117b658904080939d1aa177853070c49f9f629c7205bae6d4d70,entity_dc1428d832c89a0aee80e71a8e38b056f06a4755a69717928e5755271b459134
pair_8d581693504ddc40e3bb16ad26fa5d8a8fbed265815b90c0f270ecacadf815f0,cities,test,entity_dd1bd51e727c4e09df8c16c4e28bd32f76edc19020c4c721e9ee03b550624ae0,entity_e68e12df518d70f585f131c4688621cb9f67e24627bdd06fc91e784f248ab35a,entity_dd1bd51e727c4e09df8c16c4e28bd32f76edc19020c4c721e9ee03b550624ae0,entity_e68e12df518d70f585f131c4688621cb9f67e24627bdd06fc91e784f248ab35a
pair_02d8e9ac0edf18da16cd9839f0f074072d78582b67b154dd13230a4cbe0f6dee,cities,test,entity_dd1bd51e727c4e09df8c16c4e28bd32f76edc19020c4c721e9ee03b550624ae0,entity_f7e3152701c3848089a45bbf3c80c7a6dc79b1a48d7d82d7637d479c9ab1e4c7,entity_dd1bd51e727c4e09df8c16c4e28bd32f76edc19020c4c721e9ee03b550624ae0,entity_f7e3152701c3848089a45bbf3c80c7a6dc79b1a48d7d82d7637d479c9ab1e4c7
pair_c057b01883d2940fe8b494d26b98ddc0f55251bb7714b76ba0edbe9e039cb69c,cities,test,entity_e477a9988ab3155cb7fb4cf3b86e996aa4dde39729e36ca41e3632d5acba1482,entity_e68e12df518d70f585f131c4688621cb9f67e24627bdd06fc91e784f248ab35a,entity_e477a9988ab3155cb7fb4cf3b86e996aa4dde39729e36ca41e3632d5acba1482,entity_e68e12df518d70f585f131c4688621cb9f67e24627bdd06fc91e784f248ab35a
pair_c84c42fd72fb4ca4dd3636ef53ea861b4b5611f0e92c8f2361756cf082f545ea,cities,test,entity_e477a9988ab3155cb7fb4cf3b86e996aa4dde39729e36ca41e3632d5acba1482,entity_ff706163f2bd4abc3d16c0f1dacbf73b8937229d68049991d498f969a9e49476,entity_e477a9988ab3155cb7fb4cf3b86e996aa4dde39729e36ca41e3632d5acba1482,entity_ff706163f2bd4abc3d16c0f1dacbf73b8937229d68049991d498f969a9e49476
pair_ecda3132659cc040a189f96aa6df2766c2020d31049ae81e7ece1866e12d04e5,cities,test,entity_e597c8c130125f1ac3ff827438fce263c561414a7f2104d61e9264e2d42a9044,entity_f7e3152701c3848089a45bbf3c80c7a6dc79b1a48d7d82d7637d479c9ab1e4c7,entity_e597c8c130125f1ac3ff827438fce263c561414a7f2104d61e9264e2d42a9044,entity_f7e3152701c3848089a45bbf3c80c7a6dc79b1a48d7d82d7637d479c9ab1e4c7
pair_16fb72d02fb4fadfcd4020f1a35d4f58b7b2f7249fba5e0462a47a24d40799c2,cities,test,entity_e68e12df518d70f585f131c4688621cb9f67e24627bdd06fc91e784f248ab35a,entity_ff706163f2bd4abc3d16c0f1dacbf73b8937229d68049991d498f969a9e49476,entity_e68e12df518d70f585f131c4688621cb9f67e24627bdd06fc91e784f248ab35a,entity_ff706163f2bd4abc3d16c0f1dacbf73b8937229d68049991d498f969a9e49476
pair_7d781f95733779fdb6d1d41e9ab10acc0d95bfd18aa563deb7fe65b8ec268dec,element_symb,test,entity_02870af2512ca928147e6ccb99d7d584de9c2b69f659da2f747566353e2c00c0,entity_3be983c2b9534b240848210981415096910cbf16368577a8b69bd6869aed5dc2,entity_02870af2512ca928147e6ccb99d7d584de9c2b69f659da2f747566353e2c00c0,entity_3be983c2b9534b240848210981415096910cbf16368577a8b69bd6869aed5dc2
pair_8410b75ae20b505ad4b3e52b453c37c19c6ea1929c7d5e795195f9ef5fff6c9a,element_symb,test,entity_02870af2512ca928147e6ccb99d7d584de9c2b69f659da2f747566353e2c00c0,entity_7ccdf21118f9d80b2abe9680ff4aa223e91a11653d6ab81bf2818bf6f93208fe,entity_02870af2512ca928147e6ccb99d7d584de9c2b69f659da2f747566353e2c00c0,entity_7ccdf21118f9d80b2abe9680ff4aa223e91a11653d6ab81bf2818bf6f93208fe
pair_a57f271ea7b8aa99c4a3de9cd123b151d68b7c76a8fb48a53b71a854f089d374,element_symb,test,entity_02870af2512ca928147e6ccb99d7d584de9c2b69f659da2f747566353e2c00c0,entity_ccae23d97ac14d365c3f178d3e6308c6ae577b7196e1d58acc4101aad396f4bb,entity_02870af2512ca928147e6ccb99d7d584de9c2b69f659da2f747566353e2c00c0,entity_ccae23d97ac14d365c3f178d3e6308c6ae577b7196e1d58acc4101aad396f4bb
pair_3ff191e354461e6b7529c2df7bc9369861615176b551d268f9f53eee4b77b38e,element_symb,test,entity_02870af2512ca928147e6ccb99d7d584de9c2b69f659da2f747566353e2c00c0,entity_db4ec023a62036519020e477848507716a1e6a2b708690414b314d8af02c0aa1,entity_02870af2512ca928147e6ccb99d7d584de9c2b69f659da2f747566353e2c00c0,entity_db4ec023a62036519020e477848507716a1e6a2b708690414b314d8af02c0aa1
pair_9a5c42b3c9139a53ac65fa58929c2c802d51069684520beb4eb6c056ea639a7f,element_symb,test,entity_1897a81fcf47eb0eb99d96e66d1b6b5ba5f59897dbd61456fc313eaf7c1134a5,entity_318b830c83e61a7b6959fec33d8c4063fbd792e0ec0f84cf660c0d422b8a578e,entity_1897a81fcf47eb0eb99d96e66d1b6b5ba5f59897dbd61456fc313eaf7c1134a5,entity_318b830c83e61a7b6959fec33d8c4063fbd792e0ec0f84cf660c0d422b8a578e
pair_2f363ed1d3f70c1f0507cf848e8cbb5d14a924ec294b3a2bfcbeb8303de832f0,element_symb,test,entity_1897a81fcf47eb0eb99d96e66d1b6b5ba5f59897dbd61456fc313eaf7c1134a5,entity_4d5fd687ba9084730dbac9c8d33cc3e8b17c84a4c3d46f3e5fd3d71e9827b874,entity_1897a81fcf47eb0eb99d96e66d1b6b5ba5f59897dbd61456fc313eaf7c1134a5,entity_4d5fd687ba9084730dbac9c8d33cc3e8b17c84a4c3d46f3e5fd3d71e9827b874
pair_4a15f6fee4c0f3087afbfaa0342fed632c9219f38600e5ffc5904eab8094f995,element_symb,test,entity_1897a81fcf47eb0eb99d96e66d1b6b5ba5f59897dbd61456fc313eaf7c1134a5,entity_ab4e34beb8b76532fdfaf80faa8238237575777c5bca74b619aae732882872a0,entity_1897a81fcf47eb0eb99d96e66d1b6b5ba5f59897dbd61456fc313eaf7c1134a5,entity_ab4e34beb8b76532fdfaf80faa8238237575777c5bca74b619aae732882872a0
pair_f728edc278effb6c58d4f57eb66c7a43165de1a59237b8b006449ab73049f7cd,element_symb,test,entity_1897a81fcf47eb0eb99d96e66d1b6b5ba5f59897dbd61456fc313eaf7c1134a5,entity_c856fcd70242c3316c3ec3d8d6e6eeebac3da7e7a771f9474f67ad9486b72986,entity_1897a81fcf47eb0eb99d96e66d1b6b5ba5f59897dbd61456fc313eaf7c1134a5,entity_c856fcd70242c3316c3ec3d8d6e6eeebac3da7e7a771f9474f67ad9486b72986
pair_ce91c3fef5c4d7b2b529b1a032c0cc90258fc9271141051e3dc6c3d0d6698827,element_symb,test,entity_287d673c970523b8e0007d1252a9fa388caf8b9457a1d674736c990401625a06,entity_3021c5bb3b075f8174619a1895a90d82045d277f7f35ec0d910f1c776fb0e006,entity_287d673c970523b8e0007d1252a9fa388caf8b9457a1d674736c990401625a06,entity_3021c5bb3b075f8174619a1895a90d82045d277f7f35ec0d910f1c776fb0e006
pair_99d51fd9e7f5d17a13294c1848ea5088834cb05404851b67b7390fc06e8fefb0,element_symb,test,entity_287d673c970523b8e0007d1252a9fa388caf8b9457a1d674736c990401625a06,entity_5952ba0499d37cd58ccbffce01f4f074cd73ad116e1b22c2a1c6f62cdd377ace,entity_287d673c970523b8e0007d1252a9fa388caf8b9457a1d674736c990401625a06,entity_5952ba0499d37cd58ccbffce01f4f074cd73ad116e1b22c2a1c6f62cdd377ace
pair_a85b6242252566712b03c41b54434eeca085d5a7f51e90651a614f051d8c578e,element_symb,test,entity_287d673c970523b8e0007d1252a9fa388caf8b9457a1d674736c990401625a06,entity_69e50b9c64e1fd238b245aff37907cc5d63da11a129d9af1e9e0e9b689e2c520,entity_287d673c970523b8e0007d1252a9fa388caf8b9457a1d674736c990401625a06,entity_69e50b9c64e1fd238b245aff37907cc5d63da11a129d9af1e9e0e9b689e2c520
pair_20c29d72de166abe83b6dec9045ee6baa49460579372b4ba7a3757adcd85ce58,element_symb,test,entity_287d673c970523b8e0007d1252a9fa388caf8b9457a1d674736c990401625a06,entity_d59e54cedb4301ace364129df55d9266b3a6900ca5a092a593a5d7905c07fbdf,entity_287d673c970523b8e0007d1252a9fa388caf8b9457a1d674736c990401625a06,entity_d59e54cedb4301ace364129df55d9266b3a6900ca5a092a593a5d7905c07fbdf
pair_153b625e234fbf1e590e2459e55e1e3e93bc6cf049e6f5c114dd605a923b04e1,element_symb,test,entity_3021c5bb3b075f8174619a1895a90d82045d277f7f35ec0d910f1c776fb0e006,entity_5952ba0499d37cd58ccbffce01f4f074cd73ad116e1b22c2a1c6f62cdd377ace,entity_3021c5bb3b075f8174619a1895a90d82045d277f7f35ec0d910f1c776fb0e006,entity_5952ba0499d37cd58ccbffce01f4f074cd73ad116e1b22c2a1c6f62cdd377ace
pair_8c0ccf3e9eb5e49c6f2be4a768b7225431b836e1afe4bbb0c390702fa1f821e7,element_symb,test,entity_3021c5bb3b075f8174619a1895a90d82045d277f7f35ec0d910f1c776fb0e006,entity_8453bcb3a171940f5c5b06b765ec2ea49f404a0037a935863df06d15c473c3ce,entity_3021c5bb3b075f8174619a1895a90d82045d277f7f35ec0d910f1c776fb0e006,entity_8453bcb3a171940f5c5b06b765ec2ea49f404a0037a935863df06d15c473c3ce
pair_846a2bbe1484a3942a2d42efe4076f29bbf6f27ebf5193691914cc67323d1dce,element_symb,test,entity_3021c5bb3b075f8174619a1895a90d82045d277f7f35ec0d910f1c776fb0e006,entity_d59e54cedb4301ace364129df55d9266b3a6900ca5a092a593a5d7905c07fbdf,entity_3021c5bb3b075f8174619a1895a90d82045d277f7f35ec0d910f1c776fb0e006,entity_d59e54cedb4301ace364129df55d9266b3a6900ca5a092a593a5d7905c07fbdf
pair_76b7d693cf7d6b35a269533ed26d047d33475cc1b5ee8ea8bf90aeddefff313e,element_symb,test,entity_3172821bf6b53a9499933e9de803ccc3dbb9e1762a35a8a6eebd7f764c615edc,entity_318b830c83e61a7b6959fec33d8c4063fbd792e0ec0f84cf660c0d422b8a578e,entity_3172821bf6b53a9499933e9de803ccc3dbb9e1762a35a8a6eebd7f764c615edc,entity_318b830c83e61a7b6959fec33d8c4063fbd792e0ec0f84cf660c0d422b8a578e
pair_2cf680da7fce933de84e8de51a5982c9a483e5e0096ff1bf45c15649039d7990,element_symb,test,entity_3172821bf6b53a9499933e9de803ccc3dbb9e1762a35a8a6eebd7f764c615edc,entity_3be983c2b9534b240848210981415096910cbf16368577a8b69bd6869aed5dc2,entity_3172821bf6b53a9499933e9de803ccc3dbb9e1762a35a8a6eebd7f764c615edc,entity_3be983c2b9534b240848210981415096910cbf16368577a8b69bd6869aed5dc2
pair_b5cb830d57320129f8af2cbbc2731f17cfec74e758cd1e012001816d58053195,element_symb,test,entity_3172821bf6b53a9499933e9de803ccc3dbb9e1762a35a8a6eebd7f764c615edc,entity_4d5fd687ba9084730dbac9c8d33cc3e8b17c84a4c3d46f3e5fd3d71e9827b874,entity_3172821bf6b53a9499933e9de803ccc3dbb9e1762a35a8a6eebd7f764c615edc,entity_4d5fd687ba9084730dbac9c8d33cc3e8b17c84a4c3d46f3e5fd3d71e9827b874
pair_e54aeb13be2f6319a4c2db281c4645951d12403b0b927979bd472d4f09f6c083,element_symb,test,entity_3172821bf6b53a9499933e9de803ccc3dbb9e1762a35a8a6eebd7f764c615edc,entity_db4ec023a62036519020e477848507716a1e6a2b708690414b314d8af02c0aa1,entity_3172821bf6b53a9499933e9de803ccc3dbb9e1762a35a8a6eebd7f764c615edc,entity_db4ec023a62036519020e477848507716a1e6a2b708690414b314d8af02c0aa1
pair_74e498a80735d8d7a999761f331b4ffe4bdcf1129ea6a6c221fcc3667c440e7d,element_symb,test,entity_318b830c83e61a7b6959fec33d8c4063fbd792e0ec0f84cf660c0d422b8a578e,entity_4d5fd687ba9084730dbac9c8d33cc3e8b17c84a4c3d46f3e5fd3d71e9827b874,entity_318b830c83e61a7b6959fec33d8c4063fbd792e0ec0f84cf660c0d422b8a578e,entity_4d5fd687ba9084730dbac9c8d33cc3e8b17c84a4c3d46f3e5fd3d71e9827b874
pair_d1c0fd7702b95b052d9b089757a69c0c73aa85bd381d4619a12e3a418233a68e,element_symb,test,entity_318b830c83e61a7b6959fec33d8c4063fbd792e0ec0f84cf660c0d422b8a578e,entity_c856fcd70242c3316c3ec3d8d6e6eeebac3da7e7a771f9474f67ad9486b72986,entity_318b830c83e61a7b6959fec33d8c4063fbd792e0ec0f84cf660c0d422b8a578e,entity_c856fcd70242c3316c3ec3d8d6e6eeebac3da7e7a771f9474f67ad9486b72986
pair_f09cfa31b9eb217e77f7203e2bda3e83c7bdae36f276faa775b317c21e43f228,element_symb,test,entity_3be983c2b9534b240848210981415096910cbf16368577a8b69bd6869aed5dc2,entity_4d5fd687ba9084730dbac9c8d33cc3e8b17c84a4c3d46f3e5fd3d71e9827b874,entity_3be983c2b9534b240848210981415096910cbf16368577a8b69bd6869aed5dc2,entity_4d5fd687ba9084730dbac9c8d33cc3e8b17c84a4c3d46f3e5fd3d71e9827b874
pair_0e8153c4758dc92af9e6841ca9b9c2c61088d9b0b6c66786cf0c9457fae4143c,element_symb,test,entity_3be983c2b9534b240848210981415096910cbf16368577a8b69bd6869aed5dc2,entity_db4ec023a62036519020e477848507716a1e6a2b708690414b314d8af02c0aa1,entity_3be983c2b9534b240848210981415096910cbf16368577a8b69bd6869aed5dc2,entity_db4ec023a62036519020e477848507716a1e6a2b708690414b314d8af02c0aa1
pair_8cb4a1012848068f587003a1de40adf30fe47f73c0f9cda3f41115c5c5003311,element_symb,test,entity_5952ba0499d37cd58ccbffce01f4f074cd73ad116e1b22c2a1c6f62cdd377ace,entity_8453bcb3a171940f5c5b06b765ec2ea49f404a0037a935863df06d15c473c3ce,entity_5952ba0499d37cd58ccbffce01f4f074cd73ad116e1b22c2a1c6f62cdd377ace,entity_8453bcb3a171940f5c5b06b765ec2ea49f404a0037a935863df06d15c473c3ce
pair_5a067f7659eac142002299f4ae48441553a524c3d4dc729fb7bb76b662b09739,element_symb,test,entity_5952ba0499d37cd58ccbffce01f4f074cd73ad116e1b22c2a1c6f62cdd377ace,entity_ab4e34beb8b76532fdfaf80faa8238237575777c5bca74b619aae732882872a0,entity_5952ba0499d37cd58ccbffce01f4f074cd73ad116e1b22c2a1c6f62cdd377ace,entity_ab4e34beb8b76532fdfaf80faa8238237575777c5bca74b619aae732882872a0
pair_d2657d8e9532d57e4f3f370275077d9ea3ec54ff7f71195a367ff7f267098f78,element_symb,test,entity_68db2d31c0379c656a5518479bed68d282daf164cf33f311e932ba2680eb83cb,entity_69e50b9c64e1fd238b245aff37907cc5d63da11a129d9af1e9e0e9b689e2c520,entity_68db2d31c0379c656a5518479bed68d282daf164cf33f311e932ba2680eb83cb,entity_69e50b9c64e1fd238b245aff37907cc5d63da11a129d9af1e9e0e9b689e2c520
pair_4956e74b4e522945c46c8d2057e7cc64f7ce4bc056ca5a87c8929cc01ae6ae58,element_symb,test,entity_68db2d31c0379c656a5518479bed68d282daf164cf33f311e932ba2680eb83cb,entity_7ccdf21118f9d80b2abe9680ff4aa223e91a11653d6ab81bf2818bf6f93208fe,entity_68db2d31c0379c656a5518479bed68d282daf164cf33f311e932ba2680eb83cb,entity_7ccdf21118f9d80b2abe9680ff4aa223e91a11653d6ab81bf2818bf6f93208fe
pair_3ebac0db3655d5e63834ea9a37b2f663756d49a69c2963f0cffc1a57c2a5119b,element_symb,test,entity_68db2d31c0379c656a5518479bed68d282daf164cf33f311e932ba2680eb83cb,entity_ccae23d97ac14d365c3f178d3e6308c6ae577b7196e1d58acc4101aad396f4bb,entity_68db2d31c0379c656a5518479bed68d282daf164cf33f311e932ba2680eb83cb,entity_ccae23d97ac14d365c3f178d3e6308c6ae577b7196e1d58acc4101aad396f4bb
pair_465871f9db574c9def84efe50edf4878ed96a22dcd885329b93d2a7cbdbe3385,element_symb,test,entity_68db2d31c0379c656a5518479bed68d282daf164cf33f311e932ba2680eb83cb,entity_d59e54cedb4301ace364129df55d9266b3a6900ca5a092a593a5d7905c07fbdf,entity_68db2d31c0379c656a5518479bed68d282daf164cf33f311e932ba2680eb83cb,entity_d59e54cedb4301ace364129df55d9266b3a6900ca5a092a593a5d7905c07fbdf
pair_0a1f2f1e12b0d5db009f46f39bd7359f98128a91702981f03133b373987bf377,element_symb,test,entity_69e50b9c64e1fd238b245aff37907cc5d63da11a129d9af1e9e0e9b689e2c520,entity_ccae23d97ac14d365c3f178d3e6308c6ae577b7196e1d58acc4101aad396f4bb,entity_69e50b9c64e1fd238b245aff37907cc5d63da11a129d9af1e9e0e9b689e2c520,entity_ccae23d97ac14d365c3f178d3e6308c6ae577b7196e1d58acc4101aad396f4bb
pair_4736bcc2dfa5b6e357798dbec46ce51853b508f93a4d58b4108073e404b1b4b7,element_symb,test,entity_69e50b9c64e1fd238b245aff37907cc5d63da11a129d9af1e9e0e9b689e2c520,entity_d59e54cedb4301ace364129df55d9266b3a6900ca5a092a593a5d7905c07fbdf,entity_69e50b9c64e1fd238b245aff37907cc5d63da11a129d9af1e9e0e9b689e2c520,entity_d59e54cedb4301ace364129df55d9266b3a6900ca5a092a593a5d7905c07fbdf
pair_7c76b3168660da7a7e77907eb57a01f3dd7962f216f291d862aa54d1c14a035f,element_symb,test,entity_7ccdf21118f9d80b2abe9680ff4aa223e91a11653d6ab81bf2818bf6f93208fe,entity_ccae23d97ac14d365c3f178d3e6308c6ae577b7196e1d58acc4101aad396f4bb,entity_7ccdf21118f9d80b2abe9680ff4aa223e91a11653d6ab81bf2818bf6f93208fe,entity_ccae23d97ac14d365c3f178d3e6308c6ae577b7196e1d58acc4101aad396f4bb
pair_3d511acf4e04ade923bc695b7921846359bc637440ced5ab12910934b9fdb004,element_symb,test,entity_7ccdf21118f9d80b2abe9680ff4aa223e91a11653d6ab81bf2818bf6f93208fe,entity_db4ec023a62036519020e477848507716a1e6a2b708690414b314d8af02c0aa1,entity_7ccdf21118f9d80b2abe9680ff4aa223e91a11653d6ab81bf2818bf6f93208fe,entity_db4ec023a62036519020e477848507716a1e6a2b708690414b314d8af02c0aa1
pair_268e2d1928c175c55d0d0cfa76d5f45abd9fceabef62307cd6669197d489b4c1,element_symb,test,entity_8453bcb3a171940f5c5b06b765ec2ea49f404a0037a935863df06d15c473c3ce,entity_ab4e34beb8b76532fdfaf80faa8238237575777c5bca74b619aae732882872a0,entity_8453bcb3a171940f5c5b06b765ec2ea49f404a0037a935863df06d15c473c3ce,entity_ab4e34beb8b76532fdfaf80faa8238237575777c5bca74b619aae732882872a0
pair_9d56287f3b25fb3b8349449d70f767de4e564cf3ad6f263fb71aebacff722e3f,element_symb,test,entity_8453bcb3a171940f5c5b06b765ec2ea49f404a0037a935863df06d15c473c3ce,entity_c856fcd70242c3316c3ec3d8d6e6eeebac3da7e7a771f9474f67ad9486b72986,entity_8453bcb3a171940f5c5b06b765ec2ea49f404a0037a935863df06d15c473c3ce,entity_c856fcd70242c3316c3ec3d8d6e6eeebac3da7e7a771f9474f67ad9486b72986
pair_4d13bd399f76dacf03a4e47fd9f8b7aaef6f90aa533d853bc39562f2c6f66750,element_symb,test,entity_ab4e34beb8b76532fdfaf80faa8238237575777c5bca74b619aae732882872a0,entity_c856fcd70242c3316c3ec3d8d6e6eeebac3da7e7a771f9474f67ad9486b72986,entity_ab4e34beb8b76532fdfaf80faa8238237575777c5bca74b619aae732882872a0,entity_c856fcd70242c3316c3ec3d8d6e6eeebac3da7e7a771f9474f67ad9486b72986
pair_8ea73c860c4914ee8534620b149b788f5d71614149e5115c649a3c2d68151a28,inventors,test,entity_18ad3069ce11efe10ebf672d7cec4279db394f98243d5fe6e4e8f0a6b2de5ae8,entity_1bb74b89af2e86a5d7050d0ad9e745a5b7ccc538ec38224bd163057fc9254634,entity_18ad3069ce11efe10ebf672d7cec4279db394f98243d5fe6e4e8f0a6b2de5ae8,entity_1bb74b89af2e86a5d7050d0ad9e745a5b7ccc538ec38224bd163057fc9254634
pair_2d3a9f4ed6e10a876f01c67612cd31140da988d1d8bd65899057929aec846f20,inventors,test,entity_18ad3069ce11efe10ebf672d7cec4279db394f98243d5fe6e4e8f0a6b2de5ae8,entity_557111cf6d48f03511acae5ea8f877eee0dba05801d13fe461321720b601bedf,entity_18ad3069ce11efe10ebf672d7cec4279db394f98243d5fe6e4e8f0a6b2de5ae8,entity_557111cf6d48f03511acae5ea8f877eee0dba05801d13fe461321720b601bedf
pair_88c7b12a4a22623a8eb1db13513774639f23d9c39de4e1240c44e652af77842a,inventors,test,entity_18ad3069ce11efe10ebf672d7cec4279db394f98243d5fe6e4e8f0a6b2de5ae8,entity_645d6ab9925dff098eb2a1cf55074b8d86bc6825b4fa5a3174f78eef30828a54,entity_18ad3069ce11efe10ebf672d7cec4279db394f98243d5fe6e4e8f0a6b2de5ae8,entity_645d6ab9925dff098eb2a1cf55074b8d86bc6825b4fa5a3174f78eef30828a54
pair_e47ae571ffa4bd17fd0a2977862fdc0578bb5afea2a7f720a3c2aa2926fe50ad,inventors,test,entity_18ad3069ce11efe10ebf672d7cec4279db394f98243d5fe6e4e8f0a6b2de5ae8,entity_6b178cbbe90158395262c64300d94c4265265ebe3c5cbb5fa615dd1a51b5ec0f,entity_18ad3069ce11efe10ebf672d7cec4279db394f98243d5fe6e4e8f0a6b2de5ae8,entity_6b178cbbe90158395262c64300d94c4265265ebe3c5cbb5fa615dd1a51b5ec0f
pair_23b8c1ac18681411003d3b96ef9681b027cc7a3264a29ded87a0f7d18e4ef820,inventors,test,entity_1bb74b89af2e86a5d7050d0ad9e745a5b7ccc538ec38224bd163057fc9254634,entity_557111cf6d48f03511acae5ea8f877eee0dba05801d13fe461321720b601bedf,entity_1bb74b89af2e86a5d7050d0ad9e745a5b7ccc538ec38224bd163057fc9254634,entity_557111cf6d48f03511acae5ea8f877eee0dba05801d13fe461321720b601bedf
pair_82da569d231803c984198328c57be2fb421920f76bf285d12337da91f5a9681b,inventors,test,entity_1bb74b89af2e86a5d7050d0ad9e745a5b7ccc538ec38224bd163057fc9254634,entity_6b178cbbe90158395262c64300d94c4265265ebe3c5cbb5fa615dd1a51b5ec0f,entity_1bb74b89af2e86a5d7050d0ad9e745a5b7ccc538ec38224bd163057fc9254634,entity_6b178cbbe90158395262c64300d94c4265265ebe3c5cbb5fa615dd1a51b5ec0f
pair_89bf63004de838f9d50f92d7c1c3d153452464a4b1db92920831cf1f508cc457,inventors,test,entity_1bb74b89af2e86a5d7050d0ad9e745a5b7ccc538ec38224bd163057fc9254634,entity_753a7ed471068e8a1e6e9467ed404ec2a91c3c88d4fe35b91ad1bc20c2e91ab0,entity_1bb74b89af2e86a5d7050d0ad9e745a5b7ccc538ec38224bd163057fc9254634,entity_753a7ed471068e8a1e6e9467ed404ec2a91c3c88d4fe35b91ad1bc20c2e91ab0
pair_3fdc2470dfca4009d426038b360b65db565c4df17c8724e8ea261814f1ca2c4f,inventors,test,entity_557111cf6d48f03511acae5ea8f877eee0dba05801d13fe461321720b601bedf,entity_645d6ab9925dff098eb2a1cf55074b8d86bc6825b4fa5a3174f78eef30828a54,entity_557111cf6d48f03511acae5ea8f877eee0dba05801d13fe461321720b601bedf,entity_645d6ab9925dff098eb2a1cf55074b8d86bc6825b4fa5a3174f78eef30828a54
pair_e832d128c180300765ea7602e40a1d50652ef05320f3513e91aa80a6349483e2,inventors,test,entity_557111cf6d48f03511acae5ea8f877eee0dba05801d13fe461321720b601bedf,entity_8a43b7608a38c9ca7941dbe9f36a2ac9bbcc893d6586fc6c2c18cc6c3f0033fd,entity_557111cf6d48f03511acae5ea8f877eee0dba05801d13fe461321720b601bedf,entity_8a43b7608a38c9ca7941dbe9f36a2ac9bbcc893d6586fc6c2c18cc6c3f0033fd
pair_daf07f902a171af89fe5a52fd0bf768e66f93514f4a1efe8c7aa7facb94cd937,inventors,test,entity_645d6ab9925dff098eb2a1cf55074b8d86bc6825b4fa5a3174f78eef30828a54,entity_8a43b7608a38c9ca7941dbe9f36a2ac9bbcc893d6586fc6c2c18cc6c3f0033fd,entity_645d6ab9925dff098eb2a1cf55074b8d86bc6825b4fa5a3174f78eef30828a54,entity_8a43b7608a38c9ca7941dbe9f36a2ac9bbcc893d6586fc6c2c18cc6c3f0033fd
pair_c1281cf97ad30fe212f182e48e0dd75f33207263eb0d1ba16056bddb3048b3a4,inventors,test,entity_645d6ab9925dff098eb2a1cf55074b8d86bc6825b4fa5a3174f78eef30828a54,entity_90f0367590ec4107a17e667f3faea0fdeb629e70ae2783a3de3a7b2bf60b246f,entity_645d6ab9925dff098eb2a1cf55074b8d86bc6825b4fa5a3174f78eef30828a54,entity_90f0367590ec4107a17e667f3faea0fdeb629e70ae2783a3de3a7b2bf60b246f
pair_849c66561c3cb57917bf51415e0b9da82c32c99216379becc9e3a23ad3bb1060,inventors,test,entity_6b178cbbe90158395262c64300d94c4265265ebe3c5cbb5fa615dd1a51b5ec0f,entity_753a7ed471068e8a1e6e9467ed404ec2a91c3c88d4fe35b91ad1bc20c2e91ab0,entity_6b178cbbe90158395262c64300d94c4265265ebe3c5cbb5fa615dd1a51b5ec0f,entity_753a7ed471068e8a1e6e9467ed404ec2a91c3c88d4fe35b91ad1bc20c2e91ab0
pair_e78154305cb8af7963481b68d89cf67a6d7795c2a7db902b8e224dd0741c5a19,inventors,test,entity_6b178cbbe90158395262c64300d94c4265265ebe3c5cbb5fa615dd1a51b5ec0f,entity_ffdef3c8c4a763624da99add59d94d942d40881f696c99eb6e8b3b124e28aeef,entity_6b178cbbe90158395262c64300d94c4265265ebe3c5cbb5fa615dd1a51b5ec0f,entity_ffdef3c8c4a763624da99add59d94d942d40881f696c99eb6e8b3b124e28aeef
pair_578a6d5bc459132645510edb95d8dc2a2f1aa0ea81e2a81632db707247bb530c,inventors,test,entity_753a7ed471068e8a1e6e9467ed404ec2a91c3c88d4fe35b91ad1bc20c2e91ab0,entity_a404eb3dfb795cafbbe4b654fb01c6aafdf0cd9a26b5a73cdc26fc5ea8eb7cc6,entity_753a7ed471068e8a1e6e9467ed404ec2a91c3c88d4fe35b91ad1bc20c2e91ab0,entity_a404eb3dfb795cafbbe4b654fb01c6aafdf0cd9a26b5a73cdc26fc5ea8eb7cc6
pair_0d81cb6276684f6674ef652bb966bd625d1eafaffae43310195ecb844eef6148,inventors,test,entity_753a7ed471068e8a1e6e9467ed404ec2a91c3c88d4fe35b91ad1bc20c2e91ab0,entity_ffdef3c8c4a763624da99add59d94d942d40881f696c99eb6e8b3b124e28aeef,entity_753a7ed471068e8a1e6e9467ed404ec2a91c3c88d4fe35b91ad1bc20c2e91ab0,entity_ffdef3c8c4a763624da99add59d94d942d40881f696c99eb6e8b3b124e28aeef
pair_98252a77a8453a055b1cd1da0556dcb3077c7d8662fbaced7e688912e9fc67f6,inventors,test,entity_8a43b7608a38c9ca7941dbe9f36a2ac9bbcc893d6586fc6c2c18cc6c3f0033fd,entity_90f0367590ec4107a17e667f3faea0fdeb629e70ae2783a3de3a7b2bf60b246f,entity_8a43b7608a38c9ca7941dbe9f36a2ac9bbcc893d6586fc6c2c18cc6c3f0033fd,entity_90f0367590ec4107a17e667f3faea0fdeb629e70ae2783a3de3a7b2bf60b246f
pair_686eecb1f0e6b480230cbc94434a9b10bc3175e3835771cfb549f145cf4b60f7,inventors,test,entity_8a43b7608a38c9ca7941dbe9f36a2ac9bbcc893d6586fc6c2c18cc6c3f0033fd,entity_a5264623dfa90c588f02618a32829788d9249453cc53ca3a36aaf62874d8bf39,entity_8a43b7608a38c9ca7941dbe9f36a2ac9bbcc893d6586fc6c2c18cc6c3f0033fd,entity_a5264623dfa90c588f02618a32829788d9249453cc53ca3a36aaf62874d8bf39
pair_5015a9792d6cc4cee309b55193416b7dccc725a081775518e99418a5e38dc244,inventors,test,entity_90f0367590ec4107a17e667f3faea0fdeb629e70ae2783a3de3a7b2bf60b246f,entity_a404eb3dfb795cafbbe4b654fb01c6aafdf0cd9a26b5a73cdc26fc5ea8eb7cc6,entity_90f0367590ec4107a17e667f3faea0fdeb629e70ae2783a3de3a7b2bf60b246f,entity_a404eb3dfb795cafbbe4b654fb01c6aafdf0cd9a26b5a73cdc26fc5ea8eb7cc6
pair_2d1585ef71a2b1ea29d31b9b04a5a7a32d7c0a063764148ccafe407566845dd7,inventors,test,entity_90f0367590ec4107a17e667f3faea0fdeb629e70ae2783a3de3a7b2bf60b246f,entity_a5264623dfa90c588f02618a32829788d9249453cc53ca3a36aaf62874d8bf39,entity_90f0367590ec4107a17e667f3faea0fdeb629e70ae2783a3de3a7b2bf60b246f,entity_a5264623dfa90c588f02618a32829788d9249453cc53ca3a36aaf62874d8bf39
pair_6486ec3b8bb3451a43765def1fbc4b4e028736dc89788712a8a4602b7368d694,inventors,test,entity_a404eb3dfb795cafbbe4b654fb01c6aafdf0cd9a26b5a73cdc26fc5ea8eb7cc6,entity_a5264623dfa90c588f02618a32829788d9249453cc53ca3a36aaf62874d8bf39,entity_a404eb3dfb795cafbbe4b654fb01c6aafdf0cd9a26b5a73cdc26fc5ea8eb7cc6,entity_a5264623dfa90c588f02618a32829788d9249453cc53ca3a36aaf62874d8bf39
pair_0c341f271e17565d5211bcd941ca18733d57f8095a7dbda1b1cfdb5c5ff4e2ae,inventors,test,entity_a404eb3dfb795cafbbe4b654fb01c6aafdf0cd9a26b5a73cdc26fc5ea8eb7cc6,entity_ffdef3c8c4a763624da99add59d94d942d40881f696c99eb6e8b3b124e28aeef,entity_a404eb3dfb795cafbbe4b654fb01c6aafdf0cd9a26b5a73cdc26fc5ea8eb7cc6,entity_ffdef3c8c4a763624da99add59d94d942d40881f696c99eb6e8b3b124e28aeef
pair_1dc8f007d869b03b3cd2e1319740ee1e81464335084d3a48ef6fe69164631c59,inventors,test,entity_a5264623dfa90c588f02618a32829788d9249453cc53ca3a36aaf62874d8bf39,entity_ffdef3c8c4a763624da99add59d94d942d40881f696c99eb6e8b3b124e28aeef,entity_a5264623dfa90c588f02618a32829788d9249453cc53ca3a36aaf62874d8bf39,entity_ffdef3c8c4a763624da99add59d94d942d40881f696c99eb6e8b3b124e28aeef
pair_3381c1c8862d39351803ee374d8452c77e641c171b4ee21ef5a51b4f1b9483a1,sp_en_trans,test,entity_025ba7c9b755b080fcfe268ea82d2cf28be3145d18615d3ccffd8fc08c46c744,entity_6ebe4759f181dcce3cabd6645e4329d44e1008be580eefa47fe664efea99068f,entity_025ba7c9b755b080fcfe268ea82d2cf28be3145d18615d3ccffd8fc08c46c744,entity_6ebe4759f181dcce3cabd6645e4329d44e1008be580eefa47fe664efea99068f
pair_9839dd24fef942bebf68af9b5ceb4bc936c45fc5d308cd1c51ae25b2bb9c3a94,sp_en_trans,test,entity_025ba7c9b755b080fcfe268ea82d2cf28be3145d18615d3ccffd8fc08c46c744,entity_839ed11c23700a4419d6427a8068887637177576416f9bac9b26163d8edbe86d,entity_025ba7c9b755b080fcfe268ea82d2cf28be3145d18615d3ccffd8fc08c46c744,entity_839ed11c23700a4419d6427a8068887637177576416f9bac9b26163d8edbe86d
pair_6d1933e69846de51a9bc97870c3926680d5c27ee10e756222dd54661188ff16d,sp_en_trans,test,entity_025ba7c9b755b080fcfe268ea82d2cf28be3145d18615d3ccffd8fc08c46c744,entity_bfa2fee3ef1d2f37d2b9ea9c83d8f4451c290231ab1aef31395f94c47770d715,entity_025ba7c9b755b080fcfe268ea82d2cf28be3145d18615d3ccffd8fc08c46c744,entity_bfa2fee3ef1d2f37d2b9ea9c83d8f4451c290231ab1aef31395f94c47770d715
pair_e0c2d9420bfb03b2b27fa54adf56825bebc20529648813218c5dc26a74cc0ed5,sp_en_trans,test,entity_025ba7c9b755b080fcfe268ea82d2cf28be3145d18615d3ccffd8fc08c46c744,entity_df73c957cb552342ce208e83f24fb8561d7af835cfe33354ab1f037cc9271042,entity_025ba7c9b755b080fcfe268ea82d2cf28be3145d18615d3ccffd8fc08c46c744,entity_df73c957cb552342ce208e83f24fb8561d7af835cfe33354ab1f037cc9271042
pair_51f6fd64888129ff3bb31c0863d4c7f78837eea220459495b5b21783058b1d27,sp_en_trans,test,entity_0a8f5acf1e1c2b656708809c44a1ae81866a51452d29e8c3fd56f9f6a5dd6829,entity_5005162cda9d7bdaf2d3c5f342fd8294a6dec97a96e6d20011ab3ba703dba813,entity_0a8f5acf1e1c2b656708809c44a1ae81866a51452d29e8c3fd56f9f6a5dd6829,entity_5005162cda9d7bdaf2d3c5f342fd8294a6dec97a96e6d20011ab3ba703dba813
pair_2fed64ababa969ff7d3acb411dc7b657e1ddff45f4d07120793dab275ad4df68,sp_en_trans,test,entity_0a8f5acf1e1c2b656708809c44a1ae81866a51452d29e8c3fd56f9f6a5dd6829,entity_838b37e3396c1f3b647cb6702af3137f742bcd8023124f339e8f9655364a8225,entity_0a8f5acf1e1c2b656708809c44a1ae81866a51452d29e8c3fd56f9f6a5dd6829,entity_838b37e3396c1f3b647cb6702af3137f742bcd8023124f339e8f9655364a8225
pair_ef03ae1169103784dbd986f174b998c46947ca8d464e538d507b705aa080bf03,sp_en_trans,test,entity_0a8f5acf1e1c2b656708809c44a1ae81866a51452d29e8c3fd56f9f6a5dd6829,entity_d7a147fa16de22e133b10d275a3508a4a607e9cbd5b2c67eae312d224edd89f2,entity_0a8f5acf1e1c2b656708809c44a1ae81866a51452d29e8c3fd56f9f6a5dd6829,entity_d7a147fa16de22e133b10d275a3508a4a607e9cbd5b2c67eae312d224edd89f2
pair_6383829c60335d435f099906d6b4c4032abefac41ce09a9c8b971395ed6978fe,sp_en_trans,test,entity_0a8f5acf1e1c2b656708809c44a1ae81866a51452d29e8c3fd56f9f6a5dd6829,entity_f27dc054598b1f6bd174c5e2a1efec1421646c222c4fb5b946332c49295035ae,entity_0a8f5acf1e1c2b656708809c44a1ae81866a51452d29e8c3fd56f9f6a5dd6829,entity_f27dc054598b1f6bd174c5e2a1efec1421646c222c4fb5b946332c49295035ae
pair_a394617bc9c63cb48836bd97ef9bbbec4017030ddc06e3c406971d3872c8541a,sp_en_trans,test,entity_1012062cd342ab6c49e1931037e278765f0d32f112f49989fbcc4ce2a6c88564,entity_15a54c3c6f97588a319a8d7ab4b08b22641dc47cdeb321466c590e943ac50102,entity_1012062cd342ab6c49e1931037e278765f0d32f112f49989fbcc4ce2a6c88564,entity_15a54c3c6f97588a319a8d7ab4b08b22641dc47cdeb321466c590e943ac50102
pair_d73a55ced7dd0d6383733da0e083bc198c0871ef23e32944f9a80adbc5efd806,sp_en_trans,test,entity_1012062cd342ab6c49e1931037e278765f0d32f112f49989fbcc4ce2a6c88564,entity_75d0a785025e551472c9f1cec33ed21dfafab9c5b8e5bd998d23dbcde58bb565,entity_1012062cd342ab6c49e1931037e278765f0d32f112f49989fbcc4ce2a6c88564,entity_75d0a785025e551472c9f1cec33ed21dfafab9c5b8e5bd998d23dbcde58bb565
pair_dd5fbe41401d9cccf7cb1263e14d14afd8516dacaec8bb2b91e47afd425c486d,sp_en_trans,test,entity_1012062cd342ab6c49e1931037e278765f0d32f112f49989fbcc4ce2a6c88564,entity_bfa2fee3ef1d2f37d2b9ea9c83d8f4451c290231ab1aef31395f94c47770d715,entity_1012062cd342ab6c49e1931037e278765f0d32f112f49989fbcc4ce2a6c88564,entity_bfa2fee3ef1d2f37d2b9ea9c83d8f4451c290231ab1aef31395f94c47770d715
pair_90f2be5c1d54995b49051e6c50fdcf152efe98f6af3e8f3c735c06288c7bb5e8,sp_en_trans,test,entity_1012062cd342ab6c49e1931037e278765f0d32f112f49989fbcc4ce2a6c88564,entity_df73c957cb552342ce208e83f24fb8561d7af835cfe33354ab1f037cc9271042,entity_1012062cd342ab6c49e1931037e278765f0d32f112f49989fbcc4ce2a6c88564,entity_df73c957cb552342ce208e83f24fb8561d7af835cfe33354ab1f037cc9271042
pair_c0c0f90ea2cad3a542a81536b1bdd10cf81a0f5c0bf6948c1522331bc931ccba,sp_en_trans,test,entity_15a54c3c6f97588a319a8d7ab4b08b22641dc47cdeb321466c590e943ac50102,entity_2391280fc83c8fb3bfe2787ab55558e4bf3eacb5aa8115f5ce548de54c85c63a,entity_15a54c3c6f97588a319a8d7ab4b08b22641dc47cdeb321466c590e943ac50102,entity_2391280fc83c8fb3bfe2787ab55558e4bf3eacb5aa8115f5ce548de54c85c63a
pair_c9f0764a702826c05287cff79c9e7e3a3a1c830f26e8ba86d4c4a11d3b3d3474,sp_en_trans,test,entity_15a54c3c6f97588a319a8d7ab4b08b22641dc47cdeb321466c590e943ac50102,entity_702226a9f2eb7a9ba42c838244d9e5346f90fa5a125377a97fadc8e49867b79b,entity_15a54c3c6f97588a319a8d7ab4b08b22641dc47cdeb321466c590e943ac50102,entity_702226a9f2eb7a9ba42c838244d9e5346f90fa5a125377a97fadc8e49867b79b
pair_30d4146b0288b2d2528d7af029f082fc967f9de9dad00958717ab519603e83bf,sp_en_trans,test,entity_15a54c3c6f97588a319a8d7ab4b08b22641dc47cdeb321466c590e943ac50102,entity_75d0a785025e551472c9f1cec33ed21dfafab9c5b8e5bd998d23dbcde58bb565,entity_15a54c3c6f97588a319a8d7ab4b08b22641dc47cdeb321466c590e943ac50102,entity_75d0a785025e551472c9f1cec33ed21dfafab9c5b8e5bd998d23dbcde58bb565
pair_018b0823d992806b5736b6e4aac66ce55770c33bce985c7a4367f08006568017,sp_en_trans,test,entity_2391280fc83c8fb3bfe2787ab55558e4bf3eacb5aa8115f5ce548de54c85c63a,entity_702226a9f2eb7a9ba42c838244d9e5346f90fa5a125377a97fadc8e49867b79b,entity_2391280fc83c8fb3bfe2787ab55558e4bf3eacb5aa8115f5ce548de54c85c63a,entity_702226a9f2eb7a9ba42c838244d9e5346f90fa5a125377a97fadc8e49867b79b
pair_6a57ff1c9c79f62ef818d494f5ab48c62e7a02971d1fc64d9f3ebff593591c50,sp_en_trans,test,entity_2391280fc83c8fb3bfe2787ab55558e4bf3eacb5aa8115f5ce548de54c85c63a,entity_b69eae8b5599ad5b244440921db841ce32d1268b28dfe14d7cb9f65654d421a5,entity_2391280fc83c8fb3bfe2787ab55558e4bf3eacb5aa8115f5ce548de54c85c63a,entity_b69eae8b5599ad5b244440921db841ce32d1268b28dfe14d7cb9f65654d421a5
pair_3cc70515c0fd8d1c248cb65d19d703dcb615a4ea0c92a691e5a4134a2ee063e8,sp_en_trans,test,entity_2391280fc83c8fb3bfe2787ab55558e4bf3eacb5aa8115f5ce548de54c85c63a,entity_b8108b1f4be5376b9cc2031088d544672883f8f185cc829bbb6c27ddb01c49cd,entity_2391280fc83c8fb3bfe2787ab55558e4bf3eacb5aa8115f5ce548de54c85c63a,entity_b8108b1f4be5376b9cc2031088d544672883f8f185cc829bbb6c27ddb01c49cd
pair_9ccf6c453a08b20c2ccc358366b377f63e8361f48e06bfb67f2a7a4e0acf4c21,sp_en_trans,test,entity_24b658bcedf407e93aeea002549945eb0fe1036d2639b74c0dfac29abe283737,entity_24c2cc83cf4e81eab96b477cea9dbeca7a82ffb651087d2a5823784cc6fa3b94,entity_24b658bcedf407e93aeea002549945eb0fe1036d2639b74c0dfac29abe283737,entity_24c2cc83cf4e81eab96b477cea9dbeca7a82ffb651087d2a5823784cc6fa3b94
pair_0f5e2c4ce3baddf6254dd1665eac4aff04dd6a6df6485e6f8eee4ab1d91e4682,sp_en_trans,test,entity_24b658bcedf407e93aeea002549945eb0fe1036d2639b74c0dfac29abe283737,entity_2b5d0bd4ec0b5bd6356405f839f26a975edd14ab01c7446dd6f66e0db733f0ff,entity_24b658bcedf407e93aeea002549945eb0fe1036d2639b74c0dfac29abe283737,entity_2b5d0bd4ec0b5bd6356405f839f26a975edd14ab01c7446dd6f66e0db733f0ff
pair_68a55a39cd7baa42ff87ce7c1d636b132418fa9b3d0888ba7c5f1dcc9475f378,sp_en_trans,test,entity_24b658bcedf407e93aeea002549945eb0fe1036d2639b74c0dfac29abe283737,entity_88456f3c03d30eeaf2b1de15e01452b5f1bbe11b120fde41bdd19ff161fee17c,entity_24b658bcedf407e93aeea002549945eb0fe1036d2639b74c0dfac29abe283737,entity_88456f3c03d30eeaf2b1de15e01452b5f1bbe11b120fde41bdd19ff161fee17c
pair_24d83f988dd899f25022ec5979e2eb19307bfed16475e4e788f6e1a8bdfe4d64,sp_en_trans,test,entity_24b658bcedf407e93aeea002549945eb0fe1036d2639b74c0dfac29abe283737,entity_b8108b1f4be5376b9cc2031088d544672883f8f185cc829bbb6c27ddb01c49cd,entity_24b658bcedf407e93aeea002549945eb0fe1036d2639b74c0dfac29abe283737,entity_b8108b1f4be5376b9cc2031088d544672883f8f185cc829bbb6c27ddb01c49cd
pair_e04e11144fe097ff0697c964dabdbd4a8b1c82fbf78000028d543b5e1b7840b4,sp_en_trans,test,entity_24c2cc83cf4e81eab96b477cea9dbeca7a82ffb651087d2a5823784cc6fa3b94,entity_88456f3c03d30eeaf2b1de15e01452b5f1bbe11b120fde41bdd19ff161fee17c,entity_24c2cc83cf4e81eab96b477cea9dbeca7a82ffb651087d2a5823784cc6fa3b94,entity_88456f3c03d30eeaf2b1de15e01452b5f1bbe11b120fde41bdd19ff161fee17c
pair_fbd0dad3214c69dc1d965ab7a4044cd6a78cedcd1384a1fe6622d476543a8b87,sp_en_trans,test,entity_24c2cc83cf4e81eab96b477cea9dbeca7a82ffb651087d2a5823784cc6fa3b94,entity_b69eae8b5599ad5b244440921db841ce32d1268b28dfe14d7cb9f65654d421a5,entity_24c2cc83cf4e81eab96b477cea9dbeca7a82ffb651087d2a5823784cc6fa3b94,entity_b69eae8b5599ad5b244440921db841ce32d1268b28dfe14d7cb9f65654d421a5
pair_60b60f091d97c3a93f51ec3b8fea7ca94c9fe2698769a8970e891707d0723a97,sp_en_trans,test,entity_24c2cc83cf4e81eab96b477cea9dbeca7a82ffb651087d2a5823784cc6fa3b94,entity_b8108b1f4be5376b9cc2031088d544672883f8f185cc829bbb6c27ddb01c49cd,entity_24c2cc83cf4e81eab96b477cea9dbeca7a82ffb651087d2a5823784cc6fa3b94,entity_b8108b1f4be5376b9cc2031088d544672883f8f185cc829bbb6c27ddb01c49cd
pair_9e6701bfa127dca7a9556b103b75eac3102239c231c401b4f7ccbe469a91fb76,sp_en_trans,test,entity_279e7725a689aabef2a8bedb02d6ed0aba7f4e4980dbb690803016ac3af18161,entity_2b5d0bd4ec0b5bd6356405f839f26a975edd14ab01c7446dd6f66e0db733f0ff,entity_279e7725a689aabef2a8bedb02d6ed0aba7f4e4980dbb690803016ac3af18161,entity_2b5d0bd4ec0b5bd6356405f839f26a975edd14ab01c7446dd6f66e0db733f0ff
pair_083ef13a5965e03978231d725beac11417830ab17145c07a4c6eb3acb66efbe1,sp_en_trans,test,entity_279e7725a689aabef2a8bedb02d6ed0aba7f4e4980dbb690803016ac3af18161,entity_5e9c7657733cd57028cb4c4a8a08c5f3d0b40f86824fb51072295aa116e3aa0f,entity_279e7725a689aabef2a8bedb02d6ed0aba7f4e4980dbb690803016ac3af18161,entity_5e9c7657733cd57028cb4c4a8a08c5f3d0b40f86824fb51072295aa116e3aa0f
pair_c79fd0bb02a7a8d3e650f7bc5ca32ce3c7593ffaa592ba15778fff37a5772e90,sp_en_trans,test,entity_279e7725a689aabef2a8bedb02d6ed0aba7f4e4980dbb690803016ac3af18161,entity_88456f3c03d30eeaf2b1de15e01452b5f1bbe11b120fde41bdd19ff161fee17c,entity_279e7725a689aabef2a8bedb02d6ed0aba7f4e4980dbb690803016ac3af18161,entity_88456f3c03d30eeaf2b1de15e01452b5f1bbe11b120fde41bdd19ff161fee17c
pair_73e9d6a59992098b1eda152340be97a5e18cb3d89318266373de0c0582129b8e,sp_en_trans,test,entity_279e7725a689aabef2a8bedb02d6ed0aba7f4e4980dbb690803016ac3af18161,entity_b79eaf955c84a0db6d43c2ea26e969476336166cee2f0390c58dbd80afdafb84,entity_279e7725a689aabef2a8bedb02d6ed0aba7f4e4980dbb690803016ac3af18161,entity_b79eaf955c84a0db6d43c2ea26e969476336166cee2f0390c58dbd80afdafb84
pair_9027afd141c7f8321f79823ecde69c88f6c891ad6f9246ac5e0c4b6697d110b2,sp_en_trans,test,entity_2b5d0bd4ec0b5bd6356405f839f26a975edd14ab01c7446dd6f66e0db733f0ff,entity_5e9c7657733cd57028cb4c4a8a08c5f3d0b40f86824fb51072295aa116e3aa0f,entity_2b5d0bd4ec0b5bd6356405f839f26a975edd14ab01c7446dd6f66e0db733f0ff,entity_5e9c7657733cd57028cb4c4a8a08c5f3d0b40f86824fb51072295aa116e3aa0f
pair_8ad1417f2951ccf370cef2e81f30514a6c6b14873a1b391d0d1660ba42dfba12,sp_en_trans,test,entity_2b5d0bd4ec0b5bd6356405f839f26a975edd14ab01c7446dd6f66e0db733f0ff,entity_88456f3c03d30eeaf2b1de15e01452b5f1bbe11b120fde41bdd19ff161fee17c,entity_2b5d0bd4ec0b5bd6356405f839f26a975edd14ab01c7446dd6f66e0db733f0ff,entity_88456f3c03d30eeaf2b1de15e01452b5f1bbe11b120fde41bdd19ff161fee17c
pair_39926e23b5c2a2e9bee40c9b62763746a945ddf12fbcc32884c8261988519d49,sp_en_trans,test,entity_4eb4679ac0d02258d22464cca2e834ba250850501cb8f279f3c795a8ed13ac07,entity_517aa746b408ea3dfe7e8c64a2f30bebdc189de0d223bd5d62774afc54b51eca,entity_4eb4679ac0d02258d22464cca2e834ba250850501cb8f279f3c795a8ed13ac07,entity_517aa746b408ea3dfe7e8c64a2f30bebdc189de0d223bd5d62774afc54b51eca
pair_964f9b41f54321405928c8701bde09190d18cd18a705c2da15f5a4ae73343a49,sp_en_trans,test,entity_4eb4679ac0d02258d22464cca2e834ba250850501cb8f279f3c795a8ed13ac07,entity_64d48fb213f38633fbdb06a6958178479734555b3e3a30d7e0a929720ec3fb3b,entity_4eb4679ac0d02258d22464cca2e834ba250850501cb8f279f3c795a8ed13ac07,entity_64d48fb213f38633fbdb06a6958178479734555b3e3a30d7e0a929720ec3fb3b
pair_ce3cc9f40fb5a0194f7157e4c329ba4a01c9c32a4ad62e30e2e1adfa7703c43b,sp_en_trans,test,entity_4eb4679ac0d02258d22464cca2e834ba250850501cb8f279f3c795a8ed13ac07,entity_6ebe4759f181dcce3cabd6645e4329d44e1008be580eefa47fe664efea99068f,entity_4eb4679ac0d02258d22464cca2e834ba250850501cb8f279f3c795a8ed13ac07,entity_6ebe4759f181dcce3cabd6645e4329d44e1008be580eefa47fe664efea99068f
pair_5c9e5e40a40075f5dc1c91b5124a48ec73b91dfc4426ea98d763e48a38418f7f,sp_en_trans,test,entity_4eb4679ac0d02258d22464cca2e834ba250850501cb8f279f3c795a8ed13ac07,entity_aea4a2928719dd5151096c110feb8f3f872f5df4df5cf9f163ce21a0348f56a5,entity_4eb4679ac0d02258d22464cca2e834ba250850501cb8f279f3c795a8ed13ac07,entity_aea4a2928719dd5151096c110feb8f3f872f5df4df5cf9f163ce21a0348f56a5
pair_f564238558893ec359a0c14a997206ff6567fdbcd14df7bdf04d8ddc75f2d46e,sp_en_trans,test,entity_5005162cda9d7bdaf2d3c5f342fd8294a6dec97a96e6d20011ab3ba703dba813,entity_634d967fd976964be80ae3e464a13fd63ec3addc6ecbd1155bcd9fbc1914092b,entity_5005162cda9d7bdaf2d3c5f342fd8294a6dec97a96e6d20011ab3ba703dba813,entity_634d967fd976964be80ae3e464a13fd63ec3addc6ecbd1155bcd9fbc1914092b
pair_34e63d02030582068b6f1cc8f0b1e3cde1a975e958d9072b2e1c669c89f683d2,sp_en_trans,test,entity_5005162cda9d7bdaf2d3c5f342fd8294a6dec97a96e6d20011ab3ba703dba813,entity_7e594cd8ddafceb9af04c74ea623e12e78af45db45c9269f0be4ec9bd0722050,entity_5005162cda9d7bdaf2d3c5f342fd8294a6dec97a96e6d20011ab3ba703dba813,entity_7e594cd8ddafceb9af04c74ea623e12e78af45db45c9269f0be4ec9bd0722050
pair_ebbca821af97cd29b61ce2f4f1cbba302ac3fc596fc6fd1a62108178f5eb9ac2,sp_en_trans,test,entity_5005162cda9d7bdaf2d3c5f342fd8294a6dec97a96e6d20011ab3ba703dba813,entity_838b37e3396c1f3b647cb6702af3137f742bcd8023124f339e8f9655364a8225,entity_5005162cda9d7bdaf2d3c5f342fd8294a6dec97a96e6d20011ab3ba703dba813,entity_838b37e3396c1f3b647cb6702af3137f742bcd8023124f339e8f9655364a8225
pair_1d7449e4930d01eb6b92e0e5c2e349ce9fd693c7fd55487d85e943fc708ccb7b,sp_en_trans,test,entity_517aa746b408ea3dfe7e8c64a2f30bebdc189de0d223bd5d62774afc54b51eca,entity_6ebe4759f181dcce3cabd6645e4329d44e1008be580eefa47fe664efea99068f,entity_517aa746b408ea3dfe7e8c64a2f30bebdc189de0d223bd5d62774afc54b51eca,entity_6ebe4759f181dcce3cabd6645e4329d44e1008be580eefa47fe664efea99068f
pair_99dc52c65597ec3bd15fb7249b49fb172581f271482443ef41ab9266ca471a00,sp_en_trans,test,entity_517aa746b408ea3dfe7e8c64a2f30bebdc189de0d223bd5d62774afc54b51eca,entity_839ed11c23700a4419d6427a8068887637177576416f9bac9b26163d8edbe86d,entity_517aa746b408ea3dfe7e8c64a2f30bebdc189de0d223bd5d62774afc54b51eca,entity_839ed11c23700a4419d6427a8068887637177576416f9bac9b26163d8edbe86d
pair_3fc14bc070a1c89688bcf12f6929b9807c17d7df328e3c25e4711a9270a22dbe,sp_en_trans,test,entity_517aa746b408ea3dfe7e8c64a2f30bebdc189de0d223bd5d62774afc54b51eca,entity_aea4a2928719dd5151096c110feb8f3f872f5df4df5cf9f163ce21a0348f56a5,entity_517aa746b408ea3dfe7e8c64a2f30bebdc189de0d223bd5d62774afc54b51eca,entity_aea4a2928719dd5151096c110feb8f3f872f5df4df5cf9f163ce21a0348f56a5
pair_8ee8529b85ba086cd59d59495e1a0c94190ef6f7a4707b7f43afb8031525d3e0,sp_en_trans,test,entity_5e9c7657733cd57028cb4c4a8a08c5f3d0b40f86824fb51072295aa116e3aa0f,entity_8b6a1979de0cd9274402a56753ece95d514a01dc2f7b9bd8006022d3d5a8d48e,entity_5e9c7657733cd57028cb4c4a8a08c5f3d0b40f86824fb51072295aa116e3aa0f,entity_8b6a1979de0cd9274402a56753ece95d514a01dc2f7b9bd8006022d3d5a8d48e
pair_141927992cc8a230409a0959bd995d45885ca165132e34d50f486a9a32bf343b,sp_en_trans,test,entity_5e9c7657733cd57028cb4c4a8a08c5f3d0b40f86824fb51072295aa116e3aa0f,entity_b79eaf955c84a0db6d43c2ea26e969476336166cee2f0390c58dbd80afdafb84,entity_5e9c7657733cd57028cb4c4a8a08c5f3d0b40f86824fb51072295aa116e3aa0f,entity_b79eaf955c84a0db6d43c2ea26e969476336166cee2f0390c58dbd80afdafb84
pair_131c9f12f26f00c131008e979d3784cd49e260f61849ff91c35b266c81129560,sp_en_trans,test,entity_634d967fd976964be80ae3e464a13fd63ec3addc6ecbd1155bcd9fbc1914092b,entity_7e594cd8ddafceb9af04c74ea623e12e78af45db45c9269f0be4ec9bd0722050,entity_634d967fd976964be80ae3e464a13fd63ec3addc6ecbd1155bcd9fbc1914092b,entity_7e594cd8ddafceb9af04c74ea623e12e78af45db45c9269f0be4ec9bd0722050
pair_5541391de27f3223215b84b8c543efb8f917e89fa217c13b5b0c6b89a4f56bc1,sp_en_trans,test,entity_634d967fd976964be80ae3e464a13fd63ec3addc6ecbd1155bcd9fbc1914092b,entity_838b37e3396c1f3b647cb6702af3137f742bcd8023124f339e8f9655364a8225,entity_634d967fd976964be80ae3e464a13fd63ec3addc6ecbd1155bcd9fbc1914092b,entity_838b37e3396c1f3b647cb6702af3137f742bcd8023124f339e8f9655364a8225
pair_5be0f353dc7be6584c67351b2c561e5ca3bbc22dc3774116a95966283450d02e,sp_en_trans,test,entity_634d967fd976964be80ae3e464a13fd63ec3addc6ecbd1155bcd9fbc1914092b,entity_edef7c4cce0f33d69ea525d89caa40f21f74fd630f1611ba29e431412fab63fa,entity_634d967fd976964be80ae3e464a13fd63ec3addc6ecbd1155bcd9fbc1914092b,entity_edef7c4cce0f33d69ea525d89caa40f21f74fd630f1611ba29e431412fab63fa
pair_6f7b5f7c6fa58fea4bfdd973442983e9b0e62cd53ef698fb35667c2fd41a636c,sp_en_trans,test,entity_64d48fb213f38633fbdb06a6958178479734555b3e3a30d7e0a929720ec3fb3b,entity_865f8b8c59d51c85cfa6cc595ed4bad1fd75606f8888aef2301555d483fc6599,entity_64d48fb213f38633fbdb06a6958178479734555b3e3a30d7e0a929720ec3fb3b,entity_865f8b8c59d51c85cfa6cc595ed4bad1fd75606f8888aef2301555d483fc6599
pair_6bfe79e943c43478f99577e90c55157b81f6038f42ea2b296799c9bebe120975,sp_en_trans,test,entity_64d48fb213f38633fbdb06a6958178479734555b3e3a30d7e0a929720ec3fb3b,entity_aea4a2928719dd5151096c110feb8f3f872f5df4df5cf9f163ce21a0348f56a5,entity_64d48fb213f38633fbdb06a6958178479734555b3e3a30d7e0a929720ec3fb3b,entity_aea4a2928719dd5151096c110feb8f3f872f5df4df5cf9f163ce21a0348f56a5
pair_d0ae5dac377d51f79218aaedee975659b3f2f463a600619fc3cdb03e7c3761bf,sp_en_trans,test,entity_64d48fb213f38633fbdb06a6958178479734555b3e3a30d7e0a929720ec3fb3b,entity_edef7c4cce0f33d69ea525d89caa40f21f74fd630f1611ba29e431412fab63fa,entity_64d48fb213f38633fbdb06a6958178479734555b3e3a30d7e0a929720ec3fb3b,entity_edef7c4cce0f33d69ea525d89caa40f21f74fd630f1611ba29e431412fab63fa
pair_ce7f2ccad48386291af60ac768d0da6dac1b63b300072d928abb341245d68001,sp_en_trans,test,entity_6ebe4759f181dcce3cabd6645e4329d44e1008be580eefa47fe664efea99068f,entity_839ed11c23700a4419d6427a8068887637177576416f9bac9b26163d8edbe86d,entity_6ebe4759f181dcce3cabd6645e4329d44e1008be580eefa47fe664efea99068f,entity_839ed11c23700a4419d6427a8068887637177576416f9bac9b26163d8edbe86d
pair_3346d99a94a4c8f2210ca119c32e7da31f31af8f3652159b7595ac09abfe5f69,sp_en_trans,test,entity_702226a9f2eb7a9ba42c838244d9e5346f90fa5a125377a97fadc8e49867b79b,entity_75d0a785025e551472c9f1cec33ed21dfafab9c5b8e5bd998d23dbcde58bb565,entity_702226a9f2eb7a9ba42c838244d9e5346f90fa5a125377a97fadc8e49867b79b,entity_75d0a785025e551472c9f1cec33ed21dfafab9c5b8e5bd998d23dbcde58bb565
pair_b28e4bff0835edda00e23599001ee198144d4c3b697ffd325bb487ba447a8f1f,sp_en_trans,test,entity_702226a9f2eb7a9ba42c838244d9e5346f90fa5a125377a97fadc8e49867b79b,entity_b69eae8b5599ad5b244440921db841ce32d1268b28dfe14d7cb9f65654d421a5,entity_702226a9f2eb7a9ba42c838244d9e5346f90fa5a125377a97fadc8e49867b79b,entity_b69eae8b5599ad5b244440921db841ce32d1268b28dfe14d7cb9f65654d421a5
pair_37a31da7239774f0c1eed349d9427ddc99a47d9ae0998051bdeca8b460191cfe,sp_en_trans,test,entity_75d0a785025e551472c9f1cec33ed21dfafab9c5b8e5bd998d23dbcde58bb565,entity_df73c957cb552342ce208e83f24fb8561d7af835cfe33354ab1f037cc9271042,entity_75d0a785025e551472c9f1cec33ed21dfafab9c5b8e5bd998d23dbcde58bb565,entity_df73c957cb552342ce208e83f24fb8561d7af835cfe33354ab1f037cc9271042
pair_0759577540b24e6fdb3c34cc8dfc9d43ff2c86a4570047f96b2655018166856e,sp_en_trans,test,entity_7e594cd8ddafceb9af04c74ea623e12e78af45db45c9269f0be4ec9bd0722050,entity_865f8b8c59d51c85cfa6cc595ed4bad1fd75606f8888aef2301555d483fc6599,entity_7e594cd8ddafceb9af04c74ea623e12e78af45db45c9269f0be4ec9bd0722050,entity_865f8b8c59d51c85cfa6cc595ed4bad1fd75606f8888aef2301555d483fc6599
pair_a9dcd4648d36aa23b51da1c46fd4e35daf767eeffcc4d941ac27d230ec404a11,sp_en_trans,test,entity_7e594cd8ddafceb9af04c74ea623e12e78af45db45c9269f0be4ec9bd0722050,entity_edef7c4cce0f33d69ea525d89caa40f21f74fd630f1611ba29e431412fab63fa,entity_7e594cd8ddafceb9af04c74ea623e12e78af45db45c9269f0be4ec9bd0722050,entity_edef7c4cce0f33d69ea525d89caa40f21f74fd630f1611ba29e431412fab63fa
pair_59851d889326fca9bede8d3bef03136aa92ac6adcc71178854a3e8ca5dcbd1a3,sp_en_trans,test,entity_838b37e3396c1f3b647cb6702af3137f742bcd8023124f339e8f9655364a8225,entity_d7a147fa16de22e133b10d275a3508a4a607e9cbd5b2c67eae312d224edd89f2,entity_838b37e3396c1f3b647cb6702af3137f742bcd8023124f339e8f9655364a8225,entity_d7a147fa16de22e133b10d275a3508a4a607e9cbd5b2c67eae312d224edd89f2
pair_d801c3b375f43137cb7affeef0dbd58ab7b4474be0750553f293e8d276cf9851,sp_en_trans,test,entity_839ed11c23700a4419d6427a8068887637177576416f9bac9b26163d8edbe86d,entity_bfa2fee3ef1d2f37d2b9ea9c83d8f4451c290231ab1aef31395f94c47770d715,entity_839ed11c23700a4419d6427a8068887637177576416f9bac9b26163d8edbe86d,entity_bfa2fee3ef1d2f37d2b9ea9c83d8f4451c290231ab1aef31395f94c47770d715
pair_2b217e394158b604971c76c42b3d08f25c8bca56b27374f69a85ed8b9fa7aaea,sp_en_trans,test,entity_865f8b8c59d51c85cfa6cc595ed4bad1fd75606f8888aef2301555d483fc6599,entity_aea4a2928719dd5151096c110feb8f3f872f5df4df5cf9f163ce21a0348f56a5,entity_865f8b8c59d51c85cfa6cc595ed4bad1fd75606f8888aef2301555d483fc6599,entity_aea4a2928719dd5151096c110feb8f3f872f5df4df5cf9f163ce21a0348f56a5
pair_de5cb152539deaf5323803c944494bef27260adf5bc68b9769e9ec17f667e54e,sp_en_trans,test,entity_865f8b8c59d51c85cfa6cc595ed4bad1fd75606f8888aef2301555d483fc6599,entity_edef7c4cce0f33d69ea525d89caa40f21f74fd630f1611ba29e431412fab63fa,entity_865f8b8c59d51c85cfa6cc595ed4bad1fd75606f8888aef2301555d483fc6599,entity_edef7c4cce0f33d69ea525d89caa40f21f74fd630f1611ba29e431412fab63fa
pair_861241696ab525ae3e5166d9b64392db2dfdc81fb0f2febecf03424aba7f8e8b,sp_en_trans,test,entity_8b6a1979de0cd9274402a56753ece95d514a01dc2f7b9bd8006022d3d5a8d48e,entity_b79eaf955c84a0db6d43c2ea26e969476336166cee2f0390c58dbd80afdafb84,entity_8b6a1979de0cd9274402a56753ece95d514a01dc2f7b9bd8006022d3d5a8d48e,entity_b79eaf955c84a0db6d43c2ea26e969476336166cee2f0390c58dbd80afdafb84
pair_7cf48e306dbb5e2ce3fb69690f09e9adc4cb9335ccc1c4248563acbaba8a3a2d,sp_en_trans,test,entity_8b6a1979de0cd9274402a56753ece95d514a01dc2f7b9bd8006022d3d5a8d48e,entity_d896e86a3902d233787ef583816a68ac9aafec8b4ffb561038e461bd5013fbf6,entity_8b6a1979de0cd9274402a56753ece95d514a01dc2f7b9bd8006022d3d5a8d48e,entity_d896e86a3902d233787ef583816a68ac9aafec8b4ffb561038e461bd5013fbf6
pair_b757143529659b271bcb121eed3c505b0039b40efd5557fe5d3994afbf4f5679,sp_en_trans,test,entity_8b6a1979de0cd9274402a56753ece95d514a01dc2f7b9bd8006022d3d5a8d48e,entity_f27dc054598b1f6bd174c5e2a1efec1421646c222c4fb5b946332c49295035ae,entity_8b6a1979de0cd9274402a56753ece95d514a01dc2f7b9bd8006022d3d5a8d48e,entity_f27dc054598b1f6bd174c5e2a1efec1421646c222c4fb5b946332c49295035ae
pair_7ce6dd6bf7b6f72ec984eccddd6b07f6c37c0cba421c761249f71fb238029e80,sp_en_trans,test,entity_b69eae8b5599ad5b244440921db841ce32d1268b28dfe14d7cb9f65654d421a5,entity_b8108b1f4be5376b9cc2031088d544672883f8f185cc829bbb6c27ddb01c49cd,entity_b69eae8b5599ad5b244440921db841ce32d1268b28dfe14d7cb9f65654d421a5,entity_b8108b1f4be5376b9cc2031088d544672883f8f185cc829bbb6c27ddb01c49cd
pair_6532b5087f320ca616ccf5612dfbcdee13dbea381c73b830ddd3f4c3627d4f5c,sp_en_trans,test,entity_b79eaf955c84a0db6d43c2ea26e969476336166cee2f0390c58dbd80afdafb84,entity_d896e86a3902d233787ef583816a68ac9aafec8b4ffb561038e461bd5013fbf6,entity_b79eaf955c84a0db6d43c2ea26e969476336166cee2f0390c58dbd80afdafb84,entity_d896e86a3902d233787ef583816a68ac9aafec8b4ffb561038e461bd5013fbf6
pair_6310453486a885c2f43bbba21475dcd916da25a63770ded76f1b1c3dc65d9192,sp_en_trans,test,entity_bfa2fee3ef1d2f37d2b9ea9c83d8f4451c290231ab1aef31395f94c47770d715,entity_df73c957cb552342ce208e83f24fb8561d7af835cfe33354ab1f037cc9271042,entity_bfa2fee3ef1d2f37d2b9ea9c83d8f4451c290231ab1aef31395f94c47770d715,entity_df73c957cb552342ce208e83f24fb8561d7af835cfe33354ab1f037cc9271042
pair_2bfbf846f2642601da9c5923ec101e5be57c1518c32041b78c8783719fbca9a3,sp_en_trans,test,entity_d7a147fa16de22e133b10d275a3508a4a607e9cbd5b2c67eae312d224edd89f2,entity_d896e86a3902d233787ef583816a68ac9aafec8b4ffb561038e461bd5013fbf6,entity_d7a147fa16de22e133b10d275a3508a4a607e9cbd5b2c67eae312d224edd89f2,entity_d896e86a3902d233787ef583816a68ac9aafec8b4ffb561038e461bd5013fbf6
pair_66fd1d3ebb4ff98e1a395155906100ca7ae09eff43675692dd429b9ef30d3cc5,sp_en_trans,test,entity_d7a147fa16de22e133b10d275a3508a4a607e9cbd5b2c67eae312d224edd89f2,entity_f27dc054598b1f6bd174c5e2a1efec1421646c222c4fb5b946332c49295035ae,entity_d7a147fa16de22e133b10d275a3508a4a607e9cbd5b2c67eae312d224edd89f2,entity_f27dc054598b1f6bd174c5e2a1efec1421646c222c4fb5b946332c49295035ae
pair_51cc00cb86ff2d9995d56e9cb44af13264bf804bf9d424a669539bee64a061e8,sp_en_trans,test,entity_d896e86a3902d233787ef583816a68ac9aafec8b4ffb561038e461bd5013fbf6,entity_f27dc054598b1f6bd174c5e2a1efec1421646c222c4fb5b946332c49295035ae,entity_d896e86a3902d233787ef583816a68ac9aafec8b4ffb561038e461bd5013fbf6,entity_f27dc054598b1f6bd174c5e2a1efec1421646c222c4fb5b946332c49295035ae
