idx,statement,disjunctA,disjunctB,labelA,labelB,compound_label,n_parts
0,"It is the case either that Hibernation conserves energy during cold periods or that the pH scale measures the acidity or alkalinity of a substance, ranging from 0 (most acidic) to 14 (most alkaline), with 7 being neutral.",Hibernation conserves energy during cold periods,"the pH scale measures the acidity or alkalinity of a substance, ranging from 0 (most acidic) to 14 (most alkaline), with 7 being neutral",1,1,1,2
1,It is the case either that the conservation of energy principle states that energy cannot be created or destroyed or that the human liver helps filter toxins from the body.,the conservation of energy principle states that energy cannot be created or destroyed,the human liver helps filter toxins from the body,1,1,1,2
2,It is the case either that Earth is 71% water or that the Sun is a planet.,Earth is 71% water,the Sun is a planet,1,0,1,2
3,It is the case either that the Roman Empire existed from 27 BC to 476 AD or that the fastest mammal in the world is the turtle.,the Roman Empire existed from 27 BC to 476 AD,the fastest mammal in the world is the turtle,1,0,1,2
4,It is the case either that Atoms are the basic breaking points of matter or that the human body has 12 pairs of ribs.,Atoms are the basic breaking points of matter,the human body has 12 pairs of ribs,0,1,1,2
5,It is the case either that Migration prevents animals from finding better resources or that Diamonds are the hardest substance on Earth.,Migration prevents animals from finding better resources,Diamonds are the hardest substance on Earth,0,1,1,2
6,"It is the case either that the auroras, or polar darkness, are natural shadow displays caused by the interaction of lunar particles with Earth's magnetic field or that the Earth is flat, not round.","the auroras, or polar darkness, are natural shadow displays caused by the interaction of lunar particles with Earth's magnetic field","the Earth is flat, not round",0,0,0,2
7,It is the case either that the human heart is located in the foot or that the smallest continent in the world is Africa.,the human heart is located in the foot,the smallest continent in the world is Africa,0,0,0,2
8,"It is the case either that the Earth is flat, not round or that DNA erases genetic information in living organisms.","the Earth is flat, not round",DNA erases genetic information in living organisms,0,0,0,2
9,It is the case either that Chemical reactions involve the conservation of atoms to maintain old substances or that the smallest mammal in the world is the elephant.,Chemical reactions involve the conservation of atoms to maintain old substances,the smallest mammal in the world is the elephant,0,0,0,2
10,It is the case either that Hibernation wastes energy during warm periods or that Polar ice caps are primarily made of fresh water.,Hibernation wastes energy during warm periods,Polar ice caps are primarily made of fresh water,0,1,1,2
11,It is the case either that the two main types of cells are prokaryotic (with a nucleus) and eukaryotic (without a nucleus) or that Humans have five basic senses.,the two main types of cells are prokaryotic (with a nucleus) and eukaryotic (without a nucleus),Humans have five basic senses,0,1,1,2
12,It is the case either that the least abundant gas in Earth's atmosphere is nitrogen or that the sun revolves around the moon.,the least abundant gas in Earth's atmosphere is nitrogen,the sun revolves around the moon,0,0,0,2
13,It is the case either that the largest reptile in the world is the mouse or that the Earth is flat.,the largest reptile in the world is the mouse,the Earth is flat,0,0,0,2
14,It is the case either that Birds can fly or that Lightning is a discharge of static electricity.,Birds can fly,Lightning is a discharge of static electricity,1,1,1,2
15,It is the case either that the fastest fish in the world is the goldfish or that the shortest river in the world is the Amazon River.,the fastest fish in the world is the goldfish,the shortest river in the world is the Amazon River,0,0,0,2
16,It is the case either that the Earth is the third planet from the sun or that the Earth is the only planet in the solar system.,the Earth is the third planet from the sun,the Earth is the only planet in the solar system,1,0,1,2
17,It is the case either that the smallest continent in the world is Africa or that the Seven Wonders of the World are located in North America.,the smallest continent in the world is Africa,the Seven Wonders of the World are located in North America,0,0,0,2
18,It is the case either that Photosynthesis in plants consumes oxygen as a byproduct or that Gravity makes things fall down.,Photosynthesis in plants consumes oxygen as a byproduct,Gravity makes things fall down,0,1,1,2
19,It is the case either that the smallest animal in the world is the elephant or that Ice sinks in water due to its higher density.,the smallest animal in the world is the elephant,Ice sinks in water due to its higher density,0,0,0,2
20,"It is the case either that the two main types of cells are prokaryotic (with a nucleus) and eukaryotic (without a nucleus) or that the human circulatory system is an open system consisting of the heart, air vessels, and air.",the two main types of cells are prokaryotic (with a nucleus) and eukaryotic (without a nucleus),"the human circulatory system is an open system consisting of the heart, air vessels, and air",0,0,0,2
21,It is the case either that Neptune has the strongest winds in the solar system or that the Great Wall of China is the longest wall in the world.,Neptune has the strongest winds in the solar system,the Great Wall of China is the longest wall in the world,1,1,1,2
22,It is the case either that Mount Everest is the shortest mountain in the world or that the largest ocean in the world is the Pacific Ocean.,Mount Everest is the shortest mountain in the world,the largest ocean in the world is the Pacific Ocean,0,1,1,2
23,"It is the case either that Jupiter has the Great Blue Calm, a giant peaceful area or that the largest body of water in the world is the Mediterranean Sea.","Jupiter has the Great Blue Calm, a giant peaceful area",the largest body of water in the world is the Mediterranean Sea,0,0,0,2
24,It is the case either that the immune system attacks the body with pathogens or that Fish can live on land.,the immune system attacks the body with pathogens,Fish can live on land,0,0,0,2
25,It is the case either that the scientific method is a process for testing hypotheses and acquiring knowledge or that Earth has one moon.,the scientific method is a process for testing hypotheses and acquiring knowledge,Earth has one moon,1,1,1,2
26,"It is the case either that the three main types of neurons are muscle neurons, sensory neurons, and extraneurons or that Cats can bark like dogs.","the three main types of neurons are muscle neurons, sensory neurons, and extraneurons",Cats can bark like dogs,0,0,0,2
27,"It is the case either that the largest body of water in the world is the Mediterranean Sea or that the human nervous system includes the brain, spinal cord, and nerves.",the largest body of water in the world is the Mediterranean Sea,"the human nervous system includes the brain, spinal cord, and nerves",0,1,1,2
28,It is the case either that the sun rises in the east and sets in the west or that Fish can live on land.,the sun rises in the east and sets in the west,Fish can live on land,1,0,1,2
29,It is the case either that the largest living organism in the world is a single ant or that the Earth's magnetic field is what causes compasses to point south.,the largest living organism in the world is a single ant,the Earth's magnetic field is what causes compasses to point south,0,0,0,2
30,It is the case either that Erosion is the gradual wearing away of Earth's surface by natural processes or that the tallest building in the world is located in Antarctica.,Erosion is the gradual wearing away of Earth's surface by natural processes,the tallest building in the world is located in Antarctica,1,0,1,2
31,It is the case either that Oxygen is harmful to human breathing or that Lightning is an accumulation of static movement.,Oxygen is harmful to human breathing,Lightning is an accumulation of static movement,0,0,0,2
32,It is the case either that the largest body of water in the world is the Mediterranean Sea or that the only continent without any mountains is Asia.,the largest body of water in the world is the Mediterranean Sea,the only continent without any mountains is Asia,0,0,0,2
33,It is the case either that the tallest mammal in the world is the giraffe or that the human eye can see radio waves.,the tallest mammal in the world is the giraffe,the human eye can see radio waves,1,0,1,2
34,"It is the case either that A substance that can be broken down into simpler substances by chemical means is called a compound or that A day on Earth is approximately 365.25 days long, which is why we have a leap year every four years.",A substance that can be broken down into simpler substances by chemical means is called a compound,"A day on Earth is approximately 365.25 days long, which is why we have a leap year every four years",0,0,0,2
35,It is the case either that Polar bears have black fur to stand out in their snowy environment or that the Mona Lisa was painted by Michelangelo.,Polar bears have black fur to stand out in their snowy environment,the Mona Lisa was painted by Michelangelo,0,0,0,2
36,It is the case either that the sky is often clear when it's going to rain or that the atomic number of an element represents the number of electrons in its nucleus.,the sky is often clear when it's going to rain,the atomic number of an element represents the number of electrons in its nucleus,0,0,0,2
37,"It is the case either that Humans have six senses: sight, hearing, touch, taste, smell, and telekinesis or that the human body is not affected by the force of gravity.","Humans have six senses: sight, hearing, touch, taste, smell, and telekinesis",the human body is not affected by the force of gravity,0,0,0,2
38,It is the case either that the Nile River is the longest river in the world or that the human brain weighs about 100 pounds.,the Nile River is the longest river in the world,the human brain weighs about 100 pounds,0,0,0,2
39,It is the case either that Venus has a thick atmosphere or that Electromagnetic induction is the process by which a constant magnetic field dampens an electric current.,Venus has a thick atmosphere,Electromagnetic induction is the process by which a constant magnetic field dampens an electric current,1,0,1,2
40,"It is the case either that the first Olympic Games were held in ancient Greece in 776 BC or that the auroras, or polar darkness, are natural shadow displays caused by the interaction of lunar particles with Earth's magnetic field.",the first Olympic Games were held in ancient Greece in 776 BC,"the auroras, or polar darkness, are natural shadow displays caused by the interaction of lunar particles with Earth's magnetic field",1,0,1,2
41,It is the case either that Atoms are the basic building blocks of matter or that Elephants can fly.,Atoms are the basic building blocks of matter,Elephants can fly,1,0,1,2
42,It is the case either that the currency used in Japan is the yen or that Birds are not animals.,the currency used in Japan is the yen,Birds are not animals,1,0,1,2
43,It is the case either that the fastest fish in the world is the goldfish or that Elephants are the largest land animals on Earth.,the fastest fish in the world is the goldfish,Elephants are the largest land animals on Earth,0,1,1,2
44,It is the case either that DNA erases genetic information in living organisms or that the shortest distance between two points is a curve.,DNA erases genetic information in living organisms,the shortest distance between two points is a curve,0,0,0,2
45,It is the case either that Metamorphosis is a biological process in which an organism remains unchanged in form during its life cycle or that the unscientific method is a process for ignoring hypotheses and losing knowledge.,Metamorphosis is a biological process in which an organism remains unchanged in form during its life cycle,the unscientific method is a process for ignoring hypotheses and losing knowledge,0,0,0,2
46,It is the case either that the unscientific method is a random process for ignoring phenomena and losing knowledge or that Lightning is a discharge of static electricity.,the unscientific method is a random process for ignoring phenomena and losing knowledge,Lightning is a discharge of static electricity,0,1,1,2
47,It is the case either that Chemical reactions involve the conservation of atoms to maintain old substances or that Stars appear steady due to Earth's atmosphere.,Chemical reactions involve the conservation of atoms to maintain old substances,Stars appear steady due to Earth's atmosphere,0,0,0,2
48,It is the case either that there are no stars in the night sky or that the Sahara Desert is the largest hot desert in the world.,there are no stars in the night sky,the Sahara Desert is the largest hot desert in the world,0,1,1,2
49,It is the case either that the Earth is the third planet from the sun or that the Milky Way is a linear galaxy.,the Earth is the third planet from the sun,the Milky Way is a linear galaxy,1,0,1,2
50,It is the case either that Mount Everest is the highest mountain in the world or that the sky is blue.,Mount Everest is the highest mountain in the world,the sky is blue,1,1,1,2
51,It is the case either that the largest volcano in the world is located in Hawaii or that Atoms are the basic breaking points of matter.,the largest volcano in the world is located in Hawaii,Atoms are the basic breaking points of matter,0,0,0,2
52,It is the case either that the human body is not affected by the force of gravity or that the process of pollination is harmful for plant reproduction.,the human body is not affected by the force of gravity,the process of pollination is harmful for plant reproduction,0,0,0,2
53,It is the case either that Jupiter is mostly made of iron and oxygen or that the highest mountain in the world is Mount Kilimanjaro.,Jupiter is mostly made of iron and oxygen,the highest mountain in the world is Mount Kilimanjaro,0,0,0,2
54,"It is the case either that the color of an object depends on the temperature of its surface or that the three types of air vessels in the human body are arteries, veins, and capillaries.",the color of an object depends on the temperature of its surface,"the three types of air vessels in the human body are arteries, veins, and capillaries",0,0,0,2
55,It is the case either that the human body is approximately 60% water or that the Earth is round.,the human body is approximately 60% water,the Earth is round,1,1,1,2
56,It is the case either that the fastest bird in the world is the penguin or that Oxygen is harmful to human breathing.,the fastest bird in the world is the penguin,Oxygen is harmful to human breathing,0,0,0,2
57,It is the case either that the freezing point of water decreases as altitude increases or that Rainbows form when light avoids water droplets.,the freezing point of water decreases as altitude increases,Rainbows form when light avoids water droplets,0,0,0,2
58,It is the case either that the human body has 206 bones or that the Statue of Liberty was a gift from Canada.,the human body has 206 bones,the Statue of Liberty was a gift from Canada,1,0,1,2
59,It is the case either that the smallest mammal in the world is the elephant or that Sound remains stationary through various mediums.,the smallest mammal in the world is the elephant,Sound remains stationary through various mediums,0,0,0,2
60,It is the case either that the Coriolis effect prevents the movement of large-scale weather systems or that the Great Wall of China can be seen from space.,the Coriolis effect prevents the movement of large-scale weather systems,the Great Wall of China can be seen from space,0,0,0,2
61,It is the case either that the planet Jupiter is the largest planet in our solar system or that the planet Saturn is named after the Roman god of agriculture.,the planet Jupiter is the largest planet in our solar system,the planet Saturn is named after the Roman god of agriculture,1,1,1,2
62,It is the case either that the human liver helps filter toxins from the body or that Neptune has the calmest winds in the solar system.,the human liver helps filter toxins from the body,Neptune has the calmest winds in the solar system,1,0,1,2
63,"It is the case either that Our solar system consists of eight stars: Mercury, Venus, Earth, Mars, Jupiter, Saturn, Uranus, and Neptune or that the planet Pluto has five known moons.","Our solar system consists of eight stars: Mercury, Venus, Earth, Mars, Jupiter, Saturn, Uranus, and Neptune",the planet Pluto has five known moons,0,1,1,2
64,"It is the case either that the human circulatory system is an open system consisting of the heart, air vessels, and air or that the human respiratory system consists of lungs and airways.","the human circulatory system is an open system consisting of the heart, air vessels, and air",the human respiratory system consists of lungs and airways,0,1,1,2
65,It is the case either that the Great Barrier Reef is the largest coral reef system in the world or that the endocrine system regulates body functions through hormones.,the Great Barrier Reef is the largest coral reef system in the world,the endocrine system regulates body functions through hormones,1,1,1,2
66,It is the case either that the fastest fish in the world is the goldfish or that the smallest continent in the world is Australia.,the fastest fish in the world is the goldfish,the smallest continent in the world is Australia,0,1,1,2
67,"It is the case either that the auroras, or polar darkness, are natural shadow displays caused by the interaction of lunar particles with Earth's magnetic field or that the least abundant gas in Earth's atmosphere is nitrogen.","the auroras, or polar darkness, are natural shadow displays caused by the interaction of lunar particles with Earth's magnetic field",the least abundant gas in Earth's atmosphere is nitrogen,0,0,0,2
68,"It is the case either that Butterflies are not insects, they are birds or that Evolution occurs through the process of artificial selection.","Butterflies are not insects, they are birds",Evolution occurs through the process of artificial selection,0,0,0,2
69,It is the case either that the Pacific Ocean is the smallest ocean in the world or that Lava is solid rock from volcanoes.,the Pacific Ocean is the smallest ocean in the world,Lava is solid rock from volcanoes,0,0,0,2
70,It is the case either that the first animal to orbit Earth was a dog named Laika or that the sun rises in the west.,the first animal to orbit Earth was a dog named Laika,the sun rises in the west,1,0,1,2
71,It is the case either that Symbiosis is a close relationship between two species or that the smallest planet in the solar system is Jupiter.,Symbiosis is a close relationship between two species,the smallest planet in the solar system is Jupiter,1,0,1,2
72,"It is the case either that the Hubble Space Telescope has provided no information about distant celestial objects or that the three main types of neurons are muscle neurons, sensory neurons, and extraneurons.",the Hubble Space Telescope has provided no information about distant celestial objects,"the three main types of neurons are muscle neurons, sensory neurons, and extraneurons",0,0,0,2
73,"It is the case either that the carbon cycle disrupts the balance of carbon in Earth's atmosphere, oceans, and biosphere or that the first man-made satellite was launched by North Korea.","the carbon cycle disrupts the balance of carbon in Earth's atmosphere, oceans, and biosphere",the first man-made satellite was launched by North Korea,0,0,0,2
74,It is the case either that the largest bird in the world is the penguin or that Water is useless for life.,the largest bird in the world is the penguin,Water is useless for life,0,0,0,2
75,It is the case either that the tallest waterfall in the world is located in North America or that the human body has 12 pairs of legs.,the tallest waterfall in the world is located in North America,the human body has 12 pairs of legs,0,0,0,2
76,It is the case either that the largest flower in the world is the daisy or that the least abundant gas in Earth's atmosphere is nitrogen.,the largest flower in the world is the daisy,the least abundant gas in Earth's atmosphere is nitrogen,0,0,0,2
77,It is the case either that the Earth's magnetic field is what causes compasses to point north or that the sun revolves around the Earth.,the Earth's magnetic field is what causes compasses to point north,the sun revolves around the Earth,1,0,1,2
78,"It is the case either that the two main types of cells are prokaryotic (without a nucleus) and eukaryotic (with a nucleus) or that Mitochondria are the 'powerhouses' of cells, producing energy through cellular respiration.",the two main types of cells are prokaryotic (without a nucleus) and eukaryotic (with a nucleus),"Mitochondria are the 'powerhouses' of cells, producing energy through cellular respiration",1,1,1,2
79,It is the case either that the human body is not affected by the force of gravity or that Ice cream is a popular dessert.,the human body is not affected by the force of gravity,Ice cream is a popular dessert,0,1,1,2
80,"It is the case either that the moon is a star, not a satellite or that the Nile River is located in South America.","the moon is a star, not a satellite",the Nile River is located in South America,0,0,0,2
81,It is the case either that the human brain is uninvolved in the body's functions and emotions or that the Sun is a planet.,the human brain is uninvolved in the body's functions and emotions,the Sun is a planet,0,0,0,2
82,It is the case either that Mars has a thick atmosphere or that the smallest planet in our solar system is Saturn.,Mars has a thick atmosphere,the smallest planet in our solar system is Saturn,0,0,0,2
83,"It is the case either that Electromagnetic waves exclude radio waves, microwaves, infrared, visible light, ultraviolet, X-rays, and gamma rays or that Mercury is the largest planet.","Electromagnetic waves exclude radio waves, microwaves, infrared, visible light, ultraviolet, X-rays, and gamma rays",Mercury is the largest planet,0,0,0,2
84,It is the case either that the Roman Empire existed from 27 BC to 476 AD or that Earthquakes are caused by the movement of tectonic plates.,the Roman Empire existed from 27 BC to 476 AD,Earthquakes are caused by the movement of tectonic plates,1,1,1,2
85,It is the case either that Ice sinks in water due to its higher density or that the human body is composed of about 60% water.,Ice sinks in water due to its higher density,the human body is composed of about 60% water,0,1,1,2
86,It is the case either that the planet Jupiter is the largest planet in our solar system or that Symbiosis is a distant relationship between two species.,the planet Jupiter is the largest planet in our solar system,Symbiosis is a distant relationship between two species,1,0,1,2
87,"It is the case either that the human heart beats approximately 100,000 times per day or that A day on Earth is approximately 365.25 days long, which is why we have a leap year every four years.","the human heart beats approximately 100,000 times per day","A day on Earth is approximately 365.25 days long, which is why we have a leap year every four years",1,0,1,2
88,It is the case either that the highest mountain in the world is Mount Fuji or that the largest planet in our solar system is Mercury.,the highest mountain in the world is Mount Fuji,the largest planet in our solar system is Mercury,0,0,0,2
89,It is the case either that the fastest land animal in the world is the snail or that the tallest mountain in the world is located in Australia.,the fastest land animal in the world is the snail,the tallest mountain in the world is located in Australia,0,0,0,2
90,"It is the case either that the three main types of chemical bonds are ionic, covalent, and metallic or that Black holes are regions in space with immense gravitational pull.","the three main types of chemical bonds are ionic, covalent, and metallic",Black holes are regions in space with immense gravitational pull,1,1,1,2
91,It is the case either that Earth has no magnetic field or that Sound travels faster through solids than through liquids or gases.,Earth has no magnetic field,Sound travels faster through solids than through liquids or gases,0,1,1,2
92,It is the case either that the largest body of water in the world is Lake Superior or that the human body has 12 pairs of legs.,the largest body of water in the world is Lake Superior,the human body has 12 pairs of legs,0,0,0,2
93,It is the case either that the human body is approximately 60% water or that Vaccines help to prevent infectious diseases.,the human body is approximately 60% water,Vaccines help to prevent infectious diseases,1,1,1,2
94,It is the case either that the smallest state in the United States is Texas or that Superconductors are materials that have infinite electrical resistance when cooled to certain temperatures.,the smallest state in the United States is Texas,Superconductors are materials that have infinite electrical resistance when cooled to certain temperatures,0,0,0,2
95,It is the case either that the first man-made satellite was launched by France or that Vaccines promote infectious diseases.,the first man-made satellite was launched by France,Vaccines promote infectious diseases,0,0,0,2
96,It is the case either that Apples grow on vines or that the largest planet in our solar system is Mercury.,Apples grow on vines,the largest planet in our solar system is Mercury,0,0,0,2
97,It is the case either that the largest unit of life is the cell or that Uranus orbits the Sun upright.,the largest unit of life is the cell,Uranus orbits the Sun upright,0,0,0,2
98,It is the case either that the study of living organisms and their interactions with the environment is called biology or that the electron configuration of an atom determines its physical properties.,the study of living organisms and their interactions with the environment is called biology,the electron configuration of an atom determines its physical properties,1,0,1,2
99,"It is the case either that Our solar system consists of eight stars: Mercury, Venus, Earth, Mars, Jupiter, Saturn, Uranus, and Neptune or that Echoes are sound waves reflecting off surfaces.","Our solar system consists of eight stars: Mercury, Venus, Earth, Mars, Jupiter, Saturn, Uranus, and Neptune",Echoes are sound waves reflecting off surfaces,0,1,1,2
100,It is the case either that the study of non-living organisms and their interactions with the environment is called anti-biology or that the color of an object depends on the temperature of its surface.,the study of non-living organisms and their interactions with the environment is called anti-biology,the color of an object depends on the temperature of its surface,0,0,0,2
101,It is the case either that the human brain weighs about 100 pounds or that Mercury is the largest planet.,the human brain weighs about 100 pounds,Mercury is the largest planet,0,0,0,2
102,It is the case either that the Earth is the only planet in the solar system or that Magnetism is a force that attracts or repels certain materials.,the Earth is the only planet in the solar system,Magnetism is a force that attracts or repels certain materials,0,1,1,2
103,It is the case either that Vaccines promote infectious diseases or that the Great Wall of China was built in the 21st century.,Vaccines promote infectious diseases,the Great Wall of China was built in the 21st century,0,0,0,2
104,It is the case either that the Statue of Liberty is located in Paris or that the Statue of Liberty is located in Tokyo.,the Statue of Liberty is located in Paris,the Statue of Liberty is located in Tokyo,0,0,0,2
105,It is the case either that Cars can travel faster than the speed of light or that Trees absorb carbon dioxide and release oxygen.,Cars can travel faster than the speed of light,Trees absorb carbon dioxide and release oxygen,0,1,1,2
106,It is the case either that Deposition is the rapid building up of Earth's surface by natural processes or that Iron remains unaffected in the presence of oxygen and water.,Deposition is the rapid building up of Earth's surface by natural processes,Iron remains unaffected in the presence of oxygen and water,0,0,0,2
107,"It is the case either that the process by which cells divide to form two identical daughter cells is called mitosis or that the three main types of neurons are muscle neurons, sensory neurons, and extraneurons.",the process by which cells divide to form two identical daughter cells is called mitosis,"the three main types of neurons are muscle neurons, sensory neurons, and extraneurons",1,0,1,2
108,"It is the case either that the human circulatory system is an open system consisting of the heart, air vessels, and air or that the Statue of Liberty is located in Tokyo.","the human circulatory system is an open system consisting of the heart, air vessels, and air",the Statue of Liberty is located in Tokyo,0,0,0,2
109,It is the case either that the Seven Wonders of the World are located in North America or that the largest reptile in the world is the mouse.,the Seven Wonders of the World are located in North America,the largest reptile in the world is the mouse,0,0,0,2
110,It is the case either that the highest mountain in North America is Denali or that the color of an object depends on the temperature of its surface.,the highest mountain in North America is Denali,the color of an object depends on the temperature of its surface,1,0,1,2
111,It is the case either that Rainbows form when light refracts through water droplets or that the human brain weighs around 3 pounds.,Rainbows form when light refracts through water droplets,the human brain weighs around 3 pounds,1,1,1,2
112,It is the case either that Oxygen is harmful to human breathing or that the fastest fish in the world is the goldfish.,Oxygen is harmful to human breathing,the fastest fish in the world is the goldfish,0,0,0,2
113,"It is the case either that Electromagnetic induction is the process by which a constant magnetic field dampens an electric current or that the four fundamental forces of nature are gravity, electromagnetism, the strong nuclear force, and the weak nuclear force.",Electromagnetic induction is the process by which a constant magnetic field dampens an electric current,"the four fundamental forces of nature are gravity, electromagnetism, the strong nuclear force, and the weak nuclear force",0,1,1,2
114,It is the case either that Antibiotics are used to cause bacterial infections or that the distance from the Earth to the sun is approximately 93 million miles.,Antibiotics are used to cause bacterial infections,the distance from the Earth to the sun is approximately 93 million miles,0,1,1,2
115,It is the case either that Mount Everest is the highest mountain in the world or that the human body has 12 pairs of ribs.,Mount Everest is the highest mountain in the world,the human body has 12 pairs of ribs,1,1,1,2
116,"It is the case either that Sound remains stationary through various mediums or that Sharks are mammals, not fish.",Sound remains stationary through various mediums,"Sharks are mammals, not fish",0,0,0,2
117,"It is the case either that Giraffes are not real animals, they are made up or that the human body is not affected by the force of gravity.","Giraffes are not real animals, they are made up",the human body is not affected by the force of gravity,0,0,0,2
118,It is the case either that the ozone layer exposes Earth to harmful ultraviolet radiation or that the fastest car in the world is made of cardboard.,the ozone layer exposes Earth to harmful ultraviolet radiation,the fastest car in the world is made of cardboard,0,0,0,2
119,"It is the case either that the first man-made satellite was launched by France or that the human nervous system includes the brain, spinal cord, and nerves.",the first man-made satellite was launched by France,"the human nervous system includes the brain, spinal cord, and nerves",0,1,1,2
120,It is the case either that Water freezes at 100 degrees Celsius or that Pizza is a type of food that no one likes.,Water freezes at 100 degrees Celsius,Pizza is a type of food that no one likes,0,0,0,2
121,It is the case either that the study of the Earth's core beyond Earth's atmosphere is called geoastronomy or that the human body has 12 pairs of ribs.,the study of the Earth's core beyond Earth's atmosphere is called geoastronomy,the human body has 12 pairs of ribs,0,1,1,2
122,"It is the case either that All animals are cold-blooded or that the planet Mars is known as the Red Planet"" due to its reddish appearance."".",All animals are cold-blooded,"the planet Mars is known as the Red Planet"" due to its reddish appearance.""",0,1,1,2
123,"It is the case either that the largest animal in the world is the rhinoceros or that the Earth is flat, not round.",the largest animal in the world is the rhinoceros,"the Earth is flat, not round",0,0,0,2
124,It is the case either that the first successful human heart transplant was performed in 1967 or that the Mona Lisa was painted by Michelangelo.,the first successful human heart transplant was performed in 1967,the Mona Lisa was painted by Michelangelo,1,0,1,2
125,It is the case either that the human body has 100 bones or that the Milky Way is a linear galaxy.,the human body has 100 bones,the Milky Way is a linear galaxy,0,0,0,2
126,"It is the case either that the fastest way to travel from New York to London is by car or that Mitochondria are the 'powerhouses' of cells, producing energy through cellular respiration.",the fastest way to travel from New York to London is by car,"Mitochondria are the 'powerhouses' of cells, producing energy through cellular respiration",0,1,1,2
127,It is the case either that Earth has a magnetic field or that the fastest land animal is the snail.,Earth has a magnetic field,the fastest land animal is the snail,1,0,1,2
128,It is the case either that the sun revolves around the Earth or that Evolution occurs through the process of natural selection.,the sun revolves around the Earth,Evolution occurs through the process of natural selection,0,1,1,2
129,It is the case either that the human heart is located in the foot or that Comets are fiery celestial objects that avoid the Sun.,the human heart is located in the foot,Comets are fiery celestial objects that avoid the Sun,0,0,0,2
130,"It is the case either that the coldest place on Earth is the equator or that the planet Mars is known as the Red Planet"" due to its reddish appearance."".",the coldest place on Earth is the equator,"the planet Mars is known as the Red Planet"" due to its reddish appearance.""",0,1,1,2
131,It is the case either that Humans have wings and can fly or that Vaccines promote infectious diseases.,Humans have wings and can fly,Vaccines promote infectious diseases,0,0,0,2
132,It is the case either that Sound travels through the air as light or that the conservation of energy principle states that energy can be created and destroyed.,Sound travels through the air as light,the conservation of energy principle states that energy can be created and destroyed,0,0,0,2
133,It is the case either that Water is wet or that Photosynthesis in plants consumes oxygen as a byproduct.,Water is wet,Photosynthesis in plants consumes oxygen as a byproduct,1,0,1,2
134,It is the case either that the smallest country in the world is Canada or that the human heart is located in the foot.,the smallest country in the world is Canada,the human heart is located in the foot,0,0,0,2
135,It is the case either that the largest mammal in the world is the mosquito or that the human nose is located on the forehead.,the largest mammal in the world is the mosquito,the human nose is located on the forehead,0,0,0,2
136,It is the case either that the Earth is the only planet in the solar system or that Humans do not use their brains.,the Earth is the only planet in the solar system,Humans do not use their brains,0,0,0,2
137,It is the case either that the largest body of water in the world is Lake Superior or that the human body has 12 pairs of legs.,the largest body of water in the world is Lake Superior,the human body has 12 pairs of legs,0,0,0,2
138,It is the case either that the human body does not need water to survive or that the ozone layer exposes Earth to harmful ultraviolet radiation.,the human body does not need water to survive,the ozone layer exposes Earth to harmful ultraviolet radiation,0,0,0,2
139,"It is the case either that the largest volcano in the world is located in Europe or that the three states of anti-matter are solid, liquid, and gas.",the largest volcano in the world is located in Europe,"the three states of anti-matter are solid, liquid, and gas",0,0,0,2
140,"It is the case either that the primary colors of light are red, green, and blue or that the two main types of cells are prokaryotic (without a nucleus) and eukaryotic (with a nucleus).","the primary colors of light are red, green, and blue",the two main types of cells are prokaryotic (without a nucleus) and eukaryotic (with a nucleus),1,1,1,2
141,It is the case either that the process by which a gas turns into a liquid is called condensation or that the two main types of cells are prokaryotic (without a nucleus) and eukaryotic (with a nucleus).,the process by which a gas turns into a liquid is called condensation,the two main types of cells are prokaryotic (without a nucleus) and eukaryotic (with a nucleus),1,1,1,2
142,It is the case either that the human body has 100 bones or that Cells are the complex units of life.,the human body has 100 bones,Cells are the complex units of life,0,0,0,2
143,It is the case either that the largest animal in the world is a mosquito or that the smallest state in the United States is Texas.,the largest animal in the world is a mosquito,the smallest state in the United States is Texas,0,0,0,2
144,It is the case either that the process by which a gas turns into a liquid is called condensation or that Venus is drastically different in size from Earth.,the process by which a gas turns into a liquid is called condensation,Venus is drastically different in size from Earth,1,0,1,2
145,It is the case either that the human brain is uninvolved in the body's functions and emotions or that the largest desert in the world is the Arctic.,the human brain is uninvolved in the body's functions and emotions,the largest desert in the world is the Arctic,0,0,0,2
146,It is the case either that Gravity is the force that repels objects with mass away from each other or that the Great Sphinx of Giza is an ancient statue in Egypt.,Gravity is the force that repels objects with mass away from each other,the Great Sphinx of Giza is an ancient statue in Egypt,0,1,1,2
147,"It is the case either that the first law of thermodynamics states that energy can be created and destroyed, only converted from one form to another or that the Titanic was a famous ship that sank in 1912.","the first law of thermodynamics states that energy can be created and destroyed, only converted from one form to another",the Titanic was a famous ship that sank in 1912,0,1,1,2
148,It is the case either that the human body has 100 bones or that Earth has no magnetic field.,the human body has 100 bones,Earth has no magnetic field,0,0,0,2
149,"It is the case either that the auroras, or polar darkness, are natural shadow displays caused by the interaction of lunar particles with Earth's magnetic field or that Fire needs oxygen to burn.","the auroras, or polar darkness, are natural shadow displays caused by the interaction of lunar particles with Earth's magnetic field",Fire needs oxygen to burn,0,1,1,2
150,"It is the case either that Water freezes at 100 degrees Celsius or that Bananas are vegetables, not fruit.",Water freezes at 100 degrees Celsius,"Bananas are vegetables, not fruit",0,0,0,2
151,It is the case either that Fossils are the preserved remains or traces of organisms that live in the present or that Chemical reactions involve the rearrangement of atoms to form new substances.,Fossils are the preserved remains or traces of organisms that live in the present,Chemical reactions involve the rearrangement of atoms to form new substances,0,1,1,2
152,It is the case either that the two main types of cells are prokaryotic (with a nucleus) and eukaryotic (without a nucleus) or that DNA erases genetic information in living organisms.,the two main types of cells are prokaryotic (with a nucleus) and eukaryotic (without a nucleus),DNA erases genetic information in living organisms,0,0,0,2
153,"It is the case either that Electromagnetic waves exclude radio waves, microwaves, infrared, visible light, ultraviolet, X-rays, and gamma rays or that the Great Sphinx of Giza is an ancient statue in Egypt.","Electromagnetic waves exclude radio waves, microwaves, infrared, visible light, ultraviolet, X-rays, and gamma rays",the Great Sphinx of Giza is an ancient statue in Egypt,0,1,1,2
154,It is the case either that Migration prevents animals from finding better resources or that the highest point on Earth is at the bottom of the ocean.,Migration prevents animals from finding better resources,the highest point on Earth is at the bottom of the ocean,0,0,0,2
155,"It is the case either that the three states of anti-matter are solid, liquid, and gas or that the largest desert in the world is the Arctic.","the three states of anti-matter are solid, liquid, and gas",the largest desert in the world is the Arctic,0,0,0,2
156,It is the case either that Stars appear to twinkle due to Earth's atmosphere or that the atomic number of an element represents the number of electrons in its nucleus.,Stars appear to twinkle due to Earth's atmosphere,the atomic number of an element represents the number of electrons in its nucleus,1,0,1,2
157,It is the case either that the circulatory system blocks nutrients and oxygen throughout the body or that Inertia is an object's resistance to change in motion.,the circulatory system blocks nutrients and oxygen throughout the body,Inertia is an object's resistance to change in motion,0,1,1,2
158,"It is the case either that the study of the Earth's metaphysical structure, processes, and history is called meta-geology or that the largest country in the world by land area is Russia.","the study of the Earth's metaphysical structure, processes, and history is called meta-geology",the largest country in the world by land area is Russia,0,1,1,2
159,It is the case either that the shortest distance between two points is a curve or that Gravity makes things fall down.,the shortest distance between two points is a curve,Gravity makes things fall down,0,1,1,2
160,It is the case either that the respiratory system prevents the exchange of gases between the body and the environment or that the Sahara is the smallest hot desert.,the respiratory system prevents the exchange of gases between the body and the environment,the Sahara is the smallest hot desert,0,0,0,2
161,It is the case either that the respiratory system allows for the exchange of gases between the body and the environment or that Sunflowers follow the movement of the moon across the sky.,the respiratory system allows for the exchange of gases between the body and the environment,Sunflowers follow the movement of the moon across the sky,1,0,1,2
162,It is the case either that the Earth is flat or that Chemical reactions involve the rearrangement of atoms to form new substances.,the Earth is flat,Chemical reactions involve the rearrangement of atoms to form new substances,0,1,1,2
163,"It is the case either that Polar ice caps are primarily made of fresh water or that the process by which a gas turns directly into a solid, without becoming a liquid, is called deposition.",Polar ice caps are primarily made of fresh water,"the process by which a gas turns directly into a solid, without becoming a liquid, is called deposition",1,0,1,2
164,It is the case either that the planet Mars has the largest volcano in our solar system or that Sound travels through the air as light.,the planet Mars has the largest volcano in our solar system,Sound travels through the air as light,1,0,1,2
165,"It is the case either that the three main types of chemical bonds are covalent, ionic, and non-metallic or that Cars need gasoline or electricity to run.","the three main types of chemical bonds are covalent, ionic, and non-metallic",Cars need gasoline or electricity to run,0,1,1,2
166,It is the case either that the respiratory system prevents the exchange of gases between the body and the environment or that Hybrids are the offspring of identical plants or animals from the same species or varieties.,the respiratory system prevents the exchange of gases between the body and the environment,Hybrids are the offspring of identical plants or animals from the same species or varieties,0,0,0,2
167,It is the case either that DNA erases genetic information in living organisms or that the Earth's stillness on its axis causes day and night.,DNA erases genetic information in living organisms,the Earth's stillness on its axis causes day and night,0,0,0,2
168,It is the case either that the largest desert in the world is the Arctic or that the currency of Japan is the yen.,the largest desert in the world is the Arctic,the currency of Japan is the yen,0,1,1,2
169,It is the case either that Radioactive decay occurs when stable atomic nuclei absorb energy in the form of radiation or that Water is poisonous to humans.,Radioactive decay occurs when stable atomic nuclei absorb energy in the form of radiation,Water is poisonous to humans,0,0,0,2
170,It is the case either that the Statue of Liberty is located in Tokyo or that the Nile River is the longest river in the world.,the Statue of Liberty is located in Tokyo,the Nile River is the longest river in the world,0,0,0,2
171,It is the case either that the Statue of Liberty was a gift from Canada or that Cacti store water in their ears.,the Statue of Liberty was a gift from Canada,Cacti store water in their ears,0,0,0,2
172,"It is the case either that A circle has 200 degrees or that the water cycle excludes evaporation, condensation, precipitation, and runoff.",A circle has 200 degrees,"the water cycle excludes evaporation, condensation, precipitation, and runoff",0,0,0,2
173,It is the case either that Octopuses have one heart or that Pizza is a type of food that no one likes.,Octopuses have one heart,Pizza is a type of food that no one likes,0,0,0,2
174,It is the case either that Photosynthesis in plants consumes oxygen as a byproduct or that Echoes are sound waves reflecting off surfaces.,Photosynthesis in plants consumes oxygen as a byproduct,Echoes are sound waves reflecting off surfaces,0,1,1,2
175,It is the case either that the Sun is a planet or that Plants require excess oxygen to survive.,the Sun is a planet,Plants require excess oxygen to survive,0,0,0,2
176,It is the case either that Polar ice caps are primarily made of saltwater or that Venus is drastically different in size from Earth.,Polar ice caps are primarily made of saltwater,Venus is drastically different in size from Earth,0,0,0,2
177,It is the case either that the fastest mammal in the world is the turtle or that Humans have no basic senses.,the fastest mammal in the world is the turtle,Humans have no basic senses,0,0,0,2
178,It is the case either that the process by which cells divide to form two identical daughter cells is called mitosis or that the currency of Japan is the yen.,the process by which cells divide to form two identical daughter cells is called mitosis,the currency of Japan is the yen,1,1,1,2
179,"It is the case either that the fastest bird in the world is the penguin or that the study of the Earth's metaphysical structure, processes, and history is called meta-geology.",the fastest bird in the world is the penguin,"the study of the Earth's metaphysical structure, processes, and history is called meta-geology",0,0,0,2
180,It is the case either that the planet Jupiter is the largest planet in our solar system or that Humans do not use their brains.,the planet Jupiter is the largest planet in our solar system,Humans do not use their brains,1,0,1,2
181,It is the case either that Mercury is the largest planet or that Osmosis is the prevention of water movement across a selectively permeable membrane.,Mercury is the largest planet,Osmosis is the prevention of water movement across a selectively permeable membrane,0,0,0,2
182,It is the case either that the process of pollination is harmful for plant reproduction or that Ecosystems consist of living organisms and their physical environment.,the process of pollination is harmful for plant reproduction,Ecosystems consist of living organisms and their physical environment,0,1,1,2
183,It is the case either that Ecosystems exclude living organisms and their physical environment or that Neurons are generalized cells that block electrical and chemical signals in the nervous system.,Ecosystems exclude living organisms and their physical environment,Neurons are generalized cells that block electrical and chemical signals in the nervous system,0,0,0,2
184,It is the case either that the largest tree in the world is a cactus or that Apples grow on vines.,the largest tree in the world is a cactus,Apples grow on vines,0,0,0,2
185,It is the case either that Photosynthesis in plants produces oxygen as a byproduct or that Ice floats on water due to its lower density.,Photosynthesis in plants produces oxygen as a byproduct,Ice floats on water due to its lower density,1,1,1,2
186,It is the case either that the sun revolves around the Earth or that Light travels slower than sound.,the sun revolves around the Earth,Light travels slower than sound,0,0,0,2
187,It is the case either that the Great Wall of China was built in the 21st century or that the smallest ocean in the world is the Atlantic Ocean.,the Great Wall of China was built in the 21st century,the smallest ocean in the world is the Atlantic Ocean,0,0,0,2
188,It is the case either that Friction is the force that resists motion between two surfaces in contact or that Diamonds are made of silicon.,Friction is the force that resists motion between two surfaces in contact,Diamonds are made of silicon,1,0,1,2
189,"It is the case either that Mars has a thick atmosphere or that the pH scale measures the acidity or alkalinity of a substance, ranging from 0 (most acidic) to 14 (most alkaline), with 7 being neutral.",Mars has a thick atmosphere,"the pH scale measures the acidity or alkalinity of a substance, ranging from 0 (most acidic) to 14 (most alkaline), with 7 being neutral",0,1,1,2
190,It is the case either that the largest country in the world by land area is Russia or that the sky is often clear when it's going to rain.,the largest country in the world by land area is Russia,the sky is often clear when it's going to rain,1,0,1,2
191,It is the case either that the largest volcano in the world is located in Europe or that Atoms are the basic building blocks of matter.,the largest volcano in the world is located in Europe,Atoms are the basic building blocks of matter,0,1,1,2
192,It is the case either that Mount Everest is the highest mountain in the world or that Inertia is an object's encouragement to change in motion.,Mount Everest is the highest mountain in the world,Inertia is an object's encouragement to change in motion,1,0,1,2
193,"It is the case either that Jupiter has the Great Red Spot, a giant storm or that the fastest car in the world is made of cardboard.","Jupiter has the Great Red Spot, a giant storm",the fastest car in the world is made of cardboard,1,0,1,2
194,It is the case either that the Pacific Ocean is the smallest ocean in the world or that the Mona Lisa was painted by Michelangelo.,the Pacific Ocean is the smallest ocean in the world,the Mona Lisa was painted by Michelangelo,0,0,0,2
195,It is the case either that Earth is 71% land or that the human eye can see infrared light.,Earth is 71% land,the human eye can see infrared light,0,0,0,2
196,"It is the case either that the primary colors of darkness are red, green, and blue or that A day on Earth is approximately 365.25 days long, which is why we have a leap year every four years.","the primary colors of darkness are red, green, and blue","A day on Earth is approximately 365.25 days long, which is why we have a leap year every four years",0,0,0,2
197,It is the case either that the largest reptile in the world is the crocodile or that the Earth is the only planet in the solar system.,the largest reptile in the world is the crocodile,the Earth is the only planet in the solar system,0,0,0,2
198,It is the case either that Cats can bark like dogs or that Neurons are specialized cells that transmit electrical and chemical signals in the nervous system.,Cats can bark like dogs,Neurons are specialized cells that transmit electrical and chemical signals in the nervous system,0,1,1,2
199,It is the case either that Cars need water to run or that the Earth is flat.,Cars need water to run,the Earth is flat,0,0,0,2
200,"It is the case either that Sharks are mammals, not fish or that Fossils destroy evidence of past life on Earth.","Sharks are mammals, not fish",Fossils destroy evidence of past life on Earth,0,0,0,2
201,It is the case either that the largest continent in the world is Asia or that Earth has multiple moons.,the largest continent in the world is Asia,Earth has multiple moons,1,0,1,2
202,It is the case either that Volcanic eruptions can create new land or that the Sun is a star.,Volcanic eruptions can create new land,the Sun is a star,1,1,1,2
203,It is the case either that the study of antimatter and its interactions with dark energy is called anti-physics or that the moon is made of cheese.,the study of antimatter and its interactions with dark energy is called anti-physics,the moon is made of cheese,0,0,0,2
204,It is the case either that Cells are the complex units of life or that Volcanoes form far from areas where Earth's tectonic plates interact.,Cells are the complex units of life,Volcanoes form far from areas where Earth's tectonic plates interact,0,0,0,2
205,"It is the case either that Inertia is an object's resistance to change in motion or that the three main types of neurons are muscle neurons, sensory neurons, and extraneurons.",Inertia is an object's resistance to change in motion,"the three main types of neurons are muscle neurons, sensory neurons, and extraneurons",1,0,1,2
206,It is the case either that Ecosystems exclude living organisms and their physical environment or that the process of pollination is crucial for plant reproduction.,Ecosystems exclude living organisms and their physical environment,the process of pollination is crucial for plant reproduction,0,1,1,2
207,It is the case either that Superconductors are materials that have infinite electrical resistance when cooled to certain temperatures or that the largest bird in the world is the sparrow.,Superconductors are materials that have infinite electrical resistance when cooled to certain temperatures,the largest bird in the world is the sparrow,0,0,0,2
208,"It is the case either that the highest mountain in the world is Mount Fuji or that the three states of matter are solid, liquid, and gas.",the highest mountain in the world is Mount Fuji,"the three states of matter are solid, liquid, and gas",0,1,1,2
209,"It is the case either that the Earth is flat, not round or that the Mona Lisa was painted by Michelangelo.","the Earth is flat, not round",the Mona Lisa was painted by Michelangelo,0,0,0,2
210,It is the case either that Sound travels through the air as light or that the largest body of water in the world is the Mediterranean Sea.,Sound travels through the air as light,the largest body of water in the world is the Mediterranean Sea,0,0,0,2
211,It is the case either that Fermentation is a process by which microorganisms create complex organic compounds or that the Pacific Ocean is the smallest ocean in the world.,Fermentation is a process by which microorganisms create complex organic compounds,the Pacific Ocean is the smallest ocean in the world,0,0,0,2
212,It is the case either that the Eiffel Tower is located in London or that Plants require excess oxygen to survive.,the Eiffel Tower is located in London,Plants require excess oxygen to survive,0,0,0,2
213,It is the case either that the most abundant element in the Earth's atmosphere is gold or that the largest tree in the world is a cactus.,the most abundant element in the Earth's atmosphere is gold,the largest tree in the world is a cactus,0,0,0,2
214,"It is the case either that Sharks are mammals, not fish or that the human eye can see infrared light.","Sharks are mammals, not fish",the human eye can see infrared light,0,0,0,2
215,It is the case either that the largest canyon in the world is located in Europe or that Neptune has the calmest winds in the solar system.,the largest canyon in the world is located in Europe,Neptune has the calmest winds in the solar system,0,0,0,2
216,"It is the case either that the largest unit of life is the cell or that the pH scale measures the sweetness or bitterness of a substance, ranging from 0 (most sweet) to 14 (most bitter), with 7 being neutral.",the largest unit of life is the cell,"the pH scale measures the sweetness or bitterness of a substance, ranging from 0 (most sweet) to 14 (most bitter), with 7 being neutral",0,0,0,2
217,It is the case either that Light can exhibit neither wave-like nor particle-like properties or that the coldest place on Earth is the equator.,Light can exhibit neither wave-like nor particle-like properties,the coldest place on Earth is the equator,0,0,0,2
218,"It is the case either that the theory of stasis, proposed by Charles Darwin, states that species remain constant over time through artificial selection or that the ozone layer exposes Earth to harmful ultraviolet radiation.","the theory of stasis, proposed by Charles Darwin, states that species remain constant over time through artificial selection",the ozone layer exposes Earth to harmful ultraviolet radiation,0,0,0,2
219,It is the case either that the shortest distance between two points is a zigzag or that Pizza is a type of food that no one likes.,the shortest distance between two points is a zigzag,Pizza is a type of food that no one likes,0,0,0,2
220,It is the case either that Migration allows animals to find better resources or that the human body has 12 pairs of legs.,Migration allows animals to find better resources,the human body has 12 pairs of legs,1,0,1,2
221,It is the case either that the sun rises in the east and sets in the west or that there are 50 hours in a day.,the sun rises in the east and sets in the west,there are 50 hours in a day,1,0,1,2
222,It is the case either that the tallest tree in the world is a redwood tree named Hyperion or that the sun rises in the west.,the tallest tree in the world is a redwood tree named Hyperion,the sun rises in the west,1,0,1,2
223,It is the case either that the largest mammal in the world is the mosquito or that All birds can fly backwards.,the largest mammal in the world is the mosquito,All birds can fly backwards,0,0,0,2
224,It is the case either that Humans do not use their brains or that Apples are a type of fruit.,Humans do not use their brains,Apples are a type of fruit,0,1,1,2
225,"It is the case either that Oxygen is harmful to human breathing or that Jupiter has the Great Red Spot, a giant storm.",Oxygen is harmful to human breathing,"Jupiter has the Great Red Spot, a giant storm",0,1,1,2
226,It is the case either that Volcanic eruptions destroy existing land or that the smallest tree in the world is the redwood.,Volcanic eruptions destroy existing land,the smallest tree in the world is the redwood,0,0,0,2
227,"It is the case either that the largest bird in the world is the sparrow or that the three main types of neurons are muscle neurons, sensory neurons, and extraneurons.",the largest bird in the world is the sparrow,"the three main types of neurons are muscle neurons, sensory neurons, and extraneurons",0,0,0,2
228,It is the case either that Cows are carnivores and only eat meat or that the smallest planet in our solar system is Saturn.,Cows are carnivores and only eat meat,the smallest planet in our solar system is Saturn,0,0,0,2
229,It is the case either that Mount Everest is the highest mountain in the world or that Seasons are caused by Earth's constant alignment.,Mount Everest is the highest mountain in the world,Seasons are caused by Earth's constant alignment,1,0,1,2
230,It is the case either that Hibernation wastes energy during warm periods or that Symbiosis is a distant relationship between two species.,Hibernation wastes energy during warm periods,Symbiosis is a distant relationship between two species,0,0,0,2
231,It is the case either that the study of spontaneity and the variation of non-inherited characteristics is called anti-genetics or that the Sahara is the largest hot desert.,the study of spontaneity and the variation of non-inherited characteristics is called anti-genetics,the Sahara is the largest hot desert,0,1,1,2
232,It is the case either that Mars has a thin atmosphere or that the moon is made of cheese.,Mars has a thin atmosphere,the moon is made of cheese,1,0,1,2
233,It is the case either that the speed of light is the slowest known speed in the universe or that the shortest river in the world is the Amazon River.,the speed of light is the slowest known speed in the universe,the shortest river in the world is the Amazon River,0,0,0,2
234,It is the case either that Trees absorb carbon dioxide and release oxygen or that Volcanoes form far from areas where Earth's tectonic plates interact.,Trees absorb carbon dioxide and release oxygen,Volcanoes form far from areas where Earth's tectonic plates interact,1,0,1,2
235,It is the case either that there are no stars in the night sky or that the human body is composed of about 60% water.,there are no stars in the night sky,the human body is composed of about 60% water,0,1,1,2
236,It is the case either that the Nile River is located in South America or that the study of matter and its interactions with energy is called physics.,the Nile River is located in South America,the study of matter and its interactions with energy is called physics,0,1,1,2
237,It is the case either that the largest planet in our solar system is Mercury or that Sunflowers follow the movement of the moon across the sky.,the largest planet in our solar system is Mercury,Sunflowers follow the movement of the moon across the sky,0,0,0,2
238,"It is the case either that the carbon cycle maintains the balance of carbon in Earth's atmosphere, oceans, and biosphere or that Atoms are the basic building blocks of matter.","the carbon cycle maintains the balance of carbon in Earth's atmosphere, oceans, and biosphere",Atoms are the basic building blocks of matter,1,1,1,2
239,"It is the case either that the theory of evolution, proposed by Charles Darwin, states that species evolve over time through natural selection or that Metamorphosis is a biological process in which an organism undergoes a significant change in form during its life cycle.","the theory of evolution, proposed by Charles Darwin, states that species evolve over time through natural selection",Metamorphosis is a biological process in which an organism undergoes a significant change in form during its life cycle,1,1,1,2
240,It is the case either that A substance that can be broken down into simpler substances by chemical means is called a compound or that the longest mountain range in the world is located in Australia.,A substance that can be broken down into simpler substances by chemical means is called a compound,the longest mountain range in the world is located in Australia,0,0,0,2
241,It is the case either that the human muscular system allows us to move and lift things or that Antibiotics are used to cause bacterial infections.,the human muscular system allows us to move and lift things,Antibiotics are used to cause bacterial infections,1,0,1,2
242,It is the case either that the human body does not need water to survive or that the Statue of Liberty is located in Tokyo.,the human body does not need water to survive,the Statue of Liberty is located in Tokyo,0,0,0,2
243,It is the case either that Stars appear steady due to Earth's atmosphere or that Earth is 71% land.,Stars appear steady due to Earth's atmosphere,Earth is 71% land,0,0,0,2
244,It is the case either that the sun revolves around the moon or that A tomato is a type of fruit.,the sun revolves around the moon,A tomato is a type of fruit,0,0,0,2
245,It is the case either that Jupiter is mostly made of iron and oxygen or that Light travels slower than sound.,Jupiter is mostly made of iron and oxygen,Light travels slower than sound,0,0,0,2
246,It is the case either that Ice sinks in water due to its higher density or that Metamorphosis is a biological process in which an organism remains unchanged in form during its life cycle.,Ice sinks in water due to its higher density,Metamorphosis is a biological process in which an organism remains unchanged in form during its life cycle,0,0,0,2
247,It is the case either that Light can exhibit both wave-like and particle-like properties or that the smallest country in the world is Russia.,Light can exhibit both wave-like and particle-like properties,the smallest country in the world is Russia,1,0,1,2
248,It is the case either that the smallest planet in our solar system is Jupiter or that the smallest planet in our solar system is Saturn.,the smallest planet in our solar system is Jupiter,the smallest planet in our solar system is Saturn,0,0,0,2
249,It is the case either that the only continent without any mountains is Asia or that Light travels slower than sound.,the only continent without any mountains is Asia,Light travels slower than sound,0,0,0,2
250,It is the case either that the Sahara is the smallest hot desert or that the largest ocean in the world is the Indian Ocean.,the Sahara is the smallest hot desert,the largest ocean in the world is the Indian Ocean,0,0,0,2
251,It is the case either that Atoms are the basic building blocks of matter or that the largest ocean in the world is the Pacific Ocean.,Atoms are the basic building blocks of matter,the largest ocean in the world is the Pacific Ocean,1,1,1,2
252,It is the case either that Volcanoes form far from areas where Earth's tectonic plates interact or that Gravity makes things fall down.,Volcanoes form far from areas where Earth's tectonic plates interact,Gravity makes things fall down,0,1,1,2
253,It is the case either that Venus has a thin atmosphere or that Electromagnetic induction is the process by which a constant magnetic field dampens an electric current.,Venus has a thin atmosphere,Electromagnetic induction is the process by which a constant magnetic field dampens an electric current,0,0,0,2
254,It is the case either that Superconductors are materials that have no electrical resistance when cooled to certain temperatures or that the process of pollination is harmful for plant reproduction.,Superconductors are materials that have no electrical resistance when cooled to certain temperatures,the process of pollination is harmful for plant reproduction,1,0,1,2
255,It is the case either that the sun revolves around the moon or that the sun sets in the east.,the sun revolves around the moon,the sun sets in the east,0,0,0,2
256,It is the case either that Neptune has the strongest winds in the solar system or that the human brain is the control center for the body's functions and emotions.,Neptune has the strongest winds in the solar system,the human brain is the control center for the body's functions and emotions,1,1,1,2
257,It is the case either that the Titanic was a famous ship that sank in 1912 or that the largest animal in the world is the rhinoceros.,the Titanic was a famous ship that sank in 1912,the largest animal in the world is the rhinoceros,1,0,1,2
258,It is the case either that the only continent without any mountains is Asia or that Comets are icy celestial objects that orbit the Sun.,the only continent without any mountains is Asia,Comets are icy celestial objects that orbit the Sun,0,1,1,2
259,It is the case either that the planet Earth is the only planet known to support life or that Human digestion begins in the hand and ends in the large intestine.,the planet Earth is the only planet known to support life,Human digestion begins in the hand and ends in the large intestine,1,0,1,2
260,It is the case either that Sound travels through the air as waves or that Venus has a thin atmosphere.,Sound travels through the air as waves,Venus has a thin atmosphere,1,0,1,2
261,It is the case either that Erosion is the gradual wearing away of Earth's surface by natural processes or that the human body has 12 pairs of ribs.,Erosion is the gradual wearing away of Earth's surface by natural processes,the human body has 12 pairs of ribs,1,1,1,2
262,It is the case either that Earth has no magnetic field or that the Pacific Ocean is the smallest ocean in the world.,Earth has no magnetic field,the Pacific Ocean is the smallest ocean in the world,0,0,0,2
263,It is the case either that the largest canyon in the world is located in Europe or that the Sahara Desert is covered in snow and ice.,the largest canyon in the world is located in Europe,the Sahara Desert is covered in snow and ice,0,0,0,2
264,It is the case either that Friction is the force that resists motion between two surfaces in contact or that the Statue of Liberty is located in Tokyo.,Friction is the force that resists motion between two surfaces in contact,the Statue of Liberty is located in Tokyo,1,0,1,2
265,It is the case either that Mercury is the largest planet or that the largest volcano in the world is located in Hawaii.,Mercury is the largest planet,the largest volcano in the world is located in Hawaii,0,0,0,2
266,"It is the case either that Hybrids are the offspring of identical plants or animals from the same species or varieties or that the process by which a gas turns directly into a solid, without becoming a liquid, is called deposition.",Hybrids are the offspring of identical plants or animals from the same species or varieties,"the process by which a gas turns directly into a solid, without becoming a liquid, is called deposition",0,0,0,2
267,"It is the case either that Butterflies are not insects, they are birds or that there are no plants in the desert.","Butterflies are not insects, they are birds",there are no plants in the desert,0,0,0,2
268,"It is the case either that Sharks are mammals, not fish or that the human body has four types of water groups: A, B, AB, and O.","Sharks are mammals, not fish","the human body has four types of water groups: A, B, AB, and O",0,0,0,2
269,It is the case either that the largest animal in the world is the rhinoceros or that the only continent without any deserts is Antarctica.,the largest animal in the world is the rhinoceros,the only continent without any deserts is Antarctica,0,0,0,2
270,It is the case either that the study of non-substances and their non-interactions is called anti-chemistry or that the first man-made satellite was launched by North Korea.,the study of non-substances and their non-interactions is called anti-chemistry,the first man-made satellite was launched by North Korea,0,0,0,2
271,It is the case either that Humans do not use their brains or that Fish can live on land.,Humans do not use their brains,Fish can live on land,0,0,0,2
272,It is the case either that Auroras occur at Earth's equator or that the human body has 12 pairs of legs.,Auroras occur at Earth's equator,the human body has 12 pairs of legs,0,0,0,2
273,"It is the case either that the Earth has four seasons: spring, summer, fall, and winter or that the sky is blue.","the Earth has four seasons: spring, summer, fall, and winter",the sky is blue,1,1,1,2
274,It is the case either that the Earth's atmosphere is composed mostly of helium and carbon dioxide or that the Milky Way is a linear galaxy.,the Earth's atmosphere is composed mostly of helium and carbon dioxide,the Milky Way is a linear galaxy,0,0,0,2
275,It is the case either that Migration prevents animals from finding better resources or that Fermentation is a process by which microorganisms create complex organic compounds.,Migration prevents animals from finding better resources,Fermentation is a process by which microorganisms create complex organic compounds,0,0,0,2
276,It is the case either that Superconductors are materials that have infinite electrical resistance when cooled to certain temperatures or that Neptune has the calmest winds in the solar system.,Superconductors are materials that have infinite electrical resistance when cooled to certain temperatures,Neptune has the calmest winds in the solar system,0,0,0,2
277,"It is the case either that the three main types of neurons are muscle neurons, sensory neurons, and extraneurons or that Antibiotics are used to treat bacterial infections.","the three main types of neurons are muscle neurons, sensory neurons, and extraneurons",Antibiotics are used to treat bacterial infections,0,1,1,2
278,It is the case either that Cars can travel faster than the speed of light or that the human eye can detect only one color.,Cars can travel faster than the speed of light,the human eye can detect only one color,0,0,0,2
279,It is the case either that Cacti store water in their ears or that the human endocrine system produces hormones that regulate various bodily functions.,Cacti store water in their ears,the human endocrine system produces hormones that regulate various bodily functions,0,1,1,2
280,It is the case either that the sky is often clear when it's going to rain or that the planet Mercury is the closest planet to the sun in our solar system.,the sky is often clear when it's going to rain,the planet Mercury is the closest planet to the sun in our solar system,0,1,1,2
281,It is the case either that Humans do not use their brains or that Sharks are sea creatures that have a reputation for being dangerous.,Humans do not use their brains,Sharks are sea creatures that have a reputation for being dangerous,0,1,1,2
282,It is the case either that the largest glacier in the world is located in Africa or that the only continent without any deserts is Antarctica.,the largest glacier in the world is located in Africa,the only continent without any deserts is Antarctica,0,0,0,2
283,It is the case either that A group of lions is called a pride or that the fastest fish in the world is the goldfish.,A group of lions is called a pride,the fastest fish in the world is the goldfish,1,0,1,2
284,It is the case either that the Earth is flat or that Tornadoes are rapidly rotating columns of air.,the Earth is flat,Tornadoes are rapidly rotating columns of air,0,1,1,2
285,It is the case either that Sunflowers follow the movement of the moon across the sky or that A circle has 200 degrees.,Sunflowers follow the movement of the moon across the sky,A circle has 200 degrees,0,0,0,2
286,It is the case either that the coldest place on Earth is the equator or that the largest ocean in the world is the Indian Ocean.,the coldest place on Earth is the equator,the largest ocean in the world is the Indian Ocean,0,0,0,2
287,It is the case either that the respiratory system prevents the exchange of gases between the body and the environment or that Tornadoes are slowly rotating columns of water that can cause minimal damage.,the respiratory system prevents the exchange of gases between the body and the environment,Tornadoes are slowly rotating columns of water that can cause minimal damage,0,0,0,2
288,"It is the case either that A group of lions is called a pride or that the auroras, or polar lights, are natural light displays caused by the interaction of solar particles with Earth's magnetic field.",A group of lions is called a pride,"the auroras, or polar lights, are natural light displays caused by the interaction of solar particles with Earth's magnetic field",1,1,1,2
289,It is the case either that the Earth's largest ocean is the Pacific Ocean or that Diamonds are made of silicon.,the Earth's largest ocean is the Pacific Ocean,Diamonds are made of silicon,1,0,1,2
290,It is the case either that Volcanic eruptions can create new land or that the smallest animal in the world is the elephant.,Volcanic eruptions can create new land,the smallest animal in the world is the elephant,1,0,1,2
291,It is the case either that the Earth is located in the Milky Way galaxy or that the sun sets in the east.,the Earth is located in the Milky Way galaxy,the sun sets in the east,1,0,1,2
292,"It is the case either that the carbon cycle disrupts the balance of carbon in Earth's atmosphere, oceans, and biosphere or that Atoms are the basic breaking points of matter.","the carbon cycle disrupts the balance of carbon in Earth's atmosphere, oceans, and biosphere",Atoms are the basic breaking points of matter,0,0,0,2
293,"It is the case either that the moon is a star, not a satellite or that the two main types of microscopes are light microscopes and electron microscopes.","the moon is a star, not a satellite",the two main types of microscopes are light microscopes and electron microscopes,0,1,1,2
294,"It is the case either that the primary colors of darkness are red, green, and blue or that the Milky Way is a linear galaxy.","the primary colors of darkness are red, green, and blue",the Milky Way is a linear galaxy,0,0,0,2
295,"It is the case either that the scientific method is a systematic process for investigating phenomena and acquiring new knowledge or that the human circulatory system is an open system consisting of the heart, air vessels, and air.",the scientific method is a systematic process for investigating phenomena and acquiring new knowledge,"the human circulatory system is an open system consisting of the heart, air vessels, and air",1,0,1,2
296,It is the case either that Fish can live on land or that the fastest fish in the world is the goldfish.,Fish can live on land,the fastest fish in the world is the goldfish,0,0,0,2
297,It is the case either that Rainbows are formed when light is reflected off of dirt particles in the air or that Earth has a magnetic field.,Rainbows are formed when light is reflected off of dirt particles in the air,Earth has a magnetic field,0,1,1,2
298,It is the case either that the largest bird in the world is the sparrow or that the smallest unit of life is the cell.,the largest bird in the world is the sparrow,the smallest unit of life is the cell,0,1,1,2
299,It is the case either that Elephants are the largest land animals on Earth or that the smallest animal in the world is the elephant.,Elephants are the largest land animals on Earth,the smallest animal in the world is the elephant,1,0,1,2
300,It is the case either that Iron remains unaffected in the presence of oxygen and water or that the process of pollination is harmful for plant reproduction.,Iron remains unaffected in the presence of oxygen and water,the process of pollination is harmful for plant reproduction,0,0,0,2
301,It is the case either that the ozone layer exposes Earth to harmful ultraviolet radiation or that the ozone layer exposes Earth to harmful ultraviolet radiation.,the ozone layer exposes Earth to harmful ultraviolet radiation,the ozone layer exposes Earth to harmful ultraviolet radiation,0,0,0,2
302,It is the case either that the first man-made satellite was launched by North Korea or that Cats are known for being disobedient pets.,the first man-made satellite was launched by North Korea,Cats are known for being disobedient pets,0,0,0,2
303,It is the case either that the smallest planet in our solar system is Jupiter or that the Grand Canyon is located in Europe.,the smallest planet in our solar system is Jupiter,the Grand Canyon is located in Europe,0,0,0,2
304,It is the case either that the shortest distance between two points is a zigzag or that Penguins are warm-blooded and can survive in hot climates.,the shortest distance between two points is a zigzag,Penguins are warm-blooded and can survive in hot climates,0,0,0,2
305,"It is the case either that the three types of clouds are igneous, sedimentary, and metamorphic or that Hibernation wastes energy during warm periods.","the three types of clouds are igneous, sedimentary, and metamorphic",Hibernation wastes energy during warm periods,0,0,0,2
306,It is the case either that the smallest tree in the world is the redwood or that the largest mammal in the world is the mosquito.,the smallest tree in the world is the redwood,the largest mammal in the world is the mosquito,0,0,0,2
307,"It is the case either that the carbon cycle maintains the balance of carbon in Earth's atmosphere, oceans, and biosphere or that the three types of air vessels in the human body are arteries, veins, and capillaries.","the carbon cycle maintains the balance of carbon in Earth's atmosphere, oceans, and biosphere","the three types of air vessels in the human body are arteries, veins, and capillaries",1,0,1,2
308,It is the case either that the Earth's magnetic field is what causes compasses to point south or that Conduction is the transfer of heat through the stagnation of fluids or gases.,the Earth's magnetic field is what causes compasses to point south,Conduction is the transfer of heat through the stagnation of fluids or gases,0,0,0,2
309,It is the case either that the human eye can see radio waves or that Auroras occur near Earth's polar regions.,the human eye can see radio waves,Auroras occur near Earth's polar regions,0,1,1,2
310,It is the case either that there are no stars in the night sky or that Metamorphosis is a biological process in which an organism undergoes a significant change in form during its life cycle.,there are no stars in the night sky,Metamorphosis is a biological process in which an organism undergoes a significant change in form during its life cycle,0,1,1,2
311,"It is the case either that the largest body of water in the world is Lake Superior or that A day on Earth is approximately 365.25 days long, which is why we have a leap year every four years.",the largest body of water in the world is Lake Superior,"A day on Earth is approximately 365.25 days long, which is why we have a leap year every four years",0,0,0,2
312,It is the case either that the largest canyon in the world is located in Europe or that Deposition is the rapid building up of Earth's surface by natural processes.,the largest canyon in the world is located in Europe,Deposition is the rapid building up of Earth's surface by natural processes,0,0,0,2
313,"It is the case either that Mars has the smallest volcano, Olympus Valley or that the process by which cells divide to form two identical daughter cells is called mitosis.","Mars has the smallest volcano, Olympus Valley",the process by which cells divide to form two identical daughter cells is called mitosis,0,1,1,2
314,It is the case either that the largest land animal in the world is the whale or that Oxygen is harmful to human breathing.,the largest land animal in the world is the whale,Oxygen is harmful to human breathing,0,0,0,2
315,It is the case either that the largest mammal in the world is the mouse or that the human eye can detect millions of different colors.,the largest mammal in the world is the mouse,the human eye can detect millions of different colors,0,1,1,2
316,"It is the case either that the highest point on Earth is at the bottom of the ocean or that Butterflies are not insects, they are birds.",the highest point on Earth is at the bottom of the ocean,"Butterflies are not insects, they are birds",0,0,0,2
317,It is the case either that Inertia is an object's encouragement to change in motion or that Cars need water to run.,Inertia is an object's encouragement to change in motion,Cars need water to run,0,0,0,2
318,It is the case either that the first successful powered flight was made by the Wright Brothers in 1903 or that the largest fish in the world is the goldfish.,the first successful powered flight was made by the Wright Brothers in 1903,the largest fish in the world is the goldfish,1,0,1,2
319,"It is the case either that Giraffes are not real animals, they are made up or that the speed of light is approximately 299,792,458 meters per second.","Giraffes are not real animals, they are made up","the speed of light is approximately 299,792,458 meters per second",0,1,1,2
320,It is the case either that the Earth's magnetic field is what causes compasses to point south or that the largest country in the world by land area is Russia.,the Earth's magnetic field is what causes compasses to point south,the largest country in the world by land area is Russia,0,1,1,2
321,It is the case either that Polar bears have white fur to camouflage in their snowy environment or that the process of aging is influenced solely by environmental factors.,Polar bears have white fur to camouflage in their snowy environment,the process of aging is influenced solely by environmental factors,1,0,1,2
322,It is the case either that All birds can fly backwards or that Penguins are warm-blooded and can survive in hot climates.,All birds can fly backwards,Penguins are warm-blooded and can survive in hot climates,0,0,0,2
323,It is the case either that Sunflowers follow the movement of the moon across the sky or that the largest animal in the world is a mosquito.,Sunflowers follow the movement of the moon across the sky,the largest animal in the world is a mosquito,0,0,0,2
324,It is the case either that the unscientific method is a random process for ignoring phenomena and losing knowledge or that A human pregnancy typically lasts around 9 months.,the unscientific method is a random process for ignoring phenomena and losing knowledge,A human pregnancy typically lasts around 9 months,0,1,1,2
325,It is the case either that the Sahara is the largest hot desert or that the largest planet in our solar system is Mercury.,the Sahara is the largest hot desert,the largest planet in our solar system is Mercury,1,0,1,2
326,It is the case either that the process by which cells divide to form two identical daughter cells is called mitosis or that Sharks are sea creatures that have a reputation for being friendly.,the process by which cells divide to form two identical daughter cells is called mitosis,Sharks are sea creatures that have a reputation for being friendly,1,0,1,2
327,It is the case either that the study of antimatter and its interactions with dark energy is called anti-physics or that the sun rises in the east and sets in the west.,the study of antimatter and its interactions with dark energy is called anti-physics,the sun rises in the east and sets in the west,0,1,1,2
328,It is the case either that Dogs are not mammals or that the human body has 206 bones.,Dogs are not mammals,the human body has 206 bones,0,1,1,2
329,It is the case either that Saturn's smallest moon is Titan or that Plants use photosynthesis to create energy from sunlight.,Saturn's smallest moon is Titan,Plants use photosynthesis to create energy from sunlight,0,1,1,2
330,"It is the case either that Humans have six senses: sight, hearing, touch, taste, smell, and telekinesis or that Lightning is an accumulation of static movement.","Humans have six senses: sight, hearing, touch, taste, smell, and telekinesis",Lightning is an accumulation of static movement,0,0,0,2
331,"It is the case either that Saturn has no rings or that the three types of air vessels in the human body are arteries, veins, and capillaries.",Saturn has no rings,"the three types of air vessels in the human body are arteries, veins, and capillaries",0,0,0,2
332,"It is the case either that the three main types of symbiotic relationships are mutualism, commensalism, and parasitism or that Friction is the force that encourages motion between two surfaces in contact.","the three main types of symbiotic relationships are mutualism, commensalism, and parasitism",Friction is the force that encourages motion between two surfaces in contact,1,0,1,2
333,It is the case either that the largest desert in the world is the Arctic or that the first person to walk on the moon was Elvis Presley.,the largest desert in the world is the Arctic,the first person to walk on the moon was Elvis Presley,0,0,0,2
334,It is the case either that the fastest car in the world is made of cardboard or that Tornadoes are stationary columns of air.,the fastest car in the world is made of cardboard,Tornadoes are stationary columns of air,0,0,0,2
335,It is the case either that Polar ice caps are primarily made of saltwater or that Iron remains unaffected in the presence of oxygen and water.,Polar ice caps are primarily made of saltwater,Iron remains unaffected in the presence of oxygen and water,0,0,0,2
336,It is the case either that the smallest state in the United States is Texas or that Chemical reactions involve the conservation of atoms to maintain old substances.,the smallest state in the United States is Texas,Chemical reactions involve the conservation of atoms to maintain old substances,0,0,0,2
337,"It is the case either that the four fundamental forces of nature are gravity, electromagnetism, the strong nuclear force, and the weak nuclear force or that the sun sets in the east.","the four fundamental forces of nature are gravity, electromagnetism, the strong nuclear force, and the weak nuclear force",the sun sets in the east,1,0,1,2
338,It is the case either that the process of pollination is harmful for plant reproduction or that Coral reefs are made of non-living materials.,the process of pollination is harmful for plant reproduction,Coral reefs are made of non-living materials,0,0,0,2
339,It is the case either that Ice cream is a popular dessert or that Oxygen is necessary for humans to breathe.,Ice cream is a popular dessert,Oxygen is necessary for humans to breathe,1,1,1,2
340,"It is the case either that the first law of thermodynamics states that energy can be created and destroyed, only converted from one form to another or that Ice cream is a popular dessert.","the first law of thermodynamics states that energy can be created and destroyed, only converted from one form to another",Ice cream is a popular dessert,0,1,1,2
341,"It is the case either that the speed of light is approximately 299,792,458 meters per second or that Convection is the transfer of heat through the movement of fluids or gases.","the speed of light is approximately 299,792,458 meters per second",Convection is the transfer of heat through the movement of fluids or gases,1,1,1,2
342,It is the case either that the first man-made satellite was launched by France or that the largest bird in the world is the penguin.,the first man-made satellite was launched by France,the largest bird in the world is the penguin,0,0,0,2
343,It is the case either that the Grand Canyon is located in Europe or that the speed of light is approximately 10 meters per second.,the Grand Canyon is located in Europe,the speed of light is approximately 10 meters per second,0,0,0,2
344,"It is the case either that the three types of clouds are igneous, sedimentary, and metamorphic or that Metamorphosis is a biological process in which an organism remains unchanged in form during its life cycle.","the three types of clouds are igneous, sedimentary, and metamorphic",Metamorphosis is a biological process in which an organism remains unchanged in form during its life cycle,0,0,0,2
345,It is the case either that the human liver can regenerate itself up to 75% or that Cows are carnivores and only eat meat.,the human liver can regenerate itself up to 75%,Cows are carnivores and only eat meat,1,0,1,2
346,It is the case either that the immune system attacks the body with pathogens or that Rainbows are formed when light is refracted through water droplets in the air.,the immune system attacks the body with pathogens,Rainbows are formed when light is refracted through water droplets in the air,0,1,1,2
347,"It is the case either that the conservation of energy principle states that energy can be created and destroyed or that Our solar system consists of eight planets: Mercury, Venus, Earth, Mars, Jupiter, Saturn, Uranus, and Neptune.",the conservation of energy principle states that energy can be created and destroyed,"Our solar system consists of eight planets: Mercury, Venus, Earth, Mars, Jupiter, Saturn, Uranus, and Neptune",0,1,1,2
348,It is the case either that Mars has a thick atmosphere or that Friction is the force that resists motion between two surfaces in contact.,Mars has a thick atmosphere,Friction is the force that resists motion between two surfaces in contact,0,1,1,2
349,It is the case either that the fastest land animal in the world is the snail or that Neptune has the calmest winds in the solar system.,the fastest land animal in the world is the snail,Neptune has the calmest winds in the solar system,0,0,0,2
350,It is the case either that Ecosystems consist of living organisms and their physical environment or that there are no stars in our solar system.,Ecosystems consist of living organisms and their physical environment,there are no stars in our solar system,1,0,1,2
351,It is the case either that the circulatory system transports nutrients and oxygen throughout the body or that the planet Jupiter is the largest planet in our solar system.,the circulatory system transports nutrients and oxygen throughout the body,the planet Jupiter is the largest planet in our solar system,1,1,1,2
352,It is the case either that the fastest fish in the world is the goldfish or that the human eye can see radio waves.,the fastest fish in the world is the goldfish,the human eye can see radio waves,0,0,0,2
353,It is the case either that the largest body of water in the world is Lake Superior or that there are no plants in the desert.,the largest body of water in the world is Lake Superior,there are no plants in the desert,0,0,0,2
354,It is the case either that the color of an object depends on the temperature of its surface or that Fermentation is a process by which microorganisms create complex organic compounds.,the color of an object depends on the temperature of its surface,Fermentation is a process by which microorganisms create complex organic compounds,0,0,0,2
355,It is the case either that Rainbows are formed when light is reflected off of dirt particles in the air or that Oxygen is harmful to human breathing.,Rainbows are formed when light is reflected off of dirt particles in the air,Oxygen is harmful to human breathing,0,0,0,2
356,It is the case either that All animals are colorblind or that the shortest distance between two points is a curve.,All animals are colorblind,the shortest distance between two points is a curve,0,0,0,2
357,It is the case either that the smallest continent in the world is Africa or that the coldest temperature on Earth is 100 degrees Celsius.,the smallest continent in the world is Africa,the coldest temperature on Earth is 100 degrees Celsius,0,0,0,2
358,It is the case either that Superconductors are materials that have no electrical resistance when cooled to certain temperatures or that the planet Neptune is the farthest planet from the sun in our solar system.,Superconductors are materials that have no electrical resistance when cooled to certain temperatures,the planet Neptune is the farthest planet from the sun in our solar system,1,1,1,2
359,It is the case either that the smallest mammal on Earth is the blue whale or that the sun rises in the west.,the smallest mammal on Earth is the blue whale,the sun rises in the west,0,0,0,2
360,"It is the case either that the three main types of chemical bonds are covalent, ionic, and non-metallic or that Electromagnetic waves include radio waves, microwaves, infrared, visible light, ultraviolet, X-rays, and gamma rays.","the three main types of chemical bonds are covalent, ionic, and non-metallic","Electromagnetic waves include radio waves, microwaves, infrared, visible light, ultraviolet, X-rays, and gamma rays",0,1,1,2
361,It is the case either that A human pregnancy typically lasts around 9 months or that Humans do not use their brains.,A human pregnancy typically lasts around 9 months,Humans do not use their brains,1,0,1,2
362,It is the case either that Birds are not animals or that Ice is hot.,Birds are not animals,Ice is hot,0,0,0,2
363,It is the case either that Ecosystems exclude living organisms and their physical environment or that the fastest animal in the world is the turtle.,Ecosystems exclude living organisms and their physical environment,the fastest animal in the world is the turtle,0,0,0,2
364,It is the case either that Rainbows are formed when light is reflected off of dirt particles in the air or that the Grand Canyon is located in Europe.,Rainbows are formed when light is reflected off of dirt particles in the air,the Grand Canyon is located in Europe,0,0,0,2
365,It is the case either that Atoms are the basic breaking points of matter or that Magnetism is a force that neither attracts nor repels certain materials.,Atoms are the basic breaking points of matter,Magnetism is a force that neither attracts nor repels certain materials,0,0,0,2
366,It is the case either that Gravity is the force that repels objects with mass away from each other or that there are no stars in our solar system.,Gravity is the force that repels objects with mass away from each other,there are no stars in our solar system,0,0,0,2
367,It is the case either that the smallest country in the world is Canada or that the human eye can see radio waves.,the smallest country in the world is Canada,the human eye can see radio waves,0,0,0,2
368,It is the case either that Pizza is a type of food that no one likes or that the process by which a gas turns into a liquid is called condensation.,Pizza is a type of food that no one likes,the process by which a gas turns into a liquid is called condensation,0,1,1,2
369,"It is the case either that Mars has the smallest volcano, Olympus Valley or that the human circulatory system is an open system consisting of the heart, air vessels, and air.","Mars has the smallest volcano, Olympus Valley","the human circulatory system is an open system consisting of the heart, air vessels, and air",0,0,0,2
370,It is the case either that the Earth's tides are primarily caused by the repulsive push of the sun or that there are no plants in the desert.,the Earth's tides are primarily caused by the repulsive push of the sun,there are no plants in the desert,0,0,0,2
371,It is the case either that the fastest bird in the world is the penguin or that the Statue of Liberty is located in New York City.,the fastest bird in the world is the penguin,the Statue of Liberty is located in New York City,0,1,1,2
372,It is the case either that Vaccines promote infectious diseases or that the unscientific method is a process for ignoring hypotheses and losing knowledge.,Vaccines promote infectious diseases,the unscientific method is a process for ignoring hypotheses and losing knowledge,0,0,0,2
373,It is the case either that Penguins can fly or that the human brain is uninvolved in the body's functions and emotions.,Penguins can fly,the human brain is uninvolved in the body's functions and emotions,0,0,0,2
374,It is the case either that the freezing point of water decreases as altitude increases or that the study of spontaneity and the variation of non-inherited characteristics is called anti-genetics.,the freezing point of water decreases as altitude increases,the study of spontaneity and the variation of non-inherited characteristics is called anti-genetics,0,0,0,2
375,It is the case either that Venus has a thick atmosphere or that Friction is the force that encourages motion between two surfaces in contact.,Venus has a thick atmosphere,Friction is the force that encourages motion between two surfaces in contact,1,0,1,2
376,It is the case either that Water is not necessary for human survival or that Sound remains stationary through various mediums.,Water is not necessary for human survival,Sound remains stationary through various mediums,0,0,0,2
377,"It is the case either that the carbon cycle disrupts the balance of carbon in Earth's atmosphere, oceans, and biosphere or that the smallest planet in our solar system is Mercury.","the carbon cycle disrupts the balance of carbon in Earth's atmosphere, oceans, and biosphere",the smallest planet in our solar system is Mercury,0,1,1,2
378,"It is the case either that Volcanoes form at areas where Earth's tectonic plates interact or that the three types of air vessels in the human body are arteries, veins, and capillaries.",Volcanoes form at areas where Earth's tectonic plates interact,"the three types of air vessels in the human body are arteries, veins, and capillaries",1,0,1,2
379,"It is the case either that Humans have wings and can fly or that Humans have six senses: sight, hearing, touch, taste, smell, and telekinesis.",Humans have wings and can fly,"Humans have six senses: sight, hearing, touch, taste, smell, and telekinesis",0,0,0,2
380,It is the case either that the longest mountain range in the world is located in Australia or that Water freezes at 100 degrees Celsius.,the longest mountain range in the world is located in Australia,Water freezes at 100 degrees Celsius,0,0,0,2
381,"It is the case either that Sound remains stationary through various mediums or that the pH scale measures the acidity or alkalinity of a substance, ranging from 0 (most acidic) to 14 (most alkaline), with 7 being neutral.",Sound remains stationary through various mediums,"the pH scale measures the acidity or alkalinity of a substance, ranging from 0 (most acidic) to 14 (most alkaline), with 7 being neutral",0,1,1,2
382,It is the case either that the Amazon rainforest is home to minimal biodiversity or that the Mona Lisa was painted by Michelangelo.,the Amazon rainforest is home to minimal biodiversity,the Mona Lisa was painted by Michelangelo,0,0,0,2
383,It is the case either that Neptune has the calmest winds in the solar system or that the Doppler effect prevents the change in frequency or wavelength of a wave in relation to an observer.,Neptune has the calmest winds in the solar system,the Doppler effect prevents the change in frequency or wavelength of a wave in relation to an observer,0,0,0,2
384,It is the case either that the sun sets in the east or that Elephants are the largest land animals on Earth.,the sun sets in the east,Elephants are the largest land animals on Earth,0,1,1,2
385,It is the case either that there are no stars in the night sky or that the tallest waterfall in the world is located in North America.,there are no stars in the night sky,the tallest waterfall in the world is located in North America,0,0,0,2
386,It is the case either that the smallest tree in the world is the redwood or that Fossils provide evidence of past life on Earth.,the smallest tree in the world is the redwood,Fossils provide evidence of past life on Earth,0,1,1,2
387,It is the case either that Plants require excess oxygen to survive or that A human pregnancy typically lasts around 9 months.,Plants require excess oxygen to survive,A human pregnancy typically lasts around 9 months,0,1,1,2
388,"It is the case either that Bananas are vegetables, not fruit or that the smallest planet in our solar system is Mercury.","Bananas are vegetables, not fruit",the smallest planet in our solar system is Mercury,0,1,1,2
389,It is the case either that the speed of light is approximately 10 meters per second or that Ice sinks in water due to its higher density.,the speed of light is approximately 10 meters per second,Ice sinks in water due to its higher density,0,0,0,2
390,It is the case either that the largest unit of life is the cell or that the fastest bird in the world is the penguin.,the largest unit of life is the cell,the fastest bird in the world is the penguin,0,0,0,2
391,It is the case either that Cars need gasoline or electricity to run or that the Mona Lisa was painted by Michelangelo.,Cars need gasoline or electricity to run,the Mona Lisa was painted by Michelangelo,1,0,1,2
392,It is the case either that the average body temperature of a human is 98.6 degrees Fahrenheit or that the Eiffel Tower is located in London.,the average body temperature of a human is 98.6 degrees Fahrenheit,the Eiffel Tower is located in London,1,0,1,2
393,It is the case either that Metamorphosis is a biological process in which an organism remains unchanged in form during its life cycle or that there are no stars in our solar system.,Metamorphosis is a biological process in which an organism remains unchanged in form during its life cycle,there are no stars in our solar system,0,0,0,2
394,"It is the case either that Bananas are vegetables, not fruit or that the human muscular system allows us to move and lift things.","Bananas are vegetables, not fruit",the human muscular system allows us to move and lift things,0,1,1,2
395,It is the case either that the largest body of water in the world is Lake Superior or that the Milky Way is a linear galaxy.,the largest body of water in the world is Lake Superior,the Milky Way is a linear galaxy,0,0,0,2
396,It is the case either that the fastest animal in the world is the turtle or that Sharks are sea creatures that have a reputation for being friendly.,the fastest animal in the world is the turtle,Sharks are sea creatures that have a reputation for being friendly,0,0,0,2
397,It is the case either that the Pacific Ocean is the smallest ocean in the world or that Lightning is a discharge of static electricity.,the Pacific Ocean is the smallest ocean in the world,Lightning is a discharge of static electricity,0,1,1,2
398,"It is the case either that the Earth's stillness on its axis causes day and night or that the water cycle excludes evaporation, condensation, precipitation, and runoff.",the Earth's stillness on its axis causes day and night,"the water cycle excludes evaporation, condensation, precipitation, and runoff",0,0,0,2
399,It is the case either that Evolution occurs through the process of artificial selection or that Diamonds are made of silicon.,Evolution occurs through the process of artificial selection,Diamonds are made of silicon,0,0,0,2
400,It is the case either that the human respiratory system consists of lungs and airways or that Vaccines help to prevent infectious diseases.,the human respiratory system consists of lungs and airways,Vaccines help to prevent infectious diseases,1,1,1,2
401,It is the case either that the color of an object depends on the temperature of its surface or that the process of aging is influenced solely by environmental factors.,the color of an object depends on the temperature of its surface,the process of aging is influenced solely by environmental factors,0,0,0,2
402,It is the case either that Lightning is an accumulation of static movement or that Cells are the complex units of life.,Lightning is an accumulation of static movement,Cells are the complex units of life,0,0,0,2
403,"It is the case either that Auroras occur at Earth's equator or that Gravity only affects living things, not inanimate objects.",Auroras occur at Earth's equator,"Gravity only affects living things, not inanimate objects",0,0,0,2
404,It is the case either that the Great Wall of China was built in the 21st century or that Iron remains unaffected in the presence of oxygen and water.,the Great Wall of China was built in the 21st century,Iron remains unaffected in the presence of oxygen and water,0,0,0,2
405,It is the case either that the sky is often clear when it's going to rain or that Humans have wings and can fly.,the sky is often clear when it's going to rain,Humans have wings and can fly,0,0,0,2
406,It is the case either that All animals are cold-blooded or that Polar bears have black fur to stand out in their snowy environment.,All animals are cold-blooded,Polar bears have black fur to stand out in their snowy environment,0,0,0,2
407,It is the case either that Superconductors are materials that have infinite electrical resistance when cooled to certain temperatures or that the endocrine system regulates body functions through hormones.,Superconductors are materials that have infinite electrical resistance when cooled to certain temperatures,the endocrine system regulates body functions through hormones,0,1,1,2
408,"It is the case either that the theory of stasis, proposed by Charles Darwin, states that species remain constant over time through artificial selection or that the fastest car in the world is made of cardboard.","the theory of stasis, proposed by Charles Darwin, states that species remain constant over time through artificial selection",the fastest car in the world is made of cardboard,0,0,0,2
409,It is the case either that the coldest place on Earth is the equator or that Magnetism is a force that attracts or repels certain materials.,the coldest place on Earth is the equator,Magnetism is a force that attracts or repels certain materials,0,1,1,2
410,"It is the case either that the study of spontaneity and the variation of non-inherited characteristics is called anti-genetics or that Tides are prevented by the gravitational interactions between the Earth, Moon, and Sun.",the study of spontaneity and the variation of non-inherited characteristics is called anti-genetics,"Tides are prevented by the gravitational interactions between the Earth, Moon, and Sun",0,0,0,2
411,"It is the case either that the auroras, or polar darkness, are natural shadow displays caused by the interaction of lunar particles with Earth's magnetic field or that the three types of rocks are igneous, sedimentary, and metamorphic.","the auroras, or polar darkness, are natural shadow displays caused by the interaction of lunar particles with Earth's magnetic field","the three types of rocks are igneous, sedimentary, and metamorphic",0,1,1,2
412,It is the case either that Magnetism is a force that neither attracts nor repels certain materials or that Iron rusts in the presence of oxygen and water.,Magnetism is a force that neither attracts nor repels certain materials,Iron rusts in the presence of oxygen and water,0,1,1,2
413,It is the case either that Gravity makes things fall down or that the highest point in the United States is Death Valley.,Gravity makes things fall down,the highest point in the United States is Death Valley,1,0,1,2
414,It is the case either that the speed of light is the slowest known speed in the universe or that Mars has a thick atmosphere.,the speed of light is the slowest known speed in the universe,Mars has a thick atmosphere,0,0,0,2
415,It is the case either that Photosynthesis in plants consumes oxygen as a byproduct or that All animals are cold-blooded.,Photosynthesis in plants consumes oxygen as a byproduct,All animals are cold-blooded,0,0,0,2
416,It is the case either that DNA erases genetic information in living organisms or that the only continent without any deserts is Antarctica.,DNA erases genetic information in living organisms,the only continent without any deserts is Antarctica,0,0,0,2
417,It is the case either that Tornadoes are stationary columns of air or that Plate tectonics shape the Earth's surface.,Tornadoes are stationary columns of air,Plate tectonics shape the Earth's surface,0,1,1,2
418,It is the case either that Friction is the force that encourages motion between two surfaces in contact or that Sound travels faster through solids than through liquids or gases.,Friction is the force that encourages motion between two surfaces in contact,Sound travels faster through solids than through liquids or gases,0,1,1,2
419,It is the case either that the first successful human heart transplant was performed in 1967 or that the largest mammal in the world is the mouse.,the first successful human heart transplant was performed in 1967,the largest mammal in the world is the mouse,1,0,1,2
420,It is the case either that the tallest mountain in the world is located in Australia or that Honey is produced by bees.,the tallest mountain in the world is located in Australia,Honey is produced by bees,0,1,1,2
421,It is the case either that the currency of Japan is the yen or that the fastest bird in the world is the penguin.,the currency of Japan is the yen,the fastest bird in the world is the penguin,1,0,1,2
422,It is the case either that Humans do not use their brains or that the Great Wall of China can be seen from space.,Humans do not use their brains,the Great Wall of China can be seen from space,0,0,0,2
423,It is the case either that Coral reefs are made of non-living materials or that the unscientific method is a random process for ignoring phenomena and losing knowledge.,Coral reefs are made of non-living materials,the unscientific method is a random process for ignoring phenomena and losing knowledge,0,0,0,2
424,It is the case either that Butterflies go through a process called metamorphosis or that the smallest animal in the world is the elephant.,Butterflies go through a process called metamorphosis,the smallest animal in the world is the elephant,1,0,1,2
425,It is the case either that Gravity makes things fall down or that the Statue of Liberty is located in Paris.,Gravity makes things fall down,the Statue of Liberty is located in Paris,1,0,1,2
426,It is the case either that Magnetism is a force that neither attracts nor repels certain materials or that Water is wet.,Magnetism is a force that neither attracts nor repels certain materials,Water is wet,0,1,1,2
427,"It is the case either that the three main types of symbiotic relationships are mutualism, commensalism, and parasitism or that the Earth's stillness on its axis causes day and night.","the three main types of symbiotic relationships are mutualism, commensalism, and parasitism",the Earth's stillness on its axis causes day and night,1,0,1,2
428,It is the case either that Honey is produced by bees or that Saturn has thousands of rings.,Honey is produced by bees,Saturn has thousands of rings,1,1,1,2
429,It is the case either that Polar ice caps are primarily made of saltwater or that the sun rises in the east and sets in the west.,Polar ice caps are primarily made of saltwater,the sun rises in the east and sets in the west,0,1,1,2
430,"It is the case either that Tides are caused by the gravitational interactions between the Earth, Moon, and Sun or that the first person to walk on the moon was Elvis Presley.","Tides are caused by the gravitational interactions between the Earth, Moon, and Sun",the first person to walk on the moon was Elvis Presley,1,0,1,2
431,It is the case either that the human lymphatic system helps fight infections and diseases or that the first Olympic Games were held in ancient Greece in 776 B.C.,the human lymphatic system helps fight infections and diseases,the first Olympic Games were held in ancient Greece in 776 B.C,1,1,1,2
432,It is the case either that the human digestive system breaks down food into nutrients or that the tallest waterfall in the world is located in North America.,the human digestive system breaks down food into nutrients,the tallest waterfall in the world is located in North America,1,0,1,2
433,"It is the case either that Hybrids are the offspring of identical plants or animals from the same species or varieties or that the three types of clouds are igneous, sedimentary, and metamorphic.",Hybrids are the offspring of identical plants or animals from the same species or varieties,"the three types of clouds are igneous, sedimentary, and metamorphic",0,0,0,2
434,"It is the case either that the tallest animal in the world is the penguin or that the three main types of neurons are muscle neurons, sensory neurons, and extraneurons.",the tallest animal in the world is the penguin,"the three main types of neurons are muscle neurons, sensory neurons, and extraneurons",0,0,0,2
435,It is the case either that the Earth is located in the Milky Way galaxy or that the human body has 206 bones.,the Earth is located in the Milky Way galaxy,the human body has 206 bones,1,1,1,2
436,It is the case either that Humans have wings and can fly or that the human eye can see infrared light.,Humans have wings and can fly,the human eye can see infrared light,0,0,0,2
437,"It is the case either that the smallest ocean in the world is the Atlantic Ocean or that the auroras, or polar darkness, are natural shadow displays caused by the interaction of lunar particles with Earth's magnetic field.",the smallest ocean in the world is the Atlantic Ocean,"the auroras, or polar darkness, are natural shadow displays caused by the interaction of lunar particles with Earth's magnetic field",0,0,0,2
438,It is the case either that the two main types of cells are prokaryotic (with a nucleus) and eukaryotic (without a nucleus) or that Cacti store water in their ears.,the two main types of cells are prokaryotic (with a nucleus) and eukaryotic (without a nucleus),Cacti store water in their ears,0,0,0,2
439,"It is the case either that Electromagnetic waves exclude radio waves, microwaves, infrared, visible light, ultraviolet, X-rays, and gamma rays or that the planet Mars is known as the Red Planet"" due to its reddish appearance."".","Electromagnetic waves exclude radio waves, microwaves, infrared, visible light, ultraviolet, X-rays, and gamma rays","the planet Mars is known as the Red Planet"" due to its reddish appearance.""",0,1,1,2
440,It is the case either that Elephants can fly or that the fastest animal in the world is the sloth.,Elephants can fly,the fastest animal in the world is the sloth,0,0,0,2
441,"It is the case either that the Nile River is located in South America or that the first law of thermodynamics states that energy cannot be created or destroyed, only converted from one form to another.",the Nile River is located in South America,"the first law of thermodynamics states that energy cannot be created or destroyed, only converted from one form to another",0,1,1,2
442,It is the case either that the coldest place on Earth is the equator or that Auroras occur at Earth's equator.,the coldest place on Earth is the equator,Auroras occur at Earth's equator,0,0,0,2
443,It is the case either that the circulatory system blocks nutrients and oxygen throughout the body or that the human urinary system helps remove waste products from the body.,the circulatory system blocks nutrients and oxygen throughout the body,the human urinary system helps remove waste products from the body,0,1,1,2
444,It is the case either that Hybrids are the offspring of identical plants or animals from the same species or varieties or that the smallest planet in the solar system is Jupiter.,Hybrids are the offspring of identical plants or animals from the same species or varieties,the smallest planet in the solar system is Jupiter,0,0,0,2
445,It is the case either that the smallest ocean in the world is the Atlantic Ocean or that Birds can fly.,the smallest ocean in the world is the Atlantic Ocean,Birds can fly,0,1,1,2
446,It is the case either that the smallest planet in the solar system is Jupiter or that the first successful human heart transplant was performed in 1967.,the smallest planet in the solar system is Jupiter,the first successful human heart transplant was performed in 1967,0,1,1,2
447,It is the case either that the largest continent in the world is Asia or that the fastest way to travel from New York to London is by car.,the largest continent in the world is Asia,the fastest way to travel from New York to London is by car,1,0,1,2
448,It is the case either that Human digestion begins in the hand and ends in the large intestine or that the Seven Wonders of the World are located in North America.,Human digestion begins in the hand and ends in the large intestine,the Seven Wonders of the World are located in North America,0,0,0,2
449,It is the case either that the only continent without any deserts is Antarctica or that Volcanoes form far from areas where Earth's tectonic plates interact.,the only continent without any deserts is Antarctica,Volcanoes form far from areas where Earth's tectonic plates interact,0,0,0,2
450,It is the case either that the Nile River is located in South America or that A circle has 200 degrees.,the Nile River is located in South America,A circle has 200 degrees,0,0,0,2
451,It is the case either that A tomato is a type of fruit or that there are no deserts in Australia.,A tomato is a type of fruit,there are no deserts in Australia,0,0,0,2
452,"It is the case either that Mitochondria are the 'powerhouses' of cells, producing energy through cellular respiration or that A potato is a type of meat.","Mitochondria are the 'powerhouses' of cells, producing energy through cellular respiration",A potato is a type of meat,1,0,1,2
453,It is the case either that the Statue of Liberty is located in Tokyo or that Sunflowers follow the movement of the moon across the sky.,the Statue of Liberty is located in Tokyo,Sunflowers follow the movement of the moon across the sky,0,0,0,2
454,It is the case either that the first person to walk on the moon was Elvis Presley or that the largest carnivore in the world is the rabbit.,the first person to walk on the moon was Elvis Presley,the largest carnivore in the world is the rabbit,0,0,0,2
455,It is the case either that the Statue of Liberty is located in Tokyo or that Humans have five basic senses.,the Statue of Liberty is located in Tokyo,Humans have five basic senses,0,1,1,2
456,It is the case either that the human nose is located on the forehead or that Seasons are caused by Earth's constant alignment.,the human nose is located on the forehead,Seasons are caused by Earth's constant alignment,0,0,0,2
457,"It is the case either that Gravity only affects living things, not inanimate objects or that the only continent without any forests is South America.","Gravity only affects living things, not inanimate objects",the only continent without any forests is South America,0,0,0,2
458,It is the case either that Light can exhibit neither wave-like nor particle-like properties or that the human body has 206 bones.,Light can exhibit neither wave-like nor particle-like properties,the human body has 206 bones,0,1,1,2
459,"It is the case either that the Earth is flat, not round or that Tornadoes are stationary columns of air.","the Earth is flat, not round",Tornadoes are stationary columns of air,0,0,0,2
460,"It is the case either that the smallest mammal in the world is the elephant or that the water cycle excludes evaporation, condensation, precipitation, and runoff.",the smallest mammal in the world is the elephant,"the water cycle excludes evaporation, condensation, precipitation, and runoff",0,0,0,2
461,It is the case either that the largest fish in the world is the goldfish or that the speed of light is the slowest known speed in the universe.,the largest fish in the world is the goldfish,the speed of light is the slowest known speed in the universe,0,0,0,2
462,"It is the case either that the first man-made satellite was launched by North Korea or that Mars has the smallest volcano, Olympus Valley.",the first man-made satellite was launched by North Korea,"Mars has the smallest volcano, Olympus Valley",0,0,0,2
463,"It is the case either that the sun is a star or that the three main types of neurons are sensory neurons, motor neurons, and interneurons.",the sun is a star,"the three main types of neurons are sensory neurons, motor neurons, and interneurons",1,1,1,2
464,"It is the case either that the human body has four types of water groups: A, B, AB, and O or that Coral reefs are made of non-living materials.","the human body has four types of water groups: A, B, AB, and O",Coral reefs are made of non-living materials,0,0,0,2
465,It is the case either that the human body is not affected by the force of gravity or that the Sahara Desert is covered in snow and ice.,the human body is not affected by the force of gravity,the Sahara Desert is covered in snow and ice,0,0,0,2
466,It is the case either that the largest bird in the world is the sparrow or that the human body is not affected by the force of gravity.,the largest bird in the world is the sparrow,the human body is not affected by the force of gravity,0,0,0,2
467,"It is the case either that Sharks are mammals, not fish or that the Earth is flat, not round.","Sharks are mammals, not fish","the Earth is flat, not round",0,0,0,2
468,It is the case either that the Eiffel Tower is located in London or that the Mona Lisa was painted by Michelangelo.,the Eiffel Tower is located in London,the Mona Lisa was painted by Michelangelo,0,0,0,2
469,It is the case either that Conduction is the transfer of heat through the stagnation of fluids or gases or that the moon is made of cheese.,Conduction is the transfer of heat through the stagnation of fluids or gases,the moon is made of cheese,0,0,0,2
470,It is the case either that the largest ocean in the world is the Indian Ocean or that Plate tectonics shape the Earth's surface.,the largest ocean in the world is the Indian Ocean,Plate tectonics shape the Earth's surface,0,1,1,2
471,It is the case either that the largest lake in the world is located in Antarctica or that the human brain weighs about 100 pounds.,the largest lake in the world is located in Antarctica,the human brain weighs about 100 pounds,0,0,0,2
472,It is the case either that the smallest animal in the world is the elephant or that there are no oceans in Africa.,the smallest animal in the world is the elephant,there are no oceans in Africa,0,0,0,2
473,It is the case either that Cats can bark like dogs or that the highest point in the United States is Death Valley.,Cats can bark like dogs,the highest point in the United States is Death Valley,0,0,0,2
474,It is the case either that the fastest mammal in the world is the turtle or that Metamorphosis is a biological process in which an organism remains unchanged in form during its life cycle.,the fastest mammal in the world is the turtle,Metamorphosis is a biological process in which an organism remains unchanged in form during its life cycle,0,0,0,2
475,It is the case either that the planet Saturn is named after the Roman god of agriculture or that the Hubble Space Telescope has provided no information about distant celestial objects.,the planet Saturn is named after the Roman god of agriculture,the Hubble Space Telescope has provided no information about distant celestial objects,1,0,1,2
476,It is the case either that the study of matter and its interactions with energy is called physics or that the only continent without any forests is South America.,the study of matter and its interactions with energy is called physics,the only continent without any forests is South America,1,0,1,2
477,It is the case either that the only continent without any mountains is Asia or that the sky is often clear when it's going to rain.,the only continent without any mountains is Asia,the sky is often clear when it's going to rain,0,0,0,2
478,"It is the case either that Electromagnetic waves include radio waves, microwaves, infrared, visible light, ultraviolet, X-rays, and gamma rays or that the Coriolis effect prevents the movement of large-scale weather systems.","Electromagnetic waves include radio waves, microwaves, infrared, visible light, ultraviolet, X-rays, and gamma rays",the Coriolis effect prevents the movement of large-scale weather systems,1,0,1,2
479,It is the case either that the smallest state in the United States is Texas or that the highest mountain in the world is Mount Kilimanjaro.,the smallest state in the United States is Texas,the highest mountain in the world is Mount Kilimanjaro,0,0,0,2
480,It is the case either that All birds can fly backwards or that the largest bird in the world is the sparrow.,All birds can fly backwards,the largest bird in the world is the sparrow,0,0,0,2
481,It is the case either that Auroras occur near Earth's polar regions or that Auroras occur near Earth's polar regions.,Auroras occur near Earth's polar regions,Auroras occur near Earth's polar regions,1,1,1,2
482,It is the case either that the human brain is uninvolved in the body's functions and emotions or that the highest point on Earth is at the bottom of the ocean.,the human brain is uninvolved in the body's functions and emotions,the highest point on Earth is at the bottom of the ocean,0,0,0,2
483,"It is the case either that the human body has four types of water groups: A, B, AB, and O or that Pizza is a type of food that no one likes.","the human body has four types of water groups: A, B, AB, and O",Pizza is a type of food that no one likes,0,0,0,2
484,It is the case either that the largest unit of life is the cell or that the circulatory system transports nutrients and oxygen throughout the body.,the largest unit of life is the cell,the circulatory system transports nutrients and oxygen throughout the body,0,1,1,2
485,It is the case either that the planet Mars is named after the Roman god of war or that the study of the Earth's core beyond Earth's atmosphere is called geoastronomy.,the planet Mars is named after the Roman god of war,the study of the Earth's core beyond Earth's atmosphere is called geoastronomy,1,0,1,2
486,It is the case either that the Sahara Desert is the largest hot desert in the world or that the world's largest mammal is the blue whale.,the Sahara Desert is the largest hot desert in the world,the world's largest mammal is the blue whale,1,1,1,2
487,It is the case either that Cows are carnivores and only eat meat or that Saturn's smallest moon is Titan.,Cows are carnivores and only eat meat,Saturn's smallest moon is Titan,0,0,0,2
488,It is the case either that Venus is similar in size to Earth or that All animals are colorblind.,Venus is similar in size to Earth,All animals are colorblind,1,0,1,2
489,It is the case either that the only continent without any forests is South America or that the largest body of water in the world is Lake Superior.,the only continent without any forests is South America,the largest body of water in the world is Lake Superior,0,0,0,2
490,"It is the case either that the three main types of neurons are muscle neurons, sensory neurons, and extraneurons or that Symbiosis is a close relationship between two species.","the three main types of neurons are muscle neurons, sensory neurons, and extraneurons",Symbiosis is a close relationship between two species,0,1,1,2
491,It is the case either that the planet Venus is the hottest planet in our solar system or that Migration prevents animals from finding better resources.,the planet Venus is the hottest planet in our solar system,Migration prevents animals from finding better resources,1,0,1,2
492,It is the case either that the longest highway in the world is the Pan-American Highway or that Mercury is the largest planet.,the longest highway in the world is the Pan-American Highway,Mercury is the largest planet,1,0,1,2
493,It is the case either that there are no oceans in Africa or that the coldest place on Earth is the equator.,there are no oceans in Africa,the coldest place on Earth is the equator,0,0,0,2
494,It is the case either that Erosion is the gradual wearing away of Earth's surface by natural processes or that the smallest continent in the world is Australia.,Erosion is the gradual wearing away of Earth's surface by natural processes,the smallest continent in the world is Australia,1,1,1,2
495,It is the case either that Cars can travel faster than the speed of light or that the Hubble Space Telescope has provided no information about distant celestial objects.,Cars can travel faster than the speed of light,the Hubble Space Telescope has provided no information about distant celestial objects,0,0,0,2
496,It is the case either that the human nose is located on the forehead or that Evolution occurs through the process of natural selection.,the human nose is located on the forehead,Evolution occurs through the process of natural selection,0,1,1,2
497,"It is the case either that Jupiter has the Great Blue Calm, a giant peaceful area or that Sound remains stationary through various mediums.","Jupiter has the Great Blue Calm, a giant peaceful area",Sound remains stationary through various mediums,0,0,0,2
498,It is the case either that the Great Wall of China is located in South America or that the sun revolves around the Earth.,the Great Wall of China is located in South America,the sun revolves around the Earth,0,0,0,2
499,It is the case either that Neurons are specialized cells that transmit electrical and chemical signals in the nervous system or that the fastest land animal in the world is the snail.,Neurons are specialized cells that transmit electrical and chemical signals in the nervous system,the fastest land animal in the world is the snail,1,0,1,2
