topic,entity,entity_id,compound_usable,split
cities,Abeokuta,entity_c619cdd4b682d21255fec748c4385e77b3f45b4ef93b6fdcb8f8746195e1811c,True,train
cities,Abidjan,entity_afbd62642a9c2bde9c5a033457d1a372a56a88836c02ea244abd1b77fce6ea08,True,train
cities,Abobo,entity_508a7a25e4d752915f28c5aa7c09e8593ab7eeb5ffb0f06662cccdf13ec20309,True,test
cities,Abu Dhabi,entity_ddf3e1fdff48d03b0e21fc1330ac8df047b5413f9ecbf2e45683528e0bd939b6,True,validation
cities,Abu Ghurayb,entity_cb7989cf3e65ad94675d32e663bfc3a2d1fcf862ce8a5045c02d70ebfea9e60d,True,train
cities,Abuja,entity_c9ea9f64eff41af61c5da0f390bddf67d359d4faf1594b4d998eb55420a3fdd1,True,train
cities,Acapulco de Juarez,entity_092e823eade7d59b61de393a13a613c5a4e965ebd27dd6503d2b62d2871da3cd,True,validation
cities,Accra,entity_69ed95ef2adc7de39de5eae119b73bb4e4cda8ab77909a826c906e7c904a6460,True,train
cities,Adana,entity_58c121c48f3691fa0f01a0c41ebb3528f2d6ce12b99b4cf9f1a9a134c1d19ccf,True,train
cities,Addis Ababa,entity_bceadd6b343c4d2df0517cc51f8ccf77953467b330a726bc3a33bb0075403967,True,train
cities,Aden,entity_12af7a8bc7eeb1dfbf272b6fe1a9b174e3f3d6d80edeed5956285ad0469be0e2,True,validation
cities,Agadir,entity_f52cf0c64d00cdce0343476447f2725721ba9e1d1cbbec79cc568d892f7a4c2f,True,train
cities,Aguascalientes,entity_cb1c55b768839584e7a0e94f85e109b460e68221ad2ca6913b0af6a48aec2196,True,train
cities,Ahmedabad,entity_9ed7304d8f8672c2e7ea1dd9419c6770fc48205c5f9bad3491d268c8ac08b4e7,True,train
cities,Ahvaz,entity_1f2b497f034ffd330102647d7919dd0aff2f9903c93899a1c3865ae9d11ee271,True,train
cities,Ajmer,entity_01598358f97705079422319e257cfd8564800f791999af2af9531b9a254507ab,True,validation
cities,Aktobe,entity_51fd610b90ccb7cd682b7969ab7727853a3472684d498db124d9865bd78bafb0,True,test
cities,Al Ahmadi,entity_58b1894fefdc6c425afbc679ef0d1bc3a5f52af1052d4a1ab5b46b5148bb4065,True,train
cities,Al Ain City,entity_cf5f1deb367e556e0c3871cb0c91eb0270d14c86f8e50b0b7705f7ab76c7f66a,True,train
cities,Al Basrah al Qadimah,entity_bb1f576129190a05f6f31aaedff2388fdd8fa3a813284ed92489732d82cf11ee,True,train
cities,Al Fayyum,entity_0ecc790cdb99c179ddfef69dc9cb7104d15415f58e02625d8012dd59ca11d3f8,True,test
cities,Al Hudaydah,entity_74fc120449a9b156b904022bf6224abb969b429c30a3f3b2a5049e25063e9741,True,test
cities,Al Mahallah al Kubra,entity_455e347fd706c44acc2531dd8bd1e1fe17590ac4ae7aab58877919daa72e3d54,True,train
cities,Al Mawsil al Jadidah,entity_361bedb1aceb6d5956184687e38832460d03b5522547c9ca2855205586342c9c,True,train
cities,Albuquerque,entity_83bcad6d9bf268ca69cdda1d5e17e32375f745847864d44a9f65d1927e43ff56,True,train
cities,Aleppo,entity_3ef48c40b1aa902aeea6f9aeaa276b0ec700722bb3557585907398964ffa915f,True,validation
cities,Algiers,entity_6d1c13727af9c6b9139a1b1d49617348f6a00a2464f970ed00a5fd849c7c3782,True,train
cities,Aligarh,entity_f93e989f31b79ce1a15096a080af778306c53715eb34fff7d1cda91e0e30621d,True,validation
cities,Almaty,entity_78450d714d04cc1d60c8a98717b94e1fc7d4316324a00a78f88f2d0c90849ac7,True,train
cities,Amman,entity_189d3c83b7c794f19386728cc059269ddcc078803d32745a6a85483c5da6726c,True,train
cities,Amravati,entity_6efd2f86476c479f1a384393090893156524348238c36f772d4fceedb84df0e9,True,train
cities,Amritsar,entity_a440ca5b7b87f530f484dd77e07dac60591135b673057092cad033ce63982880,True,train
cities,Ankara,entity_97cb4eb3b3dd2bc5a63ecbb0bb017cde59a4f4ed02ea20cf1f320a43fb367ce2,True,train
cities,Anqing,entity_66864f2676721c8c18ebf2cee648d7acc2a8f705eaf584fafeaa053bf0e408ef,True,test
cities,Ansan-si,entity_a5a3305dfe3a4bfd53aada3bd64bde9812f264ecb2434b56cec12b8bacbc9e42,True,validation
cities,Anshan,entity_bb43ce83dd9456bb8abc6e41d11f30a3fa2bcd2482237c2f03f2b27878d39b89,True,train
cities,Anshun,entity_a922ce0d66030b07e4ee401cfb29c76aa4d5ba716e32be681e46c4e659f8b681,True,train
cities,Antalya,entity_539e970f11d2340de4a57aa2a8ab822eb4e9c5c1bad0f9ffdfdd1bcff42a9713,True,train
cities,Antananarivo,entity_c39b7491f88df021b19e85a20ad1fd057ed5745238532fcde9da8653a09a6b4c,True,test
cities,Antwerpen,entity_f41836bad9f10db0c2830d58d42bfb76696e655713140f9b0e5f93b62539080f,True,train
cities,Anyang,entity_8c13c49d7c8433403143c08c6863281b29d433e382c967c0b5042571fef12cfe,True,test
cities,Anyang-si,entity_82188a7424be3aca85c2bd73127cbd29c2cbcf5b8b5528733c1f5420a9a4a5e0,True,validation
cities,Aparecida de Goiania,entity_f9e735b34a259feab462b6558f2c17bfefc8fffbf0c1d67140d79ce0386e8556,True,train
cities,Ar Raqqah,entity_764490a7ae95aa310cfcc4e35bbb9cec2b5bfa797a13097cda8308b6cc14e6a5,True,test
cities,Aracaju,entity_da1cbb496ec58331e562744126ccfa63998278b338af0218aba5116366ecbaad,True,test
cities,Arak,entity_90cecd1297a2bd2b4f6d4ec984411f10c8da3a2b233f8203a4abdabe4b47d3f3,True,test
cities,Arequipa,entity_caeb040a9c10373e790fcb48ba13b4554aacb6e860508fad77b2a5c68e234ba3,True,validation
cities,Asansol,entity_7aff1731daefa5c0ec98ea47a75a70952f4f14f12a97a0b2ba4c102211eddf05,True,test
cities,Ashgabat,entity_5ca299afe16e208c08355ec3180dc2b119b7844cd8594943fd71109bea96c435,True,train
cities,Asmara,entity_6079ff443f472db615d98455273544ec92d4e2f185fed5516d6dffb2909dbd9d,True,test
cities,Astrakhan,entity_637d57f9db68999144bd7e45d60a0a2ff3d1dc326b0bf44e386d1eacd3a8f0f8,True,validation
cities,Asuncion,entity_c70a2d6135bc0f1eac36ba57963bde4d9422fecf3439eceba4265eeaa2f9d78a,True,train
cities,Asyut,entity_359a189eee4a5d6f36c098152a39237be3f2e17f2f230fe589da2b64ba8206e6,True,test
cities,Bagcilar,entity_c210b4efda70e5f93cb7f8e5aa4df1f08a326369846c7f31f1d8f41f42d55839,True,train
cities,Baghdad,entity_568b884dad9413176e25cef253b87cfe2673848646f8ccb9f5b1d31e06285c66,True,train
cities,Bahawalpur,entity_2fa647c461ce91302981f3b375c86e3c1fb121d78e52e66db63668de65aa8f10,True,train
cities,Bahcelievler,entity_ced6a7b093e85d8ade8920de067581c7b7df3464cf2c9c665fa6658cd166dcc0,True,train
cities,Baise,entity_0282a50af26947314a104dae9dac6f14a720734366b38903d5d5374500f7b589,True,train
cities,Baku,entity_759a8b1fd63c4c9e3836ab069d8702a66fcbe37f3d428fc7f72f31f4f3a02a95,True,train
cities,Balikpapan,entity_caab6e6e0c031b13d0cc68423ae4849d2c7914ea38cace94cea2e0ecf8925fe8,True,test
cities,Bamako,entity_b24a620f522fc144aede18f8db7b1542a8932462b9f40e42b13b4aac501b1b04,True,train
cities,Bandar Lampung,entity_3c02b3fc06941a0489b02e74f49e6be05552b376810cb37bba2bdf7e907fe20e,True,train
cities,Bangkok,entity_de4e68fc8af3858c9b342f6d52ded1ac966c5d44d1b752704f52c41b09a9f9b0,True,train
cities,Banjarmasin,entity_dd984f7d4e06466c9b422d79cbf13d86a0b2e8583187f90bf641c55318fe5f29,True,validation
cities,Baoji,entity_73c0934ed6d87f35250109422964ce3bc847a0090aaddc392ac2afd1bf84a907,True,train
cities,Baotou,entity_c6496239fcbae52760b673b4b83632e2d524b8721572c90f2ef5f38ead05cef3,True,test
cities,Bareilly,entity_b214e746ba19b19c9abda8a89f1ebdf3fe4e09f0e2499f2499098ab64f507032,True,test
cities,Barnaul,entity_f67c23e0023649cb229ed23eeea5970de49351f7dd8cb84a5608f030a7d146b7,True,validation
cities,Barquisimeto,entity_70aec098b09baa3f70d40f5fe8c9d35325360bbfd6ac5395026b65adb84b97f1,True,train
cities,Barranquilla,entity_86d66637a78a0b1e7054c781d47db77e942e526492b340a1d2ad334f4a532d42,True,validation
cities,Basrah,entity_8cb9f52c757d97af886485fe597991e08bc3a00026e16f96ecd32e4865818163,True,test
cities,Batam,entity_24ddd08285b2b0fa1a1ab13e94871ec20e7f0abf0869d95e299e8f4beb399408,True,train
cities,Battagram,entity_1950a397b780c04c6103f7416040402d84d6ac2139f282177bc1f034f5d99612,True,test
cities,Bauchi,entity_13ab0bbaf3f792b7e24b9ccccea2fd77314df57b5c305b47f637ae14e9994041,True,train
cities,Bayannur,entity_51d69b0568f9d78b4bd166af53b616d7e82d804e92f457df8fbe2787d95e0955,True,test
cities,Beijing,entity_e0b7ef7718baceccfdbbec3af290c22dcacbc29250a51d0d2c731cb4dbea7bd7,True,validation
cities,Beira,entity_1028e8fbf015538ac7937a8b3617e1cbcf04513c5611636c568de2d60ccd0bae,True,test
cities,Beirut,entity_dbc72697f2ab5a6a331bce5de20c6e1c2909d3de38df1c893135afe8e21d1179,True,validation
cities,Bekasi,entity_138bbf5dde0fc2432b46e451908c2e5dabae224ddc93330fb9c41daa99395037,True,train
cities,Belo Horizonte,entity_49238e92f15c6a9037dec2ca20f4ad54d31ca156c7c95886707656a503a23f6c,True,train
cities,Bengaluru,entity_175f2ce8474b4d17b8750706dd515e17e570a3f6448797e2e1b20151b61937c1,True,test
cities,Bengbu,entity_05cc7c67707344a427a0695df7ea254b37122770833d5de0500fa9b47c4a76ff,True,train
cities,Benin City,entity_f7e3152701c3848089a45bbf3c80c7a6dc79b1a48d7d82d7637d479c9ab1e4c7,True,test
cities,Benoni,entity_8a9b75a5d899359ea3a76e4dc25e93442f210bbb32dbd4bdc3dbbadbe4e24a65,True,train
cities,Benxi,entity_f1e7fbc354ca516c94ee5753f40f787302d8e13f59359a872a95d5be897aaa54,True,train
cities,Bhavnagar,entity_106851e26c19b00534aae2c423f4ee93684d909904356f142adb1d14faecf035,True,train
cities,Bhayandar,entity_28c04097dfb46f5e8d72bda8cf534561ae589d557a97009fbe9251e5662491c0,True,test
cities,Bhilai,entity_3156965b50124b9b085d06dfb6fc006e763d48b2ea707175ebf8f41acca3a0aa,True,validation
cities,Bhiwandi,entity_0b16be33d87b3b30a4102cbb6ae6281790da8a3b8a17368df9a5ecd063927ba3,True,validation
cities,Bhopal,entity_67764db1eadc4843f584618e4d95eac7226a2da64699fd32f7f16b3c677df62f,True,train
cities,Bhubaneswar,entity_4ec97c5bef97e5a051a32a953e1349310b7aa363c858eb57cb87120da2d7f41b,True,test
cities,Bien Hoa,entity_0a42d57d7f46a87ad8cb683e4f2eb6f64f40e32bb654408104d738f03f95016d,True,train
cities,Bijie,entity_327832db5d980ff49b61e0b6802b367a3c8534c417f98754e43f46f38adaca31,True,train
cities,Bikaner,entity_e221434032d16996d61a3107b586237c787742a8f325f726bb64ab6a951612de,True,train
cities,Bilimora,entity_f3e83c0a7bfd5fa2b4ccf373f072a68b1cedac6e36c3c82f8c1f15080f814975,True,validation
cities,Binzhou,entity_23c950f53617921f8d9cde42b36c0fbcc6272db9f06c24ccb1cd7f3922b976bd,True,train
cities,Bishkek,entity_f564f2585045501b9c17610cdfa4a06464cac1bb9e33e09542a8663639f4ab29,True,train
cities,Bloemfontein,entity_05ae3cc36aa8475f8849bb1460abed55a39c7efad0bc98ed60f56aae7ffbd289,True,test
cities,Bobo-Dioulasso,entity_f25e081509761b33e2b7b79d3e1eec02289527060495e1d129f44a01821063d1,True,validation
cities,Bogor,entity_1066c7ad9dddc059f61f6c712c5527a0214acfdfed91964656b864c584cfcc6f,True,validation
cities,Bokaro,entity_3f5105b88e6ef59a73a48561b2ab47a000bfb360996f4e7fd064cff59808eccd,True,train
cities,Borivli,entity_1491da8dd63788444782ecb8e5d5db1885736c5a4911ffcaf3e8bdd0189758bc,True,train
cities,Bouake,entity_5c45399a80e6bd586ec09c746acdb723709b7f2b4634c91ec9b12fef540c6d9a,True,test
cities,Boumerdes,entity_d9b4c22103c3b0104f6bf3379d27246d5859cd66cf93967b1aac0b98858e8f20,True,train
cities,Brasilia,entity_ad534749b8a0bb4b484af38c5ea97042453326adccf3f6055c4e4ff735634db3,True,validation
cities,Brazzaville,entity_436da74789962bc12417c0e4810501a6c955f868965c36e36035a39dda54ad17,True,test
cities,Bucaramanga,entity_c0c4c96ffd77c2c01468f758bc7423fdb0f317d662e9ed10c3be39971b5b71bf,True,train
cities,Bucharest,entity_903c8c44aec87a2f5e555094a033775bd3b3864d61884cc9625532f001f853da,True,test
cities,Bucheon-si,entity_f9c25b82147c35152fb9d8ca0d42f9fc16a6648a14ea37ffec98dd0ddc8f2aa8,True,train
cities,Budapest,entity_e2cf2a6126b941898c12cf92b1473b7660b8bc4886dbd63ea1f72b90d383ed41,True,train
cities,Bujumbura,entity_b5dd4db3ebe995ba561faf71a7766bb0b8303c1078b7880ccad08bab2a7282ae,True,train
cities,Bulawayo,entity_f1c73fc5a906967121369ae8216cc2a749a65827d9a67766ae9c263c8eb332d1,True,train
cities,Buraydah,entity_4d86fb31d48035480860b08b8951e946cafeec2886e66e056e4807b51376b5f2,True,test
cities,Bursa,entity_12f93607dad2c2e05c2726f0cc01064292bfbabfe2fe8f74541157158083d155,True,train
cities,Busan,entity_c288106cb5c8b74859fa9fd9d99f60199d2d2fe4be296e89a5dbdb45aec6f12f,True,validation
cities,Calgary,entity_7c96183088c9260a17ae396c87a5df55d9011cd62d2f0d18634836d4e1ceb034,True,train
cities,Callao,entity_8c3c32e056747379a02e1b6dd27a38f1d5aa4760a67daa438273c36eab94984d,True,train
cities,Caloocan City,entity_54908c135c7aa72fef7806ef5e716ab85689c5e2d558eea16d2abd15e3b065b0,True,train
cities,Campos dos Goytacazes,entity_e55d94a14117f1e147f0c486705b4d94b0a09332d4be29241376db32af69c972,True,train
cities,Can Tho,entity_0792d533880bdb08880df3878b192507f54bbaf659f96667fb6d45fb0d592bb4,True,train
cities,Cancun,entity_edce158cb250e18ca4934e7e2bab61883bac7cf96d3a145a5970d86eba8ec818,True,train
cities,Cangzhou,entity_e876bfa48684caf7b28ba29e153a6b421056bbb7c8a0917071245ab8084a05d3,True,test
cities,Cankaya,entity_39367ff6f0d62665c2b5ca7f9b3afa0810996408ec976ab00798a266d268ba83,True,train
cities,Cape Town,entity_5b987b7cc65ce3263f21b9e4d2189dc7471395695bd3a3b00223fd081d68f3aa,True,train
cities,Caracas,entity_f94fd5c19baaed3b1fe75ef84492cf25fc6d6c730c73ec5d7d357ae73c8f80aa,True,validation
cities,Casablanca,entity_362ffb8b5a335632c3928b576ba2d4e8b26889be6a8c14e481d573805ca4f389,True,train
cities,Cebu City,entity_95da90859a580468e1f1a137a51255df09ed58e191c7504461ac3d17026d34f7,True,train
cities,Chandigarh,entity_747fe2c15e4b91b0636d3deccb395d66b1dd5ecf47644c56422510bd654debcc,True,train
cities,Changchun,entity_12b686f3c6706a0004f7c34d7d7694162e07ac56718a1d6f67f8724a3378c66a,True,validation
cities,Changde,entity_d3f1c39db4561a4235b521e6a4ccc385ec2e460bc4a6fd39ae4c00ef12c7cf5b,True,train
cities,Changshu,entity_18a9505992d4f50abd995e4f2ac941e0f94a5e956b63883bc63f0a3630dc4597,True,test
cities,Changwon,entity_b9341c55dd3cdfd67d0c64bf66a9e2b1bc0bfd8d5864c5d1553025571d6088d5,True,train
cities,Chaozhou,entity_04fc9a3fc44a06ed10f3cc9fdca4d4e9c97204863b74338d7137309af30c2756,True,train
cities,Chattogram,entity_1aeeebb7b2e64fdcd666004a4701a715c9db78840316a3ddd48c16305166c2f6,True,test
cities,Chelyabinsk,entity_1b6f0f186044fee80d034f9c0f04b70bea27c60a64e01829f5db1c7b358f8f4e,True,train
cities,Chengdu,entity_09873d5b7e6eaa650773ec2438968a436171aa0f77e4a462fcd595644e1b32d8,True,validation
cities,Chennai,entity_a6e4f75cd04f461274cecbcfa160780ffacdcbcb39e751a2eb9b89f5d576d5ac,True,validation
cities,Chenzhou,entity_d6ad9bbafa6630e37f194f31e047c6f19c41ac19b97845a6f9a103a51c3875bb,True,validation
cities,Cheonan,entity_fe9841d34df2cc9a2fea8d55465afa44d59a7186e451d5faacbfa13df51f5799,True,train
cities,Cheongju-si,entity_baae5bd805669ba054ec6e4b88fe0c0a453b286b1cf65e52d8bc7efc4c11ee35,True,test
cities,Chicago,entity_96e77ac18971a3aecc1196508f34376ae8df9c38214aa8b029603ca3c2922dd6,True,train
cities,Chiclayo,entity_883b5038b71324551fdb0c26af79cae26853058f185b2f41813cd8bc7f5536e0,True,train
cities,Chisinau,entity_fbd50eb0106974c7b8ccbe539b8bfb1a2c856c3386f9a46b4f6f4624b30a9ebf,True,train
cities,Chizhou,entity_1bc7a607a0896fcdb25ff05ef0785d4e00022a5053ee2f74f15a4b7e3f74b5df,True,test
cities,Chongqing,entity_1951c1d67fe70fa39e61ff2f57c1efff7c25b2fa265a86509d0d8295d0b33425,True,train
cities,Chuzhou,entity_ee501cb551759d55dce0fcab0201a973f69d93eca018d97799938ce874ae4e9b,True,train
cities,Cimahi,entity_647445fb6411e2864c575d822c914a458b4c9652598fc69ac794aba13025d55f,True,test
cities,Ciudad Guayana,entity_84f146acd026973aa01cdfca937c4a383206bd2e28e2c02eb22df6f3d4694732,True,train
cities,Ciudad Juarez,entity_0ddbfe19f6d7ca1bea4da372c0d48398621cb65d83ea62185f6ca2a64eacd0ce,True,train
cities,Ciudad Nezahualcoyotl,entity_ee756c15ed16cfa1a62f2d1633cf788033a2de1a43f8c351c5247e51596789db,True,test
cities,Cixi,entity_ef4b0d1d2136e68b7dabf7786f9c0c0697d133368689344704dcce239541ca52,True,train
cities,Cochin,entity_fe24eb05dccf488d2b05e1e899e9a5e7895a013a110c424684b227939c2ab742,True,train
cities,Coimbatore,entity_d2df033e4cb4c48236c6ad9dacd59073ab3a48a30daeabeb4b0c202a85e16787,True,test
cities,Comilla,entity_6eb549ccaab4886f55aa2c95293f56ad73fdf4d4d5e7394804418cf6271349da,True,train
cities,Conakry,entity_0d7d952456971ad4a960d8e6eb5a1e1f4105a831a7e25709ed4ee5261b047b64,True,train
cities,Contagem,entity_9cacc8e8f1728f30f639ddba0ac24231be2c2d174a610567b835c363a7a96558,True,validation
cities,Copenhagen,entity_195ff6352973a8be1e2fb4906efb48ff088d064b2e2b6143741e74726dfd79a1,True,test
cities,Cotonou,entity_062233816bf7b0bd44f36e7d55cef1dc47142fcade6555b1a417500d2eb29daf,True,train
cities,Coyoacan,entity_d4029a256973b7f58aa443cf97e1a602608cba5077d55b623f46e3f94dbba339,True,train
cities,Cucuta,entity_8b27bdb5fb47a61570bb4ca00ac81d6ef159161ec87f8e7050e2c279382337e2,True,validation
cities,Cuiaba,entity_47842eb8c6a526a87c08050f5a62ccb8d397fd3db84f76106ef3dd8a1622a38a,True,train
cities,Culiacan,entity_58398870cfbd33ca2f361b4b67d54c03e0aaed51593555f207ea5a5f11ef6795,True,validation
cities,Curitiba,entity_59d6b6ef55bb360fb79de73978bd4d6801e797a0dc17fc320d82afb47c3281f3,True,validation
cities,Cuttack,entity_08e2ac2bcd9be7fa4bb06296f650cc23f31dae7825a57d1f9e01ca5f653cbae7,True,validation
cities,Da Nang,entity_2769fd47a08549678f752c66002777f6b8d34c63c4514eece3cc9689070786eb,True,train
cities,Daegu,entity_8cb20215158826023659e1a39df74a14b3eea2b7eec8d93e0b5456fa1846f077,True,train
cities,Daejeon,entity_48c070f85e1ebeca7c4a71948236f63b8dc693b28eefba2bd62d253fb48e7ac2,True,train
cities,Dakar,entity_da05c3a51339be66f742e6a629758760291c8e11fd1e1eb2999803ef73d81203,True,validation
cities,Dalian,entity_7480bdc3bdb42b3a7b188423c9dfba1d975f83df5f036b3398cf3e061c3af8ca,True,train
cities,Dammam,entity_87a774e50756f1eafbf25d1ac2036e28a0c18f9b6680378d6f863740135b868a,True,train
cities,Dandong,entity_a88e9d80f9065d08c39b6700cfd288962c48b37c45969d1b1001f5b721cd5714,True,train
cities,Daqing,entity_0891659f318d304c5f14bdc4d1d6bfd09fe1db8853ff7b81e96f63790fce68f7,True,test
cities,Dar es Salaam,entity_97cab5139911774db82f5bba85cf6a18275c728ff1655a3ea23954219ec3825b,True,test
cities,Davao,entity_832aa3a25c5d8c21173dbcb0d1ade9597066b2bc9009e6af1ce52221235759e6,True,train
cities,Dehra Dun,entity_62c89057e1da605fdb7669537a3f1cd0e1ea39f90ee1659f6df402ec4bd42393,True,validation
cities,Denpasar,entity_899b61245d69662b613c8f7c7cf0ecc0f6fb8b9972dd1f7cb87e1120a5ec1454,True,validation
cities,Detroit,entity_dd1446de0c7e26f1a83843ff4ce4b9e46552c1a8f92dad09413a435e93bf38fc,True,train
cities,Deyang,entity_8549419b1769a2edddb39ace13adb7008d365cce540d560eaf15125d34488877,True,test
cities,Dhanbad,entity_354dee94e4f11f829585b190946c3ff7df3dc89ba31c606f9b1389b9c512cbeb,True,test
cities,Diyarbakir,entity_2c4741f4b7ecc3d94d1becc585bc4cf1c6ca718ac4d73d049437b3ea75644972,True,train
cities,Dnipro,entity_bcd99290317d6360b9e75d94ef56403eac97de3f67913f5970bbc967cf8049c3,True,train
cities,Dombivli,entity_4f1b71d20075d1750e3450a3f9deac14add5d160faef51ed2dd9d7640b010594,True,test
cities,Dongying,entity_900f60139957c3f213b3f7454d05a84fe51317d92fea7cf7ba4086c180003bf1,True,train
cities,Dortmund,entity_4656041c6dbc434490ec8b4ac3108531682c806aba68289852078d7218b28ec4,True,validation
cities,Douala,entity_033f1a0f686afbcc4d156382058217d695967e6c4fb5233580748609bc92dbc1,True,train
cities,Dubai,entity_48a6427f801826e53421529f4ef01ab46889bb178af81f39d8cc5b8df8bf16aa,True,validation
cities,Duesseldorf,entity_2b008df8371824ba36b0fde7e604113ed0d5f1cccdc344d7ca62e037b60751f0,True,validation
cities,Duque de Caxias,entity_c48c1a1c938712b51e851d46a3fb3599d0c6cba2b2d1ce313c1492d54ed73215,True,train
cities,Durban,entity_adb729ab3604549a01aa6e778676066431f1ad3434967ff923db13822bc947c8,True,train
cities,Dushanbe,entity_69b36f0efe342a62f5f88649698b0051fd99d0c0217c2b6b7e3d8847ee51dad8,True,train
cities,E'zhou,entity_8748a5a1e92ab251fc84a53e01aa2e306c27450ee1ee6499e01f5102fd30e504,True,train
cities,Ebute Ikorodu,entity_55713819014f36a6792ea29887e1e5430566c2bd37c6095731a363b1e5c97bdf,True,validation
cities,Ecatepec de Morelos,entity_c8ef5be0b932207031751b1a7dda6ea8955e088f08711e810ee552bfe3e36c75,True,train
cities,Enugu,entity_3573eff54c9d27986878772a17af3f1e8bd89703a9423da6334bed7eb10bbbc8,True,train
cities,Erbil,entity_a9fb84266c43c27978f707296fe388adb6f1d0543167448e135a428e25ed5833,True,validation
cities,Erode,entity_85be2e79c17b77973b963fd10cc43e52caf3a626e96f16f0854f7c3ab14d90a6,True,train
cities,Erzurum,entity_477ff350d5e150d07282fc8ed233bfa2b0b4820e823559d10e0d05eacfff5d74,True,train
cities,Esenler,entity_8b21374170d6a760e75f7caf5ed4443487311e51619df9b8edde05870ec6a2b0,True,train
cities,Eskisehir,entity_dc1428d832c89a0aee80e71a8e38b056f06a4755a69717928e5755271b459134,True,test
cities,Faisalabad,entity_ea9b1d9fab82533e68e29df3e2e762f6ef9a2f887ca5cf2586493cf45d90c7f3,True,train
cities,Faridabad,entity_3514e1659575a31025bb998f037771090ae4d87065e96db16546c65f16fefd8c,True,train
cities,Feira de Santana,entity_6be64c518a673673c972610ccaa0fee16dd10cdd193b693a8ce0cd44ba529d38,True,validation
cities,Fes,entity_3a62e243778eda338e1ebca26577ee00e055b80f5677a2cd52badaa658767a04,True,train
cities,Florianopolis,entity_48fe93418a13c1d1c29f3103117c3b2d02736bfe157fc47eea622a69918d536a,True,train
cities,Fort Worth,entity_ec5bcf666a0d488d067ae59443ca23da92e5be4d56b4a41ef1e10435ed2a2719,True,train
cities,Fortaleza,entity_56598462d923e0f97602a6b77658cf61694970871a8f3d2c1e2c0a4a34472542,True,train
cities,Foshan,entity_a790d9ab6f4088eb0a025f828794c222e8231cf7bdf3d4eb5e4a525c9869e51d,True,validation
cities,Frankfurt am Main,entity_e49935f5d6f8641064c3cd2905a931862ef919bd852523488fe1439ae5675274,True,validation
cities,Fukuoka,entity_4c51e83f94040e163380845b4edaf6ed5066ad3a17b13ec0958d126c6894cf86,True,validation
cities,Fushun,entity_22a2afa2aaeeb499a173488d23ef39f88e57a3b15dff7f987b748b906885a4c1,True,train
cities,Fuxin,entity_d7cd2d338cf3424fdb6e6843f23cbd82ced06582333ffc0196e5392ef122fa22,True,train
cities,Ganzhou,entity_aba7e77f9b4e15716613537f7f747ffc1899b80ba0fa22f2ae02277afd2ef980,True,train
cities,Gaziantep,entity_e68e12df518d70f585f131c4688621cb9f67e24627bdd06fc91e784f248ab35a,True,test
cities,General Santos,entity_9344da85bd6b943eea28309c9af370f53d036b9e68c37743f1e0c310b01041b1,True,test
cities,Ghaziabad,entity_b791b4738b432262352ba586e39e4ddb3e9d057eabe0c8cf1b9726e553d8a990,True,test
cities,Giza,entity_c62633a49320f55aa3ac3e34e35b5c562bbc17ca4c36decd398e2acb2c2cf4d6,True,train
cities,Goeteborg,entity_21dae988d3da437856c20150dce4df63619abe7569809753d2409c47906b89c3,True,train
cities,Goiania,entity_a0243ea2778e1374fd4598bfe31c4d4d9cdd74068957ca32ffa37032b4e7477f,True,train
cities,Gold Coast,entity_2e8ca78a29c9ceddc1bbc46a7758eca8b451e967cb0f4d705e0f247ba0b9ec2c,True,train
cities,Goyang-si,entity_ae08578802efe38ef35725d177d42194feac672aa03ed0d85a3dfa1a0b14db20,True,train
cities,Grosszschocher,entity_b897fde0df14311066820e3174acfeffad0ece9a230403fcdb3095bb92d779b5,True,validation
cities,Guang'an,entity_8082e06cabbc96d0d266e6e442cfa43fa8560989838327453e2bd85222fa844b,True,train
cities,Guangyuan,entity_22bb8809f1c916aee5317d28db87b578c1a5d5a08e295758f6e9031f5a82341d,True,train
cities,Guangzhou,entity_ea28d1e882cf6d850ed29d15e84843fa15436e9ba6c34c7879d22f628aa6afc5,True,validation
cities,Guankou,entity_e428f89a507515fb9b5ffc8e6dd2ed19cfe45de531887a4d7255ae149e2641f2,True,train
cities,Guarulhos,entity_fc98062ffb5f354bb3306fbc3e2ad6983f213b37519ee8a31790b072e63b5fef,True,train
cities,Guatemala City,entity_b1055c6ab3c21b6d10500ea25889245613c46b072852d20884fb2157d015dbe1,True,test
cities,Guayaquil,entity_6ab7df3fb284cba535d1f6bbfb60a1414df8b826e156f57507e4a57d135e5620,True,validation
cities,Guigang,entity_ece3c82cf20f35a2092de9d346eb015e039dfe50c83385a0f412df1130993211,True,test
cities,Guilin,entity_e8a1185054f4cc867416ccffcb31dd14c5fdb7bd53673531746f9af62a78e46b,True,train
cities,Guiyang,entity_14dc6d9969db359fdfcfa74a76f95b6d536f18b3eaf23c7510851a9fab40a597,True,train
cities,Gujranwala,entity_4a709e5afefc0c85c7ecb75be9a38025dd8e0cc251ff98a7b34d0072f86b1258,True,train
cities,Guntur,entity_7a041bb612d543dddf5040302340b1a57507feb6153f7f4f07c8c956303f3595,True,train
cities,Guwahati,entity_1a11c3ddf5e439088859fc203fc73b0cd55f67367a9153df59a74ae34d7cdf0f,True,train
cities,Gwalior,entity_a8aea7161405bf11d7a8afc9bb0c5252ea66a216d9b0d65fafb8bc1bedb0d229,True,train
cities,Ha'il,entity_9cb56bfe136e009eda6c571f7648b815a8c6d62ed753cf6556b309a4a470c8bc,True,train
cities,Hachioji,entity_0102dcbf27419ef7f8cc2c206643a5cc8800b3fd834b3f9da208367fa6a119a8,True,test
cities,Haiphong,entity_6564f5c36bd3512168c4318d74e090798c8d6cc8e2bd980e80b056cb339a8b3e,True,train
cities,Hamadan,entity_0a4417fee5376423a58f0269e334044d3484226c6d618b3828b85d2ed18c62f7,True,train
cities,Hamamatsu,entity_879bc670c6f1f371c066cf1b1377ea9af2bf4d2dbf58be895e4c3159145ebd2d,True,train
cities,Hamhung,entity_914112ebf58c84bcb5896c25be11f607ffa5389705902d03cac9ed6450def065,True,train
cities,Handan,entity_dfcbac7e2558b60123b698d9bcd178e0fbe3582c5a865f10341d262ed1392f87,True,validation
cities,Hangzhou,entity_7978a58bb92f2ca49011355a6dfa105949164d0bc77b339d09bb0eae8e510cfe,True,train
cities,Hannover,entity_a9a8aeec3bf18d515f62a199fac892df70a97ae8ee7ccc026e8ec890efe39b74,True,train
cities,Hanoi,entity_b8cd6ed7e00d068cbeb61f2b7195869bc5f007db14498c8000fa23d940d9f047,True,test
cities,Hanzhong,entity_fe10faceb378fd34f7f2ecb4fcb8e87ce81f4f54eac76da411a16b35fb336d8b,True,train
cities,Harare,entity_3511f4ae3741355b5f0e283c5b45132185eadbdb178fc9736af55f0452289f3c,True,validation
cities,Harbin,entity_738d9ad7dd944cc449bf3e09c11e4cbdf0c577a2efff3ea45ea070c496c2ef13,True,train
cities,Hebi,entity_478c96e234b3de59000fbdbe152cb003905ab90fbd91becc772af7a94c9ff8ec,True,train
cities,Hefei,entity_cfa370ead8f1126ca1bb4212a78748f3d97e83d9468b47e4dcf3a06db7b1f94c,True,validation
cities,Hegang,entity_d90b52d84b4b56ccb60e5de1c75d4d8fef48f5c68ab0cc12a28dbbcda03dcf40,True,train
cities,Helsinki,entity_3f4b7b403a2697b9d58ecad589a987ab5560c079071709c82ade9dd584641ecb,True,train
cities,Hengyang,entity_2de8dbfd6af65a5d68c238d1e29e03671a14d3734d25362ff49e1829b8745dbf,True,validation
cities,Herat,entity_8d9f9f65e84dad9e1cc5cfc2504b8680915eeb9171f2c61372c0fbe4565cc161,True,validation
cities,Heze,entity_bbfb710cb5f4c392153df9c18a5cebe922ea674439401e623e7fc8df90f7988f,True,train
cities,Hezhou,entity_52ed5fd4f3aeb9f93cd536aed744de4cb7ab441e8704c6ef861f0a61c0a74ca2,True,train
cities,Himeji,entity_efdce7063ba449641f7211bccd3975a7999750932f2f3f5fff2064b96e9e913b,True,validation
cities,Hiroshima,entity_1cb7db179fd4d66bfb8caedf10c12c41e7fd30500e6ef5047c95e025dd3d25a8,True,test
cities,Ho Chi Minh City,entity_0d994af6e50a32879f6d9b8ef43be92a4a6be52001453e15ef8774240eac9aff,True,test
cities,Hohhot,entity_390b98bbeca520e8c6e204fdf7de821b4c11d6afca642fc29a90608b04f70123,True,train
cities,Homs,entity_3d0a634426a3422f6387a3ad2adbf49b0c5896dabc7347c792c6a55cae04e1a8,True,test
cities,Homyel',entity_b0d08bdcd96b86e6718444ff274fd7b764a8479b08b0ff2bb09ea8a704c52ef2,True,train
cities,Huaibei,entity_a6ebd1d4f2d7c29bb026460fb1376d46a93c110159aa2c05b99012dca9ab50ab,True,train
cities,Huaihua,entity_ec54fffb9194d82ba2c64198f46bf7d35c9ed6974ba9e1bd5c639989fd87c70c,True,test
cities,Huainan,entity_5b130d341a23ef6d916468c4cb7cbb2203196642e8944b91de90d1a704182ade,True,train
cities,Huangshi,entity_5c6e5546bcca15fb556c9f1afa1e9597755a9fb538cc7f1ade117110d1ec060a,True,test
cities,Hubli,entity_07293f5446fb2a87621f247762a1e99784b6716a04826826f48c01419cf3eca2,True,train
cities,Huizhou,entity_3109af07d9877749fb17e829b710998253f8730fc8973f7e75ad38643a7d8c42,True,train
cities,Huzhou,entity_8d4d82c5ad5a84d6e6c34fd27932c2033bea45c84f6e1e1ce1813323fe3bc160,True,validation
cities,Hwaseong-si,entity_2972c95f7ce56f32fae6e6ebad012f249cda84015e356706cc6aa7063ca87947,True,train
cities,Ibadan,entity_577726953b7414a87938eb614170e12e27281d5793483c80470773ae9c3dabfb,True,validation
cities,Ibague,entity_b552f320aad518d5e94e7581eb7ea3479f3e2261e59d1e74d883bfa9beac0dd7,True,validation
cities,Ilorin,entity_576d80a17a13919c67e55be0f95f1a36beb4c5a281180310b01b93ef8953157c,True,train
cities,Incheon,entity_edf508dd7d48753c449003fb50c8f96e75df87867f49d44713731212891b5f3a,True,validation
cities,Indianapolis,entity_e1e660acf5c7f2f70bade568ba40326d8708ed3c08e1628977437cafcff6f421,True,train
cities,Indore,entity_ffcd71ccf59f5ef5e7e113d8995849e337e73f80dc0330274c415dd71f7fd12c,True,train
cities,Ipoh,entity_064e7483f1349aeb7f8f5c457e07499091eed4f9d3ca0d122d6bb8942554c32c,True,test
cities,Irbid,entity_b0ebaebecbcdefe5e59e15def32fa7391ffa93c274e71223c2bbe093710027d6,True,train
cities,Irkutsk,entity_a19d850e8891987432bbad81d5cdec884cc03ebe54e0cc5e6283888f22d10fa1,True,train
cities,Isfahan,entity_ddef22939572ace29b73cd2742bd901a007838635cde1e1fc391d121e86ff152,True,validation
cities,Islamabad,entity_9cbffd9601cfdc6a161a55e345c5a3627121addcc2365e3014a1bad006f875cf,True,train
cities,Istanbul,entity_d0686f3f0e0f02a3ca229c474f16fc59e47f4897c37b64d6e569644f7806f1a2,True,train
cities,Izhevsk,entity_30508da0f8b6439990178287da80659791e34aa7e270cc5be6be71a99c89f3c3,True,train
cities,Izmir,entity_78f934f1db7d5b9fa724b540b7333e7322a235094c3dd01b65486f9d56b886bc,True,validation
cities,Iztapalapa,entity_209170067c8ad2291e7c6b78715e48288de2ee6bc98c70c06b6d395885805b5b,True,train
cities,Jabalpur,entity_1423b63547144900c4928b1089552561549d90e5d3341363c48833b2f969a7c2,True,validation
cities,Jaboatao,entity_3e9b92a97736c8b52bd54a64c265df4fd7087ee4a612c54c9ee1cba5decac816,True,test
cities,Jaboatao dos Guararapes,entity_a5cd377f426f4b6056a266cb57f0d312dda3a20a663bf3f1b5990f2f4e83656f,True,train
cities,Jaipur,entity_7fa8e644c8e0729a2351e04359f08ef07aa4dec84c05d28e788436e879424305,True,validation
cities,Jakarta,entity_474e3a559f4a975093c24af665e0ae995b8899c0251163599b4d151b1bf3b94e,True,test
cities,Jalandhar,entity_6c35a2fa9a607bcf34178f3c0ea925b56991d55d13d2ecc5548daa9b57c5c401,True,validation
cities,Jambi City,entity_9d1249191f1e8ab98d1605dbe038faf0592d9cbaad1b0250abdbe812cabaecf1,True,validation
cities,Jamshedpur,entity_79e228ac11563c0a17a8ed8ab158dc06d7f36aa55bc849e6330c262bb2838e60,True,train
cities,Jeddah,entity_34da6cfe5f5599db6294eca8ee1eef42dee41c3d861ede0c91eefac04ceeec0b,True,train
cities,Jeonju,entity_41fb56080e2830eeefd21ead148381aab2cf29a47ad9375d8956e641a2d11d9c,True,train
cities,Jiamusi,entity_97406343e342e2c96690f8a7df2c59b1f358d8b016917779ec035c9efbabbfec,True,train
cities,Jiangmen,entity_a3de5f149791f034c3fa768ec47f5ec8586c753cac9f412c4ce054cfabca4a6d,True,train
cities,Jiangyin,entity_f7fe192b25821f8aae4ab5ad0ebce2153dafce293dc3fecc5bab1127177ba1fe,True,train
cities,Jiaozhou,entity_d7186bb8d31de13d1416c147adb53139ac8045f98bbefb7ee7ce3644b5239a4e,True,train
cities,Jiaozuo,entity_99251fdef44f31e3630ee8ab2d53094da161608f91439dee3e428fca6e8bca7c,True,validation
cities,Jiaxing,entity_3ea8a31cd5fabad4f7beb390e760ead3a40c2d5272d1c028aeae88a36f9d15bf,True,test
cities,Jieyang,entity_d9bd25072aeb501396220598466096fdcfe944a3be170d49d6564f4c8b29f2cc,True,train
cities,Jilin,entity_512cd64065e495e8f7080f6f567b08a3d0f19d0e8db14add52f30b8b46b4334d,True,train
cities,Jinan,entity_94cd88c106a745e536c588ed7148f55e04eb7cb7caa010d9a6dd109d991c9883,True,validation
cities,Jingmen,entity_d54520ade9d7fd0eb9eaf439598462c172a568d2d097bb051c10bcc2ca9aae95,True,validation
cities,Jiujiang,entity_f689fc7d2b79e41ab82a522ef64e9dd64df6ac92d7ea43da26a7747fd5af5457,True,train
cities,Joao Pessoa,entity_dd57405b5761ce4c5dd8dac2e315c49b3d8641240e77b69a4c4f413ac3632b16,True,train
cities,Johannesburg,entity_e1b57586d2a841e5522324f2c93ce4e7438f5b193b93ec67d4dca1af94b5dd1b,True,train
cities,Johor Bahru,entity_d6401fee7c3a20a967aa3b7457d20812ffcb2e745faf80fe63040fa9524de94e,True,validation
cities,Jos,entity_267674df801c442c65b3681bddb6406b650fff0be9c1834729626a87f4cbe3f4,True,validation
cities,Juiz de Fora,entity_1a08d2b9715ccdf09a962f5b7c0a51cb056b94c8c50cd1e39ebb0d73ebac1164,True,validation
cities,Kaduna,entity_8126fcc188fbb772efb0d33ae5a066027398d0e79a9f5f13a80c54ef33c238ca,True,train
cities,Kagoshima,entity_0272571426c0b3122c9a50c1373fafe7d51b10508cce64a8efa269161c196261,True,test
cities,Kahriz,entity_88d2a71892a11a07c4cb4ea0c17702da1a11e109ecc42f8c62ccd838257b067f,True,train
cities,Kaifeng,entity_f7d8c4233cc2c1fa46f6af8eef712fc46292a1e7cad821e69e13370d00d5313d,True,test
cities,Kakamega,entity_b8895b6384faaad1de8bf346226cf48ab78b49c59ed59ec010075a6c8cfe09c6,True,train
cities,Kalininskiy,entity_1fed3839ab5b0b162e2346503bd7f5fdec5b5425cf9067ac1fbc9b42f1000a67,True,train
cities,Kallakurichi,entity_742857e77c232c1fd2e411cfd436c80f83a37164def0507bc5f3c3d9c272b034,True,train
cities,Kalyan,entity_ea4fd2a9860c2504e6520295953e3d4cbabc48f0893dad5f2d3cc29c99016310,True,train
cities,Kampala,entity_d8dc3759ac9787d6db6a63ed25551908e872593ae2efe14a6428410243f665d3,True,validation
cities,Kampung Baru Subang,entity_9592e3ca09d68a2fd8f9e0c1a394358ea74478d00d76c3d83d0c097b4c0c7763,True,test
cities,Kanayannur,entity_022f9c4372fe3cf5a41bbc95fd7ef1521a52a6f4159c664d6c04b55a36357a1f,True,train
cities,Kandahar,entity_f8f9b369719c29f7531db3296e2ca0bc23dec7d65bdf849ef3bcfa1ca6e0c878,True,validation
cities,Kano,entity_9c429862ca57444e16fcf7422a5777ffdb7d75a7d3d736ba73bd4d056057ea2e,True,train
cities,Kanpur,entity_2f160a0d97b8c44661adbb311c5a7ac91034e2399676f50d8fd62610acada3b2,True,train
cities,Karachi,entity_207341c8e436e522630992c55fad93db3c62f78e9401a38ea6d430e6d69fe5b4,True,test
cities,Karaj,entity_5e1c77fa0a5236b5cbac383c6f150384f891f39405a21a8471dee349c2259fb4,True,train
cities,Karbala,entity_f5cdd6c1d846ff5f0100e0518d723519ac562ef5c30d38b24c26b2bfceb156a4,True,train
cities,Karol Bagh,entity_9a5db4d1bac62808c1ad4341a1ede8b7255b7cfafba7c5c5617ddb57a028a48e,True,train
cities,Kashgar,entity_8d803135fa00f51b2bd29251870075c0a1fe57f6f06120d60dcf81a6242a99c9,True,train
cities,Kathmandu,entity_3aea9f5926fb681adfa72477f03cf98c97127a56e632c6c3784c765b631627b3,True,train
cities,Kawaguchi,entity_502e5caf73c7267cbf1ff23673a5f759de3276d27304e9c999f9e98a40b0865f,True,train
cities,Kayseri,entity_74796dc87bef798a0e067e43d9162f38d26a371b58cdf4b3535f0e1e1abd2579,True,train
cities,Kemerovo,entity_69d7ba622623c948cab04ca2333d3a862669e141f86df66f8db78047a2b4d407,True,test
cities,Kermanshah,entity_fa351c6a44e6681f893309fcb313bd2aa3c84ff6f8f02b31744f587269ecdca7,True,train
cities,Khabarovsk,entity_dada3746fa8554b8ed0b4699e5077185d0cfd50a3b3d2593511735d099895cdb,True,train
cities,Khabarovsk Vtoroy,entity_30151cd4097bb3c74f9fb93fa860d21b20e52d548d60681502ab15c5f4aed6b5,True,validation
cities,Kharkiv,entity_a5ffea2114c1c410aa05be4eddaa17fbcc6b902419ed6f85e5efbd4e39998552,True,test
cities,Khartoum,entity_1d3bb1e0d7b377df7978aeb23b13fea786d507ba82276adb3e625e3cc5fa7541,True,train
cities,Khulna,entity_2853de349bcca46b38f6fe237b76ee55c3627ec854a659ae37c00c72f7fd318d,True,test
cities,Kigali,entity_2a7a791cec294fe3146f80ba21461df2e8087a4093e9f1e0bbb72d88550f083d,True,train
cities,Kimhae,entity_4bb6de93985e39846a5ed206ce6fa242e69f5e6be4d7d4d29ddd1c476aa3496f,True,validation
cities,Kinshasa,entity_89f44358dd39b410b764f8a573c60de61e24ce2d42861f0a8bd2e3485b67e8b4,True,train
cities,Kirkuk,entity_ec91a9dd1be1c1ea335584a524445dcbe15258cb2c4bd90e21aedac5631b5839,True,train
cities,Kisangani,entity_1f5ed3c03a6224342c49e94fdfab16a425c14b729c96581501cc07d3c49936b9,True,train
cities,Kitakyushu,entity_f83ae46a9d77b2e70bd29059f64663a6360c2d125146881be407c80d4713c535,True,validation
cities,Klang,entity_456953b1e897e90aecf51c0115dc5749706a8fc55845d38f7f7b1354c82773a2,True,train
cities,Kleinzschocher,entity_d1f317c9d000d0e74b77d4f86d0d59c37ec8122e815ec039408d30a2a41db6d3,True,test
cities,Kobe,entity_300c34d056677900a2fb2e98b507065badd884ddf10d8e4ef10656186ad4817d,True,train
cities,Koeln,entity_a9c42b820f4b0e1e1e296ee5a667c1863b54c5e77e263b662a1722a9d758db1f,True,train
cities,Kolhapur,entity_4f855f7b284918c66c83ed455750e319d7a09db18673c35ca252b07badce452b,True,test
cities,Kolkata,entity_2a57e433a72bc28dc84fe9cc250df9b68ced69d2e954db4b07cd14095a9f3f83,True,train
cities,Konya,entity_ec3aa5c868f1540152dc01a0a40496087a9e7327935c303d2263e0caea651958,True,train
cities,Korla,entity_987b1729b159f3eb70ab4b1ccad8f7a6a4e07b504bbfe0a517b01bf0ed24a0a8,True,test
cities,Kota Bharu,entity_751e0ef32f06df77bac0e6c74e2909b5a676e492fdb6bc99f72a060dbde14b88,True,train
cities,Kota Kinabalu,entity_c17a665ac202bb056f3f08a21800e84beb69033e91a6be4e2172232100cfb9ac,True,train
cities,Kotli,entity_c15e317a3aa68c91c717b12b5511e4255fa28c2ad722dac2e6f7ca21f4659a61,True,validation
cities,Kozhikode,entity_6de6afd586ec9fdca6d853422bd021894595e0678fb0178c6dfb6f0e37616b55,True,validation
cities,Krakow,entity_1dfca9dff50520a86c75752a311e599aac7ff680bf38e36f314a1753e57e849c,True,train
cities,Krasnodar,entity_727ea1c6f478c4804d2ffd90e2af7249763f91695aff2150a49f5802b4d30a93,True,test
cities,Krasnoyarsk,entity_b26f23c9c4d6681bb12dbe39c02932ec1aa852aafe3c4254f4ebdbb09205f3ee,True,train
cities,Kryvyy Rih,entity_99234a7dc3ce4bb0ede9c24226bb075164a476424f837ffb57f6b0e989c88b2d,True,train
cities,Kuala Lumpur,entity_876405566cdaa1a8f944d573da70f8f1fb60e98377dca24626013aefb41b8565,True,train
cities,Kuantan,entity_9cd5f2bce6ff4eb3f9b0368efd9380f423d6cec9c722ea097e94c6848f4acebc,True,train
cities,Kumamoto,entity_eb809f59dc1a89278b34b87189eee890b52b74b59e35d9dd38b9bc5d0523b6ca,True,train
cities,Kumasi,entity_6c59fefff6a9856c919c1cbf680c619cbe68119e2a64a6396add91bc898c1791,True,test
cities,Kunming,entity_475af44e4d7393641bb222fe5b08016854b1865063fdb2835deb16441bf69884,True,train
cities,Kunshan,entity_f34def8a13e8b471eec549f725e2ac8b3ddabbc72f2c256c51b81c2a18d1be45,True,validation
cities,Kyiv,entity_ff706163f2bd4abc3d16c0f1dacbf73b8937229d68049991d498f969a9e49476,True,test
cities,Kyoto,entity_ea0c650984052337cded3118d93bef91e600c8ab45faaed26ca3f69c3d9e3e20,True,train
cities,Lahore,entity_8713ede3a534ce5ff58669192d727521d2b9fedfe03625aef4f57135a8f61c9f,True,train
cities,Laibin,entity_ab5b4c8f8912237ff7c24ac682f31168cb1bfa0fcb00a06ff2e03866555d4132,True,validation
cities,Laiwu,entity_e7ed9a7a693b6725f19a482a1d69b385099a7bb977c903be7051f4f2b60214a1,True,train
cities,Langfang,entity_8ff42d35b7df839e4c57a45da95ce56a912408e41367ad5aaa62dad7e7bcd0cc,True,train
cities,Lanzhou,entity_b48a8217df9ba44c7ad0ffa2d9ae616f55107c95284413f5642fac69141f9e04,True,test
cities,Las Pinas,entity_ab971fdb19c2e6e7a524fdfeaa85b58e34f85359013e1db5b0c4c3fddadbef5d,True,train
cities,Latakia,entity_b05759c2a8e4dc72440e1dc1ca425a5e331fed90cc0ccbb25e4243da2c504111,True,train
cities,Leipzig,entity_ad51f804bd24f38b52defe95dbfe3c3ce32adb9f74bdb26ae75b57bca62d7bc3,True,test
cities,Leon de los Aldama,entity_e84bc391e2084afdd2d42b08a4c21ee461ea8e382c279bb622c7be09b22cf873,True,train
cities,Lianyungang,entity_6738b1b30ae7190af0317ad956131e1eefb7aefe5dc8291b415027b53e4b19e1,True,train
cities,Liaocheng,entity_fe21aed47a3dcdd48f6583706e2788934c86dd8236c6c4ce1b5690fa4612bf59,True,train
cities,Libreville,entity_8095c939d7ca09ed9b0d499fe4b71e474817a1961dc688fe61b5c31e3b431aaa,True,test
cities,Lilongwe,entity_50d37ac2b3cfadc7a366263324c1aef96924b265b839441c961f100d1e92a0a9,True,test
cities,Linfen,entity_59119d42b72bad82a47ecbcef5636edd57a4e46a9e24a02f45a480ae000a5af0,True,train
cities,Linyi,entity_45ef68699c33f4cf505c4fe163c62580c05c7be393d46a88a87c61ca1cbfb73e,True,validation
cities,Lipetsk,entity_61b191330fe7a96a5cd8213f797556ba327c7871125c1735f680180ccaccd3b6,True,validation
cities,Liupanshui,entity_50eb37f3b1b64bf8baa3e19d840ff6d42c4d4207041225955a9cee2b0811b87c,True,validation
cities,Liuzhou,entity_fa48f610832035a1e1ffaf9b5a0fae23a2ae18d754306247cf8e3d3f3f8c3165,True,train
cities,Lodz,entity_a120d92b7c5147f3bcf0aadb242aab3a8736489a10e6a449e77be28ee6104228,True,train
cities,Lome,entity_6f443270da21bbaf5f8c5c308cea539cd094ef4c92bdf801afa57225d92648ad,True,train
cities,Londrina,entity_e80f09978e6bdfb519c6cfba58da68370898d428c8f55a7b87d62cab0b354511,True,train
cities,Longyan,entity_045e833a626388bf1b60da331a2f66d43f40db2addc50ad282602086dc354a4a,True,train
cities,Lu'an,entity_a666efa0e1eea6a5794f30c8474bf94d3f0d522579e22e1a3f1c3bcfc1fe978f,True,train
cities,Luancheng,entity_0cd36b8b3d00d4791924fdf4b08a256cead02ced0dda78dffb90f34d92427b70,True,train
cities,Lubumbashi,entity_9031f8da65a21f341aea1c31645400ca80a46d80396a3ef61d771776cf056717,True,test
cities,Ludhiana,entity_6c371e2ed1eff4dadcce4c6fd622d24ad7cb4bb7a3f7a2cc51f3b493546a1d0e,True,test
cities,Luohe,entity_a4bdff7536dafaa57f086b14a8c665546b1ace7da0ec006e12c4f9b740671e4a,True,validation
cities,Lusaka,entity_433f90ac7e4e55f9b6cf7c728daab6d645bbc42ba7a1a13d060f7cbdb0a89969,True,train
cities,Luzhou,entity_7e3fde4b8be0ca6f6556803cd0a0863a9040a213a80b370357d81ea820193f10,True,test
cities,Lviv,entity_798e6c63cac4aca6cbb155625a917b44078889a953793cbb44e564a9e1f19ca0,True,validation
cities,Lyon,entity_0a3f4e44b8a2260aabc7cd11e8bbfec8cd272653139765c55ee220571320d96e,True,train
cities,Ma'anshan,entity_edf26f7f38289f3b55f37fe64fb00da7e98ba04bb5c35c4e26f393ad23770117,True,validation
cities,Macapa,entity_22ae29c396d00735f2a00c7a0253e26e1b715474ea418d2ec9c6d5dd3a578c8b,True,test
cities,Maceio,entity_3c1b578efe355e3fbac060c128ee40e8a365d784d96d8a99035c7f745908b0b5,True,validation
cities,Madinat an Nasr,entity_b33074a7285384c058133fcfccd6151099842733c571e5047fec95206bbb655f,True,train
cities,Madurai,entity_12d70ce3b3b984d3354fab430e8b79dd2951fbd58144341783d549ef11a79c1c,True,test
cities,Maiduguri,entity_d5c48505c11de98eb6b953c3d7f33dc44c84a16cf71fe951e4b133bfa451d60f,True,test
cities,Makassar,entity_18c77e5e311a3a31d0d6355e08e504c95cdbdddb8af578e2616a5ceeceb4399e,True,train
cities,Makati City,entity_6f39f27d1e4686cc4bdff57f3d90a5c26bf892778f5045b51602c77b668b5c63,True,train
cities,Makhachkala,entity_8133769f7f2dc159b4c50a42233c820602b1625db0d630cfe0966a63f7e9af2b,True,validation
cities,Malacca,entity_d90baca926beded2774b7b45289b6ccdd45dbac47d456810022ea7ae6e142955,True,train
cities,Malang,entity_d1cd39b87339a6a352c2078d587c5d1f375423789652eeaba8f0941055c577b9,True,train
cities,Malatya,entity_66b1530c85c5473a05cc68e27cd169c45472d6e8ff47522d2a32a0757fe1b3fa,True,test
cities,Managua,entity_4a3312c97d535833a35c95eb1d4ba35db3b7f5f399fd9b67e8ef8dd4cf685dfc,True,validation
cities,Manaus,entity_30c320db4ce1f62c6c906f92a01bd2e7bc64c734136fec3246d2a24afab5588b,True,train
cities,Mandalay,entity_96577659f8e012403979b4241536296adc1a676cd33473b7b4fb8b1c60a658a0,True,train
cities,Maoming,entity_769587cbf756c044a00f523f6ada9e1186967b08efd7fd9469c1c26caedeef18,True,test
cities,Maputo,entity_7a91ae2959081cbc7c5ee5fcc7a15177d4da4f8ef97a07c9852638c5baae8c77,True,train
cities,Mar del Plata,entity_5202b6373bc24d68755acc67b0a4007cced195241dc8393b0cc5ea97d3fb4452,True,validation
cities,Maracaibo,entity_c80301a88f1dd9e0458d848341d3bc19ead23a067480e43c139ee8791c759679,True,train
cities,Maracay,entity_89432179bd6c219cbe875c3d34679db49cbce8ebc28e20f418aa420033445bea,True,train
cities,Marrakesh,entity_485676ff0438d7d9cbad5ba2eddfb8cbc97ddeb2aa27d6f837fb7d5a38833d0f,True,train
cities,Marseille,entity_4aac0e553c866690d77bcbc77c6ce20c9c4294bbded2e04adc0f08d4ddabe19c,True,validation
cities,Matola,entity_28ba9b2d96b37400cb5175b1cf56ea284efe31b7b042d2f78df8e38e721797b0,True,train
cities,Matsuyama,entity_4ac5c6ed8d73d0bb321856c5b71ce54a648cdb1d027d2ae24197aa3706e8cbb5,True,train
cities,Maturin,entity_a417c5e4cc68ccaf30cdb0f9e8ecb68f9ced6c222667a12a5af0c54cb7053c26,True,validation
cities,Mazar-e Sharif,entity_2769721a0093b1cd3d89e4d73b54b59163138af65af32320951d36f77024530a,True,validation
cities,Mbuji-Mayi,entity_13ce926eea9bece7658084f70793587a00d40cbd70b7d1f1c3c67757706281e7,True,train
cities,Meerut,entity_da86bf71de7b769cca96d259c70d24492eb4fc679db6dcd6af419e1d3e5f5de7,True,train
cities,Meizhou,entity_52d419d9b447143578eb81434592e1c82eea502539c74207dfc3e7a3e5e0cedd,True,validation
cities,Meknes,entity_a3f630ce69de06d72087459d7a8955cef93aacff363f5c6f8db70d601356659a,True,train
cities,Mersin,entity_d5c379f635c7724968c9a816606682d7cfe03cfd76bc8abf6917426e6dc539da,True,validation
cities,Mexicali,entity_dca87e6b6cff394645edbf7882525a773b9ffb610f8f375b6f151af3e7020534,True,train
cities,Mexico City,entity_b23f8a7e30d74c459977d6a4c79ce8e652c990fb8007dd937f5563314faa022a,True,train
cities,"Mianzhu, Deyang, Sichuan",entity_920806d78a2a04c9a711172010f1cb4cdce268aefa39e017fa4778f9cf5859b4,True,test
cities,Milwaukee,entity_a6afe959b1ae981ee506ad426177c2c5b89041222f0fc425f7f266f109fdc531,True,train
cities,Minsk,entity_16feb7cc1f510df51b041f282421c8e7bbe8e55ea7cd3a7faf95358e9121c742,True,train
cities,Mississauga,entity_0bb07ce123981964f1ef4b1bd399c502c27d6488c02134bebba90f1dad4e0622,True,test
cities,Mogadishu,entity_232ffdbef006a2177bff40140ad04afc919fe078cd016d4e8a529ed4bd2cf255,True,validation
cities,Mombasa,entity_f9e42ce95a02ae98e48ec76bef39e8ea13e3499b89a8eb81a3eb42044821a283,True,train
cities,Moradabad,entity_fb6865e821e3c21d557232a73107c666a0d7326dd095f81acd544464315ac394,True,train
cities,Mosul,entity_996cac4a7b34cb4d05772c6d10e1fdd8440bba3a72351a6e853113afd5837bc1,True,train
cities,Mudanjiang,entity_74e69743a01e1068a6aadabfb5f745f7cb3df03ced725bc84f86c1cf7bd94dea,True,validation
cities,Mukalla,entity_aa1fff67620f77223ec20979b3bddaa905438dd11190eeb5556b223579ef9763,True,validation
cities,Multan,entity_d7a732928cdb50f9629269fa3a06bfb4eb32f8cbccc74546bd4b86c5ffc45785,True,train
cities,Mumbai,entity_f5c64d6c3dacc71632a71f77843041af7c5ac8630b3f387df5de0f202dbd87c6,True,train
cities,Munich,entity_eb6ae9db22ce5d80ee0e1236464733b7fafeaa4c6de794b486a100e01fa88ff6,True,test
cities,Muscat,entity_adee2229c7a0e5a815d5e98ae283bd3e832d7c5a3f4d6a17ba8a1bb88d2f99fa,True,train
cities,Muzaffarabad,entity_a4a92dd03331ee2087f3286b3edead17ca891b2798302ad9e079be588e0a81ca,True,test
cities,Mysore,entity_2746aeef32af5eb3396d0410dca76d0e15ac555616fbffd47720c7fce8834561,True,train
cities,N'Djamena,entity_280b2c79dc82700c599c69c9bdfd16b01605ac1e81ac492f9f93b4a0e50cd099,True,train
cities,Naberezhnyye Chelny,entity_7c08ece615c8dbe12eaf3476001f2296f208a6888fc0c985ba865f265760dcfd,True,train
cities,Nagoya,entity_726717dbae0219d251c2246cd4c7df7f025ebd7f75262117fe675448744dbf15,True,train
cities,Nagpur,entity_65d428888368c042bb283b15a91b905c9a939245400f302059c249c71269c8c6,True,train
cities,Nairobi,entity_73bfd98a3860875577a7ebbd19ce17606ac6a0afb92337ac27583c357ee1e9fc,True,train
cities,Najafgarh,entity_703793d0175fab26501c1d02955fe82c665345470175e1f9cc7696bc47301077,True,validation
cities,Najran,entity_2d32ee1a806f4ce48e1b71662fd8029c5ec829ac2bc8fcaa0b75433a6f411bda,True,train
cities,Namangan,entity_94e58db2415e654a3e6553d61d321e1220cd5c3ab4d7291a8d3097bd2a043a8b,True,test
cities,Nampula,entity_a4ef2609355f974615220e623e3e9fb5513a30983d1f3cd78d48a543b2bb5bcb,True,train
cities,Nanchang,entity_3d57dda9eff491e98404633c225f11ba05bc1b67abf4bd35f724d8a31636061e,True,train
cities,Nanchong,entity_35331c7e16e88f60df0c98f7a93673f58adb5af59d50f2122dff05da16f4173e,True,train
cities,Nanded,entity_adeb39f2a6354e7097f7862d03180106d72c5c588a307e2ef6ae314cab894ba3,True,train
cities,Nanjing,entity_159cf97de2144dde74bcda753a0e1a561d5c02aa6ad49938d65be689d45c544c,True,train
cities,Nanning,entity_7f44bf68b24bfc493a8d7395e8028a1fd9019e02a4e3499ce05b6ae7370b4a4c,True,train
cities,Narela,entity_435e05cee7a049b55f42cf65df4d950569163a79516533c906433f6847fd7b80,True,train
cities,Nashik,entity_54def41d6b618d59d5512b9f679335eb93408132d3c5e08751f23850ce21bcb5,True,train
cities,Nasiriyah,entity_50755e86ec22e6195d03ddec9895d47ba8330bf30ebed425d9eda9a98d6d0c4e,True,train
cities,Naucalpan de Juarez,entity_014da50add13874c2d22c00629c4655c9f958d8b3b64bb3b786c21e3d5b8e4d7,True,test
cities,Navi Mumbai,entity_2d07eb214d5ed3b2715bb50ca26ef4a60d922a9bb1d3e34b459a978648450b38,True,train
cities,Nay Pyi Taw,entity_6976a1296172cbb4c12acb0cc518b0cec7bd0a044cf185a100f4b7224e42f61c,True,validation
cities,Neijiang,entity_0ec0bbd8967ae74e709dd45499ada81f5221c6a903d8cde28a1e3819a965bfca,True,train
cities,New Kingston,entity_76abc05d1323657d64dc47bb3417a6e2f640d6b18907b147060332644338df12,True,train
cities,New South Memphis,entity_521f074a82d58bdc41d57b74667f762f43c9ce254355d7aba88aa56219b49106,True,train
cities,New York City,entity_91f14dc61a43a392618226855818af17f9cca880552cb2c754ccbafeb40587cf,True,validation
cities,Niamey,entity_325a4cdf9f79efbd311bcfe927412bac54068e5d242212124b78af55f0a5ea72,True,validation
cities,Niigata,entity_3b91e78d999fd2164477e1dfb5d28a19fc9e92f9d79cf1399eaf2ffecb8cc6f1,True,test
cities,Ningbo,entity_602d1e711ed4c69dc13c486ef6e6302f35db4daa4e0cf888fa6bc2448d3d2562,True,train
cities,Nizhniy Novgorod,entity_7b269afe353559dfb397acc6a0899fca4b3448a45a062b19e2e8d465f6f152b2,True,train
cities,Nouakchott,entity_927e5f8fb798dfd00d26ab9ac8a90963d8dc05c41b3b1e05bdeb441a9b4877c2,True,test
cities,Nova Iguacu,entity_54e3ddb56051a7c86d611ce1edd7a6f7564c33bacf553350cd09e55eae3492eb,True,test
cities,Novokuznetsk,entity_c64326a91b792bf080f3c76692102348700b49dff5cf5e5d431b5ed9a8eed889,True,train
cities,Novosibirsk,entity_b03056fef13c0318b81d44be281e165c6ad7404e24c69bd35a17e2ba796f5867,True,test
cities,Nowrangapur,entity_e9866ae33a46e250b7a796ccc6410f7ac3ef7956e1d532db50179da220e02e4e,True,train
cities,Nuernberg,entity_767913c6309a911011aaf5fd07d64e573dbc6dd08acc7771dad9158b058e8f2a,True,test
cities,Nyala,entity_df5dc1c6001c1731f35ee939a73c60f3b1025ae2ad52fe92f2acdc305b937b10,True,test
cities,Odesa,entity_f9a7c1b34183245701aa67c85698157a3f0fecbc634961b60f501c7e0b251383,True,train
cities,Okayama,entity_2362000b1ac33ec28e96fd8e769e79f3a02ae89fec23f4f17d0af200a429801b,True,validation
cities,Oklahoma City,entity_dbd7e84d4a68117b658904080939d1aa177853070c49f9f629c7205bae6d4d70,True,test
cities,Omdurman,entity_ed95ce327bf91aa956fd6cfe1292c2a9d4e7e364a4317f8004bfcce668a7f90b,True,train
cities,Omsk,entity_2f64c8c51eee3d2eccbbe4bc44aeff1d4e9a1ef658d80585ceb42234a7f4f9e8,True,test
cities,Onitsha,entity_75a392b7c10cebd527b4cf4fedf35ae5ce6f4ce95e829088f9b7004c9cc9b735,True,validation
cities,Ordos,entity_51a00cb823279525c56151118ad4496d374574667a8232df52b48ac6144a942e,True,train
cities,Orenburg,entity_9a7a673d8aeb961b8c8a0e5654f265395847a312c0aae0e2d166752cb16a8710,True,train
cities,Orumiyeh,entity_2940f88edcf4be851ea3e5310ba015a8b581845d7615eed381a56f61b17ff3b3,True,test
cities,Osaka,entity_523506102cf8b570bafaa3966050bf56939e103ca38bd1133f945cf42d46b5ff,True,train
cities,Oslo,entity_185679d19b51ddb88d71497462720d7a46f378b7726bc9a6ab6a34584adbe08d,True,train
cities,Ouagadougou,entity_12a79dd1f969b55e3b03f55c09e2570bbc005d94231311b01569b1395bb1665e,True,train
cities,Oyo,entity_e0234a5fb28cbc6680a77c97af4cb10328fdfe15e7de8bb67c19e39091cd056e,True,test
cities,Palembang,entity_68a0d4a6e44b9f3c8083ff2af407a2632c14081cf7a4e3ea92a3c44176d3877f,True,train
cities,Panshan,entity_082de609e1b7dcc2cb63b58011ac0d652c88421698c1d83a9579b0e096bdc972,True,train
cities,Panzhihua,entity_67c9dedde4d0c95846f72eb7b23c12dc707615463e2b0df325ae8bb76f297b36,True,train
cities,Paranaque City,entity_d7658b539acea985f7fe653b01da1837e4e74bcbfaf1bcb27cb8105278fd931d,True,train
cities,Pasig City,entity_1db19a8e4aab19230bc8ed59288c23cfd93a088e2faf860077344dfd9336a76f,True,test
cities,Pekanbaru,entity_a90e427c709043f97b449c2f65311f4102bcbb78861367a1c9998126a06850ea,True,validation
cities,Penza,entity_75394a2c52577286d545ca3ffa1fefca1e7287481b24c8a4608ad5d03bfea9e5,True,train
cities,Perm,entity_466c6b79f3532c615640ed79579c4c3cb5a261a67b24e3ee826c55480498f43e,True,test
cities,Peshawar,entity_bf312d41ad78b08de7348d6572d2482e2c6924f2b95b100fd26b02fcaae30efa,True,train
cities,Petaling Jaya,entity_ff4fbe505aa6c3b28a9d7b72cab1862d83711bf2da1779901d8462579176a941,True,train
cities,Phnom Penh,entity_f12a72241e256e527e89a3c7b5888ee378c5cde6e30e9a0123f09265f5c3ba06,True,validation
cities,Pietermaritzburg,entity_25c5cd1c0e07fece92b71386f1a82acb87629a5fbd1086ca012883a7e3057483,True,test
cities,Pikine,entity_f0a1e37ee56a99624c521a38e715f89c6e3b8cb7d8f5f74dbcdf1a2fda7c601d,True,train
cities,Pimpri,entity_0a8306115fc073486e72f7d4156e51765c35d1b866e615125085caeca71768bd,True,train
cities,Pingdingshan,entity_8a0a5d8d368705b1c468bb9eb754833522b327e294e22bf548e43434ce374054,True,train
cities,Pingliang,entity_e217c57b8cf705cf0dce72dbbf9522a0d96265aae4d15147718af8cbdd1ce574,True,train
cities,Pontianak,entity_bd4a0e52fac84b2d6788409957ba8c73e446bf3459b5eba40715aa43d96135b3,True,train
cities,Port Harcourt,entity_bbf4ec5fa79905f4d4060491805f5d3c524a2b21376338c0132ad7fdb682e886,True,train
cities,Port Said,entity_74e22671d64544b2da2f066b377c888a57aae0e8267f1abe0d383c997de84e6c,True,train
cities,Port-au-Prince,entity_814e162fcc0392936a20c95978fa8892a0c46ea840d69928c093187dd44019e3,True,validation
cities,Porto Alegre,entity_3078c5468c13a6c826f2ab2ec4a343c99fc2bb91dd99cbedc861102898645019,True,train
cities,Porto Velho,entity_e477a9988ab3155cb7fb4cf3b86e996aa4dde39729e36ca41e3632d5acba1482,True,test
cities,Poznan,entity_5fd508c0c06f482011127f7dff81e4b591244c442346fac2ffad1ea888cc2c23,True,train
cities,Prayagraj,entity_7aa173f42679d72e4e2c12c5bcd7f099479e56c93c94070bb431d57d66dfbfc9,True,train
cities,Pretoria,entity_6912bac6547b2accd82ebd179296a658dd453f9c017aa37197671c053f068be8,True,train
cities,Puducherry,entity_68de95f7761a9a6bfba0c5a434969c16ba4df3f12898b1d613bff5d72a600dc8,True,train
cities,Puente Alto,entity_f5348a6af205ee9d5edfd956120879780085728e4bdbb84fbfd5d4d44901fe26,True,validation
cities,Pune,entity_c771af217ad8e4c9269bc7ee6d6ac59334217f6d6b334ee669f146c24d610d22,True,train
cities,Puning,entity_dec4af154754594ab9570da1958da2bde84474b67106257adc809f0556261a54,True,train
cities,Putian,entity_8e08cb2ec8d68941e36af069a667f144bb698bcc8e9a518161b8b93c6752aafb,True,train
cities,Pyongyang,entity_6c28c3e091f5af4c37f0d78e90d9de9adb02eed7a10ef3bed95edd4dea972ca4,True,train
cities,Qingdao,entity_290a2997bf7d92e5435bb321ebd3c72adbbe7ae65c1faf9c49e340cbb1c2c912,True,train
cities,Qinhuangdao,entity_6a835456ff2a58e97088077e5a53d44da09b614b6b46b986cc5e8be146ceec95,True,validation
cities,Qinzhou,entity_a7810234a6c5659af5431afd1c77905320568f20abdccef6433434aae62868e9,True,train
cities,Qionghai,entity_955523da5acc7ee1be7f563e9d8e480794254ffd3899e62bf1f687b8a75bede6,True,train
cities,Qiqihar,entity_ca51c2e8d498f94008ebec5ca1d491c66e56b2102721fb27734fc82a69d242ce,True,train
cities,Qom,entity_c407d5b3957f45bdfeff423a0cf6ad51c90f9b2799b701c4464fc32e53fb6ba8,True,validation
cities,Quebec,entity_700b6afd6caec7872273e05a00fb109f5191bb8aaa96b5684c84d48ea8120504,True,test
cities,Queens,entity_2a5408a3206231850e52bb8b438d06f87e71902469e8ca05b09240c1004d1418,True,train
cities,Quetta,entity_0d5abaf4788ec20fa27f55455b821c874b7cc21c6ff2c60afa4a507dde1c3a7c,True,validation
cities,Quezon City,entity_d9cbea491bf806a86e6f97755a14d2efe2c1c72b4ebc1258182c6d872ec219b5,True,validation
cities,Quito,entity_1b01395e6c9f2650c8367a630f3f04572ac82d8e816a8cf7a047f260e8cc9feb,True,validation
cities,Qujing,entity_cfedc47c7d34178aaac01b4add3649fa20f5f7c3816413ba9262435b79c179b4,True,train
cities,Quzhou,entity_17c41b27652ae07739c728813458e4b96560940b5eb45dab6fea30569f14cd0a,True,train
cities,Rahim Yar Khan,entity_10df09431612737fbb0a0fb6518f1097d6fee8d1feb13e2ad863cfa6b9432b04,True,test
cities,Rajkot,entity_d5903d419fa100ee3a9439ef32cb14df3cd892dbdc48ce4c414451f9a72d564c,True,train
cities,Rajshahi,entity_b51b14c491fe6bf2af792db0dbf4ee38ce8a1318a5d5a10b5099fbdca31ccbf4,True,validation
cities,Ranchi,entity_fc5005f08a54225860215264018b4467936dfd7c2ef7bca1cae155ae31d04f14,True,train
cities,Rangpur,entity_07d88bcb5bdf6069ba580f2d7fa0db1a1300da4421dbba209308a7ece579cb60,True,train
cities,Rawalpindi,entity_7cfd3bcd4ca7e94bf1998426214f628505e16edbe1911e1ba6e024dfe275195f,True,train
cities,Recife,entity_c97cde0e3be323455a90a133d46526a7b0e099565d04b3df7563befdb4f65994,True,train
cities,Reynosa,entity_267b741a3f739aa0d80d408e229d05138dd04cbf0fa1062bee5bdb29bfe1f786,True,train
cities,Ribeirao Preto,entity_17ac821794667b295531889576a04535dc4b5699c298abf5f9e7f13e9a61a5f1,True,test
cities,Riga,entity_ac41d6fb86a376fd8c0239d187b32e322ed1b5124576c549eec173c26d4603d4,True,test
cities,Rio de Janeiro,entity_9f264886d2a9894a3b76c4c59447977823da23ac1f532d5f6efbfc58f5579672,True,test
cities,Rizhao,entity_bb3ad38f8bf7ef68ad3d2a6cbcc90ceb27ef07f335b3dd7bd00af52c0cbb403a,True,train
cities,Rohini,entity_e4f476d2b0aa3c9f0ae5266d9e427568e657f15fab1f5bbb6746d2871b252eb7,True,train
cities,Rostov-na-Donu,entity_33a87351f82ce9d0bc0580f721896d0c784f91bc7e0f57797ea07fb0f26cd355,True,train
cities,Rourkela,entity_6e32eb422a5765764976eaed60dd495de2f83bd1481ca9e7bd076f312336f6a4,True,validation
cities,Rui'an,entity_57737508e86413e5a2897aa95dc49b041d3ca717a041a3e52fac5730ee6f4505,True,train
cities,Ryazan',entity_dd7f04a0fca0d4ddbe67fbeddb5901eef909929561f2dd0faaa0f594d991a651,True,train
cities,Saint Petersburg,entity_19251406fbc2d385b62264c5a4f36f7c6459d5b3d7801cc6dc755d996bb0da27,True,train
cities,Saitama,entity_b2dead14cc5c8dbd09548bdbb9c07b3e2734816f553186177bde15c88109a00f,True,train
cities,Salta,entity_95e88f843b45b005850edb4ae355a74dc08a656f7b2f141cf7ed93f1cac08860,True,test
cities,Samarinda,entity_3dfa9dcf46a06e1d3b8e3312a20bec49d1109550b530e00aea088fa71cc95334,True,train
cities,Samarkand,entity_296d1fb0abef112eff11d712d9553a99ceaaa18c8dd196af51f1c7ac3589d33d,True,validation
cities,Sambhaji Nagar,entity_fa383f5b8897294fc114206b0c0cf13dba60cfe3d2db70d7923bc2d3e0b5ecaa,True,train
cities,San Luis Potosi,entity_c1b1c902de82740b17248384594e86bd24f17fc7b44f587fa9009b8a1b89a59e,True,train
cities,San Miguel de Tucuman,entity_397fa18b72a9de7d4d03a18e36bf84ac71f917d26b06bd2766173c86f256f80c,True,test
cities,San Pedro Sula,entity_ac296e4a20c660122dba300d33a292da2cb4345e7ad7c358c60f137ca1756f1c,True,validation
cities,Sanaa,entity_cb00ddf9e13de36be49bb8d2bdce4c1ecdb87fd9a8bcdc8071f06c6b0f9f3b31,True,train
cities,Sangli,entity_9f774cd95dcf6f731047d80f84fadfa016aea32d8d4e56a080f1eaa594b09d15,True,train
cities,Sanmenxia,entity_de02e29a6057ed3b7e7fe4608d41a0606bb2ee4ebeab6eeb83df96c992a02973,True,train
cities,Sanming,entity_2a4004aa3ca048023c2ad50b4cd0b7901966aa1f9cac155b911960b95d5d61f0,True,train
cities,Santa Maria Chimalhuacan,entity_6001b7ba090edcbc31c0612513d76ac42c0dc9b7324b4fd3a7453e628879d096,True,train
cities,Santiago de Cuba,entity_d0222ac36d5f80c70c52ced6eae3a9dc80afb8bb105fe8f2c35636094f5a01d3,True,train
cities,Santiago de Queretaro,entity_7ed1c5b0c6731845902db255f15ff0d995a77bf5774205a80152e8e6250e7968,True,train
cities,Santiago de los Caballeros,entity_89004ee02bfccd8411c65570640fd3884d6f1123cb84e39495e1b9e0030e1b34,True,test
cities,Santo Domingo Este,entity_00a8ba76adcf09799c2ec245854d4112c147da403f9c45b08d036821dd8a3aca,True,test
cities,Santo Domingo Oeste,entity_71ad75fc0ce65f7facf12de3b49fa38c451eaf782d4461ddd4812c702fa959d9,True,train
cities,Sanya,entity_8f17363daaaab07fa1e0b2b521661009777799a23f07d94b6f03ff5295f8e776,True,validation
cities,Sao Bernardo do Campo,entity_907ef6bd89c178d6ea7f184f21ca0139b021f4d4a27b1ccef1d4d344c49eeb18,True,train
cities,Sao Jose dos Campos,entity_d8a02d9bf432c431ba2d6dc649ea49dda72d15fecd67f69a16fe9d415a8e8918,True,validation
cities,Sao Paulo,entity_8c2f3e5e83270b5ef6171addfcc8f658cfc3d792f2eac3b5dfeecc148afc291f,True,validation
cities,Sapporo,entity_292e47e57b5e3689e91a88b6b135f6791c7518bf1089066d4f050488e88519aa,True,train
cities,Sarajevo,entity_da5886acf146594b8f47f6528fe8dff8977e275636cf345db8f26951e7b85445,True,test
cities,Saratov,entity_02fd328acff078e768b466e09df16e496941f7beb30d07ec18d7d5cc7f7ce7b8,True,train
cities,Sargodha,entity_88c4a558facb67ea7cc48bbdc3f67ca79608d4424e357e633140a8c523df53a7,True,train
cities,Seattle,entity_b96b152f8ce6a497199aa99cc07c31be0ddef21bf3c8a1ef3d3baf594ee3ed2c,True,train
cities,Semarang,entity_b4146c7150070412958ee48d011e1f0af0bff12d81f559feaf224019f17ac20e,True,test
cities,Sendai,entity_42ce067e8b7c49095f5c137dddcc49a1dd1bc9c942054e8cdbcebcaad25344f8,True,train
cities,Seongnam-si,entity_9f8fa56f18605d92a6d371829e7056155bc686ffec53c89c9652152524c1969c,True,train
cities,Seoul,entity_b33156fa0090572744cc0c6d6b4945a3f7fc13a99b7e93f8808d750ee7037684,True,test
cities,Serang,entity_1e0bd19ebb0650fc5c14a7e26084f2659c9df61c7d07d6492479cd4aba8ae944,True,validation
cities,Sevastopol,entity_0b13ca11f8274f9620c48e95895b7e04658f7b88d017c87722119a36513bb68a,True,train
cities,Shah Alam,entity_c52235a9431cd12cfe797e5ceedaf27332d846bdd70289cde2646cf7952dc032,True,test
cities,Shanghai,entity_0dfc40fbb6f15b1fe14426c7fda3890738cfa29d9d9b2d80964c2d860275a2ff,True,train
cities,Shangluo,entity_a34b90321fd7209f883f3aa86ea7bbac92410f081408be377507b78e4098dace,True,train
cities,Shangqiu,entity_fa5dd9dc81cccff39d92a19b236d91931357d220bf9c371e2905dd374af16879,True,train
cities,Shangrao,entity_002f09924e0951fbecc3c01b6fb0431079ad1e49e37a04f8ce2b1fe262ed1180,True,validation
cities,Shangyu,entity_17bd9a602b66aeea5bef7a09eede94ada573f8a5eae40dced92690872a56640c,True,test
cities,Shantou,entity_2ef9c29479ac37ecbc142a0b11129adee82f7751d20562c0afb0d61d0067ffa2,True,validation
cities,Shaoguan,entity_3b9e6c20f61c378d2eb7b7893e1a423a6c50cd7f87ff0ccde4ae6263129cbd57,True,train
cities,Shaoxing,entity_65dbd6571b4500c0d51c077fe350c1f81b775ef2a673fd05af9865aa35091998,True,train
cities,Sharjah,entity_b40cc8a5dc7c57f5680d7c453bb43262b2000e220d7f804829b5007ad34a4b27,True,train
cities,Shenyang,entity_6cf8cb433aebf98300f354bdb0edd13204886b175085984bf03559b4630a4678,True,train
cities,Shenzhen,entity_7945a5e4c8cae33017def5b1a74186b2c9352c74b248fbce6ff6ee57adaa9101,True,train
cities,Shihezi,entity_ffe8e4187c7944a7a08a56e6e665350bc9ebdb05f1ecf6c3ab9702c3e0fff2fa,True,train
cities,Shijiazhuang,entity_653fc7f610b1b2c65d866735aa2075915cdc8b2ad46991c3106e93edc71006c4,True,train
cities,Shiraz,entity_4abd634565bc44d53989f54afb745f027b0a1e3f407e97790a36b8358fa72773,True,train
cities,Shivaji Nagar,entity_05fefa97f334b4460098432becb6b4372ccbfef4a52150d056713129035b0d50,True,test
cities,Shizuoka,entity_8c37e4c55955ee2a4fc1997803c6f86e5cfa3e9504ca8fdde1f3341a5e0880ae,True,train
cities,Shuangyashan,entity_b12917b882d3e686a01ae2018ed158bbf6d47f51d80c82e9ca03ea1e1b1464df,True,train
cities,Shubra al Khaymah,entity_886d9d7ac6318ea585df19c6128645e0ca4360a7cc3cd3e92221b611cb5d2c57,True,train
cities,Shymkent,entity_c4a4ebe4443432b7c245fa4ef499a83e4fa8fbd2baa58d7b67fd077562167c6c,True,train
cities,Siliguri,entity_d6c5617f2c0678047e3252cdd291160f5edb516749df9438a19a219d77de8031,True,train
cities,Siping,entity_511ec2b3b001184a0cb611c82316898a677f9505023ba58eb0d7dab9fa6cd9dc,True,train
cities,Sofia,entity_7f87d67f95c36b1aa41ce682bb637b083a00e11a307c26ac4fed709b571ffe74,True,train
cities,Sokoto,entity_a2ba89b45fdd785cf34025c6427a0746f18e7d294ac6514c392b1b38d0ee3e06,True,test
cities,Solapur,entity_9b97bbf08bb8fb9965e6d48c35f4b68fecfaf18ad8f3170189642033f3127fb3,True,train
cities,Sorocaba,entity_4f07d0df183c2303821dff7f7a27df8aaf731e6a1abe41b651dbe621b64e2494,True,train
cities,South Tangerang,entity_26946ca90d2e1f9a87280a8541db4d7c4b4e496428e9334bf0b6c90cdfac2acb,True,train
cities,Soweto,entity_43f8dc5d1bb259ed2c9897bd7a945b0ec52bb8434009e324c5162a1f40c1fd1a,True,validation
cities,Stockholm,entity_020c36812432f21b87595cc2c61296c29a94cb7592b0e31d67968c8fb917b48d,True,train
cities,Subang Jaya,entity_b2aea1a878786f17fa146df9479d78df43889aa91b3d5966c78d24f7d0dfe964,True,train
cities,Suez,entity_fc0def8c9703793d172f039aab3cc60a6a440cbe79d20260abb5bdee653a5c9a,True,train
cities,Suining,entity_0bd454d1d404cfbab839ed40ded63132f2cffcaf73ed03bfdcefbd7fbc02f4a7,True,train
cities,Suizhou,entity_8983ff537f6b75230aa381e1e42e9ab84fcc5b1c87b2ee3c5152ff33119cbfd2,True,train
cities,Sulaymaniyah,entity_03d96c8be62b38ab5db72141ede8eecc6ed24d09ef6e6c2f27b243d806792ded,True,train
cities,Suqian,entity_48ff77d76bb0956ae78ce799891f8aac4fc1d02775c035b3827cb37b0092fee9,True,train
cities,Surakarta,entity_3165b5fb6edf2cf5a5c16f1f6276bea842e8e9930b553680ecb42352d76c669c,True,validation
cities,Surat,entity_6cb27c01f6806a4842c1c71eea5025fe570d1f9cb58fcd709e2eef9a5aed7bc3,True,validation
cities,Suwon,entity_877a05291b74a715bdbbfa2691429e16584148977b6f4397359a1b5e4ddf87fb,True,test
cities,Ta'if,entity_fe400bae917c2b60c00c12fa33a5d968c7f72dd4724fb39c1923627f51744d30,True,train
cities,Tabriz,entity_6fc037106c021132999b8de916c13e9aa85e4bd1d176cceeb064d84d33573f74,True,train
cities,Taguig,entity_5c54705305be130d5c347658bd5d5aed57da25e1c0188b18d6f73fb40e092256,True,validation
cities,Taicang,entity_6a2edc850b0af2f26712e9c78265bb5f0634c1058efa2f78c4bf6e60b0109e71,True,validation
cities,Taiz,entity_e9712cfcc00b24f08cecc61294cfe8c315da5e3dc8465d40cfe8a407c7dceb7b,True,train
cities,Tangerang,entity_e597c8c130125f1ac3ff827438fce263c561414a7f2104d61e9264e2d42a9044,True,test
cities,Tanggu,entity_c1a50a55e87b2d5f035e9addf1280c6a4d1f85c89d1000e4febbc0f645c6114a,True,train
cities,Tangier,entity_567b37a3d0f8cc1bffb19a3d356ae097589fea11343d4254e571eec0e9ff6cc7,True,train
cities,Tangshan,entity_a171267954443836671909301968afd23cfb62497ff6a85dd51dcbff0ae8bd7c,True,train
cities,Tashkent,entity_442ab304939e1082419c014852cd4e83c8ab2d15711435b0dba7cd68588c2931,True,train
cities,Tebessa,entity_9f6101ee9f9484686f33519cb1450664bd3c2431053121db75d946697f062227,True,train
cities,Tegucigalpa,entity_5466796cc7aaa409b79aa71fd6ae25926f2fb70d05f43fd81df7e8daa7e3d045,True,train
cities,Tehran,entity_da455a978f8a9338ebe2c3be46f6b7eb343f16978d60c7b4a13c740880023690,True,train
cities,Tembisa,entity_754ab18cfdfa12c8793f04531dd744559002e35f9e3dd1b909975a0a440cf95e,True,test
cities,Teresina,entity_2d6ec395870a25ac707f7215b925759eca10f636e80c9fc24d38aaf323dfaf7e,True,validation
cities,Thane,entity_34c027740824ad274b965163dd3561004023f0e7121a87ee0e6dcdb784d5db9b,True,train
cities,The Bronx,entity_6765010b1bdc3b6394cbc5aa3b0b4914a6eefc65464423e77812138146f719aa,True,train
cities,Theni,entity_39dabc5b8fcc5a02f8af82c8b924fd7b0ace6c1731c909b171213d1b27481375,True,train
cities,Thiruvananthapuram,entity_f0ce3881fa596d22e7aabf99a6e67e41ed07fdc5de550a732d1701587b0f479f,True,test
cities,Thuan An,entity_9443176b85008b47e2ece9026988d373c6908aa97214fc66c8b6437047f489d7,True,test
cities,Tianjin,entity_804c5d1c3c1b802ff7b21d10d3dfb916bc053366569468e76f94a3da42cc7b89,True,validation
cities,Tianshui,entity_963cc661428f8d7c890ca99e578ada2b2b16621d18772a806c2e3c69b951ca96,True,train
cities,Tijuana,entity_5ee398e82e3d2a334383408bbbfc6018152cbe817bc209dcf4042dc0bad90971,True,validation
cities,Tiruchirappalli,entity_dc43751c2170a76891641beab419fa6c4b2f7063bdf6ae43cccd04312e6976db,True,train
cities,Tirunelveli,entity_fd7c6ad092b47e1f46203e01c36cf9de94150d1582b177e22fb89531bf9768f8,True,train
cities,Tiruppur,entity_a7c9970c5ee45d9888bcb3c06164cb7aad7977bf2c65b735e4d50635661a5924,True,test
cities,Tlalpan,entity_f687cf0cd090615550368e2e189e6a4be8d894e3dc5c6d101d8a4a703bbf6076,True,train
cities,Tlaquepaque,entity_18f3d2ca2c1c484a2348011c941b09b1df9cd3c7e304e0a1e16cb45d5ceb66b9,True,train
cities,Tokyo,entity_95b0d697f569f983fd05ce7c2144860e0a4a5dad9e5b5cd867b6accaa5e683f5,True,test
cities,Tolyatti,entity_1916a24abfc41d2b25c2dd978e99ec01698073a5b0bba1564131cbeab1f7f522,True,test
cities,Tomsk,entity_947ce7a4274fc517244cbfa1c78b69b37aa2092c19e60269ad10f991f38bc682,True,test
cities,Tonghua,entity_e5a6e8c2033de746731a9de2ec9b4519aa519199b9e24f6957bf6e7562fd1de3,True,train
cities,Torreon,entity_a86a7e2413922b5cdd7baeb6b5bc7e203cd81d9d324d19dbd0fdcfec2db1ebe3,True,train
cities,Tucson,entity_7fff1649ce4cfbb17fb028decf46fbdcf4e40341c4c868128aa90f89ed9718e1,True,train
cities,Turin,entity_368d5ec9652cc09ae221a1b230729f00029afeaa0ff7a73a0683b81a8a864a17,True,train
cities,Tyumen,entity_792518b3a9d09d6ca79a469e814759ac1b45fcb9bb7289050113135ed79e482d,True,validation
cities,Uberlandia,entity_f8a316539c6cb0841a840d431f76bd6e3cc9c2b02e78c366512c779d23f02312,True,train
cities,Ufa,entity_901da4ae406a84d4e0eb171c216130e73c4297c22126dabfbf2bd0038e5906ae,True,train
cities,Ulan Bator,entity_9f41a6445f66823bd408af0759b084b85b1caf8c9997cbce58b8895c505d3cdf,True,train
cities,Ulhasnagar,entity_03be7a761ccf157d9797bd5b1905857075f3d310b000eb891a96d6c8cd916b42,True,train
cities,Ulsan,entity_db5aec647a3e1180d7774589ee7cb116da5acca10251dd9612bfebc156675551,True,train
cities,Ulyanovsk,entity_c44285f3561278047463957ae1955559453f91871ba8348522ab59dad5811d6b,True,train
cities,Urumqi,entity_dd6cf78ebeeb9b09f81ad885956a25faa65d393aa1d6488805f41747910f0690,True,train
cities,Uskudar,entity_69b6d31f11da8e4ff8f2917e7d407e30d0daadf9faa55ea09b885816e2cca472,True,validation
cities,Vadodara,entity_67a83c354e28551529e8800244be09a595328e41ad42dd27990bd10ddbb4516e,True,test
cities,Varanasi,entity_7d1c850ceb9b9d5ca7f9d8d3f8fc09238dcf71aec4abfc769a518bcb9ec5fc27,True,test
cities,Victoria de Durango,entity_9ae710d9966dd2a4f5200b9becfe127b33d7d6f40eb5b785a95b85991d49f94d,True,train
cities,Vijayawada,entity_f8a8dee3973d5bbfc130486e6ac7eb2ed7bfed2d478312cd51b63863643b2fce,True,train
cities,Vilnius,entity_3a08b08e9596da5092febb2e531ded60602f6464d9e12f62bccbc793d3088a73,True,test
cities,Visakhapatnam,entity_2b3ed331b56ff38842edba2d0a1addd2e54a84dd1a7c24da05d036ccf1e8791f,True,test
cities,Vladivostok,entity_da2b3731ecea45909a5835a37a698743b7c0e6a83dd6ee4b7cdf3a5f2c3206a9,True,train
cities,Volgograd,entity_03f79e26ca2c3c675e9b8cfa51ad3eab2bdc30cc203685272822baa1598cf01e,True,validation
cities,Voronezh,entity_d36bf3ff61bc7df816d126851138d832874479e3ec1f3537edc9e082d3b8ce94,True,train
cities,Wanning,entity_eae22f455d4b089e3d4ec116bcd2b4903a3a6b7014bfd1681dc668a01620176c,True,validation
cities,Wanxian,entity_a8a32f18ba2c6ee1ab7b5d8fcd7a95d3afbcd42f132b7ed6ffe3dad23cc80528,True,validation
cities,Wanzhou,entity_38f3675a3b4752f7d7aa50d982844cff1e4133fd39b7761cc8959c9ef0574ca5,True,train
cities,Warangal,entity_dd1bd51e727c4e09df8c16c4e28bd32f76edc19020c4c721e9ee03b550624ae0,True,test
cities,Warri,entity_2b1371ebb8b529472687e8616b90b4a29afa52f1cc1d0514eb746718cdd8c36f,True,test
cities,Weifang,entity_a8d90adfa675e2d119aa795971a1b0d48e20574161499f8707eb3e2338c5026f,True,train
cities,Weihai,entity_5a0859f7d004b041e99dbac62ac8e19f49eb63870fd47c681fc7b8a324801b05,True,train
cities,Weinan,entity_bb5ea5f20dee965eb49887e2e8ab30c7093e02cc60d9965367d75d3bf36d1935,True,validation
cities,Wenzhou,entity_f449b93d8102d9f3ef23a8bc82fd60fedf84a54b2a59e4bfe5cc48e42a80b0d8,True,train
cities,Winnipeg,entity_5727a75ab7c48d93ed35d8bca3e8e1762f709ccdb874daed7624ede04ffcba88,True,validation
cities,Wroclaw,entity_6886ec989ba30e47cd08c82a386a5121b48083147eca4cc86b95dfc6e9e3afca,True,validation
cities,Wuhan,entity_c54fa0aea7b8ab9d48481f794ffc64ea44fb556ebb20b47a3690b5d2a5b22c0b,True,train
cities,Wuwei,entity_725b5fe9f32ce174569abadfb446902c3b09a9ae6875f62452efc388d1845c77,True,train
cities,Wuzhou,entity_db31dc5b3ce9fe46bfad20f987fdad5629eecbfd4f3c187d6f055ebd4f477ce5,True,test
cities,Xiamen,entity_df7a72b48c8b66b1afe5b01863485310d6a02244e9e9a1c1f305743bab0e40a3,True,test
cities,Xiangtan,entity_9652449e6527ee0cb54af180eda1913d0e05b9c6be9e70de4c78d713904d97c1,True,train
cities,Xianning,entity_4f9dcd200afd4386403a4ba99d42fe548e65950f7f8ffaf3a0849123a16a37f5,True,train
cities,Xianyang,entity_7505349e7fdf152ca4800ed483184d8cdca5129aef1ed27af372ab9c45e9f15c,True,validation
cities,Xiaogan,entity_286ff57dd7e1e296637f24aec0e4fbf554796cfa4ff1ed1f9723098131b040c8,True,test
cities,Xingtai,entity_a4932e510d5d3826c2290c6188f9008f11d15a9990faead64324b400aa96434f,True,train
cities,Xining,entity_72606ce6433eb493ce0ad71e771b950600d355cd2c922277824041ad8a5accea,True,test
cities,Xinyang,entity_3b3516fa4187d488c6265e19582f09b536a1a4311c2809cef9eacf6141ff9b8a,True,validation
cities,Xuanzhou,entity_38d035a1c63baddabdf4ffdb7ae3835e4bfd0ae471b3d7a4a9fca1738f70785c,True,train
cities,Xuchang,entity_7e764b9bddc72c66d09fd26d6d6498bb541f6b8605ff5db738ed4c79a4e6407a,True,train
cities,Xuzhou,entity_c72439d61c72b335b944e194fadbb21f71d71a0f104ee1fe3071a09c07a7d7c6,True,train
cities,Ya'an,entity_3b8b78ddbf4a21cd2b2aa385a9c83e044cfcc8fb99a4ca40785d7771eb834ab3,True,test
cities,Yangjiang,entity_36ab9e4a29145e5c25c1b2fad2f2a7b82ffb223330c3b5b8db282219412b464b,True,train
cities,Yangon,entity_68f9584c33700ac34c570507df7648735f32c3385a1c79b06872c0d7ab8b74dc,True,train
cities,Yangquan,entity_bf2193b6fba9a8f26cfb1b31c26bead4a09ff4b4ce51dd47642fb878c808d30e,True,train
cities,Yaounde,entity_0bd3bdfa5a90379d8beb9ffb207e2983275e64d65588f42f66cbd443186b5859,True,train
cities,Yaroslavl,entity_f3fb107a9dcbfbb1ad1a8777b04210d02392b60a47cc6da3d410b9a59c9c166d,True,validation
cities,Yekaterinburg,entity_7ae07b499b598c201dbe755407727be3fbb01054fc6e889a6f946a93780d1fd0,True,test
cities,Yerevan,entity_705b7592d023106ec70ff335c459668fb694787e5c97e4bd953c8580c725d406,True,validation
cities,Yibin,entity_13c9362f79af83f3f8a01cc95a1a7d964dbfc11ace2c975aee4a5c8244a7bdff,True,train
cities,Yichang,entity_929e38779cf9c72c01f8058c971c17a1234b6b93664259f31d8a6b4ec476e05c,True,train
cities,Yinchuan,entity_bf3d317f5339474a2a1660ed4f356533812eb6ee214d6ebd408b40d4734e2ba6,True,validation
cities,Yingkou,entity_e474375eafe77136028959f0bbd500b8327dd68903a85bd668c83c845223e0de,True,train
cities,Yiwu,entity_117b6d8cbb1a2161155a523e46463b120f545b3129913d3cf52c482ef576f19b,True,train
cities,Yongzhou,entity_5538c326c13704cd0eb94831f176d4b7d760742c1fe12850717492f2d63be07b,True,test
cities,Yunfu,entity_d40b0414c2c3103991df0121f40bf3d7e99f41064559801b7584f30fd23be937,True,train
cities,Zagreb,entity_22e46b68b178813d9fa60be9ed473f49cd1027e184ae77d4ba270edcc5cafaa8,True,test
cities,Zahedan,entity_9be4d9be9fd77eb383c00f288f2d0f1add7276a994e96567e2d75fef79a6615b,True,train
cities,Zaozhuang,entity_072fbb4a4256c65c0823e571c84291b00851283e56a7717ca907aca60f9b861e,True,validation
cities,Zapopan,entity_326aee9f5964382c6306327ca8dc7aa9713f5c9466f67b9be2f76e6cdce971fc,True,validation
cities,Zaporizhzhya,entity_67c55f75f6edef8e73844e1e6a60ff1c019c55db743ef14a30d22d219990e1da,True,test
cities,Zaria,entity_ecb0ce60d78bb09f639c7e4e09cf56519a766c36f660d69a6cf5e3ee174374e6,True,train
cities,Zarqa,entity_d2599b0965eddca9772df53470cfe63214dded70f87ec74660a640b46f8e2559,True,train
cities,Zhabei,entity_27bbe6ef48bc99a24cf506d4e2ece7cec400d849482ffc2366428d82cc5296b1,True,test
cities,Zhangjiagang,entity_ed60373081bad01fd201e5ccaac21680c25201a5f1182bd04bfb0ac6e20288f2,True,test
cities,Zhangjiakou,entity_21ca6ace64008470453cbc8d8040f667e8e5251a002f7adfa3867ee272a6ab4c,True,train
cities,Zhangye,entity_0b4f04fbec0cf366c85f4e3897dd5f2a5e6d2946423d09ea279723db5cdc29be,True,validation
cities,Zhangzhou,entity_a2e1a3bb1f1e637f6e1bc4ee9acfb4f436f62a2f4c20943a77a6b976351b526f,True,train
cities,Zhanjiang,entity_9e2b087f3db05300306a51b96371e50177a5d9e4b74b0e55c5a9f9e94d712735,True,train
cities,Zhaoqing,entity_cf1a397ede2d96bd00b3db47afbb4075f0321450b93b3cb96875b18161ba0872,True,train
cities,Zhaotong,entity_f222cc8276c86f2758c1449cdd919e6702884a30307801f4d9a0290d5ad596b3,True,train
cities,Zhengzhou,entity_cea4c55ad2019fb6ce3f5e407988b872aa564170fef99678a2be965e5dbfa572,True,validation
cities,Zhenjiang,entity_69cf8748b9d1175a8ca15526a74c509c4e5d63094401e36bf83db6261b6c65bf,True,validation
cities,Zhoushan,entity_2c45c471a8041059222bf5d3a1b0b44f1ec5be6f381fbc1bcf43f8cf7ea93a51,True,train
cities,Zhumadian,entity_559a146c98d66bb160f001a5dfdbaff55aa1f6c1ddb400c42d7bfeed433da17a,True,validation
cities,Zhuzhou,entity_e5a034774fc212756417667ceb7cb34419f2c787b60152afaea89d4cb56eebd8,True,train
cities,Zibo,entity_f321ef987a62a0aeafafc6dc1ca20cff404b6137d4d0dcaf5a6f25242620a197,True,validation
cities,Zigong,entity_adf2598b0ae0eee0896c9a432a6c17873b5a9ac585d88ca2376451363181352c,True,test
cities,Ziyang,entity_17e6fc8552f9ff56a8c7aff9a4d76b10102f441e5d82f6f25d28aeacfb96017c,True,train
cities,Zunyi,entity_2bc441fe33cf90653e35334d73ef77508ef248b48928413c796dc1acfeef2286,True,test
sp_en_trans,abierto,entity_bb35c5e8231370acb299907287faff31453c7e9e95bad4ac1f4b4386d7a636dc,True,train
sp_en_trans,abrigo,entity_2ea29bc8337753322a926ae7010473088c0f589f00ba7fa632cbb890b87eb0b9,True,train
sp_en_trans,aceite,entity_7a32c30fe125e4803c709785def3d589219733f4fe6a6cb6321a737d51d9b820,True,train
sp_en_trans,adivinar,entity_c301217c91e68f83ccb2eabffba8dc13be7fa439bc833f5c3e86652bc2fbe088,False,train
sp_en_trans,agua,entity_d2c7ccbf314c26511d33d7d7e551ee80c8c1c4d9b87cdd6ff726db0f2541d7aa,True,train
sp_en_trans,agudo,entity_59b22700029688e8d15c95405a959c18a6b7bf860bd61676ea53e8394cb0ab6a,True,validation
sp_en_trans,ahora,entity_9e995c8d03844882706c9a86caaa88c2eb8a9c1c1f27cd11ae506becc037f465,True,train
sp_en_trans,aire,entity_958bbe1e38f2fa1b62fa2bfc483b0368e83a219a9703352b246d76bd6dff25a1,False,train
sp_en_trans,ala,entity_7b9e6ae35a41af12d3f1bc17260d105341b63e1c037e98b587ca17be16e304c1,True,train
sp_en_trans,alto,entity_353902b785350ab50f9b70bbfcea2bac9a40518150273a3d0d55f21a1bded781,False,train
sp_en_trans,amar,entity_72a1a81bef35e3dda053189267ad17b7dd54ae3f1a37b35e715aeedbffbb305f,False,train
sp_en_trans,amarillo,entity_bf91037f0093c8d5f1261b2d0a23c2c46c903f05cab8c011646d921f4a9a97f7,False,train
sp_en_trans,amigo,entity_316c94dc4b80dec65ec27a12352a9008cd18423c096d4a85056f33faaa9f0ee7,True,train
sp_en_trans,anguila,entity_02316c07b2e0a3faf5ce82e27d70a15138a94218b616625d0c7192fcc6d5c988,False,train
sp_en_trans,anillo,entity_af512bd3cf66505cfed01a4ae44c2fc28dcf244b422a7f3f5935fbbbb2b5260c,False,train
sp_en_trans,antes,entity_a335a206e6155e7f6ef8dfd41e8fca27437956cfae325dadf037a03d6abf380b,True,train
sp_en_trans,aprender,entity_6062558e737302c8bf5b0b2d775b037ca72e54f8e14c961649567bda77c556c4,False,train
sp_en_trans,arena,entity_8bab0e1d68af1c62829e6135ece2405e09e7984e2b94f9512282be141857086d,True,train
sp_en_trans,ayudar,entity_f7ff5e0ab82bbe0dc86249b86db8e9b025596f41c2e7e702a128f1b4f3bdd807,True,validation
sp_en_trans,azul,entity_660700edf2421aa718b08944e86e071fac14ba89845142c2ff2d3868a19398de,False,train
sp_en_trans,ballena,entity_a56db6e452c431a01916e8e0d07b0e800a39c63a6246b0288f1195c5191a3b45,True,validation
sp_en_trans,barco,entity_e7f6aa37d67b55ae82c4ece8abd0a57188307383242f9a0c6d65ba05e9176f15,False,test
sp_en_trans,bebida,entity_2b35c4e09d0b77fda844ce5e96b1b60bfa26fbd012a20dc4c0701c05e70eb55b,False,validation
sp_en_trans,belleza,entity_2b5d0bd4ec0b5bd6356405f839f26a975edd14ab01c7446dd6f66e0db733f0ff,True,test
sp_en_trans,blanco,entity_6708444cb5d3ad5343139141c853efd917b547699fb5e307e3d7f5fcb9bf264f,False,validation
sp_en_trans,boca,entity_c80e23664fe99a50bbefe74155b97397800cc14633916b154974f0d63ac56100,True,train
sp_en_trans,bosque,entity_8e0f6334bc440ea7d468e3eeb40cb1a88ccc604b4f1b353ac9cfad9c8cb1a8ab,True,train
sp_en_trans,brazo,entity_5e9c7657733cd57028cb4c4a8a08c5f3d0b40f86824fb51072295aa116e3aa0f,True,test
sp_en_trans,bueno,entity_a2d4b5b5e40180f1ce2d80e49a5031f0adda34fae94947b73a419ecfad0cf455,True,train
sp_en_trans,burro,entity_6c7662cbda5ffd986ea53b322786493d0143f4defac4b973e3f8e9380bf1524d,True,validation
sp_en_trans,caballo,entity_2606c19b0a331cfe349c9390ab3b5b412ade9b5d751b820eeb2b8382af8e5209,True,validation
sp_en_trans,cabeza,entity_57ed100ac04adcad299716dc89d1234f2fd1d56dbd20e3ce0cdbfcd116ece530,True,train
sp_en_trans,cabra,entity_a7bb8692ab44359d0f722bb79d4eff6dd636b7f219e1bb04b0f07c8c8f18a711,False,train
sp_en_trans,caer,entity_497e94b9abab1825054ee5e66fb0b8f4713c234beef15a783c6d129016ac9703,True,train
sp_en_trans,calamar,entity_839ed11c23700a4419d6427a8068887637177576416f9bac9b26163d8edbe86d,True,test
sp_en_trans,caliente,entity_12c652b4ba69211b690fbfdfa9767f22bbd4b53c4b559a14a98cfae1f8d04f6a,True,validation
sp_en_trans,calor,entity_90411a9ea6f99997fdb812b44b54b8cbf768b3d4c6cb5baf3567433285bceb2d,False,train
sp_en_trans,caminar,entity_e5173d2cf02128556ca98ab0f580014dc2c085dac633ae37550ed6b44f92ce68,True,train
sp_en_trans,campana,entity_dc18409d9ed6fe4c1bb5c1944ac259bb25e40ccc451df191bd4247b4f20de93a,False,train
sp_en_trans,cantar,entity_0361bf5223bce39698df09d15514b40e3406979c24e5f1fb683f231ae82071d3,False,train
sp_en_trans,cara,entity_b40d5ac400cb08509a31dcdfe53ab97823b0cc6f443e1cfa017c65233b856cd9,False,validation
sp_en_trans,carne,entity_62bf96fef5c635c2428f06afe0c70c305fee9179add501ab8fb44bfc8d70110a,True,train
sp_en_trans,carta,entity_42227c3b81c04713f039e365b9383b8fe19a3aa184aa871fc1ab6ab62d06a73b,False,train
sp_en_trans,casa,entity_877a75dc6bd9016c22bc67e257577d171d63eff265e366f035e651653e573b3d,False,train
sp_en_trans,cebra,entity_ef50535c3fac6283466e5f739fbbc215a0250c61e3f49c72337c7f6fe114bacc,False,validation
sp_en_trans,cerca,entity_85df645ee423c2cbc8f16e92008e9e61e62c38b7ee1555af1311a8cae20ccf88,False,train
sp_en_trans,cerdo,entity_308f23645f70dc7f518507b458657218aab33a34193ae8ada2d035f09647d8d0,False,train
sp_en_trans,chica,entity_d32bc0f28d9d4a1c819365927ea12ff32d0bdbb33600e8a58562f2a37d1c0713,False,train
sp_en_trans,cielo,entity_0211982c54a2d10c360c164482bcc659020eb5e9c38747580f8d3e8e69454a4a,False,train
sp_en_trans,ciencia,entity_4e93cb63b9e1e420adc275dec73a32c754b0feb761acf9f9559f87974db97808,False,train
sp_en_trans,cinco,entity_b84deedf84816fdc8f4b264ce04fec82e3c2b921281395e204b080744ddbfb9f,True,train
sp_en_trans,ciudad,entity_e95522b64ab49dd7816cf3c59f842e84e08c8f2a71d13e3fb0a2b3df2faa56f0,True,train
sp_en_trans,clase,entity_91edf1252d810ebe362176d3a1e27f41b58019c84ddfb1cff0ea7aeeaad540e7,True,train
sp_en_trans,clave,entity_1651443fcf831d1230fd4d3fbfe0ee58b93cfeb9e330e7879f413272009d6b86,False,train
sp_en_trans,coche,entity_15a54c3c6f97588a319a8d7ab4b08b22641dc47cdeb321466c590e943ac50102,True,test
sp_en_trans,cocinero,entity_533b6c898ac011f2e63b2eaaf367a3eefbd8ee1fc2cdfedd47c22573a1d531b5,True,train
sp_en_trans,cola,entity_2a6628d1d69206a1aefbeb0e9c1acfab53d781a6b2e9f921d0a734da96081361,False,test
sp_en_trans,comer,entity_702226a9f2eb7a9ba42c838244d9e5346f90fa5a125377a97fadc8e49867b79b,True,test
sp_en_trans,comprar,entity_688e4913da6eaae17e3a8bb20f327bde29423277956859e6c09cbed73ee4ad17,False,validation
sp_en_trans,con,entity_a1f85c94704d91d59dbc15b958049b3b51687ad0a374191264444aa632758f5c,False,train
sp_en_trans,concha,entity_8483f6916a45f66de2330038f86ef35aae1b8fa1ef16ea928dbb5b21fc56f8ee,True,train
sp_en_trans,conectar,entity_13c6550158d87da718bc518ac20483a9f61b7443b2337b2e98f29db76526d9a4,True,train
sp_en_trans,conejo,entity_982fa13db99e1e6480cee9873ae85f5060956e271ba22197e246542bcce42a91,True,validation
sp_en_trans,conjunto,entity_56d5b8ff3ae080134c57409bab42cff15bd3b5ff615b51f013cd3727483fbc64,False,test
sp_en_trans,construir,entity_08a4a1290dfe23622cb29dcd62ffbfd372e5f16211f42ea29a5d45c95e332a1e,True,train
sp_en_trans,continuar,entity_e6e293c1721f824034768e5a3e8e0be2ea24492073bdff24d582c2075fa95148,False,test
sp_en_trans,cordero,entity_0c7d0d005684451a6d1437b5eef4d904508e1dc2b82aac2216002ba28eb24f17,False,train
sp_en_trans,corto,entity_f863ec19897925330f01e23a9153ad07727d2a51f08b4f1494cfe6a92668c58c,False,train
sp_en_trans,cosa,entity_ee4f7143b8b85f1be38c688c442502e200fc2f6d829af031937308bb494c04ae,True,train
sp_en_trans,crecer,entity_5977ec5796d573b12c21b8004953a381bf821d9dcdd51be24a344adf3ccc5da9,True,train
sp_en_trans,creer,entity_9a0c2fdd9537109d20aea9fc8fe1df022900e7f35764d518e92439d9410fccb1,False,train
sp_en_trans,cruzar,entity_cb82a1c676489afcd81bb7bcfaeb8152ef9e8401d5b1a8959b6882cad9f37123,False,test
sp_en_trans,cuatro,entity_66677d78ea058142fdc080a7c898aa76ec31ff6802a1482cf0e5d8319057d3a1,False,train
sp_en_trans,cuello,entity_ef79352b6175cfc5d58684c590b0962a9683b8b3565ae270ae14e0126fac9966,True,train
sp_en_trans,cuerpo,entity_601bd41d80f69d4a3701241dafe040ee3eee42afb7a830f9c9a3caf16d4f0d4b,True,train
sp_en_trans,dar,entity_f19a6c95a17fcaa2f52b60686a433f956b6f0d7df8c5a80339ba45c821915321,False,train
sp_en_trans,de,entity_d87bd6d64fb56f4dbfe328cc18fe2c2656d62450ce1e5cb7380030f191b12967,False,train
sp_en_trans,decidir,entity_904ede3ceaa9830232491edca17616a4037006a7a497098c1dbeb8bdd5b8cd6f,False,train
sp_en_trans,decir,entity_77f8f73c0db975fed47d5b0af4d5de21b56dab8b718cbe9fff47d81aa2c6f05f,False,validation
sp_en_trans,dedo,entity_784d3c985141be340a7baa21357ef52c95640df901c30165393baad026a61f54,True,train
sp_en_trans,delgado,entity_21325e32e76adc80f3b853b6d4a65b2b4d4a99dc9127422a6d87dea9eae4319d,True,train
sp_en_trans,demasiado,entity_0a8f5acf1e1c2b656708809c44a1ae81866a51452d29e8c3fd56f9f6a5dd6829,True,test
sp_en_trans,derecho,entity_a6e3a4b6d43445219909cca15d9d7c66dcaf37cc1d0fa5464a5c0bcc6b730092,False,test
sp_en_trans,desarrollar,entity_cd0f42ca0dbab4cb79503f0be29d0524bee20c0817327f03e6e2e1f2e4cb849b,True,validation
sp_en_trans,describir,entity_3392bbb66b98a032a22855bfb139dd593b254e7a0bc465624974494ab40107b6,False,validation
sp_en_trans,dibujar,entity_279e7725a689aabef2a8bedb02d6ed0aba7f4e4980dbb690803016ac3af18161,True,test
sp_en_trans,diccionario,entity_4c1a2a23ad94e366ded5d24be0ee7ef449413e154eb3b8cab660d58d2e691420,True,validation
sp_en_trans,dientes,entity_705544b5088c28dcf328f3f0d86f4014b9933c9a1757e70a859b855e388e018a,False,train
sp_en_trans,diez,entity_025ba7c9b755b080fcfe268ea82d2cf28be3145d18615d3ccffd8fc08c46c744,True,test
sp_en_trans,dinero,entity_7ccc2cb20116da5b874417448f40addd79ec33b6abdc6ab2a317b2e210c07661,False,train
sp_en_trans,directo,entity_a6d3ad141379c2ba12b0e9930d5c2d384f88c70fd63cd2789f65d2fe955372be,False,test
sp_en_trans,dos,entity_fc7f4818a96a4863e4fbfe80b65813dfa4cf39590973e8ea47496dcb242e9a6c,False,train
sp_en_trans,edad,entity_4253c79cda747057f221a68891abc7a969c7afe31cde849fe2abadd0054d3931,False,train
sp_en_trans,ejemplo,entity_67e067d795971884f72ebacda9302b0a87c94f72465d009e9edb4b779006a3bd,True,validation
sp_en_trans,elefante,entity_c6cb4ce063bceb82eeb2c136de10e7b59918b0f04bff90fb3920b52c1a578c89,False,train
sp_en_trans,elegir,entity_6f5e6bd72329bbe14fcaaa661465f19da1b6bcf927636fc936db0a43525975fb,True,train
sp_en_trans,empujar,entity_261532816b48c6b8c2eb8cc26667eb4148628525573dd9c66495e7293bc69e03,False,validation
sp_en_trans,encontrar,entity_d6b1c72b0c31f4571a68999b21c83154b7e949b941a9d75b090cd28276e09b4e,False,test
sp_en_trans,enemigo,entity_d4b9f3b8446e2f2193222494d668f089c706a34b3a0b97182457f7e3cf2358da,True,train
sp_en_trans,entonces,entity_49b5fc53cf4528987f70193e8dc2516b138bab53ee59c0cd3b34d6720c3b7157,False,train
sp_en_trans,enviar,entity_a80720919b0a8e9c4759aa34811fae8739043eb391092f3b4ddee320998261a3,True,train
sp_en_trans,esclavo,entity_6ea365d7d0cf043c7927c1d38af0cdef723f238ea3f1a07f535de290f7a9b894,True,train
sp_en_trans,escribir,entity_dbf6345373ea7cfc6751d26124ff2778919ef00519e7bb7a50d801070ef296aa,True,train
sp_en_trans,escuchar,entity_52a1a015507569faf7f16063256c28c07b7ca279f320be7d1ffb8275fb98cf5c,False,train
sp_en_trans,escuela,entity_58b574138deb1c1c93d43a6a10bdc53ca07f77b5c6fc735dd64832ba25e17be8,True,validation
sp_en_trans,espacio,entity_3fd5fce57ab7e09c57b15a8b557ed6d243dc626ec7a3f598dbe95b5a37230b4c,False,validation
sp_en_trans,espalda,entity_718355cfbdd98ea6806604afb4fce60f93443f2c365e1692acc03fa18c470448,True,train
sp_en_trans,especial,entity_05c3e70f770201a404e3a3532430c9d29aeebbacfef0db06dcba868bb8809a2b,False,train
sp_en_trans,esperanza,entity_f1a3580bd24dc57e6cf31c7fbd28a43db2b7e8d0e6cda0b022996555fd5d4a50,True,train
sp_en_trans,esposa,entity_95563d372578bcc9121b20a2b61ba878c434b3df941e419db79f0505b1bca104,True,validation
sp_en_trans,esquina,entity_d99bf79671857487c78cfd27167de73287225e85630154c96e2dae240c643147,True,train
sp_en_trans,estrella,entity_2880916d9dbe70e8189d69075d3a92cdf51cb9a2f30db75d47c04538d4b51ffc,True,validation
sp_en_trans,estudiante,entity_ec25b33cd1a65faca9c0f670c2c4bc7f43ee263853bc9a81afe3ac18d3a28a4d,True,train
sp_en_trans,experimento,entity_269a67f403b7286ed986b66c7d5f0cd83d9e53d30afb096273d53f3c51549731,False,train
sp_en_trans,familia,entity_66b8f618bc1c517c0e37e2f2be9505b84d16fd70dc8fd1b9ec9b9366bd64959a,True,train
sp_en_trans,famoso,entity_a887f7d94717d9ad8edce7d0711626dafc74d405387bcb8b47f3c8e3570aa4dc,False,validation
sp_en_trans,feliz,entity_2d7d9ba472fef6d45c58a78a53b40806a555f4de401d0f5296ebaea4ebb351c3,False,train
sp_en_trans,flor,entity_5df70b5039b608fceac6772770a188902771e7f95e1b9f7e0955bc78105bf5b2,False,train
sp_en_trans,frase,entity_1ab481d47b6b046a79259dc527503b25f6f25b687f9839bd2246b305238ac21e,False,train
sp_en_trans,fruta,entity_b11a2ffcca933485cf44b3828587eebe33888fcd4cb94f12a5d3a2c9960de9ad,False,train
sp_en_trans,fuego,entity_724ac93aed54018b5e5e8e6f9690d005bddf9d55dc4c6b0616eda0d83ab0f21e,True,train
sp_en_trans,fuerte,entity_6d1583549ef8f66b0de9e46bd85598f23424381df582330485b3cb3b2d13deb8,False,train
sp_en_trans,fuerza,entity_72ef406e11bbc4730855974e88dc10c38f4fe13f525ede1de334c6d5bdb4dcc9,True,train
sp_en_trans,ganar,entity_d02cf23da9ed72bd6282e2ff112777497fcce19f6441b12a7c1f2502deb24f2a,False,train
sp_en_trans,gato,entity_3936ed3d060006f0ed9c0cc053b3ad71ff4b9fc89325a5287e5d7c1d45e7386d,True,train
sp_en_trans,gobernar,entity_376c7e45ebfe4c01ac79d91efbe6be72ea8664ba63a50add95dbeb81f0fe9907,False,train
sp_en_trans,grande,entity_8874bb61c73df2eb388bff37d05c17849e86d1f9d9594e432799987817bff165,True,train
sp_en_trans,granja,entity_3978932a7dcb8f9b4b56e02c534498a48741344f2f2ce14524a34c96f4c76d31,False,test
sp_en_trans,grasa,entity_58b51cc3dfb39407149157208b6e8f0a3ee0a9800bc6eca8575c85805b9110d3,False,train
sp_en_trans,gris,entity_51292fa3eeff8631d8f73a0aec338f6d7d5e26a14eee27aa134b05fadf20af65,False,train
sp_en_trans,grupo,entity_7aabf6196fbd9c2b013fdcd9d5bf962e89a16efc08f320d9d4ae2ee3310941c0,True,train
sp_en_trans,guardar,entity_9bf3b5e35cf48e658eb055ffde895dcc5f19515df832be78e6c04c6372c65ebb,True,train
sp_en_trans,guerra,entity_e7cb8506f3d528613173e2fd7c663a507b79485bc6f917a7de85d9b194312967,False,validation
sp_en_trans,guiar,entity_0aa69df6a2ea6e5a28452ea66f43be3cc5022db6431943393bc9c1d775ba36e7,False,train
sp_en_trans,hablar,entity_75d0a785025e551472c9f1cec33ed21dfafab9c5b8e5bd998d23dbcde58bb565,True,test
sp_en_trans,hacer,entity_43d4f84e42747a93bac127b5e7a849d9803afb07a1afbc3874d5a74317cfeb9f,False,test
sp_en_trans,hermana,entity_865f8b8c59d51c85cfa6cc595ed4bad1fd75606f8888aef2301555d483fc6599,True,test
sp_en_trans,hermano,entity_4325e5ecbe59344099a20efca2240436d10ef7d2a0c93a02635548f22d6cea3c,False,train
sp_en_trans,herramienta,entity_517aa746b408ea3dfe7e8c64a2f30bebdc189de0d223bd5d62774afc54b51eca,True,test
sp_en_trans,hielo,entity_c8c201d2f09af6d0b6060033fbef14db06eaffb6d3d0706dfb5a7e5874e1fd09,True,train
sp_en_trans,hierro,entity_ba8b34056856927617cca817aa6f6a67a18d3a8e5153f9e615da7728ee9b701f,True,train
sp_en_trans,higo,entity_cf222c3fefaf8ef311517cb48e8cb19e3e07e168a7bd0c9cf7deda62c13b8120,True,train
sp_en_trans,hijo,entity_bc658b6771d9e1872f73f9b0710d15e4db2d15a0337ec84733433f7a40fddb03,True,train
sp_en_trans,historia,entity_df0bed6036d2d275932329b4735187a766ddc3c9aa612970b322144b19163063,True,train
sp_en_trans,hola,entity_a282438f28845fd5e79ca21b730bf0d1c195aba3853e13acee2fb580040c4ab7,True,train
sp_en_trans,hombre,entity_8cfe1408260a7a224b7bac6071b949d023c72cb47d48f91c9f11a0de4b006909,False,validation
sp_en_trans,hombro,entity_045647b472d12d67bd24e765227c3098da74a32b1fd5ba7240ed95ddb86cfe2c,True,train
sp_en_trans,hueso,entity_68e8db43bf8e968028a1330b916dd3f01ab6d8df57d81961c5a43e905901708d,True,train
sp_en_trans,huevo,entity_24c2cc83cf4e81eab96b477cea9dbeca7a82ffb651087d2a5823784cc6fa3b94,True,test
sp_en_trans,idioma,entity_2d963ff953cf5769a9b3d15473e88e635d406f0d1dd57f47231c04237db39186,False,train
sp_en_trans,igual,entity_7f487139f23ff98ee83111a6e8a77c66d98f360fdd1609aec257eadb28000cf3,False,train
sp_en_trans,imaginar,entity_64d48fb213f38633fbdb06a6958178479734555b3e3a30d7e0a929720ec3fb3b,True,test
sp_en_trans,industria,entity_410bf077ffbb919ffece63ae3e427e7b30b8c54f8f3abc87846ef14072c4ce17,True,train
sp_en_trans,insecto,entity_d51446375653a695c899381dcfe998c776e96451f03bc713f6bfd0e338fc3edd,False,validation
sp_en_trans,invierno,entity_8e02bb1c2e434a0933230849167521a53c917e4867c0966f252888e63f212c57,True,train
sp_en_trans,isla,entity_b64e3b6b7ec7bc6d01493624a1841763d073444fcaaf567d72b24380596dc146,True,validation
sp_en_trans,izquierda,entity_da8aa9b1e62f4852064440465f05b64c1de10f366c8b92f0651bb873a074c1b0,False,test
sp_en_trans,jirafa,entity_bf8b0057eea47e6a4a76468b03938a24017a1f02aa46f4dd94bf59d1e6a34331,True,validation
sp_en_trans,joven,entity_1fdbe7ebff863d08c5ca3faa2d28822a4e5b32aa75d89770d78b49de8e380839,False,train
sp_en_trans,jugar,entity_b8cbe8cd70ddc5688142c852bdd62386e34f49637c183186c3f231188de00193,True,train
sp_en_trans,lado,entity_8bbe35e94663c33fcd2abc5498fd1e47bd9d1db1bad9f26796a77c1ae3725fb7,False,train
sp_en_trans,lago,entity_e2e070aabc75a33918872a27a451eeea43d37f1559d15ee756f3e3ec629c098c,False,validation
sp_en_trans,lanzar,entity_c97c2e09f126cc13f4f534c46b81cad5f27eaaeb6deb393941b9c8872b8e46ee,True,train
sp_en_trans,largo,entity_72e782b9a4ec265b9b58e990dd802cf1a3fb9ae5bf4216d5d86fc6efbd22fcc1,False,train
sp_en_trans,leche,entity_bc09aa8935be76ba51e31e8a6a73e19b70e375981f40cb2b903ba963a2348044,False,train
sp_en_trans,leer,entity_d6fe3d2312a2fa17cc4db5ab68be89c2aebda2fcf41ba5365b7319c3be11d6e0,True,train
sp_en_trans,lento,entity_0febc875cb15903beea123a9d0d34ba34eb7447a4e768b507c003163d6af2bf0,True,validation
sp_en_trans,ley,entity_b45280e6b8708e89a2201af69822223190dbb7b58d4bb8a3a61379e4dcda248b,False,train
sp_en_trans,libre,entity_39e44c3ded13949006418c9a57946a139ef8bb3b1112a45e1d8e77b92951ae9b,True,train
sp_en_trans,libro,entity_a03092b4fc04a9dd67e4cbc3cdeba0adbf1f159b176fb67cfcc197bc96ca07c6,False,validation
sp_en_trans,lista,entity_d7a147fa16de22e133b10d275a3508a4a607e9cbd5b2c67eae312d224edd89f2,True,test
sp_en_trans,listo,entity_bfa2fee3ef1d2f37d2b9ea9c83d8f4451c290231ab1aef31395f94c47770d715,True,test
sp_en_trans,llano,entity_d9e279d2df32738b043bfa92bd2c7b741dd131d6251c062017310e65c1633af9,False,train
sp_en_trans,llegar,entity_57f02ab09e7e76016152a9fd78aa4aa582f8b8a17fa8c452c8e0a0b47bcd0c85,False,train
sp_en_trans,llevar,entity_4ebb23ac7fd57debbe9f5741d0cec8bdee7f0516e5241a6cfdbc11d0c0b4d989,False,train
sp_en_trans,lobo,entity_c233f08223dccdd5fdf9f4384e95fbabf78f68ec58aa408a9422a3b50059bcbc,False,test
sp_en_trans,luchar,entity_9f4ff34b17508938cf213eb81e15ff468a3b90073f2a55aae27205ebf8314740,False,train
sp_en_trans,lugar,entity_a2e191a4dcb10ea8e54b117f70f2f2b3245f4fb0fdd7f197d6de4cf636c09bf8,True,train
sp_en_trans,luna,entity_9cf23ae507abae2296dfd9c5521f57bdec1ac6e89aca252721165befb328725a,False,train
sp_en_trans,luz,entity_e72ba2ad59d6790cf4fc77ea337ed4a31cbeeee58f1f5f064c7588f03aae39dc,False,train
sp_en_trans,madera,entity_40a97e625df4b5092e1e3ccd72961b02e7ee03c1f4da1f42a75e3a5c10ef8cee,False,validation
sp_en_trans,madre,entity_d896e86a3902d233787ef583816a68ac9aafec8b4ffb561038e461bd5013fbf6,True,test
sp_en_trans,mano,entity_0599b28bcea8f3f79eb156ee62d314f2231228cd4971a76fada2ef6438afbcce,False,train
sp_en_trans,manzana,entity_f95e91314df6c9d00343773914c0230cc00c35aef28ee08601e29f86bd9f61e8,False,train
sp_en_trans,mapa,entity_a63a403d7d4a1b8740b3b09632678af541b177038dcdc03f3ba112bfc75ed597,True,validation
sp_en_trans,mar,entity_436304237deeede30b56a9f5436dcfacbcd604411eeb066371979035bf153b6a,True,train
sp_en_trans,maravilla,entity_d6cedcf208dc922f6a6887ed915d476961bf3e6de654ddb9ba0426a4ebd55ebc,False,test
sp_en_trans,mariposa,entity_79228168015df7bb75c67db5978546b76893bfb519fe7d687cce351d732cdcd6,False,test
sp_en_trans,matar,entity_01fcd902f1e683a46456004a85e8e7807323fc5b521dda89b6909fdbcc1723e7,False,train
sp_en_trans,medio,entity_8fb70401b6828bf8c1d395f86d7ab1ad0faccbcdc3edbda12b04217aab484ff3,False,train
sp_en_trans,medir,entity_1e19c854d8f3092480b9d94639e5168cfe3ecd2e7a7b015409d69904d20eb869,False,test
sp_en_trans,mercado,entity_4cbb80c34dd82a1c3ef88d502d8e9ce5151e301d1b093fa3dac0b2f556146ce9,True,train
sp_en_trans,mes,entity_4d0c93f3e6842186926bc9d236514913ea44fd1de67ec0fecb99aad73befd203,True,train
sp_en_trans,mezclar,entity_7e594cd8ddafceb9af04c74ea623e12e78af45db45c9269f0be4ec9bd0722050,True,test
sp_en_trans,miedo,entity_634d967fd976964be80ae3e464a13fd63ec3addc6ecbd1155bcd9fbc1914092b,True,test
sp_en_trans,mientras,entity_0e10d7ee03a00ee1725bece0ccaeab0309de3b0b246927ecbabf8dc7e06c814f,True,validation
sp_en_trans,mil,entity_c16b1e9a2f99198f004d77ae3bf418114558c2af4fbed67e6427096b2006bcca,False,validation
sp_en_trans,mismo,entity_f007ebb5fb3e23a8bae7e782bf908deac68ba775873bdc1742e8f217e7c99abc,False,test
sp_en_trans,moderno,entity_edef7c4cce0f33d69ea525d89caa40f21f74fd630f1611ba29e431412fab63fa,True,test
sp_en_trans,momento,entity_b0db68f411ccad33d929c070645d8efea7afbd7caaacf3d1b3dd418108efdff6,True,validation
sp_en_trans,morir,entity_a9539b9fea5c3e90b7aa3196084f23563c783667f3780b2aa909fae90520817b,True,train
sp_en_trans,mujer,entity_21848ecd0847bb47196a608da25359721376a7ca394a742d2928af62bb082eab,True,train
sp_en_trans,multiplicar,entity_ef0fb89a2b7b6c9b42f26707038c7cb2e52a44e973eb515fea29b5db40cc9143,True,train
sp_en_trans,mundo,entity_c0428ff69ea2ed8c7a0b30e5257f8649c70d6673212c0891443eb24950c3cf75,False,train
sp_en_trans,muy,entity_c6af21ca261cf0baa5dee1958c6440c6e085c918f05e366a0ca9884531e4e2ee,False,validation
sp_en_trans,nada,entity_959e72b45ac7194435a2ee34ceeffa75fae116967e03224b3ccf5d93412ec5c9,True,validation
sp_en_trans,nadar,entity_ad8247f744f04775bf4ca9ea6f61996c75d68ddba9b6c5859d38fe40555e5195,True,validation
sp_en_trans,nariz,entity_23fa23266fb0e942cc36f531c70f1bb049153cda09e7f68b1adf177ba0820ac6,False,validation
sp_en_trans,naturaleza,entity_ac639634ab5a664b16be41b40d40f2c09f26c0f6edc28cf1172562c4677b2b73,False,train
sp_en_trans,negro,entity_b8108b1f4be5376b9cc2031088d544672883f8f185cc829bbb6c27ddb01c49cd,True,test
sp_en_trans,noche,entity_6ebe4759f181dcce3cabd6645e4329d44e1008be580eefa47fe664efea99068f,True,test
sp_en_trans,nombre,entity_69d2a0be2962fc7b6362e6295214e68aa37b5fd84da31109eaeefd5f99500fb4,True,train
sp_en_trans,norte,entity_2391280fc83c8fb3bfe2787ab55558e4bf3eacb5aa8115f5ce548de54c85c63a,True,test
sp_en_trans,nube,entity_3288c5f1b62fd31ddeae10c8a860b0ff8787b099df4836b902e8d94fbf6bca16,False,train
sp_en_trans,nueve,entity_49f7a27d2bb57405cff361f05c7dd7d18849fc0fa3e3e5d8f383c356055d3cd9,False,train
sp_en_trans,nuevo,entity_38bc30f6832987cddf476fb9a685ec1b2fed9887dd154c0f3085c73a92d2ba4d,True,train
sp_en_trans,nunca,entity_0cb4c7aff5e2dcac9dae7cca9589af88cf1b1fcd83917738aa553bba867569c8,False,validation
sp_en_trans,o,entity_82c20ea2e182a46506303980f7e045d64c67680ce2e37dd2bd4602c4c3c100d8,False,test
sp_en_trans,ocho,entity_0ec4db7904dcd0b7055bb98e196b94abe634150dbbb34c53d8119a6e7fa22946,False,train
sp_en_trans,ocupado,entity_17d84dd020a8d6b9f614da1bd7496fe1b51f3b9d6f543cb6a344aea786e9c54a,True,train
sp_en_trans,oeste,entity_93c91fb19ca6f6f3081a61d374eccb63b4bca9d74303a7f681a55f7b27ee100f,False,test
sp_en_trans,oferta,entity_edf3a2c5e440bb61a97511b1f110a446089ac2b46265b8d224e9656130ef9e36,True,train
sp_en_trans,oficina,entity_e7efb4430ff1dc067b573cc17a3c0311668294e30b4fa9932f4bed077eb4f6f2,False,train
sp_en_trans,ojo,entity_3a0134c04864d25d9176d7b9b17db07d91a2ffe8d8b977162cadb688baeab607,False,train
sp_en_trans,ola,entity_2ce8a06b7f7aa046abc5651ba330370fbf36b7c245d4c74a582e0f04c7e3c855,True,train
sp_en_trans,olor,entity_8e37d350544e324c1480b4c11045adb8d33a37c5b05a5b928ab3fb0e7a8ee6f9,True,train
sp_en_trans,opuesta,entity_faf24a2cbb3d548dd5296707cf90bc755232c226efdb52bfeb914375a98b0a8e,False,train
sp_en_trans,orden,entity_388cd94fb89b1239be96e57f9ac4c651dbc245d9ef4d04dd116f10a10b4b9621,False,train
sp_en_trans,oro,entity_13d1406bc3a1864043b8c3a6a8a8f8089cf811f60ff2ed5e481bc17e3435296b,False,test
sp_en_trans,oscuro,entity_aea4a2928719dd5151096c110feb8f3f872f5df4df5cf9f163ce21a0348f56a5,True,test
sp_en_trans,oso,entity_191984287ff05eddf25fee1ecee5b65f63db2f653315b95924020d9c786d1565,True,validation
sp_en_trans,otro,entity_fa45a7d0b588ef96ec928008a8cec269cf474943a2cd498142fc864e1aec2473,False,train
sp_en_trans,oveja,entity_907a7b9f2f297108c002b7e08ac23f1599b7c4f31e2b5e59358191ddc4a132af,True,train
sp_en_trans,padre,entity_b9afe304a04e954ad1b9cda6a9189ae1fb4a1067603282dc0c0f60e0084fae60,False,train
sp_en_trans,pagar,entity_609588d0588e1ed43d7023e357c28cc4e1b58ae4c60f54436401e894423c7489,True,train
sp_en_trans,palabra,entity_5005162cda9d7bdaf2d3c5f342fd8294a6dec97a96e6d20011ab3ba703dba813,True,test
sp_en_trans,pan,entity_a44ae3bbdd9b80f4b6dd8a3c77ace44149427408e9eecb0b609486d544dff145,False,validation
sp_en_trans,papel,entity_d53c2d1c28a6494aac6516550a0b3af25864c3b9d8b690e603efd5484b3c0bf4,True,train
sp_en_trans,parecer,entity_df73c957cb552342ce208e83f24fb8561d7af835cfe33354ab1f037cc9271042,True,test
sp_en_trans,parte,entity_f614ed08b147dd27a552f2640cd9cdaa3546cc383e582fe470363f2cdcbed3ff,True,validation
sp_en_trans,pasar,entity_b41bd1079845fec39bfa205dfa72adb861704d508e89ebb7e78dad038e93b637,True,validation
sp_en_trans,pato,entity_8551cecc5c5c5b8ff6055254a5b6405f44900c315d16ef55d757e31f40221f7f,False,validation
sp_en_trans,peligro,entity_c953b2a09a50e6bfb02ebc4b9be3ea3baaca6584c07f6b47eacfad4bed36db01,True,train
sp_en_trans,pensar,entity_1d3779c42128af98eba8859773bddecbdae953a10ca1ce3963df19466aa5abfa,True,train
sp_en_trans,perdido,entity_b1c7358b8d4930cdd812d80a1bb3f2f49443ce451ca812fb45f510796c794c93,False,validation
sp_en_trans,pero,entity_5456409e46e10ee42615376ad17c40c905bc089550d752d606297fda767fd819,True,train
sp_en_trans,perro,entity_4efa5af20f6f532bfad86d8f127c0ff321b7472542e102063e43be9b9d7aea9a,True,validation
sp_en_trans,persona,entity_ddfb6f2d8c0d820a60118049488ddc8af3e48488ee053892bbb4d936f9d0a307,True,train
sp_en_trans,pie,entity_536e7a3c78580c2b106dda471ed6274f5fca098c159eae7931e82cd8a4faa84d,False,test
sp_en_trans,piedra,entity_950c72e40e7b7411e0a434789b8ce05f318b60bcc71b281729adeb914c76eb7d,True,train
sp_en_trans,piel,entity_b501ae2ddb456e5a54a906eef7fc3bdc096a6e7fca753a004adb84e98695931a,True,train
sp_en_trans,pierna,entity_7b8f1bff81b5797110b2dbefba5d68abe739de1ad420efe70e8dbf75709cc8e9,True,train
sp_en_trans,pieza,entity_2b4ecb506b17a6815a44097496a7ef21164d7efdf4d45654abc2a0951ad97f7a,False,validation
sp_en_trans,pintar,entity_c6b1bf1792357c2256633315f5e093325640acb381a5f568a74b956fce179f5f,False,test
sp_en_trans,piso,entity_3f0a6635401500c5e5d488c4c61b1aa4ffbe7a247f0ae0e583a8ae8c24e1f4d4,False,test
sp_en_trans,planta,entity_54da25c6dcb88874a2d2930692bad69b09b841b66e6d3de8f5af3b08841d2c13,False,validation
sp_en_trans,plata,entity_b69eae8b5599ad5b244440921db841ce32d1268b28dfe14d7cb9f65654d421a5,True,test
sp_en_trans,poema,entity_7f59009264dc34a2526fe5a09f814e0ff836d8ddfb8236a3c2058084dce335d3,False,validation
sp_en_trans,poner,entity_88dceb3243303556aabb593be055655965256a238ad3721533bc7f64ef67cce2,False,train
sp_en_trans,potencia,entity_b2bf002964046b983c02872f40bc78b2931affc274edbbc8471fa8e9d1464b2a,True,validation
sp_en_trans,preguntar,entity_6433a41bc74cd0f9acbe41ffa55c0e7be831c3854b44e001339c9a41d7528a2d,False,train
sp_en_trans,presente,entity_4f9058348028112b928424202ccd4b1322f785ace9cceccc333c535423435e90,True,train
sp_en_trans,primavera,entity_a27c1acefc662cc0e35f9454350a78326b7ffc2d771b822e14c144a1b39fda50,False,train
sp_en_trans,primero,entity_1012062cd342ab6c49e1931037e278765f0d32f112f49989fbcc4ce2a6c88564,True,test
sp_en_trans,problema,entity_54533115e6f28508c82327c1613667aeb11c74da054795635e808bf59b83db8e,True,train
sp_en_trans,pronto,entity_07eca21732fcb51fa1bc75710d417d40fd675455b75f4c4b41cde58f36e4638a,False,train
sp_en_trans,proteger,entity_bba5b2442cee4cdb5b0fbd81f25a9a732d024e245d52d025ad39b74aa99b7821,False,train
sp_en_trans,prueba,entity_b79eaf955c84a0db6d43c2ea26e969476336166cee2f0390c58dbd80afdafb84,True,test
sp_en_trans,pulpo,entity_e35b10a8f9aad38cb83f942b8b899c70f755fe653cfde3cefc6c3b69e2ce08b6,False,train
sp_en_trans,quemar,entity_07ce7536743745301e9da29915d14569003701dd7646292acfe93f7538bd6cfc,False,train
sp_en_trans,querer,entity_7a7b14bea743d3db1c5358ed9828c12ff00631a107536ec43f3fb7f79c221315,False,train
sp_en_trans,rama,entity_883c5480182a6b978c0ea31ec98a7aa382a2d95b154cd6077e128fd2c580ea3d,False,test
sp_en_trans,rana,entity_3874f4f3505a19a05e0bc0a8e79f769416dfa803047cdf316a5f7caefa2cf61a,True,train
sp_en_trans,recibir,entity_43351cfaa29940173c7cfe42733765bcb3e4a2880952076770ada4fef3ffbf12,False,validation
sp_en_trans,reloj,entity_86d6815e05b179cda26dd027133c3017c3dc938de90737b325ef54cbe78f3f37,True,train
sp_en_trans,respuesta,entity_3394f16180633930b75531d568cfb100ddd6aea1f5cf41d6e13677c9200d268e,False,validation
sp_en_trans,resultado,entity_88456f3c03d30eeaf2b1de15e01452b5f1bbe11b120fde41bdd19ff161fee17c,True,test
sp_en_trans,rey,entity_2ceee0e6c86bdf551588efcf920aeaee7bebdb12b86c0967dc92a6986ecb3bc0,True,validation
sp_en_trans,roca,entity_c1e48ab217e8b040c0f55f8e1639ee74f83390763f2966ad83ed3a27085a0259,True,train
sp_en_trans,rojo,entity_40138bf903ccf281d7aa33f1b3f75b4a8d323b7858d1cd26b43198496b00b50c,True,train
sp_en_trans,rosa,entity_3df3f236af46e65c5c777dd6ac0c65f007ce12a9c62d6daa8be1164b71ca3be4,True,train
sp_en_trans,rueda,entity_4e0180fbe9baa9c08700097e5e01c4510963d891ad56a2e5b34a4d286fa80a74,False,test
sp_en_trans,ruido,entity_b2c0248a45daa9e4ef826e96306a0100a0e1d1e90fa42127eb470407ccbbca86,True,validation
sp_en_trans,saber,entity_43d6972dcc0188d735fd3d8565d46260924ee26bd394898f7f82fff421a048e1,False,test
sp_en_trans,sal,entity_d09a7a93ab4e8c6cfa8d61b892ec8fb0f267137f8e3987d5b2d3226d043b052b,False,train
sp_en_trans,sangre,entity_0c445794f776a25d2d8362cfdb85044e503790870324ab365d3b5cf852f5a340,False,validation
sp_en_trans,seco,entity_a711d854e771c841445659a1e8cf445821a51413fda7d25fc8e5f6deca992574,False,train
sp_en_trans,segundo,entity_04dc02af6d6fa8ebf6ee6cc41dd6e232741913bd608e846f6cb2b70344e55a41,False,validation
sp_en_trans,seguro,entity_4104c7352283aded3a9d44e182573f31a8848235ad1f922c6da3fc5bfc5856ab,False,test
sp_en_trans,seis,entity_7c9ead090444a1c941c82b4bca33d7636c29a255d01ad724c0d125a1f378ee59,False,train
sp_en_trans,semana,entity_351b068ae357cd4d4bdd3eed2667535991d2d6f53ae0c06e12ac16c6fa2b676e,False,train
sp_en_trans,semilla,entity_98ce5df3c887309aca46d48a5d64600671ac99ee3148f8811eb1e8267d3a269b,True,train
sp_en_trans,sencilla,entity_bb1e06f83011486258b48d29cd35228f0a9def6be3bda573a746f1d2a5bb19b6,True,validation
sp_en_trans,sentir,entity_3bfe3c1706812ec1e6c6bd3676c8449110b3bbd852f467d90145e05123d814d9,False,test
sp_en_trans,siempre,entity_72ebac24c83259600adfd1d722c8e14a4b79d33b9e9d93d0f2cd88c9e70af314,False,train
sp_en_trans,siete,entity_a3b782bca7bf7ca8106f5a36033d65f9e8859b778aafdb32e83632f94c7cd5a6,True,train
sp_en_trans,siglo,entity_5928f33fb1c46f73b788644d1a1683a2f9bb5ad70ed642cec40230d1e7bc45a0,False,test
sp_en_trans,silla,entity_ff2e9d818215e862b83d58f44417914d7c399af01cb26511ba977485cf7beb47,False,train
sp_en_trans,sistema,entity_7cc1f02a7113c1f6e8b42695a0f9819d0ee81fca5b9138bf0a5ba94bd32fc196,False,train
sp_en_trans,sol,entity_44093dce1f480a642732300c4e2c9a637525e4cb7860ddcadae586a549d13ff3,True,train
sp_en_trans,soldado,entity_24b658bcedf407e93aeea002549945eb0fe1036d2639b74c0dfac29abe283737,True,test
sp_en_trans,sonrisa,entity_2ea062c6c7dbf8a50675b7676aa0f5d8e5ed112211c563640f49c5161468edd6,True,train
sp_en_trans,suave,entity_f5e19b9e075eb39e1cabb0f6574ead61dfce82faa3d0828184435b83f6118675,False,validation
sp_en_trans,suelo,entity_3ddaa8a7982b03dc6245ad7fbdf4d0b16bafa100fba970afbe919cd06cb5f221,True,train
sp_en_trans,suficiente,entity_8b6a1979de0cd9274402a56753ece95d514a01dc2f7b9bd8006022d3d5a8d48e,True,test
sp_en_trans,sur,entity_6decb9af8fd308960b1e7314eafdeb8bd67ebb5ec947c902b87eb644104798c9,True,train
sp_en_trans,tarde,entity_73cb60fc19e96cd939942fb3787738bf445f983525f5c8966dd024412560ff71,False,train
sp_en_trans,tarjeta,entity_5f8662ef9758ac351a13e50d6042f5e3b4368f0e66248846fe1bf9a2dec2b864,False,test
sp_en_trans,temperatura,entity_e26de0ddce355f98ec972e71fa5302c7d40ef99dc6afcb4ac15117517049295c,False,validation
sp_en_trans,temporada,entity_5726f25949bec40dafb95a4b50dae3605d144692c69a197f8eac2ac1ac057768,False,train
sp_en_trans,temprano,entity_2ccd9a5345d0bd0d376280ca2b5ff27d687aa1abd3f8c9c91ea44672aab5fc28,True,validation
sp_en_trans,tener,entity_f5da7b29b34c60d2a788229048d401a687e6ae7afd80ba42227e8145fc65b74f,True,train
sp_en_trans,tercero,entity_4d3e3235d51da7f46be2e66e5ae11909938a8bcc3bc442c70359e2e5807fedaa,True,train
sp_en_trans,tiempo,entity_3c361528504a3cf7bede5945081588322e8df0a127faf227e7e633b01d464e07,False,validation
sp_en_trans,tienda,entity_90d57fcf72240ba2deb042c69820026942e6cf86ca094f0cf1f6a7ea743c70a9,False,train
sp_en_trans,tierra,entity_838b37e3396c1f3b647cb6702af3137f742bcd8023124f339e8f9655364a8225,True,test
sp_en_trans,tigre,entity_7167e3e2e10b9d0f2638c10c414bbb16379a159aaecb60a4e658e497bfaca808,False,train
sp_en_trans,todo,entity_a0324b087a2ddb7d227e28a5cc38e61e5f1133fd14fddf27865f268abd7405f2,True,train
sp_en_trans,toro,entity_82acb7d308bff06352ccfa2113d5b5eeaf6e761ca4406d357a3b889dcad56b06,True,train
sp_en_trans,tortuga,entity_a636c97af182eb1a8166f441b6c6cdbcd763bca8af9cf7af6dda14215b96c6e9,False,train
sp_en_trans,tren,entity_0a30cb92efb9b1f5377642cb36adddbbb375b09febaff91588fb8eb1b0b88860,True,train
sp_en_trans,tres,entity_b740cac2fd92ada375d185f9e2a8a952bc6bed5683f9344af10a04027864fe13,True,validation
sp_en_trans,uno,entity_2cd539d8468ddfffaa1d1aa0a71660465482983bd9aa1d4efd17b0587e15bd1c,True,train
sp_en_trans,usar,entity_1a469aa5da656fa08d9584620a867dcdf5085d236286985e9bc594cf47e2fead,False,test
sp_en_trans,vaca,entity_0546fe7beeff346164e10948d7d31743bdcce70b475af819238b5daea10cdd84,True,validation
sp_en_trans,valle,entity_76f1325601166de9984228675e0a2c20be64ea11621d8f44860142d23b2bb75c,False,test
sp_en_trans,vecino,entity_f75baae3e1b347d08949f26157a16bc2c5abb965192b413459fda3ee89a86524,True,train
sp_en_trans,veinte,entity_83c84e935387499f043418a46b6c81fb8bf187a0d45c496894ed4e898ed784af,True,validation
sp_en_trans,vender,entity_4eb4679ac0d02258d22464cca2e834ba250850501cb8f279f3c795a8ed13ac07,True,test
sp_en_trans,venir,entity_e6d50182f8e5b64968c896f2debf1a5ef398c73447e85a9e636644776584937a,False,validation
sp_en_trans,ventana,entity_0ba5674a48e9ae88f3e8aa5e46d51f2e9308e593a256606e89f2dabfce781bb4,False,train
sp_en_trans,ver,entity_f27dc054598b1f6bd174c5e2a1efec1421646c222c4fb5b946332c49295035ae,True,test
sp_en_trans,verano,entity_ee7123989b7d61e09873ff7580750f35450c34dafbdd0e38636f07e7bb985a83,False,train
sp_en_trans,vestido,entity_50f3ec853eedcd1fa960fb5cd4c5817aaf62d1052f7728a51d95df20ab774344,False,test
sp_en_trans,viaje,entity_a47233f8cbe7c08b06cbaadcca6f5efbfa0e9486d20802d43043a4832ab7a12d,False,test
sp_en_trans,vida,entity_f3ff60d1b4a8b113a4e9676185387f72e01d7df967a5164b76ea1761847d8133,True,validation
sp_en_trans,vidrio,entity_62a3a60f1e8ce632e7cd6883484d7853917cf7b4685ede6a49a0f7f4ae463c32,False,test
sp_en_trans,viejo,entity_e002c662c3c2bb74c2349daaef579765498b8050f656ae3aaae5374a1a7fbd8b,True,train
sp_en_trans,viento,entity_50501ebb9506ef69971b077559f7cb74540f6cd340a357a208305579ac514974,True,train
sp_en_trans,vivir,entity_5dc50afa35f00ecaf2b8f180f3466b11e07c8cc4d29e5b6f7df716ba33905bca,False,train
sp_en_trans,volar,entity_d4e4db338f319bdc0817a6f1462a10984a60452de3df79ba84e45c5a773b64c6,False,train
sp_en_trans,voz,entity_ef57ce6f1062717807cba1b54e8322f4cd237fdf9a5edc3a1031293fa4e53af0,True,train
sp_en_trans,y,entity_4fa185dcbcbfc4c96776397d3aa2d33ec0532300970478d6a450a9724cabfb7a,True,train
sp_en_trans,zorro,entity_b67fa61fcc2c2ed7e447e67de1b2859598fd0821d85aab87ce3697f1dd7fd940,False,train
inventors,Ada Lovelace,entity_bc0220be2bdd8b82a606837c21221687afe5fcf787f7a6b111c0fe09f43276c9,True,validation
inventors,Alan Turing,entity_dbb029820d24da086e2bbc3f3c81704f835e658cf3757b0e2a2d1c86278b71ff,True,train
inventors,Albert Ghiorso,entity_f964b69b76681a3f0fb0df8bb2e67c63d44e427b95272e593c1a64e22442c4bd,True,validation
inventors,Alec Jeffreys,entity_167724678773827482c0550dc158050fe619816d4caa64e61890af9fda25112b,True,test
inventors,Alessandro Volta,entity_d7755c24c57984f0e5402622c6fcf0d1addc6901382f97082aab6ca96fd59482,True,train
inventors,Alexander Fleming,entity_5ee000fccf03ff05cd17993a5f87bfc74ef583ae5484394a9b2a8bc19e02aa74,True,train
inventors,Alexander Graham Bell,entity_2a5f40010a936ed24a03e6d176c168288aebd4c0993b4531eb66af7c53ed4a70,True,test
inventors,Alfred Nobel,entity_a1b4fe0f5759be0f36ef3df5c28d4bbaa44c960fd7e4120fd39b9edbbac1ce87,True,test
inventors,Alva J. Fisher,entity_2a5cfe8c8f0fcdedb0a83f91056cd5c3620b4e2ae024c37b5e3cdc4c47b90a50,True,test
inventors,Ami Argand,entity_7e1ac3ec55a6dd8156614391e664c58d64ef348f6824841ad3e8f5b7d14a23e9,True,train
inventors,André-Jacques Garnerin,entity_3c8e904620f782e5e995c990d06ee6fdfde2e275d1ea6050c67fa1fb1d63b2d0,True,validation
inventors,Antoine Lavoisier,entity_2893aa6253722d064f89b95bfdab30ec1a3b479197fef9e96abef5ae6a4fb1da,True,train
inventors,Archimedes,entity_bc7088b1bf444dd3458609231f2d4834562e21cb877b1e09322ca1084a0acfdf,True,train
inventors,Arthur Fry,entity_f64a7bcf458a9a4fc914bccaa5ec5d3848cb976601dc15b26030465a2471cbfc,True,train
inventors,Arthur Pitney,entity_5eed5dde8c9e8aab41f557c837d528b92bc72247ee4a5cfcd9f52d665ce6f65b,True,test
inventors,August Horch,entity_aafe1f1db38e64c59c92ed312e738d4fc29d7c6c1f9f0cf808ba0d278cc297f1,True,train
inventors,Auguste and Louis Lumière,entity_b3cc7cae44884fe2e0525e0fad6ecda297cf7f6e46c279ae04a46b3e4dcc0e95,True,train
inventors,Bartolomeo Cristofori,entity_03a350a0ce7415f7e8672d344046f2e276f263693add65c1b1a43c9740f9af16,True,train
inventors,Benjamin Franklin,entity_3c4bb8b1972ad5b0ebf3ee26a975d216cdb1489989f696fe3b2baafa97e42385,True,validation
inventors,Benjamin Holt,entity_645d6ab9925dff098eb2a1cf55074b8d86bc6825b4fa5a3174f78eef30828a54,True,test
inventors,Benjamin Rubin,entity_cbe3537738418842574d11e96d67ebfb5e4bfe3b269ec9ec49e47e865905e20f,True,train
inventors,Bette Nesmith Graham,entity_5e5c11a74bf355507521edf353e8d8064ab27f399dcaedbc24345f9a09aff777,True,train
inventors,Biruté Galdikas,entity_c8b9dde7453a93ce0788711c697ed346db5afe0265d2a99e68dde8fad550111d,True,train
inventors,Blaise Pascal,entity_ffdef3c8c4a763624da99add59d94d942d40881f696c99eb6e8b3b124e28aeef,True,test
inventors,Cai Lun,entity_5af84507344c54756347766a5575d9c6f362f41b920ef3da3683237067d289e9,True,train
inventors,Candace Pert,entity_43e3b285d0d18ae99b1d74d3e43e51d39fa5a97f1c46373a5d52aedb640ed5d6,True,train
inventors,Carl Elsener,entity_ceb47734883118ca624ed7051a8610023bb06792d4559ee7ace536e62cab7d39,True,train
inventors,Carl Sontheimer,entity_9dec60ca8cd521ca2f8dfd23591c5056042417fbff2c86962b679015f9de9ef6,True,train
inventors,Carl Wilhelm Siemens,entity_659aa218ae04331e1814fd85ac31c10ff1a1deb061c7ecef307ccb11e254357c,True,test
inventors,Carlos Glidden,entity_b7e5f40dbeee41816987957715c25f05ec657b6579e9968d73e05ebb2fef08b6,True,train
inventors,Charles Babbage,entity_0f7effc2038320c802c7fd8063cac3266e6cec92edc3397ab81e5c21098b2755,True,validation
inventors,Charles Cros,entity_f7bd87a154822f93994b302c9dc2a677c2fe16ee8d5815bf27f36f2050ea9043,True,train
inventors,Charles Francis Jenkins,entity_2a1e667a5e632b81776f99a1c00c92c007ac583adb05c5c87739075510b708eb,True,train
inventors,Charles Francis Richter,entity_1aba4271a8b0d7e7550f171355209a793bacce1ad71f0849f79a99b8eb169129,True,train
inventors,Charles Fritts,entity_9d1b5c1a2f5e9b47c7ad18c00c460d0f2b20385792c19a5a14576d8999d03562,True,train
inventors,Charles Goodyear,entity_e9e7cd581512c2b34d173cd1a04a4c4bf5e7270d036bd5d9a9e49edfe1b93b30,True,test
inventors,Charles Macintosh,entity_f249d194d83bf9f9f8e4af5ad5b4725f6080ed869483c7b3d6eae3b119b9e2e0,True,validation
inventors,Charles Strite,entity_4a1c5db18d247ac90d229adff5e02cc5961eac52bbf3fa43d18cc8650e5065ca,True,test
inventors,Charles Tellier,entity_0ee34ff2c7e6084ac680e9f355836188aa17b6b1784f1c9351fcea08cbe9e07f,True,validation
inventors,Charles Townes,entity_32cd536dc933504c11fed6dbba34afe89cd0552403f90f9abeb4a48f27c8f880,True,train
inventors,Charles Wheatstone,entity_8818821c303ebaee995a998da2f8f5184faa7c32e9548ed2242b8a9bd9f2cd3e,True,validation
inventors,Chester Carlson,entity_62464b85d554a9c03b3ee3a506a4c7d2d43f61695557f6c7e6e1313327f90ee5,True,train
inventors,Christian Huygens,entity_745fcae09c2f7949e4a47e3fc90e36f571af5286f21c644b22ea13661bbe5626,True,train
inventors,Christopher Cockerell,entity_1a2f2aa449e7c761fc5276e83390842585b202b75823fdf281c5c6b70478d851,True,train
inventors,Clarence Birdseye,entity_8fc3f97aa00689ec7f8c5a7e7e116f7a6a36f3b0a878f6af737f32d15059c13c,True,test
inventors,Clyde Tombaugh,entity_47f207f41c3392664823e5f117c29b60e81354bd3b408b297782b55faf5c4f74,True,train
inventors,Daisuke Inoue,entity_a194566f08ad5b17675d15fc2f7c357060a41e14fce3074cd8b7a12544ce2f39,True,train
inventors,Daniel Fahrenheit,entity_b4d1b9ea82f2f6918da2be88084d26ff850bfc4fbb369e1f98756dfd0dd58d7c,True,validation
inventors,David Edward Hughes,entity_0c8f2bad35c77e5b5d67057706b25eedef411d8f3d4f42fb6a83f1aff23ebc41,True,train
inventors,David Schwarz,entity_4a1caf7c03305c7cb186bbc8aaeba42f44e6b37cffae66db9f9fa0608e120030,True,test
inventors,Dr. Robert Gallo,entity_b7e2c4e013cdd42301473e08b120cf95051567dfbe59d6a00cd3f3399bba3c27,True,validation
inventors,Earle Dickson,entity_52d0ee65d4fbe9e3c31c068d095c5b3e2f5ec45652100b1fc3bd69ca8dc18bf1,True,train
inventors,Edmund Cartwright,entity_90f0367590ec4107a17e667f3faea0fdeb629e70ae2783a3de3a7b2bf60b246f,True,test
inventors,Edouard Benedictus,entity_d6fe1351fd22178cfda129b2ed29de0890584483146a6e930d5210754d74ee91,True,train
inventors,Edwin H. Land,entity_e71a928e187e1b2b74b50f6ede0a620d79ca94ef0fd86fcf1d1244c11c188286,True,train
inventors,Edwin Herbert Hall,entity_d5b03a7e6d3a16457dfeb5a86eaad06a648cd0bb52652957c2f19bfcee5cf0ad,True,train
inventors,Edwin Link,entity_84f6c22223e9e25b06fbfdfc0b5a44936c0d1d900314a06d362121f7675ae741,True,train
inventors,Eli Whitney,entity_596720bc49c1137882ecf47fef1fe779befb6eaf6b68f072c3dd3e0900b440de,True,train
inventors,Elihu Thomson,entity_05e148cd1318fda34ebac3b15c1ae66f01ba64eaa8de6f92d3c2089e02d9a1d8,True,test
inventors,Elisha Gray,entity_5492029bf834cf8f4e6b60ccd764029e515163c9cecca9de259008865dde9319,True,test
inventors,Elisha Otis,entity_557111cf6d48f03511acae5ea8f877eee0dba05801d13fe461321720b601bedf,True,test
inventors,Emile Berliner,entity_6c5d95e799d90a3d7db71d03712fb1d717c1a3a0ccd283472f029026ec4ea607,True,train
inventors,Ernest Swinton,entity_60bcf3ce5cae19d7fa737f223ae4ae9c2e8513a09029cc4d6901bfe17d73eacd,True,test
inventors,Ernesto Blanco,entity_352a40c66a7ab8e8865895198ce0d679604b1143b51b7e5607e78b419895caf7,True,train
inventors,Eugene Polley,entity_bfbdda92901afedb931b6aad6b8ddfa98f210d0b07c5bfb64b13d1dafa6a4b4e,True,train
inventors,Evangelista Torricelli,entity_35f728f3f0a77b7c337e548cfa838a5cb505e0c69c3136176fc27c4f76645446,True,validation
inventors,Felix Hoffmann,entity_c31120bc3d1f106ef87ecf7713c451f3ff17e63b15000adccd97a2269609870e,True,train
inventors,Ferdinand Carré,entity_1c08972b7a7e540fb698af9bfde88a4655008f24ea2ebbf23e1b89e26c198fe3,True,train
inventors,Ferdinand von Zeppelin,entity_830b1885955d1ea7c20a80a16076e78e9caedbc946e0a201b2c7e653a6ddb955,True,validation
inventors,Florence Parpart,entity_a491edf53867176b1c07858e2ce118a98dfa8d041f67b2ef69bd3c99e208f8e5,True,train
inventors,Frank Bunker Gilbreth,entity_9a5cc522c464ad73e9e4dcacbada81be0e38165fea30ffd9b18b518212b9e133,True,train
inventors,Frank Julian Sprague,entity_4d8d21dee789ab3055d0a461e8d745a132bde7d16666eacee6a4cb365eff29fb,True,train
inventors,Frederick G. Creed,entity_6c538714f9589781a35a32ac7de0ca2d87e13f3e096c469b5a1ee164600b2705,True,train
inventors,Frederick McKinley Jones,entity_77f2eab973dc937f3fdbacafb9e691fd47a734618a1635f8686f71745fdb643d,True,train
inventors,Frederick Walton,entity_8e5f5f10d41f09992da14b6097cd0280ce6c4594a46b0cb3e504167b53de4cd2,True,train
inventors,Fridtjof Nansen,entity_3686b4dee6c7632b4965f13bd49ffc8b2f169160f4d426d83697e8aa99e8df07,True,train
inventors,Fritz Pfleumer,entity_b815eef735473ab08e990b79b9f306ccfefe4530db89e2cfd8b0c827ced4ba8a,True,test
inventors,Galileo Galilei,entity_87ba9c4ed3f45b1d99791fb916d4b7698f19b8c62d09092ce1e5955702e160ac,True,validation
inventors,Garrett Morgan,entity_8b73a960160a4ae9f6ede829c93c1f499995471513147dc548941369cc6a50bb,True,train
inventors,George Antheil,entity_01d07358e572f919b1bcd6bfd7b8ce65d0ec24dac817e32f2f07ab89ffd79470,True,test
inventors,George Cayley,entity_34e24c84fad36c3963fb4c8e95ffc262bde1e56bd82232a311969e8cb7c7bc9a,True,test
inventors,George Devol,entity_0d0dde3507f35b7e3fb7ba54ac99e4a74894162c0102be276715d517afb30501,True,train
inventors,George Eastman,entity_ba53f34a34aba81ffd271220af6874a975f9700499ea3dbfc9c26fc76a326a86,True,test
inventors,George Pullman,entity_7e0ab0ff563776483cbc566dbbe21e92e12861a2f82ac15c3dc3168cd1aa1e6b,True,train
inventors,George Washington Carver,entity_b7e637d260e38ad137565106168f84be27450dd4d166c82509057d0af2e8deb4,True,validation
inventors,George de Mestral,entity_286d104c7c6961210bb320b1e924a0bd426bed45228d66ae0be58dee17a8cadd,True,train
inventors,Georges Claude,entity_dac68bee4212e2666cac88dba321be73dc769c3cba810ab7f586fde9052e268b,True,train
inventors,Gideon Sundback,entity_8a396930a529b3032ff0f5d55f707dafb399d479b9c46fec9205fb5d270165df,True,train
inventors,Giovanni Caselli,entity_eb706b022ce9473cc6017b0f2a167a8aa1c393a0ec1572d1fb6c3f40fe2b3276,True,train
inventors,Godfrey Hounsfield,entity_78f19d21d14dd9d6073f64b47abb97c98cba199e992f02388171b73ed96795eb,True,train
inventors,Gordon Gould,entity_cf647d3f529b9389aadce3ebd5162e75620bf231b5310d91f0e408331772ef45,True,train
inventors,Gottlieb Daimler,entity_f7a815593f2680dbab6896fcd5764e4a22238bd070d6c79d22b6e96526d6377a,True,train
inventors,Grace Hopper,entity_93e897cf06522f66e3810a64e3f1b27d80cdb149a53ac9522a7a72e249d3865b,True,test
inventors,Guglielmo Marconi,entity_239e749eb7c4db0d69ebf9c5847b3001dd62656dc4aaf27d22ea171b98565390,True,validation
inventors,Gustaf Dalén,entity_1eab845712f1a4026efd4c41f2e2b5ad7c2ad14c5117ba92383fd229c9b8377e,True,train
inventors,Hans Berger,entity_46aec3c21230b9313b4424b000071b0776d84a2619e400a6c37896964827c06b,True,validation
inventors,Hans Geiger,entity_675c7aab0bec3594dce5aed35707ed052942a9552e8349f88dba7e354ff53ffe,True,train
inventors,Hans Goldschmidt,entity_d27e81df65d0f8aae07dc2193a2a832bdc791f40f614bf984b3cab2bdbe11646,True,train
inventors,Hans Lippershey,entity_19acb9901c43e657053cbfb0fda6ee21c0992ea2adc7d3e0b7d3d90c6d3c4d92,True,validation
inventors,Hans Oersted,entity_891bf2d682473aaf32564b0160c4f0ceaf003f934e67bde3a9ecfcc908a1e017,True,train
inventors,Hans von Ohain,entity_ce16964913ec67021826414115d9f0ba8433c02eb56061629a63e4079dd1063b,True,validation
inventors,Hedy Lamarr,entity_90a14bae3aac15575997558329b131666d87880cd2c46cc6fd0aa8021143cd7d,True,train
inventors,Heinrich Göbel,entity_90cef7a60c34c52e26ddf9adbe58d2a30fe44b106c42b19e9f0f71312c23f78e,True,validation
inventors,Heinrich Hertz,entity_f8decc90c08060f8c1a0b2ee0493c561480c571c5854a5cdfe3ace18b85a664e,True,validation
inventors,Henri Giffard,entity_f6f34f4580e9afcc5ced5bd21f545c4a4c0d66aa7fa66673fff7f1010b3f9454,True,train
inventors,Henry Bessemer,entity_10382cd4e31dce56a2a3062d9805698584bdac124aec30425c8a4d5a6784f597,True,train
inventors,Henry Ford,entity_e652771a320786ae7fcb44b875abb50e5ec3a459a02a47c288b1afbf320f1efd,True,validation
inventors,Herbert Akroyd Stuart,entity_ac665df8f8e29f711f918e0cd0ddf67f81b649acd6733f999b9574bb5901aeff,True,test
inventors,Herbert Saffir,entity_d7cc8ea4e29294ff2f5424209d056df11ab57c68a360b1037573c49bd287dd7d,True,train
inventors,Hippolyte Mège-Mouriès,entity_ed74407dfa7b1ab4cb8cd821fe9172cf89e2f444ae3bfcf55fe351d2f59f0632,True,train
inventors,Ignazio Porro,entity_a5264623dfa90c588f02618a32829788d9249453cc53ca3a36aaf62874d8bf39,True,test
inventors,Igor Sikorsky,entity_986fc708fc57f55e7487354b74a66a1423f5982c4c522af79f4d8504949ada5f,True,train
inventors,Igor Tamm,entity_24e9b16a61afee3daacd4ed55cc1655295d4ddf85e9c02dd6e7b5d83c75261bf,True,train
inventors,Jack Kilby,entity_aec8754dc4cdffe2afc82a85a14d93c643c5dc8b966b86964fa5a2887abeb83d,True,validation
inventors,Jacob Perkins,entity_3e4cf8e87cf9f813e3888cff3c888819d0427f39cfe75e7112cb168ef287deba,True,train
inventors,James Clerk Maxwell,entity_2c32b064fe12d3f3726a09b32f49e8e58eee5b3e9dac16fb2bd023c46fbc77a8,True,train
inventors,James Dyson,entity_3cc10d1cb884b9de43eb4ca32027d5275292c1cef31085d9fb2280f18e382bf6,True,validation
inventors,James Hargreaves,entity_111c3d3ad4024aff615cb89c394b5d2313d95309202700f96c3941e6ed078ca7,True,test
inventors,James Murray Spangler,entity_831706aa554f0314dbd07966ce512cb26a0462830465b7342bac1be64ef5548f,True,train
inventors,James Starley,entity_4cdb26140c9bec6b4662202c8a0132d97d578e2829ff902943cb7c1e6640c2b0,True,train
inventors,James Watt,entity_9f6356c71983dc7f2df1a26508666518aa54985f0480a3fd3d36dcb5a1db5520,True,train
inventors,James West,entity_cdbb5141199a0db8adec1540cc4ee2a12702a78916f3beded1be4aff5a034209,True,validation
inventors,Jean-Bernard-Léon Foucault,entity_4dce103e107687e2284e09458d41c768ae88022d938580f00e2fedb13d278fa2,True,validation
inventors,Johannes Gutenberg,entity_31c48a155f90607d496cf31b28ef4eb2fede519faad8db2bad32aa8cc15358c2,True,test
inventors,John Ambrose Fleming,entity_f0a40cd33a5e9fa6ff9110254ce2329508b8ae2e4c2afd669f4fa6c8c60e437f,True,validation
inventors,John Atanasoff,entity_28e64e5d291b3a8c94c8a3d51f62aaeffe7501d40011b5f855fd4796a2f273a9,True,train
inventors,John Bardeen,entity_27385cc0c8e95174d7486c65707ce7b6df069bde547881d258a01acf5ce16b29,True,validation
inventors,John Boyd Dunlop,entity_8a43b7608a38c9ca7941dbe9f36a2ac9bbcc893d6586fc6c2c18cc6c3f0033fd,True,test
inventors,John Callcott Horsley,entity_be2707e43b11172cbaba9811a7d6ec2822e6461f79e5b06c79e76934d1a96f6f,True,test
inventors,John Ericsson,entity_a404eb3dfb795cafbbe4b654fb01c6aafdf0cd9a26b5a73cdc26fc5ea8eb7cc6,True,test
inventors,John Gorrie,entity_7f45b9113135b5be824569052cce980466d22fdf1336a3b8256c6eec63afb84d,True,validation
inventors,John Harrison,entity_d7ad661bd43eb5968863bc1b7dbd91dda7337fc8b5db8454fa177d3a820c9e23,True,train
inventors,John Kay,entity_de2ed1a7f15692f982d903991b53a3612780371e8550e2318fadc4f1d79f5a1e,True,test
inventors,John Logie Baird,entity_c6978e8a9fadc39d34b9be8dc1d9c156c0c8d061bdb2ed2ebe28abdfc66e974d,True,train
inventors,John Shepherd-Barron,entity_5072e2006427b892d26836ed6763295a988a5730656386442ae299ddd741af05,True,train
inventors,John T. Parsons,entity_c0e4e77a1b31909283134d1d97c2b275003b40dac13fdbfe9f7b96596f2db1cd,True,test
inventors,John Walker,entity_ed509071c1145375acc32adb69779c63056787175d3569540299db81bc677d80,True,train
inventors,John Wesley Hyatt,entity_1a1adc1f2e2ac0fac17c2ec4efcc91f3204f4d3abdb02c508e8d30ecccd2eca1,True,train
inventors,John von Neumann,entity_7a3f336fce755f6a6584be12260d797bb574f76bf79078bb244ce05edb813a6b,True,test
inventors,Joseph Aspdin,entity_0edcb780d202bbbb53ad8f9a8824ee9dc5360ac6493105ee3ed61beb98780d4d,True,train
inventors,Joseph Bramah,entity_a2d9f017e0a0d61da45e06ba11ac94c7b18213d3f06f06442d83bd9d99f76cfa,True,train
inventors,Joseph Engelberger,entity_4e545dc0dc1a46cdd31b6e6bed2af6c4155ddd07aeb4585c2b00c65f7d9b888d,True,test
inventors,Joseph Glidden,entity_0eb198a8c4cff8941d67e38d9f8a8feb44119a48c647a80737a4ecf8a0c564ee,True,validation
inventors,Joseph Henry,entity_3471ed3c6c0915f3c08a85c1bd8fe1ad6fd5b1f599ac9b886a7ca5b4eb860ffe,True,validation
inventors,Joseph Marie Jacquard,entity_d326429a9e19909e428d59f450bd05175d3c81ec92af6b4fa24a57be924b6380,True,train
inventors,Joseph Swan,entity_18960ced1c71b828be2e3df0ed61cf4ae7829ba1c2588d8630339fc5b7a73472,True,train
inventors,Joseph-Armand Bombardier,entity_6543d090d25441c2afc4ef382fb642d5c6c163ebde3637d9eae4631597ac1318,True,train
inventors,Josephine Cochrane,entity_3b84b24b14891f82b1da3c25eaab1187b2490ea6e85241bc54ab599d475cbeda,True,validation
inventors,Karl Benz,entity_4e750be9fd62b6b52be9618bffc9f6fc617d1f3964440e2cc06ff81b38de4479,True,train
inventors,Karl Landsteiner,entity_241aa31960ce752aa41aff5636de469e2790ce7461e15ad0c3ee430f3d04c1ec,True,train
inventors,Konrad Zuse,entity_005bd39dc25ca26e5ff39422f7fbac2dda089fcb38a2fe11f5df2b2c356c19de,True,train
inventors,Kwolek,entity_a8c3b12a0b65406bf3b6ab33cbf21c386fe6a79acd6d89aede0221667c862a5c,False,train
inventors,Leon Theremin,entity_2221830c86f9c6dfd4aec499909b9d478a9c1c4e25bf204922f13d5ae819bbe8,True,train
inventors,Leonardo da Vinci,entity_de925a2cf4221588d42d9104d38842b823a038fc5657c17ac00ed4283d0bd78f,True,train
inventors,Lester Wire,entity_56d3f85265980f42817410504d35f1babf3acd2cecfb4ae9b9de4f78af7bff96,True,validation
inventors,Levi Strauss,entity_d35a5a8e19014faeed54b50d21ab31d8c345f529caf8e07308d5499738670fdd,True,train
inventors,Linus Torvalds,entity_7f5fe6fb86bf747d53506321a81af7d51f9b13fe9a2c9b0f503315750cb1e75c,True,train
inventors,Lloyd Groff Copeman,entity_44145d26e13dbd39447143619acda097f4be404f73915d060e4e2ca825b3081e,True,train
inventors,Louis Pasteur,entity_8af019edb6e647b0ddc1fa39bc74197ee810cb4f81163f3bf3bc32263ba834db,True,train
inventors,Luther George Simjian,entity_e74efbc0fb645d09fdde0b60fe0c6c1c14c2cec3a35dc4f54819f689bb993a96,True,train
inventors,Luther Simjian,entity_ad0f76b68a06b055bd0a3410070ce3c38668ff488c51ba531d80d9fcc2a179e9,True,validation
inventors,László Bíró,entity_2f4ce36c38b11fdfd5c8a834eb613b9304e173ee66cdda793eb89b512bccf3fe,True,validation
inventors,Maria Telkes,entity_573ce46cace191b18125f537a867017b12f7e0fdf36535efe0e36ae6ef0bd69a,True,train
inventors,Marie Curie,entity_882915c7772d249b9401ecea518f3697c49e490d3c7a3a13f2004611873bd60c,True,train
inventors,Marvin Camras,entity_68d55da7ce3fe99b98754c7aa9a94c1ae2d32f2a6ed7d6a65e1df8efe2b42549,True,train
inventors,Mary Anderson,entity_9fd14c2fd47da547890e7c03b37b712421463c575791d659796129d32ed3de9c,True,train
inventors,Mary Phelps Jacob,entity_2be0fc771238e340785e2bca198cd06b6ae95d0012efb440143d89101fcabb21,True,train
inventors,Mary Walton,entity_9240a6a1cd754b779e934a1c8d1b230b9a491b0438f9c36687c95a2bdfe524b9,True,train
inventors,Michael Faraday,entity_e633e8a2e08c99d3102240879f8e8a2ff048f0fa22c9a9d0870dfd4aec3b1828,True,train
inventors,Narinder Singh Kapany,entity_93cb0a94bca9f578a305514ae91b08e5b92b349e0c7a24dfae92939e9931c52c,True,train
inventors,Nicolas Appert,entity_abab79757a00bce11734925042a6da2dae28d98c7e01972cfe04ae62060ed229,True,train
inventors,Nikola Tesla,entity_672f7cfa7ff4e5ed1aeb347c9825809f55f8ec8b1ee5ee5f9deb9bf5b81eb610,False,train
inventors,Nikolai Basov,entity_1b9da2fab3c222e58415cfbcb99e68fdf03d6eef2df668d7c213982049bf93e7,True,test
inventors,Nikolay Slavyanov,entity_a156cfb5b11123b77d020d78ec914d1d4d8d3996b8e52b94780b86fac48cc036,True,train
inventors,Nils Bohlin,entity_4ecc56e0a9ee2220278cb1920f177a6a4bbaa42d6355395afe9d2845355c0e1c,True,train
inventors,Orville and Wilbur Wright,entity_dcd9fb13a7009b2b33137585ed649a77b51878248c0d2924d140684e880e81ad,True,train
inventors,Otis Boykin,entity_71bc6b785c53039152fa928881dea6e1b62dd760c5f92460306f0a6f054f2b52,True,validation
inventors,Paul Gottlieb Nipkow,entity_d555076aae9c496b1c8fbf94ec9e5351c5204ca20cad98f9e8e4191dc14874e7,True,train
inventors,Percy Spencer,entity_a8c2048444a6cb3f7bad34aa9d534b6563e9a4433e169894789bc864aebcc2f8,True,train
inventors,Philipp Reis,entity_1bb74b89af2e86a5d7050d0ad9e745a5b7ccc538ec38224bd163057fc9254634,True,test
inventors,Philo Farnsworth,entity_1f57d9991e70f587c2192a87350da1cadb6fdf1bfc6e637c4917357cb6d82625,True,train
inventors,Philo Taylor Farnsworth,entity_ce2d336e72d3c673fc2e5481f3f854fea1f26de9d65f998d4d94e207a2f8f516,True,train
inventors,Pierre Curie,entity_81a29955ba4bdce0115c355dade1f76cbee0875e6fb95fe71bcc57d1fec349ec,True,train
inventors,R. Buckminster Fuller,entity_c6eb7c66779bfacd9b7cf8ba339ed489f4e55062e1e3e26be20a92d67e2d676a,True,validation
inventors,Ralph Benjamin,entity_a58eabb760af6eee224a4bfb91fa1210dfa0639a5eaf485faade90f9891ac7b7,True,validation
inventors,Ralph H. Baer,entity_b6fb097d878ac7342b2e225c8cdeb5fede6b75a16fa2c5267dc5ba662fbf1035,True,validation
inventors,Reginald Fessenden,entity_648cc769ef46f12124cad6cfbb5560de64cd5a5e8c61ed5a2384b9f66103c5cb,True,train
inventors,Richard Gatling,entity_2b5e3955c8d70cc6299ec95f127c4de1b95ff62e6416016db6833e44410c4314,True,validation
inventors,Richard Leach Maddox,entity_07bd40d9106e48382c7ca3441bc338d00611dc568902c9bbd277b8cbd0d62b61,True,test
inventors,Richard Trevithick,entity_51dd0f9ea9f05981b54484d85cba4e5f5080cda26f67ecd2f35acd739917e366,True,train
inventors,Robert Adler,entity_6cb2622cfb8458598335845ef19e7d9d3ea0f0f4d6a549c8b7df8ffbed209a2c,True,train
inventors,Robert Chesebrough,entity_cb4b5b08ecb0d3f8fe0880e5249fa86b7c9bdcdcdb631db60f1e9a8125271b7c,True,train
inventors,Robert Moog,entity_50c92eee31e85106ca5ee01e1c82382f5d7d0928d9c6a11bcba052ce3e522af9,True,train
inventors,Robert Noyce,entity_6b178cbbe90158395262c64300d94c4265265ebe3c5cbb5fa615dd1a51b5ec0f,True,test
inventors,Rudolf Diesel,entity_bbd060324b6bef852462f9f01104e43b2f2d77bd47d9aaafe755dd7cb56eac8d,True,train
inventors,Rudolf Kálmán,entity_ea4e11aa4084638dcd6fd6bed1b54e387d4f4ddd40af06cb4d6464bbddf4dccf,True,train
inventors,Ruth Benerito,entity_46171df26c0b4200b2c874d1c88a82182381d3773b5d3e76ce4306583dccbde3,True,validation
inventors,Ruth Handler,entity_74efa720b0d69a7fb42bf942a0d03b3348890f6dd3e740e1867af219f65d4e84,True,train
inventors,Samuel Colt,entity_8d9c1ded6080353358ac23185ca2f08095a971445106bf2a674fcc5f5d87fa89,True,test
inventors,Samuel Fox,entity_5e9a51e451360ddad4b64f7e0ee5aa612bf0999c4e510d6783ed9afe5ab944fa,True,train
inventors,Samuel Morse,entity_d6584b250484b911f63edeaea00bb5b278b657a74db0366fe4f86017072b9554,True,validation
inventors,Semyon Kirlian,entity_71ea87aa3d8cb80f916869fb07b5fe9f451020f2c6d7c598f507d5f8d9c64b12,True,validation
inventors,Sergey Brin and Larry Page,entity_41472b2ae00c9cff39bf7e83730e55af2cec6ee0f293c1c14f1a8bed73f7d3d7,True,train
inventors,Shinya Yamanaka,entity_fd540038a74ef8f8ce0cdc1205b1bafb266bc6c4094fce27843a65986fc41160,True,train
inventors,Sir Charles Parsons,entity_193f4e1b01adb117c03ef2f4ca937cfac4b60ba1d3f21baa64e811cccb638d06,True,train
inventors,Sir Frank Whittle,entity_5b73caad10602aaaa77b89fc62bbbce56ff665d093913c478eb6ed716ae092ff,True,test
inventors,Sir Humphry Davy,entity_b62dadf04b8257cddafb6664198b81d8cdc9597de046402994a7dde2fe8bfa19,True,validation
inventors,Sir Isaac Newton,entity_3137202013025a52e0220c273eceb2c11fd35f4c66ec7d28d23e9c10031fb33b,True,test
inventors,Sir Sandford Fleming,entity_3bd09da47a502837d3f4306d23e848f902c10d926e41c511c543001ff57ddc2c,True,train
inventors,Spencer Silver,entity_162096dd276925d4e85761141810e74e189ffc69d29b292beddb349e673d35eb,True,train
inventors,Thomas Edison,entity_e24b6eb91ce3e643c28250b924eeb334eb49bb6d7e7b3fabd099bd5a4da961c4,True,train
inventors,Thomas Savery,entity_a774531c552cd2f20be901def0de3ef9e970a544a0087c0f45a6f78c4b0a3c03,True,train
inventors,Thomas Tompion,entity_139d3e2e593fa0f3f759a2512acdc431129eebca5b5f4acb837f03333e8beaf4,True,validation
inventors,Thomas Wedgwood,entity_169a162e881247a3c05dca46687f0c4875f66586a1419bbc034f0bafa3f46689,True,train
inventors,Tim Berners-Lee,entity_02037e7a37cc7ff0c61436dc6d273f65ddee800a5e40dee7964578119c086b9a,True,train
inventors,Valdemar Poulsen,entity_482e5a3e48b682ff44d0f93444fe316d11312bc7e460fbe9664dd083e0223ff1,True,train
inventors,Vint Cerf,entity_c151b5563afb28d02b4244f9a357599e40eb17cf7d4be11b6aaeb852bb738307,True,test
inventors,Wallace Carothers,entity_1b0f1f2bb5a919012ce64b1229b4eb31e552caa4f9f09251d317353ea8e55d2e,True,train
inventors,Walter Hunt,entity_13d46f662918ef3345308e025bf5b93f2d9d0af70dbe06be668fd2d89bcd8e1c,True,train
inventors,Whitcomb Judson,entity_e5caef54f791d34a1753ebb9e041c552bf6342d26ace2d9edb76f79fa77ee512,True,test
inventors,Wilhelm Conrad Röntgen,entity_58bb472918f68fec5bc72248fe17ff5687238d3c4cb8b64e07af31794ede403f,True,train
inventors,Willem Einthoven,entity_753a7ed471068e8a1e6e9467ed404ec2a91c3c88d4fe35b91ad1bc20c2e91ab0,True,test
inventors,William Congreve,entity_18ad3069ce11efe10ebf672d7cec4279db394f98243d5fe6e4e8f0a6b2de5ae8,True,test
inventors,William Kelly,entity_8f4964307974c4b8cc22a1944f7e0405dd5b4a3a31123a6b3240c0defd07e60c,True,train
inventors,William Sturgeon,entity_32ca924a1a4c3c943a2e48ae03d15f82a3fa5a9b9f15036ad4a01e18b6eb9cee,True,train
inventors,Willis Carrier,entity_417f275f5195f76d44ba237527339a3328dea19320e594059d895c65bb6beb8e,True,validation
inventors,Yoshiro Nakamatsu,entity_471b8cb128d5f1f3be9fe8f9874361071cdabd72cca4a50e093282f665cdf7be,True,test
inventors,Yoshua Bengio,entity_ab7e3d36099ec6493a4414c6b6c8761c961ea60f870a0c3f612ba5d6635417f3,True,train
inventors,Yvonne Brill,entity_c0dab4156befcb542c7978c88760a3b485168555fb6e7e26fedeacaa5161b82d,True,train
inventors,Zhores Alferov,entity_12f1081d323af990453d0e32688ea16f110fecb35a0095e3071681717742639f,True,train
inventors,Édouard-Léon Scott de Martinville,entity_22fca1680f3177f5c3e9de140f55d138cd8e36f58ae1dde075f2ff61b7f2e480,True,train
element_symb,Actinium,entity_3082fcb6b6d2b09427cee8d9ed1940b10588c9a35cc061ba5e4c0fcb5657be27,True,train
element_symb,Aluminum,entity_06ccef37010e0e13d58abcba83b87f2550056dbd57f222fdef246dbb9883c4ee,True,train
element_symb,Antimony,entity_6f17a06863ad541f88eadbad81af125dcb83cd902eef525cbbd0ed4a629604aa,True,validation
element_symb,Argon,entity_43ba853d727771f177e52c8ac44ebe2cfb3a96acb1e8971fc49d4818f904c5b7,True,train
element_symb,Arsenic,entity_15c5dafd5fc088fac6be48be30a1b5252cd067a716dc5f6f06f0ebd28d50e5fc,True,train
element_symb,Astatine,entity_5952ba0499d37cd58ccbffce01f4f074cd73ad116e1b22c2a1c6f62cdd377ace,True,test
element_symb,Barium,entity_4c59662f7518424a4c39be061b22694536bffd771bdfe02cc104124f56de9fb9,True,validation
element_symb,Beryllium,entity_68db2d31c0379c656a5518479bed68d282daf164cf33f311e932ba2680eb83cb,True,test
element_symb,Bismuth,entity_aa65186ba3b44d0e11a8b38da4e88d6527f0756ff981da5665867bf4bdaf4d54,True,validation
element_symb,Boron,entity_17eaa53d50c3143e32642db274e0591602c5d88d2bc02c398e1ce6be24317842,True,train
element_symb,Bromine,entity_3be983c2b9534b240848210981415096910cbf16368577a8b69bd6869aed5dc2,True,test
element_symb,Cadmium,entity_7ee64cfbd3e830775a45a3a783654d07fabca6e550a40c80c9959a54a1bfd1a6,True,validation
element_symb,Calcium,entity_f6d0094b9ef33329d113afedd091a7fd0c81cc10c1c21266d1707b1b54a9c15f,True,train
element_symb,Carbon,entity_e03f98b5dc7be841b68376259461f80620c64b55ed919fbf37f6614f72acbc20,True,validation
element_symb,Cerium,entity_db74ebb47c3af647b2f296a90a023f09edc056a91a9bbaaa96414e2930184ceb,True,train
element_symb,Cesium,entity_89fb9f75234557d3c374ece3f4f98d832b4c3a16d64c8e7261611e381d6364f9,True,train
element_symb,Chlorine,entity_c856fcd70242c3316c3ec3d8d6e6eeebac3da7e7a771f9474f67ad9486b72986,True,test
element_symb,Chromium,entity_435af1e2802d70260b9ec942af4183f644ebe27708d5f7df2094af8668f9d99c,True,train
element_symb,Cobalt,entity_d59e54cedb4301ace364129df55d9266b3a6900ca5a092a593a5d7905c07fbdf,True,test
element_symb,Copper,entity_db4ec023a62036519020e477848507716a1e6a2b708690414b314d8af02c0aa1,True,test
element_symb,Dysprosium,entity_c1c6d542ebd05951d593ca97cb7829e246599690228ed139795e3095010d6410,True,train
element_symb,Erbium,entity_1da496960474b03fab9ed53e2382d4c2852fad1d8752aba18d6381e7afb49fdf,True,validation
element_symb,Europium,entity_318b830c83e61a7b6959fec33d8c4063fbd792e0ec0f84cf660c0d422b8a578e,True,test
element_symb,Fluorine,entity_3afc4d8358a3fee3460b1e33db0a27d30650c5e3833617ec7647aee9422e47c2,True,train
element_symb,Francium,entity_8fa7e153bb3e13d8afc404efc835d6f6047a67593a062f368d2ac901ceed99a2,True,train
element_symb,Gadolinium,entity_9af95c9919a536dfc0d58d6a4cedcd6a4b887d03d35acf29c9f6f8e712bc72fb,True,train
element_symb,Gallium,entity_a4d7e05ba3d3317a3ce46747e333f32231ead7a8d69521c4ee478b2a2fd69145,True,train
element_symb,Germanium,entity_a64c4a3bcc1cd6c9a4649dd7811d8c3ea2b2729de17a564e105b76d46beec71c,True,train
element_symb,Gold,entity_be6a8f11b76dc47907cfbe03230a3fa16069779d1a7a073d381204767565c744,True,train
element_symb,Hafnium,entity_4d5fd687ba9084730dbac9c8d33cc3e8b17c84a4c3d46f3e5fd3d71e9827b874,True,test
element_symb,Helium,entity_095fdaec82615f37c241c9fd9330579d4f037d77a203b87d82c71dd4dd7c0d27,True,train
element_symb,Holmium,entity_2493d40ec4ce6529bf741bc374bc8768941f6ff81bef444359ec9ce4094dfa9b,True,validation
element_symb,Hydrogen,entity_03cb2c3e7873197b1ec90595b17dad96013434726c7da5c48fe7c3feaedcfe14,True,validation
element_symb,Indium,entity_3b12bdaabb6ceca229de4036558be3762b543d51c0b794aba40524ed47dd94d8,True,train
element_symb,Iodine,entity_94baabb03c741af930cac20a6dd4cc951720d1fa45348eb80bdc3a55eff1d9f3,True,validation
element_symb,Iridium,entity_31f501a2c9731e87ff8773c14d194056931f77a8e6f758f2ffb36f9e671c79eb,True,validation
element_symb,Iron,entity_a2e46b84276a369489ba2b0fb3e1e035d1bf578da78184704cd53248da258a12,True,train
element_symb,Krypton,entity_8f6d1133c48e69d2e7004493a604a5e44bf45f11ed9916f8e90e9ba9ce5250f4,True,train
element_symb,Lanthanum,entity_1897a81fcf47eb0eb99d96e66d1b6b5ba5f59897dbd61456fc313eaf7c1134a5,True,test
element_symb,Lead,entity_13f29230c5750c6aeb886e48ddd7ce8a03c8c225198d659281750905db51a1f6,True,train
element_symb,Lithium,entity_1356df8291094b3a234cef7f6ecd5649bd6b92e5355597b0471d3c9bf330936c,True,train
element_symb,Lutetium,entity_a7259a2b0f747e2dd0aa22cecbf2b18d4e28879b046c8b4bcf5bf2838262616a,True,train
element_symb,Magnesium,entity_48995c028e06f14d06ac2186415dcdabac5ddd5b5854d615101c47d89acefc1e,True,validation
element_symb,Manganese,entity_69e50b9c64e1fd238b245aff37907cc5d63da11a129d9af1e9e0e9b689e2c520,True,test
element_symb,Mercury,entity_aa049853fde6dea0353519102d733fa9c046cf6cc2ac00efe457cb312331bde3,True,train
element_symb,Molybdenum,entity_952e801b0fa09dd4b0d5fe40f7d962d09cab9e3ea6ca76fdcc44e39f7e3d6754,True,train
element_symb,Neodymium,entity_83a2c2f70039a417493b6b9a43bc1f4e64c2f4d297115d16a8445c83063dd6f5,True,train
element_symb,Neon,entity_b544127d2baf3266b837fe4ab23111be0ee16651f42d0bae30ef16ca924ef44d,True,validation
element_symb,Neptunium,entity_46cd66d080d9ceea9086aa1bf8909a28485656b4a278d4d451a3c1a104ef2c23,True,train
element_symb,Nickel,entity_5c4ead21b002ee83dc58d41098045ecc98606acc9eb188d109959c15f99e8ad4,True,train
element_symb,Niobium,entity_02870af2512ca928147e6ccb99d7d584de9c2b69f659da2f747566353e2c00c0,True,test
element_symb,Nitrogen,entity_acd59f0b22c9f431aeff8b185bd234229d35dc8a725e0e4981b003a40311cf45,True,train
element_symb,Osmium,entity_c69ac3bcb9fb06bef8e41d6a129a7471b73ba0161dd010412413fa1a92c0326a,True,train
element_symb,Oxygen,entity_fcbf19f10dd56e85c18dc1932724fcca7af72cf09020cce6ba70e0999411506b,True,validation
element_symb,Palladium,entity_9600b36106c693bdd02de0a55bd3c0db67a2c13456c22dcb5e1c188299ec3e44,True,train
element_symb,Phosphorus,entity_db3272556421a570a34ea4295205de0a43a3f796fbf8e0cd92c20996e3aa56c5,True,train
element_symb,Platinum,entity_3172821bf6b53a9499933e9de803ccc3dbb9e1762a35a8a6eebd7f764c615edc,True,test
element_symb,Polonium,entity_9a321dd56f45a13c62007d9fc0939e3dd17cafa082bac01d0f463b99657d93b2,True,train
element_symb,Potassium,entity_55585ebdd5c06dda9169e9a00d60cab71294d5be1fd41e345cc87d5c429fdfbe,True,train
element_symb,Praseodymium,entity_2ede0f48c02544e6f34f75885b3179a61a450f9262c3943031ccdd4324182068,True,train
element_symb,Promethium,entity_445001c7997247ab6f542438a65c8e1c02ba03346d568db13b38ecae276f6b88,True,train
element_symb,Protactinium,entity_8bc5cb7fb5745b0efd4a62e6c018ca9f773ec9ea79fe3c138f56cf505932ee78,True,train
element_symb,Radium,entity_8021ed314b6cc5d2e99a9564f4e5bf10b6d49a6fd3bf2b52cd284e91f215a119,True,train
element_symb,Radon,entity_6bf3a30516508151849271a80d2fad01dae99791eed387ff178ee3c2c1c73e77,True,train
element_symb,Rhenium,entity_86d08ac329be1e0ab632ed46e0259ad490a71886223d78ed964f0d345fc67bfe,True,validation
element_symb,Rhodium,entity_69e2e6fe54afac9109abdba0d90467b5cc8c528131b4692e8b14d8896edc5415,True,train
element_symb,Rubidium,entity_8453bcb3a171940f5c5b06b765ec2ea49f404a0037a935863df06d15c473c3ce,True,test
element_symb,Ruthenium,entity_ccae23d97ac14d365c3f178d3e6308c6ae577b7196e1d58acc4101aad396f4bb,True,test
element_symb,Samarium,entity_e2be30e7cc694739f67eae2ef2f659099cdf150f8e89bbb9ddbac1c6d761e004,True,train
element_symb,Scandium,entity_055cc6c79495ef4e2c0cb7aad184f310e5baa6a2af58b3c849db7712d393f641,True,validation
element_symb,Selenium,entity_25597f7945e412a458e186c0e97e45a03f361b3906bb67aba66269fe7d3f353c,True,train
element_symb,Silicon,entity_7ccdf21118f9d80b2abe9680ff4aa223e91a11653d6ab81bf2818bf6f93208fe,True,test
element_symb,Silver,entity_ba15366de0f12a283336c3713a6b1767b20cce976fa3b616f2fdabd79e4a20c8,True,validation
element_symb,Sodium,entity_ab4e34beb8b76532fdfaf80faa8238237575777c5bca74b619aae732882872a0,True,test
element_symb,Strontium,entity_710cbcb0b4eb66b8a7a460f36cb23af0f0a420e104e32e926214dc1d87ba89fd,True,train
element_symb,Sulfur,entity_57a73b88b948da70c989c8cfa4aecc92c21b62cc5583537d94e471a77d5352a3,True,train
element_symb,Tantalum,entity_04eacd327bc4e7f4da1153e8659b0e43e1c6d3c223a6470222ea86b30f900ccc,True,train
element_symb,Technetium,entity_99c89fab95062e9367451bdbbf72f10ce36989cecd8de60cfab3e1e2cf02a2c6,True,validation
element_symb,Tellurium,entity_a32184e92adfa5c610c3b185fd18c824b669e0b9470adb56fc4e84e1a3688aa7,True,train
element_symb,Terbium,entity_6f554ddcb0f9732c8a9fa20133ca7fd7c42bbf544ecd6d406687a4fe9d6781db,True,train
element_symb,Thallium,entity_3dd2d429c085f803d55cef4d831e8bdf586f6007915f1204fb031917cc4d084f,True,train
element_symb,Thorium,entity_2f7fa0426f452b28cbd014ee0d1650ab988c563a435daf435cbf016f633d6b9e,True,train
element_symb,Thulium,entity_e135c38e252ae843c2a0bed605f9d3f8af3b923f6f078c63f68151cf924d9497,True,train
element_symb,Tin,entity_f08e5eeb37a754dbfe89ea9ca33b46a79784078910886b391a5c46065fb4a655,True,train
element_symb,Titanium,entity_e0edbd6d41332ed3479965c398b2f2a654b4b09a3e8b4308b499910546a2dbf6,True,train
element_symb,Tungsten,entity_d4017a68ffba191acc83e3e3f37ed92a0e4e3207604ffa33c39509de467b02d1,True,train
element_symb,Uranium,entity_f44e34f79900db772c92bb285b594fbd4d74ad53c582136ea5415ed053a1269b,True,train
element_symb,Vanadium,entity_3021c5bb3b075f8174619a1895a90d82045d277f7f35ec0d910f1c776fb0e006,True,test
element_symb,Xenon,entity_86ce77c484b14bcdf1bf3f3b3f87176f09f962d8fbf1cfe11c23a8f920d47e9c,True,train
element_symb,Ytterbium,entity_ad642bcc43c2cc3a18b8bbc69c41a403def98fe6c30c5e8949dde55311da7ae6,True,train
element_symb,Yttrium,entity_aa9e6bcded011c95487b80fee77faace4b438411c073e9fda39625a2098bd0c8,True,train
element_symb,Zinc,entity_287d673c970523b8e0007d1252a9fa388caf8b9457a1d674736c990401625a06,True,test
element_symb,Zirconium,entity_38fff701b6de579d5e29a3da5935907d866a7991f42764329e4cc65e8ea6e67a,True,validation
animal_class,aardvark,entity_51710b7b05862dc20152fa8eec71436ca7cac0e6fd27fddc92934cbd9e2b3cc4,True,train
animal_class,alpaca,entity_94086439f6f5213caf5eb4ec1a721f49ce9adff94dc6a4efab321fb15a3731fa,True,train
animal_class,armadillo,entity_0dd5a5e34dd0285a866f19c7587022a99a72aca52ec3a6dca06f874e68667d73,True,train
animal_class,axolotl,entity_a610ee05dfb353899f79679ee9c116bb2c2e162a497d28068358835eab065ba1,True,train
animal_class,bat,entity_f91d308a463c268f594aabf26af70c8094bb08c36eb99344c24d9b8712d9a93d,True,test
animal_class,beaver,entity_6abb4bbfff22377d140a38df9eec4c659587438e25eac9e18a6da6d98e600684,True,train
animal_class,bee,entity_d48171c3e635c529386752f9f90a9a68371123f0c706474d51e3078832bb5bdd,True,test
animal_class,bison,entity_dd5ebd3b3a3bd0f8632af49031cac6018efd3619d8419f5d2d4ab990e5399c3f,True,train
animal_class,camel,entity_7cd0d33345f562b597444cee3c8335226548f6c172dd13e6675648ac645035ea,True,train
animal_class,cassowary,entity_4c405ed559daf5f9764dbf3f1c69f029d6828160db6c511a3aad45b998002a49,True,train
animal_class,cat,entity_169599af0fea9fc83c9921b74f8782f4569d018434db713fa1cc0b27be3b4d5c,True,train
animal_class,cheetah,entity_99fada9747fb0a6b100222960ebd7ddef0adfe9a4e1b391867edf9d5b25bf8e1,True,train
animal_class,chicken,entity_b1babcfc1be02497546518e515f44be6c3a290282570c2eec738d6c34a702f49,True,test
animal_class,chimpanzee,entity_d193a983bb84e2b2bad3fdaca343588c64d9a1a01a2da0e94d2acbcfb13cb58f,True,train
animal_class,cow,entity_9de2623a82ccf7c779e23493c7f674d7691c7e165bc63dd56abb79f8565be4b9,True,validation
animal_class,crocodile,entity_f8974887b17ff3afb0c21e90f66e134b2e2f2bbf9f5b0489d266dd304da3840d,True,train
animal_class,deer,entity_f0239c0eb6372129f2d8f617d67c839ee709eb1e342f7d5d7dffe3c3ae4d326a,True,validation
animal_class,dog,entity_3a149f71aeb4f5545da0b7eaa787531c0236472595baa3f72abc69ceb9d72867,True,train
animal_class,dolphin,entity_64bc24902edb91380136ba50ddcf621045a1026f217c5b7c645d6a6863306dd5,True,train
animal_class,eagle,entity_adf418dacaaa39c3175d4588127b685a161e131f97eb4c99a46285fc5bc5bc4c,True,train
animal_class,elephant,entity_beb08a31b82a3300a7021476d4ad421412c77c6fc9b89104cae73c41c6c3ab6d,True,test
animal_class,flamingo,entity_6a8b5afe59059312f8510224439d00ac13083151e4f627d0ff57f2f0b8fb62fe,True,train
animal_class,frog,entity_eced699350172fc8081149a15aca48234a84c4eddb36dfb469c89fda51058f7f,True,train
animal_class,gazelle,entity_56dda79fb88a7ddd5ca98f6ae47726a0fd2ec9c3dec56fbcc53dfd80c7912140,True,train
animal_class,gecko,entity_a7568ebccf0dcda9ffe37b1c0e7075a927075a517ea396056e0f3104a692d10c,True,validation
animal_class,giant anteater,entity_18c63950c36aa062bd59476907617a30b36a523de6b0c056386b03d24640632b,False,train
animal_class,giraffe,entity_8706fcd83e30a672481c53291466ec4544eb9b982bbd184343ae95ffd5c12909,True,validation
animal_class,goat,entity_72421257e0aa571e560bd817c9d908c0168ccf6d61809b851ec9e14eced5ac46,True,test
animal_class,goldfish,entity_2f41b95a84fffda5247dc8f878ade85a62e98902d2fdc8bf02cb51da3cd89f7b,True,test
animal_class,gorilla,entity_4d8dcd8163b6efdb6c45dfa5238d9b80b7150256bd63b15fe99b9c6a521bae21,True,train
animal_class,hamster,entity_9e1a6cabed1ee178cfba6190c44b1fa2794fff6e447cc15b729422ba2e4d6cc4,True,train
animal_class,hedgehog,entity_e5c5d003f4f1a533abe1d9ff94cc2c0315fc9eee40b7586090e690af6292000a,True,train
animal_class,hippopotamus,entity_483c04577fa366e36374dd410ea22ba91850d53f8763df0431f09f00c7f251c0,True,train
animal_class,horse,entity_08b83241ed80ac7928bba3c7c361e43dec1bd2f5d921eebcf5f09bf6e9d2a27e,True,train
animal_class,hummingbird,entity_797598c9fa00f88bdc9c42cfcebb86b87a6747d50899b03bbd1b4730bfb09c47,True,train
animal_class,hyena,entity_ffdcfdd88f9acb8d502007d2426151ddd9bf1c410fec8c52605c3d74abb5771e,True,train
animal_class,iguana,entity_f0d378d1a9ca138e6d23459ce61f6a59c0ea4c1ed3699b01c79511c03632c969,True,train
animal_class,jellyfish,entity_2675b18d22ab41fd83a19957ee0ddd0980d15500682ca9da1430e707e249ee1a,True,train
animal_class,kangaroo,entity_99d437eb4622d2de9b48c3653c0b8adbed6ccfaed612a6497b589dd9b0cca421,True,train
animal_class,koala,entity_694b218264497897f3fd4fbe2e6be835c1cc925ac08ecf6626f5a0d3e9289f22,True,train
animal_class,leopard,entity_b420d2d4d3569ba3ef7ff8fce75b0719f5eaee5fc2f0956d14de522d2b493d98,True,validation
animal_class,lion,entity_5d80399abfae6906d20a7e5c5c47e01cd21173dd6593026f3ef47c100f0e7e84,True,test
animal_class,llama,entity_31c3f6c332a7a7d03c0868d46aa6b84210da215c99226a2d585e0164aec23cb1,True,validation
animal_class,lobster,entity_f437f7ff80f2a27dcb587f0fe58c6b819240955884f9409f228b98ab9b9e4706,True,train
animal_class,manta ray,entity_a4c8ca21cf6882b512aa09774bb371231995797bcf3a07a27d5a904e51b55956,False,train
animal_class,mongoose,entity_897679fa829944c5683fba4dde56773a703ff1b11cd768b003bbf2554e0ece58,True,train
animal_class,moose,entity_4ad5850fa3ea2da1ee20f1c2f056d7c933a74174ced044ee46bb3514951951d6,True,train
animal_class,narwhal,entity_14c807984442b3db5630500fd2fd0d52779f6005595e4124074f1140f7a9300b,True,validation
animal_class,octopus,entity_68fe80c9dc31be51d7b4b4dc39db6f2273a307764773be0829a1ed0fbc9a435e,True,train
animal_class,ostrich,entity_03398019a378d4d2c73ee86bbb1d2f5bb2922f06c3e1a028b3bbbea93eef0785,True,train
animal_class,otter,entity_a6006e723f6ee47ef3d70ba87ae3775fdbce6066a1aaad6b78808ad0dda6f5d1,True,test
animal_class,panda,entity_d7a915f719056cc918bcbd148a8de304a8b4de1a3bc6d5e7dc9bd3e326629dea,True,train
animal_class,parrot,entity_b4cb07ac5ad2aacbb9a15615c7c6e07b42d8d6a2c441a42cedee471f921245f5,True,train
animal_class,peacock,entity_95addcd92b49eab32a06b04f1e5f3827db40d9854ab12a1269a9fc9cb7800e4c,True,train
animal_class,penguin,entity_83829389b3aaabbb5deeadaebde825dc2afaff80585fe3a07a2309c678753cda,True,test
animal_class,pigeon,entity_036e1404b3c4d52f8b68f1c162d8919394e7948a29cdf858b3aa0aed64cb2597,True,validation
animal_class,platypus,entity_9772371c01bbaf94b8c941a49b8e2561c950baa58549e2c0245e2f03ba000aac,True,train
animal_class,polar bear,entity_cba3593e3c4b9c766e8525eb0f18f4b61209596cf784c7066bb1396b13b12bfb,False,train
animal_class,porcupine,entity_e3a2a4b576e6e77841ba50fc358288128a2811a2dab716d3e67af7c5931db96b,True,test
animal_class,rabbit,entity_b15e3f5fee6929e929ff1ecca1b1e6159121e71c8492f43d0a2b7bb68bc27fb6,True,validation
animal_class,raccoon,entity_13dbeb5620bc7c2e30ca183d8f02462339a4e4795d7b8e6c29940d59e119d408,True,test
animal_class,rat,entity_ff382bbd679fdbbb1d1d67e7f6968b5f701581ded0e4d4a92db107667c6c857a,True,validation
animal_class,rhinoceros,entity_e711401823a3bae0c2a29de071403e48aee8f4a538ab187ca6e1af363fdbf841,True,validation
animal_class,salmon,entity_d7760bce16d6cde553bddca1787a917b5f52bc90003dce6663110741842b76a0,True,validation
animal_class,sea turtle,entity_f670d7ef239996490aead5d2cb06a53083463deaad6bf381c6c6afaa8e99133e,False,train
animal_class,seagull,entity_857bc5bdaf78be4c437e30072c62d05051d684450e3b129752762a74b68acde1,True,train
animal_class,seahorse,entity_49dda36b98cc615b18db1ef94a017f28112da18935d561e2d18c91e3385e0428,True,train
animal_class,shark,entity_7697c9b82480da95a941743985726ecb704995ad81c68c7c5c8700eb2974d44a,True,train
animal_class,skunk,entity_bda459cffbfe04b6738942b9a3003a45cc910dac616119ca02631c375136e818,True,test
animal_class,slug,entity_33cb025ed42cb1797a8a25566f41cb7e75851c889b4b03c454a138ecfd319bd3,True,train
animal_class,snake,entity_fe2970983457319c7c8e4172b8e9e74a4b0f4c946b69a03ffa8769a754443723,True,train
animal_class,sparrow,entity_22cb332d026cbd05486ad774a4e83a4c9285d4c27a637fe16990c962f914ca74,True,test
animal_class,squirrel,entity_e33d2732392551a6325f8374f3a2b29a373983d6ffb8701e8240969063fc70d9,True,train
animal_class,swan,entity_a580d4b3eb08aa7077596d431389eb797805b1b4170e1514128491e23f725b89,True,validation
animal_class,tapir,entity_c99e4f6ba7449c95d5d022d7af4e5fb1db4858bd62af1ef32ec347e4a9e772a2,True,train
animal_class,tarantula,entity_e08b106bed1dc6e83945dcabc6863df4ad3a1e5a10f4cf9ab93a9ab38b20324f,True,train
animal_class,tiger,entity_ba9dd4abfe076fd81cca294e27b2301970d98c760a333d20ff20d376451b0b43,True,test
animal_class,tortoise,entity_51e84f4c453a47a9ad47c7f25383a026ce076b3af35891538d98a2024f5bf262,True,validation
animal_class,tuna,entity_570fce305585354c910700ffb850cdb190088d2482321afebe8b12d399b94fa7,True,train
animal_class,vulture,entity_ec9d1ec0b40ac324795594cc0ffb3174fa93056dca871630bd97b979f7b32b41,True,test
animal_class,walrus,entity_36b697392bc276973d8a123d9c188a8291ee4ef1f45ed4dbc1a98216d0329932,True,train
animal_class,whale,entity_571adeeadd44c0338abedf9d440834af914885a0b56faa6d8ce0f67dd276814b,True,validation
animal_class,wolverine,entity_f4d4024c7a52ae4d594ecf54e15b1043fff23e44e062e8e12e64fd0ae9c192cd,True,test
animal_class,zebra,entity_a3bad0daac3aeb5be6846b15c3b2620fa396895f317385f9a50789cbb063801b,True,validation
