model,family,saved_layer,id,metric,scope,topic,point,ci_low,ci_high,valid_replicates,invalid_replicates,ci_status
qwen,R0,0,qwen_R0_L00,atomic_auroc,pooled,all,0.5197042603383899,0.4960555530456963,0.5440720522948812,2000,0,ok
qwen,R0,0,qwen_R0_L00,atomic_auroc,topic,animal_class,0.724609375,0.560546875,0.8779296875,2000,0,ok
qwen,R0,0,qwen_R0_L00,atomic_auroc,topic,cities,0.5131750822035044,0.4821823904328634,0.5431410747263637,2000,0,ok
qwen,R0,0,qwen_R0_L00,atomic_auroc,topic,element_symb,0.4583333333333333,0.3618827160493827,0.5339699074074074,2000,0,ok
qwen,R0,0,qwen_R0_L00,atomic_auroc,topic,inventors,0.6284250389841836,0.5659074228107532,0.6953628853094372,2000,0,ok
qwen,R0,0,qwen_R0_L00,atomic_auroc,topic,sp_en_trans,0.46913116907487334,0.41901264299802765,0.5151590091439047,2000,0,ok
qwen,R0,0,qwen_R0_L00,atomic_auroc,topic_macro,all,0.5587347997191789,0.5178035216849441,0.5989409180916403,2000,0,ok
qwen,R0,0,qwen_R0_L00,AND_auroc,pooled,all,0.5067052025599149,0.4801308979743743,0.5359583285731274,2000,0,ok
qwen,R0,0,qwen_R0_L00,AND_auroc,topic,animal_class,0.5240885416666666,0.41186964584387475,0.6584942405492397,2000,0,ok
qwen,R0,0,qwen_R0_L00,AND_auroc,topic,cities,0.5264618335510413,0.4871566707253376,0.5664291061325661,2000,0,ok
qwen,R0,0,qwen_R0_L00,AND_auroc,topic,element_symb,0.4754372427983539,0.3218099415204678,0.6083899576274521,2000,0,ok
qwen,R0,0,qwen_R0_L00,AND_auroc,topic,inventors,0.5314105233930306,0.46812550880658577,0.6197490183836281,2000,0,ok
qwen,R0,0,qwen_R0_L00,AND_auroc,topic,sp_en_trans,0.4564950980392157,0.34897638395221364,0.562562788861941,2000,0,ok
qwen,R0,0,qwen_R0_L00,AND_auroc,topic_macro,all,0.5027786478896616,0.4574694946275959,0.5522455540934846,2000,0,ok
qwen,R0,0,qwen_R0_L00,OR_auroc,pooled,all,0.5072131562139663,0.481105365158257,0.5363778968589258,2000,0,ok
qwen,R0,0,qwen_R0_L00,OR_auroc,topic,animal_class,0.5205891927083334,0.37944666666666665,0.6952703564457456,2000,0,ok
qwen,R0,0,qwen_R0_L00,OR_auroc,topic,cities,0.5276376439499723,0.491920629013461,0.5640637154694208,2000,0,ok
qwen,R0,0,qwen_R0_L00,OR_auroc,topic,element_symb,0.46328446502057613,0.3127929782675237,0.597667363617269,2000,0,ok
qwen,R0,0,qwen_R0_L00,OR_auroc,topic,inventors,0.5564001110648341,0.4679476086253187,0.6583116765991565,2000,0,ok
qwen,R0,0,qwen_R0_L00,OR_auroc,topic,sp_en_trans,0.4514129181084198,0.34437529043216625,0.5618225750738743,2000,0,ok
qwen,R0,0,qwen_R0_L00,OR_auroc,topic_macro,all,0.5038648661704271,0.4543315746583011,0.5541264976393004,2000,0,ok
qwen,R0,0,qwen_R0_L00,OR_mixed_vs_FF_auroc,pooled,all,0.5057128711598061,0.4859254186492296,0.5277753582957084,2000,0,ok
qwen,R0,0,qwen_R0_L00,OR_mixed_vs_FF_auroc,topic,animal_class,0.5228271484375,0.396234130859375,0.670818210204788,2000,0,ok
qwen,R0,0,qwen_R0_L00,OR_mixed_vs_FF_auroc,topic,cities,0.5201117066798793,0.492915899922279,0.54891634648849,2000,0,ok
qwen,R0,0,qwen_R0_L00,OR_mixed_vs_FF_auroc,topic,element_symb,0.47096836419753085,0.35091017119738516,0.5712358473338202,2000,0,ok
qwen,R0,0,qwen_R0_L00,OR_mixed_vs_FF_auroc,topic,inventors,0.5460745522698875,0.4675765124123371,0.6390946153402526,2000,0,ok
qwen,R0,0,qwen_R0_L00,OR_mixed_vs_FF_auroc,topic,sp_en_trans,0.45953179065743943,0.37429869552996603,0.5432327600671571,2000,0,ok
qwen,R0,0,qwen_R0_L00,OR_mixed_vs_FF_auroc,topic_macro,all,0.5039027124484473,0.46322724424458,0.545331214995458,2000,0,ok
qwen,C_clean,0,qwen_C_clean_L00,atomic_auroc,pooled,all,0.496543454826665,0.4887420517069791,0.5038890852195055,2000,0,ok
qwen,C_clean,0,qwen_C_clean_L00,atomic_auroc,topic,animal_class,0.4970703125,0.4658203125,0.5312744140624999,2000,0,ok
qwen,C_clean,0,qwen_C_clean_L00,atomic_auroc,topic,cities,0.5014526372685915,0.49636277645151117,0.5062728030268907,2000,0,ok
qwen,C_clean,0,qwen_C_clean_L00,atomic_auroc,topic,element_symb,0.5185185185185185,0.48302469135802467,0.5640624999999999,2000,0,ok
qwen,C_clean,0,qwen_C_clean_L00,atomic_auroc,topic,inventors,0.4809534417464914,0.4232468873975676,0.5257014910348198,2000,0,ok
qwen,C_clean,0,qwen_C_clean_L00,atomic_auroc,topic,sp_en_trans,0.4839557140176393,0.4592532566350134,0.5076046162507036,2000,0,ok
qwen,C_clean,0,qwen_C_clean_L00,atomic_auroc,topic_macro,all,0.4963901248102481,0.48040976704566485,0.5116627228798863,2000,0,ok
qwen,C_clean,0,qwen_C_clean_L00,AND_auroc,pooled,all,0.5395625168782069,0.49863904884835825,0.5797005636394232,2000,0,ok
qwen,C_clean,0,qwen_C_clean_L00,AND_auroc,topic,animal_class,0.537841796875,0.41312751486053956,0.6797616314661769,2000,0,ok
qwen,C_clean,0,qwen_C_clean_L00,AND_auroc,topic,cities,0.5293811840307494,0.472027056742791,0.5864971860473124,2000,0,ok
qwen,C_clean,0,qwen_C_clean_L00,AND_auroc,topic,element_symb,0.5095807613168725,0.3487111615132964,0.6589404863216758,2000,0,ok
qwen,C_clean,0,qwen_C_clean_L00,AND_auroc,topic,inventors,0.5958975426905456,0.5128197278911564,0.6951208575604186,2000,0,ok
qwen,C_clean,0,qwen_C_clean_L00,AND_auroc,topic,sp_en_trans,0.5470552191464821,0.436327269051295,0.6435999247221716,2000,0,ok
qwen,C_clean,0,qwen_C_clean_L00,AND_auroc,topic_macro,all,0.54395130081193,0.4946950794063167,0.5955964944427211,2000,0,ok
qwen,C_clean,0,qwen_C_clean_L00,OR_auroc,pooled,all,0.5394560680815069,0.4988466436214192,0.579900117582485,2000,0,ok
qwen,C_clean,0,qwen_C_clean_L00,OR_auroc,topic,animal_class,0.5506998697916666,0.4284479520975057,0.6989258101851848,2000,0,ok
qwen,C_clean,0,qwen_C_clean_L00,OR_auroc,topic,cities,0.5321213008423044,0.4742081180695072,0.5894250615264761,2000,0,ok
qwen,C_clean,0,qwen_C_clean_L00,OR_auroc,topic,element_symb,0.5093878600823045,0.3427728012635317,0.652603125332164,2000,0,ok
qwen,C_clean,0,qwen_C_clean_L00,OR_auroc,topic,inventors,0.5777453838678328,0.4892899427676973,0.68819672776518,2000,0,ok
qwen,C_clean,0,qwen_C_clean_L00,OR_auroc,topic,sp_en_trans,0.5521193771626297,0.4473479707362288,0.6486109737522799,2000,0,ok
qwen,C_clean,0,qwen_C_clean_L00,OR_auroc,topic_macro,all,0.5444147583493476,0.4937087052149212,0.594457039082583,2000,0,ok
qwen,C_clean,0,qwen_C_clean_L00,OR_mixed_vs_FF_auroc,pooled,all,0.5300624975888276,0.4985705569078182,0.5610824176441744,2000,0,ok
qwen,C_clean,0,qwen_C_clean_L00,OR_mixed_vs_FF_auroc,topic,animal_class,0.535888671875,0.43971549479166666,0.652901873621613,2000,0,ok
qwen,C_clean,0,qwen_C_clean_L00,OR_mixed_vs_FF_auroc,topic,cities,0.5248271474257916,0.48024594560130224,0.5706304131808545,2000,0,ok
qwen,C_clean,0,qwen_C_clean_L00,OR_mixed_vs_FF_auroc,topic,element_symb,0.5057870370370371,0.37514491676575507,0.6128124699268785,2000,0,ok
qwen,C_clean,0,qwen_C_clean_L00,OR_mixed_vs_FF_auroc,topic,inventors,0.5584131611828405,0.49102966285214333,0.6437036714665584,2000,0,ok
qwen,C_clean,0,qwen_C_clean_L00,OR_mixed_vs_FF_auroc,topic,sp_en_trans,0.5407115051903114,0.4608185770450155,0.6163382334812622,2000,0,ok
qwen,C_clean,0,qwen_C_clean_L00,OR_mixed_vs_FF_auroc,topic_macro,all,0.5331255045421961,0.4935446435627189,0.5720287782274447,2000,0,ok
qwen,R0,1,qwen_R0_L01,atomic_auroc,pooled,all,0.5467043696980112,0.5255981250207055,0.56804118523455,2000,0,ok
qwen,R0,1,qwen_R0_L01,atomic_auroc,topic,animal_class,0.7099609375,0.5673828125,0.853515625,2000,0,ok
qwen,R0,1,qwen_R0_L01,atomic_auroc,topic,cities,0.5460677446961849,0.5162591212107562,0.5772417346065492,2000,0,ok
qwen,R0,1,qwen_R0_L01,atomic_auroc,topic,element_symb,0.4992283950617284,0.44830246913580246,0.5532600308641974,2000,0,ok
qwen,R0,1,qwen_R0_L01,atomic_auroc,topic,inventors,0.6016930274003118,0.5491268840685443,0.6513873597567369,2000,0,ok
qwen,R0,1,qwen_R0_L01,atomic_auroc,topic,sp_en_trans,0.48695815349971855,0.4378431830631615,0.5290928558568985,2000,0,ok
qwen,R0,1,qwen_R0_L01,atomic_auroc,topic_macro,all,0.5687816516315889,0.5361279768507631,0.6023006803219584,2000,0,ok
qwen,R0,1,qwen_R0_L01,AND_auroc,pooled,all,0.5109810149642717,0.4845382706271762,0.5369506571211234,2000,0,ok
qwen,R0,1,qwen_R0_L01,AND_auroc,topic,animal_class,0.5586751302083334,0.48896242198088397,0.630298041637381,2000,0,ok
qwen,R0,1,qwen_R0_L01,AND_auroc,topic,cities,0.5219031049652418,0.48819091629891537,0.5543545780712346,2000,0,ok
qwen,R0,1,qwen_R0_L01,AND_auroc,topic,element_symb,0.47164351851851855,0.3427396018575516,0.5909742168920927,2000,0,ok
qwen,R0,1,qwen_R0_L01,AND_auroc,topic,inventors,0.5538317367763432,0.4597789494581987,0.6655710056259491,2000,0,ok
qwen,R0,1,qwen_R0_L01,AND_auroc,topic,sp_en_trans,0.46613682237600923,0.3680582820057928,0.5593871533516989,2000,0,ok
qwen,R0,1,qwen_R0_L01,AND_auroc,topic_macro,all,0.5144380625688892,0.4734433745968923,0.5556197676987255,2000,0,ok
qwen,R0,1,qwen_R0_L01,OR_auroc,pooled,all,0.5121526661494256,0.487057191472239,0.5388705031140096,2000,0,ok
qwen,R0,1,qwen_R0_L01,OR_auroc,topic,animal_class,0.5729166666666666,0.4154730389878141,0.7490630451928724,2000,0,ok
qwen,R0,1,qwen_R0_L01,OR_auroc,topic,cities,0.5249322477966458,0.4928331122427104,0.5583373554702912,2000,0,ok
qwen,R0,1,qwen_R0_L01,OR_auroc,topic,element_symb,0.46045524691358025,0.33423319271678387,0.5624279667871905,2000,0,ok
qwen,R0,1,qwen_R0_L01,OR_auroc,topic,inventors,0.5779536304317645,0.46739605242607246,0.7178828908852605,2000,0,ok
qwen,R0,1,qwen_R0_L01,OR_auroc,topic,sp_en_trans,0.46644319492502884,0.36450666561087414,0.5592070180411346,2000,0,ok
qwen,R0,1,qwen_R0_L01,OR_auroc,topic_macro,all,0.5205401973467373,0.4672797537671467,0.5709760303346376,2000,0,ok
qwen,R0,1,qwen_R0_L01,OR_mixed_vs_FF_auroc,pooled,all,0.5105625425973792,0.49063524362363764,0.5323830429723208,2000,0,ok
qwen,R0,1,qwen_R0_L01,OR_mixed_vs_FF_auroc,topic,animal_class,0.56396484375,0.38819888614882475,0.7418652179914629,2000,0,ok
qwen,R0,1,qwen_R0_L01,OR_mixed_vs_FF_auroc,topic,cities,0.5207310481509841,0.4959851022568318,0.546728619826494,2000,0,ok
qwen,R0,1,qwen_R0_L01,OR_mixed_vs_FF_auroc,topic,element_symb,0.46884645061728397,0.36559982780612243,0.549905988655506,2000,0,ok
qwen,R0,1,qwen_R0_L01,OR_mixed_vs_FF_auroc,topic,inventors,0.5616409829237817,0.47443255665676654,0.6837334486721153,2000,0,ok
qwen,R0,1,qwen_R0_L01,OR_mixed_vs_FF_auroc,topic,sp_en_trans,0.4742106401384083,0.39403993691231587,0.5461155169075366,2000,0,ok
qwen,R0,1,qwen_R0_L01,OR_mixed_vs_FF_auroc,topic_macro,all,0.5178787931160916,0.4702296355686349,0.5653009830421101,2000,0,ok
qwen,C_clean,1,qwen_C_clean_L01,atomic_auroc,pooled,all,0.5074325485478605,0.49694597935651263,0.5175574919151994,2000,0,ok
qwen,C_clean,1,qwen_C_clean_L01,atomic_auroc,topic,animal_class,0.5244140625,0.4833984375,0.572265625,2000,0,ok
qwen,C_clean,1,qwen_C_clean_L01,atomic_auroc,topic,cities,0.505303815143462,0.49631604432232784,0.5145945002477366,2000,0,ok
qwen,C_clean,1,qwen_C_clean_L01,atomic_auroc,topic,element_symb,0.5154320987654321,0.4876543209876543,0.5385802469135802,2000,0,ok
qwen,C_clean,1,qwen_C_clean_L01,atomic_auroc,topic,inventors,0.5620405435509022,0.5275682888540031,0.6019295929687567,2000,0,ok
qwen,C_clean,1,qwen_C_clean_L01,atomic_auroc,topic,sp_en_trans,0.4880840683054982,0.42244686646712876,0.5495112142197599,2000,0,ok
qwen,C_clean,1,qwen_C_clean_L01,atomic_auroc,topic_macro,all,0.5190549176530589,0.5007694212350011,0.5372188745586026,2000,0,ok
qwen,C_clean,1,qwen_C_clean_L01,AND_auroc,pooled,all,0.5437425968076792,0.504017909072713,0.5829121508749358,2000,0,ok
qwen,C_clean,1,qwen_C_clean_L01,AND_auroc,topic,animal_class,0.5824381510416666,0.48122633844833734,0.7283843598615916,2000,0,ok
qwen,C_clean,1,qwen_C_clean_L01,AND_auroc,topic,cities,0.561365479032476,0.5052900573419442,0.6138846703793054,2000,0,ok
qwen,C_clean,1,qwen_C_clean_L01,AND_auroc,topic,element_symb,0.4434799382716049,0.2617494779070739,0.5985613712886441,2000,0,ok
qwen,C_clean,1,qwen_C_clean_L01,AND_auroc,topic,inventors,0.5897889768152159,0.4969893473242181,0.6973271962757446,2000,0,ok
qwen,C_clean,1,qwen_C_clean_L01,AND_auroc,topic,sp_en_trans,0.49477364475201846,0.42243850310979836,0.5909415392053023,2000,0,ok
qwen,C_clean,1,qwen_C_clean_L01,AND_auroc,topic_macro,all,0.5343692379825964,0.4870325530463384,0.5853450752774639,2000,0,ok
qwen,C_clean,1,qwen_C_clean_L01,OR_auroc,pooled,all,0.5425030755843611,0.5014763177307567,0.5817754465079819,2000,0,ok
qwen,C_clean,1,qwen_C_clean_L01,OR_auroc,topic,animal_class,0.6053873697916666,0.5077176770029278,0.7542728432296653,2000,0,ok
qwen,C_clean,1,qwen_C_clean_L01,OR_auroc,topic,cities,0.5625647493356155,0.505741436890016,0.6165625910552522,2000,0,ok
qwen,C_clean,1,qwen_C_clean_L01,OR_auroc,topic,element_symb,0.4338348765432099,0.2631985284962481,0.584850387377173,2000,0,ok
qwen,C_clean,1,qwen_C_clean_L01,OR_auroc,topic,inventors,0.569415521310565,0.48069526131197915,0.6695983944681861,2000,0,ok
qwen,C_clean,1,qwen_C_clean_L01,OR_auroc,topic,sp_en_trans,0.49097102076124566,0.4180063206832936,0.5798226792778127,2000,0,ok
qwen,C_clean,1,qwen_C_clean_L01,OR_auroc,topic_macro,all,0.5324347075484606,0.4875849501371936,0.5829180619931744,2000,0,ok
qwen,C_clean,1,qwen_C_clean_L01,OR_mixed_vs_FF_auroc,pooled,all,0.5315547454016263,0.5003226293468724,0.5623475404109095,2000,0,ok
qwen,C_clean,1,qwen_C_clean_L01,OR_mixed_vs_FF_auroc,topic,animal_class,0.5816650390625,0.501880658436214,0.7047164922482974,2000,0,ok
qwen,C_clean,1,qwen_C_clean_L01,OR_mixed_vs_FF_auroc,topic,cities,0.5470783973694878,0.5034770960199138,0.58926225194588,2000,0,ok
qwen,C_clean,1,qwen_C_clean_L01,OR_mixed_vs_FF_auroc,topic,element_symb,0.4480131172839506,0.3101589280731824,0.5629664505824175,2000,0,ok
qwen,C_clean,1,qwen_C_clean_L01,OR_mixed_vs_FF_auroc,topic,inventors,0.5495626822157434,0.4760266470854321,0.6300378041195818,2000,0,ok
qwen,C_clean,1,qwen_C_clean_L01,OR_mixed_vs_FF_auroc,topic,sp_en_trans,0.49124134948096887,0.43474488221214413,0.5612783446712017,2000,0,ok
qwen,C_clean,1,qwen_C_clean_L01,OR_mixed_vs_FF_auroc,topic_macro,all,0.5235121170825302,0.4871743767712033,0.5632300202164192,2000,0,ok
qwen,R0,2,qwen_R0_L02,atomic_auroc,pooled,all,0.5602962083457014,0.541818432581579,0.5794508293949381,2000,0,ok
qwen,R0,2,qwen_R0_L02,atomic_auroc,topic,animal_class,0.6455078125,0.5497802734375,0.7578369140624999,2000,0,ok
qwen,R0,2,qwen_R0_L02,atomic_auroc,topic,cities,0.5806382595378586,0.5514498220800864,0.6122387505067339,2000,0,ok
qwen,R0,2,qwen_R0_L02,atomic_auroc,topic,element_symb,0.5146604938271605,0.4591049382716049,0.5740933641975308,2000,0,ok
qwen,R0,2,qwen_R0_L02,atomic_auroc,topic,inventors,0.6097126308754733,0.5582527352342557,0.6722222222222222,2000,0,ok
qwen,R0,2,qwen_R0_L02,atomic_auroc,topic,sp_en_trans,0.47119534621880277,0.426325974964475,0.5138537881339772,2000,0,ok
qwen,R0,2,qwen_R0_L02,atomic_auroc,topic_macro,all,0.5643429085918591,0.538813494955429,0.5954009296133923,2000,0,ok
qwen,R0,2,qwen_R0_L02,AND_auroc,pooled,all,0.5271322979937617,0.4933652930283141,0.5612576133824052,2000,0,ok
qwen,R0,2,qwen_R0_L02,AND_auroc,topic,animal_class,0.5702311197916666,0.4547707100591716,0.7094346672624918,2000,0,ok
qwen,R0,2,qwen_R0_L02,AND_auroc,topic,cities,0.5414733570559884,0.5032119803700097,0.5790986519418092,2000,0,ok
qwen,R0,2,qwen_R0_L02,AND_auroc,topic,element_symb,0.47871656378600824,0.3190391797117561,0.6028549344464761,2000,0,ok
qwen,R0,2,qwen_R0_L02,AND_auroc,topic,inventors,0.5806608357628765,0.4709352172746155,0.7149143199593375,2000,0,ok
qwen,R0,2,qwen_R0_L02,AND_auroc,topic,sp_en_trans,0.48237456747404844,0.36116699264869684,0.5855413438793671,2000,0,ok
qwen,R0,2,qwen_R0_L02,AND_auroc,topic_macro,all,0.5306912887741176,0.479492288658097,0.5801073936203148,2000,0,ok
qwen,R0,2,qwen_R0_L02,OR_auroc,pooled,all,0.5212183171945527,0.49055616737083574,0.5550117396325966,2000,0,ok
qwen,R0,2,qwen_R0_L02,OR_auroc,topic,animal_class,0.5394694010416666,0.38070935287780855,0.6969905492981164,2000,0,ok
qwen,R0,2,qwen_R0_L02,OR_auroc,topic,cities,0.5345357941834452,0.4959569395584978,0.5722539731417572,2000,0,ok
qwen,R0,2,qwen_R0_L02,OR_auroc,topic,element_symb,0.492798353909465,0.34971916666666664,0.5904460359716039,2000,0,ok
qwen,R0,2,qwen_R0_L02,OR_auroc,topic,inventors,0.5699708454810496,0.47981683776028805,0.6719927610363006,2000,0,ok
qwen,R0,2,qwen_R0_L02,OR_auroc,topic,sp_en_trans,0.4720299884659746,0.3464832521974339,0.58419326226899,2000,0,ok
qwen,R0,2,qwen_R0_L02,OR_auroc,topic_macro,all,0.5217608766163202,0.46954116911290456,0.5708853760415625,2000,0,ok
qwen,R0,2,qwen_R0_L02,OR_mixed_vs_FF_auroc,pooled,all,0.5152086039204592,0.48992486574467004,0.5423574338703209,2000,0,ok
qwen,R0,2,qwen_R0_L02,OR_mixed_vs_FF_auroc,topic,animal_class,0.5352783203125,0.3533589888839007,0.7091218866118902,2000,0,ok
qwen,R0,2,qwen_R0_L02,OR_mixed_vs_FF_auroc,topic,cities,0.5244808792396739,0.49325804520227556,0.5551966853463535,2000,0,ok
qwen,R0,2,qwen_R0_L02,OR_mixed_vs_FF_auroc,topic,element_symb,0.49874614197530864,0.39325920147673393,0.5709865397805212,2000,0,ok
qwen,R0,2,qwen_R0_L02,OR_mixed_vs_FF_auroc,topic,inventors,0.5485214493960849,0.4729676479412593,0.6302830222585761,2000,0,ok
qwen,R0,2,qwen_R0_L02,OR_mixed_vs_FF_auroc,topic,sp_en_trans,0.4757244809688581,0.37357022585770466,0.5627396120293846,2000,0,ok
qwen,R0,2,qwen_R0_L02,OR_mixed_vs_FF_auroc,topic_macro,all,0.5165502543784851,0.4695750312005701,0.563813271096916,2000,0,ok
qwen,C_clean,2,qwen_C_clean_L02,atomic_auroc,pooled,all,0.5066748426002593,0.48830561873481704,0.5253424717924723,2000,0,ok
qwen,C_clean,2,qwen_C_clean_L02,atomic_auroc,topic,animal_class,0.552734375,0.494140625,0.6221191406249997,2000,0,ok
qwen,C_clean,2,qwen_C_clean_L02,atomic_auroc,topic,cities,0.5112157110040089,0.505044254763299,0.5189068059997297,2000,0,ok
qwen,C_clean,2,qwen_C_clean_L02,atomic_auroc,topic,element_symb,0.5108024691358025,0.4837962962962963,0.5370563271604938,2000,0,ok
qwen,C_clean,2,qwen_C_clean_L02,atomic_auroc,topic,inventors,0.4669191356649588,0.42560382565825045,0.49755612244897957,2000,0,ok
qwen,C_clean,2,qwen_C_clean_L02,atomic_auroc,topic,sp_en_trans,0.5091011446800525,0.401793505921462,0.6156897202378632,2000,0,ok
qwen,C_clean,2,qwen_C_clean_L02,atomic_auroc,topic_macro,all,0.5101545670969646,0.4839864519967575,0.5368767223850218,2000,0,ok
qwen,C_clean,2,qwen_C_clean_L02,AND_auroc,pooled,all,0.542601665745063,0.5015434559789825,0.580645073059356,2000,0,ok
qwen,C_clean,2,qwen_C_clean_L02,AND_auroc,topic,animal_class,0.6214192708333334,0.5036329623155846,0.7944211172668513,2000,0,ok
qwen,C_clean,2,qwen_C_clean_L02,AND_auroc,topic,cities,0.5482335630527153,0.49676544841468523,0.5987775262481025,2000,0,ok
qwen,C_clean,2,qwen_C_clean_L02,AND_auroc,topic,element_symb,0.5108024691358025,0.33527759125344353,0.6718703418563584,2000,0,ok
qwen,C_clean,2,qwen_C_clean_L02,AND_auroc,topic,inventors,0.5952728029987505,0.5052572582243361,0.698490684786803,2000,0,ok
qwen,C_clean,2,qwen_C_clean_L02,AND_auroc,topic,sp_en_trans,0.47453503460207613,0.3653470326967593,0.5873605555394131,2000,0,ok
qwen,C_clean,2,qwen_C_clean_L02,AND_auroc,topic_macro,all,0.5500526281245357,0.49767719798289595,0.6069379217079864,2000,0,ok
qwen,C_clean,2,qwen_C_clean_L02,OR_auroc,pooled,all,0.542927441928252,0.5020245059561959,0.582244557031178,2000,0,ok
qwen,C_clean,2,qwen_C_clean_L02,OR_auroc,topic,animal_class,0.6331380208333334,0.5137886453659258,0.7946467857142856,2000,0,ok
qwen,C_clean,2,qwen_C_clean_L02,OR_auroc,topic,cities,0.5500643739771481,0.49812799424709364,0.6028788004561776,2000,0,ok
qwen,C_clean,2,qwen_C_clean_L02,OR_auroc,topic,element_symb,0.5021862139917695,0.3319813633609318,0.6770058274240723,2000,0,ok
qwen,C_clean,2,qwen_C_clean_L02,OR_auroc,topic,inventors,0.5953422185200611,0.5191460642587066,0.6857078553199702,2000,0,ok
qwen,C_clean,2,qwen_C_clean_L02,OR_auroc,topic,sp_en_trans,0.47179570357554784,0.3681540835753594,0.5879561464710961,2000,0,ok
qwen,C_clean,2,qwen_C_clean_L02,OR_auroc,topic_macro,all,0.5505053061795719,0.4999943845199599,0.6065533896828148,2000,0,ok
qwen,C_clean,2,qwen_C_clean_L02,OR_mixed_vs_FF_auroc,pooled,all,0.532083060067127,0.501513758545522,0.5627404924965527,2000,0,ok
qwen,C_clean,2,qwen_C_clean_L02,OR_mixed_vs_FF_auroc,topic,animal_class,0.605712890625,0.5149401672433679,0.7437658691406249,2000,0,ok
qwen,C_clean,2,qwen_C_clean_L02,OR_mixed_vs_FF_auroc,topic,cities,0.5378276879419845,0.4974842765338101,0.5792678002555474,2000,0,ok
qwen,C_clean,2,qwen_C_clean_L02,OR_mixed_vs_FF_auroc,topic,element_symb,0.4981674382716049,0.36757319911822794,0.6445161845730027,2000,0,ok
qwen,C_clean,2,qwen_C_clean_L02,OR_mixed_vs_FF_auroc,topic,inventors,0.5687213660974594,0.5146741917716384,0.6377639779202279,2000,0,ok
qwen,C_clean,2,qwen_C_clean_L02,OR_mixed_vs_FF_auroc,topic,sp_en_trans,0.47772491349480967,0.40047995937642433,0.5682886800079119,2000,0,ok
qwen,C_clean,2,qwen_C_clean_L02,OR_mixed_vs_FF_auroc,topic_macro,all,0.5376308592861718,0.499263525381283,0.5837409176786735,2000,0,ok
qwen,R0,3,qwen_R0_L03,atomic_auroc,pooled,all,0.6444132856317081,0.6187143479568928,0.6694789068345395,2000,0,ok
qwen,R0,3,qwen_R0_L03,atomic_auroc,topic,animal_class,0.6484375,0.55078125,0.74609375,2000,0,ok
qwen,R0,3,qwen_R0_L03,atomic_auroc,topic,cities,0.7096189360839602,0.671844736723571,0.7474550695914598,2000,0,ok
qwen,R0,3,qwen_R0_L03,atomic_auroc,topic,element_symb,0.5979938271604939,0.5601851851851852,0.6558641975308642,2000,0,ok
qwen,R0,3,qwen_R0_L03,atomic_auroc,topic,inventors,0.6106036979282691,0.5577343862078362,0.6734762434939038,2000,0,ok
qwen,R0,3,qwen_R0_L03,atomic_auroc,topic,sp_en_trans,0.5601426158753987,0.4978888701486104,0.6228576664462081,2000,0,ok
qwen,R0,3,qwen_R0_L03,atomic_auroc,topic_macro,all,0.6253593154096244,0.6011531674549686,0.6569797655465845,2000,0,ok
qwen,R0,3,qwen_R0_L03,AND_auroc,pooled,all,0.5320196551630524,0.5009482670398376,0.5641413180622596,2000,0,ok
qwen,R0,3,qwen_R0_L03,AND_auroc,topic,animal_class,0.506103515625,0.35649963926465483,0.6433988964956388,2000,0,ok
qwen,R0,3,qwen_R0_L03,AND_auroc,topic,cities,0.5818816344609101,0.5429246219133056,0.6201890395408823,2000,0,ok
qwen,R0,3,qwen_R0_L03,AND_auroc,topic,element_symb,0.5917566872427984,0.41556960466783754,0.7489220885034765,2000,0,ok
qwen,R0,3,qwen_R0_L03,AND_auroc,topic,inventors,0.3574205192280994,0.2100910016653164,0.510195643659543,2000,0,ok
qwen,R0,3,qwen_R0_L03,AND_auroc,topic,sp_en_trans,0.5537413494809689,0.45503818612663766,0.6441957709750566,2000,0,ok
qwen,R0,3,qwen_R0_L03,AND_auroc,topic_macro,all,0.5181807412075553,0.460973504763139,0.5772294746999875,2000,0,ok
qwen,R0,3,qwen_R0_L03,OR_auroc,pooled,all,0.5259660049695156,0.5016245996660716,0.5508856929442179,2000,0,ok
qwen,R0,3,qwen_R0_L03,OR_auroc,topic,animal_class,0.53271484375,0.37553795085216013,0.6757407977800901,2000,0,ok
qwen,R0,3,qwen_R0_L03,OR_auroc,topic,cities,0.5612641322462952,0.5292777994576741,0.5958333628070409,2000,0,ok
qwen,R0,3,qwen_R0_L03,OR_auroc,topic,element_symb,0.5755529835390947,0.42645448172501504,0.7109363615761592,2000,0,ok
qwen,R0,3,qwen_R0_L03,OR_auroc,topic,inventors,0.43551298070248506,0.3267538765898824,0.5503628316760378,2000,0,ok
qwen,R0,3,qwen_R0_L03,OR_auroc,topic,sp_en_trans,0.5492178489042676,0.4402097300984786,0.6536392860011578,2000,0,ok
qwen,R0,3,qwen_R0_L03,OR_auroc,topic_macro,all,0.5308525578284286,0.4766828244401287,0.5819322422120836,2000,0,ok
qwen,R0,3,qwen_R0_L03,OR_mixed_vs_FF_auroc,pooled,all,0.5219121990321018,0.5011643237860289,0.542685576952734,2000,0,ok
qwen,R0,3,qwen_R0_L03,OR_mixed_vs_FF_auroc,topic,animal_class,0.5478515625,0.31846382059466966,0.7624561543367345,2000,0,ok
qwen,R0,3,qwen_R0_L03,OR_mixed_vs_FF_auroc,topic,cities,0.5469249695959641,0.5210746673427458,0.574413620418091,2000,0,ok
qwen,R0,3,qwen_R0_L03,OR_mixed_vs_FF_auroc,topic,element_symb,0.5583526234567902,0.4478046922826752,0.6632319695480792,2000,0,ok
qwen,R0,3,qwen_R0_L03,OR_mixed_vs_FF_auroc,topic,inventors,0.4737088713036235,0.3766051718527501,0.5768027135298563,2000,0,ok
qwen,R0,3,qwen_R0_L03,OR_mixed_vs_FF_auroc,topic,sp_en_trans,0.5320339532871973,0.4415012112222537,0.6204023393493028,2000,0,ok
qwen,R0,3,qwen_R0_L03,OR_mixed_vs_FF_auroc,topic_macro,all,0.531774396028715,0.4748126393040549,0.5869546291933011,2000,0,ok
qwen,C_clean,3,qwen_C_clean_L03,atomic_auroc,pooled,all,0.5131465887609555,0.49397463766225025,0.5316107111645157,2000,0,ok
qwen,C_clean,3,qwen_C_clean_L03,atomic_auroc,topic,animal_class,0.5263671875,0.48046875,0.5751953125,2000,0,ok
qwen,C_clean,3,qwen_C_clean_L03,atomic_auroc,topic,cities,0.5109679744155669,0.500065030854466,0.5214199247781631,2000,0,ok
qwen,C_clean,3,qwen_C_clean_L03,atomic_auroc,topic,element_symb,0.5216049382716049,0.48225308641975306,0.5694444444444444,2000,0,ok
qwen,C_clean,3,qwen_C_clean_L03,atomic_auroc,topic,inventors,0.5206059255959011,0.48223979591836735,0.56236038492532,2000,0,ok
qwen,C_clean,3,qwen_C_clean_L03,atomic_auroc,topic,sp_en_trans,0.5248639519609682,0.4026488238100207,0.6410844444444443,2000,0,ok
qwen,C_clean,3,qwen_C_clean_L03,atomic_auroc,topic_macro,all,0.5208819955488082,0.4926825970428559,0.5498782919052819,2000,0,ok
qwen,C_clean,3,qwen_C_clean_L03,AND_auroc,pooled,all,0.5711588773295497,0.5295011865863657,0.6134383939721229,2000,0,ok
qwen,C_clean,3,qwen_C_clean_L03,AND_auroc,topic,animal_class,0.610107421875,0.4929026686847007,0.7521733788286555,2000,0,ok
qwen,C_clean,3,qwen_C_clean_L03,AND_auroc,topic,cities,0.5601408720327913,0.5004815573257638,0.6183269928493453,2000,0,ok
qwen,C_clean,3,qwen_C_clean_L03,AND_auroc,topic,element_symb,0.6331661522633745,0.4672488469134055,0.763799879271163,2000,0,ok
qwen,C_clean,3,qwen_C_clean_L03,AND_auroc,topic,inventors,0.5856934610578926,0.5049872516787614,0.6846296109419583,2000,0,ok
qwen,C_clean,3,qwen_C_clean_L03,AND_auroc,topic,sp_en_trans,0.55604815455594,0.46744031379913076,0.6533215477607411,2000,0,ok
qwen,C_clean,3,qwen_C_clean_L03,AND_auroc,topic_macro,all,0.5890312123569996,0.5411695499038546,0.6432040306808889,2000,0,ok
qwen,C_clean,3,qwen_C_clean_L03,OR_auroc,pooled,all,0.56514487752673,0.5229882861675035,0.6074677578886795,2000,0,ok
qwen,C_clean,3,qwen_C_clean_L03,OR_auroc,topic,animal_class,0.5874837239583334,0.4914643252351491,0.7108873304961942,2000,0,ok
qwen,C_clean,3,qwen_C_clean_L03,OR_auroc,topic,cities,0.5576165863399547,0.4975073719013821,0.6184518401584241,2000,0,ok
qwen,C_clean,3,qwen_C_clean_L03,OR_auroc,topic,element_symb,0.6024948559670782,0.44353896604938275,0.7360581538170824,2000,0,ok
qwen,C_clean,3,qwen_C_clean_L03,OR_auroc,topic,inventors,0.5833333333333334,0.5148253652070313,0.6824463969938108,2000,0,ok
qwen,C_clean,3,qwen_C_clean_L03,OR_auroc,topic,sp_en_trans,0.5512723471741637,0.4648465361205746,0.6419944999234771,2000,0,ok
qwen,C_clean,3,qwen_C_clean_L03,OR_auroc,topic_macro,all,0.5764401693545727,0.5313269602697334,0.6250988222233266,2000,0,ok
qwen,C_clean,3,qwen_C_clean_L03,OR_mixed_vs_FF_auroc,pooled,all,0.5478757035265271,0.5156935002788797,0.5810508789008888,2000,0,ok
qwen,C_clean,3,qwen_C_clean_L03,OR_mixed_vs_FF_auroc,topic,animal_class,0.564453125,0.49148945711096936,0.6646572049184108,2000,0,ok
qwen,C_clean,3,qwen_C_clean_L03,OR_mixed_vs_FF_auroc,topic,cities,0.5426135084005225,0.49595395378001794,0.589503388537619,2000,0,ok
qwen,C_clean,3,qwen_C_clean_L03,OR_mixed_vs_FF_auroc,topic,element_symb,0.5728202160493827,0.45359505917159765,0.684148407663134,2000,0,ok
qwen,C_clean,3,qwen_C_clean_L03,OR_mixed_vs_FF_auroc,topic,inventors,0.5612765514369012,0.5113998083103765,0.6413999551209372,2000,0,ok
qwen,C_clean,3,qwen_C_clean_L03,OR_mixed_vs_FF_auroc,topic,sp_en_trans,0.5376567906574394,0.4689789059687966,0.6080658049886621,2000,0,ok
qwen,C_clean,3,qwen_C_clean_L03,OR_mixed_vs_FF_auroc,topic_macro,all,0.5557640383088491,0.5214901085253251,0.5939639259757745,2000,0,ok
qwen,R0,4,qwen_R0_L04,atomic_auroc,pooled,all,0.7216055554687621,0.6932072633930729,0.750361362654973,2000,0,ok
qwen,R0,4,qwen_R0_L04,atomic_auroc,topic,animal_class,0.748046875,0.63671875,0.8466796875,2000,0,ok
qwen,R0,4,qwen_R0_L04,atomic_auroc,topic,cities,0.7684788973469664,0.7268619656772217,0.8093008197828927,2000,0,ok
qwen,R0,4,qwen_R0_L04,atomic_auroc,topic,element_symb,0.6373456790123457,0.5763888888888888,0.7230131172839506,2000,0,ok
qwen,R0,4,qwen_R0_L04,atomic_auroc,topic,inventors,0.6063711294274894,0.5486061883007772,0.672119140625,2000,0,ok
qwen,R0,4,qwen_R0_L04,atomic_auroc,topic,sp_en_trans,0.7239632201163445,0.641402671821207,0.8029696003002439,2000,0,ok
qwen,R0,4,qwen_R0_L04,atomic_auroc,topic_macro,all,0.6968411601806292,0.6646329753029391,0.7324189394388438,2000,0,ok
qwen,R0,4,qwen_R0_L04,AND_auroc,pooled,all,0.5599881834691448,0.530068811842472,0.5900826508274377,2000,0,ok
qwen,R0,4,qwen_R0_L04,AND_auroc,topic,animal_class,0.5122884114583334,0.3815382655977343,0.6383303062678062,2000,0,ok
qwen,R0,4,qwen_R0_L04,AND_auroc,topic,cities,0.5923006471179977,0.5434838086849895,0.6406201847811938,2000,0,ok
qwen,R0,4,qwen_R0_L04,AND_auroc,topic,element_symb,0.6176054526748971,0.4642072969812925,0.7610603270209529,2000,0,ok
qwen,R0,4,qwen_R0_L04,AND_auroc,topic,inventors,0.5257184506455643,0.4120823396456703,0.6496539263241508,2000,0,ok
qwen,R0,4,qwen_R0_L04,AND_auroc,topic,sp_en_trans,0.5910827566320646,0.45781959060927313,0.7038801633867312,2000,0,ok
qwen,R0,4,qwen_R0_L04,AND_auroc,topic_macro,all,0.5677991437057714,0.515065720505376,0.6224735076271221,2000,0,ok
qwen,R0,4,qwen_R0_L04,OR_auroc,pooled,all,0.5409034859480444,0.5099797718933695,0.5705818911316863,2000,0,ok
qwen,R0,4,qwen_R0_L04,OR_auroc,topic,animal_class,0.5787760416666666,0.4057089272407099,0.7755795150015928,2000,0,ok
qwen,R0,4,qwen_R0_L04,OR_auroc,topic,cities,0.5476480038436707,0.5026047873362727,0.5939947760945314,2000,0,ok
qwen,R0,4,qwen_R0_L04,OR_auroc,topic,element_symb,0.6171553497942387,0.47749466839250493,0.751160911668589,2000,0,ok
qwen,R0,4,qwen_R0_L04,OR_auroc,topic,inventors,0.4726502846036374,0.3891605318518463,0.5618361309017302,2000,0,ok
qwen,R0,4,qwen_R0_L04,OR_auroc,topic,sp_en_trans,0.589839244521338,0.45807893883940987,0.6960165172991922,2000,0,ok
qwen,R0,4,qwen_R0_L04,OR_auroc,topic_macro,all,0.5612137848859102,0.5052283997355422,0.6156268329782828,2000,0,ok
qwen,R0,4,qwen_R0_L04,OR_mixed_vs_FF_auroc,pooled,all,0.5310853705061105,0.5017269442864826,0.5586551905248295,2000,0,ok
qwen,R0,4,qwen_R0_L04,OR_mixed_vs_FF_auroc,topic,animal_class,0.578369140625,0.364568779726516,0.8137819487062664,2000,0,ok
qwen,R0,4,qwen_R0_L04,OR_mixed_vs_FF_auroc,topic,cities,0.5318017769469844,0.4928952997666944,0.5722843514751417,2000,0,ok
qwen,R0,4,qwen_R0_L04,OR_mixed_vs_FF_auroc,topic,element_symb,0.5851658950617284,0.4895004006237804,0.6937332845533623,2000,0,ok
qwen,R0,4,qwen_R0_L04,OR_mixed_vs_FF_auroc,topic,inventors,0.4824031653477718,0.4104617214532872,0.5553105566362704,2000,0,ok
qwen,R0,4,qwen_R0_L04,OR_mixed_vs_FF_auroc,topic,sp_en_trans,0.5605266003460208,0.45393814741590555,0.6456645985133748,2000,0,ok
qwen,R0,4,qwen_R0_L04,OR_mixed_vs_FF_auroc,topic_macro,all,0.547653315665501,0.4928221573491938,0.6034769039213853,2000,0,ok
qwen,C_clean,4,qwen_C_clean_L04,atomic_auroc,pooled,all,0.49980080926119763,0.4868974552907571,0.5123235615247104,2000,0,ok
qwen,C_clean,4,qwen_C_clean_L04,atomic_auroc,topic,animal_class,0.603515625,0.48046875,0.7265625,2000,0,ok
qwen,C_clean,4,qwen_C_clean_L04,atomic_auroc,topic,cities,0.5109004098914464,0.4980625872708436,0.5225581054907437,2000,0,ok
qwen,C_clean,4,qwen_C_clean_L04,atomic_auroc,topic,element_symb,0.5378086419753086,0.49691358024691357,0.6010995370370369,2000,0,ok
qwen,C_clean,4,qwen_C_clean_L04,atomic_auroc,topic,inventors,0.3684562263310314,0.30986118744652497,0.42150266924540564,2000,0,ok
qwen,C_clean,4,qwen_C_clean_L04,atomic_auroc,topic,sp_en_trans,0.5214862075436292,0.47241086781934993,0.5704221094586961,2000,0,ok
qwen,C_clean,4,qwen_C_clean_L04,atomic_auroc,topic_macro,all,0.5084334221482831,0.47904054141601216,0.5411723382950214,2000,0,ok
qwen,C_clean,4,qwen_C_clean_L04,AND_auroc,pooled,all,0.6070964197483236,0.5614261693328473,0.6501991108727506,2000,0,ok
qwen,C_clean,4,qwen_C_clean_L04,AND_auroc,topic,animal_class,0.641845703125,0.5523158539464824,0.7783990073982245,2000,0,ok
qwen,C_clean,4,qwen_C_clean_L04,AND_auroc,topic,cities,0.5626933096106782,0.4990650378804867,0.6248967195046747,2000,0,ok
qwen,C_clean,4,qwen_C_clean_L04,AND_auroc,topic,element_symb,0.7633744855967078,0.5772963588588589,0.8943897014068662,2000,0,ok
qwen,C_clean,4,qwen_C_clean_L04,AND_auroc,topic,inventors,0.6072816881854782,0.5367262117969342,0.6858918471981476,2000,0,ok
qwen,C_clean,4,qwen_C_clean_L04,AND_auroc,topic,sp_en_trans,0.688941753171857,0.5834421782557325,0.793986394643697,2000,0,ok
qwen,C_clean,4,qwen_C_clean_L04,AND_auroc,topic_macro,all,0.6528273879379444,0.6064284528828351,0.7042975866173129,2000,0,ok
qwen,C_clean,4,qwen_C_clean_L04,OR_auroc,pooled,all,0.6046631002747664,0.5602854094708715,0.6457013188529146,2000,0,ok
qwen,C_clean,4,qwen_C_clean_L04,OR_auroc,topic,animal_class,0.6219075520833334,0.527243031204753,0.7584402844447783,2000,0,ok
qwen,C_clean,4,qwen_C_clean_L04,OR_auroc,topic,cities,0.5639235469873729,0.4999335101611027,0.6261444103509743,2000,0,ok
qwen,C_clean,4,qwen_C_clean_L04,OR_auroc,topic,element_symb,0.7765560699588477,0.6195685512793104,0.8881974500462545,2000,0,ok
qwen,C_clean,4,qwen_C_clean_L04,OR_auroc,topic,inventors,0.5948216021102318,0.5283014432106045,0.6737468589743589,2000,0,ok
qwen,C_clean,4,qwen_C_clean_L04,OR_auroc,topic,sp_en_trans,0.6782727797001153,0.577950267556099,0.7816294563204317,2000,0,ok
qwen,C_clean,4,qwen_C_clean_L04,OR_auroc,topic_macro,all,0.6470963101679803,0.6038366788274698,0.6934501388677754,2000,0,ok
qwen,C_clean,4,qwen_C_clean_L04,OR_mixed_vs_FF_auroc,pooled,all,0.5808144618906164,0.5462341302886379,0.613255886980995,2000,0,ok
qwen,C_clean,4,qwen_C_clean_L04,OR_mixed_vs_FF_auroc,topic,animal_class,0.5894775390625,0.5155160332677435,0.7076201582074632,2000,0,ok
qwen,C_clean,4,qwen_C_clean_L04,OR_mixed_vs_FF_auroc,topic,cities,0.5486478649610378,0.5010854382879824,0.5966180173940262,2000,0,ok
qwen,C_clean,4,qwen_C_clean_L04,OR_mixed_vs_FF_auroc,topic,element_symb,0.7336033950617284,0.607867217036862,0.8462257854647324,2000,0,ok
qwen,C_clean,4,qwen_C_clean_L04,OR_mixed_vs_FF_auroc,topic,inventors,0.5701270304039984,0.5131112081568726,0.6358357860110802,2000,0,ok
qwen,C_clean,4,qwen_C_clean_L04,OR_mixed_vs_FF_auroc,topic,sp_en_trans,0.6401654411764706,0.5558631115035425,0.7318439977814535,2000,0,ok
qwen,C_clean,4,qwen_C_clean_L04,OR_mixed_vs_FF_auroc,topic_macro,all,0.616404254133147,0.5816403102762325,0.6579947315257149,2000,0,ok
qwen,R0,5,qwen_R0_L05,atomic_auroc,pooled,all,0.7404818072458561,0.7134495421861854,0.7675433840326551,2000,0,ok
qwen,R0,5,qwen_R0_L05,atomic_auroc,topic,animal_class,0.71484375,0.6181396484375,0.8252197265624999,2000,0,ok
qwen,R0,5,qwen_R0_L05,atomic_auroc,topic,cities,0.7912481419755867,0.752270731048151,0.8297393698482051,2000,0,ok
qwen,R0,5,qwen_R0_L05,atomic_auroc,topic,element_symb,0.6141975308641975,0.5462962962962963,0.6797839506172839,2000,0,ok
qwen,R0,5,qwen_R0_L05,atomic_auroc,topic,inventors,0.6101581644018712,0.5479568742169084,0.681166359230324,2000,0,ok
qwen,R0,5,qwen_R0_L05,atomic_auroc,topic,sp_en_trans,0.7930193282041659,0.7170091130014649,0.8655040004907292,2000,0,ok
qwen,R0,5,qwen_R0_L05,atomic_auroc,topic_macro,all,0.7046933830891642,0.6740604329940544,0.7378895403309896,2000,0,ok
qwen,R0,5,qwen_R0_L05,AND_auroc,pooled,all,0.5470796594210042,0.5215458764492661,0.5753880640902462,2000,0,ok
qwen,R0,5,qwen_R0_L05,AND_auroc,topic,animal_class,0.552978515625,0.49826649088120134,0.613989740512117,2000,0,ok
qwen,R0,5,qwen_R0_L05,AND_auroc,topic,cities,0.5670887572631863,0.5269902798389213,0.607381250512935,2000,0,ok
qwen,R0,5,qwen_R0_L05,AND_auroc,topic,element_symb,0.5688657407407407,0.4116974217473142,0.7195677998482568,2000,0,ok
qwen,R0,5,qwen_R0_L05,AND_auroc,topic,inventors,0.37064417603776206,0.23485158538809664,0.5036390222810105,2000,0,ok
qwen,R0,5,qwen_R0_L05,AND_auroc,topic,sp_en_trans,0.5918036332179931,0.5030517764386008,0.6829636922477325,2000,0,ok
qwen,R0,5,qwen_R0_L05,AND_auroc,topic_macro,all,0.5302761645769365,0.48236009153662374,0.5762726039048299,2000,0,ok
qwen,R0,5,qwen_R0_L05,OR_auroc,pooled,all,0.5270930048137717,0.4949774043335826,0.5576326324883843,2000,0,ok
qwen,R0,5,qwen_R0_L05,OR_auroc,topic,animal_class,0.5303548177083334,0.4017412475345168,0.6758561535827562,2000,0,ok
qwen,R0,5,qwen_R0_L05,OR_auroc,topic,cities,0.5243551341531162,0.4841200621083064,0.5692087189092258,2000,0,ok
qwen,R0,5,qwen_R0_L05,OR_auroc,topic,element_symb,0.6064814814814815,0.4665553104596242,0.7465628425957159,2000,0,ok
qwen,R0,5,qwen_R0_L05,OR_auroc,topic,inventors,0.3751561849229488,0.24711034304889523,0.5053341128117913,2000,0,ok
qwen,R0,5,qwen_R0_L05,OR_auroc,topic,sp_en_trans,0.5831170703575548,0.47053159843819187,0.6865861378205128,2000,0,ok
qwen,R0,5,qwen_R0_L05,OR_auroc,topic_macro,all,0.5238929377246869,0.47121106199851265,0.5770118143962708,2000,0,ok
qwen,R0,5,qwen_R0_L05,OR_mixed_vs_FF_auroc,pooled,all,0.5189346690156844,0.4925931125870748,0.5435712530564737,2000,0,ok
qwen,R0,5,qwen_R0_L05,OR_mixed_vs_FF_auroc,topic,animal_class,0.5347900390625,0.38880244131719705,0.6995195434443288,2000,0,ok
qwen,R0,5,qwen_R0_L05,OR_mixed_vs_FF_auroc,topic,cities,0.5165828678888338,0.4855815639095576,0.5519769669157446,2000,0,ok
qwen,R0,5,qwen_R0_L05,OR_mixed_vs_FF_auroc,topic,element_symb,0.5856481481481481,0.4807716879065445,0.7093350462668644,2000,0,ok
qwen,R0,5,qwen_R0_L05,OR_mixed_vs_FF_auroc,topic,inventors,0.4149833402748855,0.308804416594686,0.5109971107578621,2000,0,ok
qwen,R0,5,qwen_R0_L05,OR_mixed_vs_FF_auroc,topic,sp_en_trans,0.5500378460207612,0.4465990093756973,0.6394132456086916,2000,0,ok
qwen,R0,5,qwen_R0_L05,OR_mixed_vs_FF_auroc,topic_macro,all,0.5204084482790257,0.47258063813990536,0.5715500471141385,2000,0,ok
qwen,C_clean,5,qwen_C_clean_L05,atomic_auroc,pooled,all,0.4895678732678217,0.4769047351357996,0.5023345739057827,2000,0,ok
qwen,C_clean,5,qwen_C_clean_L05,atomic_auroc,topic,animal_class,0.4951171875,0.4277099609375,0.56640625,2000,0,ok
qwen,C_clean,5,qwen_C_clean_L05,atomic_auroc,topic,cities,0.5098531597675781,0.4986473019233368,0.5212270843655691,2000,0,ok
qwen,C_clean,5,qwen_C_clean_L05,atomic_auroc,topic,element_symb,0.4845679012345679,0.4359567901234568,0.5432291666666665,2000,0,ok
qwen,C_clean,5,qwen_C_clean_L05,atomic_auroc,topic,inventors,0.3350412118511918,0.26983572561010133,0.4042913535606379,2000,0,ok
qwen,C_clean,5,qwen_C_clean_L05,atomic_auroc,topic,sp_en_trans,0.5441921561268531,0.5083491858480321,0.5829503732048374,2000,0,ok
qwen,C_clean,5,qwen_C_clean_L05,atomic_auroc,topic_macro,all,0.4737543232960381,0.45173488099307474,0.49887398672855826,2000,0,ok
qwen,C_clean,5,qwen_C_clean_L05,AND_auroc,pooled,all,0.6141966973725008,0.5705105666326767,0.6563624438200388,2000,0,ok
qwen,C_clean,5,qwen_C_clean_L05,AND_auroc,topic,animal_class,0.6346842447916666,0.5574054955164731,0.7578709608843537,2000,0,ok
qwen,C_clean,5,qwen_C_clean_L05,AND_auroc,topic,cities,0.5670831268861763,0.5028678126361824,0.624695262988947,2000,0,ok
qwen,C_clean,5,qwen_C_clean_L05,AND_auroc,topic,element_symb,0.8050411522633745,0.6433281893004116,0.9098902881288261,2000,0,ok
qwen,C_clean,5,qwen_C_clean_L05,AND_auroc,topic,inventors,0.6193599888935166,0.5429450506186453,0.7170418193801438,2000,0,ok
qwen,C_clean,5,qwen_C_clean_L05,AND_auroc,topic,sp_en_trans,0.6956098615916955,0.5805282291853942,0.8111138214706203,2000,0,ok
qwen,C_clean,5,qwen_C_clean_L05,AND_auroc,topic_macro,all,0.6643556748852859,0.6198437215989215,0.7128890481560297,2000,0,ok
qwen,C_clean,5,qwen_C_clean_L05,OR_auroc,pooled,all,0.6131043469687812,0.568360062879946,0.6547567381634483,2000,0,ok
qwen,C_clean,5,qwen_C_clean_L05,OR_auroc,topic,animal_class,0.6328938802083334,0.5701197959183674,0.7445451122758014,2000,0,ok
qwen,C_clean,5,qwen_C_clean_L05,OR_auroc,topic,cities,0.5674903908232362,0.5003460011509782,0.6265089383694762,2000,0,ok
qwen,C_clean,5,qwen_C_clean_L05,OR_auroc,topic,element_symb,0.7952031893004116,0.6699576262529247,0.8859504193365482,2000,0,ok
qwen,C_clean,5,qwen_C_clean_L05,OR_auroc,topic,inventors,0.6044703595724004,0.5433185557208995,0.6916374325642791,2000,0,ok
qwen,C_clean,5,qwen_C_clean_L05,OR_auroc,topic,sp_en_trans,0.7001874279123415,0.5889723992265219,0.8124654600655553,2000,0,ok
qwen,C_clean,5,qwen_C_clean_L05,OR_auroc,topic_macro,all,0.6600490495633446,0.6238155360807742,0.7045445582318858,2000,0,ok
qwen,C_clean,5,qwen_C_clean_L05,OR_mixed_vs_FF_auroc,pooled,all,0.5873267706578535,0.5517974026216073,0.6208552361177933,2000,0,ok
qwen,C_clean,5,qwen_C_clean_L05,OR_mixed_vs_FF_auroc,topic,animal_class,0.6015625,0.5485859998265696,0.7043659667968749,2000,0,ok
qwen,C_clean,5,qwen_C_clean_L05,OR_mixed_vs_FF_auroc,topic,cities,0.5501568059997297,0.49921488033913525,0.5969143463350942,2000,0,ok
qwen,C_clean,5,qwen_C_clean_L05,OR_mixed_vs_FF_auroc,topic,element_symb,0.7464313271604939,0.6427864403983011,0.8411657986111111,2000,0,ok
qwen,C_clean,5,qwen_C_clean_L05,OR_mixed_vs_FF_auroc,topic,inventors,0.5756976259891712,0.5204737889122687,0.6526245839497039,2000,0,ok
qwen,C_clean,5,qwen_C_clean_L05,OR_mixed_vs_FF_auroc,topic,sp_en_trans,0.6587640570934256,0.5655757387253798,0.7643261255746397,2000,0,ok
qwen,C_clean,5,qwen_C_clean_L05,OR_mixed_vs_FF_auroc,topic_macro,all,0.6265224632485641,0.5962104091595032,0.6678961907413236,2000,0,ok
qwen,R0,6,qwen_R0_L06,atomic_auroc,pooled,all,0.9242411223421706,0.9046841559465472,0.9420937278302722,2000,0,ok
qwen,R0,6,qwen_R0_L06,atomic_auroc,topic,animal_class,0.89453125,0.814453125,0.9638671875,2000,0,ok
qwen,R0,6,qwen_R0_L06,atomic_auroc,topic,cities,0.9451713886761858,0.9214089455429936,0.9648005720463042,2000,0,ok
qwen,R0,6,qwen_R0_L06,atomic_auroc,topic,element_symb,0.841820987654321,0.7530671296296296,0.9320987654320988,2000,0,ok
qwen,R0,6,qwen_R0_L06,atomic_auroc,topic,inventors,0.8061929160169303,0.735522762345679,0.8765432098765432,2000,0,ok
qwen,R0,6,qwen_R0_L06,atomic_auroc,topic,sp_en_trans,0.9722274347907675,0.9412244897959183,0.9919349465291822,2000,0,ok
qwen,R0,6,qwen_R0_L06,atomic_auroc,topic_macro,all,0.8919887954276409,0.8631108623475748,0.9218252532626691,2000,0,ok
qwen,R0,6,qwen_R0_L06,AND_auroc,pooled,all,0.6178238150962969,0.5846871863249931,0.6519433625782817,2000,0,ok
qwen,R0,6,qwen_R0_L06,AND_auroc,topic,animal_class,0.717529296875,0.5874628703703704,0.8597388425925926,2000,0,ok
qwen,R0,6,qwen_R0_L06,AND_auroc,topic,cities,0.6623031244838821,0.6192519614411508,0.7049746205893145,2000,0,ok
qwen,R0,6,qwen_R0_L06,AND_auroc,topic,element_symb,0.6756044238683128,0.5647562247555272,0.7860451353410512,2000,0,ok
qwen,R0,6,qwen_R0_L06,AND_auroc,topic,inventors,0.6620505344995141,0.4716281563558018,0.837489081938998,2000,0,ok
qwen,R0,6,qwen_R0_L06,AND_auroc,topic,sp_en_trans,0.7371323529411765,0.6738529045969125,0.7937651946238982,2000,0,ok
qwen,R0,6,qwen_R0_L06,AND_auroc,topic_macro,all,0.6909239465335771,0.6386211138299472,0.7457810517490026,2000,0,ok
qwen,R0,6,qwen_R0_L06,OR_auroc,pooled,all,0.5991177609460083,0.570028446136477,0.6274786704912589,2000,0,ok
qwen,R0,6,qwen_R0_L06,OR_auroc,topic,animal_class,0.6070149739583334,0.4202777777777778,0.7772701823511116,2000,0,ok
qwen,R0,6,qwen_R0_L06,OR_auroc,topic,cities,0.6336229223908832,0.581282696613298,0.6808197732124158,2000,0,ok
qwen,R0,6,qwen_R0_L06,OR_auroc,topic,element_symb,0.7116769547325102,0.5955463728191001,0.8303871834894208,2000,0,ok
qwen,R0,6,qwen_R0_L06,OR_auroc,topic,inventors,0.6021796473691517,0.47157193450206963,0.7073468839026001,2000,0,ok
qwen,R0,6,qwen_R0_L06,OR_auroc,topic,sp_en_trans,0.7372044405997693,0.6803423212112127,0.7887244826986611,2000,0,ok
qwen,R0,6,qwen_R0_L06,OR_auroc,topic_macro,all,0.6583397878101296,0.6064833114646936,0.7107037504525244,2000,0,ok
qwen,R0,6,qwen_R0_L06,OR_mixed_vs_FF_auroc,pooled,all,0.5703751569941146,0.5427967585301278,0.5965393559990761,2000,0,ok
qwen,R0,6,qwen_R0_L06,OR_mixed_vs_FF_auroc,topic,animal_class,0.5341796875,0.28657161011080334,0.7467359523201887,2000,0,ok
qwen,R0,6,qwen_R0_L06,OR_mixed_vs_FF_auroc,topic,cities,0.5996703414260619,0.5528217647060577,0.6438661971824851,2000,0,ok
qwen,R0,6,qwen_R0_L06,OR_mixed_vs_FF_auroc,topic,element_symb,0.6661844135802469,0.560472125771605,0.7867100934903047,2000,0,ok
qwen,R0,6,qwen_R0_L06,OR_mixed_vs_FF_auroc,topic,inventors,0.5561745106205748,0.43372723682400727,0.6631123475850448,2000,0,ok
qwen,R0,6,qwen_R0_L06,OR_mixed_vs_FF_auroc,topic,sp_en_trans,0.6698475346020761,0.6188995789795411,0.7160530306037952,2000,0,ok
qwen,R0,6,qwen_R0_L06,OR_mixed_vs_FF_auroc,topic_macro,all,0.605211297545792,0.5480017886796852,0.6645803299257946,2000,0,ok
qwen,C_clean,6,qwen_C_clean_L06,atomic_auroc,pooled,all,0.5071864893999282,0.48936533085342265,0.5245089930311108,2000,0,ok
qwen,C_clean,6,qwen_C_clean_L06,atomic_auroc,topic,animal_class,0.3974609375,0.3359375,0.462890625,2000,0,ok
qwen,C_clean,6,qwen_C_clean_L06,atomic_auroc,topic,cities,0.49058600963920546,0.4754391694067835,0.5057550898608171,2000,0,ok
qwen,C_clean,6,qwen_C_clean_L06,atomic_auroc,topic,element_symb,0.4876543209876543,0.4351851851851852,0.5362654320987654,2000,0,ok
qwen,C_clean,6,qwen_C_clean_L06,atomic_auroc,topic,inventors,0.45310759634662506,0.37020341746165925,0.53680739190263,2000,0,ok
qwen,C_clean,6,qwen_C_clean_L06,atomic_auroc,topic,sp_en_trans,0.5670857571777069,0.46694667640613585,0.6597928055976635,2000,0,ok
qwen,C_clean,6,qwen_C_clean_L06,atomic_auroc,topic_macro,all,0.47917892433023834,0.44771210760537467,0.5091836313980669,2000,0,ok
qwen,C_clean,6,qwen_C_clean_L06,AND_auroc,pooled,all,0.7667428239937016,0.7257955019668753,0.8029631886576416,2000,0,ok
qwen,C_clean,6,qwen_C_clean_L06,AND_auroc,topic,animal_class,0.834716796875,0.7577684733072917,0.9335344136969981,2000,0,ok
qwen,C_clean,6,qwen_C_clean_L06,AND_auroc,topic,cities,0.7373119454078645,0.6804665509420862,0.7858544672569444,2000,0,ok
qwen,C_clean,6,qwen_C_clean_L06,AND_auroc,topic,element_symb,0.8410493827160493,0.7111220930552802,0.9567354419270004,2000,0,ok
qwen,C_clean,6,qwen_C_clean_L06,AND_auroc,topic,inventors,0.7511800638622796,0.6561573748621614,0.8522918166439828,2000,0,ok
qwen,C_clean,6,qwen_C_clean_L06,AND_auroc,topic,sp_en_trans,0.8445069204152249,0.7618414600252368,0.9296805094920041,2000,0,ok
qwen,C_clean,6,qwen_C_clean_L06,AND_auroc,topic_macro,all,0.8017530218552837,0.7657364996290668,0.849852065589024,2000,0,ok
qwen,C_clean,6,qwen_C_clean_L06,OR_auroc,pooled,all,0.7592049632287278,0.7204902002002685,0.7942791479836485,2000,0,ok
qwen,C_clean,6,qwen_C_clean_L06,OR_auroc,topic,animal_class,0.7994791666666666,0.7364091315237032,0.8911773164770023,2000,0,ok
qwen,C_clean,6,qwen_C_clean_L06,OR_auroc,topic,cities,0.735694150413645,0.6782919731546667,0.7865985156321004,2000,0,ok
qwen,C_clean,6,qwen_C_clean_L06,OR_auroc,topic,element_symb,0.8364197530864198,0.7197583108281893,0.9419208359638047,2000,0,ok
qwen,C_clean,6,qwen_C_clean_L06,OR_auroc,topic,inventors,0.7070317923087602,0.6265432821480801,0.8035793541475359,2000,0,ok
qwen,C_clean,6,qwen_C_clean_L06,OR_auroc,topic,sp_en_trans,0.8383614475201846,0.7724504398148149,0.9072968211361678,2000,0,ok
qwen,C_clean,6,qwen_C_clean_L06,OR_auroc,topic_macro,all,0.7833972619991352,0.7529596531070734,0.8260748930775901,2000,0,ok
qwen,C_clean,6,qwen_C_clean_L06,OR_mixed_vs_FF_auroc,pooled,all,0.7112744278555783,0.6774131623328075,0.7445407453598755,2000,0,ok
qwen,C_clean,6,qwen_C_clean_L06,OR_mixed_vs_FF_auroc,topic,animal_class,0.7344970703125,0.6756994882147074,0.8430166391225961,2000,0,ok
qwen,C_clean,6,qwen_C_clean_L06,OR_mixed_vs_FF_auroc,topic,cities,0.6905657402819693,0.6414727645815258,0.7388683666169102,2000,0,ok
qwen,C_clean,6,qwen_C_clean_L06,OR_mixed_vs_FF_auroc,topic,element_symb,0.7977430555555556,0.6897636199037438,0.9162425884876009,2000,0,ok
qwen,C_clean,6,qwen_C_clean_L06,OR_mixed_vs_FF_auroc,topic,inventors,0.6529050395668472,0.5854404373636776,0.7460654392833521,2000,0,ok
qwen,C_clean,6,qwen_C_clean_L06,OR_mixed_vs_FF_auroc,topic,sp_en_trans,0.7826557093425606,0.714703166027261,0.8653969385786722,2000,0,ok
qwen,C_clean,6,qwen_C_clean_L06,OR_mixed_vs_FF_auroc,topic_macro,all,0.7316733230118866,0.7043334739856643,0.7774340604940783,2000,0,ok
qwen,R0,7,qwen_R0_L07,atomic_auroc,pooled,all,0.9462731803340155,0.9311340597059063,0.9590790107118431,2000,0,ok
qwen,R0,7,qwen_R0_L07,atomic_auroc,topic,animal_class,0.9111328125,0.8359375,0.9765625,2000,0,ok
qwen,R0,7,qwen_R0_L07,atomic_auroc,topic,cities,0.9675577676681231,0.9520058218098284,0.9799558578442412,2000,0,ok
qwen,R0,7,qwen_R0_L07,atomic_auroc,topic,element_symb,0.9382716049382716,0.8703703703703703,0.9899691358024691,2000,0,ok
qwen,R0,7,qwen_R0_L07,atomic_auroc,topic,inventors,0.8282468255736244,0.761414201183432,0.8920443320807142,2000,0,ok
qwen,R0,7,qwen_R0_L07,atomic_auroc,topic,sp_en_trans,0.9722274347907675,0.9430557311310207,0.9912765324340408,2000,0,ok
qwen,R0,7,qwen_R0_L07,atomic_auroc,topic_macro,all,0.9234872890941572,0.9003512755053232,0.9469323745956504,2000,0,ok
qwen,R0,7,qwen_R0_L07,AND_auroc,pooled,all,0.5966437194495525,0.5663241368701359,0.6285506823868359,2000,0,ok
qwen,R0,7,qwen_R0_L07,AND_auroc,topic,animal_class,0.588623046875,0.41689389062725274,0.7450367619472347,2000,0,ok
qwen,R0,7,qwen_R0_L07,AND_auroc,topic,cities,0.6255442697776377,0.580370570573415,0.67119517010431,2000,0,ok
qwen,R0,7,qwen_R0_L07,AND_auroc,topic,element_symb,0.659400720164609,0.5777931703874483,0.7408458810914071,2000,0,ok
qwen,R0,7,qwen_R0_L07,AND_auroc,topic,inventors,0.6609051783978898,0.5190740433184908,0.8160447641707501,2000,0,ok
qwen,R0,7,qwen_R0_L07,AND_auroc,topic,sp_en_trans,0.6832828719723183,0.5944452776895632,0.7710003413043044,2000,0,ok
qwen,R0,7,qwen_R0_L07,AND_auroc,topic_macro,all,0.643551217437491,0.5909136096713385,0.6948488364416825,2000,0,ok
qwen,R0,7,qwen_R0_L07,OR_auroc,pooled,all,0.5447281412039716,0.5143806212526076,0.5730227709469604,2000,0,ok
qwen,R0,7,qwen_R0_L07,OR_auroc,topic,animal_class,0.5699869791666666,0.38658965072354745,0.7330135875520488,2000,0,ok
qwen,R0,7,qwen_R0_L07,OR_auroc,topic,cities,0.5508301052505142,0.49928483620446196,0.6005007067183725,2000,0,ok
qwen,R0,7,qwen_R0_L07,OR_auroc,topic,element_symb,0.673804012345679,0.549596394557823,0.7987566907860791,2000,0,ok
qwen,R0,7,qwen_R0_L07,OR_auroc,topic,inventors,0.5276620852422602,0.4186169505146883,0.6142754683486016,2000,0,ok
qwen,R0,7,qwen_R0_L07,OR_auroc,topic,sp_en_trans,0.6293973471741637,0.5541447590203136,0.7089126298282388,2000,0,ok
qwen,R0,7,qwen_R0_L07,OR_auroc,topic_macro,all,0.5903361058358567,0.5386845983652191,0.6445641523938171,2000,0,ok
qwen,R0,7,qwen_R0_L07,OR_mixed_vs_FF_auroc,pooled,all,0.5286452640287369,0.49952664766043636,0.5556211981898116,2000,0,ok
qwen,R0,7,qwen_R0_L07,OR_mixed_vs_FF_auroc,topic,animal_class,0.54296875,0.3409513180272109,0.7297803295348061,2000,0,ok
qwen,R0,7,qwen_R0_L07,OR_mixed_vs_FF_auroc,topic,cities,0.5320847033917391,0.4841377474939202,0.5770323404527838,2000,0,ok
qwen,R0,7,qwen_R0_L07,OR_mixed_vs_FF_auroc,topic,element_symb,0.6283757716049383,0.5089347122061966,0.7561002788022072,2000,0,ok
qwen,R0,7,qwen_R0_L07,OR_mixed_vs_FF_auroc,topic,inventors,0.5078092461474386,0.3859080791589347,0.6187614375743604,2000,0,ok
qwen,R0,7,qwen_R0_L07,OR_mixed_vs_FF_auroc,topic,sp_en_trans,0.5905871539792388,0.5339531117456556,0.6569540809727005,2000,0,ok
qwen,R0,7,qwen_R0_L07,OR_mixed_vs_FF_auroc,topic_macro,all,0.560365125024671,0.5071733480423876,0.6181772727847437,2000,0,ok
qwen,C_clean,7,qwen_C_clean_L07,atomic_auroc,pooled,all,0.5137636894811667,0.498389845603274,0.5285439511935988,2000,0,ok
qwen,C_clean,7,qwen_C_clean_L07,atomic_auroc,topic,animal_class,0.5517578125,0.5087646484375,0.5986328125,2000,0,ok
qwen,C_clean,7,qwen_C_clean_L07,atomic_auroc,topic,cities,0.4907549209495068,0.4769714765100671,0.5046180352236386,2000,0,ok
qwen,C_clean,7,qwen_C_clean_L07,atomic_auroc,topic,element_symb,0.5108024691358025,0.4737654320987654,0.5470679012345679,2000,0,ok
qwen,C_clean,7,qwen_C_clean_L07,atomic_auroc,topic,inventors,0.6206282022722209,0.5683932900901012,0.6830577306625043,2000,0,ok
qwen,C_clean,7,qwen_C_clean_L07,atomic_auroc,topic,sp_en_trans,0.5353724901482454,0.4409739939594094,0.6320620181405895,2000,0,ok
qwen,C_clean,7,qwen_C_clean_L07,atomic_auroc,topic_macro,all,0.5418631790011551,0.5170538204333524,0.5668798161730245,2000,0,ok
qwen,C_clean,7,qwen_C_clean_L07,AND_auroc,pooled,all,0.8062453294697421,0.769712240229208,0.8408433560956102,2000,0,ok
qwen,C_clean,7,qwen_C_clean_L07,AND_auroc,topic,animal_class,0.876708984375,0.8171280221193415,0.9445782404737494,2000,0,ok
qwen,C_clean,7,qwen_C_clean_L07,AND_auroc,topic,cities,0.7748224554449499,0.7229577498239855,0.8252178757662152,2000,0,ok
qwen,C_clean,7,qwen_C_clean_L07,AND_auroc,topic,element_symb,0.8945473251028807,0.7945741452311986,0.97855066104211,2000,0,ok
qwen,C_clean,7,qwen_C_clean_L07,AND_auroc,topic,inventors,0.7757184506455643,0.6939574928224445,0.8634830941793088,2000,0,ok
qwen,C_clean,7,qwen_C_clean_L07,AND_auroc,topic,sp_en_trans,0.8840650230680508,0.8214296231995885,0.9495475206482366,2000,0,ok
qwen,C_clean,7,qwen_C_clean_L07,AND_auroc,topic_macro,all,0.841172447727289,0.8137160044426306,0.878716366890681,2000,0,ok
qwen,C_clean,7,qwen_C_clean_L07,OR_auroc,pooled,all,0.8168755634999221,0.782391634091159,0.8490983657667958,2000,0,ok
qwen,C_clean,7,qwen_C_clean_L07,OR_auroc,topic,animal_class,0.8411458333333334,0.7779169237354607,0.9175064159730479,2000,0,ok
qwen,C_clean,7,qwen_C_clean_L07,OR_auroc,topic,cities,0.8040478657117547,0.7560105303591441,0.8480133592459395,2000,0,ok
qwen,C_clean,7,qwen_C_clean_L07,OR_auroc,topic,element_symb,0.8935185185185185,0.8163767954332468,0.9669487907459824,2000,0,ok
qwen,C_clean,7,qwen_C_clean_L07,OR_auroc,topic,inventors,0.7634319033735943,0.6834411434195978,0.8585711438347762,2000,0,ok
qwen,C_clean,7,qwen_C_clean_L07,OR_auroc,topic,sp_en_trans,0.8671604671280276,0.8053259262140018,0.9339661822768988,2000,0,ok
qwen,C_clean,7,qwen_C_clean_L07,OR_auroc,topic_macro,all,0.8338609176130458,0.8068219976406215,0.87120481980795,2000,0,ok
qwen,C_clean,7,qwen_C_clean_L07,OR_mixed_vs_FF_auroc,pooled,all,0.7676471029495604,0.733520403258297,0.8026907219919884,2000,0,ok
qwen,C_clean,7,qwen_C_clean_L07,OR_mixed_vs_FF_auroc,topic,animal_class,0.7803955078125,0.7079303841731668,0.8808341906721536,2000,0,ok
qwen,C_clean,7,qwen_C_clean_L07,OR_mixed_vs_FF_auroc,topic,cities,0.7573800166659159,0.7107694146027649,0.803844746436046,2000,0,ok
qwen,C_clean,7,qwen_C_clean_L07,OR_mixed_vs_FF_auroc,topic,element_symb,0.8577353395061729,0.7663677621006225,0.9508965944407244,2000,0,ok
qwen,C_clean,7,qwen_C_clean_L07,OR_mixed_vs_FF_auroc,topic,inventors,0.7134527280299875,0.6383704972561473,0.8180474038461538,2000,0,ok
qwen,C_clean,7,qwen_C_clean_L07,OR_mixed_vs_FF_auroc,topic,sp_en_trans,0.8169874567474048,0.746552163113958,0.9023125899329271,2000,0,ok
qwen,C_clean,7,qwen_C_clean_L07,OR_mixed_vs_FF_auroc,topic_macro,all,0.7851902097523962,0.75664384448405,0.8293903010024626,2000,0,ok
qwen,R0,8,qwen_R0_L08,atomic_auroc,pooled,all,0.9777257885609836,0.9696765438180711,0.9848593947048673,2000,0,ok
qwen,R0,8,qwen_R0_L08,atomic_auroc,topic,animal_class,0.9365234375,0.8573974609375,0.9912109375,2000,0,ok
qwen,R0,8,qwen_R0_L08,atomic_auroc,topic,cities,0.9907436601954867,0.984651310751768,0.9955745236701049,2000,0,ok
qwen,R0,8,qwen_R0_L08,atomic_auroc,topic,element_symb,0.9328703703703703,0.871141975308642,0.9876543209876543,2000,0,ok
qwen,R0,8,qwen_R0_L08,atomic_auroc,topic,inventors,0.9128981955892181,0.8648941625478317,0.9536095628004807,2000,0,ok
qwen,R0,8,qwen_R0_L08,atomic_auroc,topic,sp_en_trans,0.9951210358416214,0.983984375,1.0,2000,0,ok
qwen,R0,8,qwen_R0_L08,atomic_auroc,topic_macro,all,0.9536313398993392,0.9318903782291866,0.9723524604989287,2000,0,ok
qwen,R0,8,qwen_R0_L08,AND_auroc,pooled,all,0.6640283082357077,0.6261746329424308,0.7005666303683289,2000,0,ok
qwen,R0,8,qwen_R0_L08,AND_auroc,topic,animal_class,0.682373046875,0.515355512649828,0.8711100523385152,2000,0,ok
qwen,R0,8,qwen_R0_L08,AND_auroc,topic,cities,0.6657554839872077,0.6187384433633443,0.713176610424383,2000,0,ok
qwen,R0,8,qwen_R0_L08,AND_auroc,topic,element_symb,0.632201646090535,0.5301989795918368,0.7421155880055285,2000,0,ok
qwen,R0,8,qwen_R0_L08,AND_auroc,topic,inventors,0.6863459669582118,0.5417673718412367,0.8359454938271604,2000,0,ok
qwen,R0,8,qwen_R0_L08,AND_auroc,topic,sp_en_trans,0.7576232698961938,0.6765668775533927,0.8359134364537052,2000,0,ok
qwen,R0,8,qwen_R0_L08,AND_auroc,topic_macro,all,0.6848598827614296,0.631197887929348,0.7425043516807891,2000,0,ok
qwen,R0,8,qwen_R0_L08,OR_auroc,pooled,all,0.5423362581747675,0.5067889470877108,0.5789032348029158,2000,0,ok
qwen,R0,8,qwen_R0_L08,OR_auroc,topic,animal_class,0.6056315104166666,0.46994504173638124,0.7392071799307958,2000,0,ok
qwen,R0,8,qwen_R0_L08,OR_auroc,topic,cities,0.5258068330255394,0.4668877518488554,0.5805957797589516,2000,0,ok
qwen,R0,8,qwen_R0_L08,OR_auroc,topic,element_symb,0.5707304526748971,0.42912621786078575,0.6939125312468115,2000,0,ok
qwen,R0,8,qwen_R0_L08,OR_auroc,topic,inventors,0.5657712064417604,0.4636851463191587,0.6562238581730768,2000,0,ok
qwen,R0,8,qwen_R0_L08,OR_auroc,topic,sp_en_trans,0.6770653114186851,0.6036314648867562,0.7558121859172205,2000,0,ok
qwen,R0,8,qwen_R0_L08,OR_auroc,topic_macro,all,0.5890010627955098,0.5422008108395711,0.6365355481146685,2000,0,ok
qwen,R0,8,qwen_R0_L08,OR_mixed_vs_FF_auroc,pooled,all,0.525420186978383,0.4944593869849989,0.5550851951887158,2000,0,ok
qwen,R0,8,qwen_R0_L08,OR_mixed_vs_FF_auroc,topic,animal_class,0.5694580078125,0.37830208333333337,0.7449248318142359,2000,0,ok
qwen,R0,8,qwen_R0_L08,OR_mixed_vs_FF_auroc,topic,cities,0.5154511621098149,0.46724040333107686,0.5594492518400046,2000,0,ok
qwen,R0,8,qwen_R0_L08,OR_mixed_vs_FF_auroc,topic,element_symb,0.5369405864197531,0.4135695130993574,0.638996658151713,2000,0,ok
qwen,R0,8,qwen_R0_L08,OR_mixed_vs_FF_auroc,topic,inventors,0.5350895460224906,0.428240028217674,0.6283814894543662,2000,0,ok
qwen,R0,8,qwen_R0_L08,OR_mixed_vs_FF_auroc,topic,sp_en_trans,0.6252162629757786,0.5705519176759928,0.6908370709294023,2000,0,ok
qwen,R0,8,qwen_R0_L08,OR_mixed_vs_FF_auroc,topic_macro,all,0.5564311130680675,0.5055683810980262,0.6045347402508713,2000,0,ok
qwen,C_clean,8,qwen_C_clean_L08,atomic_auroc,pooled,all,0.516728116358637,0.5039968603541,0.5292122113466295,2000,0,ok
qwen,C_clean,8,qwen_C_clean_L08,atomic_auroc,topic,animal_class,0.5478515625,0.4794677734375,0.611328125,2000,0,ok
qwen,C_clean,8,qwen_C_clean_L08,atomic_auroc,topic,cities,0.5066776271339128,0.49796152200351335,0.5161839556776722,2000,0,ok
qwen,C_clean,8,qwen_C_clean_L08,atomic_auroc,topic,element_symb,0.48996913580246915,0.4645061728395062,0.5162037037037037,2000,0,ok
qwen,C_clean,8,qwen_C_clean_L08,atomic_auroc,topic,inventors,0.6221875696146135,0.5748648096745395,0.6783558596737849,2000,0,ok
qwen,C_clean,8,qwen_C_clean_L08,atomic_auroc,topic,sp_en_trans,0.5254269093638582,0.4220575810728161,0.6248959949215144,2000,0,ok
qwen,C_clean,8,qwen_C_clean_L08,atomic_auroc,topic_macro,all,0.5384225608829707,0.5111115787237954,0.5648792107285369,2000,0,ok
qwen,C_clean,8,qwen_C_clean_L08,AND_auroc,pooled,all,0.8525359103944035,0.8185161655356701,0.8812151553356393,2000,0,ok
qwen,C_clean,8,qwen_C_clean_L08,AND_auroc,topic,animal_class,0.8929036458333334,0.8266048704536445,0.9466440488135941,2000,0,ok
qwen,C_clean,8,qwen_C_clean_L08,AND_auroc,topic,cities,0.8325347581940753,0.7859273666068585,0.8743186934327659,2000,0,ok
qwen,C_clean,8,qwen_C_clean_L08,AND_auroc,topic,element_symb,0.9214248971193416,0.8487906831231565,0.9836774659863946,2000,0,ok
qwen,C_clean,8,qwen_C_clean_L08,AND_auroc,topic,inventors,0.8340621963070942,0.7559709823126519,0.9092540779773995,2000,0,ok
qwen,C_clean,8,qwen_C_clean_L08,AND_auroc,topic,sp_en_trans,0.9138011822376009,0.8511182474603994,0.9667373335798817,2000,0,ok
qwen,C_clean,8,qwen_C_clean_L08,AND_auroc,topic_macro,all,0.8789453359382889,0.8519190994119905,0.9083600915835089,2000,0,ok
qwen,C_clean,8,qwen_C_clean_L08,OR_auroc,pooled,all,0.840247146957922,0.8087720339186927,0.868031268317511,2000,0,ok
qwen,C_clean,8,qwen_C_clean_L08,OR_auroc,topic,animal_class,0.830322265625,0.7604069832254456,0.9038923250403557,2000,0,ok
qwen,C_clean,8,qwen_C_clean_L08,OR_auroc,topic,cities,0.8320036259627944,0.7862504474677948,0.8715947640017154,2000,0,ok
qwen,C_clean,8,qwen_C_clean_L08,OR_auroc,topic,element_symb,0.9151234567901234,0.8651325131348654,0.9696509244579499,2000,0,ok
qwen,C_clean,8,qwen_C_clean_L08,OR_auroc,topic,inventors,0.7868943495765653,0.7032793953040399,0.8713721673525378,2000,0,ok
qwen,C_clean,8,qwen_C_clean_L08,OR_auroc,topic,sp_en_trans,0.8841551326412919,0.8402533723467566,0.9342920037329274,2000,0,ok
qwen,C_clean,8,qwen_C_clean_L08,OR_auroc,topic_macro,all,0.849699766119155,0.824960988608163,0.8820569351094927,2000,0,ok
qwen,C_clean,8,qwen_C_clean_L08,OR_mixed_vs_FF_auroc,pooled,all,0.7898234593144126,0.7570780577752111,0.8208092800050041,2000,0,ok
qwen,C_clean,8,qwen_C_clean_L08,OR_mixed_vs_FF_auroc,topic,animal_class,0.769775390625,0.6868588189407995,0.8632955753407849,2000,0,ok
qwen,C_clean,8,qwen_C_clean_L08,OR_mixed_vs_FF_auroc,topic,cities,0.7831727737489302,0.7381165296965839,0.8269653623204977,2000,0,ok
qwen,C_clean,8,qwen_C_clean_L08,OR_mixed_vs_FF_auroc,topic,element_symb,0.8794367283950617,0.8101871946740129,0.9556337986583522,2000,0,ok
qwen,C_clean,8,qwen_C_clean_L08,OR_mixed_vs_FF_auroc,topic,inventors,0.7302686380674719,0.6491217197516026,0.821608650729068,2000,0,ok
qwen,C_clean,8,qwen_C_clean_L08,OR_mixed_vs_FF_auroc,topic,sp_en_trans,0.8341803633217993,0.7799871028122718,0.9020703368854981,2000,0,ok
qwen,C_clean,8,qwen_C_clean_L08,OR_mixed_vs_FF_auroc,topic_macro,all,0.7993667788316526,0.7724140717115691,0.8385360517967624,2000,0,ok
qwen,R0,9,qwen_R0_L09,atomic_auroc,pooled,all,0.9977151650549142,0.9960784226742039,0.9990079411993426,2000,0,ok
qwen,R0,9,qwen_R0_L09,atomic_auroc,topic,animal_class,0.9892578125,0.9619140625,1.0,2000,0,ok
qwen,R0,9,qwen_R0_L09,atomic_auroc,topic,cities,0.9995495698391964,0.9988511215711005,0.9999436962298995,2000,0,ok
qwen,R0,9,qwen_R0_L09,atomic_auroc,topic,element_symb,0.9930555555555556,0.9791666666666666,1.0,2000,0,ok
qwen,R0,9,qwen_R0_L09,atomic_auroc,topic,inventors,0.9875250612608599,0.9710204081632653,0.9985819696009048,2000,0,ok
qwen,R0,9,qwen_R0_L09,atomic_auroc,topic,sp_en_trans,0.9992493901294802,0.9971064814814815,1.0,2000,0,ok
qwen,R0,9,qwen_R0_L09,atomic_auroc,topic_macro,all,0.9937274778570184,0.98680025380568,0.9982967811075485,2000,0,ok
qwen,R0,9,qwen_R0_L09,AND_auroc,pooled,all,0.6944530175018968,0.6609670477257761,0.7269388619090702,2000,0,ok
qwen,R0,9,qwen_R0_L09,AND_auroc,topic,animal_class,0.650146484375,0.5288112713056137,0.790364602355734,2000,0,ok
qwen,R0,9,qwen_R0_L09,AND_auroc,topic,cities,0.6920972028287015,0.6438674932228909,0.738424349338967,2000,0,ok
qwen,R0,9,qwen_R0_L09,AND_auroc,topic,element_symb,0.8491512345679012,0.7917889135437213,0.9141602950049966,2000,0,ok
qwen,R0,9,qwen_R0_L09,AND_auroc,topic,inventors,0.5616409829237817,0.4760094274295663,0.6516442960718144,2000,0,ok
qwen,R0,9,qwen_R0_L09,AND_auroc,topic,sp_en_trans,0.8196006343713956,0.7565723143477201,0.8800105027797047,2000,0,ok
qwen,R0,9,qwen_R0_L09,AND_auroc,topic_macro,all,0.7145273078133559,0.6802646854302455,0.7556975305938787,2000,0,ok
qwen,R0,9,qwen_R0_L09,OR_auroc,pooled,all,0.5416146925058618,0.5214111241031895,0.5629370295028703,2000,0,ok
qwen,R0,9,qwen_R0_L09,OR_auroc,topic,animal_class,0.6060384114583334,0.5171717399409544,0.7213176506582621,2000,0,ok
qwen,R0,9,qwen_R0_L09,OR_auroc,topic,cities,0.5522189315796586,0.5116546591995526,0.5927310498241531,2000,0,ok
qwen,R0,9,qwen_R0_L09,OR_auroc,topic,element_symb,0.6694958847736625,0.588740558105433,0.7747599826388888,2000,0,ok
qwen,R0,9,qwen_R0_L09,OR_auroc,topic,inventors,0.41972094960433154,0.3454704881997869,0.49508542340818185,2000,0,ok
qwen,R0,9,qwen_R0_L09,OR_auroc,topic,sp_en_trans,0.7140282583621684,0.6382491519075181,0.7821447936885487,2000,0,ok
qwen,R0,9,qwen_R0_L09,OR_auroc,topic_macro,all,0.592300487155631,0.5627179147792799,0.6308958441497863,2000,0,ok
qwen,R0,9,qwen_R0_L09,OR_mixed_vs_FF_auroc,pooled,all,0.5250129667493967,0.5092276275559614,0.5415119856802432,2000,0,ok
qwen,R0,9,qwen_R0_L09,OR_mixed_vs_FF_auroc,topic,animal_class,0.5816650390625,0.49537372117443385,0.6937570590494865,2000,0,ok
qwen,R0,9,qwen_R0_L09,OR_mixed_vs_FF_auroc,topic,cities,0.5313949822080086,0.49979877669619655,0.5626315071817045,2000,0,ok
qwen,R0,9,qwen_R0_L09,OR_mixed_vs_FF_auroc,topic,element_symb,0.5936535493827161,0.5021677652994792,0.7014374999999997,2000,0,ok
qwen,R0,9,qwen_R0_L09,OR_mixed_vs_FF_auroc,topic,inventors,0.4400770512286547,0.38108415113108257,0.5086342072263592,2000,0,ok
qwen,R0,9,qwen_R0_L09,OR_mixed_vs_FF_auroc,topic,sp_en_trans,0.644112240484429,0.5827011027615838,0.708618359308646,2000,0,ok
qwen,R0,9,qwen_R0_L09,OR_mixed_vs_FF_auroc,topic_macro,all,0.5581805724732617,0.5300909656087014,0.5955288227117114,2000,0,ok
qwen,C_clean,9,qwen_C_clean_L09,atomic_auroc,pooled,all,0.5661625708884688,0.5562471642405216,0.5765307025710275,2000,0,ok
qwen,C_clean,9,qwen_C_clean_L09,atomic_auroc,topic,animal_class,0.59765625,0.5390625,0.6709228515624999,2000,0,ok
qwen,C_clean,9,qwen_C_clean_L09,atomic_auroc,topic,cities,0.5630602225124994,0.5509974212873294,0.5763836651502184,2000,0,ok
qwen,C_clean,9,qwen_C_clean_L09,atomic_auroc,topic,element_symb,0.5416666666666666,0.4984567901234568,0.5810185185185185,2000,0,ok
qwen,C_clean,9,qwen_C_clean_L09,atomic_auroc,topic,inventors,0.5994653597683226,0.5540852762024785,0.6467708632433907,2000,0,ok
qwen,C_clean,9,qwen_C_clean_L09,atomic_auroc,topic,sp_en_trans,0.5805967348470632,0.5461224327858499,0.6183335893439021,2000,0,ok
qwen,C_clean,9,qwen_C_clean_L09,atomic_auroc,topic_macro,all,0.5764890467589103,0.5585414746689351,0.59890752273139,2000,0,ok
qwen,C_clean,9,qwen_C_clean_L09,AND_auroc,pooled,all,0.9450884953855518,0.9253143178592083,0.9609703807848191,2000,0,ok
qwen,C_clean,9,qwen_C_clean_L09,AND_auroc,topic,animal_class,0.9164225260416666,0.8444347839980701,0.9807848760405846,2000,0,ok
qwen,C_clean,9,qwen_C_clean_L09,AND_auroc,topic,cities,0.949412939357086,0.9232379490535105,0.968949176645211,2000,0,ok
qwen,C_clean,9,qwen_C_clean_L09,AND_auroc,topic,element_symb,0.9902263374485597,0.9768229166666668,1.0,2000,0,ok
qwen,C_clean,9,qwen_C_clean_L09,AND_auroc,topic,inventors,0.8815424128835208,0.8032147581254724,0.9514790868388172,2000,0,ok
qwen,C_clean,9,qwen_C_clean_L09,AND_auroc,topic,sp_en_trans,0.9612528835063437,0.9285263334789381,0.9886501233305466,2000,0,ok
qwen,C_clean,9,qwen_C_clean_L09,AND_auroc,topic_macro,all,0.9397714198474354,0.9195059539411322,0.9624205760633909,2000,0,ok
qwen,C_clean,9,qwen_C_clean_L09,OR_auroc,pooled,all,0.9321713982799589,0.9141824593910102,0.9483191793997311,2000,0,ok
qwen,C_clean,9,qwen_C_clean_L09,OR_auroc,topic,animal_class,0.8626302083333334,0.7515578231292517,0.955315792730063,2000,0,ok
qwen,C_clean,9,qwen_C_clean_L09,OR_auroc,topic,cities,0.9425513865741784,0.917366973670996,0.962127931336948,2000,0,ok
qwen,C_clean,9,qwen_C_clean_L09,OR_auroc,topic,element_symb,0.9715149176954733,0.945195462968034,0.994155264621042,2000,0,ok
qwen,C_clean,9,qwen_C_clean_L09,OR_auroc,topic,inventors,0.8500971817298348,0.7896701732568027,0.9128112869573909,2000,0,ok
qwen,C_clean,9,qwen_C_clean_L09,OR_auroc,topic,sp_en_trans,0.9528366493656286,0.9163832286787701,0.9842155376039305,2000,0,ok
qwen,C_clean,9,qwen_C_clean_L09,OR_auroc,topic_macro,all,0.9159260687396896,0.8907729916753669,0.9409870835452597,2000,0,ok
qwen,C_clean,9,qwen_C_clean_L09,OR_mixed_vs_FF_auroc,pooled,all,0.9012791001718898,0.8770888181205347,0.9237945147726881,2000,0,ok
qwen,C_clean,9,qwen_C_clean_L09,OR_mixed_vs_FF_auroc,topic,animal_class,0.8131103515625,0.6864185912569685,0.9343152104591836,2000,0,ok
qwen,C_clean,9,qwen_C_clean_L09,OR_mixed_vs_FF_auroc,topic,cities,0.9153022386378992,0.8806699791060236,0.9435448476548666,2000,0,ok
qwen,C_clean,9,qwen_C_clean_L09,OR_mixed_vs_FF_auroc,topic,element_symb,0.9573688271604939,0.9183939200680272,0.9912328969315629,2000,0,ok
qwen,C_clean,9,qwen_C_clean_L09,OR_mixed_vs_FF_auroc,topic,inventors,0.7944085797584339,0.7280992488854603,0.8739888903461698,2000,0,ok
qwen,C_clean,9,qwen_C_clean_L09,OR_mixed_vs_FF_auroc,topic,sp_en_trans,0.9300118944636678,0.8764954429463523,0.9763233064058956,2000,0,ok
qwen,C_clean,9,qwen_C_clean_L09,OR_mixed_vs_FF_auroc,topic_macro,all,0.882040378316599,0.852064063073646,0.9146461176333619,2000,0,ok
qwen,R0,10,qwen_R0_L10,atomic_auroc,pooled,all,0.9992188598478339,0.9983376165808674,0.9997891486480892,2000,0,ok
qwen,R0,10,qwen_R0_L10,atomic_auroc,topic,animal_class,0.986328125,0.9638671875,0.9990234375,2000,0,ok
qwen,R0,10,qwen_R0_L10,atomic_auroc,topic,cities,0.9999211747218594,0.999628395117337,1.0,2000,0,ok
qwen,R0,10,qwen_R0_L10,atomic_auroc,topic,element_symb,1.0,1.0,1.0,2000,0,ok
qwen,R0,10,qwen_R0_L10,atomic_auroc,topic,inventors,0.9955446647360214,0.9855948638013129,1.0,2000,0,ok
qwen,R0,10,qwen_R0_L10,atomic_auroc,topic,sp_en_trans,0.99981234753237,0.9988740851942203,1.0,2000,0,ok
qwen,R0,10,qwen_R0_L10,atomic_auroc,topic_macro,all,0.9963212623980502,0.991552571448269,0.9991919613789604,2000,0,ok
qwen,R0,10,qwen_R0_L10,AND_auroc,pooled,all,0.6601082777156231,0.6211122485619206,0.6990227599725741,2000,0,ok
qwen,R0,10,qwen_R0_L10,AND_auroc,topic,animal_class,0.48828125,0.23123256481963234,0.7231520015854142,2000,0,ok
qwen,R0,10,qwen_R0_L10,AND_auroc,topic,cities,0.6641686560665435,0.6094051506417225,0.7154917097207292,2000,0,ok
qwen,R0,10,qwen_R0_L10,AND_auroc,topic,element_symb,0.892039609053498,0.8562202144142902,0.940522748611816,2000,0,ok
qwen,R0,10,qwen_R0_L10,AND_auroc,topic,inventors,0.5888865750381785,0.4299819895201035,0.7322021783272119,2000,0,ok
qwen,R0,10,qwen_R0_L10,AND_auroc,topic,sp_en_trans,0.7139741926182238,0.6433428390785394,0.7876072750693619,2000,0,ok
qwen,R0,10,qwen_R0_L10,AND_auroc,topic_macro,all,0.6694700565552887,0.6096216450574671,0.7327352017456131,2000,0,ok
qwen,R0,10,qwen_R0_L10,OR_auroc,pooled,all,0.393735524035281,0.3609738276317866,0.4233979829859774,2000,0,ok
qwen,R0,10,qwen_R0_L10,OR_auroc,topic,animal_class,0.4690755208333333,0.35726099356380314,0.5890256753254671,2000,0,ok
qwen,R0,10,qwen_R0_L10,OR_auroc,topic,cities,0.29362040748915214,0.2505232505116621,0.34473294164455015,2000,0,ok
qwen,R0,10,qwen_R0_L10,OR_auroc,topic,element_symb,0.6909722222222222,0.6320595902223763,0.7730988282636255,2000,0,ok
qwen,R0,10,qwen_R0_L10,OR_auroc,topic,inventors,0.34516867971678467,0.25091431744073595,0.45543715564738285,2000,0,ok
qwen,R0,10,qwen_R0_L10,OR_auroc,topic,sp_en_trans,0.5049920703575548,0.419865071214765,0.5833845723378546,2000,0,ok
qwen,R0,10,qwen_R0_L10,OR_auroc,topic_macro,all,0.4607657801238094,0.4243493770970017,0.5008116337810817,2000,0,ok
qwen,R0,10,qwen_R0_L10,OR_mixed_vs_FF_auroc,pooled,all,0.4174302045960161,0.38882091520268436,0.4454513398354455,2000,0,ok
qwen,R0,10,qwen_R0_L10,OR_mixed_vs_FF_auroc,topic,animal_class,0.4898681640625,0.34790171747711435,0.6662581714705547,2000,0,ok
qwen,R0,10,qwen_R0_L10,OR_mixed_vs_FF_auroc,topic,cities,0.3415048871672447,0.29808648816439015,0.38991622590333874,2000,0,ok
qwen,R0,10,qwen_R0_L10,OR_mixed_vs_FF_auroc,topic,element_symb,0.5960648148148148,0.5344213094898831,0.6900181891210929,2000,0,ok
qwen,R0,10,qwen_R0_L10,OR_mixed_vs_FF_auroc,topic,inventors,0.3753644314868805,0.2986576237631981,0.4611264869833641,2000,0,ok
qwen,R0,10,qwen_R0_L10,OR_mixed_vs_FF_auroc,topic,sp_en_trans,0.4742376730103806,0.3999867974198409,0.537397461953694,2000,0,ok
qwen,R0,10,qwen_R0_L10,OR_mixed_vs_FF_auroc,topic_macro,all,0.4554079941083641,0.41814974667993243,0.5015548216403272,2000,0,ok
qwen,C_clean,10,qwen_C_clean_L10,atomic_auroc,pooled,all,0.5377407864519052,0.5256167820069204,0.5500279704896974,2000,0,ok
qwen,C_clean,10,qwen_C_clean_L10,atomic_auroc,topic,animal_class,0.5966796875,0.5517578125,0.6494140625,2000,0,ok
qwen,C_clean,10,qwen_C_clean_L10,atomic_auroc,topic,cities,0.5287149227512274,0.5188921670195037,0.5383662335029953,2000,0,ok
qwen,C_clean,10,qwen_C_clean_L10,atomic_auroc,topic,element_symb,0.5871913580246914,0.531616512345679,0.6389274691358022,2000,0,ok
qwen,C_clean,10,qwen_C_clean_L10,atomic_auroc,topic,inventors,0.6010247271107151,0.5493419660592869,0.6497962866144453,2000,0,ok
qwen,C_clean,10,qwen_C_clean_L10,atomic_auroc,topic,sp_en_trans,0.533120660536686,0.47644439980521064,0.5938664199334469,2000,0,ok
qwen,C_clean,10,qwen_C_clean_L10,atomic_auroc,topic_macro,all,0.569346271184664,0.5499403201346739,0.5920009551381823,2000,0,ok
qwen,C_clean,10,qwen_C_clean_L10,AND_auroc,pooled,all,0.9563759971537449,0.9420234644934422,0.9684575357468437,2000,0,ok
qwen,C_clean,10,qwen_C_clean_L10,AND_auroc,topic,animal_class,0.9256184895833334,0.8543899263074501,0.9794567741305494,2000,0,ok
qwen,C_clean,10,qwen_C_clean_L10,AND_auroc,topic,cities,0.9664570289626594,0.9493564573797427,0.9790320521166712,2000,0,ok
qwen,C_clean,10,qwen_C_clean_L10,AND_auroc,topic,element_symb,0.995434670781893,0.9853871933270858,1.0,2000,0,ok
qwen,C_clean,10,qwen_C_clean_L10,AND_auroc,topic,inventors,0.8760932944606414,0.8039056090486058,0.9393764444986978,2000,0,ok
qwen,C_clean,10,qwen_C_clean_L10,AND_auroc,topic,sp_en_trans,0.962640570934256,0.9215690063143247,0.9917559835213382,2000,0,ok
qwen,C_clean,10,qwen_C_clean_L10,AND_auroc,topic_macro,all,0.9452488109445566,0.9252181328267246,0.9644906898467677,2000,0,ok
qwen,C_clean,10,qwen_C_clean_L10,OR_auroc,pooled,all,0.935707784479051,0.9164820950554285,0.9534551583163711,2000,0,ok
qwen,C_clean,10,qwen_C_clean_L10,OR_auroc,topic,animal_class,0.85205078125,0.7413665663531037,0.9464039694280078,2000,0,ok
qwen,C_clean,10,qwen_C_clean_L10,OR_auroc,topic,cities,0.9551202648529346,0.9318767558447845,0.9737342496502656,2000,0,ok
qwen,C_clean,10,qwen_C_clean_L10,OR_auroc,topic,element_symb,0.9650205761316872,0.905790892525223,0.9984889189524403,2000,0,ok
qwen,C_clean,10,qwen_C_clean_L10,OR_auroc,topic,inventors,0.8446827710676107,0.7653046354166667,0.9124294704861111,2000,0,ok
qwen,C_clean,10,qwen_C_clean_L10,OR_auroc,topic,sp_en_trans,0.9401852652825836,0.8938436809228049,0.9827626028707359,2000,0,ok
qwen,C_clean,10,qwen_C_clean_L10,OR_auroc,topic_macro,all,0.9114119317169633,0.8837828890053797,0.9399354090648211,2000,0,ok
qwen,C_clean,10,qwen_C_clean_L10,OR_mixed_vs_FF_auroc,pooled,all,0.9068799857687246,0.8808085770090137,0.9318203261039986,2000,0,ok
qwen,C_clean,10,qwen_C_clean_L10,OR_mixed_vs_FF_auroc,topic,animal_class,0.8067626953125,0.6907931705915469,0.9236220521204914,2000,0,ok
qwen,C_clean,10,qwen_C_clean_L10,OR_mixed_vs_FF_auroc,topic,cities,0.9333701184631323,0.8996285587095812,0.9606125760471648,2000,0,ok
qwen,C_clean,10,qwen_C_clean_L10,OR_mixed_vs_FF_auroc,topic,element_symb,0.9475308641975309,0.8586863387878345,0.9977333784286604,2000,0,ok
qwen,C_clean,10,qwen_C_clean_L10,OR_mixed_vs_FF_auroc,topic,inventors,0.7898271553519367,0.6978396779716867,0.8739950138447583,2000,0,ok
qwen,C_clean,10,qwen_C_clean_L10,OR_mixed_vs_FF_auroc,topic,sp_en_trans,0.9119539359861591,0.8483277359765455,0.9741453635100793,2000,0,ok
qwen,C_clean,10,qwen_C_clean_L10,OR_mixed_vs_FF_auroc,topic_macro,all,0.8778889538622519,0.8458140262493975,0.915158078210958,2000,0,ok
qwen,R0,11,qwen_R0_L11,atomic_auroc,pooled,all,0.9997734693558719,0.9993450371074575,0.9999881427142908,2000,0,ok
qwen,R0,11,qwen_R0_L11,atomic_auroc,topic,animal_class,1.0,1.0,1.0,2000,0,ok
qwen,R0,11,qwen_R0_L11,atomic_auroc,topic,cities,0.9998423494437187,0.9993463132291338,1.0,2000,0,ok
qwen,R0,11,qwen_R0_L11,atomic_auroc,topic,element_symb,1.0,1.0,1.0,2000,0,ok
qwen,R0,11,qwen_R0_L11,atomic_auroc,topic,inventors,0.9995544664736021,0.9971064814814815,1.0,2000,0,ok
qwen,R0,11,qwen_R0_L11,atomic_auroc,topic,sp_en_trans,0.99962469506474,0.9971555555555556,1.0,2000,0,ok
qwen,R0,11,qwen_R0_L11,atomic_auroc,topic_macro,all,0.9998043021964123,0.9991478413879726,0.999997747849196,2000,0,ok
qwen,R0,11,qwen_R0_L11,AND_auroc,pooled,all,0.8258976348363332,0.7982743214687338,0.8535251249126558,2000,0,ok
qwen,R0,11,qwen_R0_L11,AND_auroc,topic,animal_class,0.87353515625,0.7625090466742253,0.9797283281368103,2000,0,ok
qwen,R0,11,qwen_R0_L11,AND_auroc,topic,cities,0.8286713811690164,0.7902972234272411,0.8669806649793158,2000,0,ok
qwen,R0,11,qwen_R0_L11,AND_auroc,topic,element_symb,0.9651491769547325,0.938198125,0.991493729844879,2000,0,ok
qwen,R0,11,qwen_R0_L11,AND_auroc,topic,inventors,0.7428849090656671,0.663520973226584,0.8364078782859421,2000,0,ok
qwen,R0,11,qwen_R0_L11,AND_auroc,topic,sp_en_trans,0.9021950692041523,0.8743238006314304,0.9337542593876255,2000,0,ok
qwen,R0,11,qwen_R0_L11,AND_auroc,topic_macro,all,0.8624871385287136,0.8350089171216876,0.895878153947919,2000,0,ok
qwen,R0,11,qwen_R0_L11,OR_auroc,pooled,all,0.6151586658607993,0.588240295616754,0.6405888816528192,2000,0,ok
qwen,R0,11,qwen_R0_L11,OR_auroc,topic,animal_class,0.6226399739583334,0.5150873957008518,0.7551987338531821,2000,0,ok
qwen,R0,11,qwen_R0_L11,OR_auroc,topic,cities,0.57133406152876,0.5285644983751978,0.6124097794733461,2000,0,ok
qwen,R0,11,qwen_R0_L11,OR_auroc,topic,element_symb,0.7629243827160493,0.6656590448563856,0.8572204137853489,2000,0,ok
qwen,R0,11,qwen_R0_L11,OR_auroc,topic,inventors,0.5874982646119672,0.48255610762288553,0.706189771073038,2000,0,ok
qwen,R0,11,qwen_R0_L11,OR_auroc,topic,sp_en_trans,0.7972354382929643,0.7530712618610346,0.8378313539417086,2000,0,ok
qwen,R0,11,qwen_R0_L11,OR_auroc,topic_macro,all,0.6683264242216148,0.63276396981147,0.711358282958407,2000,0,ok
qwen,R0,11,qwen_R0_L11,OR_mixed_vs_FF_auroc,pooled,all,0.5669293237143629,0.5434285236255727,0.5887444401896053,2000,0,ok
qwen,R0,11,qwen_R0_L11,OR_mixed_vs_FF_auroc,topic,animal_class,0.5692138671875,0.4259519341138659,0.7141834270799183,2000,0,ok
qwen,R0,11,qwen_R0_L11,OR_mixed_vs_FF_auroc,topic,cities,0.5375278703661998,0.5026912332411633,0.5696514627033414,2000,0,ok
qwen,R0,11,qwen_R0_L11,OR_mixed_vs_FF_auroc,topic,element_symb,0.6742862654320988,0.5682839890338589,0.7913836420798788,2000,0,ok
qwen,R0,11,qwen_R0_L11,OR_mixed_vs_FF_auroc,topic,inventors,0.5880362349021241,0.4789530671535694,0.7108952794803394,2000,0,ok
qwen,R0,11,qwen_R0_L11,OR_mixed_vs_FF_auroc,topic,sp_en_trans,0.7171550605536332,0.6657749368686868,0.7670308177984775,2000,0,ok
qwen,R0,11,qwen_R0_L11,OR_mixed_vs_FF_auroc,topic_macro,all,0.6172438596883112,0.576550986338634,0.6643805209046697,2000,0,ok
qwen,C_clean,11,qwen_C_clean_L11,atomic_auroc,pooled,all,0.5953576840756769,0.5830095522329417,0.6084633592278362,2000,0,ok
qwen,C_clean,11,qwen_C_clean_L11,atomic_auroc,topic,animal_class,0.611328125,0.564453125,0.66015625,2000,0,ok
qwen,C_clean,11,qwen_C_clean_L11,atomic_auroc,topic,cities,0.5832507544705193,0.5677103508850952,0.599883451195892,2000,0,ok
qwen,C_clean,11,qwen_C_clean_L11,atomic_auroc,topic,element_symb,0.5401234567901234,0.5123456790123457,0.5709876543209876,2000,0,ok
qwen,C_clean,11,qwen_C_clean_L11,atomic_auroc,topic,inventors,0.7050568055246157,0.6658098977355734,0.7500733801040298,2000,0,ok
qwen,C_clean,11,qwen_C_clean_L11,atomic_auroc,topic,sp_en_trans,0.5809720397823231,0.5265306122448979,0.6407494588816153,2000,0,ok
qwen,C_clean,11,qwen_C_clean_L11,atomic_auroc,topic_macro,all,0.6041462363135164,0.5870995567636577,0.624095223489512,2000,0,ok
qwen,C_clean,11,qwen_C_clean_L11,AND_auroc,pooled,all,0.9750488307064057,0.9642045164460744,0.9841223816242826,2000,0,ok
qwen,C_clean,11,qwen_C_clean_L11,AND_auroc,topic,animal_class,0.9659016927083334,0.9220741477711122,0.9961427626606199,2000,0,ok
qwen,C_clean,11,qwen_C_clean_L11,AND_auroc,topic,cities,0.9844545290752669,0.9735268274984284,0.9922063350780902,2000,0,ok
qwen,C_clean,11,qwen_C_clean_L11,AND_auroc,topic,element_symb,0.9971064814814815,0.9907407407407407,1.0,2000,0,ok
qwen,C_clean,11,qwen_C_clean_L11,AND_auroc,topic,inventors,0.8961196723587395,0.8177476657711014,0.9586682421720174,2000,0,ok
qwen,C_clean,11,qwen_C_clean_L11,AND_auroc,topic,sp_en_trans,0.9818699538638985,0.9596619788152864,0.9976610766238568,2000,0,ok
qwen,C_clean,11,qwen_C_clean_L11,AND_auroc,topic_macro,all,0.9650904658975439,0.9477221903938294,0.9806599069022596,2000,0,ok
qwen,C_clean,11,qwen_C_clean_L11,OR_auroc,pooled,all,0.9523916687027678,0.934639823654914,0.9675860805871214,2000,0,ok
qwen,C_clean,11,qwen_C_clean_L11,OR_auroc,topic,animal_class,0.8980305989583334,0.8402520775623269,0.9634707809251762,2000,0,ok
qwen,C_clean,11,qwen_C_clean_L11,OR_auroc,topic,cities,0.9606502334729666,0.9375222696009029,0.9781132107167617,2000,0,ok
qwen,C_clean,11,qwen_C_clean_L11,OR_auroc,topic,element_symb,0.9794881687242798,0.9384865451388889,0.9992685456264362,2000,0,ok
qwen,C_clean,11,qwen_C_clean_L11,OR_auroc,topic,inventors,0.8860544217687075,0.8180451591986981,0.9512252895958885,2000,0,ok
qwen,C_clean,11,qwen_C_clean_L11,OR_auroc,topic,sp_en_trans,0.967902970011534,0.9309033551897321,0.9930849909695283,2000,0,ok
qwen,C_clean,11,qwen_C_clean_L11,OR_auroc,topic_macro,all,0.9384252785871643,0.9191687808593639,0.9597813575755632,2000,0,ok
qwen,C_clean,11,qwen_C_clean_L11,OR_mixed_vs_FF_auroc,pooled,all,0.929733613672312,0.9040111957278565,0.9516746376601831,2000,0,ok
qwen,C_clean,11,qwen_C_clean_L11,OR_mixed_vs_FF_auroc,topic,animal_class,0.847900390625,0.7639146977483172,0.9454716238377013,2000,0,ok
qwen,C_clean,11,qwen_C_clean_L11,OR_mixed_vs_FF_auroc,topic,cities,0.9414468942840413,0.9075244346349495,0.9673574490946866,2000,0,ok
qwen,C_clean,11,qwen_C_clean_L11,OR_mixed_vs_FF_auroc,topic,element_symb,0.9692322530864198,0.9077298177083333,0.9989028184396543,2000,0,ok
qwen,C_clean,11,qwen_C_clean_L11,OR_mixed_vs_FF_auroc,topic,inventors,0.8395460224906289,0.75546630859375,0.9275760523494168,2000,0,ok
qwen,C_clean,11,qwen_C_clean_L11,OR_mixed_vs_FF_auroc,topic,sp_en_trans,0.9524762110726643,0.8985559805037233,0.9896364845570581,2000,0,ok
qwen,C_clean,11,qwen_C_clean_L11,OR_mixed_vs_FF_auroc,topic_macro,all,0.9101203543117509,0.8833307698786252,0.9403109276096953,2000,0,ok
qwen,R0,12,qwen_R0_L12,atomic_auroc,pooled,all,0.999769563655111,0.9993526403252988,0.9999919372235931,2000,0,ok
qwen,R0,12,qwen_R0_L12,atomic_auroc,topic,animal_class,1.0,1.0,1.0,2000,0,ok
qwen,R0,12,qwen_R0_L12,atomic_auroc,topic,cities,0.9998310886896986,0.9993130940047745,1.0,2000,0,ok
qwen,R0,12,qwen_R0_L12,atomic_auroc,topic,element_symb,1.0,1.0,1.0,2000,0,ok
qwen,R0,12,qwen_R0_L12,atomic_auroc,topic,inventors,0.9991089329472043,0.9953218979728224,1.0,2000,0,ok
qwen,R0,12,qwen_R0_L12,atomic_auroc,topic,sp_en_trans,0.99981234753237,0.9981632653061224,1.0,2000,0,ok
qwen,R0,12,qwen_R0_L12,atomic_auroc,topic_macro,all,0.9997504738338547,0.9989460195309566,0.999997747849196,2000,0,ok
qwen,R0,12,qwen_R0_L12,AND_auroc,pooled,all,0.8975805403026575,0.8759628447007973,0.9184796407140563,2000,0,ok
qwen,R0,12,qwen_R0_L12,AND_auroc,topic,animal_class,0.901611328125,0.763696135224677,0.9881212316345713,2000,0,ok
qwen,R0,12,qwen_R0_L12,AND_auroc,topic,cities,0.9578763343993514,0.9387245337020387,0.9738467349556602,2000,0,ok
qwen,R0,12,qwen_R0_L12,AND_auroc,topic,element_symb,0.9573688271604939,0.934181897329171,0.9870393518518519,2000,0,ok
qwen,R0,12,qwen_R0_L12,AND_auroc,topic,inventors,0.7958142440649729,0.6945958220884245,0.8957310787059921,2000,0,ok
qwen,R0,12,qwen_R0_L12,AND_auroc,topic,sp_en_trans,0.926038062283737,0.8998290201924081,0.9596036216271673,2000,0,ok
qwen,R0,12,qwen_R0_L12,AND_auroc,topic_macro,all,0.9077417592067111,0.8748251141557983,0.9390151195827869,2000,0,ok
qwen,R0,12,qwen_R0_L12,OR_auroc,pooled,all,0.724858080178091,0.7003862868460026,0.7506073020509002,2000,0,ok
qwen,R0,12,qwen_R0_L12,OR_auroc,topic,animal_class,0.789306640625,0.6970620293301625,0.8945578231292517,2000,0,ok
qwen,R0,12,qwen_R0_L12,OR_auroc,topic,cities,0.7696856748194526,0.7354644453564948,0.8051743219662663,2000,0,ok
qwen,R0,12,qwen_R0_L12,OR_auroc,topic,element_symb,0.7890946502057613,0.7247107798696039,0.876677499136847,2000,0,ok
qwen,R0,12,qwen_R0_L12,OR_auroc,topic,inventors,0.6744759128141052,0.5726295572916666,0.7779525372078159,2000,0,ok
qwen,R0,12,qwen_R0_L12,OR_auroc,topic,sp_en_trans,0.7698241061130334,0.7209606178317436,0.8241415158375152,2000,0,ok
qwen,R0,12,qwen_R0_L12,OR_auroc,topic_macro,all,0.7584773969154706,0.7280896349324775,0.7985551593425338,2000,0,ok
qwen,R0,12,qwen_R0_L12,OR_mixed_vs_FF_auroc,pooled,all,0.6527815284904132,0.6296390455082687,0.6785906811158677,2000,0,ok
qwen,R0,12,qwen_R0_L12,OR_mixed_vs_FF_auroc,topic,animal_class,0.7115478515625,0.5911788082253622,0.8445260599236689,2000,0,ok
qwen,R0,12,qwen_R0_L12,OR_mixed_vs_FF_auroc,topic,cities,0.6967858992838161,0.6613943532622313,0.737574241317074,2000,0,ok
qwen,R0,12,qwen_R0_L12,OR_mixed_vs_FF_auroc,topic,element_symb,0.7092013888888888,0.635,0.8219074725851578,2000,0,ok
qwen,R0,12,qwen_R0_L12,OR_mixed_vs_FF_auroc,topic,inventors,0.6483756768013328,0.560842734368673,0.749485547086097,2000,0,ok
qwen,R0,12,qwen_R0_L12,OR_mixed_vs_FF_auroc,topic,sp_en_trans,0.6913386678200693,0.6463544093433921,0.7527854920266882,2000,0,ok
qwen,R0,12,qwen_R0_L12,OR_mixed_vs_FF_auroc,topic_macro,all,0.6914498968713214,0.6590384673197118,0.7384514185900422,2000,0,ok
qwen,C_clean,12,qwen_C_clean_L12,atomic_auroc,pooled,all,0.6551344342201878,0.6449317300570578,0.6654903774009604,2000,0,ok
qwen,C_clean,12,qwen_C_clean_L12,atomic_auroc,topic,animal_class,0.642578125,0.6015625,0.6806640625,2000,0,ok
qwen,C_clean,12,qwen_C_clean_L12,atomic_auroc,topic,cities,0.6150060808071709,0.6022800211702176,0.6278337687491555,2000,0,ok
qwen,C_clean,12,qwen_C_clean_L12,atomic_auroc,topic,element_symb,0.6512345679012346,0.6064814814814815,0.6952160493827161,2000,0,ok
qwen,C_clean,12,qwen_C_clean_L12,atomic_auroc,topic,inventors,0.7095121407885944,0.675722471230464,0.7502845042767278,2000,0,ok
qwen,C_clean,12,qwen_C_clean_L12,atomic_auroc,topic,sp_en_trans,0.7650591105273035,0.7378425455524049,0.8026693131695022,2000,0,ok
qwen,C_clean,12,qwen_C_clean_L12,atomic_auroc,topic_macro,all,0.6766780050048606,0.6623163606276664,0.6932379936973929,2000,0,ok
qwen,C_clean,12,qwen_C_clean_L12,AND_auroc,pooled,all,0.9861320079386512,0.978909537804507,0.9920541076409563,2000,0,ok
qwen,C_clean,12,qwen_C_clean_L12,AND_auroc,topic,animal_class,0.9810384114583334,0.956295490656165,0.999630292324549,2000,0,ok
qwen,C_clean,12,qwen_C_clean_L12,AND_auroc,topic,cities,0.9908872348092428,0.984023690269588,0.9956915716394237,2000,0,ok
qwen,C_clean,12,qwen_C_clean_L12,AND_auroc,topic,element_symb,0.9993569958847737,0.9973985431841832,1.0,2000,0,ok
qwen,C_clean,12,qwen_C_clean_L12,AND_auroc,topic,inventors,0.9381160627516313,0.8721800411522633,0.9849309234911914,2000,0,ok
qwen,C_clean,12,qwen_C_clean_L12,AND_auroc,topic,sp_en_trans,0.9870422433679354,0.9652280329043552,0.9990099970391519,2000,0,ok
qwen,C_clean,12,qwen_C_clean_L12,AND_auroc,topic_macro,all,0.9792881896543832,0.9652545156594277,0.9908862257447125,2000,0,ok
qwen,C_clean,12,qwen_C_clean_L12,OR_auroc,pooled,all,0.960111706938604,0.9463650516337444,0.9718902122287627,2000,0,ok
qwen,C_clean,12,qwen_C_clean_L12,OR_auroc,topic,animal_class,0.922607421875,0.8747857851473924,0.9724172453703703,2000,0,ok
qwen,C_clean,12,qwen_C_clean_L12,OR_auroc,topic,cities,0.9604841373511703,0.941753133671831,0.9745114568722625,2000,0,ok
qwen,C_clean,12,qwen_C_clean_L12,OR_auroc,topic,element_symb,0.9899691358024691,0.9677906627928949,1.0,2000,0,ok
qwen,C_clean,12,qwen_C_clean_L12,OR_auroc,topic,inventors,0.9203109815354713,0.8540729526534859,0.977066199268823,2000,0,ok
qwen,C_clean,12,qwen_C_clean_L12,OR_auroc,topic,sp_en_trans,0.9829873125720877,0.9642475149985048,0.9954866467568871,2000,0,ok
qwen,C_clean,12,qwen_C_clean_L12,OR_auroc,topic_macro,all,0.9552717978272398,0.9393225791450702,0.97264950631211,2000,0,ok
qwen,C_clean,12,qwen_C_clean_L12,OR_mixed_vs_FF_auroc,pooled,all,0.9409294908889831,0.921162159223393,0.9581196081673676,2000,0,ok
qwen,C_clean,12,qwen_C_clean_L12,OR_mixed_vs_FF_auroc,topic,animal_class,0.8843994140625,0.8135846088435373,0.9586258680555555,2000,0,ok
qwen,C_clean,12,qwen_C_clean_L12,OR_mixed_vs_FF_auroc,topic,cities,0.9412948741047701,0.9142126226130843,0.9620126475809434,2000,0,ok
qwen,C_clean,12,qwen_C_clean_L12,OR_mixed_vs_FF_auroc,topic,element_symb,0.9849537037037037,0.9516859941893424,1.0,2000,0,ok
qwen,C_clean,12,qwen_C_clean_L12,OR_mixed_vs_FF_auroc,topic,inventors,0.8858808829654311,0.7995258362587342,0.9655992989032345,2000,0,ok
qwen,C_clean,12,qwen_C_clean_L12,OR_mixed_vs_FF_auroc,topic,sp_en_trans,0.9744809688581315,0.9463712724977571,0.9932299701353309,2000,0,ok
qwen,C_clean,12,qwen_C_clean_L12,OR_mixed_vs_FF_auroc,topic_macro,all,0.9342019687389073,0.9122182607328061,0.9592090655217924,2000,0,ok
qwen,R0,13,qwen_R0_L13,atomic_auroc,pooled,all,0.9997070724429377,0.9990773319444114,1.0,2000,0,ok
qwen,R0,13,qwen_R0_L13,atomic_auroc,topic,animal_class,1.0,1.0,1.0,2000,0,ok
qwen,R0,13,qwen_R0_L13,atomic_auroc,topic,cities,0.9997860456736183,0.9991216611864331,1.0,2000,0,ok
qwen,R0,13,qwen_R0_L13,atomic_auroc,topic,element_symb,1.0,1.0,1.0,2000,0,ok
qwen,R0,13,qwen_R0_L13,atomic_auroc,topic,inventors,0.9991089329472043,0.9955446647360214,1.0,2000,0,ok
qwen,R0,13,qwen_R0_L13,atomic_auroc,topic,sp_en_trans,1.0,1.0,1.0,2000,0,ok
qwen,R0,13,qwen_R0_L13,atomic_auroc,topic_macro,all,0.9997789957241645,0.999068304126411,1.0,2000,0,ok
qwen,R0,13,qwen_R0_L13,AND_auroc,pooled,all,0.9110627447786508,0.8923866311435188,0.9300371496087982,2000,0,ok
qwen,R0,13,qwen_R0_L13,AND_auroc,topic,animal_class,0.9385579427083334,0.8976285204475308,0.9810784196369314,2000,0,ok
qwen,R0,13,qwen_R0_L13,AND_auroc,topic,cities,0.9438097758359233,0.9222693174438502,0.9627693755594839,2000,0,ok
qwen,R0,13,qwen_R0_L13,AND_auroc,topic,element_symb,0.9414866255144033,0.9212021755642361,0.9762408557588547,2000,0,ok
qwen,R0,13,qwen_R0_L13,AND_auroc,topic,inventors,0.8282660002776621,0.768902990005601,0.8820754041428772,2000,0,ok
qwen,R0,13,qwen_R0_L13,AND_auroc,topic,sp_en_trans,0.9361303344867359,0.9112791390020867,0.9655096366797957,2000,0,ok
qwen,R0,13,qwen_R0_L13,AND_auroc,topic_macro,all,0.9176501357646115,0.9037414185434183,0.9360741662598328,2000,0,ok
qwen,R0,13,qwen_R0_L13,OR_auroc,pooled,all,0.7581786968095366,0.7345044243594722,0.7842715759792457,2000,0,ok
qwen,R0,13,qwen_R0_L13,OR_auroc,topic,animal_class,0.792236328125,0.6977519723865878,0.8941541577487118,2000,0,ok
qwen,R0,13,qwen_R0_L13,OR_auroc,topic,cities,0.8057519931534616,0.7684476491156073,0.8395157293885066,2000,0,ok
qwen,R0,13,qwen_R0_L13,OR_auroc,topic,element_symb,0.8378343621399177,0.7831288752900722,0.9029700246983166,2000,0,ok
qwen,R0,13,qwen_R0_L13,OR_auroc,topic,inventors,0.8086214077467722,0.6790439256311913,0.9004685068983663,2000,0,ok
qwen,R0,13,qwen_R0_L13,OR_auroc,topic,sp_en_trans,0.8452998846597463,0.8135947863247863,0.8840955375852254,2000,0,ok
qwen,R0,13,qwen_R0_L13,OR_auroc,topic_macro,all,0.8179487951649795,0.7843856517399876,0.8527340832890952,2000,0,ok
qwen,R0,13,qwen_R0_L13,OR_mixed_vs_FF_auroc,pooled,all,0.6943533557090132,0.6704590977514286,0.7223197902778586,2000,0,ok
qwen,R0,13,qwen_R0_L13,OR_mixed_vs_FF_auroc,topic,animal_class,0.722412109375,0.5959877027734171,0.8482600308641974,2000,0,ok
qwen,R0,13,qwen_R0_L13,OR_mixed_vs_FF_auroc,topic,cities,0.7480659654970497,0.7078203469131052,0.78586197092419,2000,0,ok
qwen,R0,13,qwen_R0_L13,OR_mixed_vs_FF_auroc,topic,element_symb,0.7698688271604939,0.6989691214516853,0.8573685013138138,2000,0,ok
qwen,R0,13,qwen_R0_L13,OR_mixed_vs_FF_auroc,topic,inventors,0.7581216159933362,0.632096723258463,0.8641945629163121,2000,0,ok
qwen,R0,13,qwen_R0_L13,OR_mixed_vs_FF_auroc,topic,sp_en_trans,0.772166955017301,0.7281962384103736,0.8286094386726561,2000,0,ok
qwen,R0,13,qwen_R0_L13,OR_mixed_vs_FF_auroc,topic_macro,all,0.7541270946086363,0.7149335154217896,0.7963530538503321,2000,0,ok
qwen,C_clean,13,qwen_C_clean_L13,atomic_auroc,pooled,all,0.6856301457607524,0.6740575482681134,0.697099203707555,2000,0,ok
qwen,C_clean,13,qwen_C_clean_L13,atomic_auroc,topic,animal_class,0.6533203125,0.6142578125,0.6943359375,2000,0,ok
qwen,C_clean,13,qwen_C_clean_L13,atomic_auroc,topic,cities,0.6926940227917662,0.6794057700103598,0.7056022251249944,2000,0,ok
qwen,C_clean,13,qwen_C_clean_L13,atomic_auroc,topic,element_symb,0.6651234567901234,0.6087962962962963,0.7160493827160493,2000,0,ok
qwen,C_clean,13,qwen_C_clean_L13,atomic_auroc,topic,inventors,0.7126308754733793,0.66917302247427,0.7644605445716267,2000,0,ok
qwen,C_clean,13,qwen_C_clean_L13,atomic_auroc,topic,sp_en_trans,0.6770501032088572,0.6506601591395005,0.7119536734413017,2000,0,ok
qwen,C_clean,13,qwen_C_clean_L13,atomic_auroc,topic_macro,all,0.6801637541528253,0.6646842622862875,0.6991702233643041,2000,0,ok
qwen,C_clean,13,qwen_C_clean_L13,AND_auroc,pooled,all,0.9876126464028165,0.9809732882253163,0.9927543914350557,2000,0,ok
qwen,C_clean,13,qwen_C_clean_L13,AND_auroc,topic,animal_class,0.9867350260416666,0.9645134779559305,1.0,2000,0,ok
qwen,C_clean,13,qwen_C_clean_L13,AND_auroc,topic,cities,0.9905953936008889,0.9834980579553776,0.9954940822188011,2000,0,ok
qwen,C_clean,13,qwen_C_clean_L13,AND_auroc,topic,element_symb,0.9987139917695473,0.9953703703703703,1.0,2000,0,ok
qwen,C_clean,13,qwen_C_clean_L13,AND_auroc,topic,inventors,0.9603637373316674,0.9180780062497589,0.9904014655244814,2000,0,ok
qwen,C_clean,13,qwen_C_clean_L13,AND_auroc,topic,sp_en_trans,0.9920703575547867,0.9712233049253153,0.9998673594828092,2000,0,ok
qwen,C_clean,13,qwen_C_clean_L13,AND_auroc,topic_macro,all,0.9856957012597114,0.9762282029669124,0.9934760066052902,2000,0,ok
qwen,C_clean,13,qwen_C_clean_L13,OR_auroc,pooled,all,0.9615162595178798,0.9471343496243746,0.9735264333006309,2000,0,ok
qwen,C_clean,13,qwen_C_clean_L13,OR_auroc,topic,animal_class,0.9485677083333334,0.894569133417008,0.9892487970088695,2000,0,ok
qwen,C_clean,13,qwen_C_clean_L13,OR_auroc,topic,cities,0.9643343768298726,0.9467119348749253,0.9775913242757575,2000,0,ok
qwen,C_clean,13,qwen_C_clean_L13,OR_auroc,topic,element_symb,0.9856610082304527,0.9637635367738568,0.9997571215866434,2000,0,ok
qwen,C_clean,13,qwen_C_clean_L13,OR_auroc,topic,inventors,0.9145147855060392,0.8550312575296329,0.9751536281476814,2000,0,ok
qwen,C_clean,13,qwen_C_clean_L13,OR_auroc,topic,sp_en_trans,0.9753279988465975,0.9441417712610193,0.9956433428473888,2000,0,ok
qwen,C_clean,13,qwen_C_clean_L13,OR_auroc,topic_macro,all,0.957681175549259,0.9421147765239982,0.9756035838606419,2000,0,ok
qwen,C_clean,13,qwen_C_clean_L13,OR_mixed_vs_FF_auroc,pooled,all,0.943078113412977,0.9225481460968087,0.9607465966141392,2000,0,ok
qwen,C_clean,13,qwen_C_clean_L13,OR_mixed_vs_FF_auroc,topic,animal_class,0.923095703125,0.8427393723847866,0.9838731955133042,2000,0,ok
qwen,C_clean,13,qwen_C_clean_L13,OR_mixed_vs_FF_auroc,topic,cities,0.9471983243998018,0.9220219264400132,0.9666679846424849,2000,0,ok
qwen,C_clean,13,qwen_C_clean_L13,OR_mixed_vs_FF_auroc,topic,element_symb,0.978491512345679,0.9456453051607853,0.9996356823799651,2000,0,ok
qwen,C_clean,13,qwen_C_clean_L13,OR_mixed_vs_FF_auroc,topic,inventors,0.8765618492294878,0.7985759464538585,0.962730442221522,2000,0,ok
qwen,C_clean,13,qwen_C_clean_L13,OR_mixed_vs_FF_auroc,topic,sp_en_trans,0.9631541955017301,0.9172904691828254,0.9934650142710831,2000,0,ok
qwen,C_clean,13,qwen_C_clean_L13,OR_mixed_vs_FF_auroc,topic_macro,all,0.9377003169203398,0.9156732061848502,0.9637604797049312,2000,0,ok
qwen,R0,14,qwen_R0_L14,atomic_auroc,pooled,all,0.9997148838444594,0.9990512124910766,1.0,2000,0,ok
qwen,R0,14,qwen_R0_L14,atomic_auroc,topic,animal_class,1.0,1.0,1.0,2000,0,ok
qwen,R0,14,qwen_R0_L14,atomic_auroc,topic,cities,0.9997747849195983,0.9991441826944732,1.0,2000,0,ok
qwen,R0,14,qwen_R0_L14,atomic_auroc,topic,element_symb,1.0,1.0,1.0,2000,0,ok
qwen,R0,14,qwen_R0_L14,atomic_auroc,topic,inventors,1.0,1.0,1.0,2000,0,ok
qwen,R0,14,qwen_R0_L14,atomic_auroc,topic,sp_en_trans,1.0,1.0,1.0,2000,0,ok
qwen,R0,14,qwen_R0_L14,atomic_auroc,topic_macro,all,0.9999549569839197,0.9998288365388946,1.0,2000,0,ok
qwen,R0,14,qwen_R0_L14,AND_auroc,pooled,all,0.9338195685751721,0.9173022761815893,0.9493697109024806,2000,0,ok
qwen,R0,14,qwen_R0_L14,AND_auroc,topic,animal_class,0.96630859375,0.9300407788141486,0.9924807115207046,2000,0,ok
qwen,R0,14,qwen_R0_L14,AND_auroc,topic,cities,0.9535634656096572,0.9356810177087653,0.9695309878878827,2000,0,ok
qwen,R0,14,qwen_R0_L14,AND_auroc,topic,element_symb,0.9571759259259259,0.938718553322652,0.9822495984600081,2000,0,ok
qwen,R0,14,qwen_R0_L14,AND_auroc,topic,inventors,0.8018881021796473,0.7522015780642112,0.8455005301228696,2000,0,ok
qwen,R0,14,qwen_R0_L14,AND_auroc,topic,sp_en_trans,0.9685878027681661,0.9438047196918731,0.9899636643118785,2000,0,ok
qwen,R0,14,qwen_R0_L14,AND_auroc,topic_macro,all,0.9295047780466794,0.9166610382490037,0.942946914633761,2000,0,ok
qwen,R0,14,qwen_R0_L14,OR_auroc,pooled,all,0.8659548885716858,0.8481194451386186,0.887737930831203,2000,0,ok
qwen,R0,14,qwen_R0_L14,OR_auroc,topic,animal_class,0.87548828125,0.8447698399478977,0.9232088429752066,2000,0,ok
qwen,R0,14,qwen_R0_L14,OR_auroc,topic,cities,0.9301420356440401,0.9100978898211405,0.9477235585040164,2000,0,ok
qwen,R0,14,qwen_R0_L14,OR_auroc,topic,element_symb,0.8374485596707819,0.8010960005144033,0.8795088098761611,2000,0,ok
qwen,R0,14,qwen_R0_L14,OR_auroc,topic,inventors,0.7908163265306123,0.7132267982681756,0.8710179880401234,2000,0,ok
qwen,R0,14,qwen_R0_L14,OR_auroc,topic,sp_en_trans,0.8652321222606689,0.8240504941837463,0.9153048753612048,2000,0,ok
qwen,R0,14,qwen_R0_L14,OR_auroc,topic_macro,all,0.8598254650712207,0.8418216476060585,0.8843637403387021,2000,0,ok
qwen,R0,14,qwen_R0_L14,OR_mixed_vs_FF_auroc,pooled,all,0.811645105427174,0.7876663264432376,0.8404025097193873,2000,0,ok
qwen,R0,14,qwen_R0_L14,OR_mixed_vs_FF_auroc,topic,animal_class,0.813232421875,0.7671547599218465,0.8848132644628098,2000,0,ok
qwen,R0,14,qwen_R0_L14,OR_mixed_vs_FF_auroc,topic,cities,0.89836324940318,0.8703661625553614,0.9232527216410766,2000,0,ok
qwen,R0,14,qwen_R0_L14,OR_mixed_vs_FF_auroc,topic,element_symb,0.7601273148148148,0.7087914274745011,0.819337824437054,2000,0,ok
qwen,R0,14,qwen_R0_L14,OR_mixed_vs_FF_auroc,topic,inventors,0.7472407330279051,0.6486466804846939,0.8402603215430209,2000,0,ok
qwen,R0,14,qwen_R0_L14,OR_mixed_vs_FF_auroc,topic,sp_en_trans,0.798064446366782,0.7363624954022985,0.8729573130418071,2000,0,ok
qwen,R0,14,qwen_R0_L14,OR_mixed_vs_FF_auroc,topic_macro,all,0.8034056330975364,0.7795770273945939,0.8364833432478992,2000,0,ok
qwen,C_clean,14,qwen_C_clean_L14,atomic_auroc,pooled,all,0.7291357465356434,0.7145532394830874,0.7442035083777794,2000,0,ok
qwen,C_clean,14,qwen_C_clean_L14,atomic_auroc,topic,animal_class,0.767578125,0.708984375,0.8212890625,2000,0,ok
qwen,C_clean,14,qwen_C_clean_L14,atomic_auroc,topic,cities,0.7475676771316607,0.7272611594072339,0.7685245034007477,2000,0,ok
qwen,C_clean,14,qwen_C_clean_L14,atomic_auroc,topic,element_symb,0.6875,0.6504629629629629,0.7245370370370371,2000,0,ok
qwen,C_clean,14,qwen_C_clean_L14,atomic_auroc,topic,inventors,0.7375807529516596,0.6977048405790275,0.7856442160687115,2000,0,ok
qwen,C_clean,14,qwen_C_clean_L14,atomic_auroc,topic,sp_en_trans,0.6541565021580034,0.6205084845829222,0.6996219690674054,2000,0,ok
qwen,C_clean,14,qwen_C_clean_L14,atomic_auroc,topic_macro,all,0.7188766114482646,0.7009629598885898,0.737889680553437,2000,0,ok
qwen,C_clean,14,qwen_C_clean_L14,AND_auroc,pooled,all,0.989117217985703,0.9830295179646533,0.9937096691977284,2000,0,ok
qwen,C_clean,14,qwen_C_clean_L14,AND_auroc,topic,animal_class,0.9876302083333334,0.9672170138888889,1.0,2000,0,ok
qwen,C_clean,14,qwen_C_clean_L14,AND_auroc,topic,cities,0.9917308529645812,0.9851361496044128,0.9962638082568501,2000,0,ok
qwen,C_clean,14,qwen_C_clean_L14,AND_auroc,topic,element_symb,0.998070987654321,0.9927265518690466,1.0,2000,0,ok
qwen,C_clean,14,qwen_C_clean_L14,AND_auroc,topic,inventors,0.9538386783284742,0.9102867044738501,0.9863065734283046,2000,0,ok
qwen,C_clean,14,qwen_C_clean_L14,AND_auroc,topic,sp_en_trans,0.9982698961937716,0.9954405494710687,1.0,2000,0,ok
qwen,C_clean,14,qwen_C_clean_L14,AND_auroc,topic_macro,all,0.9859081246948962,0.976972379741213,0.9935751382978502,2000,0,ok
qwen,C_clean,14,qwen_C_clean_L14,OR_auroc,pooled,all,0.9676924329908397,0.9550369502738039,0.978483929914784,2000,0,ok
qwen,C_clean,14,qwen_C_clean_L14,OR_auroc,topic,animal_class,0.92822265625,0.876161734230023,0.9782822898582175,2000,0,ok
qwen,C_clean,14,qwen_C_clean_L14,OR_auroc,topic,cities,0.9733617479693107,0.9569177636977168,0.9849224888513602,2000,0,ok
qwen,C_clean,14,qwen_C_clean_L14,OR_auroc,topic,element_symb,0.9819958847736625,0.9634223894032922,0.9988904441550926,2000,0,ok
qwen,C_clean,14,qwen_C_clean_L14,OR_auroc,topic,inventors,0.9294738303484659,0.8748164628473598,0.9787200788751714,2000,0,ok
qwen,C_clean,14,qwen_C_clean_L14,OR_auroc,topic,sp_en_trans,0.9798875432525952,0.9515138015167282,0.9972494532230578,2000,0,ok
qwen,C_clean,14,qwen_C_clean_L14,OR_auroc,topic_macro,all,0.9585883325188067,0.9446678224329412,0.9760916371778721,2000,0,ok
qwen,C_clean,14,qwen_C_clean_L14,OR_mixed_vs_FF_auroc,pooled,all,0.9519249728877058,0.9335913106189112,0.9678900972304664,2000,0,ok
qwen,C_clean,14,qwen_C_clean_L14,OR_mixed_vs_FF_auroc,topic,animal_class,0.8934326171875,0.818515903686088,0.9674234347873263,2000,0,ok
qwen,C_clean,14,qwen_C_clean_L14,OR_mixed_vs_FF_auroc,topic,cities,0.9602790977883879,0.9360102736431842,0.9774323228683393,2000,0,ok
qwen,C_clean,14,qwen_C_clean_L14,OR_mixed_vs_FF_auroc,topic,element_symb,0.9729938271604939,0.9451335841049382,0.9983356662326388,2000,0,ok
qwen,C_clean,14,qwen_C_clean_L14,OR_mixed_vs_FF_auroc,topic,inventors,0.8961370262390671,0.8204815527387959,0.9681219135802468,2000,0,ok
qwen,C_clean,14,qwen_C_clean_L14,OR_mixed_vs_FF_auroc,topic,sp_en_trans,0.9698313148788927,0.9272707022750922,0.9958741798345868,2000,0,ok
qwen,C_clean,14,qwen_C_clean_L14,OR_mixed_vs_FF_auroc,topic_macro,all,0.9385347766508684,0.9182198842545117,0.9641923056018487,2000,0,ok
qwen,R0,15,qwen_R0_L15,atomic_auroc,pooled,all,0.9996797325376119,0.9989562034501662,1.0,2000,0,ok
qwen,R0,15,qwen_R0_L15,atomic_auroc,topic,animal_class,1.0,1.0,1.0,2000,0,ok
qwen,R0,15,qwen_R0_L15,atomic_auroc,topic,cities,0.999741002657538,0.9990312936354219,1.0,2000,0,ok
qwen,R0,15,qwen_R0_L15,atomic_auroc,topic,element_symb,1.0,1.0,1.0,2000,0,ok
qwen,R0,15,qwen_R0_L15,atomic_auroc,topic,inventors,1.0,1.0,1.0,2000,0,ok
qwen,R0,15,qwen_R0_L15,atomic_auroc,topic,sp_en_trans,1.0,1.0,1.0,2000,0,ok
qwen,R0,15,qwen_R0_L15,atomic_auroc,topic_macro,all,0.9999482005315077,0.9998062587270844,1.0,2000,0,ok
qwen,R0,15,qwen_R0_L15,AND_auroc,pooled,all,0.9045307894214186,0.8828848982548009,0.9252372877683547,2000,0,ok
qwen,R0,15,qwen_R0_L15,AND_auroc,topic,animal_class,0.9331868489583334,0.8720989430224999,0.988095591982334,2000,0,ok
qwen,R0,15,qwen_R0_L15,AND_auroc,topic,cities,0.9409720658228609,0.916622340057812,0.9614764947027232,2000,0,ok
qwen,R0,15,qwen_R0_L15,AND_auroc,topic,element_symb,0.9505529835390947,0.9308807634164777,0.9779208674648183,2000,0,ok
qwen,R0,15,qwen_R0_L15,AND_auroc,topic,inventors,0.8063306955435235,0.7228553631105239,0.8850323464972792,2000,0,ok
qwen,R0,15,qwen_R0_L15,AND_auroc,topic,sp_en_trans,0.9427804209919262,0.9066942860937387,0.9719624732514589,2000,0,ok
qwen,R0,15,qwen_R0_L15,AND_auroc,topic_macro,all,0.9147646029711478,0.8930087104742445,0.9376307862117631,2000,0,ok
qwen,R0,15,qwen_R0_L15,OR_auroc,pooled,all,0.870189978953144,0.852428510780622,0.8902913453658475,2000,0,ok
qwen,R0,15,qwen_R0_L15,OR_auroc,topic,animal_class,0.8938802083333334,0.8448090277777778,0.9573476286635628,2000,0,ok
qwen,R0,15,qwen_R0_L15,OR_auroc,topic,cities,0.9353294896626279,0.9164704528903044,0.9525562861602728,2000,0,ok
qwen,R0,15,qwen_R0_L15,OR_auroc,topic,element_symb,0.8651620370370371,0.8357053878943044,0.9128482946382056,2000,0,ok
qwen,R0,15,qwen_R0_L15,OR_auroc,topic,inventors,0.7379911148132723,0.6548183048729697,0.8275624888722821,2000,0,ok
qwen,R0,15,qwen_R0_L15,OR_auroc,topic,sp_en_trans,0.8415513264129181,0.8097874035602917,0.8787867974175347,2000,0,ok
qwen,R0,15,qwen_R0_L15,OR_auroc,topic_macro,all,0.8547828352518378,0.8347572616041591,0.8815541032406043,2000,0,ok
qwen,R0,15,qwen_R0_L15,OR_mixed_vs_FF_auroc,pooled,all,0.8180277467004445,0.7946202293255559,0.8451528609115747,2000,0,ok
qwen,R0,15,qwen_R0_L15,OR_mixed_vs_FF_auroc,topic,animal_class,0.8408203125,0.7672135416666667,0.9360214429953441,2000,0,ok
qwen,R0,15,qwen_R0_L15,OR_mixed_vs_FF_auroc,topic,cities,0.9044173122832305,0.8769273517051104,0.9298890316745474,2000,0,ok
qwen,R0,15,qwen_R0_L15,OR_mixed_vs_FF_auroc,topic,element_symb,0.7996720679012346,0.7605480963756887,0.8692724419573084,2000,0,ok
qwen,R0,15,qwen_R0_L15,OR_mixed_vs_FF_auroc,topic,inventors,0.6902852977925864,0.6145848656105376,0.7810090555407172,2000,0,ok
qwen,R0,15,qwen_R0_L15,OR_mixed_vs_FF_auroc,topic,sp_en_trans,0.7623269896193772,0.7146811053404374,0.8181801961263021,2000,0,ok
qwen,R0,15,qwen_R0_L15,OR_mixed_vs_FF_auroc,topic_macro,all,0.7995043960192858,0.7764180721201651,0.8340890404458235,2000,0,ok
qwen,C_clean,15,qwen_C_clean_L15,atomic_auroc,pooled,all,0.6659727538314925,0.6487781430579682,0.6836020189395242,2000,0,ok
qwen,C_clean,15,qwen_C_clean_L15,atomic_auroc,topic,animal_class,0.693359375,0.6533203125,0.732421875,2000,0,ok
qwen,C_clean,15,qwen_C_clean_L15,atomic_auroc,topic,cities,0.6239583802531418,0.6021662875546147,0.6447522071077879,2000,0,ok
qwen,C_clean,15,qwen_C_clean_L15,atomic_auroc,topic,element_symb,0.6658950617283951,0.6126543209876543,0.7199074074074074,2000,0,ok
qwen,C_clean,15,qwen_C_clean_L15,atomic_auroc,topic,inventors,0.6515927823568723,0.58591687280973,0.729004370877487,2000,0,ok
qwen,C_clean,15,qwen_C_clean_L15,atomic_auroc,topic,sp_en_trans,0.66654156502158,0.6082118810032456,0.7328430452465201,2000,0,ok
qwen,C_clean,15,qwen_C_clean_L15,atomic_auroc,topic_macro,all,0.6602694328719979,0.6372874138620483,0.6846250309538994,2000,0,ok
qwen,C_clean,15,qwen_C_clean_L15,AND_auroc,pooled,all,0.9919724033280609,0.9867793926994118,0.9957204046282908,2000,0,ok
qwen,C_clean,15,qwen_C_clean_L15,AND_auroc,topic,animal_class,0.9974772135416666,0.9887454086317723,1.0,2000,0,ok
qwen,C_clean,15,qwen_C_clean_L15,AND_auroc,topic,cities,0.9933261264507605,0.9875890257012864,0.9971154505686327,2000,0,ok
qwen,C_clean,15,qwen_C_clean_L15,AND_auroc,topic,element_symb,0.9991640946502057,0.9946427187096322,1.0,2000,0,ok
qwen,C_clean,15,qwen_C_clean_L15,AND_auroc,topic,inventors,0.9710537276134944,0.9324938761866821,0.9941369958162152,2000,0,ok
qwen,C_clean,15,qwen_C_clean_L15,AND_auroc,topic,sp_en_trans,0.9982338523644751,0.993743599671224,1.0,2000,0,ok
qwen,C_clean,15,qwen_C_clean_L15,AND_auroc,topic_macro,all,0.9918510029241204,0.9838192560140812,0.9969596114222012,2000,0,ok
qwen,C_clean,15,qwen_C_clean_L15,OR_auroc,pooled,all,0.9775350173675855,0.9664382009684125,0.9864482774329257,2000,0,ok
qwen,C_clean,15,qwen_C_clean_L15,OR_auroc,topic,animal_class,0.9442545572916666,0.8936288311711008,0.9846458570630802,2000,0,ok
qwen,C_clean,15,qwen_C_clean_L15,OR_auroc,topic,cities,0.9834129093284086,0.9695960210210977,0.9923482785014557,2000,0,ok
qwen,C_clean,15,qwen_C_clean_L15,OR_auroc,topic,element_symb,0.9906121399176955,0.9791646321614583,1.0,2000,0,ok
qwen,C_clean,15,qwen_C_clean_L15,OR_auroc,topic,inventors,0.9438081354990976,0.8854127022119204,0.9857394391025641,2000,0,ok
qwen,C_clean,15,qwen_C_clean_L15,OR_auroc,topic,sp_en_trans,0.979274798154556,0.9458966706634856,0.9975230709108851,2000,0,ok
qwen,C_clean,15,qwen_C_clean_L15,OR_auroc,topic_macro,all,0.9682725080382848,0.9538337234300392,0.9834740026588797,2000,0,ok
qwen,C_clean,15,qwen_C_clean_L15,OR_mixed_vs_FF_auroc,pooled,all,0.9664246921200742,0.9499951775032605,0.9796833737667039,2000,0,ok
qwen,C_clean,15,qwen_C_clean_L15,OR_mixed_vs_FF_auroc,topic,animal_class,0.91650390625,0.8410952262600057,0.9769687855946202,2000,0,ok
qwen,C_clean,15,qwen_C_clean_L15,OR_mixed_vs_FF_auroc,topic,cities,0.9751573690374308,0.954538425938422,0.988522791909581,2000,0,ok
qwen,C_clean,15,qwen_C_clean_L15,OR_mixed_vs_FF_auroc,topic,element_symb,0.9859182098765432,0.9687469482421875,1.0,2000,0,ok
qwen,C_clean,15,qwen_C_clean_L15,OR_mixed_vs_FF_auroc,topic,inventors,0.9165451895043731,0.8298575451259217,0.9786091586538461,2000,0,ok
qwen,C_clean,15,qwen_C_clean_L15,OR_mixed_vs_FF_auroc,topic,sp_en_trans,0.9689121972318339,0.9188450059952284,0.9962846063663278,2000,0,ok
qwen,C_clean,15,qwen_C_clean_L15,OR_mixed_vs_FF_auroc,topic_macro,all,0.9526073743800362,0.9310840879010208,0.9752346482169232,2000,0,ok
qwen,R0,16,qwen_R0_L16,atomic_auroc,pooled,all,0.9998398662688059,0.999430736456469,1.0,2000,0,ok
qwen,R0,16,qwen_R0_L16,atomic_auroc,topic,animal_class,1.0,1.0,1.0,2000,0,ok
qwen,R0,16,qwen_R0_L16,atomic_auroc,topic,cities,0.9998423494437187,0.999358137020855,1.0,2000,0,ok
qwen,R0,16,qwen_R0_L16,atomic_auroc,topic,element_symb,1.0,1.0,1.0,2000,0,ok
qwen,R0,16,qwen_R0_L16,atomic_auroc,topic,inventors,1.0,1.0,1.0,2000,0,ok
qwen,R0,16,qwen_R0_L16,atomic_auroc,topic,sp_en_trans,1.0,1.0,1.0,2000,0,ok
qwen,R0,16,qwen_R0_L16,atomic_auroc,topic_macro,all,0.9999684698887437,0.999871627404171,1.0,2000,0,ok
qwen,R0,16,qwen_R0_L16,AND_auroc,pooled,all,0.8819275662375852,0.8607829725270878,0.9027920238587046,2000,0,ok
qwen,R0,16,qwen_R0_L16,AND_auroc,topic,animal_class,0.8046875,0.6690157043499915,0.9201432778438366,2000,0,ok
qwen,R0,16,qwen_R0_L16,AND_auroc,topic,cities,0.9246758779634551,0.903699939498098,0.9442400330522234,2000,0,ok
qwen,R0,16,qwen_R0_L16,AND_auroc,topic,element_symb,0.9777520576131687,0.963667782562618,0.9967653801638177,2000,0,ok
qwen,R0,16,qwen_R0_L16,AND_auroc,topic,inventors,0.7415313064001111,0.6456629073765687,0.8285314539930555,2000,0,ok
qwen,R0,16,qwen_R0_L16,AND_auroc,topic,sp_en_trans,0.92832684544406,0.8808622148000904,0.9672558042401667,2000,0,ok
qwen,R0,16,qwen_R0_L16,AND_auroc,topic_macro,all,0.875394717484159,0.8430735537835441,0.9081765229002537,2000,0,ok
qwen,R0,16,qwen_R0_L16,OR_auroc,pooled,all,0.8353422864629994,0.8170608960154874,0.8577794289730007,2000,0,ok
qwen,R0,16,qwen_R0_L16,OR_auroc,topic,animal_class,0.8489583333333334,0.8063540582726327,0.8933955145892303,2000,0,ok
qwen,R0,16,qwen_R0_L16,OR_auroc,topic,cities,0.9063358632494032,0.8857064188671739,0.9267492770687824,2000,0,ok
qwen,R0,16,qwen_R0_L16,OR_auroc,topic,element_symb,0.864647633744856,0.8261703559027778,0.9155207376798286,2000,0,ok
qwen,R0,16,qwen_R0_L16,OR_auroc,topic,inventors,0.7769332222684993,0.6955449558878283,0.8575208425160697,2000,0,ok
qwen,R0,16,qwen_R0_L16,OR_auroc,topic,sp_en_trans,0.8484717416378316,0.8162763795892591,0.8843894724823679,2000,0,ok
qwen,R0,16,qwen_R0_L16,OR_auroc,topic_macro,all,0.8490693588467846,0.8290013393121858,0.8729008104539941,2000,0,ok
qwen,R0,16,qwen_R0_L16,OR_mixed_vs_FF_auroc,pooled,all,0.7736369910282954,0.7513641700034086,0.8021747901816895,2000,0,ok
qwen,R0,16,qwen_R0_L16,OR_mixed_vs_FF_auroc,topic,animal_class,0.7734375,0.709531087408949,0.8400932718838454,2000,0,ok
qwen,R0,16,qwen_R0_L16,OR_mixed_vs_FF_auroc,topic,cities,0.8635815954236296,0.8348350468295507,0.8932869148576171,2000,0,ok
qwen,R0,16,qwen_R0_L16,OR_mixed_vs_FF_auroc,topic,element_symb,0.800829475308642,0.7458898299779647,0.8734559809611747,2000,0,ok
qwen,R0,16,qwen_R0_L16,OR_mixed_vs_FF_auroc,topic,inventors,0.7403685964181591,0.6565266252215912,0.8272137422985908,2000,0,ok
qwen,R0,16,qwen_R0_L16,OR_mixed_vs_FF_auroc,topic,sp_en_trans,0.7727346453287197,0.7244145693838888,0.8265842087235518,2000,0,ok
qwen,R0,16,qwen_R0_L16,OR_mixed_vs_FF_auroc,topic_macro,all,0.79019036249583,0.765635544117846,0.8210717069296884,2000,0,ok
qwen,C_clean,16,qwen_C_clean_L16,atomic_auroc,pooled,all,0.7201135777781249,0.704325917557163,0.7351831370158033,2000,0,ok
qwen,C_clean,16,qwen_C_clean_L16,atomic_auroc,topic,animal_class,0.8232421875,0.7802490234375,0.8779296875,2000,0,ok
qwen,C_clean,16,qwen_C_clean_L16,atomic_auroc,topic,cities,0.7250236475834422,0.7005199653168777,0.7492013310211252,2000,0,ok
qwen,C_clean,16,qwen_C_clean_L16,atomic_auroc,topic,element_symb,0.6751543209876543,0.6280671296296296,0.7199074074074074,2000,0,ok
qwen,C_clean,16,qwen_C_clean_L16,atomic_auroc,topic,inventors,0.6836711962575184,0.653814777358018,0.7224431288536912,2000,0,ok
qwen,C_clean,16,qwen_C_clean_L16,atomic_auroc,topic,sp_en_trans,0.6312629011071496,0.5653632480327977,0.7034917585625181,2000,0,ok
qwen,C_clean,16,qwen_C_clean_L16,atomic_auroc,topic_macro,all,0.7076708506871527,0.6883210329552513,0.7305442303903874,2000,0,ok
qwen,C_clean,16,qwen_C_clean_L16,AND_auroc,pooled,all,0.9958517118252468,0.9927020908894636,0.9980379132040628,2000,0,ok
qwen,C_clean,16,qwen_C_clean_L16,AND_auroc,topic,animal_class,0.9986165364583334,0.995747925170068,1.0,2000,0,ok
qwen,C_clean,16,qwen_C_clean_L16,AND_auroc,topic,cities,0.9965269957809708,0.9925458273150989,0.9989440527261753,2000,0,ok
qwen,C_clean,16,qwen_C_clean_L16,AND_auroc,topic,element_symb,1.0,1.0,1.0,2000,0,ok
qwen,C_clean,16,qwen_C_clean_L16,AND_auroc,topic,inventors,0.9865333888657504,0.963063559302852,0.9981821531734726,2000,0,ok
qwen,C_clean,16,qwen_C_clean_L16,AND_auroc,topic,sp_en_trans,0.9974769319492502,0.9922796864963136,0.9999847532370051,2000,0,ok
qwen,C_clean,16,qwen_C_clean_L16,AND_auroc,topic_macro,all,0.9958307706108609,0.9911670498195131,0.9985883051972929,2000,0,ok
qwen,C_clean,16,qwen_C_clean_L16,OR_auroc,pooled,all,0.9851989735192543,0.9765297933451992,0.9918701448944924,2000,0,ok
qwen,C_clean,16,qwen_C_clean_L16,OR_auroc,topic,animal_class,0.9855143229166666,0.9600373387272259,0.999479180215921,2000,0,ok
qwen,C_clean,16,qwen_C_clean_L16,OR_auroc,topic,cities,0.9875690659579899,0.9763310702357618,0.994926816844242,2000,0,ok
qwen,C_clean,16,qwen_C_clean_L16,OR_auroc,topic,element_symb,0.995434670781893,0.9890724826388889,1.0,2000,0,ok
qwen,C_clean,16,qwen_C_clean_L16,OR_auroc,topic,inventors,0.9670623351381369,0.9271032794919027,0.9922641454655161,2000,0,ok
qwen,C_clean,16,qwen_C_clean_L16,OR_auroc,topic,sp_en_trans,0.9844831314878892,0.9546990456077461,0.998912641387916,2000,0,ok
qwen,C_clean,16,qwen_C_clean_L16,OR_auroc,topic_macro,all,0.9840127052565151,0.9745122962524313,0.9925198782900649,2000,0,ok
qwen,C_clean,16,qwen_C_clean_L16,OR_mixed_vs_FF_auroc,pooled,all,0.9778477553592325,0.9648816899247574,0.9878085904577735,2000,0,ok
qwen,C_clean,16,qwen_C_clean_L16,OR_mixed_vs_FF_auroc,topic,animal_class,0.978271484375,0.9400560080908388,0.9992187703238814,2000,0,ok
qwen,C_clean,16,qwen_C_clean_L16,OR_mixed_vs_FF_auroc,topic,cities,0.9813859736047926,0.9645647132363092,0.9924097927564923,2000,0,ok
qwen,C_clean,16,qwen_C_clean_L16,OR_mixed_vs_FF_auroc,topic,element_symb,0.9931520061728395,0.9836087239583333,1.0,2000,0,ok
qwen,C_clean,16,qwen_C_clean_L16,OR_mixed_vs_FF_auroc,topic,inventors,0.9505935027072053,0.8906549192378541,0.9883962181982742,2000,0,ok
qwen,C_clean,16,qwen_C_clean_L16,OR_mixed_vs_FF_auroc,topic,sp_en_trans,0.9767517301038062,0.9320531460483379,0.9983689620818741,2000,0,ok
qwen,C_clean,16,qwen_C_clean_L16,OR_mixed_vs_FF_auroc,topic_macro,all,0.9760309393927287,0.9617684849560361,0.9887798318966645,2000,0,ok
qwen,R0,17,qwen_R0_L17,atomic_auroc,pooled,all,0.9998398662688059,0.9994500261548779,1.0,2000,0,ok
qwen,R0,17,qwen_R0_L17,atomic_auroc,topic,animal_class,1.0,1.0,1.0,2000,0,ok
qwen,R0,17,qwen_R0_L17,atomic_auroc,topic,cities,0.999876131705779,0.9994929845502455,1.0,2000,0,ok
qwen,R0,17,qwen_R0_L17,atomic_auroc,topic,element_symb,1.0,1.0,1.0,2000,0,ok
qwen,R0,17,qwen_R0_L17,atomic_auroc,topic,inventors,1.0,1.0,1.0,2000,0,ok
qwen,R0,17,qwen_R0_L17,atomic_auroc,topic,sp_en_trans,1.0,1.0,1.0,2000,0,ok
qwen,R0,17,qwen_R0_L17,atomic_auroc,topic_macro,all,0.9999752263411559,0.9998985969100491,1.0,2000,0,ok
qwen,R0,17,qwen_R0_L17,AND_auroc,pooled,all,0.9315041286415847,0.9156690437205517,0.947360379010435,2000,0,ok
qwen,R0,17,qwen_R0_L17,AND_auroc,topic,animal_class,0.8611653645833334,0.7396498488284203,0.9546071244855967,2000,0,ok
qwen,R0,17,qwen_R0_L17,AND_auroc,topic,cities,0.9564809392970287,0.9414155342905935,0.9704975113203056,2000,0,ok
qwen,R0,17,qwen_R0_L17,AND_auroc,topic,element_symb,0.9814814814814815,0.970420524691358,0.9965564738292011,2000,0,ok
qwen,R0,17,qwen_R0_L17,AND_auroc,topic,inventors,0.7408371511870054,0.6484394538991317,0.8253236498681105,2000,0,ok
qwen,R0,17,qwen_R0_L17,AND_auroc,topic,sp_en_trans,0.96925461361015,0.931204020757299,0.9927580782312925,2000,0,ok
qwen,R0,17,qwen_R0_L17,AND_auroc,topic_macro,all,0.9018439100317999,0.872783806164445,0.9292978209061808,2000,0,ok
qwen,R0,17,qwen_R0_L17,OR_auroc,pooled,all,0.8375241295846211,0.8184999909380587,0.8575978937082874,2000,0,ok
qwen,R0,17,qwen_R0_L17,OR_auroc,topic,animal_class,0.8157552083333334,0.7604518094002307,0.8798711393229166,2000,0,ok
qwen,R0,17,qwen_R0_L17,OR_auroc,topic,cities,0.8824555575574674,0.8604206243366204,0.902484416878758,2000,0,ok
qwen,R0,17,qwen_R0_L17,OR_auroc,topic,element_symb,0.8866383744855967,0.8382358992249103,0.940370698769704,2000,0,ok
qwen,R0,17,qwen_R0_L17,OR_auroc,topic,inventors,0.7564556434818825,0.6690180045351475,0.8366536445350823,2000,0,ok
qwen,R0,17,qwen_R0_L17,OR_auroc,topic,sp_en_trans,0.845444059976932,0.8128567746951721,0.8819294822055301,2000,0,ok
qwen,R0,17,qwen_R0_L17,OR_auroc,topic_macro,all,0.8373497687670423,0.8150958275734855,0.8642887620348806,2000,0,ok
qwen,R0,17,qwen_R0_L17,OR_mixed_vs_FF_auroc,pooled,all,0.7651121570241203,0.7401614081475839,0.7918427349409857,2000,0,ok
qwen,R0,17,qwen_R0_L17,OR_mixed_vs_FF_auroc,topic,animal_class,0.7236328125,0.640677714100346,0.8198067089843749,2000,0,ok
qwen,R0,17,qwen_R0_L17,OR_mixed_vs_FF_auroc,topic,cities,0.8264971172469708,0.796009895114662,0.8554803411106984,2000,0,ok
qwen,R0,17,qwen_R0_L17,OR_mixed_vs_FF_auroc,topic,element_symb,0.8334297839506173,0.7646906804338858,0.9105797039825427,2000,0,ok
qwen,R0,17,qwen_R0_L17,OR_mixed_vs_FF_auroc,topic,inventors,0.717877967513536,0.6260480611944947,0.8003823397435897,2000,0,ok
qwen,R0,17,qwen_R0_L17,OR_mixed_vs_FF_auroc,topic,sp_en_trans,0.7682471885813149,0.719635989010989,0.8228942233082952,2000,0,ok
qwen,R0,17,qwen_R0_L17,OR_mixed_vs_FF_auroc,topic_macro,all,0.7739369739584878,0.7459466868782917,0.8089669948357995,2000,0,ok
qwen,C_clean,17,qwen_C_clean_L17,atomic_auroc,pooled,all,0.8018403661985033,0.787622348767956,0.8152337562475971,2000,0,ok
qwen,C_clean,17,qwen_C_clean_L17,atomic_auroc,topic,animal_class,0.8349609375,0.787109375,0.8876953125,2000,0,ok
qwen,C_clean,17,qwen_C_clean_L17,atomic_auroc,topic,cities,0.8493311112112067,0.8292737376694743,0.8696272127381649,2000,0,ok
qwen,C_clean,17,qwen_C_clean_L17,atomic_auroc,topic,element_symb,0.6512345679012346,0.6010802469135802,0.6998649691358024,2000,0,ok
qwen,C_clean,17,qwen_C_clean_L17,atomic_auroc,topic,inventors,0.7598574292715526,0.7158138800587545,0.8062478764921946,2000,0,ok
qwen,C_clean,17,qwen_C_clean_L17,atomic_auroc,topic,sp_en_trans,0.7661850253330831,0.7244315091452821,0.8152034623953949,2000,0,ok
qwen,C_clean,17,qwen_C_clean_L17,atomic_auroc,topic_macro,all,0.7723138142434154,0.7538200849139313,0.7929978967201416,2000,0,ok
qwen,C_clean,17,qwen_C_clean_L17,AND_auroc,pooled,all,0.9971444574469149,0.9947221283250748,0.9987759686342219,2000,0,ok
qwen,C_clean,17,qwen_C_clean_L17,AND_auroc,topic,animal_class,0.9995930989583334,0.9975998148148149,1.0,2000,0,ok
qwen,C_clean,17,qwen_C_clean_L17,AND_auroc,topic,cities,0.9978576415476781,0.995001515325186,0.9994879344258385,2000,0,ok
qwen,C_clean,17,qwen_C_clean_L17,AND_auroc,topic,element_symb,1.0,1.0,1.0,2000,0,ok
qwen,C_clean,17,qwen_C_clean_L17,AND_auroc,topic,inventors,0.9876787449673747,0.9640548427580354,0.9981139132473077,2000,0,ok
qwen,C_clean,17,qwen_C_clean_L17,AND_auroc,topic,sp_en_trans,0.9965758362168397,0.9886298409205942,0.9998700514391018,2000,0,ok
qwen,C_clean,17,qwen_C_clean_L17,AND_auroc,topic_macro,all,0.996341064338045,0.9914162381075664,0.998741073542634,2000,0,ok
qwen,C_clean,17,qwen_C_clean_L17,OR_auroc,pooled,all,0.9875808546480974,0.978196005318534,0.9938359947796543,2000,0,ok
qwen,C_clean,17,qwen_C_clean_L17,OR_auroc,topic,animal_class,0.985107421875,0.9627635070975986,0.9994088545164104,2000,0,ok
qwen,C_clean,17,qwen_C_clean_L17,OR_auroc,topic,cities,0.9897001636562918,0.9778278610872895,0.9967738182165589,2000,0,ok
qwen,C_clean,17,qwen_C_clean_L17,OR_auroc,topic,element_symb,0.99877829218107,0.9955355855577526,1.0,2000,0,ok
qwen,C_clean,17,qwen_C_clean_L17,OR_auroc,topic,inventors,0.9690059697348327,0.927000072337963,0.9934027412189365,2000,0,ok
qwen,C_clean,17,qwen_C_clean_L17,OR_auroc,topic,sp_en_trans,0.9851319204152249,0.9553707597913864,0.9989717656512529,2000,0,ok
qwen,C_clean,17,qwen_C_clean_L17,OR_auroc,topic_macro,all,0.9855447535724838,0.9752082864129072,0.9934895781977497,2000,0,ok
qwen,C_clean,17,qwen_C_clean_L17,OR_mixed_vs_FF_auroc,pooled,all,0.981404502569774,0.9674232692881123,0.990756704408439,2000,0,ok
qwen,C_clean,17,qwen_C_clean_L17,OR_mixed_vs_FF_auroc,topic,animal_class,0.9776611328125,0.9441452606463978,0.9991132817746157,2000,0,ok
qwen,C_clean,17,qwen_C_clean_L17,OR_mixed_vs_FF_auroc,topic,cities,0.9845783973694878,0.9668388118303426,0.9951607273248383,2000,0,ok
qwen,C_clean,17,qwen_C_clean_L17,OR_mixed_vs_FF_auroc,topic,element_symb,0.9981674382716049,0.9933033783366287,1.0,2000,0,ok
qwen,C_clean,17,qwen_C_clean_L17,OR_mixed_vs_FF_auroc,topic,inventors,0.953508954602249,0.8905001085069445,0.9901041118284047,2000,0,ok
qwen,C_clean,17,qwen_C_clean_L17,OR_mixed_vs_FF_auroc,topic,sp_en_trans,0.977751946366782,0.9336785193758573,0.9984576484768792,2000,0,ok
qwen,C_clean,17,qwen_C_clean_L17,OR_mixed_vs_FF_auroc,topic_macro,all,0.9783335738845247,0.9629924735006312,0.990245065833917,2000,0,ok
qwen,reduced_LR,17,qwen_reduced_LR_L17,atomic_auroc,pooled,all,0.9998320548672843,0.9994319441922229,1.0,2000,0,ok
qwen,reduced_LR,17,qwen_reduced_LR_L17,atomic_auroc,topic,animal_class,1.0,1.0,1.0,2000,0,ok
qwen,reduced_LR,17,qwen_reduced_LR_L17,atomic_auroc,topic,cities,0.9998648709517589,0.9994594838070358,1.0,2000,0,ok
qwen,reduced_LR,17,qwen_reduced_LR_L17,atomic_auroc,topic,element_symb,1.0,1.0,1.0,2000,0,ok
qwen,reduced_LR,17,qwen_reduced_LR_L17,atomic_auroc,topic,inventors,1.0,1.0,1.0,2000,0,ok
qwen,reduced_LR,17,qwen_reduced_LR_L17,atomic_auroc,topic,sp_en_trans,1.0,1.0,1.0,2000,0,ok
qwen,reduced_LR,17,qwen_reduced_LR_L17,atomic_auroc,topic_macro,all,0.9999729741903518,0.999891896761407,1.0,2000,0,ok
qwen,reduced_LR,17,qwen_reduced_LR_L17,AND_auroc,pooled,all,0.9419468270399948,0.925550806625899,0.9582799610436786,2000,0,ok
qwen,reduced_LR,17,qwen_reduced_LR_L17,AND_auroc,topic,animal_class,0.8828125,0.7655888173440454,0.9683237141777624,2000,0,ok
qwen,reduced_LR,17,qwen_reduced_LR_L17,AND_auroc,topic,cities,0.9707164091707581,0.9537193225668386,0.9838510887963722,2000,0,ok
qwen,reduced_LR,17,qwen_reduced_LR_L17,AND_auroc,topic,element_symb,0.981031378600823,0.9700518143078513,0.9954957916496379,2000,0,ok
qwen,reduced_LR,17,qwen_reduced_LR_L17,AND_auroc,topic,inventors,0.7717270581702068,0.6881116863905326,0.8493171095367337,2000,0,ok
qwen,reduced_LR,17,qwen_reduced_LR_L17,AND_auroc,topic,sp_en_trans,0.9657583621683967,0.926835621552496,0.9906714443713056,2000,0,ok
qwen,reduced_LR,17,qwen_reduced_LR_L17,AND_auroc,topic_macro,all,0.914409141622037,0.8872832195037125,0.9399855681474577,2000,0,ok
qwen,reduced_LR,17,qwen_reduced_LR_L17,OR_auroc,pooled,all,0.8477960812554385,0.8297743355152243,0.8671032398040959,2000,0,ok
qwen,reduced_LR,17,qwen_reduced_LR_L17,OR_auroc,topic,animal_class,0.8280436197916666,0.7754072344615549,0.8825724791071531,2000,0,ok
qwen,reduced_LR,17,qwen_reduced_LR_L17,OR_auroc,topic,cities,0.8953050162905575,0.8730151393372365,0.9160989469329772,2000,0,ok
qwen,reduced_LR,17,qwen_reduced_LR_L17,OR_auroc,topic,element_symb,0.8757073045267489,0.8267030821924315,0.9298098958333333,2000,0,ok
qwen,reduced_LR,17,qwen_reduced_LR_L17,OR_auroc,topic,inventors,0.8023045953075107,0.7092652504286316,0.8762348464229232,2000,0,ok
qwen,reduced_LR,17,qwen_reduced_LR_L17,OR_auroc,topic,sp_en_trans,0.827187860438293,0.7967254143549329,0.8625636301554325,2000,0,ok
qwen,reduced_LR,17,qwen_reduced_LR_L17,OR_auroc,topic_macro,all,0.8457096792709553,0.8229662138181653,0.8716013645087799,2000,0,ok
qwen,reduced_LR,17,qwen_reduced_LR_L17,OR_mixed_vs_FF_auroc,pooled,all,0.778330739983454,0.7537231337021115,0.8047363029926873,2000,0,ok
qwen,reduced_LR,17,qwen_reduced_LR_L17,OR_mixed_vs_FF_auroc,topic,animal_class,0.7420654296875,0.6631108516923323,0.8238587186607297,2000,0,ok
qwen,reduced_LR,17,qwen_reduced_LR_L17,OR_mixed_vs_FF_auroc,topic,cities,0.8444763186342957,0.8125433507928166,0.8747829591446588,2000,0,ok
qwen,reduced_LR,17,qwen_reduced_LR_L17,OR_mixed_vs_FF_auroc,topic,element_symb,0.8170331790123457,0.7479479563996609,0.8957876017139889,2000,0,ok
qwen,reduced_LR,17,qwen_reduced_LR_L17,OR_mixed_vs_FF_auroc,topic,inventors,0.749271137026239,0.6429479520048705,0.8321098236980151,2000,0,ok
qwen,reduced_LR,17,qwen_reduced_LR_L17,OR_mixed_vs_FF_auroc,topic,sp_en_trans,0.7411332179930796,0.6961814136823633,0.7938454452331486,2000,0,ok
qwen,reduced_LR,17,qwen_reduced_LR_L17,OR_mixed_vs_FF_auroc,topic_macro,all,0.778795856470692,0.7496669479738414,0.8140783833577784,2000,0,ok
qwen,R0,18,qwen_R0_L18,atomic_auroc,pooled,all,0.9996055242231561,0.9986925968729493,1.0,2000,0,ok
qwen,R0,18,qwen_R0_L18,atomic_auroc,topic,animal_class,1.0,1.0,1.0,2000,0,ok
qwen,R0,18,qwen_R0_L18,atomic_auroc,topic,cities,0.9996058736092969,0.9985470812125581,1.0,2000,0,ok
qwen,R0,18,qwen_R0_L18,atomic_auroc,topic,element_symb,1.0,1.0,1.0,2000,0,ok
qwen,R0,18,qwen_R0_L18,atomic_auroc,topic,inventors,1.0,1.0,1.0,2000,0,ok
qwen,R0,18,qwen_R0_L18,atomic_auroc,topic,sp_en_trans,1.0,1.0,1.0,2000,0,ok
qwen,R0,18,qwen_R0_L18,atomic_auroc,topic_macro,all,0.9999211747218594,0.9997094162425116,1.0,2000,0,ok
qwen,R0,18,qwen_R0_L18,AND_auroc,pooled,all,0.988574614891115,0.9812322710755822,0.9938347445637363,2000,0,ok
qwen,R0,18,qwen_R0_L18,AND_auroc,topic,animal_class,0.999755859375,0.9986979166666666,1.0,2000,0,ok
qwen,R0,18,qwen_R0_L18,AND_auroc,topic,cities,0.9971106781976787,0.9911667222128988,0.9998182218381728,2000,0,ok
qwen,R0,18,qwen_R0_L18,AND_auroc,topic,element_symb,0.9997427983539094,0.9982164090368609,1.0,2000,0,ok
qwen,R0,18,qwen_R0_L18,AND_auroc,topic,inventors,0.9311398028599195,0.8868898533950618,0.9673206653014073,2000,0,ok
qwen,R0,18,qwen_R0_L18,AND_auroc,topic,sp_en_trans,0.9960171568627451,0.9829597016380067,1.0,2000,0,ok
qwen,R0,18,qwen_R0_L18,AND_auroc,topic_macro,all,0.9847532591298505,0.9756708506228287,0.9923076502912974,2000,0,ok
qwen,R0,18,qwen_R0_L18,OR_auroc,pooled,all,0.8996877263822983,0.8843018169911058,0.9166828435688007,2000,0,ok
qwen,R0,18,qwen_R0_L18,OR_auroc,topic,animal_class,0.8951822916666666,0.8238051537731025,0.9557806172839505,2000,0,ok
qwen,R0,18,qwen_R0_L18,OR_auroc,topic,cities,0.9604991516898638,0.9417077214427381,0.9749453002921018,2000,0,ok
qwen,R0,18,qwen_R0_L18,OR_auroc,topic,element_symb,0.857960390946502,0.7987911086309524,0.9107397280092593,2000,0,ok
qwen,R0,18,qwen_R0_L18,OR_auroc,topic,inventors,0.9038595029848674,0.8443690850299691,0.9511693629437,2000,0,ok
qwen,R0,18,qwen_R0_L18,OR_auroc,topic,sp_en_trans,0.8320898212226067,0.7945808988400894,0.8644321781567564,2000,0,ok
qwen,R0,18,qwen_R0_L18,OR_auroc,topic_macro,all,0.8899182317021012,0.8681765230941368,0.9112671853669722,2000,0,ok
qwen,R0,18,qwen_R0_L18,OR_mixed_vs_FF_auroc,pooled,all,0.8501091993192993,0.8274547948393725,0.8752652716330465,2000,0,ok
qwen,R0,18,qwen_R0_L18,OR_mixed_vs_FF_auroc,topic,animal_class,0.8427734375,0.7357077306596537,0.9336709259259258,2000,0,ok
qwen,R0,18,qwen_R0_L18,OR_mixed_vs_FF_auroc,topic,cities,0.9408979325255619,0.9130641147230941,0.9624794725166504,2000,0,ok
qwen,R0,18,qwen_R0_L18,OR_mixed_vs_FF_auroc,topic,element_symb,0.7869405864197531,0.6981866629464286,0.8661095920138888,2000,0,ok
qwen,R0,18,qwen_R0_L18,OR_mixed_vs_FF_auroc,topic,inventors,0.8563098708871304,0.7695211508576894,0.9267540444155501,2000,0,ok
qwen,R0,18,qwen_R0_L18,OR_mixed_vs_FF_auroc,topic,sp_en_trans,0.74813473183391,0.6918713482601342,0.7966482672351347,2000,0,ok
qwen,R0,18,qwen_R0_L18,OR_mixed_vs_FF_auroc,topic_macro,all,0.8350113118332712,0.802730037720178,0.8671174254082746,2000,0,ok
qwen,C_clean,18,qwen_C_clean_L18,atomic_auroc,pooled,all,0.92974034901342,0.9208021327360417,0.9382181640947314,2000,0,ok
qwen,C_clean,18,qwen_C_clean_L18,atomic_auroc,topic,animal_class,1.0,1.0,1.0,2000,0,ok
qwen,C_clean,18,qwen_C_clean_L18,atomic_auroc,topic,cities,0.9856537993784064,0.9765311810278816,0.9931427638394668,2000,0,ok
qwen,C_clean,18,qwen_C_clean_L18,atomic_auroc,topic,element_symb,0.5547839506172839,0.5200617283950617,0.6010802469135802,2000,0,ok
qwen,C_clean,18,qwen_C_clean_L18,atomic_auroc,topic,inventors,0.9189128981955892,0.882441911023485,0.9570009364465762,2000,0,ok
qwen,C_clean,18,qwen_C_clean_L18,atomic_auroc,topic,sp_en_trans,0.8772752861700132,0.8331697545922729,0.918578225308642,2000,0,ok
qwen,C_clean,18,qwen_C_clean_L18,atomic_auroc,topic_macro,all,0.8673251868722586,0.8539377146346256,0.8824969658761167,2000,0,ok
qwen,C_clean,18,qwen_C_clean_L18,AND_auroc,pooled,all,0.9983904084633223,0.9956934158092691,0.9996518680356492,2000,0,ok
qwen,C_clean,18,qwen_C_clean_L18,AND_auroc,topic,animal_class,1.0,1.0,1.0,2000,0,ok
qwen,C_clean,18,qwen_C_clean_L18,AND_auroc,topic,cities,0.9983193324625017,0.9947052226300329,0.9998635267627303,2000,0,ok
qwen,C_clean,18,qwen_C_clean_L18,AND_auroc,topic,element_symb,1.0,1.0,1.0,2000,0,ok
qwen,C_clean,18,qwen_C_clean_L18,AND_auroc,topic,inventors,0.9942038039705678,0.9804662905092593,1.0,2000,0,ok
qwen,C_clean,18,qwen_C_clean_L18,AND_auroc,topic,sp_en_trans,0.9992070357554786,0.9958150176539106,1.0,2000,0,ok
qwen,C_clean,18,qwen_C_clean_L18,AND_auroc,topic_macro,all,0.9983460344377096,0.9954119098627154,0.9997189768592091,2000,0,ok
qwen,C_clean,18,qwen_C_clean_L18,OR_auroc,pooled,all,0.9937666728106912,0.9877809647484846,0.9976828052601352,2000,0,ok
qwen,C_clean,18,qwen_C_clean_L18,OR_auroc,topic,animal_class,0.99365234375,0.9675340426243768,1.0,2000,0,ok
qwen,C_clean,18,qwen_C_clean_L18,OR_auroc,topic,cities,0.9964190802216116,0.9904155970863903,0.9995385408769466,2000,0,ok
qwen,C_clean,18,qwen_C_clean_L18,OR_auroc,topic,element_symb,0.9994855967078189,0.9975,1.0,2000,0,ok
qwen,C_clean,18,qwen_C_clean_L18,OR_auroc,topic,inventors,0.9760169373871997,0.9363331025282039,0.9970752761410724,2000,0,ok
qwen,C_clean,18,qwen_C_clean_L18,OR_auroc,topic,sp_en_trans,0.9883037773933102,0.9642546296296296,0.9994055605861613,2000,0,ok
qwen,C_clean,18,qwen_C_clean_L18,OR_auroc,topic_macro,all,0.9907755470919881,0.9813184534877241,0.997217895923547,2000,0,ok
qwen,C_clean,18,qwen_C_clean_L18,OR_mixed_vs_FF_auroc,pooled,all,0.9906676911470322,0.981703604376735,0.9965242328902029,2000,0,ok
qwen,C_clean,18,qwen_C_clean_L18,OR_mixed_vs_FF_auroc,topic,animal_class,0.990478515625,0.9513010639365653,1.0,2000,0,ok
qwen,C_clean,18,qwen_C_clean_L18,OR_mixed_vs_FF_auroc,topic,cities,0.9946314355209225,0.9856233956295853,0.9993078113154199,2000,0,ok
qwen,C_clean,18,qwen_C_clean_L18,OR_mixed_vs_FF_auroc,topic,element_symb,0.9992283950617284,0.99625,1.0,2000,0,ok
qwen,C_clean,18,qwen_C_clean_L18,OR_mixed_vs_FF_auroc,topic,inventors,0.9641815910037485,0.9055949999999999,0.9956129142116085,2000,0,ok
qwen,C_clean,18,qwen_C_clean_L18,OR_mixed_vs_FF_auroc,topic,sp_en_trans,0.9824556660899654,0.9463819444444443,0.9991083408792418,2000,0,ok
qwen,C_clean,18,qwen_C_clean_L18,OR_mixed_vs_FF_auroc,topic_macro,all,0.986195120660273,0.9721200218010331,0.9958268562463822,2000,0,ok
qwen,R0,19,qwen_R0_L19,atomic_auroc,pooled,all,0.9995235045071786,0.9984406260628915,1.0,2000,0,ok
qwen,R0,19,qwen_R0_L19,atomic_auroc,topic,animal_class,1.0,1.0,1.0,2000,0,ok
qwen,R0,19,qwen_R0_L19,atomic_auroc,topic,cities,0.9995720913472366,0.9984004098914463,1.0,2000,0,ok
qwen,R0,19,qwen_R0_L19,atomic_auroc,topic,element_symb,1.0,1.0,1.0,2000,0,ok
qwen,R0,19,qwen_R0_L19,atomic_auroc,topic,inventors,1.0,1.0,1.0,2000,0,ok
qwen,R0,19,qwen_R0_L19,atomic_auroc,topic,sp_en_trans,1.0,1.0,1.0,2000,0,ok
qwen,R0,19,qwen_R0_L19,atomic_auroc,topic_macro,all,0.9999144182694473,0.9996800819782893,1.0,2000,0,ok
qwen,R0,19,qwen_R0_L19,AND_auroc,pooled,all,0.9837461974918091,0.9768921858117738,0.9895079126306424,2000,0,ok
qwen,R0,19,qwen_R0_L19,AND_auroc,topic,animal_class,0.950439453125,0.9016550153802445,0.9892542242703533,2000,0,ok
qwen,R0,19,qwen_R0_L19,AND_auroc,topic,cities,0.9977882002312208,0.9929360766721061,0.9998533572611755,2000,0,ok
qwen,R0,19,qwen_R0_L19,AND_auroc,topic,element_symb,0.9995498971193416,0.998046875,1.0,2000,0,ok
qwen,R0,19,qwen_R0_L19,AND_auroc,topic,inventors,0.8688393724836874,0.8095588642038719,0.9190820108142934,2000,0,ok
qwen,R0,19,qwen_R0_L19,AND_auroc,topic,sp_en_trans,0.9975670415224913,0.986327505496684,1.0,2000,0,ok
qwen,R0,19,qwen_R0_L19,AND_auroc,topic_macro,all,0.9628367928963482,0.9477769095873719,0.9764255811659863,2000,0,ok
qwen,R0,19,qwen_R0_L19,OR_auroc,pooled,all,0.8553953822654876,0.839363987714965,0.8729711114635171,2000,0,ok
qwen,R0,19,qwen_R0_L19,OR_auroc,topic,animal_class,0.9425455729166666,0.8919369260789716,0.9825694983875903,2000,0,ok
qwen,R0,19,qwen_R0_L19,OR_auroc,topic,cities,0.895157688092128,0.874945245356446,0.9146840019262935,2000,0,ok
qwen,R0,19,qwen_R0_L19,OR_auroc,topic,element_symb,0.8604038065843621,0.7934144229524053,0.907152114679784,2000,0,ok
qwen,R0,19,qwen_R0_L19,OR_auroc,topic,inventors,0.8951478550603915,0.8215902388265669,0.9478637388976174,2000,0,ok
qwen,R0,19,qwen_R0_L19,OR_auroc,topic,sp_en_trans,0.8352436562860438,0.7832779734914848,0.8757537016251431,2000,0,ok
qwen,R0,19,qwen_R0_L19,OR_auroc,topic_macro,all,0.8856997157879183,0.8628017425444329,0.9062151607212473,2000,0,ok
qwen,R0,19,qwen_R0_L19,OR_mixed_vs_FF_auroc,pooled,all,0.7840286082927185,0.7605399166909075,0.8102615459007855,2000,0,ok
qwen,R0,19,qwen_R0_L19,OR_mixed_vs_FF_auroc,topic,animal_class,0.913818359375,0.8379053891184572,0.9738542475813854,2000,0,ok
qwen,R0,19,qwen_R0_L19,OR_mixed_vs_FF_auroc,topic,cities,0.8438977973965137,0.8137697726444477,0.872772597587793,2000,0,ok
qwen,R0,19,qwen_R0_L19,OR_mixed_vs_FF_auroc,topic,element_symb,0.7907021604938271,0.6901216344286079,0.8607281720196759,2000,0,ok
qwen,R0,19,qwen_R0_L19,OR_mixed_vs_FF_auroc,topic,inventors,0.847667638483965,0.7463562024916088,0.9226568946444318,2000,0,ok
qwen,R0,19,qwen_R0_L19,OR_mixed_vs_FF_auroc,topic,sp_en_trans,0.7528654844290658,0.6749169602372272,0.8136305524377146,2000,0,ok
qwen,R0,19,qwen_R0_L19,OR_mixed_vs_FF_auroc,topic_macro,all,0.8297902880356742,0.795974470005569,0.8601427591277909,2000,0,ok
qwen,C_clean,19,qwen_C_clean_L19,atomic_auroc,pooled,all,0.8651439641300442,0.850666848956377,0.8783712037824797,2000,0,ok
qwen,C_clean,19,qwen_C_clean_L19,atomic_auroc,topic,animal_class,0.98046875,0.9453125,1.0,2000,0,ok
qwen,C_clean,19,qwen_C_clean_L19,atomic_auroc,topic,cities,0.9320526102427819,0.9136505675420026,0.9483505810549074,2000,0,ok
qwen,C_clean,19,qwen_C_clean_L19,atomic_auroc,topic,element_symb,0.5046296296296297,0.5,0.5138888888888888,2000,0,ok
qwen,C_clean,19,qwen_C_clean_L19,atomic_auroc,topic,inventors,0.8703497438182223,0.8235686673985544,0.9185185747852859,2000,0,ok
qwen,C_clean,19,qwen_C_clean_L19,atomic_auroc,topic,sp_en_trans,0.8078438731469318,0.7702737552073002,0.8488995433789954,2000,0,ok
qwen,C_clean,19,qwen_C_clean_L19,atomic_auroc,topic_macro,all,0.8190689213675132,0.8041525444646503,0.8335043943817075,2000,0,ok
qwen,C_clean,19,qwen_C_clean_L19,AND_auroc,pooled,all,0.9977992247098377,0.9942156149608772,0.9995585419631159,2000,0,ok
qwen,C_clean,19,qwen_C_clean_L19,AND_auroc,topic,animal_class,1.0,1.0,1.0,2000,0,ok
qwen,C_clean,19,qwen_C_clean_L19,AND_auroc,topic,cities,0.9978003993814093,0.9930516319018264,0.999852834724799,2000,0,ok
qwen,C_clean,19,qwen_C_clean_L19,AND_auroc,topic,element_symb,1.0,1.0,1.0,2000,0,ok
qwen,C_clean,19,qwen_C_clean_L19,AND_auroc,topic,inventors,0.9903512425378315,0.9726247399454243,0.9993667529604434,2000,0,ok
qwen,C_clean,19,qwen_C_clean_L19,AND_auroc,topic,sp_en_trans,0.999405276816609,0.9972446603917244,1.0,2000,0,ok
qwen,C_clean,19,qwen_C_clean_L19,AND_auroc,topic_macro,all,0.99751138374717,0.9938962731793578,0.9994911482834373,2000,0,ok
qwen,C_clean,19,qwen_C_clean_L19,OR_auroc,pooled,all,0.9936720119679882,0.9876665679377944,0.9976253587779524,2000,0,ok
qwen,C_clean,19,qwen_C_clean_L19,OR_auroc,topic,animal_class,0.994873046875,0.9727908065532451,1.0,2000,0,ok
qwen,C_clean,19,qwen_C_clean_L19,OR_auroc,topic,cities,0.9963571460745011,0.9903278027962271,0.9994747198851645,2000,0,ok
qwen,C_clean,19,qwen_C_clean_L19,OR_auroc,topic,element_symb,0.9998713991769548,0.9990815991697382,1.0,2000,0,ok
qwen,C_clean,19,qwen_C_clean_L19,OR_auroc,topic,inventors,0.970394280161044,0.9206767469760063,0.9960833241087362,2000,0,ok
qwen,C_clean,19,qwen_C_clean_L19,OR_auroc,topic,sp_en_trans,0.9901059688581315,0.9665864802694636,0.9997030067581373,2000,0,ok
qwen,C_clean,19,qwen_C_clean_L19,OR_auroc,topic_macro,all,0.9903203682291263,0.9795983946167794,0.9971235314114819,2000,0,ok
qwen,C_clean,19,qwen_C_clean_L19,OR_mixed_vs_FF_auroc,pooled,all,0.9905294505956131,0.9815919844639236,0.9964380528077711,2000,0,ok
qwen,C_clean,19,qwen_C_clean_L19,OR_mixed_vs_FF_auroc,topic,animal_class,0.9923095703125,0.9591862098298677,1.0,2000,0,ok
qwen,C_clean,19,qwen_C_clean_L19,OR_mixed_vs_FF_auroc,topic,cities,0.9945399418945092,0.9854923002218485,0.9992120798277467,2000,0,ok
qwen,C_clean,19,qwen_C_clean_L19,OR_mixed_vs_FF_auroc,topic,element_symb,0.9998070987654321,0.9986223987546073,1.0,2000,0,ok
qwen,C_clean,19,qwen_C_clean_L19,OR_mixed_vs_FF_auroc,topic,inventors,0.9557996668054977,0.8818207168352171,0.9941249861631043,2000,0,ok
qwen,C_clean,19,qwen_C_clean_L19,OR_mixed_vs_FF_auroc,topic,sp_en_trans,0.9851589532871973,0.9498797204041952,0.9995545101372059,2000,0,ok
qwen,C_clean,19,qwen_C_clean_L19,OR_mixed_vs_FF_auroc,topic_macro,all,0.9855230462130272,0.9694031410777812,0.9956852971172229,2000,0,ok
qwen,R0,20,qwen_R0_L20,atomic_auroc,pooled,all,0.9995039760033745,0.9984157782976754,1.0,2000,0,ok
qwen,R0,20,qwen_R0_L20,atomic_auroc,topic,animal_class,1.0,1.0,1.0,2000,0,ok
qwen,R0,20,qwen_R0_L20,atomic_auroc,topic,cities,0.9995720913472366,0.9984567136615468,1.0,2000,0,ok
qwen,R0,20,qwen_R0_L20,atomic_auroc,topic,element_symb,1.0,1.0,1.0,2000,0,ok
qwen,R0,20,qwen_R0_L20,atomic_auroc,topic,inventors,0.9995544664736021,0.9980461097903441,1.0,2000,0,ok
qwen,R0,20,qwen_R0_L20,atomic_auroc,topic,sp_en_trans,1.0,1.0,1.0,2000,0,ok
qwen,R0,20,qwen_R0_L20,atomic_auroc,topic_macro,all,0.9998253115641678,0.9994783646365526,1.0,2000,0,ok
qwen,R0,20,qwen_R0_L20,AND_auroc,pooled,all,0.9842527223029518,0.9773349215393636,0.9899625305832354,2000,0,ok
qwen,R0,20,qwen_R0_L20,AND_auroc,topic,animal_class,0.9605305989583334,0.9110079705746329,0.9948098167371524,2000,0,ok
qwen,R0,20,qwen_R0_L20,AND_auroc,topic,cities,0.9968967238712971,0.9903352419903648,0.999614258042966,2000,0,ok
qwen,R0,20,qwen_R0_L20,AND_auroc,topic,element_symb,0.9944701646090535,0.9817674256772269,1.0,2000,0,ok
qwen,R0,20,qwen_R0_L20,AND_auroc,topic,inventors,0.8758850478967097,0.8271889943059403,0.917422117753314,2000,0,ok
qwen,R0,20,qwen_R0_L20,AND_auroc,topic,sp_en_trans,0.9981257208765859,0.9915737642262612,1.0,2000,0,ok
qwen,R0,20,qwen_R0_L20,AND_auroc,topic_macro,all,0.965181651242396,0.951967814328871,0.9764257811805238,2000,0,ok
qwen,R0,20,qwen_R0_L20,OR_auroc,pooled,all,0.75930605386452,0.7412678790779129,0.7796038108428444,2000,0,ok
qwen,R0,20,qwen_R0_L20,OR_auroc,topic,animal_class,0.9168294270833334,0.8365198687946253,0.9744256777004029,2000,0,ok
qwen,R0,20,qwen_R0_L20,OR_auroc,topic,cities,0.7806208053691275,0.75298635768459,0.8115130487051192,2000,0,ok
qwen,R0,20,qwen_R0_L20,OR_auroc,topic,element_symb,0.8323045267489712,0.7617636054421769,0.8893524828532235,2000,0,ok
qwen,R0,20,qwen_R0_L20,OR_auroc,topic,inventors,0.8696029432181036,0.7825582012712542,0.937190648730696,2000,0,ok
qwen,R0,20,qwen_R0_L20,OR_auroc,topic,sp_en_trans,0.8435157151095732,0.8004282071083643,0.8897821900880107,2000,0,ok
qwen,R0,20,qwen_R0_L20,OR_auroc,topic_macro,all,0.8485746835058217,0.8221929527434917,0.875093829469462,2000,0,ok
qwen,R0,20,qwen_R0_L20,OR_mixed_vs_FF_auroc,pooled,all,0.6604946011170694,0.6390251771895415,0.6846920364091086,2000,0,ok
qwen,R0,20,qwen_R0_L20,OR_mixed_vs_FF_auroc,topic,animal_class,0.875244140625,0.7547798031919379,0.9616385165506044,2000,0,ok
qwen,R0,20,qwen_R0_L20,OR_mixed_vs_FF_auroc,topic,cities,0.6988283185442097,0.6661415401648216,0.7358770710076641,2000,0,ok
qwen,R0,20,qwen_R0_L20,OR_mixed_vs_FF_auroc,topic,element_symb,0.7493248456790124,0.6426454081632653,0.8340347761425088,2000,0,ok
qwen,R0,20,qwen_R0_L20,OR_mixed_vs_FF_auroc,topic,inventors,0.8240316534777176,0.717783203125,0.9134404054752067,2000,0,ok
qwen,R0,20,qwen_R0_L20,OR_mixed_vs_FF_auroc,topic,sp_en_trans,0.7652735726643599,0.7006423106625465,0.8346732851320161,2000,0,ok
qwen,R0,20,qwen_R0_L20,OR_mixed_vs_FF_auroc,topic_macro,all,0.7825405061980599,0.7453246893734442,0.8201241113345068,2000,0,ok
qwen,C_clean,20,qwen_C_clean_L20,atomic_auroc,pooled,all,0.8538643003327657,0.8381662312859934,0.8691993418449401,2000,0,ok
qwen,C_clean,20,qwen_C_clean_L20,atomic_auroc,topic,animal_class,0.970703125,0.947265625,0.994140625,2000,0,ok
qwen,C_clean,20,qwen_C_clean_L20,atomic_auroc,topic,cities,0.9286518625287149,0.9103413134543489,0.9448569321201747,2000,0,ok
qwen,C_clean,20,qwen_C_clean_L20,atomic_auroc,topic,element_symb,0.5046296296296297,0.5,0.5138888888888888,2000,0,ok
qwen,C_clean,20,qwen_C_clean_L20,atomic_auroc,topic,inventors,0.8335932278903988,0.7770017595334611,0.8904201600868267,2000,0,ok
qwen,C_clean,20,qwen_C_clean_L20,atomic_auroc,topic,sp_en_trans,0.7945205479452054,0.7398992736944929,0.8470241100663221,2000,0,ok
qwen,C_clean,20,qwen_C_clean_L20,atomic_auroc,topic_macro,all,0.8064196785987898,0.7899392291344656,0.8238752869220028,2000,0,ok
qwen,C_clean,20,qwen_C_clean_L20,AND_auroc,pooled,all,0.9979839026557903,0.9939779320489331,0.9996695800936815,2000,0,ok
qwen,C_clean,20,qwen_C_clean_L20,AND_auroc,topic,animal_class,1.0,1.0,1.0,2000,0,ok
qwen,C_clean,20,qwen_C_clean_L20,AND_auroc,topic,cities,0.998069719081723,0.9929214326900913,0.9999191873642631,2000,0,ok
qwen,C_clean,20,qwen_C_clean_L20,AND_auroc,topic,element_symb,1.0,1.0,1.0,2000,0,ok
qwen,C_clean,20,qwen_C_clean_L20,AND_auroc,topic,inventors,0.9893794252394835,0.9687751728142237,0.9991025952696984,2000,0,ok
qwen,C_clean,20,qwen_C_clean_L20,AND_auroc,topic,sp_en_trans,0.9998918685121108,0.9991551292653807,1.0,2000,0,ok
qwen,C_clean,20,qwen_C_clean_L20,AND_auroc,topic_macro,all,0.9974682025666635,0.9931613604342067,0.9995654502805623,2000,0,ok
qwen,C_clean,20,qwen_C_clean_L20,OR_auroc,pooled,all,0.9930354624521516,0.9868727003577388,0.9972358372759091,2000,0,ok
qwen,C_clean,20,qwen_C_clean_L20,OR_auroc,topic,animal_class,0.99462890625,0.9708573976937289,1.0,2000,0,ok
qwen,C_clean,20,qwen_C_clean_L20,OR_auroc,topic,cities,0.9962257706109334,0.9901153702545087,0.9995109325583081,2000,0,ok
qwen,C_clean,20,qwen_C_clean_L20,OR_auroc,topic,element_symb,0.9971707818930041,0.9869248986825927,1.0,2000,0,ok
qwen,C_clean,20,qwen_C_clean_L20,OR_auroc,topic,inventors,0.9626197417742607,0.9098000467157219,0.9926001041666667,2000,0,ok
qwen,C_clean,20,qwen_C_clean_L20,OR_auroc,topic,sp_en_trans,0.9926470588235294,0.9732356027810574,0.9997282235829156,2000,0,ok
qwen,C_clean,20,qwen_C_clean_L20,OR_auroc,topic_macro,all,0.9886584518703454,0.9774232093302504,0.9960814126894436,2000,0,ok
qwen,C_clean,20,qwen_C_clean_L20,OR_mixed_vs_FF_auroc,pooled,all,0.9896426749653863,0.9806799130781068,0.9958636244366926,2000,0,ok
qwen,C_clean,20,qwen_C_clean_L20,OR_mixed_vs_FF_auroc,topic,animal_class,0.991943359375,0.9562860965405933,1.0,2000,0,ok
qwen,C_clean,20,qwen_C_clean_L20,OR_mixed_vs_FF_auroc,topic,cities,0.9943513242646728,0.9852654211929054,0.9992663988374623,2000,0,ok
qwen,C_clean,20,qwen_C_clean_L20,OR_mixed_vs_FF_auroc,topic,element_symb,0.9957561728395061,0.980387348023889,1.0,2000,0,ok
qwen,C_clean,20,qwen_C_clean_L20,OR_mixed_vs_FF_auroc,topic,inventors,0.9446064139941691,0.8673012789088232,0.98890015625,2000,0,ok
qwen,C_clean,20,qwen_C_clean_L20,OR_mixed_vs_FF_auroc,topic,sp_en_trans,0.9890246539792388,0.9610395463569517,0.9995923353743733,2000,0,ok
qwen,C_clean,20,qwen_C_clean_L20,OR_mixed_vs_FF_auroc,topic_macro,all,0.9831363848905174,0.9668159743160444,0.9941458473284056,2000,0,ok
qwen,R0,21,qwen_R0_L21,atomic_auroc,pooled,all,0.999125123029574,0.9972805768549965,1.0,2000,0,ok
qwen,R0,21,qwen_R0_L21,atomic_auroc,topic,animal_class,1.0,1.0,1.0,2000,0,ok
qwen,R0,21,qwen_R0_L21,atomic_auroc,topic,cities,0.9991554434484933,0.9971282262060268,1.0,2000,0,ok
qwen,R0,21,qwen_R0_L21,atomic_auroc,topic,element_symb,1.0,1.0,1.0,2000,0,ok
qwen,R0,21,qwen_R0_L21,atomic_auroc,topic,inventors,0.9995544664736021,0.9980705537934128,1.0,2000,0,ok
qwen,R0,21,qwen_R0_L21,atomic_auroc,topic,sp_en_trans,1.0,1.0,1.0,2000,0,ok
qwen,R0,21,qwen_R0_L21,atomic_auroc,topic_macro,all,0.999741981984419,0.9992575350267634,1.0,2000,0,ok
qwen,R0,21,qwen_R0_L21,AND_auroc,pooled,all,0.9844784794825302,0.9774747768001087,0.9900535917669515,2000,0,ok
qwen,R0,21,qwen_R0_L21,AND_auroc,topic,animal_class,0.998779296875,0.9950973140735584,1.0,2000,0,ok
qwen,R0,21,qwen_R0_L21,AND_auroc,topic,cities,0.992975166283801,0.9849847923839824,0.9976579693345308,2000,0,ok
qwen,R0,21,qwen_R0_L21,AND_auroc,topic,element_symb,0.9939557613168725,0.9807374576792859,1.0,2000,0,ok
qwen,R0,21,qwen_R0_L21,AND_auroc,topic,inventors,0.8829654310703874,0.8436853325860411,0.9223539153255078,2000,0,ok
qwen,R0,21,qwen_R0_L21,AND_auroc,topic,sp_en_trans,0.9970444059976932,0.9862539652881929,1.0,2000,0,ok
qwen,R0,21,qwen_R0_L21,AND_auroc,topic_macro,all,0.9731440123087507,0.9650534709626734,0.9816408820273562,2000,0,ok
qwen,R0,21,qwen_R0_L21,OR_auroc,pooled,all,0.7312585819877205,0.7123230584198467,0.7506938537703766,2000,0,ok
qwen,R0,21,qwen_R0_L21,OR_auroc,topic,animal_class,0.8759765625,0.7860575551446619,0.9546159916172351,2000,0,ok
qwen,R0,21,qwen_R0_L21,OR_auroc,topic,cities,0.7311598201282224,0.7009336808650435,0.7625871191216405,2000,0,ok
qwen,R0,21,qwen_R0_L21,OR_auroc,topic,element_symb,0.8330761316872428,0.7625351226779589,0.8986244259209849,2000,0,ok
qwen,R0,21,qwen_R0_L21,OR_auroc,topic,inventors,0.8854296820769124,0.8058560697115384,0.9487690712589758,2000,0,ok
qwen,R0,21,qwen_R0_L21,OR_auroc,topic,sp_en_trans,0.83407223183391,0.7894742941679697,0.87917258382643,2000,0,ok
qwen,R0,21,qwen_R0_L21,OR_auroc,topic_macro,all,0.8319428856452576,0.8058479990901006,0.8610419580758168,2000,0,ok
qwen,R0,21,qwen_R0_L21,OR_mixed_vs_FF_auroc,pooled,all,0.6343140911058816,0.6147094233259759,0.6563420694942133,2000,0,ok
qwen,R0,21,qwen_R0_L21,OR_mixed_vs_FF_auroc,topic,animal_class,0.814453125,0.6808848223058157,0.9321060899653978,2000,0,ok
qwen,R0,21,qwen_R0_L21,OR_mixed_vs_FF_auroc,topic,cities,0.6509377392910229,0.6191614049843603,0.6855949197658402,2000,0,ok
qwen,R0,21,qwen_R0_L21,OR_mixed_vs_FF_auroc,topic,element_symb,0.7504822530864198,0.6448898203324298,0.8479366388814773,2000,0,ok
qwen,R0,21,qwen_R0_L21,OR_mixed_vs_FF_auroc,topic,inventors,0.8441795085381091,0.7435426136363636,0.928460640708431,2000,0,ok
qwen,R0,21,qwen_R0_L21,OR_mixed_vs_FF_auroc,topic,sp_en_trans,0.7511083477508651,0.6842114412519544,0.818758875739645,2000,0,ok
qwen,R0,21,qwen_R0_L21,OR_mixed_vs_FF_auroc,topic_macro,all,0.7622321947332834,0.7243696812589273,0.8033914026888482,2000,0,ok
qwen,C_clean,21,qwen_C_clean_L21,atomic_auroc,pooled,all,0.820283085191145,0.8018462521930624,0.8387352601870979,2000,0,ok
qwen,C_clean,21,qwen_C_clean_L21,atomic_auroc,topic,animal_class,0.9677734375,0.9345703125,0.9912109375,2000,0,ok
qwen,C_clean,21,qwen_C_clean_L21,atomic_auroc,topic,cities,0.8620782847619477,0.8421546326742039,0.8823515832620152,2000,0,ok
qwen,C_clean,21,qwen_C_clean_L21,atomic_auroc,topic,element_symb,0.5,0.5,0.5,2000,0,ok
qwen,C_clean,21,qwen_C_clean_L21,atomic_auroc,topic,inventors,0.8781465805301849,0.8288155875649431,0.9253743564866521,2000,0,ok
qwen,C_clean,21,qwen_C_clean_L21,atomic_auroc,topic,sp_en_trans,0.7085757177706887,0.6171382462801938,0.7924589474678759,2000,0,ok
qwen,C_clean,21,qwen_C_clean_L21,atomic_auroc,topic_macro,all,0.7833148041125643,0.7615313552014967,0.8039837790553274,2000,0,ok
qwen,C_clean,21,qwen_C_clean_L21,AND_auroc,pooled,all,0.9981457191152033,0.9950794368047478,0.9996606516189243,2000,0,ok
qwen,C_clean,21,qwen_C_clean_L21,AND_auroc,topic,animal_class,1.0,1.0,1.0,2000,0,ok
qwen,C_clean,21,qwen_C_clean_L21,AND_auroc,topic,cities,0.9984844901881297,0.9950933977583464,0.9999374547132411,2000,0,ok
qwen,C_clean,21,qwen_C_clean_L21,AND_auroc,topic,element_symb,1.0,1.0,1.0,2000,0,ok
qwen,C_clean,21,qwen_C_clean_L21,AND_auroc,topic,inventors,0.9899000416493128,0.9680556929475994,0.9997143192711925,2000,0,ok
qwen,C_clean,21,qwen_C_clean_L21,AND_auroc,topic,sp_en_trans,0.999062860438293,0.9939070318738356,1.0,2000,0,ok
qwen,C_clean,21,qwen_C_clean_L21,AND_auroc,topic_macro,all,0.997489478455147,0.9928723648863216,0.9995948862398326,2000,0,ok
qwen,C_clean,21,qwen_C_clean_L21,OR_auroc,pooled,all,0.9916319815050574,0.9846763619883212,0.9963946679694063,2000,0,ok
qwen,C_clean,21,qwen_C_clean_L21,OR_auroc,topic,animal_class,0.9933268229166666,0.9684310454670942,1.0,2000,0,ok
qwen,C_clean,21,qwen_C_clean_L21,OR_auroc,topic,cities,0.9950499602120024,0.9877031733726502,0.9991735568029979,2000,0,ok
qwen,C_clean,21,qwen_C_clean_L21,OR_auroc,topic,element_symb,0.9958204732510288,0.9855962459057698,1.0,2000,0,ok
qwen,C_clean,21,qwen_C_clean_L21,OR_auroc,topic,inventors,0.9597737054005275,0.9057998218364907,0.9910327503429356,2000,0,ok
qwen,C_clean,21,qwen_C_clean_L21,OR_auroc,topic,sp_en_trans,0.991259371395617,0.9692592434353299,0.999740259092905,2000,0,ok
qwen,C_clean,21,qwen_C_clean_L21,OR_auroc,topic_macro,all,0.9870460666351685,0.9756256843241041,0.9950221157307814,2000,0,ok
qwen,C_clean,21,qwen_C_clean_L21,OR_mixed_vs_FF_auroc,pooled,all,0.9876349720732653,0.9777408035789678,0.9946150687042521,2000,0,ok
qwen,C_clean,21,qwen_C_clean_L21,OR_mixed_vs_FF_auroc,topic,animal_class,0.989990234375,0.9526465682006413,1.0,2000,0,ok
qwen,C_clean,21,qwen_C_clean_L21,OR_mixed_vs_FF_auroc,topic,cities,0.9926016846088014,0.9817586436981276,0.9987603352044969,2000,0,ok
qwen,C_clean,21,qwen_C_clean_L21,OR_mixed_vs_FF_auroc,topic,element_symb,0.9937307098765432,0.9783943688586546,1.0,2000,0,ok
qwen,C_clean,21,qwen_C_clean_L21,OR_mixed_vs_FF_auroc,topic,inventors,0.9402852977925864,0.8587918213950674,0.9865491255144032,2000,0,ok
qwen,C_clean,21,qwen_C_clean_L21,OR_mixed_vs_FF_auroc,topic,sp_en_trans,0.9869971885813149,0.9558878335567684,0.9996103886393576,2000,0,ok
qwen,C_clean,21,qwen_C_clean_L21,OR_mixed_vs_FF_auroc,topic_macro,all,0.9807210230468492,0.9637038020608624,0.9926004191943578,2000,0,ok
qwen,R0,22,qwen_R0_L22,atomic_auroc,pooled,all,0.9988204783702291,0.9964858648892735,0.9999960632401108,2000,0,ok
qwen,R0,22,qwen_R0_L22,atomic_auroc,topic,animal_class,1.0,1.0,1.0,2000,0,ok
qwen,R0,22,qwen_R0_L22,atomic_auroc,topic,cities,0.9989752713841719,0.9966327530291429,1.0,2000,0,ok
qwen,R0,22,qwen_R0_L22,atomic_auroc,topic,element_symb,1.0,1.0,1.0,2000,0,ok
qwen,R0,22,qwen_R0_L22,atomic_auroc,topic,inventors,0.9991089329472043,0.9969970357151012,1.0,2000,0,ok
qwen,R0,22,qwen_R0_L22,atomic_auroc,topic,sp_en_trans,1.0,1.0,1.0,2000,0,ok
qwen,R0,22,qwen_R0_L22,atomic_auroc,topic_macro,all,0.9996168408662752,0.9990314283126498,0.999991047700554,2000,0,ok
qwen,R0,22,qwen_R0_L22,AND_auroc,pooled,all,0.9784930565378851,0.9714456736404812,0.9852371395827112,2000,0,ok
qwen,R0,22,qwen_R0_L22,AND_auroc,topic,animal_class,0.9991861979166666,0.9963848503268495,1.0,2000,0,ok
qwen,R0,22,qwen_R0_L22,AND_auroc,topic,cities,0.9968122682161464,0.9915529832192358,0.9993561784786534,2000,0,ok
qwen,R0,22,qwen_R0_L22,AND_auroc,topic,element_symb,0.9885545267489712,0.9658627466497838,1.0,2000,0,ok
qwen,R0,22,qwen_R0_L22,AND_auroc,topic,inventors,0.8929612661391088,0.84540913601947,0.9315984325305222,2000,0,ok
qwen,R0,22,qwen_R0_L22,AND_auroc,topic,sp_en_trans,0.9978373702422145,0.9900455697995467,1.0,2000,0,ok
qwen,R0,22,qwen_R0_L22,AND_auroc,topic_macro,all,0.9750703258526215,0.9656415888268621,0.9838040515216718,2000,0,ok
qwen,R0,22,qwen_R0_L22,OR_auroc,pooled,all,0.7098148648243167,0.688638517964295,0.731023079091221,2000,0,ok
qwen,R0,22,qwen_R0_L22,OR_auroc,topic,animal_class,0.8441569010416666,0.7273126451127692,0.930111583108397,2000,0,ok
qwen,R0,22,qwen_R0_L22,OR_auroc,topic,cities,0.6870749065357417,0.6529248421103306,0.722767808900035,2000,0,ok
qwen,R0,22,qwen_R0_L22,OR_auroc,topic,element_symb,0.8515303497942387,0.791660473642489,0.9179665993848519,2000,0,ok
qwen,R0,22,qwen_R0_L22,OR_auroc,topic,inventors,0.8465222823823407,0.7777839673400483,0.9021259092279571,2000,0,ok
qwen,R0,22,qwen_R0_L22,OR_auroc,topic,sp_en_trans,0.8184111880046137,0.7782232320317748,0.8601089029763431,2000,0,ok
qwen,R0,22,qwen_R0_L22,OR_auroc,topic_macro,all,0.8095391255517204,0.7817749182949008,0.8385029064941162,2000,0,ok
qwen,R0,22,qwen_R0_L22,OR_mixed_vs_FF_auroc,pooled,all,0.5900385358932483,0.5631751489335763,0.6173534096786719,2000,0,ok
qwen,R0,22,qwen_R0_L22,OR_mixed_vs_FF_auroc,topic,animal_class,0.76708984375,0.5935907779316713,0.895405083225207,2000,0,ok
qwen,R0,22,qwen_R0_L22,OR_mixed_vs_FF_auroc,topic,cities,0.5580618553218324,0.5130765636481933,0.60418646521997,2000,0,ok
qwen,R0,22,qwen_R0_L22,OR_mixed_vs_FF_auroc,topic,element_symb,0.7775848765432098,0.6878170525494276,0.8769498990772779,2000,0,ok
qwen,R0,22,qwen_R0_L22,OR_mixed_vs_FF_auroc,topic,inventors,0.7957101207830071,0.7141503386797573,0.8657490893350144,2000,0,ok
qwen,R0,22,qwen_R0_L22,OR_mixed_vs_FF_auroc,topic,sp_en_trans,0.7276167820069204,0.6673348480476621,0.7901633544645148,2000,0,ok
qwen,R0,22,qwen_R0_L22,OR_mixed_vs_FF_auroc,topic_macro,all,0.7252126956809939,0.6843875446310561,0.7658168475700686,2000,0,ok
qwen,C_clean,22,qwen_C_clean_L22,atomic_auroc,pooled,all,0.8057304441562905,0.7854765896145114,0.8250945401908167,2000,0,ok
qwen,C_clean,22,qwen_C_clean_L22,atomic_auroc,topic,animal_class,0.9375,0.89453125,0.9746337890624999,2000,0,ok
qwen,C_clean,22,qwen_C_clean_L22,atomic_auroc,topic,cities,0.8226318634295753,0.7999859240574749,0.8450317553263366,2000,0,ok
qwen,C_clean,22,qwen_C_clean_L22,atomic_auroc,topic,element_symb,0.5100308641975309,0.5,0.5254629629629629,2000,0,ok
qwen,C_clean,22,qwen_C_clean_L22,atomic_auroc,topic,inventors,0.8772555134773892,0.8179010887068543,0.9338391618490283,2000,0,ok
qwen,C_clean,22,qwen_C_clean_L22,atomic_auroc,topic,sp_en_trans,0.7789453931319197,0.6948970999007742,0.8559031265217921,2000,0,ok
qwen,C_clean,22,qwen_C_clean_L22,atomic_auroc,topic_macro,all,0.785272726847283,0.7630846350659551,0.806604513765817,2000,0,ok
qwen,C_clean,22,qwen_C_clean_L22,AND_auroc,pooled,all,0.9977627892156653,0.9941082346443278,0.999536837575657,2000,0,ok
qwen,C_clean,22,qwen_C_clean_L22,AND_auroc,topic,animal_class,0.9999186197916666,0.9992603276353276,1.0,2000,0,ok
qwen,C_clean,22,qwen_C_clean_L22,AND_auroc,topic,cities,0.9980537663468613,0.9936631846596254,0.9999149663093656,2000,0,ok
qwen,C_clean,22,qwen_C_clean_L22,AND_auroc,topic,element_symb,1.0,1.0,1.0,2000,0,ok
qwen,C_clean,22,qwen_C_clean_L22,AND_auroc,topic,inventors,0.9862904345411634,0.9563759886188272,0.9987802887539564,2000,0,ok
qwen,C_clean,22,qwen_C_clean_L22,AND_auroc,topic,sp_en_trans,0.9995674740484429,0.9980056933240621,1.0,2000,0,ok
qwen,C_clean,22,qwen_C_clean_L22,AND_auroc,topic_macro,all,0.9967660589456269,0.9908095945046203,0.999404256167021,2000,0,ok
qwen,C_clean,22,qwen_C_clean_L22,OR_auroc,pooled,all,0.9912808433602385,0.9843945129008402,0.9961761652399119,2000,0,ok
qwen,C_clean,22,qwen_C_clean_L22,OR_auroc,topic,animal_class,0.991943359375,0.9622741841491841,1.0,2000,0,ok
qwen,C_clean,22,qwen_C_clean_L22,OR_auroc,topic,cities,0.9944822305301563,0.9871125425687519,0.9987792319531118,2000,0,ok
qwen,C_clean,22,qwen_C_clean_L22,OR_auroc,topic,element_symb,0.9918338477366255,0.9783437143956399,1.0,2000,0,ok
qwen,C_clean,22,qwen_C_clean_L22,OR_auroc,topic,inventors,0.9633138969873664,0.9111844455664211,0.9918781554863089,2000,0,ok
qwen,C_clean,22,qwen_C_clean_L22,OR_auroc,topic,sp_en_trans,0.9918360726643599,0.9741380947209646,0.9994712320963542,2000,0,ok
qwen,C_clean,22,qwen_C_clean_L22,OR_auroc,topic_macro,all,0.9866818814587017,0.9751857969008298,0.9948684413463394,2000,0,ok
qwen,C_clean,22,qwen_C_clean_L22,OR_mixed_vs_FF_auroc,pooled,all,0.9871441645341186,0.9773075381701005,0.9943055641549112,2000,0,ok
qwen,C_clean,22,qwen_C_clean_L22,OR_mixed_vs_FF_auroc,topic,animal_class,0.9879150390625,0.9434112762237763,1.0,2000,0,ok
qwen,C_clean,22,qwen_C_clean_L22,OR_mixed_vs_FF_auroc,topic,cities,0.9917571280572948,0.9808172847470763,0.9981727021314725,2000,0,ok
qwen,C_clean,22,qwen_C_clean_L22,OR_mixed_vs_FF_auroc,topic,element_symb,0.9877507716049383,0.9675155715934598,1.0,2000,0,ok
qwen,C_clean,22,qwen_C_clean_L22,OR_mixed_vs_FF_auroc,topic,inventors,0.9454394002498959,0.8677617921929589,0.9878940903107567,2000,0,ok
qwen,C_clean,22,qwen_C_clean_L22,OR_mixed_vs_FF_auroc,topic,sp_en_trans,0.9878352076124568,0.9625073881895533,0.9992068481445312,2000,0,ok
qwen,C_clean,22,qwen_C_clean_L22,OR_mixed_vs_FF_auroc,topic_macro,all,0.9801395093174172,0.9629954042203227,0.992308459290882,2000,0,ok
qwen,R0,23,qwen_R0_L23,atomic_auroc,pooled,all,0.999031386211314,0.997094108420743,0.999984499969,2000,0,ok
qwen,R0,23,qwen_R0_L23,atomic_auroc,topic,animal_class,1.0,1.0,1.0,2000,0,ok
qwen,R0,23,qwen_R0_L23,atomic_auroc,topic,cities,0.9993468762668348,0.997792610693212,1.0,2000,0,ok
qwen,R0,23,qwen_R0_L23,atomic_auroc,topic,element_symb,1.0,1.0,1.0,2000,0,ok
qwen,R0,23,qwen_R0_L23,atomic_auroc,topic,inventors,0.9986633994208064,0.9944451786285848,1.0,2000,0,ok
qwen,R0,23,qwen_R0_L23,atomic_auroc,topic,sp_en_trans,1.0,1.0,1.0,2000,0,ok
qwen,R0,23,qwen_R0_L23,atomic_auroc,topic_macro,all,0.9996020551375281,0.998766520672542,0.9999842349443717,2000,0,ok
qwen,R0,23,qwen_R0_L23,AND_auroc,pooled,all,0.9808538622338244,0.9737597946070126,0.9876473293668966,2000,0,ok
qwen,R0,23,qwen_R0_L23,AND_auroc,topic,animal_class,0.9978841145833334,0.9906275816516852,1.0,2000,0,ok
qwen,R0,23,qwen_R0_L23,AND_auroc,topic,cities,0.9961169166554059,0.9904832120620852,0.9990576331474664,2000,0,ok
qwen,R0,23,qwen_R0_L23,AND_auroc,topic,element_symb,0.9869470164609053,0.9697958120748299,0.9992341148374886,2000,0,ok
qwen,R0,23,qwen_R0_L23,AND_auroc,topic,inventors,0.9094127446897127,0.8631544490659969,0.9514674370811766,2000,0,ok
qwen,R0,23,qwen_R0_L23,AND_auroc,topic,sp_en_trans,0.997530997693195,0.9894608475287188,1.0,2000,0,ok
qwen,R0,23,qwen_R0_L23,AND_auroc,topic_macro,all,0.9775783580165104,0.9681607788078745,0.9870619110573166,2000,0,ok
qwen,R0,23,qwen_R0_L23,OR_auroc,pooled,all,0.6548515646544272,0.6277175066792177,0.6786722336744004,2000,0,ok
qwen,R0,23,qwen_R0_L23,OR_auroc,topic,animal_class,0.8033854166666666,0.6603632251511715,0.8949198388203017,2000,0,ok
qwen,R0,23,qwen_R0_L23,OR_auroc,topic,cities,0.588214870201042,0.5435062309270531,0.6320080391288443,2000,0,ok
qwen,R0,23,qwen_R0_L23,OR_auroc,topic,element_symb,0.866383744855967,0.817202133194589,0.9268093717418041,2000,0,ok
qwen,R0,23,qwen_R0_L23,OR_auroc,topic,inventors,0.7960571983895599,0.7215938409557291,0.8548153983992536,2000,0,ok
qwen,R0,23,qwen_R0_L23,OR_auroc,topic,sp_en_trans,0.7689950980392157,0.7209396585557301,0.8164815841661796,2000,0,ok
qwen,R0,23,qwen_R0_L23,OR_auroc,topic_macro,all,0.7646072656304903,0.7321207835252381,0.7944409577518099,2000,0,ok
qwen,R0,23,qwen_R0_L23,OR_mixed_vs_FF_auroc,pooled,all,0.5241942397626977,0.4897333410345307,0.5545207753159475,2000,0,ok
qwen,R0,23,qwen_R0_L23,OR_mixed_vs_FF_auroc,topic,animal_class,0.7169189453125,0.5338961216839676,0.8446822537057221,2000,0,ok
qwen,R0,23,qwen_R0_L23,OR_mixed_vs_FF_auroc,topic,cities,0.4432303162019729,0.3872671255437135,0.49673723170978484,2000,0,ok
qwen,R0,23,qwen_R0_L23,OR_mixed_vs_FF_auroc,topic,element_symb,0.8004436728395061,0.7292445775672205,0.8902236919341497,2000,0,ok
qwen,R0,23,qwen_R0_L23,OR_mixed_vs_FF_auroc,topic,inventors,0.7389629321116201,0.6508682726511188,0.8081038542868128,2000,0,ok
qwen,R0,23,qwen_R0_L23,OR_mixed_vs_FF_auroc,topic,sp_en_trans,0.6534926470588235,0.581409487833595,0.7247223762492694,2000,0,ok
qwen,R0,23,qwen_R0_L23,OR_mixed_vs_FF_auroc,topic_macro,all,0.6706097027048845,0.6277759383499882,0.7111078111294132,2000,0,ok
qwen,C_clean,23,qwen_C_clean_L23,atomic_auroc,pooled,all,0.8351364651845834,0.8170618360081942,0.853784617338208,2000,0,ok
qwen,C_clean,23,qwen_C_clean_L23,atomic_auroc,topic,animal_class,0.9853515625,0.9638427734375,1.0,2000,0,ok
qwen,C_clean,23,qwen_C_clean_L23,atomic_auroc,topic,cities,0.8732827350119364,0.8504231228323049,0.8961423471915679,2000,0,ok
qwen,C_clean,23,qwen_C_clean_L23,atomic_auroc,topic,element_symb,0.5393518518518519,0.5123456790123457,0.5740740740740741,2000,0,ok
qwen,C_clean,23,qwen_C_clean_L23,atomic_auroc,topic,inventors,0.8941857874805079,0.8480645199256174,0.9415499811035525,2000,0,ok
qwen,C_clean,23,qwen_C_clean_L23,atomic_auroc,topic,sp_en_trans,0.8789641583786827,0.8220564413858826,0.9266313362272185,2000,0,ok
qwen,C_clean,23,qwen_C_clean_L23,atomic_auroc,topic_macro,all,0.8342272190445957,0.818268697361655,0.8516669091151916,2000,0,ok
qwen,C_clean,23,qwen_C_clean_L23,AND_auroc,pooled,all,0.9974377274539306,0.9941027684418006,0.9993445035957809,2000,0,ok
qwen,C_clean,23,qwen_C_clean_L23,AND_auroc,topic,animal_class,1.0,1.0,1.0,2000,0,ok
qwen,C_clean,23,qwen_C_clean_L23,AND_auroc,topic,cities,0.9980425055928411,0.9943377372927371,0.9998512341128634,2000,0,ok
qwen,C_clean,23,qwen_C_clean_L23,AND_auroc,topic,element_symb,1.0,1.0,1.0,2000,0,ok
qwen,C_clean,23,qwen_C_clean_L23,AND_auroc,topic,inventors,0.978377065111759,0.9382672254973666,0.9985419560185185,2000,0,ok
qwen,C_clean,23,qwen_C_clean_L23,AND_auroc,topic,sp_en_trans,0.9996936274509803,0.9985512632060849,1.0,2000,0,ok
qwen,C_clean,23,qwen_C_clean_L23,AND_auroc,topic_macro,all,0.9952226396311161,0.9871656386533593,0.9992932616519113,2000,0,ok
qwen,C_clean,23,qwen_C_clean_L23,OR_auroc,pooled,all,0.9904717610631735,0.9833019287179706,0.9955988645406985,2000,0,ok
qwen,C_clean,23,qwen_C_clean_L23,OR_auroc,topic,animal_class,0.9921061197916666,0.9608128365200675,1.0,2000,0,ok
qwen,C_clean,23,qwen_C_clean_L23,OR_auroc,topic,cities,0.9941500382865637,0.9866434139337473,0.9986847350486634,2000,0,ok
qwen,C_clean,23,qwen_C_clean_L23,OR_auroc,topic,element_symb,0.9895833333333334,0.9744053216628086,1.0,2000,0,ok
qwen,C_clean,23,qwen_C_clean_L23,OR_auroc,topic,inventors,0.9614396779119811,0.9060469688096731,0.9919439420572916,2000,0,ok
qwen,C_clean,23,qwen_C_clean_L23,OR_auroc,topic,sp_en_trans,0.9895292675893888,0.96918249929192,0.9989498103846081,2000,0,ok
qwen,C_clean,23,qwen_C_clean_L23,OR_auroc,topic_macro,all,0.9853616873825868,0.9729566739876129,0.9939294052177395,2000,0,ok
qwen,C_clean,23,qwen_C_clean_L23,OR_mixed_vs_FF_auroc,pooled,all,0.9859503662838797,0.9757671541323174,0.9934127891763268,2000,0,ok
qwen,C_clean,23,qwen_C_clean_L23,OR_mixed_vs_FF_auroc,topic,animal_class,0.9881591796875,0.9412192547801013,1.0,2000,0,ok
qwen,C_clean,23,qwen_C_clean_L23,OR_mixed_vs_FF_auroc,topic,cities,0.9913123282735012,0.9804401111006329,0.9980271720174396,2000,0,ok
qwen,C_clean,23,qwen_C_clean_L23,OR_mixed_vs_FF_auroc,topic,element_symb,0.984375,0.961607982494213,1.0,2000,0,ok
qwen,C_clean,23,qwen_C_clean_L23,OR_mixed_vs_FF_auroc,topic,inventors,0.9422115785089547,0.8590853164725357,0.9879159130859375,2000,0,ok
qwen,C_clean,23,qwen_C_clean_L23,OR_mixed_vs_FF_auroc,topic,sp_en_trans,0.9843479671280276,0.9544209934741864,0.998424715576912,2000,0,ok
qwen,C_clean,23,qwen_C_clean_L23,OR_mixed_vs_FF_auroc,topic_macro,all,0.9780812107195969,0.9594990192898512,0.990930147107991,2000,0,ok
qwen,R0,24,qwen_R0_L24,atomic_auroc,pooled,all,0.9988048555671859,0.9963936507968032,0.999984499969,2000,0,ok
qwen,R0,24,qwen_R0_L24,atomic_auroc,topic,animal_class,1.0,1.0,1.0,2000,0,ok
qwen,R0,24,qwen_R0_L24,atomic_auroc,topic,cities,0.9990090536462322,0.9967566213233638,1.0,2000,0,ok
qwen,R0,24,qwen_R0_L24,atomic_auroc,topic,element_symb,1.0,1.0,1.0,2000,0,ok
qwen,R0,24,qwen_R0_L24,atomic_auroc,topic,inventors,0.9986633994208064,0.9944451786285848,1.0,2000,0,ok
qwen,R0,24,qwen_R0_L24,atomic_auroc,topic,sp_en_trans,1.0,1.0,1.0,2000,0,ok
qwen,R0,24,qwen_R0_L24,atomic_auroc,topic_macro,all,0.9995344906134077,0.9986418732025565,0.9999842349443717,2000,0,ok
qwen,R0,24,qwen_R0_L24,AND_auroc,pooled,all,0.9820498037484265,0.9749805292100645,0.9884677333546689,2000,0,ok
qwen,R0,24,qwen_R0_L24,AND_auroc,topic,animal_class,0.9970703125,0.9892871327651019,1.0,2000,0,ok
qwen,R0,24,qwen_R0_L24,AND_auroc,topic,cities,0.9948069156044022,0.9881141402652086,0.998410091271584,2000,0,ok
qwen,R0,24,qwen_R0_L24,AND_auroc,topic,element_symb,0.9932484567901234,0.9832378506465045,1.0,2000,0,ok
qwen,R0,24,qwen_R0_L24,AND_auroc,topic,inventors,0.927391364709149,0.8863576349886517,0.9620647277365986,2000,0,ok
qwen,R0,24,qwen_R0_L24,AND_auroc,topic,sp_en_trans,0.9972786908881199,0.9882452821597906,1.0,2000,0,ok
qwen,R0,24,qwen_R0_L24,AND_auroc,topic_macro,all,0.9819591480983588,0.9735470767462118,0.9895240754129894,2000,0,ok
qwen,R0,24,qwen_R0_L24,OR_auroc,pooled,all,0.6962233538658059,0.6714332332587064,0.7209324298373225,2000,0,ok
qwen,R0,24,qwen_R0_L24,OR_auroc,topic,animal_class,0.8058268229166666,0.6858690476190477,0.8906753193600612,2000,0,ok
qwen,R0,24,qwen_R0_L24,OR_auroc,topic,cities,0.6816650526252571,0.6401096837194019,0.7218892536447761,2000,0,ok
qwen,R0,24,qwen_R0_L24,OR_auroc,topic,element_symb,0.8642618312757202,0.8097483093808566,0.9212985568576388,2000,0,ok
qwen,R0,24,qwen_R0_L24,OR_auroc,topic,inventors,0.74139247535749,0.6550525458450653,0.8251352462479719,2000,0,ok
qwen,R0,24,qwen_R0_L24,OR_auroc,topic,sp_en_trans,0.768598615916955,0.7230190602376296,0.8138853527408686,2000,0,ok
qwen,R0,24,qwen_R0_L24,OR_auroc,topic_macro,all,0.7723489596184179,0.7420569261162548,0.8035886289691357,2000,0,ok
qwen,R0,24,qwen_R0_L24,OR_mixed_vs_FF_auroc,pooled,all,0.5838975476769157,0.5536077274348007,0.6146207077457588,2000,0,ok
qwen,R0,24,qwen_R0_L24,OR_mixed_vs_FF_auroc,topic,animal_class,0.7177734375,0.5752228369158314,0.8360129790400918,2000,0,ok
qwen,R0,24,qwen_R0_L24,OR_mixed_vs_FF_auroc,topic,cities,0.5727768456375839,0.5199688753438462,0.6229393578845771,2000,0,ok
qwen,R0,24,qwen_R0_L24,OR_mixed_vs_FF_auroc,topic,element_symb,0.7969714506172839,0.7164889154946492,0.8820836317274305,2000,0,ok
qwen,R0,24,qwen_R0_L24,OR_mixed_vs_FF_auroc,topic,inventors,0.6886193252811329,0.5954749404680864,0.7781357267079774,2000,0,ok
qwen,R0,24,qwen_R0_L24,OR_mixed_vs_FF_auroc,topic,sp_en_trans,0.6530601211072664,0.5845285903564444,0.720828029111303,2000,0,ok
qwen,R0,24,qwen_R0_L24,OR_mixed_vs_FF_auroc,topic_macro,all,0.6858402360286534,0.6489644695396238,0.7267810286824445,2000,0,ok
qwen,C_clean,24,qwen_C_clean_L24,atomic_auroc,pooled,all,0.8166117264759644,0.7994518731375931,0.8339808477305894,2000,0,ok
qwen,C_clean,24,qwen_C_clean_L24,atomic_auroc,topic,animal_class,0.9033203125,0.85546875,0.9462890625,2000,0,ok
qwen,C_clean,24,qwen_C_clean_L24,atomic_auroc,topic,cities,0.8334872303049412,0.8088591167064546,0.8596355456961398,2000,0,ok
qwen,C_clean,24,qwen_C_clean_L24,atomic_auroc,topic,element_symb,0.6697530864197531,0.6072530864197531,0.7291666666666666,2000,0,ok
qwen,C_clean,24,qwen_C_clean_L24,atomic_auroc,topic,inventors,0.8779238137669859,0.8321746814037524,0.9268756986957679,2000,0,ok
qwen,C_clean,24,qwen_C_clean_L24,atomic_auroc,topic,sp_en_trans,0.9125539500844436,0.8714510965713862,0.9476012678846398,2000,0,ok
qwen,C_clean,24,qwen_C_clean_L24,atomic_auroc,topic_macro,all,0.8394076786152247,0.8192734992897539,0.8593010532546829,2000,0,ok
qwen,C_clean,24,qwen_C_clean_L24,AND_auroc,pooled,all,0.9971976818452649,0.9942520686892479,0.9991545763532667,2000,0,ok
qwen,C_clean,24,qwen_C_clean_L24,AND_auroc,topic,animal_class,1.0,1.0,1.0,2000,0,ok
qwen,C_clean,24,qwen_C_clean_L24,AND_auroc,topic,cities,0.9980631503085446,0.9950819220939856,0.9997719470254198,2000,0,ok
qwen,C_clean,24,qwen_C_clean_L24,AND_auroc,topic,element_symb,1.0,1.0,1.0,2000,0,ok
qwen,C_clean,24,qwen_C_clean_L24,AND_auroc,topic,inventors,0.9754963209773705,0.9409943273063172,0.9968279868601723,2000,0,ok
qwen,C_clean,24,qwen_C_clean_L24,AND_auroc,topic,sp_en_trans,0.999405276816609,0.9973737344986827,1.0,2000,0,ok
qwen,C_clean,24,qwen_C_clean_L24,AND_auroc,topic_macro,all,0.9945929496205048,0.9875421322274945,0.9989660564602457,2000,0,ok
qwen,C_clean,24,qwen_C_clean_L24,OR_auroc,pooled,all,0.9900598970947337,0.9832756891534532,0.9952520527376492,2000,0,ok
qwen,C_clean,24,qwen_C_clean_L24,OR_auroc,topic,animal_class,0.9891764322916666,0.9587619047619047,1.0,2000,0,ok
qwen,C_clean,24,qwen_C_clean_L24,OR_auroc,topic,cities,0.9943696229899555,0.987507128576991,0.9986039029042864,2000,0,ok
qwen,C_clean,24,qwen_C_clean_L24,OR_auroc,topic,element_symb,0.9893261316872428,0.9706835421457415,1.0,2000,0,ok
qwen,C_clean,24,qwen_C_clean_L24,OR_auroc,topic,inventors,0.9548104956268222,0.8937862723214285,0.9893902056920583,2000,0,ok
qwen,C_clean,24,qwen_C_clean_L24,OR_auroc,topic,sp_en_trans,0.987853229527105,0.9685132315957934,0.9984577207959388,2000,0,ok
qwen,C_clean,24,qwen_C_clean_L24,OR_auroc,topic_macro,all,0.9831071824245585,0.9697423049613316,0.9923812585044577,2000,0,ok
qwen,C_clean,24,qwen_C_clean_L24,OR_mixed_vs_FF_auroc,pooled,all,0.9852586277106936,0.9754259340422833,0.992924551144882,2000,0,ok
qwen,C_clean,24,qwen_C_clean_L24,OR_mixed_vs_FF_auroc,topic,animal_class,0.9837646484375,0.9381428571428572,1.0,2000,0,ok
qwen,C_clean,24,qwen_C_clean_L24,OR_mixed_vs_FF_auroc,topic,cities,0.9916022926895185,0.9815597744947635,0.9979058543564295,2000,0,ok
qwen,C_clean,24,qwen_C_clean_L24,OR_mixed_vs_FF_auroc,topic,element_symb,0.9839891975308642,0.9560253132186124,1.0,2000,0,ok
qwen,C_clean,24,qwen_C_clean_L24,OR_mixed_vs_FF_auroc,topic,inventors,0.9327884214910453,0.8416576764689301,0.9842300149622251,2000,0,ok
qwen,C_clean,24,qwen_C_clean_L24,OR_mixed_vs_FF_auroc,topic,sp_en_trans,0.9818609429065744,0.9533708665786368,0.9976865811939082,2000,0,ok
qwen,C_clean,24,qwen_C_clean_L24,OR_mixed_vs_FF_auroc,topic_macro,all,0.9748011006111005,0.9549999758125202,0.9887070481525662,2000,0,ok
qwen,R0,25,qwen_R0_L25,atomic_auroc,pooled,all,0.9989767064006624,0.9969447657213192,0.9999843787361475,2000,0,ok
qwen,R0,25,qwen_R0_L25,atomic_auroc,topic,animal_class,1.0,1.0,1.0,2000,0,ok
qwen,R0,25,qwen_R0_L25,atomic_auroc,topic,cities,0.9992680509886942,0.9975673956128103,1.0,2000,0,ok
qwen,R0,25,qwen_R0_L25,atomic_auroc,topic,element_symb,1.0,1.0,1.0,2000,0,ok
qwen,R0,25,qwen_R0_L25,atomic_auroc,topic,inventors,0.9986633994208064,0.9944451786285848,1.0,2000,0,ok
qwen,R0,25,qwen_R0_L25,atomic_auroc,topic,sp_en_trans,1.0,1.0,1.0,2000,0,ok
qwen,R0,25,qwen_R0_L25,atomic_auroc,topic_macro,all,0.9995862900819,0.9987463247613281,0.9999819827935678,2000,0,ok
qwen,R0,25,qwen_R0_L25,AND_auroc,pooled,all,0.9805730946022602,0.9725895605125572,0.9874268060873135,2000,0,ok
qwen,R0,25,qwen_R0_L25,AND_auroc,topic,animal_class,0.9903971354166666,0.9788941736028538,1.0,2000,0,ok
qwen,R0,25,qwen_R0_L25,AND_auroc,topic,cities,0.9914146134558504,0.9828753306269425,0.9965867507296001,2000,0,ok
qwen,R0,25,qwen_R0_L25,AND_auroc,topic,element_symb,0.9888117283950617,0.9765002050535694,0.9990630038078967,2000,0,ok
qwen,R0,25,qwen_R0_L25,AND_auroc,topic,inventors,0.927391364709149,0.8795690733552155,0.9619780701298055,2000,0,ok
qwen,R0,25,qwen_R0_L25,AND_auroc,topic,sp_en_trans,0.9986663783160323,0.9936277156205633,1.0,2000,0,ok
qwen,R0,25,qwen_R0_L25,AND_auroc,topic_macro,all,0.9793362440585518,0.9698270105892222,0.9877833235518966,2000,0,ok
qwen,R0,25,qwen_R0_L25,OR_auroc,pooled,all,0.7202082681423756,0.6962480406735421,0.7440631885997111,2000,0,ok
qwen,R0,25,qwen_R0_L25,OR_auroc,topic,animal_class,0.7276204427083334,0.5810247704421873,0.829005743457626,2000,0,ok
qwen,R0,25,qwen_R0_L25,OR_auroc,topic,cities,0.7403241971082384,0.7080483825348378,0.7706377878157648,2000,0,ok
qwen,R0,25,qwen_R0_L25,OR_auroc,topic,element_symb,0.8550025720164609,0.7969655729785969,0.9288485719812879,2000,0,ok
qwen,R0,25,qwen_R0_L25,OR_auroc,topic,inventors,0.6768013327780091,0.547627377481605,0.7856503501388818,2000,0,ok
qwen,R0,25,qwen_R0_L25,OR_auroc,topic,sp_en_trans,0.7749062860438293,0.7268135765943459,0.8224920820170408,2000,0,ok
qwen,R0,25,qwen_R0_L25,OR_auroc,topic_macro,all,0.7549309661309742,0.7168691395298481,0.7912889471251848,2000,0,ok
qwen,R0,25,qwen_R0_L25,OR_mixed_vs_FF_auroc,pooled,all,0.614629279563117,0.5873019779949112,0.6427695977071255,2000,0,ok
qwen,R0,25,qwen_R0_L25,OR_mixed_vs_FF_auroc,topic,animal_class,0.6141357421875,0.43536762595663264,0.7455030180965982,2000,0,ok
qwen,R0,25,qwen_R0_L25,OR_mixed_vs_FF_auroc,topic,cities,0.6405370253592181,0.600179767205058,0.6808061360775248,2000,0,ok
qwen,R0,25,qwen_R0_L25,OR_mixed_vs_FF_auroc,topic,element_symb,0.783179012345679,0.6970472824546485,0.8932728579719319,2000,0,ok
qwen,R0,25,qwen_R0_L25,OR_mixed_vs_FF_auroc,topic,inventors,0.6242190753852561,0.5110782231623935,0.728650788184879,2000,0,ok
qwen,R0,25,qwen_R0_L25,OR_mixed_vs_FF_auroc,topic,sp_en_trans,0.6626838235294118,0.5908717454423977,0.733739637506223,2000,0,ok
qwen,R0,25,qwen_R0_L25,OR_mixed_vs_FF_auroc,topic_macro,all,0.664950935761413,0.6218316588952937,0.7101004129163682,2000,0,ok
qwen,C_clean,25,qwen_C_clean_L25,atomic_auroc,pooled,all,0.7962513084097549,0.7812353257546227,0.8117031539895031,2000,0,ok
qwen,C_clean,25,qwen_C_clean_L25,atomic_auroc,topic,animal_class,0.9892578125,0.9736328125,1.0,2000,0,ok
qwen,C_clean,25,qwen_C_clean_L25,atomic_auroc,topic,cities,0.8098734291248142,0.7886564794378631,0.8313603553893969,2000,0,ok
qwen,C_clean,25,qwen_C_clean_L25,atomic_auroc,topic,element_symb,0.6766975308641975,0.6134066358024691,0.7438464506172838,2000,0,ok
qwen,C_clean,25,qwen_C_clean_L25,atomic_auroc,topic,inventors,0.8545333036310983,0.8061142002922971,0.9057862364011312,2000,0,ok
qwen,C_clean,25,qwen_C_clean_L25,atomic_auroc,topic,sp_en_trans,0.9027960217676863,0.8563214285714287,0.942047137043276,2000,0,ok
qwen,C_clean,25,qwen_C_clean_L25,atomic_auroc,topic_macro,all,0.8466316195775594,0.8278340347384873,0.8664178959881897,2000,0,ok
qwen,C_clean,25,qwen_C_clean_L25,AND_auroc,pooled,all,0.9964846892338116,0.992477701037252,0.9988738367965228,2000,0,ok
qwen,C_clean,25,qwen_C_clean_L25,AND_auroc,topic,animal_class,1.0,1.0,1.0,2000,0,ok
qwen,C_clean,25,qwen_C_clean_L25,AND_auroc,topic,cities,0.9969999474498146,0.9921608799626678,0.9994760161245317,2000,0,ok
qwen,C_clean,25,qwen_C_clean_L25,AND_auroc,topic,element_symb,0.9998070987654321,0.9980867346938775,1.0,2000,0,ok
qwen,C_clean,25,qwen_C_clean_L25,AND_auroc,topic,inventors,0.9784117728724143,0.9412713377376,0.9983786280872544,2000,0,ok
qwen,C_clean,25,qwen_C_clean_L25,AND_auroc,topic,sp_en_trans,0.9998738465974625,0.9992603276353276,1.0,2000,0,ok
qwen,C_clean,25,qwen_C_clean_L25,AND_auroc,topic_macro,all,0.9950185331370248,0.9876062136500805,0.9991686959835898,2000,0,ok
qwen,C_clean,25,qwen_C_clean_L25,OR_auroc,pooled,all,0.9899884549492975,0.9835332331591803,0.9950374820724753,2000,0,ok
qwen,C_clean,25,qwen_C_clean_L25,OR_auroc,topic,animal_class,0.9912109375,0.9624444090136054,1.0,2000,0,ok
qwen,C_clean,25,qwen_C_clean_L25,OR_auroc,topic,cities,0.9943442862934102,0.9876319821762958,0.9984753072717658,2000,0,ok
qwen,C_clean,25,qwen_C_clean_L25,OR_auroc,topic,element_symb,0.98559670781893,0.9642851676942586,0.9997822557759081,2000,0,ok
qwen,C_clean,25,qwen_C_clean_L25,OR_auroc,topic,inventors,0.9573094543940025,0.9078152274515249,0.9890559231900414,2000,0,ok
qwen,C_clean,25,qwen_C_clean_L25,OR_auroc,topic,sp_en_trans,0.9881596020761245,0.9707302055326801,0.9983002663363182,2000,0,ok
qwen,C_clean,25,qwen_C_clean_L25,OR_auroc,topic_macro,all,0.9833241976164935,0.9719229128429342,0.9922321428616687,2000,0,ok
qwen,C_clean,25,qwen_C_clean_L25,OR_mixed_vs_FF_auroc,pooled,all,0.985088774009919,0.9757364511992154,0.992570994223312,2000,0,ok
qwen,C_clean,25,qwen_C_clean_L25,OR_mixed_vs_FF_auroc,topic,animal_class,0.98681640625,0.9436666135204081,1.0,2000,0,ok
qwen,C_clean,25,qwen_C_clean_L25,OR_mixed_vs_FF_auroc,topic,cities,0.9915642876447007,0.9816569613054339,0.9977129609076486,2000,0,ok
qwen,C_clean,25,qwen_C_clean_L25,OR_mixed_vs_FF_auroc,topic,element_symb,0.9783950617283951,0.9464277515413879,0.9996733836638622,2000,0,ok
qwen,C_clean,25,qwen_C_clean_L25,OR_mixed_vs_FF_auroc,topic,inventors,0.9362244897959183,0.8618486625942894,0.9835838847850621,2000,0,ok
qwen,C_clean,25,qwen_C_clean_L25,OR_mixed_vs_FF_auroc,topic,sp_en_trans,0.9822394031141869,0.95609530829902,0.9974503995044773,2000,0,ok
qwen,C_clean,25,qwen_C_clean_L25,OR_mixed_vs_FF_auroc,topic_macro,all,0.9750479297066402,0.958038260119244,0.9883836928852908,2000,0,ok
qwen,R0,26,qwen_R0_L26,atomic_auroc,pooled,all,0.9987150244496867,0.9962118131217095,0.9999806268626258,2000,0,ok
qwen,R0,26,qwen_R0_L26,atomic_auroc,topic,animal_class,1.0,1.0,1.0,2000,0,ok
qwen,R0,26,qwen_R0_L26,atomic_auroc,topic,cities,0.998862663843971,0.9962611481464799,1.0,2000,0,ok
qwen,R0,26,qwen_R0_L26,atomic_auroc,topic,element_symb,1.0,1.0,1.0,2000,0,ok
qwen,R0,26,qwen_R0_L26,atomic_auroc,topic,inventors,0.9984406326576075,0.9942080641568278,1.0,2000,0,ok
qwen,R0,26,qwen_R0_L26,atomic_auroc,topic,sp_en_trans,1.0,1.0,1.0,2000,0,ok
qwen,R0,26,qwen_R0_L26,atomic_auroc,topic_macro,all,0.9994606593003157,0.9985280090180831,0.9999595175892977,2000,0,ok
qwen,R0,26,qwen_R0_L26,AND_auroc,pooled,all,0.9816943790748813,0.9734130731822381,0.9883046113097195,2000,0,ok
qwen,R0,26,qwen_R0_L26,AND_auroc,topic,animal_class,0.9952799479166666,0.984165771484375,1.0,2000,0,ok
qwen,R0,26,qwen_R0_L26,AND_auroc,topic,cities,0.990438681440776,0.9812330180496018,0.9958598985009516,2000,0,ok
qwen,R0,26,qwen_R0_L26,AND_auroc,topic,element_symb,0.9899048353909465,0.9755819410640855,1.0,2000,0,ok
qwen,R0,26,qwen_R0_L26,AND_auroc,topic,inventors,0.9082673885880883,0.8592482585441195,0.9511237955849294,2000,0,ok
qwen,R0,26,qwen_R0_L26,AND_auroc,topic,sp_en_trans,0.9970804498269896,0.9892097122420388,1.0,2000,0,ok
qwen,R0,26,qwen_R0_L26,AND_auroc,topic_macro,all,0.9761942606326933,0.9662293934718431,0.9858099813168114,2000,0,ok
qwen,R0,26,qwen_R0_L26,OR_auroc,pooled,all,0.7049957349039174,0.6773744757099338,0.7308487054120244,2000,0,ok
qwen,R0,26,qwen_R0_L26,OR_auroc,topic,animal_class,0.7676595052083334,0.6354007227891156,0.854528273588728,2000,0,ok
qwen,R0,26,qwen_R0_L26,OR_auroc,topic,cities,0.722396138312088,0.6894646008051764,0.7539186125837678,2000,0,ok
qwen,R0,26,qwen_R0_L26,OR_auroc,topic,element_symb,0.8362268518518519,0.7831590136054422,0.9087771585698772,2000,0,ok
qwen,R0,26,qwen_R0_L26,OR_auroc,topic,inventors,0.6425794807719006,0.51206418609968,0.7501458293284634,2000,0,ok
qwen,R0,26,qwen_R0_L26,OR_auroc,topic,sp_en_trans,0.7639489619377162,0.7181664324131857,0.8124707910772888,2000,0,ok
qwen,R0,26,qwen_R0_L26,OR_auroc,topic_macro,all,0.7465621876163779,0.7107480888962704,0.782240234474407,2000,0,ok
qwen,R0,26,qwen_R0_L26,OR_mixed_vs_FF_auroc,pooled,all,0.6085975978293019,0.5786841917354986,0.6383263684189935,2000,0,ok
qwen,R0,26,qwen_R0_L26,OR_mixed_vs_FF_auroc,topic,animal_class,0.6761474609375,0.5171396165271401,0.7873222971181214,2000,0,ok
qwen,R0,26,qwen_R0_L26,OR_mixed_vs_FF_auroc,topic,cities,0.6186953853430026,0.5760874504752279,0.6585003876676326,2000,0,ok
qwen,R0,26,qwen_R0_L26,OR_mixed_vs_FF_auroc,topic,element_symb,0.7555941358024691,0.6772443310657597,0.8631657378548159,2000,0,ok
qwen,R0,26,qwen_R0_L26,OR_mixed_vs_FF_auroc,topic,inventors,0.6048521449396085,0.49649792455381286,0.704448974194772,2000,0,ok
qwen,R0,26,qwen_R0_L26,OR_mixed_vs_FF_auroc,topic,sp_en_trans,0.6472210207612457,0.5799285934418146,0.7187085486718666,2000,0,ok
qwen,R0,26,qwen_R0_L26,OR_mixed_vs_FF_auroc,topic_macro,all,0.6605020295567652,0.622677887218305,0.7035220346052578,2000,0,ok
qwen,C_clean,26,qwen_C_clean_L26,atomic_auroc,pooled,all,0.8263017700635849,0.8128447178312692,0.8398878587540037,2000,0,ok
qwen,C_clean,26,qwen_C_clean_L26,atomic_auroc,topic,animal_class,0.94921875,0.9130859375,0.9814453125,2000,0,ok
qwen,C_clean,26,qwen_C_clean_L26,atomic_auroc,topic,cities,0.8573825503355704,0.8387122201702626,0.8762693684969146,2000,0,ok
qwen,C_clean,26,qwen_C_clean_L26,atomic_auroc,topic,element_symb,0.6566358024691358,0.6072530864197531,0.7060185185185185,2000,0,ok
qwen,C_clean,26,qwen_C_clean_L26,atomic_auroc,topic,inventors,0.8946313210069058,0.8469315136522929,0.9372813565346647,2000,0,ok
qwen,C_clean,26,qwen_C_clean_L26,atomic_auroc,topic,sp_en_trans,0.9228748358040908,0.8849372592799982,0.9559924487024647,2000,0,ok
qwen,C_clean,26,qwen_C_clean_L26,atomic_auroc,topic_macro,all,0.8561486519231405,0.8398075998348616,0.873212089169544,2000,0,ok
qwen,C_clean,26,qwen_C_clean_L26,AND_auroc,pooled,all,0.9952794602403028,0.9902195703512254,0.9984178775377102,2000,0,ok
qwen,C_clean,26,qwen_C_clean_L26,AND_auroc,topic,animal_class,1.0,1.0,1.0,2000,0,ok
qwen,C_clean,26,qwen_C_clean_L26,AND_auroc,topic,cities,0.996175097217843,0.9904517849242174,0.9994392508434169,2000,0,ok
qwen,C_clean,26,qwen_C_clean_L26,AND_auroc,topic,element_symb,0.9979423868312757,0.9893613582808544,1.0,2000,0,ok
qwen,C_clean,26,qwen_C_clean_L26,AND_auroc,topic,inventors,0.9685200610856588,0.9256067280767047,0.996459022846562,2000,0,ok
qwen,C_clean,26,qwen_C_clean_L26,AND_auroc,topic,sp_en_trans,0.9987564878892734,0.9960736973597412,1.0,2000,0,ok
qwen,C_clean,26,qwen_C_clean_L26,AND_auroc,topic_macro,all,0.99227880660481,0.983614771434398,0.9982832300347859,2000,0,ok
qwen,C_clean,26,qwen_C_clean_L26,OR_auroc,pooled,all,0.9891918750276838,0.9821075438521404,0.9947430643676122,2000,0,ok
qwen,C_clean,26,qwen_C_clean_L26,OR_auroc,topic,animal_class,0.9935709635416666,0.9714674778083869,1.0,2000,0,ok
qwen,C_clean,26,qwen_C_clean_L26,OR_auroc,topic,cities,0.9939595438643904,0.9869157769276287,0.9986136576963353,2000,0,ok
qwen,C_clean,26,qwen_C_clean_L26,OR_auroc,topic,element_symb,0.9873971193415638,0.9721069208379406,0.9993857051282051,2000,0,ok
qwen,C_clean,26,qwen_C_clean_L26,OR_auroc,topic,inventors,0.9484589754269055,0.9001721502695303,0.9874369672073079,2000,0,ok
qwen,C_clean,26,qwen_C_clean_L26,OR_auroc,topic,sp_en_trans,0.988195645905421,0.9712979173344727,0.9982670641948239,2000,0,ok
qwen,C_clean,26,qwen_C_clean_L26,OR_auroc,topic_macro,all,0.9823164496159895,0.9716405355292294,0.9920243820688952,2000,0,ok
qwen,C_clean,26,qwen_C_clean_L26,OR_mixed_vs_FF_auroc,pooled,all,0.9839448066561218,0.9735749571259819,0.9921440278935423,2000,0,ok
qwen,C_clean,26,qwen_C_clean_L26,OR_mixed_vs_FF_auroc,topic,animal_class,0.9903564453125,0.9572012167125803,1.0,2000,0,ok
qwen,C_clean,26,qwen_C_clean_L26,OR_mixed_vs_FF_auroc,topic,cities,0.9910125106977163,0.9804880722843988,0.9979239788288734,2000,0,ok
qwen,C_clean,26,qwen_C_clean_L26,OR_mixed_vs_FF_auroc,topic,element_symb,0.9810956790123457,0.9581603812569109,0.9990785576923077,2000,0,ok
qwen,C_clean,26,qwen_C_clean_L26,OR_mixed_vs_FF_auroc,topic,inventors,0.924198250728863,0.8529423657024793,0.981225955229624,2000,0,ok
qwen,C_clean,26,qwen_C_clean_L26,OR_mixed_vs_FF_auroc,topic,sp_en_trans,0.9822934688581315,0.9569468760017089,0.9974005962922359,2000,0,ok
qwen,C_clean,26,qwen_C_clean_L26,OR_mixed_vs_FF_auroc,topic_macro,all,0.9737912709219113,0.95836086805567,0.9881462628125324,2000,0,ok
qwen,R0,27,qwen_R0_L27,atomic_auroc,pooled,all,0.9983244543736037,0.9951180217821157,0.9999561798340496,2000,0,ok
qwen,R0,27,qwen_R0_L27,atomic_auroc,topic,animal_class,1.0,1.0,1.0,2000,0,ok
qwen,R0,27,qwen_R0_L27,atomic_auroc,topic,cities,0.9981757578487456,0.9942232331876942,1.0,2000,0,ok
qwen,R0,27,qwen_R0_L27,atomic_auroc,topic,element_symb,1.0,1.0,1.0,2000,0,ok
qwen,R0,27,qwen_R0_L27,atomic_auroc,topic,inventors,0.9979950991312097,0.9942111545138889,1.0,2000,0,ok
qwen,R0,27,qwen_R0_L27,atomic_auroc,topic,sp_en_trans,1.0,1.0,1.0,2000,0,ok
qwen,R0,27,qwen_R0_L27,atomic_auroc,topic_macro,all,0.9992341713959909,0.9981268824330277,0.9999235394802037,2000,0,ok
qwen,R0,27,qwen_R0_L27,AND_auroc,pooled,all,0.9824827431497699,0.9748290936734388,0.9886668110523228,2000,0,ok
qwen,R0,27,qwen_R0_L27,AND_auroc,topic,animal_class,0.9906412760416666,0.980307984141987,1.0,2000,0,ok
qwen,R0,27,qwen_R0_L27,AND_auroc,topic,cities,0.9934575019143281,0.9859839340186188,0.9975045544927036,2000,0,ok
qwen,R0,27,qwen_R0_L27,AND_auroc,topic,element_symb,0.9809670781893004,0.961650601859019,0.9979429012345679,2000,0,ok
qwen,R0,27,qwen_R0_L27,AND_auroc,topic,inventors,0.870019436345967,0.8096632716166243,0.9228955074494551,2000,0,ok
qwen,R0,27,qwen_R0_L27,AND_auroc,topic,sp_en_trans,0.9932417820069204,0.9798259039744724,0.9995541247472347,2000,0,ok
qwen,R0,27,qwen_R0_L27,AND_auroc,topic_macro,all,0.9656654148996365,0.9533354362677464,0.9778426225573091,2000,0,ok
qwen,R0,27,qwen_R0_L27,OR_auroc,pooled,all,0.7251445631812902,0.6981240944907788,0.751659868252547,2000,0,ok
qwen,R0,27,qwen_R0_L27,OR_auroc,topic,animal_class,0.7542317708333334,0.630947656840514,0.8569813802170697,2000,0,ok
qwen,R0,27,qwen_R0_L27,OR_auroc,topic,cities,0.7445535486389502,0.7120572006616025,0.775273784430242,2000,0,ok
qwen,R0,27,qwen_R0_L27,OR_auroc,topic,element_symb,0.8398276748971193,0.7896296103595792,0.9110122296670204,2000,0,ok
qwen,R0,27,qwen_R0_L27,OR_auroc,topic,inventors,0.6558031375815633,0.5375835443592296,0.759816585959975,2000,0,ok
qwen,R0,27,qwen_R0_L27,OR_auroc,topic,sp_en_trans,0.7689230103806228,0.7187883250712618,0.823500411245,2000,0,ok
qwen,R0,27,qwen_R0_L27,OR_auroc,topic_macro,all,0.7526678284663177,0.7191502672562999,0.7894922860490372,2000,0,ok
qwen,R0,27,qwen_R0_L27,OR_mixed_vs_FF_auroc,pooled,all,0.6316033975026684,0.6009421618165007,0.6624472033960996,2000,0,ok
qwen,R0,27,qwen_R0_L27,OR_mixed_vs_FF_auroc,topic,animal_class,0.6507568359375,0.4957069351887451,0.7901961453643632,2000,0,ok
qwen,R0,27,qwen_R0_L27,OR_mixed_vs_FF_auroc,topic,cities,0.6482773861537768,0.6061871691138357,0.6888684754968455,2000,0,ok
qwen,R0,27,qwen_R0_L27,OR_mixed_vs_FF_auroc,topic,element_symb,0.7604166666666666,0.6867203417524034,0.8666434168384938,2000,0,ok
qwen,R0,27,qwen_R0_L27,OR_mixed_vs_FF_auroc,topic,inventors,0.6178675551853394,0.5248112940793068,0.709818903251884,2000,0,ok
qwen,R0,27,qwen_R0_L27,OR_mixed_vs_FF_auroc,topic,sp_en_trans,0.654979455017301,0.5816269905020832,0.7352663639070565,2000,0,ok
qwen,R0,27,qwen_R0_L27,OR_mixed_vs_FF_auroc,topic_macro,all,0.6664595797921168,0.6289385671205523,0.7128568798510757,2000,0,ok
qwen,C_clean,27,qwen_C_clean_L27,atomic_auroc,pooled,all,0.8121631333093784,0.7964751074566172,0.8275988420945255,2000,0,ok
qwen,C_clean,27,qwen_C_clean_L27,atomic_auroc,topic,animal_class,0.9365234375,0.89453125,0.9736328125,2000,0,ok
qwen,C_clean,27,qwen_C_clean_L27,atomic_auroc,topic,cities,0.8640376559614432,0.8459520404486285,0.8818186680780145,2000,0,ok
qwen,C_clean,27,qwen_C_clean_L27,atomic_auroc,topic,element_symb,0.5694444444444444,0.5308641975308642,0.6111111111111112,2000,0,ok
qwen,C_clean,27,qwen_C_clean_L27,atomic_auroc,topic,inventors,0.8211182891512586,0.7669048501680682,0.8836506428070992,2000,0,ok
qwen,C_clean,27,qwen_C_clean_L27,atomic_auroc,topic,sp_en_trans,0.8639519609682867,0.8136682453073822,0.9115452244160213,2000,0,ok
qwen,C_clean,27,qwen_C_clean_L27,atomic_auroc,topic_macro,all,0.8110151576050866,0.7928719277002518,0.8305033263944196,2000,0,ok
qwen,C_clean,27,qwen_C_clean_L27,AND_auroc,pooled,all,0.9936112861443674,0.9874973622135879,0.9976051384914193,2000,0,ok
qwen,C_clean,27,qwen_C_clean_L27,AND_auroc,topic,animal_class,1.0,1.0,1.0,2000,0,ok
qwen,C_clean,27,qwen_C_clean_L27,AND_auroc,topic,cities,0.9948904328633845,0.9875058662667923,0.9991969011655607,2000,0,ok
qwen,C_clean,27,qwen_C_clean_L27,AND_auroc,topic,element_symb,0.9996784979423868,0.9978230524076456,1.0,2000,0,ok
qwen,C_clean,27,qwen_C_clean_L27,AND_auroc,topic,inventors,0.9599125364431487,0.9126447213500785,0.9924269604257758,2000,0,ok
qwen,C_clean,27,qwen_C_clean_L27,AND_auroc,topic,sp_en_trans,0.9976030853517878,0.992052017066966,1.0,2000,0,ok
qwen,C_clean,27,qwen_C_clean_L27,AND_auroc,topic_macro,all,0.9904169105201415,0.9809295447471933,0.9971476046306873,2000,0,ok
qwen,C_clean,27,qwen_C_clean_L27,OR_auroc,pooled,all,0.9856672767825887,0.9770980613040562,0.9921616505103905,2000,0,ok
qwen,C_clean,27,qwen_C_clean_L27,OR_auroc,topic,animal_class,0.9950358072916666,0.9816214416896235,1.0,2000,0,ok
qwen,C_clean,27,qwen_C_clean_L27,OR_auroc,topic,cities,0.9922019278410883,0.9837987469357331,0.9977586066693594,2000,0,ok
qwen,C_clean,27,qwen_C_clean_L27,OR_auroc,topic,element_symb,0.9823173868312757,0.9589801440739438,0.9982698961937716,2000,0,ok
qwen,C_clean,27,qwen_C_clean_L27,OR_auroc,topic,inventors,0.9344370401221713,0.8838564197530865,0.9800184914560783,2000,0,ok
qwen,C_clean,27,qwen_C_clean_L27,OR_auroc,topic,sp_en_trans,0.9807706170703575,0.9610091581251505,0.9953963584962555,2000,0,ok
qwen,C_clean,27,qwen_C_clean_L27,OR_auroc,topic_macro,all,0.9769525558313118,0.9662937209031657,0.9882369933059885,2000,0,ok
qwen,C_clean,27,qwen_C_clean_L27,OR_mixed_vs_FF_auroc,pooled,all,0.9786964880470147,0.9662443533594528,0.9883117516441361,2000,0,ok
qwen,C_clean,27,qwen_C_clean_L27,OR_mixed_vs_FF_auroc,topic,animal_class,0.9925537109375,0.9724321625344353,1.0,2000,0,ok
qwen,C_clean,27,qwen_C_clean_L27,OR_mixed_vs_FF_auroc,topic,cities,0.98832400567542,0.9758148763208644,0.9966379100040391,2000,0,ok
qwen,C_clean,27,qwen_C_clean_L27,OR_mixed_vs_FF_auroc,topic,element_symb,0.9734760802469136,0.9384702161109159,0.9974048442906575,2000,0,ok
qwen,C_clean,27,qwen_C_clean_L27,OR_mixed_vs_FF_auroc,topic,inventors,0.9052998750520617,0.835300324346724,0.9707691602478348,2000,0,ok
qwen,C_clean,27,qwen_C_clean_L27,OR_mixed_vs_FF_auroc,topic,sp_en_trans,0.9711559256055363,0.9415137371877259,0.9930945377443833,2000,0,ok
qwen,C_clean,27,qwen_C_clean_L27,OR_mixed_vs_FF_auroc,topic_macro,all,0.9661619195034863,0.9506163192402166,0.9825470610604944,2000,0,ok
llama,R0,0,llama_R0_L00,atomic_auroc,pooled,all,0.5565740755206299,0.5284304749836198,0.585747838690414,2000,0,ok
llama,R0,0,llama_R0_L00,atomic_auroc,topic,animal_class,0.78125,0.595654296875,0.9355712890624999,2000,0,ok
llama,R0,0,llama_R0_L00,atomic_auroc,topic,cities,0.521969731093194,0.48430757623530474,0.559345862798973,2000,0,ok
llama,R0,0,llama_R0_L00,atomic_auroc,topic,element_symb,0.4637345679012346,0.35952932098765433,0.5532600308641974,2000,0,ok
llama,R0,0,llama_R0_L00,atomic_auroc,topic,inventors,0.6571619514368456,0.5895647451280125,0.7327841047346505,2000,0,ok
llama,R0,0,llama_R0_L00,atomic_auroc,topic,sp_en_trans,0.5205479452054794,0.44920374086338183,0.5880953858024691,2000,0,ok
llama,R0,0,llama_R0_L00,atomic_auroc,topic_macro,all,0.5889328391273507,0.540838934479262,0.6313816210369331,2000,0,ok
llama,R0,0,llama_R0_L00,AND_auroc,pooled,all,0.5128192213663453,0.48835066296209506,0.5388869832565756,2000,0,ok
llama,R0,0,llama_R0_L00,AND_auroc,topic,animal_class,0.72998046875,0.55160076127576,0.9039303363587312,2000,0,ok
llama,R0,0,llama_R0_L00,AND_auroc,topic,cities,0.5081865681726049,0.47248100505414653,0.5447368879172734,2000,0,ok
llama,R0,0,llama_R0_L00,AND_auroc,topic,element_symb,0.5133101851851852,0.39046130952380953,0.6316983245605405,2000,0,ok
llama,R0,0,llama_R0_L00,AND_auroc,topic,inventors,0.523462446202971,0.4322948779790299,0.6263017965435272,2000,0,ok
llama,R0,0,llama_R0_L00,AND_auroc,topic,sp_en_trans,0.5234284890426759,0.4087320085766733,0.6448099003374222,2000,0,ok
llama,R0,0,llama_R0_L00,AND_auroc,topic_macro,all,0.5596736314706874,0.511886518334899,0.6158996274190766,2000,0,ok
llama,R0,0,llama_R0_L00,OR_auroc,pooled,all,0.5153689915369635,0.4888785463990668,0.5426840531084977,2000,0,ok
llama,R0,0,llama_R0_L00,OR_auroc,topic,animal_class,0.6752115885416666,0.5451095539019456,0.8298815901360543,2000,0,ok
llama,R0,0,llama_R0_L00,OR_auroc,topic,cities,0.510395552752879,0.4769991925633892,0.5449887094284334,2000,0,ok
llama,R0,0,llama_R0_L00,OR_auroc,topic,element_symb,0.506494341563786,0.3671737290851417,0.6340667367928938,2000,0,ok
llama,R0,0,llama_R0_L00,OR_auroc,topic,inventors,0.5153755379702901,0.4216077385024677,0.6127686805555556,2000,0,ok
llama,R0,0,llama_R0_L00,OR_auroc,topic,sp_en_trans,0.534566032295271,0.4215249810992754,0.6586921618620307,2000,0,ok
llama,R0,0,llama_R0_L00,OR_auroc,topic_macro,all,0.5484086106247785,0.5037521807829731,0.6028055212137304,2000,0,ok
llama,R0,0,llama_R0_L00,OR_mixed_vs_FF_auroc,pooled,all,0.5124984461333367,0.4920693454185291,0.5337176093524753,2000,0,ok
llama,R0,0,llama_R0_L00,OR_mixed_vs_FF_auroc,topic,animal_class,0.6263427734375,0.5195272146177686,0.7779063075041968,2000,0,ok
llama,R0,0,llama_R0_L00,OR_mixed_vs_FF_auroc,topic,cities,0.5082794693932706,0.4828629812513116,0.5346526338929486,2000,0,ok
llama,R0,0,llama_R0_L00,OR_mixed_vs_FF_auroc,topic,element_symb,0.5016396604938271,0.3891748445161414,0.5975572508432623,2000,0,ok
llama,R0,0,llama_R0_L00,OR_mixed_vs_FF_auroc,topic,inventors,0.5162952936276551,0.43582853759650747,0.5935905363321798,2000,0,ok
llama,R0,0,llama_R0_L00,OR_mixed_vs_FF_auroc,topic,sp_en_trans,0.5283845155709342,0.4423475231062644,0.627278090864693,2000,0,ok
llama,R0,0,llama_R0_L00,OR_mixed_vs_FF_auroc,topic_macro,all,0.5361883425046374,0.5009229548856657,0.5823005512699448,2000,0,ok
llama,C_clean,0,llama_C_clean_L00,atomic_auroc,pooled,all,0.4950358543329844,0.48660642592894465,0.5035605452586861,2000,0,ok
llama,C_clean,0,llama_C_clean_L00,atomic_auroc,topic,animal_class,0.501953125,0.4833984375,0.52734375,2000,0,ok
llama,C_clean,0,llama_C_clean_L00,atomic_auroc,topic,cities,0.5048871672447187,0.49551737534345297,0.5139557339759471,2000,0,ok
llama,C_clean,0,llama_C_clean_L00,atomic_auroc,topic,element_symb,0.4976851851851852,0.4691358024691358,0.5231481481481481,2000,0,ok
llama,C_clean,0,llama_C_clean_L00,atomic_auroc,topic,inventors,0.4176876809979951,0.34697183849546803,0.4847743860640162,2000,0,ok
llama,C_clean,0,llama_C_clean_L00,atomic_auroc,topic,sp_en_trans,0.5017826984424845,0.45591091294840325,0.5517773319898446,2000,0,ok
llama,C_clean,0,llama_C_clean_L00,atomic_auroc,topic_macro,all,0.48479917137407663,0.4668120748632938,0.5036347514282399,2000,0,ok
llama,C_clean,0,llama_C_clean_L00,AND_auroc,pooled,all,0.5384351598232235,0.4982899116285094,0.5793540076279144,2000,0,ok
llama,C_clean,0,llama_C_clean_L00,AND_auroc,topic,animal_class,0.490966796875,0.39900283290198474,0.5713198627721382,2000,0,ok
llama,C_clean,0,llama_C_clean_L00,AND_auroc,topic,cities,0.5281969280663034,0.47263667095258455,0.5822317453151696,2000,0,ok
llama,C_clean,0,llama_C_clean_L00,AND_auroc,topic,element_symb,0.5268132716049383,0.3468760492097233,0.7270208664882327,2000,0,ok
llama,C_clean,0,llama_C_clean_L00,AND_auroc,topic,inventors,0.6200888518672775,0.5136048378028898,0.7347443276954063,2000,0,ok
llama,C_clean,0,llama_C_clean_L00,AND_auroc,topic,sp_en_trans,0.5655096597462514,0.445359763119587,0.6733722130047078,2000,0,ok
llama,C_clean,0,llama_C_clean_L00,AND_auroc,topic_macro,all,0.5463151016319541,0.4935461266945329,0.6015765552121383,2000,0,ok
llama,C_clean,0,llama_C_clean_L00,OR_auroc,pooled,all,0.5376414375874273,0.49684714196661367,0.5783167654583318,2000,0,ok
llama,C_clean,0,llama_C_clean_L00,OR_auroc,topic,animal_class,0.491943359375,0.4120797692186516,0.5817314814814816,2000,0,ok
llama,C_clean,0,llama_C_clean_L00,OR_auroc,topic,cities,0.5284718781436272,0.47404483141251097,0.5818069520801182,2000,0,ok
llama,C_clean,0,llama_C_clean_L00,OR_auroc,topic,element_symb,0.5318930041152263,0.32686755399350165,0.737280606752783,2000,0,ok
llama,C_clean,0,llama_C_clean_L00,OR_auroc,topic,inventors,0.6047827294182979,0.500546446877362,0.7145081796252207,2000,0,ok
llama,C_clean,0,llama_C_clean_L00,OR_auroc,topic,sp_en_trans,0.5616349480968859,0.44249516307182374,0.6735758072481431,2000,0,ok
llama,C_clean,0,llama_C_clean_L00,OR_auroc,topic_macro,all,0.5437451838298075,0.4889339895354916,0.6005676195833706,2000,0,ok
llama,C_clean,0,llama_C_clean_L00,OR_mixed_vs_FF_auroc,pooled,all,0.5278184998006764,0.49717987558744625,0.5582648722597003,2000,0,ok
llama,C_clean,0,llama_C_clean_L00,OR_mixed_vs_FF_auroc,topic,animal_class,0.4896240234375,0.4216246817252421,0.5604829101562498,2000,0,ok
llama,C_clean,0,llama_C_clean_L00,OR_mixed_vs_FF_auroc,topic,cities,0.52115473402099,0.48047376968449246,0.5621238023371111,2000,0,ok
llama,C_clean,0,llama_C_clean_L00,OR_mixed_vs_FF_auroc,topic,element_symb,0.5265239197530864,0.3605544217687075,0.6939066080905217,2000,0,ok
llama,C_clean,0,llama_C_clean_L00,OR_mixed_vs_FF_auroc,topic,inventors,0.5763223656809663,0.49811649435298083,0.6662183309600095,2000,0,ok
llama,C_clean,0,llama_C_clean_L00,OR_mixed_vs_FF_auroc,topic,sp_en_trans,0.546280276816609,0.45295888576018645,0.6357310466121554,2000,0,ok
llama,C_clean,0,llama_C_clean_L00,OR_mixed_vs_FF_auroc,topic_macro,all,0.5319810639418303,0.48806402973479934,0.5776125433880095,2000,0,ok
llama,R0,1,llama_R0_L01,atomic_auroc,pooled,all,0.5980682404036932,0.5651870969729129,0.6290980265571353,2000,0,ok
llama,R0,1,llama_R0_L01,atomic_auroc,topic,animal_class,0.7646484375,0.6073974609375,0.896484375,2000,0,ok
llama,R0,1,llama_R0_L01,atomic_auroc,topic,cities,0.6025516868609522,0.5538683505247511,0.6492666433944416,2000,0,ok
llama,R0,1,llama_R0_L01,atomic_auroc,topic,element_symb,0.4861111111111111,0.38503086419753085,0.5825810185185184,2000,0,ok
llama,R0,1,llama_R0_L01,atomic_auroc,topic,inventors,0.6865671641791045,0.6147739550264756,0.7682271649901722,2000,0,ok
llama,R0,1,llama_R0_L01,atomic_auroc,topic,sp_en_trans,0.5117282792268718,0.4409531992749906,0.5790895061728395,2000,0,ok
llama,R0,1,llama_R0_L01,atomic_auroc,topic_macro,all,0.6103213357756079,0.568150925996666,0.6489445611372743,2000,0,ok
llama,R0,1,llama_R0_L01,AND_auroc,pooled,all,0.5193404604017621,0.48861993326742464,0.5482786560177266,2000,0,ok
llama,R0,1,llama_R0_L01,AND_auroc,topic,animal_class,0.6354166666666666,0.510994771120973,0.7647583289599924,2000,0,ok
llama,R0,1,llama_R0_L01,AND_auroc,topic,cities,0.5480486990075523,0.49562940062411426,0.6011173540967499,2000,0,ok
llama,R0,1,llama_R0_L01,AND_auroc,topic,element_symb,0.5245627572016461,0.38166277905157414,0.6500901778296259,2000,0,ok
llama,R0,1,llama_R0_L01,AND_auroc,topic,inventors,0.4502984867416354,0.36989262991726934,0.5366693080929997,2000,0,ok
llama,R0,1,llama_R0_L01,AND_auroc,topic,sp_en_trans,0.5095696366782007,0.4136195674387814,0.604265005586668,2000,0,ok
llama,R0,1,llama_R0_L01,AND_auroc,topic_macro,all,0.5335792492591402,0.48502870213031174,0.5810593889646691,2000,0,ok
llama,R0,1,llama_R0_L01,OR_auroc,pooled,all,0.5044708494613976,0.46849948530143576,0.5413294464857148,2000,0,ok
llama,R0,1,llama_R0_L01,OR_auroc,topic,animal_class,0.657958984375,0.53046317624683,0.7719788953993055,2000,0,ok
llama,R0,1,llama_R0_L01,OR_auroc,topic,cities,0.5363131165262826,0.48371108759841625,0.5854717590112537,2000,0,ok
llama,R0,1,llama_R0_L01,OR_auroc,topic,element_symb,0.518968621399177,0.36541773110358183,0.6567683282578969,2000,0,ok
llama,R0,1,llama_R0_L01,OR_auroc,topic,inventors,0.3778980980147161,0.20398445319219213,0.5591571587624591,2000,0,ok
llama,R0,1,llama_R0_L01,OR_auroc,topic,sp_en_trans,0.5043613033448674,0.40601495883007244,0.6009134257282154,2000,0,ok
llama,R0,1,llama_R0_L01,OR_auroc,topic_macro,all,0.5191000247320086,0.4615214390301657,0.5765815447217706,2000,0,ok
llama,R0,1,llama_R0_L01,OR_mixed_vs_FF_auroc,pooled,all,0.5000246475401755,0.468357981967918,0.5311697224708901,2000,0,ok
llama,R0,1,llama_R0_L01,OR_mixed_vs_FF_auroc,topic,animal_class,0.617431640625,0.5301076485072329,0.7019392006802722,2000,0,ok
llama,R0,1,llama_R0_L01,OR_mixed_vs_FF_auroc,topic,cities,0.5243626413224629,0.48231911341504086,0.564633594604435,2000,0,ok
llama,R0,1,llama_R0_L01,OR_mixed_vs_FF_auroc,topic,element_symb,0.5135030864197531,0.39255857428348084,0.6188983916966871,2000,0,ok
llama,R0,1,llama_R0_L01,OR_mixed_vs_FF_auroc,topic,inventors,0.39728238234069135,0.22489259109708973,0.5723733925838433,2000,0,ok
llama,R0,1,llama_R0_L01,OR_mixed_vs_FF_auroc,topic,sp_en_trans,0.5010813148788927,0.42285817375032064,0.5758385276199007,2000,0,ok
llama,R0,1,llama_R0_L01,OR_mixed_vs_FF_auroc,topic_macro,all,0.51073221311736,0.462854085197825,0.5610720372527847,2000,0,ok
llama,C_clean,1,llama_C_clean_L01,atomic_auroc,pooled,all,0.48272117983408586,0.47049226715117654,0.4950182389163596,2000,0,ok
llama,C_clean,1,llama_C_clean_L01,atomic_auroc,topic,animal_class,0.4970703125,0.4726318359375,0.5283203125,2000,0,ok
llama,C_clean,1,llama_C_clean_L01,atomic_auroc,topic,cities,0.4971172469708572,0.4886376176748795,0.5060717985676321,2000,0,ok
llama,C_clean,1,llama_C_clean_L01,atomic_auroc,topic,element_symb,0.5092592592592593,0.470679012345679,0.5532407407407407,2000,0,ok
llama,C_clean,1,llama_C_clean_L01,atomic_auroc,topic,inventors,0.34484294943194477,0.28130757484074986,0.3957586758630363,2000,0,ok
llama,C_clean,1,llama_C_clean_L01,atomic_auroc,topic,sp_en_trans,0.5117282792268718,0.41591120436487233,0.6024309677075724,2000,0,ok
llama,C_clean,1,llama_C_clean_L01,atomic_auroc,topic_macro,all,0.4720036094777866,0.44847576054194216,0.4950346161403092,2000,0,ok
llama,C_clean,1,llama_C_clean_L01,AND_auroc,pooled,all,0.5298653172674237,0.4886797112368767,0.5732333409842987,2000,0,ok
llama,C_clean,1,llama_C_clean_L01,AND_auroc,topic,animal_class,0.5436197916666666,0.4736186952622138,0.6351793469585771,2000,0,ok
llama,C_clean,1,llama_C_clean_L01,AND_auroc,topic,cities,0.5265444124138552,0.46817311127493594,0.5876002315602257,2000,0,ok
llama,C_clean,1,llama_C_clean_L01,AND_auroc,topic,element_symb,0.5178755144032922,0.3932942708333333,0.6459122276158883,2000,0,ok
llama,C_clean,1,llama_C_clean_L01,AND_auroc,topic,inventors,0.6350826044703596,0.5160940710919785,0.7481763574882119,2000,0,ok
llama,C_clean,1,llama_C_clean_L01,AND_auroc,topic,sp_en_trans,0.5091190888119954,0.4086613160889356,0.6081576105040842,2000,0,ok
llama,C_clean,1,llama_C_clean_L01,AND_auroc,topic_macro,all,0.5464482823532337,0.5030757922762463,0.5923735777908025,2000,0,ok
llama,C_clean,1,llama_C_clean_L01,OR_auroc,pooled,all,0.5302636072282305,0.4889973929980276,0.572852102889038,2000,0,ok
llama,C_clean,1,llama_C_clean_L01,OR_auroc,topic,animal_class,0.537109375,0.44553592319391166,0.6386980701345336,2000,0,ok
llama,C_clean,1,llama_C_clean_L01,OR_auroc,topic,cities,0.5296242286383496,0.4742028839740303,0.5901522074500865,2000,0,ok
llama,C_clean,1,llama_C_clean_L01,OR_auroc,topic,element_symb,0.5184542181069959,0.38977985224807443,0.6495577876984127,2000,0,ok
llama,C_clean,1,llama_C_clean_L01,OR_auroc,topic,inventors,0.5995418575593503,0.45908697680461075,0.7182493570702206,2000,0,ok
llama,C_clean,1,llama_C_clean_L01,OR_auroc,topic,sp_en_trans,0.5088848039215687,0.40380782369867124,0.6114265142806893,2000,0,ok
llama,C_clean,1,llama_C_clean_L01,OR_auroc,topic_macro,all,0.5387228966452529,0.4916507163751673,0.5862825407149943,2000,0,ok
llama,C_clean,1,llama_C_clean_L01,OR_mixed_vs_FF_auroc,pooled,all,0.5226864532832667,0.49133251030612163,0.5549752127858767,2000,0,ok
llama,C_clean,1,llama_C_clean_L01,OR_mixed_vs_FF_auroc,topic,animal_class,0.531005859375,0.45456939253328804,0.613843998015873,2000,0,ok
llama,C_clean,1,llama_C_clean_L01,OR_mixed_vs_FF_auroc,topic,cities,0.5229283027791541,0.48138189244445134,0.568721789129751,2000,0,ok
llama,C_clean,1,llama_C_clean_L01,OR_mixed_vs_FF_auroc,topic,element_symb,0.5155285493827161,0.42131489432679065,0.6202109782769123,2000,0,ok
llama,C_clean,1,llama_C_clean_L01,OR_mixed_vs_FF_auroc,topic,inventors,0.5653373594335693,0.45394689776274716,0.6615328602029047,2000,0,ok
llama,C_clean,1,llama_C_clean_L01,OR_mixed_vs_FF_auroc,topic,sp_en_trans,0.5072988754325259,0.42653015339663986,0.5885059477894214,2000,0,ok
llama,C_clean,1,llama_C_clean_L01,OR_mixed_vs_FF_auroc,topic_macro,all,0.5284197892805931,0.4924943003272511,0.5665977647989627,2000,0,ok
llama,R0,2,llama_R0_L02,atomic_auroc,pooled,all,0.6573606836538611,0.6290396734539394,0.6855173705150645,2000,0,ok
llama,R0,2,llama_R0_L02,atomic_auroc,topic,animal_class,0.6767578125,0.55078125,0.8037109375,2000,0,ok
llama,R0,2,llama_R0_L02,atomic_auroc,topic,cities,0.706702400792757,0.6660828904103419,0.7453524052970587,2000,0,ok
llama,R0,2,llama_R0_L02,atomic_auroc,topic,element_symb,0.5061728395061729,0.4251350308641975,0.5887345679012346,2000,0,ok
llama,R0,2,llama_R0_L02,atomic_auroc,topic,inventors,0.6760971263087547,0.6059422769831054,0.751150211094267,2000,0,ok
llama,R0,2,llama_R0_L02,atomic_auroc,topic,sp_en_trans,0.5867892662788515,0.5154278952168562,0.6597936158951335,2000,0,ok
llama,R0,2,llama_R0_L02,atomic_auroc,topic_macro,all,0.6305038890773071,0.5962675890691753,0.6664948648900034,2000,0,ok
llama,R0,2,llama_R0_L02,AND_auroc,pooled,all,0.514448459493018,0.48970161447925753,0.5392677973353469,2000,0,ok
llama,R0,2,llama_R0_L02,AND_auroc,topic,animal_class,0.4877115885416667,0.28450896429670663,0.6945601250855372,2000,0,ok
llama,R0,2,llama_R0_L02,AND_auroc,topic,cities,0.5213081617945138,0.4773056241728662,0.5634734290498545,2000,0,ok
llama,R0,2,llama_R0_L02,AND_auroc,topic,element_symb,0.5695730452674898,0.417517097498454,0.7258330463728191,2000,0,ok
llama,R0,2,llama_R0_L02,AND_auroc,topic,inventors,0.5821532694710537,0.455392066976584,0.7481582614663512,2000,0,ok
llama,R0,2,llama_R0_L02,AND_auroc,topic,sp_en_trans,0.5652213091118801,0.47415308840758447,0.6568732827106177,2000,0,ok
llama,R0,2,llama_R0_L02,AND_auroc,topic_macro,all,0.5451934748373208,0.48658434089073566,0.6087170277983837,2000,0,ok
llama,R0,2,llama_R0_L02,OR_auroc,pooled,all,0.5215994610404548,0.4933133814032787,0.5501036921542787,2000,0,ok
llama,R0,2,llama_R0_L02,OR_auroc,topic,animal_class,0.5955403645833334,0.39813802383698577,0.8036480067443207,2000,0,ok
llama,R0,2,llama_R0_L02,OR_auroc,topic,cities,0.5204532828851554,0.4733681036401369,0.5678095875396872,2000,0,ok
llama,R0,2,llama_R0_L02,OR_auroc,topic,element_symb,0.5804398148148148,0.4209249191329566,0.7270864357461734,2000,0,ok
llama,R0,2,llama_R0_L02,OR_auroc,topic,inventors,0.5129459947244204,0.42637582860842116,0.6118111483517661,2000,0,ok
llama,R0,2,llama_R0_L02,OR_auroc,topic,sp_en_trans,0.5428561130334487,0.4578652065527065,0.6264025422208424,2000,0,ok
llama,R0,2,llama_R0_L02,OR_auroc,topic_macro,all,0.5504471140082345,0.49204360473598047,0.6103655453888813,2000,0,ok
llama,R0,2,llama_R0_L02,OR_mixed_vs_FF_auroc,pooled,all,0.5195637171062502,0.4925261747607261,0.5466230767657342,2000,0,ok
llama,R0,2,llama_R0_L02,OR_mixed_vs_FF_auroc,topic,animal_class,0.6026611328125,0.3498716963404556,0.8528192672232722,2000,0,ok
llama,R0,2,llama_R0_L02,OR_mixed_vs_FF_auroc,topic,cities,0.5166180577451466,0.4794996733722329,0.5545142900000712,2000,0,ok
llama,R0,2,llama_R0_L02,OR_mixed_vs_FF_auroc,topic,element_symb,0.5669367283950617,0.43153792711937716,0.6972818196927462,2000,0,ok
llama,R0,2,llama_R0_L02,OR_mixed_vs_FF_auroc,topic,inventors,0.5071845064556435,0.40553124362309967,0.6218662905424944,2000,0,ok
llama,R0,2,llama_R0_L02,OR_mixed_vs_FF_auroc,topic,sp_en_trans,0.526924740484429,0.45527012791999516,0.5981776382141174,2000,0,ok
llama,R0,2,llama_R0_L02,OR_mixed_vs_FF_auroc,topic_macro,all,0.5440650331785561,0.48009722283696277,0.6089308987378733,2000,0,ok
llama,C_clean,2,llama_C_clean_L02,atomic_auroc,pooled,all,0.5101509162773985,0.4978740589005159,0.5229759194733024,2000,0,ok
llama,C_clean,2,llama_C_clean_L02,atomic_auroc,topic,animal_class,0.626953125,0.564453125,0.6875244140624999,2000,0,ok
llama,C_clean,2,llama_C_clean_L02,atomic_auroc,topic,cities,0.5009459033376875,0.48870349308589706,0.5140320255844332,2000,0,ok
llama,C_clean,2,llama_C_clean_L02,atomic_auroc,topic,element_symb,0.4837962962962963,0.4212770061728395,0.5354938271604939,2000,0,ok
llama,C_clean,2,llama_C_clean_L02,atomic_auroc,topic,inventors,0.4577856983738026,0.39535676534053416,0.5205613897628826,2000,0,ok
llama,C_clean,2,llama_C_clean_L02,atomic_auroc,topic,sp_en_trans,0.5464439857384125,0.5100168296507184,0.5896503441808055,2000,0,ok
llama,C_clean,2,llama_C_clean_L02,atomic_auroc,topic_macro,all,0.5231850017492399,0.5013704841833894,0.5457841029485653,2000,0,ok
llama,C_clean,2,llama_C_clean_L02,AND_auroc,pooled,all,0.556387142128433,0.5136342440088797,0.5973535384188485,2000,0,ok
llama,C_clean,2,llama_C_clean_L02,AND_auroc,topic,animal_class,0.537841796875,0.4333816346360885,0.6498325252525253,2000,0,ok
llama,C_clean,2,llama_C_clean_L02,AND_auroc,topic,cities,0.553999069111001,0.49379644280894797,0.6171846481084695,2000,0,ok
llama,C_clean,2,llama_C_clean_L02,AND_auroc,topic,element_symb,0.5475180041152263,0.41185276622558287,0.6836498513965835,2000,0,ok
llama,C_clean,2,llama_C_clean_L02,AND_auroc,topic,inventors,0.6547271970012495,0.5304269051089824,0.7734700543692212,2000,0,ok
llama,C_clean,2,llama_C_clean_L02,AND_auroc,topic,sp_en_trans,0.5353950403690888,0.4389515814790435,0.6368432691924426,2000,0,ok
llama,C_clean,2,llama_C_clean_L02,AND_auroc,topic_macro,all,0.5658962214943132,0.5212622385931192,0.6140448732518715,2000,0,ok
llama,C_clean,2,llama_C_clean_L02,OR_auroc,pooled,all,0.5587700948894576,0.5147245682488963,0.6000108511740677,2000,0,ok
llama,C_clean,2,llama_C_clean_L02,OR_auroc,topic,animal_class,0.5301106770833334,0.41183936026936024,0.6572631787554498,2000,0,ok
llama,C_clean,2,llama_C_clean_L02,OR_auroc,topic,cities,0.5566641142290888,0.4966343223965563,0.6210291900872521,2000,0,ok
llama,C_clean,2,llama_C_clean_L02,OR_auroc,topic,element_symb,0.5459104938271605,0.4022600308641975,0.6909403372963061,2000,0,ok
llama,C_clean,2,llama_C_clean_L02,OR_auroc,topic,inventors,0.6561502151881161,0.547172626218644,0.7565493503213956,2000,0,ok
llama,C_clean,2,llama_C_clean_L02,OR_auroc,topic,sp_en_trans,0.5364763552479815,0.44156816911561997,0.6433958131445643,2000,0,ok
llama,C_clean,2,llama_C_clean_L02,OR_auroc,topic_macro,all,0.565062371115136,0.5190832971917443,0.616079220821068,2000,0,ok
llama,C_clean,2,llama_C_clean_L02,OR_mixed_vs_FF_auroc,pooled,all,0.5447261765449721,0.5113607304782225,0.5767065984467384,2000,0,ok
llama,C_clean,2,llama_C_clean_L02,OR_mixed_vs_FF_auroc,topic,animal_class,0.5174560546875,0.3836000436358754,0.6519890761956936,2000,0,ok
llama,C_clean,2,llama_C_clean_L02,OR_mixed_vs_FF_auroc,topic,cities,0.5439859127967208,0.4983659312855852,0.5934626128417037,2000,0,ok
llama,C_clean,2,llama_C_clean_L02,OR_mixed_vs_FF_auroc,topic,element_symb,0.5372299382716049,0.42366826987236317,0.6578942962586292,2000,0,ok
llama,C_clean,2,llama_C_clean_L02,OR_mixed_vs_FF_auroc,topic,inventors,0.6152124114952103,0.5249496596401472,0.7071762152777777,2000,0,ok
llama,C_clean,2,llama_C_clean_L02,OR_mixed_vs_FF_auroc,topic,sp_en_trans,0.5279790224913494,0.4566896075219304,0.614611183449074,2000,0,ok
llama,C_clean,2,llama_C_clean_L02,OR_mixed_vs_FF_auroc,topic_macro,all,0.5483726679484772,0.5094424214753831,0.5932571053603065,2000,0,ok
llama,R0,3,llama_R0_L03,atomic_auroc,pooled,all,0.8315002577762503,0.8066841692170695,0.8553399522551969,2000,0,ok
llama,R0,3,llama_R0_L03,atomic_auroc,topic,animal_class,0.7685546875,0.6747802734375,0.87109375,2000,0,ok
llama,R0,3,llama_R0_L03,atomic_auroc,topic,cities,0.9057925318679338,0.8768391626503311,0.9316582023332283,2000,0,ok
llama,R0,3,llama_R0_L03,atomic_auroc,topic,element_symb,0.7507716049382716,0.6743634259259259,0.8395061728395061,2000,0,ok
llama,R0,3,llama_R0_L03,atomic_auroc,topic,inventors,0.7589663622187569,0.6858961676828951,0.8319690706248344,2000,0,ok
llama,R0,3,llama_R0_L03,atomic_auroc,topic,sp_en_trans,0.7078251079001688,0.6252723948106667,0.789134161834728,2000,0,ok
llama,R0,3,llama_R0_L03,atomic_auroc,topic_macro,all,0.7783820588850262,0.7461460040354059,0.8138041622912753,2000,0,ok
llama,R0,3,llama_R0_L03,AND_auroc,pooled,all,0.5730428067047024,0.5404566583975936,0.6062831303401371,2000,0,ok
llama,R0,3,llama_R0_L03,AND_auroc,topic,animal_class,0.6167805989583334,0.42549032484020666,0.8498501232993194,2000,0,ok
llama,R0,3,llama_R0_L03,AND_auroc,topic,cities,0.5973783087848896,0.5496917935258367,0.643958733790126,2000,0,ok
llama,R0,3,llama_R0_L03,AND_auroc,topic,element_symb,0.5450102880658436,0.42240098852040814,0.6771863557006654,2000,0,ok
llama,R0,3,llama_R0_L03,AND_auroc,topic,inventors,0.6382757184506456,0.4680189219008671,0.7950615818841656,2000,0,ok
llama,R0,3,llama_R0_L03,AND_auroc,topic,sp_en_trans,0.6060049019607843,0.5055322809246574,0.7070994867149757,2000,0,ok
llama,R0,3,llama_R0_L03,AND_auroc,topic_macro,all,0.6006899632440994,0.5404543936743825,0.6667219595903965,2000,0,ok
llama,R0,3,llama_R0_L03,OR_auroc,pooled,all,0.5694699850114379,0.5313109444302734,0.6051697661590346,2000,0,ok
llama,R0,3,llama_R0_L03,OR_auroc,topic,animal_class,0.5254720052083334,0.368272100605365,0.6598682526033923,2000,0,ok
llama,R0,3,llama_R0_L03,OR_auroc,topic,cities,0.589599942945513,0.5346378050668913,0.639945391272236,2000,0,ok
llama,R0,3,llama_R0_L03,OR_auroc,topic,element_symb,0.5517618312757202,0.3885547692973497,0.7158029336734693,2000,0,ok
llama,R0,3,llama_R0_L03,OR_auroc,topic,inventors,0.5780230459530751,0.4582156643836673,0.6776574241810142,2000,0,ok
llama,R0,3,llama_R0_L03,OR_auroc,topic,sp_en_trans,0.6140967416378316,0.505554446512546,0.7148622567082387,2000,0,ok
llama,R0,3,llama_R0_L03,OR_auroc,topic_macro,all,0.5717907134040947,0.5149881771588113,0.6261254344345857,2000,0,ok
llama,R0,3,llama_R0_L03,OR_mixed_vs_FF_auroc,pooled,all,0.5515444363000399,0.5141100875044111,0.5861925482218586,2000,0,ok
llama,R0,3,llama_R0_L03,OR_mixed_vs_FF_auroc,topic,animal_class,0.50244140625,0.29447943239795915,0.6941073233663911,2000,0,ok
llama,R0,3,llama_R0_L03,OR_mixed_vs_FF_auroc,topic,cities,0.5697026597900996,0.5175868529170657,0.618206780763796,2000,0,ok
llama,R0,3,llama_R0_L03,OR_mixed_vs_FF_auroc,topic,element_symb,0.5406057098765432,0.4011646662341407,0.6753141403279719,2000,0,ok
llama,R0,3,llama_R0_L03,OR_mixed_vs_FF_auroc,topic,inventors,0.5398792169929196,0.4257844492701354,0.6422104559226903,2000,0,ok
llama,R0,3,llama_R0_L03,OR_mixed_vs_FF_auroc,topic,sp_en_trans,0.5915603373702422,0.4999604108723304,0.6796590089051306,2000,0,ok
llama,R0,3,llama_R0_L03,OR_mixed_vs_FF_auroc,topic_macro,all,0.548837866055961,0.49037115543621135,0.6073460154830376,2000,0,ok
llama,C_clean,3,llama_C_clean_L03,atomic_auroc,pooled,all,0.4938563327032136,0.48201393884069166,0.505191412911797,2000,0,ok
llama,C_clean,3,llama_C_clean_L03,atomic_auroc,topic,animal_class,0.5625,0.4989990234375,0.6259765625,2000,0,ok
llama,C_clean,3,llama_C_clean_L03,atomic_auroc,topic,cities,0.4984572766992478,0.49108063825953785,0.5062964506103329,2000,0,ok
llama,C_clean,3,llama_C_clean_L03,atomic_auroc,topic,element_symb,0.5007716049382716,0.45447530864197533,0.5540316358024691,2000,0,ok
llama,C_clean,3,llama_C_clean_L03,atomic_auroc,topic,inventors,0.44152372466028067,0.35845990036965314,0.5321316061692208,2000,0,ok
llama,C_clean,3,llama_C_clean_L03,atomic_auroc,topic,sp_en_trans,0.4880840683054982,0.44712577160493827,0.5256953970864766,2000,0,ok
llama,C_clean,3,llama_C_clean_L03,atomic_auroc,topic_macro,all,0.4982673349206596,0.4736136766126329,0.5250752427766566,2000,0,ok
llama,C_clean,3,llama_C_clean_L03,AND_auroc,pooled,all,0.6423631204214515,0.6008558059048716,0.6834685863388179,2000,0,ok
llama,C_clean,3,llama_C_clean_L03,AND_auroc,topic,animal_class,0.609375,0.4995491602259215,0.7364749828788986,2000,0,ok
llama,C_clean,3,llama_C_clean_L03,AND_auroc,topic,cities,0.6165807095776467,0.5567552059912002,0.67687872454551,2000,0,ok
llama,C_clean,3,llama_C_clean_L03,AND_auroc,topic,element_symb,0.7991898148148148,0.6886545841805427,0.9028354889280815,2000,0,ok
llama,C_clean,3,llama_C_clean_L03,AND_auroc,topic,inventors,0.6781896432042205,0.5689716285283057,0.7791833292736846,2000,0,ok
llama,C_clean,3,llama_C_clean_L03,AND_auroc,topic,sp_en_trans,0.6672613898500577,0.5505234952563357,0.7744752414892403,2000,0,ok
llama,C_clean,3,llama_C_clean_L03,AND_auroc,topic_macro,all,0.674119311489348,0.6336328819537744,0.722396599869431,2000,0,ok
llama,C_clean,3,llama_C_clean_L03,OR_auroc,pooled,all,0.6477084217429883,0.6062718265514986,0.6877067933435819,2000,0,ok
llama,C_clean,3,llama_C_clean_L03,OR_auroc,topic,animal_class,0.5928548177083334,0.48318499309733076,0.7306644602458858,2000,0,ok
llama,C_clean,3,llama_C_clean_L03,OR_auroc,topic,cities,0.6191369007402069,0.5610241028302,0.6781011093942215,2000,0,ok
llama,C_clean,3,llama_C_clean_L03,OR_auroc,topic,element_symb,0.788451646090535,0.6701318027210884,0.9017743791852678,2000,0,ok
llama,C_clean,3,llama_C_clean_L03,OR_auroc,topic,inventors,0.694224628626961,0.6139052734375,0.7817441466819616,2000,0,ok
llama,C_clean,3,llama_C_clean_L03,OR_auroc,topic,sp_en_trans,0.6786151960784313,0.5641784672639331,0.7797500895316805,2000,0,ok
llama,C_clean,3,llama_C_clean_L03,OR_auroc,topic_macro,all,0.6746566378488935,0.6339439999939039,0.7193977676923462,2000,0,ok
llama,C_clean,3,llama_C_clean_L03,OR_mixed_vs_FF_auroc,pooled,all,0.6142413487133984,0.5806678669477433,0.6475051676399259,2000,0,ok
llama,C_clean,3,llama_C_clean_L03,OR_mixed_vs_FF_auroc,topic,animal_class,0.56005859375,0.44410699920109986,0.692248345822704,2000,0,ok
llama,C_clean,3,llama_C_clean_L03,OR_mixed_vs_FF_auroc,topic,cities,0.5918145579027971,0.5465382125731453,0.639673312463945,2000,0,ok
llama,C_clean,3,llama_C_clean_L03,OR_mixed_vs_FF_auroc,topic,element_symb,0.7395833333333334,0.6264952849331453,0.86578599385652,2000,0,ok
llama,C_clean,3,llama_C_clean_L03,OR_mixed_vs_FF_auroc,topic,inventors,0.6491566014160767,0.5829603362537347,0.7292901141826923,2000,0,ok
llama,C_clean,3,llama_C_clean_L03,OR_mixed_vs_FF_auroc,topic,sp_en_trans,0.639435553633218,0.5498676257105429,0.7284510126120392,2000,0,ok
llama,C_clean,3,llama_C_clean_L03,OR_mixed_vs_FF_auroc,topic_macro,all,0.6360097280070851,0.5983999182216881,0.6800289182336376,2000,0,ok
llama,R0,4,llama_R0_L04,atomic_auroc,pooled,all,0.9615249418050587,0.9494369958564506,0.9724076963854237,2000,0,ok
llama,R0,4,llama_R0_L04,atomic_auroc,topic,animal_class,0.9072265625,0.771484375,0.9951171875,2000,0,ok
llama,R0,4,llama_R0_L04,atomic_auroc,topic,cities,0.9935363271924688,0.9869594838070357,0.9984685374532679,2000,0,ok
llama,R0,4,llama_R0_L04,atomic_auroc,topic,element_symb,0.8209876543209876,0.7530864197530864,0.9004629629629629,2000,0,ok
llama,R0,4,llama_R0_L04,atomic_auroc,topic,inventors,0.9057696591668523,0.8509917310867785,0.9499598255280074,2000,0,ok
llama,R0,4,llama_R0_L04,atomic_auroc,topic,sp_en_trans,0.9041095890410958,0.8425444790558996,0.9530908221263109,2000,0,ok
llama,R0,4,llama_R0_L04,atomic_auroc,topic_macro,all,0.9063259584442809,0.873758439570634,0.9345495436647726,2000,0,ok
llama,R0,4,llama_R0_L04,AND_auroc,pooled,all,0.6841135530036421,0.6534982957943106,0.7161700880345622,2000,0,ok
llama,R0,4,llama_R0_L04,AND_auroc,topic,animal_class,0.593994140625,0.46895992772108847,0.7338841818978266,2000,0,ok
llama,R0,4,llama_R0_L04,AND_auroc,topic,cities,0.7534673738420191,0.715209486405483,0.7909010285639914,2000,0,ok
llama,R0,4,llama_R0_L04,AND_auroc,topic,element_symb,0.6952160493827161,0.5965397641736593,0.8035903962001033,2000,0,ok
llama,R0,4,llama_R0_L04,AND_auroc,topic,inventors,0.5911078717201166,0.43219836263020833,0.7720011170608252,2000,0,ok
llama,R0,4,llama_R0_L04,AND_auroc,topic,sp_en_trans,0.7046027970011534,0.6202067588754621,0.7940374348958332,2000,0,ok
llama,R0,4,llama_R0_L04,AND_auroc,topic_macro,all,0.667677646514201,0.6228031618993795,0.723176452637559,2000,0,ok
llama,R0,4,llama_R0_L04,OR_auroc,pooled,all,0.6415258184769392,0.6138352976411171,0.6719795599091172,2000,0,ok
llama,R0,4,llama_R0_L04,OR_auroc,topic,animal_class,0.5878092447916666,0.38221057710193457,0.8208584401709396,2000,0,ok
llama,R0,4,llama_R0_L04,OR_auroc,topic,cities,0.7243367415882167,0.6831758585476839,0.7656675227064117,2000,0,ok
llama,R0,4,llama_R0_L04,OR_auroc,topic,element_symb,0.7321887860082305,0.6409103777111781,0.8391976641793537,2000,0,ok
llama,R0,4,llama_R0_L04,OR_auroc,topic,inventors,0.5419616826322365,0.42233910821510035,0.6520040625858967,2000,0,ok
llama,R0,4,llama_R0_L04,OR_auroc,topic,sp_en_trans,0.6959162341407151,0.6015622736326244,0.7878123186544838,2000,0,ok
llama,R0,4,llama_R0_L04,OR_auroc,topic_macro,all,0.6564425378322131,0.5997676684406532,0.7190054335604849,2000,0,ok
llama,R0,4,llama_R0_L04,OR_mixed_vs_FF_auroc,pooled,all,0.6106690628362246,0.5829846165293031,0.6424151251172675,2000,0,ok
llama,R0,4,llama_R0_L04,OR_mixed_vs_FF_auroc,topic,animal_class,0.5797119140625,0.3027842355371901,0.8609889988100365,2000,0,ok
llama,R0,4,llama_R0_L04,OR_mixed_vs_FF_auroc,topic,cities,0.6792810571595874,0.6420912220484315,0.7184877213885166,2000,0,ok
llama,R0,4,llama_R0_L04,OR_mixed_vs_FF_auroc,topic,element_symb,0.6826774691358025,0.6005855735959542,0.7904325622845416,2000,0,ok
llama,R0,4,llama_R0_L04,OR_mixed_vs_FF_auroc,topic,inventors,0.5162432319866722,0.36794189296723906,0.6545347342364282,2000,0,ok
llama,R0,4,llama_R0_L04,OR_mixed_vs_FF_auroc,topic,sp_en_trans,0.652086937716263,0.5755297698359281,0.7349816116042076,2000,0,ok
llama,R0,4,llama_R0_L04,OR_mixed_vs_FF_auroc,topic_macro,all,0.622000122012165,0.5540093899990489,0.6954733755165294,2000,0,ok
llama,C_clean,4,llama_C_clean_L04,atomic_auroc,pooled,all,0.5391312159227608,0.5293200728861459,0.5489505925745412,2000,0,ok
llama,C_clean,4,llama_C_clean_L04,atomic_auroc,topic,animal_class,0.5048828125,0.455078125,0.548828125,2000,0,ok
llama,C_clean,4,llama_C_clean_L04,atomic_auroc,topic,cities,0.5800301788207738,0.5639379982883653,0.5963365951984144,2000,0,ok
llama,C_clean,4,llama_C_clean_L04,atomic_auroc,topic,element_symb,0.5277777777777778,0.4984567901234568,0.5679205246913579,2000,0,ok
llama,C_clean,4,llama_C_clean_L04,atomic_auroc,topic,inventors,0.36667409222543995,0.30381005452897375,0.42660056401808033,2000,0,ok
llama,C_clean,4,llama_C_clean_L04,atomic_auroc,topic,sp_en_trans,0.5361231000187653,0.48401690727868213,0.5947246439152651,2000,0,ok
llama,C_clean,4,llama_C_clean_L04,atomic_auroc,topic_macro,all,0.5030975922685513,0.48226308766419157,0.5237996022186737,2000,0,ok
llama,C_clean,4,llama_C_clean_L04,AND_auroc,pooled,all,0.7793755813604585,0.7444212125715688,0.8121720303250511,2000,0,ok
llama,C_clean,4,llama_C_clean_L04,AND_auroc,topic,animal_class,0.7307942708333334,0.6282917729591837,0.8786288249445209,2000,0,ok
llama,C_clean,4,llama_C_clean_L04,AND_auroc,topic,cities,0.7968569358737594,0.7501684553929736,0.8413867983586601,2000,0,ok
llama,C_clean,4,llama_C_clean_L04,AND_auroc,topic,element_symb,0.850951646090535,0.7525527594477911,0.944017006802721,2000,0,ok
llama,C_clean,4,llama_C_clean_L04,AND_auroc,topic,inventors,0.7807510759405804,0.6786380342554752,0.8752937569186933,2000,0,ok
llama,C_clean,4,llama_C_clean_L04,AND_auroc,topic,sp_en_trans,0.7082071799307958,0.6077079790249433,0.8084210535363918,2000,0,ok
llama,C_clean,4,llama_C_clean_L04,AND_auroc,topic_macro,all,0.7735122217338009,0.7333975304164531,0.8215727066775999,2000,0,ok
llama,C_clean,4,llama_C_clean_L04,OR_auroc,pooled,all,0.7688314351155291,0.7351077058268419,0.8034776059041357,2000,0,ok
llama,C_clean,4,llama_C_clean_L04,OR_auroc,topic,animal_class,0.7137044270833334,0.5911081390032008,0.8638617621527778,2000,0,ok
llama,C_clean,4,llama_C_clean_L04,OR_auroc,topic,cities,0.7872599582601384,0.7419991398459562,0.8314960347434112,2000,0,ok
llama,C_clean,4,llama_C_clean_L04,OR_auroc,topic,element_symb,0.8645833333333334,0.774153751323781,0.9433935176045068,2000,0,ok
llama,C_clean,4,llama_C_clean_L04,OR_auroc,topic,inventors,0.744585589337776,0.6575166809752807,0.8394084227077034,2000,0,ok
llama,C_clean,4,llama_C_clean_L04,OR_auroc,topic,sp_en_trans,0.7003496251441753,0.5965644541027223,0.7977646354270663,2000,0,ok
llama,C_clean,4,llama_C_clean_L04,OR_auroc,topic_macro,all,0.7620965866317513,0.7232868682425726,0.8093217290069044,2000,0,ok
llama,C_clean,4,llama_C_clean_L04,OR_mixed_vs_FF_auroc,pooled,all,0.7152196417319291,0.6830524247236355,0.7508414569219004,2000,0,ok
llama,C_clean,4,llama_C_clean_L04,OR_mixed_vs_FF_auroc,topic,animal_class,0.6717529296875,0.5554103954081633,0.8228836370974171,2000,0,ok
llama,C_clean,4,llama_C_clean_L04,OR_mixed_vs_FF_auroc,topic,cities,0.7305048196027206,0.6872266958888202,0.7771769629801442,2000,0,ok
llama,C_clean,4,llama_C_clean_L04,OR_mixed_vs_FF_auroc,topic,element_symb,0.816454475308642,0.7190037816379192,0.9165323469387755,2000,0,ok
llama,C_clean,4,llama_C_clean_L04,OR_mixed_vs_FF_auroc,topic,inventors,0.6938775510204082,0.6189799024593196,0.7916051567101504,2000,0,ok
llama,C_clean,4,llama_C_clean_L04,OR_mixed_vs_FF_auroc,topic,sp_en_trans,0.6528708910034602,0.5676309834219361,0.7439741230944855,2000,0,ok
llama,C_clean,4,llama_C_clean_L04,OR_mixed_vs_FF_auroc,topic_macro,all,0.7130921333245462,0.6763259525743807,0.7617960831668933,2000,0,ok
llama,R0,5,llama_R0_L05,atomic_auroc,pooled,all,0.9795692793200956,0.9713849587015598,0.9869764182189091,2000,0,ok
llama,R0,5,llama_R0_L05,atomic_auroc,topic,animal_class,0.94140625,0.8300537109375,1.0,2000,0,ok
llama,R0,5,llama_R0_L05,atomic_auroc,topic,cities,0.9949326606909599,0.989448391964326,0.99873879554975,2000,0,ok
llama,R0,5,llama_R0_L05,atomic_auroc,topic,element_symb,0.9166666666666666,0.8479938271604939,0.9745563271604938,2000,0,ok
llama,R0,5,llama_R0_L05,atomic_auroc,topic,inventors,0.9233682334595679,0.8685628361537452,0.9664926669660463,2000,0,ok
llama,R0,5,llama_R0_L05,atomic_auroc,topic,sp_en_trans,0.9726027397260274,0.9411630733310925,0.9925156981348978,2000,0,ok
llama,R0,5,llama_R0_L05,atomic_auroc,topic_macro,all,0.9497953101086443,0.9230907199943342,0.9703927002204135,2000,0,ok
llama,R0,5,llama_R0_L05,AND_auroc,pooled,all,0.6435962118516804,0.6208377167648722,0.67017905458354,2000,0,ok
llama,R0,5,llama_R0_L05,AND_auroc,topic,animal_class,0.6212565104166666,0.47753386134067954,0.7668865099961552,2000,0,ok
llama,R0,5,llama_R0_L05,AND_auroc,topic,cities,0.7366269162049758,0.6954526061699333,0.7748304146253183,2000,0,ok
llama,R0,5,llama_R0_L05,AND_auroc,topic,element_symb,0.6872427983539094,0.5789467152963774,0.7809962047480107,2000,0,ok
llama,R0,5,llama_R0_L05,AND_auroc,topic,inventors,0.6448701929751492,0.5192827912414967,0.7709519970541525,2000,0,ok
llama,R0,5,llama_R0_L05,AND_auroc,topic,sp_en_trans,0.6959342560553633,0.6126092420145304,0.7716991895107482,2000,0,ok
llama,R0,5,llama_R0_L05,AND_auroc,topic_macro,all,0.6771861348012129,0.6303058338816503,0.7246937963786074,2000,0,ok
llama,R0,5,llama_R0_L05,OR_auroc,pooled,all,0.612129161683577,0.583810582729747,0.6411460476274848,2000,0,ok
llama,R0,5,llama_R0_L05,OR_auroc,topic,animal_class,0.674072265625,0.47403092150336973,0.8433044669274358,2000,0,ok
llama,R0,5,llama_R0_L05,OR_auroc,topic,cities,0.6614754590634055,0.6083892508288802,0.7094652691950587,2000,0,ok
llama,R0,5,llama_R0_L05,OR_auroc,topic,element_symb,0.6547067901234568,0.5606192445213379,0.7495955584449845,2000,0,ok
llama,R0,5,llama_R0_L05,OR_auroc,topic,inventors,0.6115854505067333,0.5233902835635993,0.708064622314405,2000,0,ok
llama,R0,5,llama_R0_L05,OR_auroc,topic,sp_en_trans,0.6725778546712803,0.5846934558947546,0.7584780288565577,2000,0,ok
llama,R0,5,llama_R0_L05,OR_auroc,topic_macro,all,0.6548835639979752,0.604325097274914,0.7063649556789133,2000,0,ok
llama,R0,5,llama_R0_L05,OR_mixed_vs_FF_auroc,pooled,all,0.5812061434529704,0.5547781594897941,0.6073241209217873,2000,0,ok
llama,R0,5,llama_R0_L05,OR_mixed_vs_FF_auroc,topic,animal_class,0.6282958984375,0.4686382606678712,0.7896724745222404,2000,0,ok
llama,R0,5,llama_R0_L05,OR_mixed_vs_FF_auroc,topic,cities,0.6196905544795279,0.5691382440185656,0.6635664391640026,2000,0,ok
llama,R0,5,llama_R0_L05,OR_mixed_vs_FF_auroc,topic,element_symb,0.6110146604938271,0.5413109454719388,0.6911890141291622,2000,0,ok
llama,R0,5,llama_R0_L05,OR_mixed_vs_FF_auroc,topic,inventors,0.5898583923365265,0.5048254781166407,0.6799860979836325,2000,0,ok
llama,R0,5,llama_R0_L05,OR_mixed_vs_FF_auroc,topic,sp_en_trans,0.621350562283737,0.5472615337027196,0.6944201388888888,2000,0,ok
llama,R0,5,llama_R0_L05,OR_mixed_vs_FF_auroc,topic_macro,all,0.6140420136062237,0.57329865694811,0.6619068273043894,2000,0,ok
llama,C_clean,5,llama_C_clean_L05,atomic_auroc,pooled,all,0.48902107516130544,0.47589317098389217,0.5012267611930831,2000,0,ok
llama,C_clean,5,llama_C_clean_L05,atomic_auroc,topic,animal_class,0.48828125,0.458984375,0.5078125,2000,0,ok
llama,C_clean,5,llama_C_clean_L05,atomic_auroc,topic,cities,0.4866447457321742,0.47558527769019415,0.4976146907796946,2000,0,ok
llama,C_clean,5,llama_C_clean_L05,atomic_auroc,topic,element_symb,0.5316358024691358,0.4591049382716049,0.5926118827160493,2000,0,ok
llama,C_clean,5,llama_C_clean_L05,atomic_auroc,topic,inventors,0.39474270438850523,0.30876545714299336,0.48742016119179443,2000,0,ok
llama,C_clean,5,llama_C_clean_L05,atomic_auroc,topic,sp_en_trans,0.46725464439857384,0.40420037070936465,0.5268368352286089,2000,0,ok
llama,C_clean,5,llama_C_clean_L05,atomic_auroc,topic_macro,all,0.47371182939767775,0.44602652740741794,0.49881200950846466,2000,0,ok
llama,C_clean,5,llama_C_clean_L05,AND_auroc,pooled,all,0.8555725587861693,0.82705523183444,0.8822238179303346,2000,0,ok
llama,C_clean,5,llama_C_clean_L05,AND_auroc,topic,animal_class,0.7615559895833334,0.6519162793239044,0.893724607898715,2000,0,ok
llama,C_clean,5,llama_C_clean_L05,AND_auroc,topic,cities,0.8690552602735613,0.8306715372752599,0.9014201302235829,2000,0,ok
llama,C_clean,5,llama_C_clean_L05,AND_auroc,topic,element_symb,0.9410365226337448,0.8726262534072166,0.9905684922408764,2000,0,ok
llama,C_clean,5,llama_C_clean_L05,AND_auroc,topic,inventors,0.8066777731500764,0.7115383163697171,0.8909756025519849,2000,0,ok
llama,C_clean,5,llama_C_clean_L05,AND_auroc,topic,sp_en_trans,0.8225382064590542,0.7711095336828868,0.8805275273415896,2000,0,ok
llama,C_clean,5,llama_C_clean_L05,AND_auroc,topic_macro,all,0.840172750419954,0.8092019735009839,0.8788112974537611,2000,0,ok
llama,C_clean,5,llama_C_clean_L05,OR_auroc,pooled,all,0.8390247718495085,0.8107404347749703,0.8652164721446749,2000,0,ok
llama,C_clean,5,llama_C_clean_L05,OR_auroc,topic,animal_class,0.7368977864583334,0.6374060893218741,0.8658515619258946,2000,0,ok
llama,C_clean,5,llama_C_clean_L05,OR_auroc,topic,cities,0.855390335270183,0.817722883018295,0.8871530206222857,2000,0,ok
llama,C_clean,5,llama_C_clean_L05,OR_auroc,topic,element_symb,0.9443801440329218,0.8894036458333333,0.9867416884462339,2000,0,ok
llama,C_clean,5,llama_C_clean_L05,OR_auroc,topic,inventors,0.7805081216159934,0.6947571079766329,0.8677901475694444,2000,0,ok
llama,C_clean,5,llama_C_clean_L05,OR_auroc,topic,sp_en_trans,0.8215109573241061,0.7689849954192599,0.8801401635067927,2000,0,ok
llama,C_clean,5,llama_C_clean_L05,OR_auroc,topic_macro,all,0.8277374689403075,0.7993310181200609,0.8663158339314351,2000,0,ok
llama,C_clean,5,llama_C_clean_L05,OR_mixed_vs_FF_auroc,pooled,all,0.78580751771408,0.7554561811476684,0.8162734044233382,2000,0,ok
llama,C_clean,5,llama_C_clean_L05,OR_mixed_vs_FF_auroc,topic,animal_class,0.6888427734375,0.593202929149601,0.8227197310710987,2000,0,ok
llama,C_clean,5,llama_C_clean_L05,OR_mixed_vs_FF_auroc,topic,cities,0.8014616458718076,0.761054481554752,0.8398439405424468,2000,0,ok
llama,C_clean,5,llama_C_clean_L05,OR_mixed_vs_FF_auroc,topic,element_symb,0.9196566358024691,0.8468993552026995,0.9801145895933494,2000,0,ok
llama,C_clean,5,llama_C_clean_L05,OR_mixed_vs_FF_auroc,topic,inventors,0.7210016659725115,0.6409381759786852,0.8209619675192394,2000,0,ok
llama,C_clean,5,llama_C_clean_L05,OR_mixed_vs_FF_auroc,topic,sp_en_trans,0.7632190743944637,0.7113908293697979,0.8337440015597748,2000,0,ok
llama,C_clean,5,llama_C_clean_L05,OR_mixed_vs_FF_auroc,topic_macro,all,0.7788363590957503,0.7487770012154656,0.8203681412083405,2000,0,ok
llama,R0,6,llama_R0_L06,atomic_auroc,pooled,all,0.9889078098392413,0.9837260749421096,0.9934287995328558,2000,0,ok
llama,R0,6,llama_R0_L06,atomic_auroc,topic,animal_class,0.982421875,0.9365234375,1.0,2000,0,ok
llama,R0,6,llama_R0_L06,atomic_auroc,topic,cities,0.9976802846718617,0.9945495135354264,0.9996174158821675,2000,0,ok
llama,R0,6,llama_R0_L06,atomic_auroc,topic,element_symb,0.9390432098765432,0.8834876543209876,0.9845871913580246,2000,0,ok
llama,R0,6,llama_R0_L06,atomic_auroc,topic,inventors,0.9371797727779015,0.8892896888989775,0.9748120596980111,2000,0,ok
llama,R0,6,llama_R0_L06,atomic_auroc,topic,sp_en_trans,0.9915556389566523,0.9792876923076923,0.9988097599682603,2000,0,ok
llama,R0,6,llama_R0_L06,atomic_auroc,topic_macro,all,0.9695761562565917,0.9524913751443647,0.9825978252353942,2000,0,ok
llama,R0,6,llama_R0_L06,AND_auroc,pooled,all,0.7069421761563268,0.6742491247564341,0.7421840550589861,2000,0,ok
llama,R0,6,llama_R0_L06,AND_auroc,topic,animal_class,0.7342936197916666,0.5811996370860244,0.8790891439909296,2000,0,ok
llama,R0,6,llama_R0_L06,AND_auroc,topic,cities,0.760065237301623,0.719503376116567,0.8002332646159132,2000,0,ok
llama,R0,6,llama_R0_L06,AND_auroc,topic,element_symb,0.7219650205761317,0.5920165136054422,0.827916149780034,2000,0,ok
llama,R0,6,llama_R0_L06,AND_auroc,topic,inventors,0.46511870054144105,0.3531727061916184,0.5749273810887705,2000,0,ok
llama,R0,6,llama_R0_L06,AND_auroc,topic,sp_en_trans,0.7338343425605537,0.640640387889297,0.8103580510409057,2000,0,ok
llama,R0,6,llama_R0_L06,AND_auroc,topic_macro,all,0.6830553841542832,0.6375911059937864,0.7306867925911855,2000,0,ok
llama,R0,6,llama_R0_L06,OR_auroc,pooled,all,0.6682344645482642,0.63779792219342,0.6996866381458091,2000,0,ok
llama,R0,6,llama_R0_L06,OR_auroc,topic,animal_class,0.6678873697916666,0.43447372783795873,0.8925442531179139,2000,0,ok
llama,R0,6,llama_R0_L06,OR_auroc,topic,cities,0.7029206642343439,0.665150784640117,0.741727931382629,2000,0,ok
llama,R0,6,llama_R0_L06,OR_auroc,topic,element_symb,0.7490354938271605,0.6099939517896275,0.8440900714764351,2000,0,ok
llama,R0,6,llama_R0_L06,OR_auroc,topic,inventors,0.5425864223240316,0.42925452699252914,0.6664311991138254,2000,0,ok
llama,R0,6,llama_R0_L06,OR_auroc,topic,sp_en_trans,0.685463523644752,0.5933360463488063,0.7763268568275437,2000,0,ok
llama,R0,6,llama_R0_L06,OR_auroc,topic_macro,all,0.6695786947643909,0.6131862647675488,0.7303594905105643,2000,0,ok
llama,R0,6,llama_R0_L06,OR_mixed_vs_FF_auroc,pooled,all,0.6255695725044902,0.5971036895174499,0.6545882499845619,2000,0,ok
llama,R0,6,llama_R0_L06,OR_mixed_vs_FF_auroc,topic,animal_class,0.623779296875,0.431952170304443,0.8597641666666664,2000,0,ok
llama,R0,6,llama_R0_L06,OR_mixed_vs_FF_auroc,topic,cities,0.6563865366424936,0.6201300494404085,0.6929043472375601,2000,0,ok
llama,R0,6,llama_R0_L06,OR_mixed_vs_FF_auroc,topic,element_symb,0.6893325617283951,0.5627460119158193,0.7817736447102754,2000,0,ok
llama,R0,6,llama_R0_L06,OR_mixed_vs_FF_auroc,topic,inventors,0.5456059975010412,0.41895530323593233,0.679512230918165,2000,0,ok
llama,R0,6,llama_R0_L06,OR_mixed_vs_FF_auroc,topic,sp_en_trans,0.6289467993079585,0.5520104653840703,0.7058874595742513,2000,0,ok
llama,R0,6,llama_R0_L06,OR_mixed_vs_FF_auroc,topic_macro,all,0.6288102384109777,0.5764141444717373,0.6897490235543147,2000,0,ok
llama,C_clean,6,llama_C_clean_L06,atomic_auroc,pooled,all,0.5266173506850599,0.5053294263306722,0.5483963245842782,2000,0,ok
llama,C_clean,6,llama_C_clean_L06,atomic_auroc,topic,animal_class,0.501953125,0.494140625,0.509765625,2000,0,ok
llama,C_clean,6,llama_C_clean_L06,atomic_auroc,topic,cities,0.49554074140804466,0.4870723728660871,0.5034021553083194,2000,0,ok
llama,C_clean,6,llama_C_clean_L06,atomic_auroc,topic,element_symb,0.4984567901234568,0.4698881172839506,0.5192901234567902,2000,0,ok
llama,C_clean,6,llama_C_clean_L06,atomic_auroc,topic,inventors,0.5506794386277567,0.49333364608744606,0.6233372077398548,2000,0,ok
llama,C_clean,6,llama_C_clean_L06,atomic_auroc,topic,sp_en_trans,0.585100394070182,0.46198493729433593,0.7017941577288388,2000,0,ok
llama,C_clean,6,llama_C_clean_L06,atomic_auroc,topic_macro,all,0.5263460978458879,0.4973924512875615,0.5540070545277685,2000,0,ok
llama,C_clean,6,llama_C_clean_L06,AND_auroc,pooled,all,0.8903977470005016,0.8659358393111026,0.9113215567325083,2000,0,ok
llama,C_clean,6,llama_C_clean_L06,AND_auroc,topic,animal_class,0.928466796875,0.8533302508503402,0.9891607483524106,2000,0,ok
llama,C_clean,6,llama_C_clean_L06,AND_auroc,topic,cities,0.8780066213233638,0.8452375461591263,0.9081186731704021,2000,0,ok
llama,C_clean,6,llama_C_clean_L06,AND_auroc,topic,element_symb,0.9645061728395061,0.8987562785897697,0.9976274839028217,2000,0,ok
llama,C_clean,6,llama_C_clean_L06,AND_auroc,topic,inventors,0.8263223656809663,0.7407933887349955,0.9019705932594645,2000,0,ok
llama,C_clean,6,llama_C_clean_L06,AND_auroc,topic,sp_en_trans,0.9320934256055363,0.9016743479826863,0.9668555009002058,2000,0,ok
llama,C_clean,6,llama_C_clean_L06,AND_auroc,topic_macro,all,0.9058790764648744,0.8821219008950492,0.9317927153403855,2000,0,ok
llama,C_clean,6,llama_C_clean_L06,OR_auroc,pooled,all,0.8758042599522481,0.8528274182306018,0.8979359833290906,2000,0,ok
llama,C_clean,6,llama_C_clean_L06,OR_auroc,topic,animal_class,0.8855794270833334,0.8130671386718751,0.9502824074074073,2000,0,ok
llama,C_clean,6,llama_C_clean_L06,OR_auroc,topic,cities,0.8758914763599237,0.8440340483909747,0.9047951457061201,2000,0,ok
llama,C_clean,6,llama_C_clean_L06,OR_auroc,topic,element_symb,0.9520318930041153,0.902483379501385,0.9906893795504906,2000,0,ok
llama,C_clean,6,llama_C_clean_L06,OR_auroc,topic,inventors,0.8161876995696238,0.728337135463332,0.8999096035426524,2000,0,ok
llama,C_clean,6,llama_C_clean_L06,OR_auroc,topic,sp_en_trans,0.8892553344867359,0.8553384393329182,0.9293317448490216,2000,0,ok
llama,C_clean,6,llama_C_clean_L06,OR_auroc,topic_macro,all,0.8837891661007464,0.8616087073182995,0.9115607409154304,2000,0,ok
llama,C_clean,6,llama_C_clean_L06,OR_mixed_vs_FF_auroc,pooled,all,0.8269517636922444,0.7998246121193947,0.85414072006943,2000,0,ok
llama,C_clean,6,llama_C_clean_L06,OR_mixed_vs_FF_auroc,topic,animal_class,0.8370361328125,0.7580609059806274,0.925423611111111,2000,0,ok
llama,C_clean,6,llama_C_clean_L06,OR_mixed_vs_FF_auroc,topic,cities,0.8260607630286924,0.7886871443353484,0.8631300914673327,2000,0,ok
llama,C_clean,6,llama_C_clean_L06,OR_mixed_vs_FF_auroc,topic,element_symb,0.9292052469135802,0.8568623909060085,0.9860340693257359,2000,0,ok
llama,C_clean,6,llama_C_clean_L06,OR_mixed_vs_FF_auroc,topic,inventors,0.759527280299875,0.6720925853810913,0.8607287535717507,2000,0,ok
llama,C_clean,6,llama_C_clean_L06,OR_mixed_vs_FF_auroc,topic,sp_en_trans,0.839505839100346,0.7956624549488026,0.8956633853725388,2000,0,ok
llama,C_clean,6,llama_C_clean_L06,OR_mixed_vs_FF_auroc,topic_macro,all,0.8382670524309986,0.8130803540965533,0.8741452728084727,2000,0,ok
llama,R0,7,llama_R0_L07,atomic_auroc,pooled,all,0.9978635816838257,0.9956855502258324,0.9994134590528487,2000,0,ok
llama,R0,7,llama_R0_L07,atomic_auroc,topic,animal_class,0.9990234375,0.9912109375,1.0,2000,0,ok
llama,R0,7,llama_R0_L07,atomic_auroc,topic,cities,0.9992342687266339,0.9978030268906806,0.9999887392459799,2000,0,ok
llama,R0,7,llama_R0_L07,atomic_auroc,topic,element_symb,0.9868827160493827,0.9583333333333334,1.0,2000,0,ok
llama,R0,7,llama_R0_L07,atomic_auroc,topic,inventors,0.9879705947872578,0.9692364788890763,0.997635618349904,2000,0,ok
llama,R0,7,llama_R0_L07,atomic_auroc,topic,sp_en_trans,1.0,1.0,1.0,2000,0,ok
llama,R0,7,llama_R0_L07,atomic_auroc,topic_macro,all,0.994622203412655,0.9879169005997904,0.9985565851869653,2000,0,ok
llama,R0,7,llama_R0_L07,AND_auroc,pooled,all,0.7092897650553606,0.678435956306556,0.7410760993037225,2000,0,ok
llama,R0,7,llama_R0_L07,AND_auroc,topic,animal_class,0.7161458333333334,0.6331761274388228,0.8115192631635111,2000,0,ok
llama,R0,7,llama_R0_L07,AND_auroc,topic,cities,0.7942106586790385,0.7351767529219608,0.8448750431700469,2000,0,ok
llama,R0,7,llama_R0_L07,AND_auroc,topic,element_symb,0.8296039094650206,0.7828136998364049,0.8835575784365567,2000,0,ok
llama,R0,7,llama_R0_L07,AND_auroc,topic,inventors,0.6531306400111064,0.5471326143984643,0.7431559829059828,2000,0,ok
llama,R0,7,llama_R0_L07,AND_auroc,topic,sp_en_trans,0.8379289215686274,0.8149827735917836,0.8624622106087386,2000,0,ok
llama,R0,7,llama_R0_L07,AND_auroc,topic_macro,all,0.7662039926114252,0.7369276952354475,0.7992496507838479,2000,0,ok
llama,R0,7,llama_R0_L07,OR_auroc,pooled,all,0.6732250556177102,0.6484821434595607,0.7000977890656082,2000,0,ok
llama,R0,7,llama_R0_L07,OR_auroc,topic,animal_class,0.529296875,0.3654641426895215,0.6870454971791006,2000,0,ok
llama,R0,7,llama_R0_L07,OR_auroc,topic,cities,0.7103658994339594,0.6723231644394269,0.7504157936951433,2000,0,ok
llama,R0,7,llama_R0_L07,OR_auroc,topic,element_symb,0.7793852880658436,0.7117544444503434,0.849824719551282,2000,0,ok
llama,R0,7,llama_R0_L07,OR_auroc,topic,inventors,0.5050326252950159,0.39133177142384734,0.6106259326725912,2000,0,ok
llama,R0,7,llama_R0_L07,OR_auroc,topic,sp_en_trans,0.7904772202998847,0.7452446881575552,0.8286284806370952,2000,0,ok
llama,R0,7,llama_R0_L07,OR_auroc,topic_macro,all,0.6629115816189407,0.6235246991877915,0.7076686141181617,2000,0,ok
llama,R0,7,llama_R0_L07,OR_mixed_vs_FF_auroc,pooled,all,0.6240253505308866,0.6022945665329599,0.6486873236159018,2000,0,ok
llama,R0,7,llama_R0_L07,OR_mixed_vs_FF_auroc,topic,animal_class,0.511474609375,0.3747521145402892,0.639470271776406,2000,0,ok
llama,R0,7,llama_R0_L07,OR_mixed_vs_FF_auroc,topic,cities,0.6599801247691546,0.6224115446112677,0.6996658426794936,2000,0,ok
llama,R0,7,llama_R0_L07,OR_mixed_vs_FF_auroc,topic,element_symb,0.6999421296296297,0.620836838862053,0.7852212624448202,2000,0,ok
llama,R0,7,llama_R0_L07,OR_mixed_vs_FF_auroc,topic,inventors,0.5042690545605998,0.40569241397539413,0.5956417824074073,2000,0,ok
llama,R0,7,llama_R0_L07,OR_mixed_vs_FF_auroc,topic,sp_en_trans,0.7025032439446367,0.6473722089443487,0.7492255989807434,2000,0,ok
llama,R0,7,llama_R0_L07,OR_mixed_vs_FF_auroc,topic_macro,all,0.6156338324558042,0.580982749489379,0.6564166984749289,2000,0,ok
llama,C_clean,7,llama_C_clean_L07,atomic_auroc,pooled,all,0.4555140683341405,0.43991626294261654,0.47137955906595114,2000,0,ok
llama,C_clean,7,llama_C_clean_L07,atomic_auroc,topic,animal_class,0.5322265625,0.49609375,0.5693359375,2000,0,ok
llama,C_clean,7,llama_C_clean_L07,atomic_auroc,topic,cities,0.3918517183910635,0.37739009504076393,0.4060073307508671,2000,0,ok
llama,C_clean,7,llama_C_clean_L07,atomic_auroc,topic,element_symb,0.5192901234567902,0.4853395061728395,0.5478587962962962,2000,0,ok
llama,C_clean,7,llama_C_clean_L07,atomic_auroc,topic,inventors,0.4800623746936957,0.40304971746715207,0.5636400220016661,2000,0,ok
llama,C_clean,7,llama_C_clean_L07,atomic_auroc,topic,sp_en_trans,0.6301369863013698,0.5731083593159486,0.694881778945393,2000,0,ok
llama,C_clean,7,llama_C_clean_L07,atomic_auroc,topic_macro,all,0.5107135530685838,0.4879864842833169,0.5337223633932817,2000,0,ok
llama,C_clean,7,llama_C_clean_L07,AND_auroc,pooled,all,0.9517051096851259,0.9374871752577142,0.9645478254894351,2000,0,ok
llama,C_clean,7,llama_C_clean_L07,AND_auroc,topic,animal_class,0.98779296875,0.9708818575281676,0.999901016535572,2000,0,ok
llama,C_clean,7,llama_C_clean_L07,AND_auroc,topic,cities,0.9603161644370374,0.9428755093721882,0.9749238408573462,2000,0,ok
llama,C_clean,7,llama_C_clean_L07,AND_auroc,topic,element_symb,0.9861111111111112,0.9663779310344828,0.9991373953427525,2000,0,ok
llama,C_clean,7,llama_C_clean_L07,AND_auroc,topic,inventors,0.8925100652505901,0.8121777078102114,0.959328458749755,2000,0,ok
llama,C_clean,7,llama_C_clean_L07,AND_auroc,topic,sp_en_trans,0.9177299596309112,0.8675659136794496,0.9623897981442138,2000,0,ok
llama,C_clean,7,llama_C_clean_L07,AND_auroc,topic_macro,all,0.9488920538359299,0.9309963069179741,0.9669158352211078,2000,0,ok
llama,C_clean,7,llama_C_clean_L07,OR_auroc,pooled,all,0.9284063972154709,0.90947190279851,0.9461896446628563,2000,0,ok
llama,C_clean,7,llama_C_clean_L07,OR_auroc,topic,animal_class,0.9346516927083334,0.8874398736816775,0.9794575653790928,2000,0,ok
llama,C_clean,7,llama_C_clean_L07,OR_auroc,topic,cities,0.9447143897422038,0.9236116009764017,0.9625663954278466,2000,0,ok
llama,C_clean,7,llama_C_clean_L07,OR_auroc,topic,element_symb,0.9777520576131687,0.94190021494709,0.9996876602196204,2000,0,ok
llama,C_clean,7,llama_C_clean_L07,OR_auroc,topic,inventors,0.8582187977231709,0.7805931891433718,0.9299201627435005,2000,0,ok
llama,C_clean,7,llama_C_clean_L07,OR_auroc,topic,sp_en_trans,0.9041594579008074,0.846645364685406,0.9590856624961738,2000,0,ok
llama,C_clean,7,llama_C_clean_L07,OR_auroc,topic_macro,all,0.9238992791375369,0.9046685008327685,0.9480555438351954,2000,0,ok
llama,C_clean,7,llama_C_clean_L07,OR_mixed_vs_FF_auroc,pooled,all,0.895647673057881,0.8698712847318713,0.92053088820492,2000,0,ok
llama,C_clean,7,llama_C_clean_L07,OR_mixed_vs_FF_auroc,topic,animal_class,0.9019775390625,0.8311598105225163,0.9691863480686391,2000,0,ok
llama,C_clean,7,llama_C_clean_L07,OR_mixed_vs_FF_auroc,topic,cities,0.9178091640016216,0.8878342359584672,0.9442701570521846,2000,0,ok
llama,C_clean,7,llama_C_clean_L07,OR_mixed_vs_FF_auroc,topic,element_symb,0.9666280864197531,0.9128503224206349,0.9995314903294307,2000,0,ok
llama,C_clean,7,llama_C_clean_L07,OR_mixed_vs_FF_auroc,topic,inventors,0.8046647230320699,0.719793807030947,0.8983434606481482,2000,0,ok
llama,C_clean,7,llama_C_clean_L07,OR_mixed_vs_FF_auroc,topic,sp_en_trans,0.8652681660899654,0.7951512438310512,0.938995818850686,2000,0,ok
llama,C_clean,7,llama_C_clean_L07,OR_mixed_vs_FF_auroc,topic_macro,all,0.8912695357211821,0.8668249064833107,0.9242362026448665,2000,0,ok
llama,R0,8,llama_R0_L08,atomic_auroc,pooled,all,0.9997070724429377,0.9991164743114801,1.0,2000,0,ok
llama,R0,8,llama_R0_L08,atomic_auroc,topic,animal_class,1.0,1.0,1.0,2000,0,ok
llama,R0,8,llama_R0_L08,atomic_auroc,topic,cities,0.999741002657538,0.9990203144002523,1.0,2000,0,ok
llama,R0,8,llama_R0_L08,atomic_auroc,topic,element_symb,0.9992283950617284,0.9930555555555556,1.0,2000,0,ok
llama,R0,8,llama_R0_L08,atomic_auroc,topic,inventors,0.9995544664736021,0.9978996009241756,1.0,2000,0,ok
llama,R0,8,llama_R0_L08,atomic_auroc,topic,sp_en_trans,1.0,1.0,1.0,2000,0,ok
llama,R0,8,llama_R0_L08,atomic_auroc,topic_macro,all,0.9997047728385737,0.9984116966981311,1.0,2000,0,ok
llama,R0,8,llama_R0_L08,AND_auroc,pooled,all,0.7020973270635706,0.6730441111280691,0.7275949811942519,2000,0,ok
llama,R0,8,llama_R0_L08,AND_auroc,topic,animal_class,0.932373046875,0.8504027357233112,0.9892804967765304,2000,0,ok
llama,R0,8,llama_R0_L08,AND_auroc,topic,cities,0.6092968785189856,0.5798539101217997,0.6429331736948005,2000,0,ok
llama,R0,8,llama_R0_L08,AND_auroc,topic,element_symb,0.7604166666666666,0.6597427811061225,0.850274029219531,2000,0,ok
llama,R0,8,llama_R0_L08,AND_auroc,topic,inventors,0.7660696931833958,0.6357244013511905,0.8842416064049585,2000,0,ok
llama,R0,8,llama_R0_L08,AND_auroc,topic,sp_en_trans,0.8485798731257209,0.8155449823676215,0.8799191051991667,2000,0,ok
llama,R0,8,llama_R0_L08,AND_auroc,topic_macro,all,0.7833472316739538,0.7485165021394853,0.8181497940877981,2000,0,ok
llama,R0,8,llama_R0_L08,OR_auroc,pooled,all,0.6397754859137522,0.6123907992912788,0.667690076475528,2000,0,ok
llama,R0,8,llama_R0_L08,OR_auroc,topic,animal_class,0.6248372395833334,0.5146708621947118,0.7292906456587054,2000,0,ok
llama,R0,8,llama_R0_L08,OR_auroc,topic,cities,0.6217512724652042,0.5852604739144149,0.6594753980363918,2000,0,ok
llama,R0,8,llama_R0_L08,OR_auroc,topic,element_symb,0.7483924897119342,0.6858703540706749,0.8322287414965985,2000,0,ok
llama,R0,8,llama_R0_L08,OR_auroc,topic,inventors,0.7692628071636818,0.6578440242133483,0.8677757931422387,2000,0,ok
llama,R0,8,llama_R0_L08,OR_auroc,topic,sp_en_trans,0.6920235005767013,0.6004855133770305,0.7701675942503375,2000,0,ok
llama,R0,8,llama_R0_L08,OR_auroc,topic_macro,all,0.691253461900171,0.6545667647119154,0.7316623778848286,2000,0,ok
llama,R0,8,llama_R0_L08,OR_mixed_vs_FF_auroc,pooled,all,0.5939189160226157,0.5693455674065845,0.6193409931822867,2000,0,ok
llama,R0,8,llama_R0_L08,OR_mixed_vs_FF_auroc,topic,animal_class,0.55517578125,0.4382170650143254,0.6599957909971643,2000,0,ok
llama,R0,8,llama_R0_L08,OR_mixed_vs_FF_auroc,topic,cities,0.5783058758614477,0.5461811263413444,0.6118480325227909,2000,0,ok
llama,R0,8,llama_R0_L08,OR_mixed_vs_FF_auroc,topic,element_symb,0.6881751543209876,0.6289800111731773,0.7747985549249286,2000,0,ok
llama,R0,8,llama_R0_L08,OR_mixed_vs_FF_auroc,topic,inventors,0.7289670970428987,0.6279645856733964,0.8343183721694696,2000,0,ok
llama,R0,8,llama_R0_L08,OR_mixed_vs_FF_auroc,topic,sp_en_trans,0.6239997837370242,0.5431202176107135,0.6998430490319283,2000,0,ok
llama,R0,8,llama_R0_L08,OR_mixed_vs_FF_auroc,topic_macro,all,0.6349247384424717,0.5999576919674214,0.6754693480726983,2000,0,ok
llama,C_clean,8,llama_C_clean_L08,atomic_auroc,pooled,all,0.5743098626755613,0.5613827624779787,0.58731654072327,2000,0,ok
llama,C_clean,8,llama_C_clean_L08,atomic_auroc,topic,animal_class,0.6923828125,0.6455078125,0.7373291015624999,2000,0,ok
llama,C_clean,8,llama_C_clean_L08,atomic_auroc,topic,cities,0.5596144317823522,0.5466192401243187,0.5735335683077338,2000,0,ok
llama,C_clean,8,llama_C_clean_L08,atomic_auroc,topic,element_symb,0.5401234567901234,0.5131172839506173,0.5679012345679012,2000,0,ok
llama,C_clean,8,llama_C_clean_L08,atomic_auroc,topic,inventors,0.51459122298953,0.43550207860922147,0.5967781741434098,2000,0,ok
llama,C_clean,8,llama_C_clean_L08,atomic_auroc,topic,sp_en_trans,0.6228185400638019,0.5819920599635304,0.6755488834678176,2000,0,ok
llama,C_clean,8,llama_C_clean_L08,atomic_auroc,topic_macro,all,0.5859060928251615,0.56355973001141,0.608289983798712,2000,0,ok
llama,C_clean,8,llama_C_clean_L08,AND_auroc,pooled,all,0.9814589772056691,0.9738384607461793,0.9882044998837496,2000,0,ok
llama,C_clean,8,llama_C_clean_L08,AND_auroc,topic,animal_class,0.9949544270833334,0.9837324467182995,1.0,2000,0,ok
llama,C_clean,8,llama_C_clean_L08,AND_auroc,topic,cities,0.9841429815473778,0.9728245215460578,0.9921259347754341,2000,0,ok
llama,C_clean,8,llama_C_clean_L08,AND_auroc,topic,element_symb,0.9954989711934157,0.9862258953168044,1.0,2000,0,ok
llama,C_clean,8,llama_C_clean_L08,AND_auroc,topic,inventors,0.9398861585450506,0.9077047812827148,0.9771590630511217,2000,0,ok
llama,C_clean,8,llama_C_clean_L08,AND_auroc,topic,sp_en_trans,0.9743728373702422,0.9541012035990951,0.9902144822557354,2000,0,ok
llama,C_clean,8,llama_C_clean_L08,AND_auroc,topic_macro,all,0.9777710751478839,0.9704326092128667,0.9872575846929125,2000,0,ok
llama,C_clean,8,llama_C_clean_L08,OR_auroc,pooled,all,0.9629154539362479,0.9473242798852585,0.9750852658178939,2000,0,ok
llama,C_clean,8,llama_C_clean_L08,OR_auroc,topic,animal_class,0.9597981770833334,0.9148965770476073,0.9965279166666666,2000,0,ok
llama,C_clean,8,llama_C_clean_L08,OR_auroc,topic,cities,0.972767743194751,0.9509046984214053,0.9860778861422671,2000,0,ok
llama,C_clean,8,llama_C_clean_L08,OR_auroc,topic,element_symb,0.9819315843621399,0.9543193901817564,0.9995617988782051,2000,0,ok
llama,C_clean,8,llama_C_clean_L08,OR_auroc,topic,inventors,0.9223240316534778,0.88043036071,0.9689558310103682,2000,0,ok
llama,C_clean,8,llama_C_clean_L08,OR_auroc,topic,sp_en_trans,0.9494845732410612,0.9267322740826035,0.978412916518568,2000,0,ok
llama,C_clean,8,llama_C_clean_L08,OR_auroc,topic_macro,all,0.9572612219069526,0.9438033590257858,0.9733081867806767,2000,0,ok
llama,C_clean,8,llama_C_clean_L08,OR_mixed_vs_FF_auroc,pooled,all,0.944607332536039,0.9218223422420538,0.9626663756230754,2000,0,ok
llama,C_clean,8,llama_C_clean_L08,OR_mixed_vs_FF_auroc,topic,animal_class,0.939697265625,0.8723448655714109,0.994791875,2000,0,ok
llama,C_clean,8,llama_C_clean_L08,OR_mixed_vs_FF_auroc,topic,cities,0.9593543083644881,0.9269368647943298,0.9791195740221932,2000,0,ok
llama,C_clean,8,llama_C_clean_L08,OR_mixed_vs_FF_auroc,topic,element_symb,0.9728973765432098,0.9314790852726347,0.9993426983173076,2000,0,ok
llama,C_clean,8,llama_C_clean_L08,OR_mixed_vs_FF_auroc,topic,inventors,0.884527280299875,0.8246927359350441,0.9534337465155522,2000,0,ok
llama,C_clean,8,llama_C_clean_L08,OR_mixed_vs_FF_auroc,topic,sp_en_trans,0.9242268598615917,0.8900984111239053,0.9676193747778519,2000,0,ok
llama,C_clean,8,llama_C_clean_L08,OR_mixed_vs_FF_auroc,topic_macro,all,0.9361406181388329,0.9162499730453622,0.9599813057700947,2000,0,ok
llama,R0,9,llama_R0_L09,atomic_auroc,pooled,all,0.9999960942992392,0.9999765634729195,1.0,2000,0,ok
llama,R0,9,llama_R0_L09,atomic_auroc,topic,animal_class,1.0,1.0,1.0,2000,0,ok
llama,R0,9,llama_R0_L09,atomic_auroc,topic,cities,1.0,1.0,1.0,2000,0,ok
llama,R0,9,llama_R0_L09,atomic_auroc,topic,element_symb,1.0,1.0,1.0,2000,0,ok
llama,R0,9,llama_R0_L09,atomic_auroc,topic,inventors,1.0,1.0,1.0,2000,0,ok
llama,R0,9,llama_R0_L09,atomic_auroc,topic,sp_en_trans,1.0,1.0,1.0,2000,0,ok
llama,R0,9,llama_R0_L09,atomic_auroc,topic_macro,all,1.0,1.0,1.0,2000,0,ok
llama,R0,9,llama_R0_L09,AND_auroc,pooled,all,0.9508738803229757,0.9380703440587014,0.9634982243513749,2000,0,ok
llama,R0,9,llama_R0_L09,AND_auroc,topic,animal_class,0.9422200520833334,0.831180927456382,0.9982182742015644,2000,0,ok
llama,R0,9,llama_R0_L09,AND_auroc,topic,cities,0.9858461705929162,0.9774638828576516,0.9927703157098702,2000,0,ok
llama,R0,9,llama_R0_L09,AND_auroc,topic,element_symb,0.9695216049382716,0.9418408660070867,0.9935185185185185,2000,0,ok
llama,R0,9,llama_R0_L09,AND_auroc,topic,inventors,0.9653963626266834,0.9316770936061802,0.9912522662414898,2000,0,ok
llama,R0,9,llama_R0_L09,AND_auroc,topic,sp_en_trans,0.9458982122260668,0.9209358323831919,0.9715792181069959,2000,0,ok
llama,R0,9,llama_R0_L09,AND_auroc,topic_macro,all,0.9617764804934543,0.9380807197599642,0.9773477621673098,2000,0,ok
llama,R0,9,llama_R0_L09,OR_auroc,pooled,all,0.8606742423917687,0.8401329181481594,0.8823124053068296,2000,0,ok
llama,R0,9,llama_R0_L09,OR_auroc,topic,animal_class,0.7794596354166666,0.5942262783732518,0.9013509379904169,2000,0,ok
llama,R0,9,llama_R0_L09,OR_auroc,topic,cities,0.9221675450054803,0.8991196611457963,0.9435129184275483,2000,0,ok
llama,R0,9,llama_R0_L09,OR_auroc,topic,element_symb,0.8772505144032922,0.8370597993827161,0.9184969983966439,2000,0,ok
llama,R0,9,llama_R0_L09,OR_auroc,topic,inventors,0.7850895460224906,0.7211457056991604,0.8461887244435878,2000,0,ok
llama,R0,9,llama_R0_L09,OR_auroc,topic,sp_en_trans,0.8580413783160323,0.8327027823575817,0.8902468434079718,2000,0,ok
llama,R0,9,llama_R0_L09,OR_auroc,topic_macro,all,0.8444017238327923,0.8064544870273267,0.8771867907926648,2000,0,ok
llama,R0,9,llama_R0_L09,OR_mixed_vs_FF_auroc,pooled,all,0.7985674420997132,0.7720232429340073,0.828108847298898,2000,0,ok
llama,R0,9,llama_R0_L09,OR_mixed_vs_FF_auroc,topic,animal_class,0.669189453125,0.3913394175598778,0.8520264069856252,2000,0,ok
llama,R0,9,llama_R0_L09,OR_mixed_vs_FF_auroc,topic,cities,0.8843928764470069,0.8508872751148345,0.9156451017092808,2000,0,ok
llama,R0,9,llama_R0_L09,OR_mixed_vs_FF_auroc,topic,element_symb,0.8158757716049383,0.7555896990740741,0.8777454975949658,2000,0,ok
llama,R0,9,llama_R0_L09,OR_mixed_vs_FF_auroc,topic,inventors,0.7021553519366931,0.6322348248652851,0.7780490052791951,2000,0,ok
llama,R0,9,llama_R0_L09,OR_mixed_vs_FF_auroc,topic,sp_en_trans,0.7874675605536332,0.7498611103349626,0.8353702651119576,2000,0,ok
llama,R0,9,llama_R0_L09,OR_mixed_vs_FF_auroc,topic_macro,all,0.7718162027334543,0.7150141763599044,0.8195282932515895,2000,0,ok
llama,C_clean,9,llama_C_clean_L09,atomic_auroc,pooled,all,0.6771899264165977,0.6633834017160184,0.6909957142052776,2000,0,ok
llama,C_clean,9,llama_C_clean_L09,atomic_auroc,topic,animal_class,0.796875,0.7431640625,0.8340087890624999,2000,0,ok
llama,C_clean,9,llama_C_clean_L09,atomic_auroc,topic,cities,0.6978064051168866,0.6856777284806991,0.7094390455384892,2000,0,ok
llama,C_clean,9,llama_C_clean_L09,atomic_auroc,topic,element_symb,0.5632716049382716,0.5285493827160493,0.5964506172839507,2000,0,ok
llama,C_clean,9,llama_C_clean_L09,atomic_auroc,topic,inventors,0.5860993539763867,0.5150160683760683,0.6630176218916727,2000,0,ok
llama,C_clean,9,llama_C_clean_L09,atomic_auroc,topic,sp_en_trans,0.7417902045411897,0.6946312103987258,0.796933685689975,2000,0,ok
llama,C_clean,9,llama_C_clean_L09,atomic_auroc,topic_macro,all,0.6771685137145469,0.6551460383475537,0.699327909495629,2000,0,ok
llama,C_clean,9,llama_C_clean_L09,AND_auroc,pooled,all,0.9969576362365993,0.9945375981130169,0.9987715395099495,2000,0,ok
llama,C_clean,9,llama_C_clean_L09,AND_auroc,topic,animal_class,0.999267578125,0.9956597222222222,1.0,2000,0,ok
llama,C_clean,9,llama_C_clean_L09,AND_auroc,topic,cities,0.9984995045268231,0.9961901379692784,0.9996951998793877,2000,0,ok
llama,C_clean,9,llama_C_clean_L09,AND_auroc,topic,element_symb,0.9992283950617284,0.9958376291863045,1.0,2000,0,ok
llama,C_clean,9,llama_C_clean_L09,AND_auroc,topic,inventors,0.9859780646952658,0.9649640699933224,0.9985359189972285,2000,0,ok
llama,C_clean,9,llama_C_clean_L09,AND_auroc,topic,sp_en_trans,0.9942510092272203,0.9856973751561188,0.999628017526455,2000,0,ok
llama,C_clean,9,llama_C_clean_L09,AND_auroc,topic_macro,all,0.9954449103272076,0.9913571044492417,0.9986997993787232,2000,0,ok
llama,C_clean,9,llama_C_clean_L09,OR_auroc,pooled,all,0.9865928097767147,0.978195820480365,0.9926122600744397,2000,0,ok
llama,C_clean,9,llama_C_clean_L09,OR_auroc,topic,animal_class,0.9732259114583334,0.9370384305324235,1.0,2000,0,ok
llama,C_clean,9,llama_C_clean_L09,OR_auroc,topic,cities,0.9950752969085477,0.9892094327172996,0.9983710623764727,2000,0,ok
llama,C_clean,9,llama_C_clean_L09,OR_auroc,topic,element_symb,0.9932484567901234,0.9812819185003965,1.0,2000,0,ok
llama,C_clean,9,llama_C_clean_L09,OR_auroc,topic,inventors,0.9409273913647092,0.8716295347969786,0.9805752072467241,2000,0,ok
llama,C_clean,9,llama_C_clean_L09,OR_auroc,topic,sp_en_trans,0.9832576412918108,0.9594696482431428,0.9987376924185963,2000,0,ok
llama,C_clean,9,llama_C_clean_L09,OR_auroc,topic_macro,all,0.9771469395627049,0.9620501884610279,0.989281757727199,2000,0,ok
llama,C_clean,9,llama_C_clean_L09,OR_mixed_vs_FF_auroc,pooled,all,0.979891893745526,0.9673046692560815,0.9889183901116595,2000,0,ok
llama,C_clean,9,llama_C_clean_L09,OR_mixed_vs_FF_auroc,topic,animal_class,0.9598388671875,0.9055576457986353,1.0,2000,0,ok
llama,C_clean,9,llama_C_clean_L09,OR_mixed_vs_FF_auroc,topic,cities,0.9926129453628215,0.9838141490759492,0.9975565935647089,2000,0,ok
llama,C_clean,9,llama_C_clean_L09,OR_mixed_vs_FF_auroc,topic,element_symb,0.9898726851851852,0.9719228777505947,1.0,2000,0,ok
llama,C_clean,9,llama_C_clean_L09,OR_mixed_vs_FF_auroc,topic,inventors,0.9114952103290296,0.808264451842495,0.9708628108700861,2000,0,ok
llama,C_clean,9,llama_C_clean_L09,OR_mixed_vs_FF_auroc,topic,sp_en_trans,0.9748864619377162,0.9392044723647143,0.9981065386278946,2000,0,ok
llama,C_clean,9,llama_C_clean_L09,OR_mixed_vs_FF_auroc,topic_macro,all,0.9657412340004505,0.9430962953483054,0.9839226365907983,2000,0,ok
llama,R0,10,llama_R0_L10,atomic_auroc,pooled,all,1.0,1.0,1.0,2000,0,ok
llama,R0,10,llama_R0_L10,atomic_auroc,topic,animal_class,1.0,1.0,1.0,2000,0,ok
llama,R0,10,llama_R0_L10,atomic_auroc,topic,cities,1.0,1.0,1.0,2000,0,ok
llama,R0,10,llama_R0_L10,atomic_auroc,topic,element_symb,1.0,1.0,1.0,2000,0,ok
llama,R0,10,llama_R0_L10,atomic_auroc,topic,inventors,1.0,1.0,1.0,2000,0,ok
llama,R0,10,llama_R0_L10,atomic_auroc,topic,sp_en_trans,1.0,1.0,1.0,2000,0,ok
llama,R0,10,llama_R0_L10,atomic_auroc,topic_macro,all,1.0,1.0,1.0,2000,0,ok
llama,R0,10,llama_R0_L10,AND_auroc,pooled,all,0.9473371369131564,0.9357675975784157,0.9588972903774731,2000,0,ok
llama,R0,10,llama_R0_L10,AND_auroc,topic,animal_class,0.9984537760416666,0.9912802219579865,1.0,2000,0,ok
llama,R0,10,llama_R0_L10,AND_auroc,topic,cities,0.9819386889479453,0.9721975265320336,0.9903850464946329,2000,0,ok
llama,R0,10,llama_R0_L10,AND_auroc,topic,element_symb,0.995434670781893,0.9825507046023016,1.0,2000,0,ok
llama,R0,10,llama_R0_L10,AND_auroc,topic,inventors,0.9826114119117034,0.9622894603587963,0.9974725418904815,2000,0,ok
llama,R0,10,llama_R0_L10,AND_auroc,topic,sp_en_trans,0.9450151384083045,0.9211100607335873,0.9689547994429977,2000,0,ok
llama,R0,10,llama_R0_L10,AND_auroc,topic_macro,all,0.9806907372183027,0.9740235550746288,0.9872219430672482,2000,0,ok
llama,R0,10,llama_R0_L10,OR_auroc,pooled,all,0.7516917500039293,0.7314009673742737,0.7732687738901745,2000,0,ok
llama,R0,10,llama_R0_L10,OR_auroc,topic,animal_class,0.7427571614583334,0.6580039922118075,0.8441701183431952,2000,0,ok
llama,R0,10,llama_R0_L10,OR_auroc,topic,cities,0.7808272525261625,0.7505869281247376,0.8121816655933967,2000,0,ok
llama,R0,10,llama_R0_L10,OR_auroc,topic,element_symb,0.7867798353909465,0.7436416568409576,0.836241690408357,2000,0,ok
llama,R0,10,llama_R0_L10,OR_auroc,topic,inventors,0.759579341940858,0.6776396878715815,0.8309804678717687,2000,0,ok
llama,R0,10,llama_R0_L10,OR_auroc,topic,sp_en_trans,0.8456963667820069,0.8185686345921952,0.8768831884605693,2000,0,ok
llama,R0,10,llama_R0_L10,OR_auroc,topic_macro,all,0.7831279916196614,0.7583615740683455,0.813134426607036,2000,0,ok
llama,R0,10,llama_R0_L10,OR_mixed_vs_FF_auroc,pooled,all,0.6507657883569307,0.6264070277283802,0.6769718344121368,2000,0,ok
llama,R0,10,llama_R0_L10,OR_mixed_vs_FF_auroc,topic,animal_class,0.624755859375,0.4961008250094615,0.771053932832324,2000,0,ok
llama,R0,10,llama_R0_L10,OR_mixed_vs_FF_auroc,topic,cities,0.681053218323499,0.6417812991839177,0.7242690358369966,2000,0,ok
llama,R0,10,llama_R0_L10,OR_mixed_vs_FF_auroc,topic,element_symb,0.6822916666666666,0.6222251893832326,0.754726915495601,2000,0,ok
llama,R0,10,llama_R0_L10,OR_mixed_vs_FF_auroc,topic,inventors,0.6745106205747605,0.5920251745226012,0.7593645742954984,2000,0,ok
llama,R0,10,llama_R0_L10,OR_mixed_vs_FF_auroc,topic,sp_en_trans,0.7685445501730104,0.7278529518882927,0.8153247826908542,2000,0,ok
llama,R0,10,llama_R0_L10,OR_mixed_vs_FF_auroc,topic_macro,all,0.6862311830225873,0.6525364565298879,0.7272192667263403,2000,0,ok
llama,C_clean,10,llama_C_clean_L10,atomic_auroc,pooled,all,0.6862902091893327,0.6741436932761163,0.6980850523060663,2000,0,ok
llama,C_clean,10,llama_C_clean_L10,atomic_auroc,topic,animal_class,0.8427734375,0.794921875,0.8955322265624999,2000,0,ok
llama,C_clean,10,llama_C_clean_L10,atomic_auroc,topic,cities,0.694822305301563,0.6810824962839511,0.7079098351425611,2000,0,ok
llama,C_clean,10,llama_C_clean_L10,atomic_auroc,topic,element_symb,0.6033950617283951,0.5632523148148147,0.6427469135802469,2000,0,ok
llama,C_clean,10,llama_C_clean_L10,atomic_auroc,topic,inventors,0.6743149922031633,0.6333002168402244,0.7237351731876371,2000,0,ok
llama,C_clean,10,llama_C_clean_L10,atomic_auroc,topic,sp_en_trans,0.726027397260274,0.6876800892953765,0.7677599078134354,2000,0,ok
llama,C_clean,10,llama_C_clean_L10,atomic_auroc,topic_macro,all,0.7082666387986791,0.6919498180733585,0.7274557241766466,2000,0,ok
llama,C_clean,10,llama_C_clean_L10,AND_auroc,pooled,all,0.9987776248915865,0.9977183757246277,0.9995752232851454,2000,0,ok
llama,C_clean,10,llama_C_clean_L10,AND_auroc,topic,animal_class,0.999755859375,0.9977666945684524,1.0,2000,0,ok
llama,C_clean,10,llama_C_clean_L10,AND_auroc,topic,cities,0.9995279867273246,0.9987010184705286,0.9999274545152238,2000,0,ok
llama,C_clean,10,llama_C_clean_L10,AND_auroc,topic,element_symb,1.0,1.0,1.0,2000,0,ok
llama,C_clean,10,llama_C_clean_L10,AND_auroc,topic,inventors,0.9952450367902262,0.9874646473008443,1.0,2000,0,ok
llama,C_clean,10,llama_C_clean_L10,AND_auroc,topic,sp_en_trans,0.9956386966551326,0.9879651378077342,0.9997128624601834,2000,0,ok
llama,C_clean,10,llama_C_clean_L10,AND_auroc,topic_macro,all,0.9980335159095366,0.9960276337140782,0.9995647741930518,2000,0,ok
llama,C_clean,10,llama_C_clean_L10,OR_auroc,pooled,all,0.992803275479484,0.9877841287309037,0.9965422388251476,2000,0,ok
llama,C_clean,10,llama_C_clean_L10,OR_auroc,topic,animal_class,0.9903971354166666,0.9683113972375532,1.0,2000,0,ok
llama,C_clean,10,llama_C_clean_L10,OR_auroc,topic,cities,0.9969586580184076,0.9925865156269321,0.9991847865791889,2000,0,ok
llama,C_clean,10,llama_C_clean_L10,OR_auroc,topic,element_symb,0.9992926954732511,0.996809845261634,1.0,2000,0,ok
llama,C_clean,10,llama_C_clean_L10,OR_auroc,topic,inventors,0.9590795501874219,0.9236463205073696,0.9872345034124137,2000,0,ok
llama,C_clean,10,llama_C_clean_L10,OR_auroc,topic,sp_en_trans,0.9885741061130334,0.9698100771819074,0.9994687855993644,2000,0,ok
llama,C_clean,10,llama_C_clean_L10,OR_auroc,topic_macro,all,0.9868604290417562,0.978399735452954,0.9945580470693735,2000,0,ok
llama,C_clean,10,llama_C_clean_L10,OR_mixed_vs_FF_auroc,pooled,all,0.989204913219226,0.9816761930963556,0.9948133582377214,2000,0,ok
llama,C_clean,10,llama_C_clean_L10,OR_mixed_vs_FF_auroc,topic,animal_class,0.985595703125,0.9524670958563299,1.0,2000,0,ok
llama,C_clean,10,llama_C_clean_L10,OR_mixed_vs_FF_auroc,topic,cities,0.9954379870276113,0.9888797734403981,0.9987771798687832,2000,0,ok
llama,C_clean,10,llama_C_clean_L10,OR_mixed_vs_FF_auroc,topic,element_symb,0.9989390432098766,0.9952147678924511,1.0,2000,0,ok
llama,C_clean,10,llama_C_clean_L10,OR_mixed_vs_FF_auroc,topic,inventors,0.9386193252811329,0.8854694807610544,0.9808517551186205,2000,0,ok
llama,C_clean,10,llama_C_clean_L10,OR_mixed_vs_FF_auroc,topic,sp_en_trans,0.9828611591695502,0.9547151157728612,0.9992031783990466,2000,0,ok
llama,C_clean,10,llama_C_clean_L10,OR_mixed_vs_FF_auroc,topic_macro,all,0.9802906435626342,0.9675996031794312,0.9918370706040603,2000,0,ok
llama,R0,11,llama_R0_L11,atomic_auroc,pooled,all,1.0,1.0,1.0,2000,0,ok
llama,R0,11,llama_R0_L11,atomic_auroc,topic,animal_class,1.0,1.0,1.0,2000,0,ok
llama,R0,11,llama_R0_L11,atomic_auroc,topic,cities,1.0,1.0,1.0,2000,0,ok
llama,R0,11,llama_R0_L11,atomic_auroc,topic,element_symb,1.0,1.0,1.0,2000,0,ok
llama,R0,11,llama_R0_L11,atomic_auroc,topic,inventors,1.0,1.0,1.0,2000,0,ok
llama,R0,11,llama_R0_L11,atomic_auroc,topic,sp_en_trans,1.0,1.0,1.0,2000,0,ok
llama,R0,11,llama_R0_L11,atomic_auroc,topic_macro,all,1.0,1.0,1.0,2000,0,ok
llama,R0,11,llama_R0_L11,AND_auroc,pooled,all,0.9519044332708929,0.9407868393519703,0.9618951502767454,2000,0,ok
llama,R0,11,llama_R0_L11,AND_auroc,topic,animal_class,0.9964192708333334,0.9863940796906998,1.0,2000,0,ok
llama,R0,11,llama_R0_L11,AND_auroc,topic,cities,0.9867977043076138,0.9794107044158725,0.9930407376991234,2000,0,ok
llama,R0,11,llama_R0_L11,AND_auroc,topic,element_symb,0.9934413580246914,0.9784574850166122,1.0,2000,0,ok
llama,R0,11,llama_R0_L11,AND_auroc,topic,inventors,0.9693877551020408,0.9345550926392884,0.99297176477708,2000,0,ok
llama,R0,11,llama_R0_L11,AND_auroc,topic,sp_en_trans,0.9706603229527105,0.9493386925777129,0.989000190916587,2000,0,ok
llama,R0,11,llama_R0_L11,AND_auroc,topic_macro,all,0.9833412822440779,0.9748865147766226,0.9903083951819067,2000,0,ok
llama,R0,11,llama_R0_L11,OR_auroc,pooled,all,0.77178128130059,0.7515624447899674,0.7934681758591815,2000,0,ok
llama,R0,11,llama_R0_L11,OR_auroc,topic,animal_class,0.7337239583333334,0.6593500500153894,0.8054446650340109,2000,0,ok
llama,R0,11,llama_R0_L11,OR_auroc,topic,cities,0.7941252646277195,0.763845376045638,0.827650124583508,2000,0,ok
llama,R0,11,llama_R0_L11,OR_auroc,topic,element_symb,0.7625385802469136,0.7144327608942779,0.813081453741965,2000,0,ok
llama,R0,11,llama_R0_L11,OR_auroc,topic,inventors,0.7389629321116201,0.6481219473122107,0.8351096380929321,2000,0,ok
llama,R0,11,llama_R0_L11,OR_auroc,topic,sp_en_trans,0.8440383506343714,0.8244376982511904,0.8710894444969346,2000,0,ok
llama,R0,11,llama_R0_L11,OR_auroc,topic_macro,all,0.7746778171907917,0.7505596877023701,0.8030631626156777,2000,0,ok
llama,R0,11,llama_R0_L11,OR_mixed_vs_FF_auroc,pooled,all,0.6682435734218073,0.6421660399495277,0.6973820244702467,2000,0,ok
llama,R0,11,llama_R0_L11,OR_mixed_vs_FF_auroc,topic,animal_class,0.6014404296875,0.4916289522377078,0.7081669975510164,2000,0,ok
llama,R0,11,llama_R0_L11,OR_mixed_vs_FF_auroc,topic,cities,0.6965705373631819,0.6530725313071671,0.7451400149622128,2000,0,ok
llama,R0,11,llama_R0_L11,OR_mixed_vs_FF_auroc,topic,element_symb,0.6477623456790124,0.5792981703078767,0.7211773003472222,2000,0,ok
llama,R0,11,llama_R0_L11,OR_mixed_vs_FF_auroc,topic,inventors,0.6422844648063307,0.5251541143350231,0.7683618652433424,2000,0,ok
llama,R0,11,llama_R0_L11,OR_mixed_vs_FF_auroc,topic,sp_en_trans,0.7660575259515571,0.7366565473767855,0.8066341667454018,2000,0,ok
llama,R0,11,llama_R0_L11,OR_mixed_vs_FF_auroc,topic_macro,all,0.6708230606975164,0.6371557409133084,0.7101695884193222,2000,0,ok
llama,C_clean,11,llama_C_clean_L11,atomic_auroc,pooled,all,0.6168663781655704,0.6054647881124428,0.6279437615800176,2000,0,ok
llama,C_clean,11,llama_C_clean_L11,atomic_auroc,topic,animal_class,0.7919921875,0.724609375,0.8584228515624999,2000,0,ok
llama,C_clean,11,llama_C_clean_L11,atomic_auroc,topic,cities,0.6033962434124589,0.5879203076437998,0.6174845727669925,2000,0,ok
llama,C_clean,11,llama_C_clean_L11,atomic_auroc,topic,element_symb,0.5470679012345679,0.5054012345679012,0.5902777777777778,2000,0,ok
llama,C_clean,11,llama_C_clean_L11,atomic_auroc,topic,inventors,0.6524838494096681,0.607618690185776,0.7076123188320304,2000,0,ok
llama,C_clean,11,llama_C_clean_L11,atomic_auroc,topic,sp_en_trans,0.6359542127978983,0.5918162792894935,0.6844418001008032,2000,0,ok
llama,C_clean,11,llama_C_clean_L11,atomic_auroc,topic_macro,all,0.6461788788709186,0.6255771688012066,0.6684706271172056,2000,0,ok
llama,C_clean,11,llama_C_clean_L11,AND_auroc,pooled,all,0.9994466805835966,0.9988789761713927,0.9998060575266676,2000,0,ok
llama,C_clean,11,llama_C_clean_L11,AND_auroc,topic,animal_class,0.999755859375,0.998109280763345,1.0,2000,0,ok
llama,C_clean,11,llama_C_clean_L11,AND_auroc,topic,cities,0.9997766617119349,0.9992393475760609,0.9999910631665332,2000,0,ok
llama,C_clean,11,llama_C_clean_L11,AND_auroc,topic,element_symb,1.0,1.0,1.0,2000,0,ok
llama,C_clean,11,llama_C_clean_L11,AND_auroc,topic,inventors,0.9982646119672359,0.9932811591173476,1.0,2000,0,ok
llama,C_clean,11,llama_C_clean_L11,AND_auroc,topic,sp_en_trans,0.9971164936562861,0.9920992516928286,0.9998423015285995,2000,0,ok
llama,C_clean,11,llama_C_clean_L11,AND_auroc,topic_macro,all,0.9989827253420913,0.9975858589755111,0.9997856180986953,2000,0,ok
llama,C_clean,11,llama_C_clean_L11,OR_auroc,pooled,all,0.995230522370679,0.9919168488066237,0.9977941068933994,2000,0,ok
llama,C_clean,11,llama_C_clean_L11,OR_auroc,topic,animal_class,0.9913736979166666,0.9706340256098971,1.0,2000,0,ok
llama,C_clean,11,llama_C_clean_L11,OR_auroc,topic,cities,0.9982442607690344,0.9959405658521912,0.9995630772326922,2000,0,ok
llama,C_clean,11,llama_C_clean_L11,OR_auroc,topic,element_symb,0.9992283950617284,0.996091869212963,1.0,2000,0,ok
llama,C_clean,11,llama_C_clean_L11,OR_auroc,topic,inventors,0.9702207413577676,0.9409716317082388,0.992832392792551,2000,0,ok
llama,C_clean,11,llama_C_clean_L11,OR_auroc,topic,sp_en_trans,0.9949358419838523,0.9860427742475616,0.9998320539118017,2000,0,ok
llama,C_clean,11,llama_C_clean_L11,OR_auroc,topic_macro,all,0.9908005874178099,0.9839166996208941,0.9965870748032479,2000,0,ok
llama,C_clean,11,llama_C_clean_L11,OR_mixed_vs_FF_auroc,pooled,all,0.9928457835560185,0.9878752732099356,0.9966911603400992,2000,0,ok
llama,C_clean,11,llama_C_clean_L11,OR_mixed_vs_FF_auroc,topic,animal_class,0.987060546875,0.9559510384148456,1.0,2000,0,ok
llama,C_clean,11,llama_C_clean_L11,OR_mixed_vs_FF_auroc,topic,cities,0.9973663911535516,0.9939108487782868,0.9993446158490384,2000,0,ok
llama,C_clean,11,llama_C_clean_L11,OR_mixed_vs_FF_auroc,topic,element_symb,0.9988425925925926,0.9941378038194445,1.0,2000,0,ok
llama,C_clean,11,llama_C_clean_L11,OR_mixed_vs_FF_auroc,topic,inventors,0.9553311120366514,0.9114574475623584,0.9892485891888266,2000,0,ok
llama,C_clean,11,llama_C_clean_L11,OR_mixed_vs_FF_auroc,topic,sp_en_trans,0.9924037629757786,0.9790641613713423,0.9997480808677026,2000,0,ok
llama,C_clean,11,llama_C_clean_L11,OR_mixed_vs_FF_auroc,topic_macro,all,0.9862008811267149,0.9758750494313408,0.9948806122048721,2000,0,ok
llama,R0,12,llama_R0_L12,atomic_auroc,pooled,all,1.0,1.0,1.0,2000,0,ok
llama,R0,12,llama_R0_L12,atomic_auroc,topic,animal_class,1.0,1.0,1.0,2000,0,ok
llama,R0,12,llama_R0_L12,atomic_auroc,topic,cities,1.0,1.0,1.0,2000,0,ok
llama,R0,12,llama_R0_L12,atomic_auroc,topic,element_symb,1.0,1.0,1.0,2000,0,ok
llama,R0,12,llama_R0_L12,atomic_auroc,topic,inventors,1.0,1.0,1.0,2000,0,ok
llama,R0,12,llama_R0_L12,atomic_auroc,topic,sp_en_trans,1.0,1.0,1.0,2000,0,ok
llama,R0,12,llama_R0_L12,atomic_auroc,topic_macro,all,1.0,1.0,1.0,2000,0,ok
llama,R0,12,llama_R0_L12,AND_auroc,pooled,all,0.9726548044128385,0.9655204455651185,0.9796905376164504,2000,0,ok
llama,R0,12,llama_R0_L12,AND_auroc,topic,animal_class,0.9988606770833334,0.9938947512779707,1.0,2000,0,ok
llama,R0,12,llama_R0_L12,AND_auroc,topic,cities,0.9940158476344909,0.9887483413118334,0.9977508400277132,2000,0,ok
llama,R0,12,llama_R0_L12,AND_auroc,topic,element_symb,0.99877829218107,0.9910819125555892,1.0,2000,0,ok
llama,R0,12,llama_R0_L12,AND_auroc,topic,inventors,0.9742121338331251,0.951581111134512,0.9938378189300412,2000,0,ok
llama,R0,12,llama_R0_L12,AND_auroc,topic,sp_en_trans,0.9833297289504037,0.9605130108294789,0.9978384522966388,2000,0,ok
llama,R0,12,llama_R0_L12,AND_auroc,topic_macro,all,0.9898393359364845,0.9830748168308532,0.9953196827487581,2000,0,ok
llama,R0,12,llama_R0_L12,OR_auroc,pooled,all,0.7403688843737453,0.7153368483944179,0.762331323346539,2000,0,ok
llama,R0,12,llama_R0_L12,OR_auroc,topic,animal_class,0.7901204427083334,0.6936210423241679,0.8736198776921605,2000,0,ok
llama,R0,12,llama_R0_L12,OR_auroc,topic,cities,0.6776759305136405,0.6429519484735601,0.7150027924798702,2000,0,ok
llama,R0,12,llama_R0_L12,OR_auroc,topic,element_symb,0.7179783950617284,0.6737020247408337,0.7767933690966098,2000,0,ok
llama,R0,12,llama_R0_L12,OR_auroc,topic,inventors,0.815597667638484,0.7140884644080667,0.8988493883952565,2000,0,ok
llama,R0,12,llama_R0_L12,OR_auroc,topic,sp_en_trans,0.8516255767012687,0.8308294936583432,0.8754154797348004,2000,0,ok
llama,R0,12,llama_R0_L12,OR_auroc,topic_macro,all,0.7705996025246911,0.7408166398440249,0.7987873773159604,2000,0,ok
llama,R0,12,llama_R0_L12,OR_mixed_vs_FF_auroc,pooled,all,0.6161965416286237,0.5813846684338948,0.6473837803892227,2000,0,ok
llama,R0,12,llama_R0_L12,OR_mixed_vs_FF_auroc,topic,animal_class,0.6851806640625,0.5404315634862519,0.8104298165382409,2000,0,ok
llama,R0,12,llama_R0_L12,OR_mixed_vs_FF_auroc,topic,cities,0.5237221859375704,0.4737821758937306,0.5771455676945333,2000,0,ok
llama,R0,12,llama_R0_L12,OR_mixed_vs_FF_auroc,topic,element_symb,0.5769675925925926,0.5105530371112506,0.6651900536449147,2000,0,ok
llama,R0,12,llama_R0_L12,OR_mixed_vs_FF_auroc,topic,inventors,0.7344856309870887,0.6053438985257167,0.84844904911511,2000,0,ok
llama,R0,12,llama_R0_L12,OR_mixed_vs_FF_auroc,topic,sp_en_trans,0.7774383650519031,0.7462442404875148,0.8131232196022006,2000,0,ok
llama,R0,12,llama_R0_L12,OR_mixed_vs_FF_auroc,topic_macro,all,0.659558887726331,0.6173221119827504,0.7003746175254771,2000,0,ok
llama,C_clean,12,llama_C_clean_L12,atomic_auroc,pooled,all,0.6805605461731944,0.669900422094485,0.6906519940056892,2000,0,ok
llama,C_clean,12,llama_C_clean_L12,atomic_auroc,topic,animal_class,0.74609375,0.7158203125,0.7724609375,2000,0,ok
llama,C_clean,12,llama_C_clean_L12,atomic_auroc,topic,cities,0.6793950722940408,0.6651834376829873,0.6922210711229224,2000,0,ok
llama,C_clean,12,llama_C_clean_L12,atomic_auroc,topic,element_symb,0.5231481481481481,0.4853395061728395,0.5609567901234568,2000,0,ok
llama,C_clean,12,llama_C_clean_L12,atomic_auroc,topic,inventors,0.6616172867008242,0.6191966372677801,0.7091679488040848,2000,0,ok
llama,C_clean,12,llama_C_clean_L12,atomic_auroc,topic,sp_en_trans,0.722086695440045,0.6927190536561416,0.7593745501561617,2000,0,ok
llama,C_clean,12,llama_C_clean_L12,atomic_auroc,topic_macro,all,0.6664681905166117,0.652433117346744,0.6817557179847883,2000,0,ok
llama,C_clean,12,llama_C_clean_L12,AND_auroc,pooled,all,0.9998399695942229,0.9995841263464561,0.9999724714373772,2000,0,ok
llama,C_clean,12,llama_C_clean_L12,AND_auroc,topic,animal_class,1.0,1.0,1.0,2000,0,ok
llama,C_clean,12,llama_C_clean_L12,AND_auroc,topic,cities,0.9999061603831659,0.9996982591122114,1.0,2000,0,ok
llama,C_clean,12,llama_C_clean_L12,AND_auroc,topic,element_symb,1.0,1.0,1.0,2000,0,ok
llama,C_clean,12,llama_C_clean_L12,AND_auroc,topic,inventors,0.9989934749409968,0.9954390445869229,1.0,2000,0,ok
llama,C_clean,12,llama_C_clean_L12,AND_auroc,topic,sp_en_trans,0.9997476931949251,0.9979946229010319,1.0,2000,0,ok
llama,C_clean,12,llama_C_clean_L12,AND_auroc,topic_macro,all,0.9997294657038175,0.9989799876579516,0.9999896617951367,2000,0,ok
llama,C_clean,12,llama_C_clean_L12,OR_auroc,pooled,all,0.997776006012571,0.9951968339383632,0.9992642559610626,2000,0,ok
llama,C_clean,12,llama_C_clean_L12,OR_auroc,topic,animal_class,0.994384765625,0.9738272210743801,1.0,2000,0,ok
llama,C_clean,12,llama_C_clean_L12,OR_auroc,topic,cities,0.9987406723420867,0.9957021288262209,0.9999208372672342,2000,0,ok
llama,C_clean,12,llama_C_clean_L12,OR_auroc,topic,element_symb,1.0,1.0,1.0,2000,0,ok
llama,C_clean,12,llama_C_clean_L12,OR_auroc,topic,inventors,0.9875399139247536,0.9723524158844368,0.9988463603942069,2000,0,ok
llama,C_clean,12,llama_C_clean_L12,OR_auroc,topic,sp_en_trans,0.9968461649365629,0.9899760432508872,1.0,2000,0,ok
llama,C_clean,12,llama_C_clean_L12,OR_auroc,topic_macro,all,0.9955023033656806,0.9904274689293184,0.998836952908172,2000,0,ok
llama,C_clean,12,llama_C_clean_L12,OR_mixed_vs_FF_auroc,pooled,all,0.9966640090188564,0.992795250907545,0.9988963839415941,2000,0,ok
llama,C_clean,12,llama_C_clean_L12,OR_mixed_vs_FF_auroc,topic,animal_class,0.9915771484375,0.9607408316115702,1.0,2000,0,ok
llama,C_clean,12,llama_C_clean_L12,OR_mixed_vs_FF_auroc,topic,cities,0.9981110085131301,0.9935531932393312,0.9998812559008514,2000,0,ok
llama,C_clean,12,llama_C_clean_L12,OR_mixed_vs_FF_auroc,topic,element_symb,1.0,1.0,1.0,2000,0,ok
llama,C_clean,12,llama_C_clean_L12,OR_mixed_vs_FF_auroc,topic,inventors,0.9813098708871304,0.9585286238266552,0.9982695405913106,2000,0,ok
llama,C_clean,12,llama_C_clean_L12,OR_mixed_vs_FF_auroc,topic,sp_en_trans,0.9952692474048442,0.9849640648763308,1.0,2000,0,ok
llama,C_clean,12,llama_C_clean_L12,OR_mixed_vs_FF_auroc,topic_macro,all,0.993253455048521,0.9856412033939776,0.9982554293622582,2000,0,ok
llama,R0,13,llama_R0_L13,atomic_auroc,pooled,all,1.0,1.0,1.0,2000,0,ok
llama,R0,13,llama_R0_L13,atomic_auroc,topic,animal_class,1.0,1.0,1.0,2000,0,ok
llama,R0,13,llama_R0_L13,atomic_auroc,topic,cities,1.0,1.0,1.0,2000,0,ok
llama,R0,13,llama_R0_L13,atomic_auroc,topic,element_symb,1.0,1.0,1.0,2000,0,ok
llama,R0,13,llama_R0_L13,atomic_auroc,topic,inventors,1.0,1.0,1.0,2000,0,ok
llama,R0,13,llama_R0_L13,atomic_auroc,topic,sp_en_trans,1.0,1.0,1.0,2000,0,ok
llama,R0,13,llama_R0_L13,atomic_auroc,topic_macro,all,1.0,1.0,1.0,2000,0,ok
llama,R0,13,llama_R0_L13,AND_auroc,pooled,all,0.9668290546632432,0.9578960898990382,0.9755053115750728,2000,0,ok
llama,R0,13,llama_R0_L13,AND_auroc,topic,animal_class,0.998779296875,0.9949575151421628,1.0,2000,0,ok
llama,R0,13,llama_R0_L13,AND_auroc,topic,cities,0.9806361950662883,0.968826840262263,0.9896703725620635,2000,0,ok
llama,R0,13,llama_R0_L13,AND_auroc,topic,element_symb,0.9990997942386831,0.9926530612244898,1.0,2000,0,ok
llama,R0,13,llama_R0_L13,AND_auroc,topic,inventors,0.9859780646952658,0.968130701684679,0.9979826963449347,2000,0,ok
llama,R0,13,llama_R0_L13,AND_auroc,topic,sp_en_trans,0.9940707900807382,0.9833040499848276,0.9997151692708334,2000,0,ok
llama,R0,13,llama_R0_L13,AND_auroc,topic_macro,all,0.9917128281911951,0.9871690438955688,0.9954798965483611,2000,0,ok
llama,R0,13,llama_R0_L13,OR_auroc,pooled,all,0.7655136618814717,0.7426096591235416,0.7856374683974767,2000,0,ok
llama,R0,13,llama_R0_L13,OR_auroc,topic,animal_class,0.865478515625,0.8120284815681886,0.9311245377397974,2000,0,ok
llama,R0,13,llama_R0_L13,OR_auroc,topic,cities,0.7206882572857078,0.6886410065199668,0.7516905309026173,2000,0,ok
llama,R0,13,llama_R0_L13,OR_auroc,topic,element_symb,0.7649819958847737,0.7274203703339742,0.7991841857036662,2000,0,ok
llama,R0,13,llama_R0_L13,OR_auroc,topic,inventors,0.8584964598084132,0.7662021972958576,0.9306277959164112,2000,0,ok
llama,R0,13,llama_R0_L13,OR_auroc,topic,sp_en_trans,0.8606725778546713,0.8345116238064236,0.8914015264023618,2000,0,ok
llama,R0,13,llama_R0_L13,OR_auroc,topic_macro,all,0.8140635612917133,0.7913402297989602,0.8373618314760733,2000,0,ok
llama,R0,13,llama_R0_L13,OR_mixed_vs_FF_auroc,pooled,all,0.6534775535923254,0.6231265520829264,0.6820429301263344,2000,0,ok
llama,R0,13,llama_R0_L13,OR_mixed_vs_FF_auroc,topic,animal_class,0.7982177734375,0.7180427223522828,0.8966868066096961,2000,0,ok
llama,R0,13,llama_R0_L13,OR_mixed_vs_FF_auroc,topic,cities,0.588823420116211,0.5454136428519211,0.6321466323389499,2000,0,ok
llama,R0,13,llama_R0_L13,OR_mixed_vs_FF_auroc,topic,element_symb,0.6474729938271605,0.5911305555009614,0.6987762785554994,2000,0,ok
llama,R0,13,llama_R0_L13,OR_mixed_vs_FF_auroc,topic,inventors,0.7951374427321949,0.6750522548010974,0.8967807458847736,2000,0,ok
llama,R0,13,llama_R0_L13,OR_mixed_vs_FF_auroc,topic,sp_en_trans,0.7910088667820069,0.7517674357096354,0.8371022896035426,2000,0,ok
llama,R0,13,llama_R0_L13,OR_mixed_vs_FF_auroc,topic_macro,all,0.7241320993790146,0.6921848536324942,0.7580870175522114,2000,0,ok
llama,C_clean,13,llama_C_clean_L13,atomic_auroc,pooled,all,0.7304988361011733,0.7214587202030163,0.7395350364431238,2000,0,ok
llama,C_clean,13,llama_C_clean_L13,atomic_auroc,topic,animal_class,0.7626953125,0.734375,0.7958984375,2000,0,ok
llama,C_clean,13,llama_C_clean_L13,atomic_auroc,topic,cities,0.729032476014594,0.7215553353452547,0.7362844016035314,2000,0,ok
llama,C_clean,13,llama_C_clean_L13,atomic_auroc,topic,element_symb,0.6003086419753086,0.5640432098765432,0.6334876543209876,2000,0,ok
llama,C_clean,13,llama_C_clean_L13,atomic_auroc,topic,inventors,0.7061706393406104,0.6599616508400292,0.7589439901840536,2000,0,ok
llama,C_clean,13,llama_C_clean_L13,atomic_auroc,topic,sp_en_trans,0.8243572902983675,0.7893513888888889,0.8632913917558016,2000,0,ok
llama,C_clean,13,llama_C_clean_L13,atomic_auroc,topic_macro,all,0.7245128720257761,0.7096627753336158,0.7413587627195034,2000,0,ok
llama,C_clean,13,llama_C_clean_L13,AND_auroc,pooled,all,0.9996760098704468,0.9991777880507018,0.9999604265077454,2000,0,ok
llama,C_clean,13,llama_C_clean_L13,AND_auroc,topic,animal_class,1.0,1.0,1.0,2000,0,ok
llama,C_clean,13,llama_C_clean_L13,AND_auroc,topic,cities,0.9997438178460429,0.9991190973125061,1.0,2000,0,ok
llama,C_clean,13,llama_C_clean_L13,AND_auroc,topic,element_symb,1.0,1.0,1.0,2000,0,ok
llama,C_clean,13,llama_C_clean_L13,AND_auroc,topic,inventors,0.9982299042065806,0.9926304445347567,1.0,2000,0,ok
llama,C_clean,13,llama_C_clean_L13,AND_auroc,topic,sp_en_trans,0.9996035178777394,0.9979191129296375,1.0,2000,0,ok
llama,C_clean,13,llama_C_clean_L13,AND_auroc,topic_macro,all,0.9995154479860726,0.998358602719216,0.9999785811004578,2000,0,ok
llama,C_clean,13,llama_C_clean_L13,OR_auroc,pooled,all,0.9986304540719879,0.996776492101426,0.9996675337887833,2000,0,ok
llama,C_clean,13,llama_C_clean_L13,OR_auroc,topic,animal_class,0.9959309895833334,0.9807072354851785,1.0,2000,0,ok
llama,C_clean,13,llama_C_clean_L13,OR_auroc,topic,cities,0.9994932660690959,0.9981681252362056,0.9999876224201768,2000,0,ok
llama,C_clean,13,llama_C_clean_L13,OR_auroc,topic,element_symb,1.0,1.0,1.0,2000,0,ok
llama,C_clean,13,llama_C_clean_L13,OR_auroc,topic,inventors,0.9892753019575177,0.9677599886416344,0.9997530955511725,2000,0,ok
llama,C_clean,13,llama_C_clean_L13,OR_auroc,topic,sp_en_trans,0.998305940023068,0.9940162211943601,1.0,2000,0,ok
llama,C_clean,13,llama_C_clean_L13,OR_auroc,topic_macro,all,0.996601099526603,0.9916529481427921,0.9995309439045104,2000,0,ok
llama,C_clean,13,llama_C_clean_L13,OR_mixed_vs_FF_auroc,pooled,all,0.997945681107982,0.9951647381521391,0.9995013006831749,2000,0,ok
llama,C_clean,13,llama_C_clean_L13,OR_mixed_vs_FF_auroc,topic,animal_class,0.993896484375,0.9710608532277677,1.0,2000,0,ok
llama,C_clean,13,llama_C_clean_L13,OR_mixed_vs_FF_auroc,topic,cities,0.999239899103644,0.9972521878543085,0.9999814336302653,2000,0,ok
llama,C_clean,13,llama_C_clean_L13,OR_mixed_vs_FF_auroc,topic,element_symb,1.0,1.0,1.0,2000,0,ok
llama,C_clean,13,llama_C_clean_L13,OR_mixed_vs_FF_auroc,topic,inventors,0.9839129529362766,0.9516399829624516,0.9996296433267587,2000,0,ok
llama,C_clean,13,llama_C_clean_L13,OR_mixed_vs_FF_auroc,topic,sp_en_trans,0.9974589100346021,0.9910243317915401,1.0,2000,0,ok
llama,C_clean,13,llama_C_clean_L13,OR_mixed_vs_FF_auroc,topic_macro,all,0.9949016492899047,0.987479422214188,0.9992964158567654,2000,0,ok
llama,R0,14,llama_R0_L14,atomic_auroc,pooled,all,1.0,1.0,1.0,2000,0,ok
llama,R0,14,llama_R0_L14,atomic_auroc,topic,animal_class,1.0,1.0,1.0,2000,0,ok
llama,R0,14,llama_R0_L14,atomic_auroc,topic,cities,1.0,1.0,1.0,2000,0,ok
llama,R0,14,llama_R0_L14,atomic_auroc,topic,element_symb,1.0,1.0,1.0,2000,0,ok
llama,R0,14,llama_R0_L14,atomic_auroc,topic,inventors,1.0,1.0,1.0,2000,0,ok
llama,R0,14,llama_R0_L14,atomic_auroc,topic,sp_en_trans,1.0,1.0,1.0,2000,0,ok
llama,R0,14,llama_R0_L14,atomic_auroc,topic_macro,all,1.0,1.0,1.0,2000,0,ok
llama,R0,14,llama_R0_L14,AND_auroc,pooled,all,0.9706283479575405,0.9613463105826573,0.9788026680264471,2000,0,ok
llama,R0,14,llama_R0_L14,AND_auroc,topic,animal_class,0.9984537760416666,0.9935076412918108,1.0,2000,0,ok
llama,R0,14,llama_R0_L14,AND_auroc,topic,cities,0.9762810984490188,0.9627468103155015,0.9870849488090767,2000,0,ok
llama,R0,14,llama_R0_L14,AND_auroc,topic,element_symb,0.998070987654321,0.9877641462750498,1.0,2000,0,ok
llama,R0,14,llama_R0_L14,AND_auroc,topic,inventors,0.9795224212133833,0.9611910740300301,0.9950005092802173,2000,0,ok
llama,R0,14,llama_R0_L14,AND_auroc,topic,sp_en_trans,0.9956386966551326,0.9879095809781187,0.999885300814909,2000,0,ok
llama,R0,14,llama_R0_L14,AND_auroc,topic_macro,all,0.9895933960027044,0.9847676562721246,0.9940055992844035,2000,0,ok
llama,R0,14,llama_R0_L14,OR_auroc,pooled,all,0.7271520874680475,0.702685408215616,0.7478933145677317,2000,0,ok
llama,R0,14,llama_R0_L14,OR_auroc,topic,animal_class,0.8697916666666666,0.8283779466511402,0.9328205238120361,2000,0,ok
llama,R0,14,llama_R0_L14,OR_auroc,topic,cities,0.6652937930723841,0.6274646820044285,0.6981935821809208,2000,0,ok
llama,R0,14,llama_R0_L14,OR_auroc,topic,element_symb,0.8250385802469136,0.7852333771199111,0.8595868066547078,2000,0,ok
llama,R0,14,llama_R0_L14,OR_auroc,topic,inventors,0.7955365819797307,0.7145696172034955,0.8699510008719923,2000,0,ok
llama,R0,14,llama_R0_L14,OR_auroc,topic,sp_en_trans,0.8573024798154556,0.8275410427794276,0.8936694853354503,2000,0,ok
llama,R0,14,llama_R0_L14,OR_auroc,topic_macro,all,0.8025926203562301,0.7815155828338451,0.827477088545552,2000,0,ok
llama,R0,14,llama_R0_L14,OR_mixed_vs_FF_auroc,pooled,all,0.6082568187955711,0.5779242340404682,0.6340544698596833,2000,0,ok
llama,R0,14,llama_R0_L14,OR_mixed_vs_FF_auroc,topic,animal_class,0.8046875,0.7425669199767101,0.8992307857180543,2000,0,ok
llama,R0,14,llama_R0_L14,OR_mixed_vs_FF_auroc,topic,cities,0.5273706702400793,0.48417831842669135,0.5665071586805589,2000,0,ok
llama,R0,14,llama_R0_L14,OR_mixed_vs_FF_auroc,topic,element_symb,0.7375578703703703,0.6778500656798667,0.7893802099820617,2000,0,ok
llama,R0,14,llama_R0_L14,OR_mixed_vs_FF_auroc,topic,inventors,0.7153269471053728,0.6156018290233034,0.8107454318343019,2000,0,ok
llama,R0,14,llama_R0_L14,OR_mixed_vs_FF_auroc,topic,sp_en_trans,0.7859537197231834,0.7413115641691415,0.8405042280031756,2000,0,ok
llama,R0,14,llama_R0_L14,OR_mixed_vs_FF_auroc,topic_macro,all,0.7141793414878012,0.6873728683732362,0.7496978495231797,2000,0,ok
llama,C_clean,14,llama_C_clean_L14,atomic_auroc,pooled,all,0.6992297958099642,0.6891617278461496,0.709522111712062,2000,0,ok
llama,C_clean,14,llama_C_clean_L14,atomic_auroc,topic,animal_class,0.837890625,0.78125,0.890625,2000,0,ok
llama,C_clean,14,llama_C_clean_L14,atomic_auroc,topic,cities,0.6672672402144048,0.656445655601099,0.6776164361965678,2000,0,ok
llama,C_clean,14,llama_C_clean_L14,atomic_auroc,topic,element_symb,0.6473765432098766,0.6033757716049383,0.6952160493827161,2000,0,ok
llama,C_clean,14,llama_C_clean_L14,atomic_auroc,topic,inventors,0.6807752283359323,0.6350033001813974,0.736629938188659,2000,0,ok
llama,C_clean,14,llama_C_clean_L14,atomic_auroc,topic,sp_en_trans,0.6828673297053857,0.6539435291499269,0.7282916809528778,2000,0,ok
llama,C_clean,14,llama_C_clean_L14,atomic_auroc,topic_macro,all,0.7032353932931198,0.6860764694668346,0.7245039424744484,2000,0,ok
llama,C_clean,14,llama_C_clean_L14,AND_auroc,pooled,all,0.9994373931046899,0.998514659772658,0.9999298524058619,2000,0,ok
llama,C_clean,14,llama_C_clean_L14,AND_auroc,topic,animal_class,1.0,1.0,1.0,2000,0,ok
llama,C_clean,14,llama_C_clean_L14,AND_auroc,topic,cities,0.9998029368046485,0.9992664205815861,1.0,2000,0,ok
llama,C_clean,14,llama_C_clean_L14,AND_auroc,topic,element_symb,1.0,1.0,1.0,2000,0,ok
llama,C_clean,14,llama_C_clean_L14,AND_auroc,topic,inventors,0.9959391920033319,0.9844281205779735,1.0,2000,0,ok
llama,C_clean,14,llama_C_clean_L14,AND_auroc,topic,sp_en_trans,0.9987564878892734,0.9945744433753843,1.0,2000,0,ok
llama,C_clean,14,llama_C_clean_L14,AND_auroc,topic_macro,all,0.9988997233394507,0.9965428259822648,0.9999548437169261,2000,0,ok
llama,C_clean,14,llama_C_clean_L14,OR_auroc,pooled,all,0.9982125175211861,0.9960391779100719,0.9994772820104708,2000,0,ok
llama,C_clean,14,llama_C_clean_L14,OR_auroc,topic,animal_class,0.9917805989583334,0.9672544925740812,1.0,2000,0,ok
llama,C_clean,14,llama_C_clean_L14,OR_auroc,topic,cities,0.9996133807786436,0.9987766344375149,0.9999729556980137,2000,0,ok
llama,C_clean,14,llama_C_clean_L14,OR_auroc,topic,element_symb,1.0,1.0,1.0,2000,0,ok
llama,C_clean,14,llama_C_clean_L14,OR_auroc,topic,inventors,0.9878869915313064,0.9647910759294266,0.9994103155749576,2000,0,ok
llama,C_clean,14,llama_C_clean_L14,OR_auroc,topic,sp_en_trans,0.9957107843137255,0.9877818544627215,0.9997849852300922,2000,0,ok
llama,C_clean,14,llama_C_clean_L14,OR_auroc,topic_macro,all,0.9949983511164018,0.9885919207475469,0.9990247975797563,2000,0,ok
llama,C_clean,14,llama_C_clean_L14,OR_mixed_vs_FF_auroc,pooled,all,0.9973187762817792,0.994058766865108,0.9992159230157064,2000,0,ok
llama,C_clean,14,llama_C_clean_L14,OR_mixed_vs_FF_auroc,topic,animal_class,0.9876708984375,0.9508817388611218,1.0,2000,0,ok
llama,C_clean,14,llama_C_clean_L14,OR_mixed_vs_FF_auroc,topic,cities,0.9994200711679654,0.9981649516562722,0.9999594335470204,2000,0,ok
llama,C_clean,14,llama_C_clean_L14,OR_mixed_vs_FF_auroc,topic,element_symb,1.0,1.0,1.0,2000,0,ok
llama,C_clean,14,llama_C_clean_L14,OR_mixed_vs_FF_auroc,topic,inventors,0.9818304872969597,0.9471866138941399,0.9991154733624364,2000,0,ok
llama,C_clean,14,llama_C_clean_L14,OR_mixed_vs_FF_auroc,topic,sp_en_trans,0.9935661764705882,0.9816727816940822,0.9996774778451382,2000,0,ok
llama,C_clean,14,llama_C_clean_L14,OR_mixed_vs_FF_auroc,topic_macro,all,0.9924975266746026,0.9828878811213202,0.9985371963696342,2000,0,ok
llama,R0,15,llama_R0_L15,atomic_auroc,pooled,all,1.0,1.0,1.0,2000,0,ok
llama,R0,15,llama_R0_L15,atomic_auroc,topic,animal_class,1.0,1.0,1.0,2000,0,ok
llama,R0,15,llama_R0_L15,atomic_auroc,topic,cities,1.0,1.0,1.0,2000,0,ok
llama,R0,15,llama_R0_L15,atomic_auroc,topic,element_symb,1.0,1.0,1.0,2000,0,ok
llama,R0,15,llama_R0_L15,atomic_auroc,topic,inventors,1.0,1.0,1.0,2000,0,ok
llama,R0,15,llama_R0_L15,atomic_auroc,topic,sp_en_trans,1.0,1.0,1.0,2000,0,ok
llama,R0,15,llama_R0_L15,atomic_auroc,topic_macro,all,1.0,1.0,1.0,2000,0,ok
llama,R0,15,llama_R0_L15,AND_auroc,pooled,all,0.9604278384321593,0.951329175487978,0.9691835417319794,2000,0,ok
llama,R0,15,llama_R0_L15,AND_auroc,topic,animal_class,0.9986165364583334,0.9944859447611452,1.0,2000,0,ok
llama,R0,15,llama_R0_L15,AND_auroc,topic,cities,0.9858442938005796,0.9767770726955597,0.9927038789997881,2000,0,ok
llama,R0,15,llama_R0_L15,AND_auroc,topic,element_symb,0.9962705761316872,0.9861101545760638,1.0,2000,0,ok
llama,R0,15,llama_R0_L15,AND_auroc,topic,inventors,0.9768499236429266,0.9564656360229278,0.9942221799165368,2000,0,ok
llama,R0,15,llama_R0_L15,AND_auroc,topic,sp_en_trans,0.9899257497116494,0.9733345256677073,0.9995271446660335,2000,0,ok
llama,R0,15,llama_R0_L15,AND_auroc,topic_macro,all,0.9895014159490353,0.9840759696347481,0.9941896297434749,2000,0,ok
llama,R0,15,llama_R0_L15,OR_auroc,pooled,all,0.7263562219678882,0.6982107597347714,0.7490448861550164,2000,0,ok
llama,R0,15,llama_R0_L15,OR_auroc,topic,animal_class,0.8582356770833334,0.7867569517472613,0.9259673354635972,2000,0,ok
llama,R0,15,llama_R0_L15,OR_auroc,topic,cities,0.6382304475774364,0.5974621290257829,0.6741666040188099,2000,0,ok
llama,R0,15,llama_R0_L15,OR_auroc,topic,element_symb,0.8183513374485597,0.7749406190525882,0.8546896037060657,2000,0,ok
llama,R0,15,llama_R0_L15,OR_auroc,topic,inventors,0.8315632375399139,0.7434112588299672,0.9041439148804655,2000,0,ok
llama,R0,15,llama_R0_L15,OR_auroc,topic,sp_en_trans,0.8685121107266436,0.8419797906217256,0.9029975419119344,2000,0,ok
llama,R0,15,llama_R0_L15,OR_auroc,topic_macro,all,0.8029785620751774,0.7769504355106819,0.8281023721594363,2000,0,ok
llama,R0,15,llama_R0_L15,OR_mixed_vs_FF_auroc,pooled,all,0.6131391750146814,0.581163360529164,0.6404424581295762,2000,0,ok
llama,R0,15,llama_R0_L15,OR_mixed_vs_FF_auroc,topic,animal_class,0.787353515625,0.6801354276208919,0.8889510031953958,2000,0,ok
llama,R0,15,llama_R0_L15,OR_mixed_vs_FF_auroc,topic,cities,0.5016975586685285,0.45727152271097204,0.5434971367505882,2000,0,ok
llama,R0,15,llama_R0_L15,OR_mixed_vs_FF_auroc,topic,element_symb,0.7275270061728395,0.6624109285788823,0.7820344055590986,2000,0,ok
llama,R0,15,llama_R0_L15,OR_mixed_vs_FF_auroc,topic,inventors,0.76228654727197,0.6544447811403611,0.8593122248705989,2000,0,ok
llama,R0,15,llama_R0_L15,OR_mixed_vs_FF_auroc,topic,sp_en_trans,0.8027681660899654,0.7629696859325883,0.8544963128679016,2000,0,ok
llama,R0,15,llama_R0_L15,OR_mixed_vs_FF_auroc,topic_macro,all,0.7163265587656606,0.682628466514589,0.7518179715429476,2000,0,ok
llama,C_clean,15,llama_C_clean_L15,atomic_auroc,pooled,all,0.7499179802840226,0.7387142724797763,0.7611054937081325,2000,0,ok
llama,C_clean,15,llama_C_clean_L15,atomic_auroc,topic,animal_class,0.9287109375,0.8788818359375,0.974609375,2000,0,ok
llama,C_clean,15,llama_C_clean_L15,atomic_auroc,topic,cities,0.7586707805954687,0.7437491554434484,0.7729984009729292,2000,0,ok
llama,C_clean,15,llama_C_clean_L15,atomic_auroc,topic,element_symb,0.6597222222222222,0.6157407407407407,0.704494598765432,2000,0,ok
llama,C_clean,15,llama_C_clean_L15,atomic_auroc,topic,inventors,0.7150813098685677,0.6718358517977436,0.7664519295221679,2000,0,ok
llama,C_clean,15,llama_C_clean_L15,atomic_auroc,topic,sp_en_trans,0.7027584912741602,0.6801697530864198,0.7308211192438991,2000,0,ok
llama,C_clean,15,llama_C_clean_L15,atomic_auroc,topic_macro,all,0.7529887482920838,0.73800211229549,0.7711985647304106,2000,0,ok
llama,C_clean,15,llama_C_clean_L15,AND_auroc,pooled,all,0.9993888124457933,0.9983030352187605,0.9999177567586295,2000,0,ok
llama,C_clean,15,llama_C_clean_L15,AND_auroc,topic,animal_class,1.0,1.0,1.0,2000,0,ok
llama,C_clean,15,llama_C_clean_L15,AND_auroc,topic,cities,0.9997916760506284,0.9993319142303049,0.9999979484446897,2000,0,ok
llama,C_clean,15,llama_C_clean_L15,AND_auroc,topic,element_symb,1.0,1.0,1.0,2000,0,ok
llama,C_clean,15,llama_C_clean_L15,AND_auroc,topic,inventors,0.995210329029571,0.9830497749157115,1.0,2000,0,ok
llama,C_clean,15,llama_C_clean_L15,AND_auroc,topic,sp_en_trans,0.9995134083044983,0.9976955620559064,1.0,2000,0,ok
llama,C_clean,15,llama_C_clean_L15,AND_auroc,topic_macro,all,0.9989030826769396,0.9964914171512521,0.9999515912469826,2000,0,ok
llama,C_clean,15,llama_C_clean_L15,OR_auroc,pooled,all,0.9979767584412467,0.9952434990749033,0.9995212225747984,2000,0,ok
llama,C_clean,15,llama_C_clean_L15,OR_auroc,topic,animal_class,0.9906412760416666,0.9598733938019652,1.0,2000,0,ok
llama,C_clean,15,llama_C_clean_L15,OR_auroc,topic,cities,0.9997090971878143,0.9989901736512056,0.9999863368113956,2000,0,ok
llama,C_clean,15,llama_C_clean_L15,OR_auroc,topic,element_symb,0.9996141975308642,0.9975714498078108,1.0,2000,0,ok
llama,C_clean,15,llama_C_clean_L15,OR_auroc,topic,inventors,0.9862904345411634,0.9604909252585968,0.9993829729833892,2000,0,ok
llama,C_clean,15,llama_C_clean_L15,OR_auroc,topic,sp_en_trans,0.9949718858131488,0.9836096040433852,0.9998844357378416,2000,0,ok
llama,C_clean,15,llama_C_clean_L15,OR_auroc,topic_macro,all,0.9942453782229315,0.9865846238714256,0.9989449119422602,2000,0,ok
llama,C_clean,15,llama_C_clean_L15,OR_mixed_vs_FF_auroc,pooled,all,0.99696513766187,0.9928652486123549,0.9992818338621976,2000,0,ok
llama,C_clean,15,llama_C_clean_L15,OR_mixed_vs_FF_auroc,topic,animal_class,0.9859619140625,0.9398100907029479,1.0,2000,0,ok
llama,C_clean,15,llama_C_clean_L15,OR_mixed_vs_FF_auroc,topic,cities,0.9995636457817215,0.9984852604768083,0.9999795052170934,2000,0,ok
llama,C_clean,15,llama_C_clean_L15,OR_mixed_vs_FF_auroc,topic,element_symb,0.9994212962962963,0.9963571747117161,1.0,2000,0,ok
llama,C_clean,15,llama_C_clean_L15,OR_mixed_vs_FF_auroc,topic,inventors,0.9794356518117451,0.9407363878878952,0.9990744594750839,2000,0,ok
llama,C_clean,15,llama_C_clean_L15,OR_mixed_vs_FF_auroc,topic,sp_en_trans,0.9924578287197232,0.9754144060650777,0.9998266536067625,2000,0,ok
llama,C_clean,15,llama_C_clean_L15,OR_mixed_vs_FF_auroc,topic_macro,all,0.9913680673343972,0.9798769358071384,0.9984173679133904,2000,0,ok
llama,reduced_LR,15,llama_reduced_LR_L15,atomic_auroc,pooled,all,1.0,1.0,1.0,2000,0,ok
llama,reduced_LR,15,llama_reduced_LR_L15,atomic_auroc,topic,animal_class,1.0,1.0,1.0,2000,0,ok
llama,reduced_LR,15,llama_reduced_LR_L15,atomic_auroc,topic,cities,1.0,1.0,1.0,2000,0,ok
llama,reduced_LR,15,llama_reduced_LR_L15,atomic_auroc,topic,element_symb,1.0,1.0,1.0,2000,0,ok
llama,reduced_LR,15,llama_reduced_LR_L15,atomic_auroc,topic,inventors,1.0,1.0,1.0,2000,0,ok
llama,reduced_LR,15,llama_reduced_LR_L15,atomic_auroc,topic,sp_en_trans,1.0,1.0,1.0,2000,0,ok
llama,reduced_LR,15,llama_reduced_LR_L15,atomic_auroc,topic_macro,all,1.0,1.0,1.0,2000,0,ok
llama,reduced_LR,15,llama_reduced_LR_L15,AND_auroc,pooled,all,0.9755607136784561,0.9675367365794041,0.9829478812432824,2000,0,ok
llama,reduced_LR,15,llama_reduced_LR_L15,AND_auroc,topic,animal_class,0.9979654947916666,0.992589699074074,1.0,2000,0,ok
llama,reduced_LR,15,llama_reduced_LR_L15,AND_auroc,topic,cities,0.9930774514661501,0.9871940158652293,0.9970571807880171,2000,0,ok
llama,reduced_LR,15,llama_reduced_LR_L15,AND_auroc,topic,element_symb,0.9967849794238683,0.9854678309137854,1.0,2000,0,ok
llama,reduced_LR,15,llama_reduced_LR_L15,AND_auroc,topic,inventors,0.9779605719838956,0.9586151008234345,0.9943931977534681,2000,0,ok
llama,reduced_LR,15,llama_reduced_LR_L15,AND_auroc,topic,sp_en_trans,0.9806985294117647,0.960456617098935,0.9976242283950617,2000,0,ok
llama,reduced_LR,15,llama_reduced_LR_L15,AND_auroc,topic_macro,all,0.9892974054154692,0.983595881621676,0.9946139535066539,2000,0,ok
llama,reduced_LR,15,llama_reduced_LR_L15,OR_auroc,pooled,all,0.7606170172332744,0.7341980758493388,0.7831993010497154,2000,0,ok
llama,reduced_LR,15,llama_reduced_LR_L15,OR_auroc,topic,animal_class,0.8248697916666666,0.722677106893359,0.9175928729334871,2000,0,ok
llama,reduced_LR,15,llama_reduced_LR_L15,OR_auroc,topic,cities,0.7235841478612075,0.6845696863426513,0.7598871476135443,2000,0,ok
llama,reduced_LR,15,llama_reduced_LR_L15,OR_auroc,topic,element_symb,0.800733024691358,0.7546231173929184,0.8432866913577428,2000,0,ok
llama,reduced_LR,15,llama_reduced_LR_L15,OR_auroc,topic,inventors,0.8459322504512009,0.7562942778418557,0.9199094963140215,2000,0,ok
llama,reduced_LR,15,llama_reduced_LR_L15,OR_auroc,topic,sp_en_trans,0.8620963091118801,0.838015147485568,0.8960810889009786,2000,0,ok
llama,reduced_LR,15,llama_reduced_LR_L15,OR_auroc,topic_macro,all,0.8114431047564625,0.7815966224937025,0.8403986545556188,2000,0,ok
llama,reduced_LR,15,llama_reduced_LR_L15,OR_mixed_vs_FF_auroc,pooled,all,0.6545534723025946,0.6208903979622014,0.6845635601199443,2000,0,ok
llama,reduced_LR,15,llama_reduced_LR_L15,OR_mixed_vs_FF_auroc,topic,animal_class,0.73779296875,0.58679,0.8763893094002306,2000,0,ok
llama,reduced_LR,15,llama_reduced_LR_L15,OR_mixed_vs_FF_auroc,topic,cities,0.6016620872933651,0.5508346277340284,0.6509820604756801,2000,0,ok
llama,reduced_LR,15,llama_reduced_LR_L15,OR_mixed_vs_FF_auroc,topic,element_symb,0.7010995370370371,0.6319346760893777,0.7649300370366142,2000,0,ok
llama,reduced_LR,15,llama_reduced_LR_L15,OR_mixed_vs_FF_auroc,topic,inventors,0.7805601832569763,0.6738493556052322,0.8806715069459201,2000,0,ok
llama,reduced_LR,15,llama_reduced_LR_L15,OR_mixed_vs_FF_auroc,topic,sp_en_trans,0.7931444636678201,0.7570227212283521,0.8441216333514677,2000,0,ok
llama,reduced_LR,15,llama_reduced_LR_L15,OR_mixed_vs_FF_auroc,topic_macro,all,0.7228518480010397,0.6816569313111749,0.7645706488274517,2000,0,ok
llama,R0,16,llama_R0_L16,atomic_auroc,pooled,all,1.0,1.0,1.0,2000,0,ok
llama,R0,16,llama_R0_L16,atomic_auroc,topic,animal_class,1.0,1.0,1.0,2000,0,ok
llama,R0,16,llama_R0_L16,atomic_auroc,topic,cities,1.0,1.0,1.0,2000,0,ok
llama,R0,16,llama_R0_L16,atomic_auroc,topic,element_symb,1.0,1.0,1.0,2000,0,ok
llama,R0,16,llama_R0_L16,atomic_auroc,topic,inventors,1.0,1.0,1.0,2000,0,ok
llama,R0,16,llama_R0_L16,atomic_auroc,topic,sp_en_trans,1.0,1.0,1.0,2000,0,ok
llama,R0,16,llama_R0_L16,atomic_auroc,topic_macro,all,1.0,1.0,1.0,2000,0,ok
llama,R0,16,llama_R0_L16,AND_auroc,pooled,all,0.968879087026535,0.9612700377692758,0.9766308940410411,2000,0,ok
llama,R0,16,llama_R0_L16,AND_auroc,topic,animal_class,0.999755859375,0.9978664340373431,1.0,2000,0,ok
llama,R0,16,llama_R0_L16,AND_auroc,topic,cities,0.9930502379772683,0.9872506884627935,0.9970205480870363,2000,0,ok
llama,R0,16,llama_R0_L16,AND_auroc,topic,element_symb,0.9975565843621399,0.9906327754653718,1.0,2000,0,ok
llama,R0,16,llama_R0_L16,AND_auroc,topic,inventors,0.9765028460363737,0.9543880155521425,0.9941709402582249,2000,0,ok
llama,R0,16,llama_R0_L16,AND_auroc,topic,sp_en_trans,0.9927371683967705,0.9810366752473064,0.9994049650851186,2000,0,ok
llama,R0,16,llama_R0_L16,AND_auroc,topic_macro,all,0.9919205392295105,0.9871686434849546,0.996084519299653,2000,0,ok
llama,R0,16,llama_R0_L16,OR_auroc,pooled,all,0.768908235421873,0.7417256480447455,0.7913018040516693,2000,0,ok
llama,R0,16,llama_R0_L16,OR_auroc,topic,animal_class,0.9034016927083334,0.8546766599201664,0.9636207561728395,2000,0,ok
llama,R0,16,llama_R0_L16,OR_auroc,topic,cities,0.6941982718496164,0.6526322227535694,0.732757445153919,2000,0,ok
llama,R0,16,llama_R0_L16,OR_auroc,topic,element_symb,0.8199588477366255,0.774511752564491,0.8632730689510019,2000,0,ok
llama,R0,16,llama_R0_L16,OR_auroc,topic,inventors,0.888449257253922,0.8482302398779679,0.935641160085407,2000,0,ok
llama,R0,16,llama_R0_L16,OR_auroc,topic,sp_en_trans,0.870927047289504,0.8472275256511514,0.9044410463637415,2000,0,ok
llama,R0,16,llama_R0_L16,OR_auroc,topic_macro,all,0.8353870233676002,0.8178088395364227,0.8572709269009022,2000,0,ok
llama,R0,16,llama_R0_L16,OR_mixed_vs_FF_auroc,pooled,all,0.6703091444517315,0.637162979409239,0.6977293662258992,2000,0,ok
llama,R0,16,llama_R0_L16,OR_mixed_vs_FF_auroc,topic,animal_class,0.8551025390625,0.7820149898802496,0.9454311342592591,2000,0,ok
llama,R0,16,llama_R0_L16,OR_mixed_vs_FF_auroc,topic,cities,0.5748797914508356,0.5270506089249208,0.6213751753799286,2000,0,ok
llama,R0,16,llama_R0_L16,OR_mixed_vs_FF_auroc,topic,element_symb,0.730420524691358,0.6634609375,0.7949096034265029,2000,0,ok
llama,R0,16,llama_R0_L16,OR_mixed_vs_FF_auroc,topic,inventors,0.8359537692628072,0.7774629703443877,0.9037557309688582,2000,0,ok
llama,R0,16,llama_R0_L16,OR_mixed_vs_FF_auroc,topic,sp_en_trans,0.806390570934256,0.7708412884767272,0.8566615695456121,2000,0,ok
llama,R0,16,llama_R0_L16,OR_mixed_vs_FF_auroc,topic_macro,all,0.7605494390803514,0.7362453014007749,0.7918352119559219,2000,0,ok
llama,C_clean,16,llama_C_clean_L16,atomic_auroc,pooled,all,0.7345724819947195,0.7239203791940191,0.7459255913185763,2000,0,ok
llama,C_clean,16,llama_C_clean_L16,atomic_auroc,topic,animal_class,0.8818359375,0.8085693359375,0.9590087890624999,2000,0,ok
llama,C_clean,16,llama_C_clean_L16,atomic_auroc,topic,cities,0.7624431331921986,0.7509270415747038,0.7742567902346741,2000,0,ok
llama,C_clean,16,llama_C_clean_L16,atomic_auroc,topic,element_symb,0.6388888888888888,0.5933449074074074,0.6867283950617284,2000,0,ok
llama,C_clean,16,llama_C_clean_L16,atomic_auroc,topic,inventors,0.7288928491869013,0.6912221953451089,0.7758667024993281,2000,0,ok
llama,C_clean,16,llama_C_clean_L16,atomic_auroc,topic,sp_en_trans,0.6552824169637831,0.6149958619096565,0.7036459259259259,2000,0,ok
llama,C_clean,16,llama_C_clean_L16,atomic_auroc,topic_macro,all,0.7334686451463543,0.7146875858227764,0.7572207682030458,2000,0,ok
llama,C_clean,16,llama_C_clean_L16,AND_auroc,pooled,all,0.9992784343310943,0.9982864450006348,0.9998675390490218,2000,0,ok
llama,C_clean,16,llama_C_clean_L16,AND_auroc,topic,animal_class,1.0,1.0,1.0,2000,0,ok
llama,C_clean,16,llama_C_clean_L16,AND_auroc,topic,cities,0.9995805369127517,0.9985735095870537,0.9999883601893848,2000,0,ok
llama,C_clean,16,llama_C_clean_L16,AND_auroc,topic,element_symb,1.0,1.0,1.0,2000,0,ok
llama,C_clean,16,llama_C_clean_L16,AND_auroc,topic,inventors,0.9934402332361516,0.9804928873510188,1.0,2000,0,ok
llama,C_clean,16,llama_C_clean_L16,AND_auroc,topic,sp_en_trans,0.9998017589388697,0.99889188981225,1.0,2000,0,ok
llama,C_clean,16,llama_C_clean_L16,AND_auroc,topic_macro,all,0.9985645058175546,0.9959994897391744,0.9999105942216349,2000,0,ok
llama,C_clean,16,llama_C_clean_L16,OR_auroc,pooled,all,0.9978910278667232,0.9956840230185096,0.9993149251623732,2000,0,ok
llama,C_clean,16,llama_C_clean_L16,OR_auroc,topic,animal_class,0.9910481770833334,0.9632332685140172,1.0,2000,0,ok
llama,C_clean,16,llama_C_clean_L16,OR_auroc,topic,cities,0.9994069336216086,0.9982742786720319,0.9999411394551023,2000,0,ok
llama,C_clean,16,llama_C_clean_L16,OR_auroc,topic,element_symb,0.9996784979423868,0.9979188345473465,1.0,2000,0,ok
llama,C_clean,16,llama_C_clean_L16,OR_auroc,topic,inventors,0.9880605303345829,0.9698576006274869,0.9994096278987452,2000,0,ok
llama,C_clean,16,llama_C_clean_L16,OR_auroc,topic,sp_en_trans,0.995332324106113,0.9845557336182336,0.9997566832785129,2000,0,ok
llama,C_clean,16,llama_C_clean_L16,OR_auroc,topic_macro,all,0.9947052926176049,0.9880080760813496,0.9988880266939756,2000,0,ok
llama,C_clean,16,llama_C_clean_L16,OR_mixed_vs_FF_auroc,pooled,all,0.9968365418000849,0.9935260345277643,0.9989723877435598,2000,0,ok
llama,C_clean,16,llama_C_clean_L16,OR_mixed_vs_FF_auroc,topic,animal_class,0.986572265625,0.9448499027710258,1.0,2000,0,ok
llama,C_clean,16,llama_C_clean_L16,OR_mixed_vs_FF_auroc,topic,cities,0.999110400432413,0.9974114180080478,0.9999117091826534,2000,0,ok
llama,C_clean,16,llama_C_clean_L16,OR_mixed_vs_FF_auroc,topic,element_symb,0.9995177469135802,0.9968782518210197,1.0,2000,0,ok
llama,C_clean,16,llama_C_clean_L16,OR_mixed_vs_FF_auroc,topic,inventors,0.9820907955018742,0.9547864009412305,0.9991144418481178,2000,0,ok
llama,C_clean,16,llama_C_clean_L16,OR_mixed_vs_FF_auroc,topic,sp_en_trans,0.9929984861591695,0.9768336004273505,0.9996350249177692,2000,0,ok
llama,C_clean,16,llama_C_clean_L16,OR_mixed_vs_FF_auroc,topic_macro,all,0.9920579389264074,0.9820121141220243,0.9983320400409633,2000,0,ok
llama,R0,17,llama_R0_L17,atomic_auroc,pooled,all,1.0,1.0,1.0,2000,0,ok
llama,R0,17,llama_R0_L17,atomic_auroc,topic,animal_class,1.0,1.0,1.0,2000,0,ok
llama,R0,17,llama_R0_L17,atomic_auroc,topic,cities,1.0,1.0,1.0,2000,0,ok
llama,R0,17,llama_R0_L17,atomic_auroc,topic,element_symb,1.0,1.0,1.0,2000,0,ok
llama,R0,17,llama_R0_L17,atomic_auroc,topic,inventors,1.0,1.0,1.0,2000,0,ok
llama,R0,17,llama_R0_L17,atomic_auroc,topic,sp_en_trans,1.0,1.0,1.0,2000,0,ok
llama,R0,17,llama_R0_L17,atomic_auroc,topic_macro,all,1.0,1.0,1.0,2000,0,ok
llama,R0,17,llama_R0_L17,AND_auroc,pooled,all,0.9579641560467917,0.9477687212941609,0.9682014122495443,2000,0,ok
llama,R0,17,llama_R0_L17,AND_auroc,topic,animal_class,0.9988606770833334,0.993139146090535,1.0,2000,0,ok
llama,R0,17,llama_R0_L17,AND_auroc,topic,cities,0.9767671876642193,0.9641551667962369,0.9869218686720357,2000,0,ok
llama,R0,17,llama_R0_L17,AND_auroc,topic,element_symb,0.9980066872427984,0.9920671265205173,1.0,2000,0,ok
llama,R0,17,llama_R0_L17,AND_auroc,topic,inventors,0.956754130223518,0.9279018497462245,0.9835904497744906,2000,0,ok
llama,R0,17,llama_R0_L17,AND_auroc,topic,sp_en_trans,0.9884119088811996,0.9726717740903996,0.9981360639982397,2000,0,ok
llama,R0,17,llama_R0_L17,AND_auroc,topic_macro,all,0.9837601182190137,0.9773742523964016,0.9903651714844734,2000,0,ok
llama,R0,17,llama_R0_L17,OR_auroc,pooled,all,0.7049810892641031,0.6719566723970062,0.7319199707263806,2000,0,ok
llama,R0,17,llama_R0_L17,OR_auroc,topic,animal_class,0.8915201822916666,0.8421096250571559,0.9543836096938775,2000,0,ok
llama,R0,17,llama_R0_L17,OR_auroc,topic,cities,0.5981731303394742,0.5497348800829914,0.6434544523846818,2000,0,ok
llama,R0,17,llama_R0_L17,OR_auroc,topic,element_symb,0.8035622427983539,0.7542834659551954,0.8461447620140802,2000,0,ok
llama,R0,17,llama_R0_L17,OR_auroc,topic,inventors,0.8386436207135916,0.7756233901411771,0.9030738145598374,2000,0,ok
llama,R0,17,llama_R0_L17,OR_auroc,topic,sp_en_trans,0.8582576412918108,0.8302744326558286,0.8941331929543168,2000,0,ok
llama,R0,17,llama_R0_L17,OR_auroc,topic_macro,all,0.7980313634869793,0.7780381044095429,0.8227626710833552,2000,0,ok
llama,R0,17,llama_R0_L17,OR_mixed_vs_FF_auroc,pooled,all,0.6035893248288603,0.5678534008106727,0.6332396176597446,2000,0,ok
llama,R0,17,llama_R0_L17,OR_mixed_vs_FF_auroc,topic,animal_class,0.8375244140625,0.7648123475294124,0.9315754145408163,2000,0,ok
llama,R0,17,llama_R0_L17,OR_mixed_vs_FF_auroc,topic,cities,0.4854201387324895,0.436719700723259,0.5313778370483399,2000,0,ok
llama,R0,17,llama_R0_L17,OR_mixed_vs_FF_auroc,topic,element_symb,0.7058256172839507,0.6337586551574824,0.7692171430211202,2000,0,ok
llama,R0,17,llama_R0_L17,OR_mixed_vs_FF_auroc,topic,inventors,0.7798313202832153,0.7034995432545148,0.8644472377563912,2000,0,ok
llama,R0,17,llama_R0_L17,OR_mixed_vs_FF_auroc,topic,sp_en_trans,0.7873864619377162,0.7454116489837429,0.8411997894314752,2000,0,ok
llama,R0,17,llama_R0_L17,OR_mixed_vs_FF_auroc,topic_macro,all,0.7191975904599743,0.6927705838691995,0.7525849089430723,2000,0,ok
llama,C_clean,17,llama_C_clean_L17,atomic_auroc,pooled,all,0.6958787045571716,0.6807436101668787,0.7104810254587317,2000,0,ok
llama,C_clean,17,llama_C_clean_L17,atomic_auroc,topic,animal_class,0.94140625,0.8866943359375,0.9853759765624999,2000,0,ok
llama,C_clean,17,llama_C_clean_L17,atomic_auroc,topic,cities,0.7221634160623396,0.706248310886897,0.7375135129048241,2000,0,ok
llama,C_clean,17,llama_C_clean_L17,atomic_auroc,topic,element_symb,0.5887345679012346,0.5462962962962963,0.6396604938271605,2000,0,ok
llama,C_clean,17,llama_C_clean_L17,atomic_auroc,topic,inventors,0.6950323011806638,0.6466161956939639,0.7513915863177225,2000,0,ok
llama,C_clean,17,llama_C_clean_L17,atomic_auroc,topic,sp_en_trans,0.5727153312066053,0.48264206529784615,0.6622363057863958,2000,0,ok
llama,C_clean,17,llama_C_clean_L17,atomic_auroc,topic_macro,all,0.7040103732701687,0.6786098650700154,0.730071783847942,2000,0,ok
llama,C_clean,17,llama_C_clean_L17,AND_auroc,pooled,all,0.9990405319867918,0.997837498410948,0.9997905099225131,2000,0,ok
llama,C_clean,17,llama_C_clean_L17,AND_auroc,topic,animal_class,1.0,1.0,1.0,2000,0,ok
llama,C_clean,17,llama_C_clean_L17,AND_auroc,topic,cities,0.9993018332507545,0.9978880857714257,0.9999442603532172,2000,0,ok
llama,C_clean,17,llama_C_clean_L17,AND_auroc,topic,element_symb,1.0,1.0,1.0,2000,0,ok
llama,C_clean,17,llama_C_clean_L17,AND_auroc,topic,inventors,0.993127863390254,0.9799542251452326,1.0,2000,0,ok
llama,C_clean,17,llama_C_clean_L17,AND_auroc,topic,sp_en_trans,0.9996215397923875,0.9982637102766346,1.0,2000,0,ok
llama,C_clean,17,llama_C_clean_L17,AND_auroc,topic_macro,all,0.9984102472866792,0.9957295588207671,0.9998549673440688,2000,0,ok
llama,C_clean,17,llama_C_clean_L17,OR_auroc,pooled,all,0.9975173854460919,0.9952200872560132,0.9990875304418992,2000,0,ok
llama,C_clean,17,llama_C_clean_L17,OR_auroc,topic,animal_class,0.9905598958333334,0.9591930349805363,1.0,2000,0,ok
llama,C_clean,17,llama_C_clean_L17,OR_auroc,topic,cities,0.99936658258637,0.9982183100328627,0.9999071103640713,2000,0,ok
llama,C_clean,17,llama_C_clean_L17,OR_auroc,topic,element_symb,0.9991640946502057,0.9946662306777646,1.0,2000,0,ok
llama,C_clean,17,llama_C_clean_L17,OR_auroc,topic,inventors,0.9870540052755796,0.9682567987013877,0.9991669238683127,2000,0,ok
llama,C_clean,17,llama_C_clean_L17,OR_auroc,topic,sp_en_trans,0.9932417820069204,0.9800130913447584,0.9994798558386112,2000,0,ok
llama,C_clean,17,llama_C_clean_L17,OR_auroc,topic_macro,all,0.9938772720704818,0.9866922224514412,0.9983278720884649,2000,0,ok
llama,C_clean,17,llama_C_clean_L17,OR_mixed_vs_FF_auroc,pooled,all,0.9962760781691379,0.9928301308840197,0.9986312956628488,2000,0,ok
llama,C_clean,17,llama_C_clean_L17,OR_mixed_vs_FF_auroc,topic,animal_class,0.98583984375,0.9387895524708045,1.0,2000,0,ok
llama,C_clean,17,llama_C_clean_L17,OR_mixed_vs_FF_auroc,topic,cities,0.999049873879555,0.997327465049294,0.9998606655461072,2000,0,ok
llama,C_clean,17,llama_C_clean_L17,OR_mixed_vs_FF_auroc,topic,element_symb,0.9987461419753086,0.9919993460166469,1.0,2000,0,ok
llama,C_clean,17,llama_C_clean_L17,OR_mixed_vs_FF_auroc,topic,inventors,0.9805810079133694,0.9523851980520817,0.9987503858024691,2000,0,ok
llama,C_clean,17,llama_C_clean_L17,OR_mixed_vs_FF_auroc,topic,sp_en_trans,0.9898626730103807,0.9700196370171378,0.9992197837579168,2000,0,ok
llama,C_clean,17,llama_C_clean_L17,OR_mixed_vs_FF_auroc,topic_macro,all,0.9908159081057228,0.9800383336771616,0.9974918081326971,2000,0,ok
llama,R0,18,llama_R0_L18,atomic_auroc,pooled,all,1.0,1.0,1.0,2000,0,ok
llama,R0,18,llama_R0_L18,atomic_auroc,topic,animal_class,1.0,1.0,1.0,2000,0,ok
llama,R0,18,llama_R0_L18,atomic_auroc,topic,cities,1.0,1.0,1.0,2000,0,ok
llama,R0,18,llama_R0_L18,atomic_auroc,topic,element_symb,1.0,1.0,1.0,2000,0,ok
llama,R0,18,llama_R0_L18,atomic_auroc,topic,inventors,1.0,1.0,1.0,2000,0,ok
llama,R0,18,llama_R0_L18,atomic_auroc,topic,sp_en_trans,1.0,1.0,1.0,2000,0,ok
llama,R0,18,llama_R0_L18,atomic_auroc,topic_macro,all,1.0,1.0,1.0,2000,0,ok
llama,R0,18,llama_R0_L18,AND_auroc,pooled,all,0.9416328388108026,0.9295771470447464,0.9539305200811502,2000,0,ok
llama,R0,18,llama_R0_L18,AND_auroc,topic,animal_class,0.9991048177083334,0.9947999271592092,1.0,2000,0,ok
llama,R0,18,llama_R0_L18,AND_auroc,topic,cities,0.9721502785159828,0.9574578551241246,0.9839994549808201,2000,0,ok
llama,R0,18,llama_R0_L18,AND_auroc,topic,element_symb,0.9989068930041153,0.9952790431545407,1.0,2000,0,ok
llama,R0,18,llama_R0_L18,AND_auroc,topic,inventors,0.9540816326530612,0.9167521571246943,0.9826808691490725,2000,0,ok
llama,R0,18,llama_R0_L18,AND_auroc,topic,sp_en_trans,0.9860510380622838,0.9702182512918324,0.9969224099722992,2000,0,ok
llama,R0,18,llama_R0_L18,AND_auroc,topic_macro,all,0.9820589319887553,0.9738484026055333,0.9895258137402014,2000,0,ok
llama,R0,18,llama_R0_L18,OR_auroc,pooled,all,0.7070479105315725,0.6747091821313003,0.7336461891684357,2000,0,ok
llama,R0,18,llama_R0_L18,OR_auroc,topic,animal_class,0.9053548177083334,0.8318178146258504,0.9724685977786176,2000,0,ok
llama,R0,18,llama_R0_L18,OR_auroc,topic,cities,0.6016264282389682,0.5550826870995152,0.647833952151485,2000,0,ok
llama,R0,18,llama_R0_L18,OR_auroc,topic,element_symb,0.7899948559670782,0.7342205309120893,0.8378432212779897,2000,0,ok
llama,R0,18,llama_R0_L18,OR_auroc,topic,inventors,0.8370817714841039,0.7725027177934674,0.8990190917037508,2000,0,ok
llama,R0,18,llama_R0_L18,OR_auroc,topic,sp_en_trans,0.8603481833910035,0.8310070828843901,0.8945290361511229,2000,0,ok
llama,R0,18,llama_R0_L18,OR_auroc,topic_macro,all,0.7988812113578974,0.7754117900582352,0.8233695938507207,2000,0,ok
llama,R0,18,llama_R0_L18,OR_mixed_vs_FF_auroc,pooled,all,0.6036654107137499,0.5684226810362919,0.6335554505319554,2000,0,ok
llama,R0,18,llama_R0_L18,OR_mixed_vs_FF_auroc,topic,animal_class,0.8583984375,0.7488134363430714,0.9587028966679263,2000,0,ok
llama,R0,18,llama_R0_L18,OR_mixed_vs_FF_auroc,topic,cities,0.483083532273321,0.43324685055147366,0.5315372678449363,2000,0,ok
llama,R0,18,llama_R0_L18,OR_mixed_vs_FF_auroc,topic,element_symb,0.6852816358024691,0.6025392386495423,0.7567648319169846,2000,0,ok
llama,R0,18,llama_R0_L18,OR_mixed_vs_FF_auroc,topic,inventors,0.7692107455226989,0.6909998588896342,0.8514624241353108,2000,0,ok
llama,R0,18,llama_R0_L18,OR_mixed_vs_FF_auroc,topic,sp_en_trans,0.7905222750865052,0.7465106243265851,0.8417935542266846,2000,0,ok
llama,R0,18,llama_R0_L18,OR_mixed_vs_FF_auroc,topic_macro,all,0.7172993252369989,0.6848415909365345,0.7515558649727622,2000,0,ok
llama,C_clean,18,llama_C_clean_L18,atomic_auroc,pooled,all,0.690961427299286,0.6750605146225561,0.7071048268446192,2000,0,ok
llama,C_clean,18,llama_C_clean_L18,atomic_auroc,topic,animal_class,0.958984375,0.9130859375,0.9921875,2000,0,ok
llama,C_clean,18,llama_C_clean_L18,atomic_auroc,topic,cities,0.7004076392955272,0.6827155871357147,0.7179794829061754,2000,0,ok
llama,C_clean,18,llama_C_clean_L18,atomic_auroc,topic,element_symb,0.5763888888888888,0.5378086419753086,0.6195987654320988,2000,0,ok
llama,C_clean,18,llama_C_clean_L18,atomic_auroc,topic,inventors,0.6843394965471151,0.6235344724768996,0.7490150456467587,2000,0,ok
llama,C_clean,18,llama_C_clean_L18,atomic_auroc,topic,sp_en_trans,0.5674610621129668,0.47737929953648683,0.6611555922865014,2000,0,ok
llama,C_clean,18,llama_C_clean_L18,atomic_auroc,topic_macro,all,0.6975162923688997,0.6708580973763706,0.7232564923465822,2000,0,ok
llama,C_clean,18,llama_C_clean_L18,AND_auroc,pooled,all,0.998938369718818,0.9975435657886382,0.9997732926497017,2000,0,ok
llama,C_clean,18,llama_C_clean_L18,AND_auroc,topic,animal_class,1.0,1.0,1.0,2000,0,ok
llama,C_clean,18,llama_C_clean_L18,AND_auroc,topic,cities,0.9993112172124379,0.9981201884801753,0.9999135833873706,2000,0,ok
llama,C_clean,18,llama_C_clean_L18,AND_auroc,topic,element_symb,1.0,1.0,1.0,2000,0,ok
llama,C_clean,18,llama_C_clean_L18,AND_auroc,topic,inventors,0.9905594891017632,0.9748635317460318,0.9997033273844934,2000,0,ok
llama,C_clean,18,llama_C_clean_L18,AND_auroc,topic,sp_en_trans,1.0,1.0,1.0,2000,0,ok
llama,C_clean,18,llama_C_clean_L18,AND_auroc,topic_macro,all,0.9979741412628403,0.9948825694458654,0.9998239733414649,2000,0,ok
llama,C_clean,18,llama_C_clean_L18,OR_auroc,pooled,all,0.9967265208961131,0.9938081365750203,0.9986828742756183,2000,0,ok
llama,C_clean,18,llama_C_clean_L18,OR_auroc,topic,animal_class,0.9889322916666666,0.9535049957482994,1.0,2000,0,ok
llama,C_clean,18,llama_C_clean_L18,OR_auroc,topic,cities,0.9990503430776392,0.9973780629198401,0.9998638704629539,2000,0,ok
llama,C_clean,18,llama_C_clean_L18,OR_auroc,topic,element_symb,0.9979423868312757,0.9866137107968247,1.0,2000,0,ok
llama,C_clean,18,llama_C_clean_L18,OR_auroc,topic,inventors,0.9841732611411912,0.9609841635342804,0.9990126536474979,2000,0,ok
llama,C_clean,18,llama_C_clean_L18,OR_auroc,topic,sp_en_trans,0.9918540945790081,0.9788885185185185,0.998981898316488,2000,0,ok
llama,C_clean,18,llama_C_clean_L18,OR_auroc,topic_macro,all,0.9923904754591562,0.984016933326879,0.9977430337597137,2000,0,ok
llama,C_clean,18,llama_C_clean_L18,OR_mixed_vs_FF_auroc,pooled,all,0.9950897813441697,0.9907122048625305,0.9980243114134275,2000,0,ok
llama,C_clean,18,llama_C_clean_L18,OR_mixed_vs_FF_auroc,topic,animal_class,0.9833984375,0.9302574936224489,1.0,2000,0,ok
llama,C_clean,18,llama_C_clean_L18,OR_mixed_vs_FF_auroc,topic,cities,0.9985755146164588,0.9960670943797602,0.9997958056944308,2000,0,ok
llama,C_clean,18,llama_C_clean_L18,OR_mixed_vs_FF_auroc,topic,element_symb,0.9969135802469136,0.979920566195237,1.0,2000,0,ok
llama,C_clean,18,llama_C_clean_L18,OR_mixed_vs_FF_auroc,topic,inventors,0.9762598917117867,0.9414762453014207,0.9985189804712469,2000,0,ok
llama,C_clean,18,llama_C_clean_L18,OR_mixed_vs_FF_auroc,topic,sp_en_trans,0.9877811418685121,0.9683327777777778,0.998472847474732,2000,0,ok
llama,C_clean,18,llama_C_clean_L18,OR_mixed_vs_FF_auroc,topic_macro,all,0.9885857131887341,0.9760253999903182,0.9966145506395706,2000,0,ok
llama,R0,19,llama_R0_L19,atomic_auroc,pooled,all,1.0,1.0,1.0,2000,0,ok
llama,R0,19,llama_R0_L19,atomic_auroc,topic,animal_class,1.0,1.0,1.0,2000,0,ok
llama,R0,19,llama_R0_L19,atomic_auroc,topic,cities,1.0,1.0,1.0,2000,0,ok
llama,R0,19,llama_R0_L19,atomic_auroc,topic,element_symb,1.0,1.0,1.0,2000,0,ok
llama,R0,19,llama_R0_L19,atomic_auroc,topic,inventors,1.0,1.0,1.0,2000,0,ok
llama,R0,19,llama_R0_L19,atomic_auroc,topic,sp_en_trans,1.0,1.0,1.0,2000,0,ok
llama,R0,19,llama_R0_L19,atomic_auroc,topic_macro,all,1.0,1.0,1.0,2000,0,ok
llama,R0,19,llama_R0_L19,AND_auroc,pooled,all,0.9412977751487068,0.9293617313265169,0.9534223495296381,2000,0,ok
llama,R0,19,llama_R0_L19,AND_auroc,topic,animal_class,0.9991861979166666,0.9961842534880758,1.0,2000,0,ok
llama,R0,19,llama_R0_L19,AND_auroc,topic,cities,0.9717392609942495,0.9562505162106654,0.9838240055501173,2000,0,ok
llama,R0,19,llama_R0_L19,AND_auroc,topic,element_symb,0.9979423868312757,0.9927908977316416,1.0,2000,0,ok
llama,R0,19,llama_R0_L19,AND_auroc,topic,inventors,0.9544634180202693,0.9184371832716332,0.9822866305096418,2000,0,ok
llama,R0,19,llama_R0_L19,AND_auroc,topic,sp_en_trans,0.9857807093425606,0.9706679866765817,0.9968533246083922,2000,0,ok
llama,R0,19,llama_R0_L19,AND_auroc,topic_macro,all,0.9818223946210043,0.9737156963712041,0.9889710806139461,2000,0,ok
llama,R0,19,llama_R0_L19,OR_auroc,pooled,all,0.6832962548598519,0.6517169663854636,0.7089480098337738,2000,0,ok
llama,R0,19,llama_R0_L19,OR_auroc,topic,animal_class,0.91015625,0.8378150679287043,0.9736386173982625,2000,0,ok
llama,R0,19,llama_R0_L19,OR_auroc,topic,cities,0.5553569283665901,0.5107247494021404,0.5982821760982304,2000,0,ok
llama,R0,19,llama_R0_L19,OR_auroc,topic,element_symb,0.7802854938271605,0.727253208503806,0.8267904420421871,2000,0,ok
llama,R0,19,llama_R0_L19,OR_auroc,topic,inventors,0.8557545467166459,0.7981663638985006,0.9156039918425819,2000,0,ok
llama,R0,19,llama_R0_L19,OR_auroc,topic,sp_en_trans,0.8555183102652826,0.8282846397682845,0.8896187781962687,2000,0,ok
llama,R0,19,llama_R0_L19,OR_auroc,topic_macro,all,0.7914143058351358,0.7682761599930562,0.81562151588612,2000,0,ok
llama,R0,19,llama_R0_L19,OR_mixed_vs_FF_auroc,pooled,all,0.5788699852972065,0.5449478788511025,0.6075175739104255,2000,0,ok
llama,R0,19,llama_R0_L19,OR_mixed_vs_FF_auroc,topic,animal_class,0.865234375,0.7567226018930565,0.9604579260973937,2000,0,ok
llama,R0,19,llama_R0_L19,OR_mixed_vs_FF_auroc,topic,cities,0.43754363542182784,0.39268127394642655,0.48054477618829383,2000,0,ok
llama,R0,19,llama_R0_L19,OR_mixed_vs_FF_auroc,topic,element_symb,0.6706211419753086,0.591364637916104,0.7401856630632808,2000,0,ok
llama,R0,19,llama_R0_L19,OR_mixed_vs_FF_auroc,topic,inventors,0.7917534360683048,0.7142041508106342,0.8758752465483235,2000,0,ok
llama,R0,19,llama_R0_L19,OR_mixed_vs_FF_auroc,topic,sp_en_trans,0.7832774653979239,0.7424269596524267,0.834428167294403,2000,0,ok
llama,R0,19,llama_R0_L19,OR_mixed_vs_FF_auroc,topic_macro,all,0.709686010772673,0.6783555453429336,0.7434737140377525,2000,0,ok
llama,C_clean,19,llama_C_clean_L19,atomic_auroc,pooled,all,0.6812791951131872,0.6643078771495754,0.6972218767063867,2000,0,ok
llama,C_clean,19,llama_C_clean_L19,atomic_auroc,topic,animal_class,0.9755859375,0.9394287109375,0.9990234375,2000,0,ok
llama,C_clean,19,llama_C_clean_L19,atomic_auroc,topic,cities,0.6567834782217017,0.6346313229133823,0.6785403810639161,2000,0,ok
llama,C_clean,19,llama_C_clean_L19,atomic_auroc,topic,element_symb,0.6435185185185185,0.5802469135802469,0.7137345679012346,2000,0,ok
llama,C_clean,19,llama_C_clean_L19,atomic_auroc,topic,inventors,0.6968144352862553,0.6393863601548707,0.7575422142284128,2000,0,ok
llama,C_clean,19,llama_C_clean_L19,atomic_auroc,topic,sp_en_trans,0.5734659410771251,0.4833904833830607,0.6664094541943563,2000,0,ok
llama,C_clean,19,llama_C_clean_L19,atomic_auroc,topic_macro,all,0.7092336621207201,0.6831577701833157,0.7358629517433622,2000,0,ok
llama,C_clean,19,llama_C_clean_L19,AND_auroc,pooled,all,0.9987658369375896,0.9971294218896181,0.9997193804074656,2000,0,ok
llama,C_clean,19,llama_C_clean_L19,AND_auroc,topic,animal_class,1.0,1.0,1.0,2000,0,ok
llama,C_clean,19,llama_C_clean_L19,AND_auroc,topic,cities,0.9991028932630662,0.9975773890104452,0.9998740114651847,2000,0,ok
llama,C_clean,19,llama_C_clean_L19,AND_auroc,topic,element_symb,1.0,1.0,1.0,2000,0,ok
llama,C_clean,19,llama_C_clean_L19,AND_auroc,topic,inventors,0.991149521032903,0.9765453173280931,0.9997399279193055,2000,0,ok
llama,C_clean,19,llama_C_clean_L19,AND_auroc,topic,sp_en_trans,0.9995494521337946,0.9978492366358291,1.0,2000,0,ok
llama,C_clean,19,llama_C_clean_L19,AND_auroc,topic_macro,all,0.9979603732859529,0.994997440469345,0.9997796855353414,2000,0,ok
llama,C_clean,19,llama_C_clean_L19,OR_auroc,pooled,all,0.9967168762064792,0.99395054680019,0.9985889787701825,2000,0,ok
llama,C_clean,19,llama_C_clean_L19,OR_auroc,topic,animal_class,0.9881184895833334,0.9533948521071044,1.0,2000,0,ok
llama,C_clean,19,llama_C_clean_L19,OR_auroc,topic,cities,0.9991028932630662,0.9974051338738857,0.9998714269492035,2000,0,ok
llama,C_clean,19,llama_C_clean_L19,OR_auroc,topic,element_symb,0.9972993827160493,0.9860836352587217,1.0,2000,0,ok
llama,C_clean,19,llama_C_clean_L19,OR_auroc,topic,inventors,0.9882340691378593,0.9696497461023686,0.9994221893575674,2000,0,ok
llama,C_clean,19,llama_C_clean_L19,OR_auroc,topic,sp_en_trans,0.9905384948096886,0.9771554817015965,0.9987001655823534,2000,0,ok
llama,C_clean,19,llama_C_clean_L19,OR_auroc,topic_macro,all,0.9926586659019992,0.9844123043977657,0.9977518420808179,2000,0,ok
llama,C_clean,19,llama_C_clean_L19,OR_mixed_vs_FF_auroc,pooled,all,0.9950753143097189,0.9909258202002851,0.9978834681552737,2000,0,ok
llama,C_clean,19,llama_C_clean_L19,OR_mixed_vs_FF_auroc,topic,animal_class,0.982177734375,0.9300922781606565,1.0,2000,0,ok
llama,C_clean,19,llama_C_clean_L19,OR_mixed_vs_FF_auroc,topic,cities,0.9986543398945994,0.9961077008108286,0.9998071404238051,2000,0,ok
llama,C_clean,19,llama_C_clean_L19,OR_mixed_vs_FF_auroc,topic,element_symb,0.9959490740740741,0.9791254528880825,1.0,2000,0,ok
llama,C_clean,19,llama_C_clean_L19,OR_mixed_vs_FF_auroc,topic,inventors,0.9823511037067888,0.9544746191535529,0.9991332840363512,2000,0,ok
llama,C_clean,19,llama_C_clean_L19,OR_mixed_vs_FF_auroc,topic,sp_en_trans,0.9858077422145328,0.9657332225523946,0.9980502483735301,2000,0,ok
llama,C_clean,19,llama_C_clean_L19,OR_mixed_vs_FF_auroc,topic_macro,all,0.988987998852999,0.9766184565966486,0.996627763121227,2000,0,ok
llama,R0,20,llama_R0_L20,atomic_auroc,pooled,all,1.0,1.0,1.0,2000,0,ok
llama,R0,20,llama_R0_L20,atomic_auroc,topic,animal_class,1.0,1.0,1.0,2000,0,ok
llama,R0,20,llama_R0_L20,atomic_auroc,topic,cities,1.0,1.0,1.0,2000,0,ok
llama,R0,20,llama_R0_L20,atomic_auroc,topic,element_symb,1.0,1.0,1.0,2000,0,ok
llama,R0,20,llama_R0_L20,atomic_auroc,topic,inventors,1.0,1.0,1.0,2000,0,ok
llama,R0,20,llama_R0_L20,atomic_auroc,topic,sp_en_trans,1.0,1.0,1.0,2000,0,ok
llama,R0,20,llama_R0_L20,atomic_auroc,topic_macro,all,1.0,1.0,1.0,2000,0,ok
llama,R0,20,llama_R0_L20,AND_auroc,pooled,all,0.9467688146462113,0.9368964030546604,0.9577821531992344,2000,0,ok
llama,R0,20,llama_R0_L20,AND_auroc,topic,animal_class,0.9991861979166666,0.9953740551776266,1.0,2000,0,ok
llama,R0,20,llama_R0_L20,AND_auroc,topic,cities,0.9876873038752008,0.9799791175926328,0.9938104730738968,2000,0,ok
llama,R0,20,llama_R0_L20,AND_auroc,topic,element_symb,0.9919624485596708,0.9781137710191765,1.0,2000,0,ok
llama,R0,20,llama_R0_L20,AND_auroc,topic,inventors,0.9485283909482161,0.9139887380685664,0.9775309246931844,2000,0,ok
llama,R0,20,llama_R0_L20,AND_auroc,topic,sp_en_trans,0.9859429065743944,0.9697546240755551,0.9972184762433784,2000,0,ok
llama,R0,20,llama_R0_L20,AND_auroc,topic_macro,all,0.9826614495748297,0.9752688032213602,0.9895472809953121,2000,0,ok
llama,R0,20,llama_R0_L20,OR_auroc,pooled,all,0.6727388918180168,0.637216530877092,0.6997237111452922,2000,0,ok
llama,R0,20,llama_R0_L20,OR_auroc,topic,animal_class,0.8844401041666666,0.8031008231884392,0.963650415072353,2000,0,ok
llama,R0,20,llama_R0_L20,OR_auroc,topic,cities,0.524951954116181,0.47686252496785986,0.571027104505893,2000,0,ok
llama,R0,20,llama_R0_L20,OR_auroc,topic,element_symb,0.7888374485596708,0.7408790603427021,0.8291427520656118,2000,0,ok
llama,R0,20,llama_R0_L20,OR_auroc,topic,inventors,0.8810912119950021,0.8287587327960316,0.9356808305911217,2000,0,ok
llama,R0,20,llama_R0_L20,OR_auroc,topic,sp_en_trans,0.8598075259515571,0.8315741865184988,0.8940658569335938,2000,0,ok
llama,R0,20,llama_R0_L20,OR_auroc,topic_macro,all,0.7878256489578155,0.7653555886392553,0.8123569912879992,2000,0,ok
llama,R0,20,llama_R0_L20,OR_mixed_vs_FF_auroc,pooled,all,0.5741044369858844,0.5395021249763708,0.6026683633387871,2000,0,ok
llama,R0,20,llama_R0_L20,OR_mixed_vs_FF_auroc,topic,animal_class,0.8275146484375,0.7067344853919529,0.9454756226085297,2000,0,ok
llama,R0,20,llama_R0_L20,OR_mixed_vs_FF_auroc,topic,cities,0.4227667109589658,0.3785245593112312,0.46472440595358955,2000,0,ok
llama,R0,20,llama_R0_L20,OR_mixed_vs_FF_auroc,topic,element_symb,0.6832561728395061,0.6113185905140532,0.7437141280984176,2000,0,ok
llama,R0,20,llama_R0_L20,OR_mixed_vs_FF_auroc,topic,inventors,0.825801749271137,0.7519789766006781,0.9039834957827236,2000,0,ok
llama,R0,20,llama_R0_L20,OR_mixed_vs_FF_auroc,topic,sp_en_trans,0.7897112889273357,0.7473612797777482,0.8410987854003906,2000,0,ok
llama,R0,20,llama_R0_L20,OR_mixed_vs_FF_auroc,topic_macro,all,0.709810114086889,0.6779295275797754,0.7443051051188749,2000,0,ok
llama,C_clean,20,llama_C_clean_L20,atomic_auroc,pooled,all,0.7266595322532768,0.7105064036122105,0.7423968172902017,2000,0,ok
llama,C_clean,20,llama_C_clean_L20,atomic_auroc,topic,animal_class,0.9951171875,0.9765625,1.0,2000,0,ok
llama,C_clean,20,llama_C_clean_L20,atomic_auroc,topic,cities,0.7148439259492816,0.6933691049952705,0.736612089545516,2000,0,ok
llama,C_clean,20,llama_C_clean_L20,atomic_auroc,topic,element_symb,0.6327160493827161,0.5686728395061729,0.7083333333333334,2000,0,ok
llama,C_clean,20,llama_C_clean_L20,atomic_auroc,topic,inventors,0.7286700824237023,0.6616235277010324,0.7942928637799462,2000,0,ok
llama,C_clean,20,llama_C_clean_L20,atomic_auroc,topic,sp_en_trans,0.6046162507036967,0.5286060207251725,0.6860533333333333,2000,0,ok
llama,C_clean,20,llama_C_clean_L20,atomic_auroc,topic_macro,all,0.7351926991918794,0.708890814920413,0.7606866785388612,2000,0,ok
llama,C_clean,20,llama_C_clean_L20,AND_auroc,pooled,all,0.9985090024247464,0.9962469162024906,0.9997248024535468,2000,0,ok
llama,C_clean,20,llama_C_clean_L20,AND_auroc,topic,animal_class,1.0,1.0,1.0,2000,0,ok
llama,C_clean,20,llama_C_clean_L20,AND_auroc,topic,cities,0.99915732024083,0.9978039347692104,0.9998553394667641,2000,0,ok
llama,C_clean,20,llama_C_clean_L20,AND_auroc,topic,element_symb,1.0,1.0,1.0,2000,0,ok
llama,C_clean,20,llama_C_clean_L20,AND_auroc,topic,inventors,0.989067055393586,0.9673505004122099,1.0,2000,0,ok
llama,C_clean,20,llama_C_clean_L20,AND_auroc,topic,sp_en_trans,1.0,1.0,1.0,2000,0,ok
llama,C_clean,20,llama_C_clean_L20,AND_auroc,topic_macro,all,0.9976448751268834,0.9933289722551448,0.999857943029777,2000,0,ok
llama,C_clean,20,llama_C_clean_L20,OR_auroc,pooled,all,0.99636323758657,0.9931847270067129,0.998501661236533,2000,0,ok
llama,C_clean,20,llama_C_clean_L20,OR_auroc,topic,animal_class,0.9923502604166666,0.9735318254959735,1.0,2000,0,ok
llama,C_clean,20,llama_C_clean_L20,OR_auroc,topic,cities,0.9988823701635061,0.9968970355152544,0.9998071426557408,2000,0,ok
llama,C_clean,20,llama_C_clean_L20,OR_auroc,topic,element_symb,0.9958204732510288,0.9778091860557139,1.0,2000,0,ok
llama,C_clean,20,llama_C_clean_L20,OR_auroc,topic,inventors,0.9859086491739553,0.962369850718065,0.9993754695302828,2000,0,ok
llama,C_clean,20,llama_C_clean_L20,OR_auroc,topic,sp_en_trans,0.9916378316032295,0.978695263575109,0.9990856403541588,2000,0,ok
llama,C_clean,20,llama_C_clean_L20,OR_auroc,topic_macro,all,0.9929199169216772,0.9859393696490113,0.9977704370113684,2000,0,ok
llama,C_clean,20,llama_C_clean_L20,OR_mixed_vs_FF_auroc,pooled,all,0.994544856379855,0.9897770905100693,0.9977524918547994,2000,0,ok
llama,C_clean,20,llama_C_clean_L20,OR_mixed_vs_FF_auroc,topic,animal_class,0.988525390625,0.9602977382439601,1.0,2000,0,ok
llama,C_clean,20,llama_C_clean_L20,OR_mixed_vs_FF_auroc,topic,cities,0.9983235552452592,0.9953455532728817,0.9997107139836112,2000,0,ok
llama,C_clean,20,llama_C_clean_L20,OR_mixed_vs_FF_auroc,topic,element_symb,0.9937307098765432,0.9667137790835708,1.0,2000,0,ok
llama,C_clean,20,llama_C_clean_L20,OR_mixed_vs_FF_auroc,topic,inventors,0.9788629737609329,0.9435547760770975,0.9990632042954242,2000,0,ok
llama,C_clean,20,llama_C_clean_L20,OR_mixed_vs_FF_auroc,topic,sp_en_trans,0.9874567474048442,0.9680428953626634,0.9986284605312383,2000,0,ok
llama,C_clean,20,llama_C_clean_L20,OR_mixed_vs_FF_auroc,topic_macro,all,0.9893798753825159,0.9789090544735168,0.9966556555170523,2000,0,ok
llama,R0,21,llama_R0_L21,atomic_auroc,pooled,all,1.0,1.0,1.0,2000,0,ok
llama,R0,21,llama_R0_L21,atomic_auroc,topic,animal_class,1.0,1.0,1.0,2000,0,ok
llama,R0,21,llama_R0_L21,atomic_auroc,topic,cities,1.0,1.0,1.0,2000,0,ok
llama,R0,21,llama_R0_L21,atomic_auroc,topic,element_symb,1.0,1.0,1.0,2000,0,ok
llama,R0,21,llama_R0_L21,atomic_auroc,topic,inventors,1.0,1.0,1.0,2000,0,ok
llama,R0,21,llama_R0_L21,atomic_auroc,topic,sp_en_trans,1.0,1.0,1.0,2000,0,ok
llama,R0,21,llama_R0_L21,atomic_auroc,topic_macro,all,1.0,1.0,1.0,2000,0,ok
llama,R0,21,llama_R0_L21,AND_auroc,pooled,all,0.9469202719945361,0.9371837179037499,0.9582054423078273,2000,0,ok
llama,R0,21,llama_R0_L21,AND_auroc,topic,animal_class,0.999267578125,0.9956593856292517,1.0,2000,0,ok
llama,R0,21,llama_R0_L21,AND_auroc,topic,cities,0.9947825173040253,0.990370204241899,0.9979183572204994,2000,0,ok
llama,R0,21,llama_R0_L21,AND_auroc,topic,element_symb,0.9908050411522634,0.9765584607584776,1.0,2000,0,ok
llama,R0,21,llama_R0_L21,AND_auroc,topic,inventors,0.9492225461613216,0.918542578921283,0.9770827953975972,2000,0,ok
llama,R0,21,llama_R0_L21,AND_auroc,topic,sp_en_trans,0.9853842272202998,0.9679964735807607,0.9972552423747277,2000,0,ok
llama,R0,21,llama_R0_L21,AND_auroc,topic_macro,all,0.9838923819925821,0.9769599889572103,0.9908787749692058,2000,0,ok
llama,R0,21,llama_R0_L21,OR_auroc,pooled,all,0.695323540044037,0.662764210290408,0.7222099706138927,2000,0,ok
llama,R0,21,llama_R0_L21,OR_auroc,topic,animal_class,0.8688151041666666,0.7797307006920414,0.962173373192172,2000,0,ok
llama,R0,21,llama_R0_L21,OR_auroc,topic,cities,0.5720256595048271,0.5257430413034796,0.616050174000458,2000,0,ok
llama,R0,21,llama_R0_L21,OR_auroc,topic,element_symb,0.805491255144033,0.7504902646517095,0.8520950295694738,2000,0,ok
llama,R0,21,llama_R0_L21,OR_auroc,topic,inventors,0.8759544634180203,0.8267795789930557,0.9318582503089162,2000,0,ok
llama,R0,21,llama_R0_L21,OR_auroc,topic,sp_en_trans,0.8606185121107266,0.8338948328330558,0.8939706481481482,2000,0,ok
llama,R0,21,llama_R0_L21,OR_auroc,topic_macro,all,0.7965809988688548,0.7730484372561339,0.8232223033061881,2000,0,ok
llama,R0,21,llama_R0_L21,OR_mixed_vs_FF_auroc,pooled,all,0.5937410250804795,0.5590384546474976,0.6231726149727161,2000,0,ok
llama,R0,21,llama_R0_L21,OR_mixed_vs_FF_auroc,topic,animal_class,0.8040771484375,0.672642764967315,0.943260059788258,2000,0,ok
llama,R0,21,llama_R0_L21,OR_mixed_vs_FF_auroc,topic,cities,0.4567629273456151,0.41113655003693367,0.5025097801881561,2000,0,ok
llama,R0,21,llama_R0_L21,OR_mixed_vs_FF_auroc,topic,element_symb,0.7082368827160493,0.6257353969775642,0.7781425443542106,2000,0,ok
llama,R0,21,llama_R0_L21,OR_mixed_vs_FF_auroc,topic,inventors,0.8190337359433569,0.7498429138562187,0.899819724265871,2000,0,ok
llama,R0,21,llama_R0_L21,OR_mixed_vs_FF_auroc,topic,sp_en_trans,0.79092776816609,0.7508422492495835,0.8409559722222222,2000,0,ok
llama,R0,21,llama_R0_L21,OR_mixed_vs_FF_auroc,topic_macro,all,0.7158076925217223,0.6817211613645373,0.7541281793203402,2000,0,ok
llama,C_clean,21,llama_C_clean_L21,atomic_auroc,pooled,all,0.6799864081613524,0.6635892574082346,0.6959240913078233,2000,0,ok
llama,C_clean,21,llama_C_clean_L21,atomic_auroc,topic,animal_class,0.990234375,0.970703125,1.0,2000,0,ok
llama,C_clean,21,llama_C_clean_L21,atomic_auroc,topic,cities,0.6276631683257511,0.6080351110310346,0.6487261272014774,2000,0,ok
llama,C_clean,21,llama_C_clean_L21,atomic_auroc,topic,element_symb,0.5864197530864198,0.5308641975308642,0.654320987654321,2000,0,ok
llama,C_clean,21,llama_C_clean_L21,atomic_auroc,topic,inventors,0.7222098462909334,0.6535411041436444,0.7921475369786511,2000,0,ok
llama,C_clean,21,llama_C_clean_L21,atomic_auroc,topic,sp_en_trans,0.6141865265528241,0.5350620891161432,0.6960170763745542,2000,0,ok
llama,C_clean,21,llama_C_clean_L21,atomic_auroc,topic_macro,all,0.7081427338511858,0.6829644788947478,0.7348279868754615,2000,0,ok
llama,C_clean,21,llama_C_clean_L21,AND_auroc,pooled,all,0.9981500056439295,0.9959561360875745,0.9994874927442862,2000,0,ok
llama,C_clean,21,llama_C_clean_L21,AND_auroc,topic,animal_class,1.0,1.0,1.0,2000,0,ok
llama,C_clean,21,llama_C_clean_L21,AND_auroc,topic,cities,0.9987922841313455,0.9969871468655362,0.999773838353279,2000,0,ok
llama,C_clean,21,llama_C_clean_L21,AND_auroc,topic,element_symb,1.0,1.0,1.0,2000,0,ok
llama,C_clean,21,llama_C_clean_L21,AND_auroc,topic,inventors,0.9877828682493406,0.9665623944892178,0.9991670412363145,2000,0,ok
llama,C_clean,21,llama_C_clean_L21,AND_auroc,topic,sp_en_trans,0.9999459342560554,0.9996346413981549,1.0,2000,0,ok
llama,C_clean,21,llama_C_clean_L21,AND_auroc,topic_macro,all,0.9973042173273482,0.9929548042716039,0.9996154675104435,2000,0,ok
llama,C_clean,21,llama_C_clean_L21,OR_auroc,pooled,all,0.9958138474881656,0.9922252148687586,0.998283146564426,2000,0,ok
llama,C_clean,21,llama_C_clean_L21,OR_auroc,topic,animal_class,0.9918619791666666,0.9738854166666667,1.0,2000,0,ok
llama,C_clean,21,llama_C_clean_L21,OR_auroc,topic,cities,0.9990062384577272,0.9971117863138839,0.9998657965283889,2000,0,ok
llama,C_clean,21,llama_C_clean_L21,OR_auroc,topic,element_symb,0.993505658436214,0.9683482792005403,1.0,2000,0,ok
llama,C_clean,21,llama_C_clean_L21,OR_auroc,topic,inventors,0.9874010828821325,0.9634840771718892,0.9993057981555592,2000,0,ok
llama,C_clean,21,llama_C_clean_L21,OR_auroc,topic,sp_en_trans,0.9854382929642446,0.9668908161678624,0.9977164028453178,2000,0,ok
llama,C_clean,21,llama_C_clean_L21,OR_auroc,topic_macro,all,0.9914426503813969,0.9838073317117764,0.9969921769450537,2000,0,ok
llama,C_clean,21,llama_C_clean_L21,OR_mixed_vs_FF_auroc,pooled,all,0.9937207712322484,0.9883378223031378,0.9974247198466389,2000,0,ok
llama,C_clean,21,llama_C_clean_L21,OR_mixed_vs_FF_auroc,topic,animal_class,0.98779296875,0.960828125,1.0,2000,0,ok
llama,C_clean,21,llama_C_clean_L21,OR_mixed_vs_FF_auroc,topic,cities,0.9985093576865907,0.9956676794708257,0.9997986947925834,2000,0,ok
llama,C_clean,21,llama_C_clean_L21,OR_mixed_vs_FF_auroc,topic,element_symb,0.990258487654321,0.9525224188008105,1.0,2000,0,ok
llama,C_clean,21,llama_C_clean_L21,OR_mixed_vs_FF_auroc,topic,inventors,0.9811016243231987,0.945226115757834,0.9989586972333386,2000,0,ok
llama,C_clean,21,llama_C_clean_L21,OR_mixed_vs_FF_auroc,topic,sp_en_trans,0.9781574394463668,0.9503362242517936,0.9965746042679767,2000,0,ok
llama,C_clean,21,llama_C_clean_L21,OR_mixed_vs_FF_auroc,topic_macro,all,0.9871639755720955,0.9757109975676647,0.9954882654175806,2000,0,ok
llama,R0,22,llama_R0_L22,atomic_auroc,pooled,all,1.0,1.0,1.0,2000,0,ok
llama,R0,22,llama_R0_L22,atomic_auroc,topic,animal_class,1.0,1.0,1.0,2000,0,ok
llama,R0,22,llama_R0_L22,atomic_auroc,topic,cities,1.0,1.0,1.0,2000,0,ok
llama,R0,22,llama_R0_L22,atomic_auroc,topic,element_symb,1.0,1.0,1.0,2000,0,ok
llama,R0,22,llama_R0_L22,atomic_auroc,topic,inventors,1.0,1.0,1.0,2000,0,ok
llama,R0,22,llama_R0_L22,atomic_auroc,topic,sp_en_trans,1.0,1.0,1.0,2000,0,ok
llama,R0,22,llama_R0_L22,atomic_auroc,topic_macro,all,1.0,1.0,1.0,2000,0,ok
llama,R0,22,llama_R0_L22,AND_auroc,pooled,all,0.9428602148693966,0.9326667846921509,0.9545017611154584,2000,0,ok
llama,R0,22,llama_R0_L22,AND_auroc,topic,animal_class,0.9991048177083334,0.9959308629918981,1.0,2000,0,ok
llama,R0,22,llama_R0_L22,AND_auroc,topic,cities,0.9927199225260124,0.986949035858053,0.9967809889071348,2000,0,ok
llama,R0,22,llama_R0_L22,AND_auroc,topic,element_symb,0.9867541152263375,0.9721392244119517,0.9989294941991052,2000,0,ok
llama,R0,22,llama_R0_L22,AND_auroc,topic,inventors,0.9452311536859642,0.9173872679280045,0.97470242736678,2000,0,ok
llama,R0,22,llama_R0_L22,AND_auroc,topic,sp_en_trans,0.9775987600922722,0.9537445719602978,0.9937298893715233,2000,0,ok
llama,R0,22,llama_R0_L22,AND_auroc,topic_macro,all,0.9802817538477839,0.9731397732733216,0.9880101410433964,2000,0,ok
llama,R0,22,llama_R0_L22,OR_auroc,pooled,all,0.6671335410870922,0.6362949278484104,0.6923539844912662,2000,0,ok
llama,R0,22,llama_R0_L22,OR_auroc,topic,animal_class,0.8621419270833334,0.7750463619647342,0.9533398568627808,2000,0,ok
llama,R0,22,llama_R0_L22,OR_auroc,topic,cities,0.5443016831073675,0.5010583151392051,0.586380510524881,2000,0,ok
llama,R0,22,llama_R0_L22,OR_auroc,topic,element_symb,0.7913451646090535,0.731855246876859,0.8419246090735982,2000,0,ok
llama,R0,22,llama_R0_L22,OR_auroc,topic,inventors,0.8137234485630988,0.7680634211190192,0.8757292708333333,2000,0,ok
llama,R0,22,llama_R0_L22,OR_auroc,topic,sp_en_trans,0.8547794117647058,0.8283006163849227,0.8874250614960074,2000,0,ok
llama,R0,22,llama_R0_L22,OR_auroc,topic_macro,all,0.7732583270255118,0.7496916820250056,0.8005370246085489,2000,0,ok
llama,R0,22,llama_R0_L22,OR_mixed_vs_FF_auroc,pooled,all,0.5637760460201724,0.5318389997700523,0.5903145692158894,2000,0,ok
llama,R0,22,llama_R0_L22,OR_mixed_vs_FF_auroc,topic,animal_class,0.794189453125,0.6633597203587317,0.9300097852941712,2000,0,ok
llama,R0,22,llama_R0_L22,OR_mixed_vs_FF_auroc,topic,cities,0.42991728976172244,0.3879667551565357,0.47150435181179706,2000,0,ok
llama,R0,22,llama_R0_L22,OR_mixed_vs_FF_auroc,topic,element_symb,0.6870177469135802,0.5977828703152885,0.7628869136103973,2000,0,ok
llama,R0,22,llama_R0_L22,OR_mixed_vs_FF_auroc,topic,inventors,0.7410453977509371,0.6784959910762575,0.8223735586645325,2000,0,ok
llama,R0,22,llama_R0_L22,OR_mixed_vs_FF_auroc,topic,sp_en_trans,0.7821691176470589,0.7424509245773842,0.8311375922440111,2000,0,ok
llama,R0,22,llama_R0_L22,OR_mixed_vs_FF_auroc,topic_macro,all,0.6868678010396597,0.6546149738342686,0.7248821649556838,2000,0,ok
llama,C_clean,22,llama_C_clean_L22,atomic_auroc,pooled,all,0.6483931947069943,0.6308347245686545,0.6646733295270222,2000,0,ok
llama,C_clean,22,llama_C_clean_L22,atomic_auroc,topic,animal_class,0.958984375,0.9189453125,0.990234375,2000,0,ok
llama,C_clean,22,llama_C_clean_L22,atomic_auroc,topic,cities,0.5957952344488987,0.5784745056528985,0.615153033647133,2000,0,ok
llama,C_clean,22,llama_C_clean_L22,atomic_auroc,topic,element_symb,0.5347222222222222,0.5092592592592593,0.5625,2000,0,ok
llama,C_clean,22,llama_C_clean_L22,atomic_auroc,topic,inventors,0.6306527066161729,0.5299926697530865,0.7271366011120072,2000,0,ok
llama,C_clean,22,llama_C_clean_L22,atomic_auroc,topic,sp_en_trans,0.6306999437042597,0.5560404681610791,0.7077353981008034,2000,0,ok
llama,C_clean,22,llama_C_clean_L22,atomic_auroc,topic_macro,all,0.6701708963983106,0.6423583178501328,0.6967823353234596,2000,0,ok
llama,C_clean,22,llama_C_clean_L22,AND_auroc,pooled,all,0.9973630704119497,0.9951108200286436,0.9989819589585721,2000,0,ok
llama,C_clean,22,llama_C_clean_L22,AND_auroc,topic,animal_class,1.0,1.0,1.0,2000,0,ok
llama,C_clean,22,llama_C_clean_L22,AND_auroc,topic,cities,0.9978398120204796,0.9950032938680553,0.9994621811701916,2000,0,ok
llama,C_clean,22,llama_C_clean_L22,AND_auroc,topic,element_symb,1.0,1.0,1.0,2000,0,ok
llama,C_clean,22,llama_C_clean_L22,AND_auroc,topic,inventors,0.9847285853116757,0.9607168170806629,0.9978485060747186,2000,0,ok
llama,C_clean,22,llama_C_clean_L22,AND_auroc,topic,sp_en_trans,0.9994413206459054,0.9978164105148232,1.0,2000,0,ok
llama,C_clean,22,llama_C_clean_L22,AND_auroc,topic_macro,all,0.9964019435956122,0.9916054032839444,0.9991446811424021,2000,0,ok
llama,C_clean,22,llama_C_clean_L22,OR_auroc,pooled,all,0.9941338854382332,0.9896911957839744,0.9973121244285166,2000,0,ok
llama,C_clean,22,llama_C_clean_L22,OR_auroc,topic,animal_class,0.9917805989583334,0.9712999377991938,1.0,2000,0,ok
llama,C_clean,22,llama_C_clean_L22,OR_auroc,topic,cities,0.9984657222647628,0.9955714901817754,0.9997772691464478,2000,0,ok
llama,C_clean,22,llama_C_clean_L22,OR_auroc,topic,element_symb,0.9909979423868313,0.9635188869665513,1.0,2000,0,ok
llama,C_clean,22,llama_C_clean_L22,OR_auroc,topic,inventors,0.9867069276690268,0.9636582272376543,0.9988385199982197,2000,0,ok
llama,C_clean,22,llama_C_clean_L22,OR_auroc,topic,sp_en_trans,0.9786260092272203,0.9563396874935197,0.9949197459222477,2000,0,ok
llama,C_clean,22,llama_C_clean_L22,OR_auroc,topic_macro,all,0.989315440101235,0.9810274249058446,0.9957724200507441,2000,0,ok
llama,C_clean,22,llama_C_clean_L22,OR_mixed_vs_FF_auroc,pooled,all,0.9912008281573499,0.9845367936759615,0.9959681866427749,2000,0,ok
llama,C_clean,22,llama_C_clean_L22,OR_mixed_vs_FF_auroc,topic,animal_class,0.9876708984375,0.9569499066987907,1.0,2000,0,ok
llama,C_clean,22,llama_C_clean_L22,OR_mixed_vs_FF_auroc,topic,cities,0.9976985833971442,0.9933572352726631,0.9996659037196718,2000,0,ok
llama,C_clean,22,llama_C_clean_L22,OR_mixed_vs_FF_auroc,topic,element_symb,0.9864969135802469,0.9452783304498269,1.0,2000,0,ok
llama,C_clean,22,llama_C_clean_L22,OR_mixed_vs_FF_auroc,topic,inventors,0.9800603915035402,0.9454873408564815,0.9982577799973296,2000,0,ok
llama,C_clean,22,llama_C_clean_L22,OR_mixed_vs_FF_auroc,topic,sp_en_trans,0.9679390138408305,0.9345095312402796,0.9923796188833717,2000,0,ok
llama,C_clean,22,llama_C_clean_L22,OR_mixed_vs_FF_auroc,topic_macro,all,0.9839731601518522,0.9715411373587668,0.993658630076116,2000,0,ok
llama,R0,23,llama_R0_L23,atomic_auroc,pooled,all,1.0,1.0,1.0,2000,0,ok
llama,R0,23,llama_R0_L23,atomic_auroc,topic,animal_class,1.0,1.0,1.0,2000,0,ok
llama,R0,23,llama_R0_L23,atomic_auroc,topic,cities,1.0,1.0,1.0,2000,0,ok
llama,R0,23,llama_R0_L23,atomic_auroc,topic,element_symb,1.0,1.0,1.0,2000,0,ok
llama,R0,23,llama_R0_L23,atomic_auroc,topic,inventors,1.0,1.0,1.0,2000,0,ok
llama,R0,23,llama_R0_L23,atomic_auroc,topic,sp_en_trans,1.0,1.0,1.0,2000,0,ok
llama,R0,23,llama_R0_L23,atomic_auroc,topic_macro,all,1.0,1.0,1.0,2000,0,ok
llama,R0,23,llama_R0_L23,AND_auroc,pooled,all,0.9462905094825159,0.9359324242171315,0.9581119612141722,2000,0,ok
llama,R0,23,llama_R0_L23,AND_auroc,topic,animal_class,0.9988606770833334,0.995191976584022,1.0,2000,0,ok
llama,R0,23,llama_R0_L23,AND_auroc,topic,cities,0.9918575364473072,0.985362466182014,0.9963870172843295,2000,0,ok
llama,R0,23,llama_R0_L23,AND_auroc,topic,element_symb,0.9868184156378601,0.9731362560290279,0.9981934424160289,2000,0,ok
llama,R0,23,llama_R0_L23,AND_auroc,topic,inventors,0.9406844370401222,0.9082286059848776,0.9733022107438017,2000,0,ok
llama,R0,23,llama_R0_L23,AND_auroc,topic,sp_en_trans,0.980896770472895,0.9488539542347911,0.9972128218778894,2000,0,ok
llama,R0,23,llama_R0_L23,AND_auroc,topic_macro,all,0.9798235673363035,0.971689289363535,0.9882260973494201,2000,0,ok
llama,R0,23,llama_R0_L23,OR_auroc,pooled,all,0.6795634027608103,0.6494957844912795,0.706148087610087,2000,0,ok
llama,R0,23,llama_R0_L23,OR_auroc,topic,animal_class,0.8692220052083334,0.7790321790759729,0.9601361649659863,2000,0,ok
llama,R0,23,llama_R0_L23,OR_auroc,topic,cities,0.5843599387414982,0.5392902046833942,0.6271046354265095,2000,0,ok
llama,R0,23,llama_R0_L23,OR_auroc,topic,element_symb,0.8048482510288066,0.7449308816789295,0.858602954448768,2000,0,ok
llama,R0,23,llama_R0_L23,OR_auroc,topic,inventors,0.7975843398583924,0.7503660604094579,0.8558940789688168,2000,0,ok
llama,R0,23,llama_R0_L23,OR_auroc,topic,sp_en_trans,0.8560769896193772,0.830245236527176,0.8876714121802125,2000,0,ok
llama,R0,23,llama_R0_L23,OR_auroc,topic_macro,all,0.7824183048912816,0.7592537343696849,0.8099441396991246,2000,0,ok
llama,R0,23,llama_R0_L23,OR_mixed_vs_FF_auroc,pooled,all,0.5795644029508463,0.5477258301893381,0.60751265475013,2000,0,ok
llama,R0,23,llama_R0_L23,OR_mixed_vs_FF_auroc,topic,animal_class,0.8055419921875,0.6742116379847861,0.9402056749311295,2000,0,ok
llama,R0,23,llama_R0_L23,OR_mixed_vs_FF_auroc,topic,cities,0.4704841561190937,0.4253294421029281,0.5141997813889555,2000,0,ok
llama,R0,23,llama_R0_L23,OR_mixed_vs_FF_auroc,topic,element_symb,0.7072723765432098,0.6173963225183942,0.787904431673152,2000,0,ok
llama,R0,23,llama_R0_L23,OR_mixed_vs_FF_auroc,topic,inventors,0.7181903373594336,0.6568628775171568,0.7946441444224748,2000,0,ok
llama,R0,23,llama_R0_L23,OR_mixed_vs_FF_auroc,topic,sp_en_trans,0.7841154844290658,0.745367854790764,0.8315071182703188,2000,0,ok
llama,R0,23,llama_R0_L23,OR_mixed_vs_FF_auroc,topic_macro,all,0.6971208693276606,0.6637013009276767,0.7348315701263002,2000,0,ok
llama,C_clean,23,llama_C_clean_L23,atomic_auroc,pooled,all,0.6581262010029839,0.6388277078655206,0.6758301771467753,2000,0,ok
llama,C_clean,23,llama_C_clean_L23,atomic_auroc,topic,animal_class,0.939453125,0.896484375,0.9794921875,2000,0,ok
llama,C_clean,23,llama_C_clean_L23,atomic_auroc,topic,cities,0.6305008783388135,0.6147465204270077,0.6469215913697581,2000,0,ok
llama,C_clean,23,llama_C_clean_L23,atomic_auroc,topic,element_symb,0.5625,0.5239197530864198,0.6126543209876543,2000,0,ok
llama,C_clean,23,llama_C_clean_L23,atomic_auroc,topic,inventors,0.6090443305858766,0.5068272362943339,0.706171954107914,2000,0,ok
llama,C_clean,23,llama_C_clean_L23,atomic_auroc,topic,sp_en_trans,0.6564083317695628,0.5679370050998479,0.7393913988448946,2000,0,ok
llama,C_clean,23,llama_C_clean_L23,atomic_auroc,topic_macro,all,0.6795813331388507,0.6486128527810929,0.7101994648321193,2000,0,ok
llama,C_clean,23,llama_C_clean_L23,AND_auroc,pooled,all,0.9955548697109594,0.9917557426465783,0.9982138407314273,2000,0,ok
llama,C_clean,23,llama_C_clean_L23,AND_auroc,topic,animal_class,0.9999186197916666,0.9992192562040053,1.0,2000,0,ok
llama,C_clean,23,llama_C_clean_L23,AND_auroc,topic,cities,0.9963064726814107,0.9916983281865839,0.9989676488261946,2000,0,ok
llama,C_clean,23,llama_C_clean_L23,AND_auroc,topic,element_symb,1.0,1.0,1.0,2000,0,ok
llama,C_clean,23,llama_C_clean_L23,AND_auroc,topic,inventors,0.9798000832986256,0.954502060745867,0.9970866099659758,2000,0,ok
llama,C_clean,23,llama_C_clean_L23,AND_auroc,topic,sp_en_trans,0.9983600057670127,0.9953893119943087,1.0,2000,0,ok
llama,C_clean,23,llama_C_clean_L23,AND_auroc,topic_macro,all,0.994877036307743,0.989745732597591,0.9985288399554941,2000,0,ok
llama,C_clean,23,llama_C_clean_L23,OR_auroc,pooled,all,0.9930433210881496,0.9881969510905019,0.9966191201407233,2000,0,ok
llama,C_clean,23,llama_C_clean_L23,OR_auroc,topic,animal_class,0.9905598958333334,0.9711078869047619,1.0,2000,0,ok
llama,C_clean,23,llama_C_clean_L23,OR_auroc,topic,cities,0.9978529495668363,0.9945119256459589,0.9996510417078955,2000,0,ok
llama,C_clean,23,llama_C_clean_L23,OR_auroc,topic,element_symb,0.9899048353909465,0.9588694969259558,1.0,2000,0,ok
llama,C_clean,23,llama_C_clean_L23,OR_auroc,topic,inventors,0.9854574482854366,0.9614708024384392,0.9987330536979686,2000,0,ok
llama,C_clean,23,llama_C_clean_L23,OR_auroc,topic,sp_en_trans,0.9742286620530565,0.9513807618288923,0.9927594223423157,2000,0,ok
llama,C_clean,23,llama_C_clean_L23,OR_auroc,topic_macro,all,0.987600758225922,0.9782812781914992,0.9946274633122967,2000,0,ok
llama,C_clean,23,llama_C_clean_L23,OR_mixed_vs_FF_auroc,pooled,all,0.9895649816322244,0.9822954266357529,0.994928680211085,2000,0,ok
llama,C_clean,23,llama_C_clean_L23,OR_mixed_vs_FF_auroc,topic,animal_class,0.98583984375,0.9566618303571428,1.0,2000,0,ok
llama,C_clean,23,llama_C_clean_L23,OR_mixed_vs_FF_auroc,topic,cities,0.9967794243502545,0.9917678884689384,0.9994765625618435,2000,0,ok
llama,C_clean,23,llama_C_clean_L23,OR_mixed_vs_FF_auroc,topic,element_symb,0.9848572530864198,0.9383042453889336,1.0,2000,0,ok
llama,C_clean,23,llama_C_clean_L23,OR_mixed_vs_FF_auroc,topic,inventors,0.978186172428155,0.9422062036576586,0.998099580546953,2000,0,ok
llama,C_clean,23,llama_C_clean_L23,OR_mixed_vs_FF_auroc,topic,sp_en_trans,0.9613429930795848,0.9270711427433385,0.9891391335134736,2000,0,ok
llama,C_clean,23,llama_C_clean_L23,OR_mixed_vs_FF_auroc,topic_macro,all,0.9814011373388828,0.9674219172872487,0.991941194968445,2000,0,ok
llama,R0,24,llama_R0_L24,atomic_auroc,pooled,all,1.0,1.0,1.0,2000,0,ok
llama,R0,24,llama_R0_L24,atomic_auroc,topic,animal_class,1.0,1.0,1.0,2000,0,ok
llama,R0,24,llama_R0_L24,atomic_auroc,topic,cities,1.0,1.0,1.0,2000,0,ok
llama,R0,24,llama_R0_L24,atomic_auroc,topic,element_symb,1.0,1.0,1.0,2000,0,ok
llama,R0,24,llama_R0_L24,atomic_auroc,topic,inventors,1.0,1.0,1.0,2000,0,ok
llama,R0,24,llama_R0_L24,atomic_auroc,topic,sp_en_trans,1.0,1.0,1.0,2000,0,ok
llama,R0,24,llama_R0_L24,atomic_auroc,topic_macro,all,1.0,1.0,1.0,2000,0,ok
llama,R0,24,llama_R0_L24,AND_auroc,pooled,all,0.9577937665299264,0.9474211553315798,0.968914952308304,2000,0,ok
llama,R0,24,llama_R0_L24,AND_auroc,topic,animal_class,0.9993489583333334,0.9966666666666667,1.0,2000,0,ok
llama,R0,24,llama_R0_L24,AND_auroc,topic,cities,0.9906901716138913,0.9835545942490951,0.9955278115388801,2000,0,ok
llama,R0,24,llama_R0_L24,AND_auroc,topic,element_symb,0.985789609053498,0.9736652773973298,0.997559799382716,2000,0,ok
llama,R0,24,llama_R0_L24,AND_auroc,topic,inventors,0.9318339580730252,0.8957499375839528,0.9663770555048242,2000,0,ok
llama,R0,24,llama_R0_L24,AND_auroc,topic,sp_en_trans,0.9850598327566321,0.9584127834002164,0.997022987873209,2000,0,ok
llama,R0,24,llama_R0_L24,AND_auroc,topic_macro,all,0.9785445059660759,0.9702971351777803,0.9869486017177679,2000,0,ok
llama,R0,24,llama_R0_L24,OR_auroc,pooled,all,0.6631106338775796,0.6310503066965222,0.6896158378835539,2000,0,ok
llama,R0,24,llama_R0_L24,OR_auroc,topic,animal_class,0.84619140625,0.7588870823359932,0.9379370408163265,2000,0,ok
llama,R0,24,llama_R0_L24,OR_auroc,topic,cities,0.5609591534915844,0.5143527366714099,0.6053637761380992,2000,0,ok
llama,R0,24,llama_R0_L24,OR_auroc,topic,element_symb,0.800733024691358,0.7443453832011927,0.8498819831905444,2000,0,ok
llama,R0,24,llama_R0_L24,OR_auroc,topic,inventors,0.752707205331112,0.6936740079148423,0.8156144886870821,2000,0,ok
llama,R0,24,llama_R0_L24,OR_auroc,topic,sp_en_trans,0.8601859861591695,0.8355310843109187,0.8916765058950373,2000,0,ok
llama,R0,24,llama_R0_L24,OR_auroc,topic_macro,all,0.7641553551846447,0.7396160903880936,0.7925465417350762,2000,0,ok
llama,R0,24,llama_R0_L24,OR_mixed_vs_FF_auroc,pooled,all,0.5667723295997669,0.5344228275257917,0.5932063616125173,2000,0,ok
llama,R0,24,llama_R0_L24,OR_mixed_vs_FF_auroc,topic,animal_class,0.7708740234375,0.6405708416070722,0.9070610140306122,2000,0,ok
llama,R0,24,llama_R0_L24,OR_mixed_vs_FF_auroc,topic,cities,0.4577918787442007,0.414012571267121,0.5008529808997194,2000,0,ok
llama,R0,24,llama_R0_L24,OR_mixed_vs_FF_auroc,topic,element_symb,0.7010995370370371,0.6165180748017889,0.7748229747858166,2000,0,ok
llama,R0,24,llama_R0_L24,OR_mixed_vs_FF_auroc,topic,inventors,0.6643586005830904,0.5871411380669088,0.7437316249551144,2000,0,ok
llama,R0,24,llama_R0_L24,OR_mixed_vs_FF_auroc,topic,sp_en_trans,0.7902789792387543,0.7532966264663782,0.837514758842556,2000,0,ok
llama,R0,24,llama_R0_L24,OR_mixed_vs_FF_auroc,topic_macro,all,0.6768806038081165,0.6431734103582892,0.7159180390554214,2000,0,ok
llama,C_clean,24,llama_C_clean_L24,atomic_auroc,pooled,all,0.657227889827993,0.6381685572158389,0.6746281844964828,2000,0,ok
llama,C_clean,24,llama_C_clean_L24,atomic_auroc,topic,animal_class,0.8818359375,0.8329833984375,0.9326171875,2000,0,ok
llama,C_clean,24,llama_C_clean_L24,atomic_auroc,topic,cities,0.6455227242016125,0.6343849939191929,0.6568288027566326,2000,0,ok
llama,C_clean,24,llama_C_clean_L24,atomic_auroc,topic,element_symb,0.5902777777777778,0.5493827160493827,0.638136574074074,2000,0,ok
llama,C_clean,24,llama_C_clean_L24,atomic_auroc,topic,inventors,0.598128759189129,0.49854804116623413,0.6913632074709579,2000,0,ok
llama,C_clean,24,llama_C_clean_L24,atomic_auroc,topic,sp_en_trans,0.6504034528054043,0.5511163666855632,0.7441568549630712,2000,0,ok
llama,C_clean,24,llama_C_clean_L24,atomic_auroc,topic_macro,all,0.6732337302947847,0.6414488521691395,0.7035469295580148,2000,0,ok
llama,C_clean,24,llama_C_clean_L24,AND_auroc,pooled,all,0.9893404746901912,0.983832731827597,0.9940838754094016,2000,0,ok
llama,C_clean,24,llama_C_clean_L24,AND_auroc,topic,animal_class,1.0,1.0,1.0,2000,0,ok
llama,C_clean,24,llama_C_clean_L24,AND_auroc,topic,cities,0.9878702911280273,0.9798838662326014,0.994183777226895,2000,0,ok
llama,C_clean,24,llama_C_clean_L24,AND_auroc,topic,element_symb,0.9998070987654321,0.9988888888888889,1.0,2000,0,ok
llama,C_clean,24,llama_C_clean_L24,AND_auroc,topic,inventors,0.9722684992364292,0.937568063845526,0.9946817366229189,2000,0,ok
llama,C_clean,24,llama_C_clean_L24,AND_auroc,topic,sp_en_trans,0.9971885813148789,0.9929876795264291,0.9998423015285995,2000,0,ok
llama,C_clean,24,llama_C_clean_L24,AND_auroc,topic_macro,all,0.9914268940889535,0.9846437321282867,0.9962532956024903,2000,0,ok
llama,C_clean,24,llama_C_clean_L24,OR_auroc,pooled,all,0.9883720764088034,0.9822784239376335,0.9932455389066466,2000,0,ok
llama,C_clean,24,llama_C_clean_L24,OR_auroc,topic,animal_class,0.989013671875,0.963305932976403,1.0,2000,0,ok
llama,C_clean,24,llama_C_clean_L24,OR_auroc,topic,cities,0.9929526447757608,0.9870963812490537,0.996961210776749,2000,0,ok
llama,C_clean,24,llama_C_clean_L24,OR_auroc,topic,element_symb,0.9902263374485597,0.9583587411940182,1.0,2000,0,ok
llama,C_clean,24,llama_C_clean_L24,OR_auroc,topic,inventors,0.9830279050395668,0.9559524994638378,0.9984284534267174,2000,0,ok
llama,C_clean,24,llama_C_clean_L24,OR_auroc,topic,sp_en_trans,0.9693987889273357,0.9440410611437862,0.9907643252632016,2000,0,ok
llama,C_clean,24,llama_C_clean_L24,OR_auroc,topic_macro,all,0.9849238696132445,0.9749226393369643,0.992960052213519,2000,0,ok
llama,C_clean,24,llama_C_clean_L24,OR_mixed_vs_FF_auroc,pooled,all,0.9825586504292958,0.9734187071984616,0.98986830835997,2000,0,ok
llama,C_clean,24,llama_C_clean_L24,OR_mixed_vs_FF_auroc,topic,animal_class,0.9835205078125,0.9449588994646043,1.0,2000,0,ok
llama,C_clean,24,llama_C_clean_L24,OR_mixed_vs_FF_auroc,topic,cities,0.9894289671636413,0.9806445718735806,0.9954418161651235,2000,0,ok
llama,C_clean,24,llama_C_clean_L24,OR_mixed_vs_FF_auroc,topic,element_symb,0.9853395061728395,0.9375381117910273,1.0,2000,0,ok
llama,C_clean,24,llama_C_clean_L24,OR_mixed_vs_FF_auroc,topic,inventors,0.9745418575593503,0.9339287491957567,0.997642680140076,2000,0,ok
llama,C_clean,24,llama_C_clean_L24,OR_mixed_vs_FF_auroc,topic,sp_en_trans,0.9540981833910035,0.9160615917156794,0.9861464878948023,2000,0,ok
llama,C_clean,24,llama_C_clean_L24,OR_mixed_vs_FF_auroc,topic_macro,all,0.977385804419867,0.9623839590054466,0.9894400783202787,2000,0,ok
llama,R0,25,llama_R0_L25,atomic_auroc,pooled,all,1.0,1.0,1.0,2000,0,ok
llama,R0,25,llama_R0_L25,atomic_auroc,topic,animal_class,1.0,1.0,1.0,2000,0,ok
llama,R0,25,llama_R0_L25,atomic_auroc,topic,cities,1.0,1.0,1.0,2000,0,ok
llama,R0,25,llama_R0_L25,atomic_auroc,topic,element_symb,1.0,1.0,1.0,2000,0,ok
llama,R0,25,llama_R0_L25,atomic_auroc,topic,inventors,1.0,1.0,1.0,2000,0,ok
llama,R0,25,llama_R0_L25,atomic_auroc,topic,sp_en_trans,1.0,1.0,1.0,2000,0,ok
llama,R0,25,llama_R0_L25,atomic_auroc,topic_macro,all,1.0,1.0,1.0,2000,0,ok
llama,R0,25,llama_R0_L25,AND_auroc,pooled,all,0.9571225675735533,0.947229798930763,0.9681807018644843,2000,0,ok
llama,R0,25,llama_R0_L25,AND_auroc,topic,animal_class,0.9991861979166666,0.9963062993741665,1.0,2000,0,ok
llama,R0,25,llama_R0_L25,AND_auroc,topic,cities,0.9936376739786497,0.987874322674879,0.9973538169362264,2000,0,ok
llama,R0,25,llama_R0_L25,AND_auroc,topic,element_symb,0.984375,0.9693137632220284,0.997335522449645,2000,0,ok
llama,R0,25,llama_R0_L25,AND_auroc,topic,inventors,0.9315562959877829,0.8985370455711469,0.9665011847629615,2000,0,ok
llama,R0,25,llama_R0_L25,AND_auroc,topic,sp_en_trans,0.9887182814302191,0.9687642399084821,0.9979455663516198,2000,0,ok
llama,R0,25,llama_R0_L25,AND_auroc,topic_macro,all,0.9794946898626637,0.9718566233693335,0.9876999264348226,2000,0,ok
llama,R0,25,llama_R0_L25,OR_auroc,pooled,all,0.6707127925734461,0.6364135927163519,0.6981113484196476,2000,0,ok
llama,R0,25,llama_R0_L25,OR_auroc,topic,animal_class,0.8684895833333334,0.7820734317639392,0.9534271311600857,2000,0,ok
llama,R0,25,llama_R0_L25,OR_auroc,topic,cities,0.5557679458883233,0.5088943796983928,0.6015188283475783,2000,0,ok
llama,R0,25,llama_R0_L25,OR_auroc,topic,element_symb,0.803369341563786,0.7531353904428276,0.8509015797176308,2000,0,ok
llama,R0,25,llama_R0_L25,OR_auroc,topic,inventors,0.7761349437734277,0.719753159220121,0.8356304154909073,2000,0,ok
llama,R0,25,llama_R0_L25,OR_auroc,topic,sp_en_trans,0.864294982698962,0.8373521836737285,0.8975416412140418,2000,0,ok
llama,R0,25,llama_R0_L25,OR_auroc,topic_macro,all,0.7736113594515664,0.7490994681764497,0.8003379237759698,2000,0,ok
llama,R0,25,llama_R0_L25,OR_mixed_vs_FF_auroc,pooled,all,0.5805845967876754,0.54784486275935,0.6076488535862846,2000,0,ok
llama,R0,25,llama_R0_L25,OR_mixed_vs_FF_auroc,topic,animal_class,0.8046875,0.6784918076026707,0.9302157026151782,2000,0,ok
llama,R0,25,llama_R0_L25,OR_mixed_vs_FF_auroc,topic,cities,0.4642682199000045,0.42042219309017065,0.5067833463182966,2000,0,ok
llama,R0,25,llama_R0_L25,OR_mixed_vs_FF_auroc,topic,element_symb,0.705054012345679,0.6297030856642414,0.7763523695764463,2000,0,ok
llama,R0,25,llama_R0_L25,OR_mixed_vs_FF_auroc,topic,inventors,0.6916389004581425,0.6194212843290815,0.7662028177900893,2000,0,ok
llama,R0,25,llama_R0_L25,OR_mixed_vs_FF_auroc,topic,sp_en_trans,0.7964424740484429,0.7560282755105928,0.8463124618210626,2000,0,ok
llama,R0,25,llama_R0_L25,OR_mixed_vs_FF_auroc,topic_macro,all,0.6924182213504538,0.6574952524317036,0.7300030084765577,2000,0,ok
llama,C_clean,25,llama_C_clean_L25,atomic_auroc,pooled,all,0.663285631708041,0.6448843994396656,0.6800688694834365,2000,0,ok
llama,C_clean,25,llama_C_clean_L25,atomic_auroc,topic,animal_class,0.9248046875,0.8759765625,0.96875,2000,0,ok
llama,C_clean,25,llama_C_clean_L25,atomic_auroc,topic,cities,0.6410972478717175,0.629982602135039,0.6520092000360344,2000,0,ok
llama,C_clean,25,llama_C_clean_L25,atomic_auroc,topic,element_symb,0.6334876543209876,0.5671296296296297,0.7137538580246913,2000,0,ok
llama,C_clean,25,llama_C_clean_L25,atomic_auroc,topic,inventors,0.6159501002450435,0.534215956706031,0.6963230031866884,2000,0,ok
llama,C_clean,25,llama_C_clean_L25,atomic_auroc,topic,sp_en_trans,0.6641020829423907,0.567820279045163,0.7528942780618456,2000,0,ok
llama,C_clean,25,llama_C_clean_L25,atomic_auroc,topic_macro,all,0.6958883545760279,0.6652363729243804,0.7267566335769114,2000,0,ok
llama,C_clean,25,llama_C_clean_L25,AND_auroc,pooled,all,0.9887414323007085,0.9831265730197357,0.9935923907303457,2000,0,ok
llama,C_clean,25,llama_C_clean_L25,AND_auroc,topic,animal_class,1.0,1.0,1.0,2000,0,ok
llama,C_clean,25,llama_C_clean_L25,AND_auroc,topic,cities,0.9883216596849992,0.9806238315409593,0.9944019962676769,2000,0,ok
llama,C_clean,25,llama_C_clean_L25,AND_auroc,topic,element_symb,0.9999356995884774,0.9995063706869263,1.0,2000,0,ok
llama,C_clean,25,llama_C_clean_L25,AND_auroc,topic,inventors,0.9737262251839511,0.9432214451474946,0.9954688625257202,2000,0,ok
llama,C_clean,25,llama_C_clean_L25,AND_auroc,topic,sp_en_trans,0.9889525663206459,0.978747119389949,0.9980010336183467,2000,0,ok
llama,C_clean,25,llama_C_clean_L25,AND_auroc,topic_macro,all,0.9901872301556148,0.9838823959452664,0.9954293390631038,2000,0,ok
llama,C_clean,25,llama_C_clean_L25,OR_auroc,pooled,all,0.9881663230299471,0.981995237125471,0.993175535308691,2000,0,ok
llama,C_clean,25,llama_C_clean_L25,OR_auroc,topic,animal_class,0.988525390625,0.9630173790518021,1.0,2000,0,ok
llama,C_clean,25,llama_C_clean_L25,OR_auroc,topic,cities,0.993093404201012,0.986919158334762,0.9972187268068629,2000,0,ok
llama,C_clean,25,llama_C_clean_L25,OR_auroc,topic,element_symb,0.989647633744856,0.9544895733788115,1.0,2000,0,ok
llama,C_clean,25,llama_C_clean_L25,OR_auroc,topic,inventors,0.9804942385117312,0.9526643571629835,0.9974333684170816,2000,0,ok
llama,C_clean,25,llama_C_clean_L25,OR_auroc,topic,sp_en_trans,0.9665693483275664,0.9424707820442223,0.9894773953290465,2000,0,ok
llama,C_clean,25,llama_C_clean_L25,OR_auroc,topic_macro,all,0.9836660030820331,0.973148191531752,0.9923415980873685,2000,0,ok
llama,C_clean,25,llama_C_clean_L25,OR_mixed_vs_FF_auroc,pooled,all,0.9822543068897376,0.9729964323697762,0.9897633029630364,2000,0,ok
llama,C_clean,25,llama_C_clean_L25,OR_mixed_vs_FF_auroc,topic,animal_class,0.9827880859375,0.944526068577703,1.0,2000,0,ok
llama,C_clean,25,llama_C_clean_L25,OR_mixed_vs_FF_auroc,topic,cities,0.989640106301518,0.980378737502143,0.9958280902102942,2000,0,ok
llama,C_clean,25,llama_C_clean_L25,OR_mixed_vs_FF_auroc,topic,element_symb,0.9844714506172839,0.9317343600682172,1.0,2000,0,ok
llama,C_clean,25,llama_C_clean_L25,OR_mixed_vs_FF_auroc,topic,inventors,0.9707413577675968,0.9289965357444754,0.9961500526256224,2000,0,ok
llama,C_clean,25,llama_C_clean_L25,OR_mixed_vs_FF_auroc,topic,sp_en_trans,0.9498810553633218,0.9137796040279841,0.984238957531542,2000,0,ok
llama,C_clean,25,llama_C_clean_L25,OR_mixed_vs_FF_auroc,topic_macro,all,0.975504411197444,0.9597799130230609,0.988512397131053,2000,0,ok
llama,R0,26,llama_R0_L26,atomic_auroc,pooled,all,0.9999960942992392,0.999976565795435,1.0,2000,0,ok
llama,R0,26,llama_R0_L26,atomic_auroc,topic,animal_class,1.0,1.0,1.0,2000,0,ok
llama,R0,26,llama_R0_L26,atomic_auroc,topic,cities,1.0,1.0,1.0,2000,0,ok
llama,R0,26,llama_R0_L26,atomic_auroc,topic,element_symb,1.0,1.0,1.0,2000,0,ok
llama,R0,26,llama_R0_L26,atomic_auroc,topic,inventors,1.0,1.0,1.0,2000,0,ok
llama,R0,26,llama_R0_L26,atomic_auroc,topic,sp_en_trans,1.0,1.0,1.0,2000,0,ok
llama,R0,26,llama_R0_L26,atomic_auroc,topic_macro,all,1.0,1.0,1.0,2000,0,ok
llama,R0,26,llama_R0_L26,AND_auroc,pooled,all,0.9550664626278993,0.9455880860624726,0.9658265629154196,2000,0,ok
llama,R0,26,llama_R0_L26,AND_auroc,topic,animal_class,0.9993489583333334,0.9966666666666667,1.0,2000,0,ok
llama,R0,26,llama_R0_L26,AND_auroc,topic,cities,0.9937108688797802,0.9882602876084173,0.9973928602919591,2000,0,ok
llama,R0,26,llama_R0_L26,AND_auroc,topic,element_symb,0.9847608024691358,0.9699207621082622,0.9980976608618655,2000,0,ok
llama,R0,26,llama_R0_L26,AND_auroc,topic,inventors,0.9326669443287519,0.8931555981022627,0.968642940763563,2000,0,ok
llama,R0,26,llama_R0_L26,AND_auroc,topic,sp_en_trans,0.9884839965397924,0.970017875539639,0.997812372878909,2000,0,ok
llama,R0,26,llama_R0_L26,AND_auroc,topic_macro,all,0.9797943141101587,0.971808341344458,0.9884430525490028,2000,0,ok
llama,R0,26,llama_R0_L26,OR_auroc,pooled,all,0.7066578364174908,0.6742099035456264,0.733531952140142,2000,0,ok
llama,R0,26,llama_R0_L26,OR_auroc,topic,animal_class,0.8822428385416666,0.7991261823356793,0.9603547937296221,2000,0,ok
llama,R0,26,llama_R0_L26,OR_auroc,topic,cities,0.6083866342356951,0.5610879865256417,0.6519093380173374,2000,0,ok
llama,R0,26,llama_R0_L26,OR_auroc,topic,element_symb,0.8123070987654321,0.7609309850849809,0.8596342467035576,2000,0,ok
llama,R0,26,llama_R0_L26,OR_auroc,topic,inventors,0.8217756490351242,0.7694219111862716,0.8785652488425925,2000,0,ok
llama,R0,26,llama_R0_L26,OR_auroc,topic,sp_en_trans,0.8690707900807382,0.8414908352256851,0.9033689302598861,2000,0,ok
llama,R0,26,llama_R0_L26,OR_auroc,topic_macro,all,0.7987566021317314,0.7752189316875231,0.825092831979883,2000,0,ok
llama,R0,26,llama_R0_L26,OR_mixed_vs_FF_auroc,pooled,all,0.6131970431524847,0.5797597262199907,0.6414643264925758,2000,0,ok
llama,R0,26,llama_R0_L26,OR_mixed_vs_FF_auroc,topic,animal_class,0.8248291015625,0.7045773354614087,0.9406552964081373,2000,0,ok
llama,R0,26,llama_R0_L26,OR_mixed_vs_FF_auroc,topic,cities,0.5059217490203144,0.46085260022585384,0.5492501153183181,2000,0,ok
llama,R0,26,llama_R0_L26,OR_mixed_vs_FF_auroc,topic,element_symb,0.7184606481481481,0.6413964776274713,0.7894513700553364,2000,0,ok
llama,R0,26,llama_R0_L26,OR_mixed_vs_FF_auroc,topic,inventors,0.7464598084131612,0.6734680921533703,0.8261053949078448,2000,0,ok
llama,R0,26,llama_R0_L26,OR_mixed_vs_FF_auroc,topic,sp_en_trans,0.8036061851211073,0.7622362528385277,0.855053395389829,2000,0,ok
llama,R0,26,llama_R0_L26,OR_mixed_vs_FF_auroc,topic_macro,all,0.7198554984530462,0.686950880524363,0.7565354133059012,2000,0,ok
llama,C_clean,26,llama_C_clean_L26,atomic_auroc,pooled,all,0.6873095970879095,0.6699724566133306,0.703800854005247,2000,0,ok
llama,C_clean,26,llama_C_clean_L26,atomic_auroc,topic,animal_class,0.9443359375,0.8974609375,0.982421875,2000,0,ok
llama,C_clean,26,llama_C_clean_L26,atomic_auroc,topic,cities,0.6753186793387685,0.6633698932480518,0.6864896288455474,2000,0,ok
llama,C_clean,26,llama_C_clean_L26,atomic_auroc,topic,element_symb,0.6242283950617284,0.558641975308642,0.7037037037037037,2000,0,ok
llama,C_clean,26,llama_C_clean_L26,atomic_auroc,topic,inventors,0.6001336600579193,0.5166046258503402,0.6822775789226005,2000,0,ok
llama,C_clean,26,llama_C_clean_L26,atomic_auroc,topic,sp_en_trans,0.6945017826984425,0.6113869059990507,0.7712757258948136,2000,0,ok
llama,C_clean,26,llama_C_clean_L26,atomic_auroc,topic_macro,all,0.7077036909313718,0.6788735011107971,0.7371858143359177,2000,0,ok
llama,C_clean,26,llama_C_clean_L26,AND_auroc,pooled,all,0.9893933418778139,0.9840107547454393,0.9938451934654847,2000,0,ok
llama,C_clean,26,llama_C_clean_L26,AND_auroc,topic,animal_class,0.999755859375,0.9975982467775397,1.0,2000,0,ok
llama,C_clean,26,llama_C_clean_L26,AND_auroc,topic,cities,0.9891024052970587,0.9821181333244793,0.9948983648216856,2000,0,ok
llama,C_clean,26,llama_C_clean_L26,AND_auroc,topic,element_symb,0.9998713991769548,0.9991995918367347,1.0,2000,0,ok
llama,C_clean,26,llama_C_clean_L26,AND_auroc,topic,inventors,0.9745939192003332,0.9392511765516699,0.9950412913890047,2000,0,ok
llama,C_clean,26,llama_C_clean_L26,AND_auroc,topic,sp_en_trans,0.9871143310265282,0.9738610146604938,0.9982072843883948,2000,0,ok
llama,C_clean,26,llama_C_clean_L26,AND_auroc,topic_macro,all,0.990087582815175,0.9831048448549845,0.9953560383572019,2000,0,ok
llama,C_clean,26,llama_C_clean_L26,OR_auroc,pooled,all,0.9876937332378867,0.9817588696452852,0.9926817930640071,2000,0,ok
llama,C_clean,26,llama_C_clean_L26,OR_auroc,topic,animal_class,0.989501953125,0.9644431335034014,1.0,2000,0,ok
llama,C_clean,26,llama_C_clean_L26,OR_auroc,topic,cities,0.9936874089755716,0.9886601740374208,0.9972803465040229,2000,0,ok
llama,C_clean,26,llama_C_clean_L26,OR_auroc,topic,element_symb,0.9897119341563786,0.9532228577090764,1.0,2000,0,ok
llama,C_clean,26,llama_C_clean_L26,OR_auroc,topic,inventors,0.9761904761904762,0.9455428685897436,0.9964667023715712,2000,0,ok
llama,C_clean,26,llama_C_clean_L26,OR_auroc,topic,sp_en_trans,0.9642084775086506,0.9376274642320725,0.9887091912750279,2000,0,ok
llama,C_clean,26,llama_C_clean_L26,OR_auroc,topic_macro,all,0.9826600499912154,0.9720975323313946,0.9915046711924435,2000,0,ok
llama,C_clean,26,llama_C_clean_L26,OR_mixed_vs_FF_auroc,pooled,all,0.981542743121193,0.9726401481166808,0.9890226895960107,2000,0,ok
llama,C_clean,26,llama_C_clean_L26,OR_mixed_vs_FF_auroc,topic,animal_class,0.9842529296875,0.9466647002551021,1.0,2000,0,ok
llama,C_clean,26,llama_C_clean_L26,OR_mixed_vs_FF_auroc,topic,cities,0.9905311134633575,0.9829902610561312,0.9959205197560342,2000,0,ok
llama,C_clean,26,llama_C_clean_L26,OR_mixed_vs_FF_auroc,topic,element_symb,0.9846643518518519,0.9310245641479064,1.0,2000,0,ok
llama,C_clean,26,llama_C_clean_L26,OR_mixed_vs_FF_auroc,topic,inventors,0.9642857142857143,0.9183143028846154,0.9947000535573568,2000,0,ok
llama,C_clean,26,llama_C_clean_L26,OR_mixed_vs_FF_auroc,topic,sp_en_trans,0.9463127162629758,0.9064411963481087,0.9830637869125419,2000,0,ok
llama,C_clean,26,llama_C_clean_L26,OR_mixed_vs_FF_auroc,topic_macro,all,0.97400936511028,0.9581518195230007,0.9872570067886651,2000,0,ok
llama,R0,27,llama_R0_L27,atomic_auroc,pooled,all,0.9999882828977175,0.9999540397837632,1.0,2000,0,ok
llama,R0,27,llama_R0_L27,atomic_auroc,topic,animal_class,1.0,1.0,1.0,2000,0,ok
llama,R0,27,llama_R0_L27,atomic_auroc,topic,cities,1.0,1.0,1.0,2000,0,ok
llama,R0,27,llama_R0_L27,atomic_auroc,topic,element_symb,0.9992283950617284,0.9969135802469136,1.0,2000,0,ok
llama,R0,27,llama_R0_L27,atomic_auroc,topic,inventors,1.0,1.0,1.0,2000,0,ok
llama,R0,27,llama_R0_L27,atomic_auroc,topic,sp_en_trans,1.0,1.0,1.0,2000,0,ok
llama,R0,27,llama_R0_L27,atomic_auroc,topic_macro,all,0.9998456790123458,0.9993827160493828,1.0,2000,0,ok
llama,R0,27,llama_R0_L27,AND_auroc,pooled,all,0.9518905020525328,0.9421757084117472,0.9624977517370656,2000,0,ok
llama,R0,27,llama_R0_L27,AND_auroc,topic,animal_class,0.9994303385416666,0.997287182125145,1.0,2000,0,ok
llama,R0,27,llama_R0_L27,AND_auroc,topic,cities,0.9877651907571731,0.9812497613165728,0.993223849714375,2000,0,ok
llama,R0,27,llama_R0_L27,AND_auroc,topic,element_symb,0.9830889917695473,0.9676841105849208,0.9974078147707756,2000,0,ok
llama,R0,27,llama_R0_L27,AND_auroc,topic,inventors,0.9331528529779258,0.8914618094912399,0.9727016666666667,2000,0,ok
llama,R0,27,llama_R0_L27,AND_auroc,topic,sp_en_trans,0.9891688292964245,0.9737152849302946,0.9979592781557067,2000,0,ok
llama,R0,27,llama_R0_L27,AND_auroc,topic_macro,all,0.9785212406685474,0.9699463302856262,0.9876399174513504,2000,0,ok
llama,R0,27,llama_R0_L27,OR_auroc,pooled,all,0.7390025533422779,0.7085827231956131,0.7638275118618612,2000,0,ok
llama,R0,27,llama_R0_L27,OR_auroc,topic,animal_class,0.88623046875,0.808549772028137,0.9612191259918532,2000,0,ok
llama,R0,27,llama_R0_L27,OR_auroc,topic,cities,0.6632330750867078,0.6202084011595277,0.703870795134552,2000,0,ok
llama,R0,27,llama_R0_L27,OR_auroc,topic,element_symb,0.8026620370370371,0.7499187235996326,0.8463605919292508,2000,0,ok
llama,R0,27,llama_R0_L27,OR_auroc,topic,inventors,0.8168818547827295,0.7584617580340264,0.8778658425497256,2000,0,ok
llama,R0,27,llama_R0_L27,OR_auroc,topic,sp_en_trans,0.8748197808535179,0.8464085552494642,0.9118049523141388,2000,0,ok
llama,R0,27,llama_R0_L27,OR_auroc,topic_macro,all,0.8087654433019985,0.7855824117088621,0.8354090046673734,2000,0,ok
llama,R0,27,llama_R0_L27,OR_mixed_vs_FF_auroc,pooled,all,0.6414875969291308,0.606889155261476,0.6697350746425658,2000,0,ok
llama,R0,27,llama_R0_L27,OR_mixed_vs_FF_auroc,topic,animal_class,0.8302001953125,0.715781019897094,0.9421492018082926,2000,0,ok
llama,R0,27,llama_R0_L27,OR_mixed_vs_FF_auroc,topic,cities,0.549427672176929,0.504396829789406,0.5945286451466626,2000,0,ok
llama,R0,27,llama_R0_L27,OR_mixed_vs_FF_auroc,topic,element_symb,0.7039930555555556,0.624878085399449,0.7695408878938763,2000,0,ok
llama,R0,27,llama_R0_L27,OR_mixed_vs_FF_auroc,topic,inventors,0.7414098292378176,0.6621907098583235,0.8215671560905596,2000,0,ok
llama,R0,27,llama_R0_L27,OR_mixed_vs_FF_auroc,topic,sp_en_trans,0.8122296712802768,0.7696128328741965,0.8677074284712083,2000,0,ok
llama,R0,27,llama_R0_L27,OR_mixed_vs_FF_auroc,topic_macro,all,0.7274520847126157,0.6945121261621202,0.7645482035760808,2000,0,ok
llama,C_clean,27,llama_C_clean_L27,atomic_auroc,pooled,all,0.6989173397490978,0.6832689301792478,0.7144446138466347,2000,0,ok
llama,C_clean,27,llama_C_clean_L27,atomic_auroc,topic,animal_class,0.93359375,0.8818359375,0.978515625,2000,0,ok
llama,C_clean,27,llama_C_clean_L27,atomic_auroc,topic,cities,0.6910499527048332,0.6778723368316742,0.7036512994910139,2000,0,ok
llama,C_clean,27,llama_C_clean_L27,atomic_auroc,topic,element_symb,0.6381172839506173,0.5756172839506173,0.7145254629629628,2000,0,ok
llama,C_clean,27,llama_C_clean_L27,atomic_auroc,topic,inventors,0.6199599019826242,0.5358543956043955,0.7005746668585567,2000,0,ok
llama,C_clean,27,llama_C_clean_L27,atomic_auroc,topic,sp_en_trans,0.722274347907675,0.6502915745742472,0.7894674004211694,2000,0,ok
llama,C_clean,27,llama_C_clean_L27,atomic_auroc,topic_macro,all,0.72099904730915,0.6924322284449231,0.7502396732056898,2000,0,ok
llama,C_clean,27,llama_C_clean_L27,AND_auroc,pooled,all,0.9892597450658482,0.9836001069996562,0.9939259048145771,2000,0,ok
llama,C_clean,27,llama_C_clean_L27,AND_auroc,topic,animal_class,0.9993489583333334,0.9947970704427047,1.0,2000,0,ok
llama,C_clean,27,llama_C_clean_L27,AND_auroc,topic,cities,0.9898568758164047,0.9822533839930055,0.9957148786915034,2000,0,ok
llama,C_clean,27,llama_C_clean_L27,AND_auroc,topic,element_symb,0.9997427983539094,0.9987137025289419,1.0,2000,0,ok
llama,C_clean,27,llama_C_clean_L27,AND_auroc,topic,inventors,0.9693530473413855,0.9363788847279614,0.991913999074424,2000,0,ok
llama,C_clean,27,llama_C_clean_L27,AND_auroc,topic,sp_en_trans,0.9848255478662054,0.9707299277735786,0.9973795124540863,2000,0,ok
llama,C_clean,27,llama_C_clean_L27,AND_auroc,topic_macro,all,0.9886254455422476,0.9817710912647931,0.9944722981426626,2000,0,ok
llama,C_clean,27,llama_C_clean_L27,OR_auroc,pooled,all,0.986222382252628,0.9793514470761763,0.9919269924629356,2000,0,ok
llama,C_clean,27,llama_C_clean_L27,OR_auroc,topic,animal_class,0.9912109375,0.9689936698304064,1.0,2000,0,ok
llama,C_clean,27,llama_C_clean_L27,OR_auroc,topic,cities,0.9931450159902707,0.9874507829814503,0.9969395845836027,2000,0,ok
llama,C_clean,27,llama_C_clean_L27,OR_auroc,topic,element_symb,0.9893904320987654,0.9503603549612899,1.0,2000,0,ok
llama,C_clean,27,llama_C_clean_L27,OR_auroc,topic,inventors,0.9715049285020131,0.9350983796296296,0.9957178485576923,2000,0,ok
llama,C_clean,27,llama_C_clean_L27,OR_auroc,topic,sp_en_trans,0.958387399077278,0.9290262157021291,0.9855425283446712,2000,0,ok
llama,C_clean,27,llama_C_clean_L27,OR_auroc,topic_macro,all,0.9807277426336654,0.9688186556046129,0.9905383075774891,2000,0,ok
llama,C_clean,27,llama_C_clean_L27,OR_mixed_vs_FF_auroc,pooled,all,0.979340538988122,0.969030478041842,0.9878904886944032,2000,0,ok
llama,C_clean,27,llama_C_clean_L27,OR_mixed_vs_FF_auroc,topic,animal_class,0.98681640625,0.9534905047456095,1.0,2000,0,ok
llama,C_clean,27,llama_C_clean_L27,OR_mixed_vs_FF_auroc,topic,cities,0.989717523985406,0.9811761744721755,0.9954093768754041,2000,0,ok
llama,C_clean,27,llama_C_clean_L27,OR_mixed_vs_FF_auroc,topic,element_symb,0.9841820987654321,0.9255405324419348,1.0,2000,0,ok
llama,C_clean,27,llama_C_clean_L27,OR_mixed_vs_FF_auroc,topic,inventors,0.9573615160349854,0.9031778016989895,0.9935767728365384,2000,0,ok
llama,C_clean,27,llama_C_clean_L27,OR_mixed_vs_FF_auroc,topic,sp_en_trans,0.937581098615917,0.8935393235531937,0.9783137925170068,2000,0,ok
llama,C_clean,27,llama_C_clean_L27,OR_mixed_vs_FF_auroc,topic_macro,all,0.971131728730348,0.9533016638411702,0.9858074613662338,2000,0,ok
llama,R0,28,llama_R0_L28,atomic_auroc,pooled,all,0.9999921885984784,0.9999648452093792,1.0,2000,0,ok
llama,R0,28,llama_R0_L28,atomic_auroc,topic,animal_class,1.0,1.0,1.0,2000,0,ok
llama,R0,28,llama_R0_L28,atomic_auroc,topic,cities,1.0,1.0,1.0,2000,0,ok
llama,R0,28,llama_R0_L28,atomic_auroc,topic,element_symb,0.9992283950617284,0.9969135802469136,1.0,2000,0,ok
llama,R0,28,llama_R0_L28,atomic_auroc,topic,inventors,1.0,1.0,1.0,2000,0,ok
llama,R0,28,llama_R0_L28,atomic_auroc,topic,sp_en_trans,1.0,1.0,1.0,2000,0,ok
llama,R0,28,llama_R0_L28,atomic_auroc,topic_macro,all,0.9998456790123458,0.9993827160493828,1.0,2000,0,ok
llama,R0,28,llama_R0_L28,AND_auroc,pooled,all,0.9589872075694382,0.9495340461794259,0.9688178082150194,2000,0,ok
llama,R0,28,llama_R0_L28,AND_auroc,topic,animal_class,0.9984537760416666,0.9937244719058606,1.0,2000,0,ok
llama,R0,28,llama_R0_L28,AND_auroc,topic,cities,0.9894993468762668,0.9834195069311877,0.9944404589669368,2000,0,ok
llama,R0,28,llama_R0_L28,AND_auroc,topic,element_symb,0.9830246913580247,0.9673305776014108,0.9972260016358873,2000,0,ok
llama,R0,28,llama_R0_L28,AND_auroc,topic,inventors,0.9368318756073858,0.8920082438016529,0.9748171076187073,2000,0,ok
llama,R0,28,llama_R0_L28,AND_auroc,topic,sp_en_trans,0.9901600346020761,0.9787473601439484,0.9977160071043055,2000,0,ok
llama,R0,28,llama_R0_L28,AND_auroc,topic_macro,all,0.979593944897084,0.9705250230726068,0.9886001686138974,2000,0,ok
llama,R0,28,llama_R0_L28,OR_auroc,pooled,all,0.7438420442741264,0.7120411391721163,0.7698506132149558,2000,0,ok
llama,R0,28,llama_R0_L28,OR_auroc,topic,animal_class,0.8955891927083334,0.819260179462797,0.9684442097569966,2000,0,ok
llama,R0,28,llama_R0_L28,OR_auroc,topic,cities,0.6647908127261535,0.6181694029917184,0.707194962297294,2000,0,ok
llama,R0,28,llama_R0_L28,OR_auroc,topic,element_symb,0.8217592592592593,0.7631817603305451,0.8746799045138888,2000,0,ok
llama,R0,28,llama_R0_L28,OR_auroc,topic,inventors,0.8381924198250729,0.7916299226648559,0.8927625868055555,2000,0,ok
llama,R0,28,llama_R0_L28,OR_auroc,topic,sp_en_trans,0.8798839388696655,0.8506426326593703,0.9160901305005328,2000,0,ok
llama,R0,28,llama_R0_L28,OR_auroc,topic_macro,all,0.8200431246776969,0.7977889685931887,0.8455959329204866,2000,0,ok
llama,R0,28,llama_R0_L28,OR_mixed_vs_FF_auroc,pooled,all,0.6494171392564587,0.614796331040412,0.6789716573714472,2000,0,ok
llama,R0,28,llama_R0_L28,OR_mixed_vs_FF_auroc,topic,animal_class,0.843994140625,0.7331083631286608,0.952666314635495,2000,0,ok
llama,R0,28,llama_R0_L28,OR_mixed_vs_FF_auroc,topic,cities,0.5562981397234359,0.5099815220471093,0.6025047343415533,2000,0,ok
llama,R0,28,llama_R0_L28,OR_mixed_vs_FF_auroc,topic,element_symb,0.7326388888888888,0.6447726404958176,0.8120198567708333,2000,0,ok
llama,R0,28,llama_R0_L28,OR_mixed_vs_FF_auroc,topic,inventors,0.767076218242399,0.7017866069224967,0.8432185562491209,2000,0,ok
llama,R0,28,llama_R0_L28,OR_mixed_vs_FF_auroc,topic,sp_en_trans,0.8198259083044983,0.7759639489890555,0.8741351957507992,2000,0,ok
llama,R0,28,llama_R0_L28,OR_mixed_vs_FF_auroc,topic_macro,all,0.7439666591568445,0.7126509126239764,0.7802766542317093,2000,0,ok
llama,C_clean,28,llama_C_clean_L28,atomic_auroc,pooled,all,0.7148018247433955,0.7006350887235404,0.7291122409611992,2000,0,ok
llama,C_clean,28,llama_C_clean_L28,atomic_auroc,topic,animal_class,0.9365234375,0.892578125,0.9755859375,2000,0,ok
llama,C_clean,28,llama_C_clean_L28,atomic_auroc,topic,cities,0.6910724742128733,0.677085773163371,0.7043168100536012,2000,0,ok
llama,C_clean,28,llama_C_clean_L28,atomic_auroc,topic,element_symb,0.6381172839506173,0.5709683641975308,0.7121913580246914,2000,0,ok
llama,C_clean,28,llama_C_clean_L28,atomic_auroc,topic,inventors,0.6745377589663623,0.6106379487179486,0.7350189780786874,2000,0,ok
llama,C_clean,28,llama_C_clean_L28,atomic_auroc,topic,sp_en_trans,0.7954588102833552,0.7353353083419663,0.8560017639331957,2000,0,ok
llama,C_clean,28,llama_C_clean_L28,atomic_auroc,topic_macro,all,0.7471419529826415,0.7222175459186246,0.7728652574063141,2000,0,ok
llama,C_clean,28,llama_C_clean_L28,AND_auroc,pooled,all,0.989448709540527,0.9839084498584287,0.9940418924400346,2000,0,ok
llama,C_clean,28,llama_C_clean_L28,AND_auroc,topic,animal_class,0.9994303385416666,0.9965313714455605,1.0,2000,0,ok
llama,C_clean,28,llama_C_clean_L28,AND_auroc,topic,cities,0.9909163250904613,0.9839189364522165,0.9962469264862731,2000,0,ok
llama,C_clean,28,llama_C_clean_L28,AND_auroc,topic,element_symb,0.9998713991769548,0.9990855052583447,1.0,2000,0,ok
llama,C_clean,28,llama_C_clean_L28,AND_auroc,topic,inventors,0.9721643759544634,0.9404156742127522,0.9926673779315648,2000,0,ok
llama,C_clean,28,llama_C_clean_L28,AND_auroc,topic,sp_en_trans,0.9819240196078431,0.9652046018030765,0.9963664611678004,2000,0,ok
llama,C_clean,28,llama_C_clean_L28,AND_auroc,topic_macro,all,0.9888612916742779,0.9819681771785672,0.9946327144926018,2000,0,ok
llama,C_clean,28,llama_C_clean_L28,OR_auroc,pooled,all,0.9850914530903729,0.9774103628625446,0.9913394105176067,2000,0,ok
llama,C_clean,28,llama_C_clean_L28,OR_auroc,topic,animal_class,0.9891764322916666,0.9614766919071223,1.0,2000,0,ok
llama,C_clean,28,llama_C_clean_L28,OR_auroc,topic,cities,0.9932801450385118,0.9867067425871725,0.9973558847012065,2000,0,ok
llama,C_clean,28,llama_C_clean_L28,OR_auroc,topic,element_symb,0.9860468106995884,0.9450991672145519,1.0,2000,0,ok
llama,C_clean,28,llama_C_clean_L28,OR_auroc,topic,inventors,0.9727197001249479,0.9389236970070609,0.9951073201571438,2000,0,ok
llama,C_clean,28,llama_C_clean_L28,OR_auroc,topic,sp_en_trans,0.9492863321799307,0.9175229282643723,0.9807585006665547,2000,0,ok
llama,C_clean,28,llama_C_clean_L28,OR_auroc,topic_macro,all,0.978101884066929,0.9655303796773201,0.9887701312792316,2000,0,ok
llama,C_clean,28,llama_C_clean_L28,OR_mixed_vs_FF_auroc,pooled,all,0.977649503405647,0.9661341081680027,0.9870092071466715,2000,0,ok
llama,C_clean,28,llama_C_clean_L28,OR_mixed_vs_FF_auroc,topic,animal_class,0.9837646484375,0.9422150378606835,1.0,2000,0,ok
llama,C_clean,28,llama_C_clean_L28,OR_mixed_vs_FF_auroc,topic,cities,0.9899202175577677,0.9800601138807588,0.9960338270518098,2000,0,ok
llama,C_clean,28,llama_C_clean_L28,OR_mixed_vs_FF_auroc,topic,element_symb,0.9791666666666666,0.9183948058390022,1.0,2000,0,ok
llama,C_clean,28,llama_C_clean_L28,OR_mixed_vs_FF_auroc,topic,inventors,0.9591836734693877,0.9088841003644694,0.9926609802357157,2000,0,ok
llama,C_clean,28,llama_C_clean_L28,OR_mixed_vs_FF_auroc,topic,sp_en_trans,0.9239835640138409,0.876416944328752,0.9711811263496173,2000,0,ok
llama,C_clean,28,llama_C_clean_L28,OR_mixed_vs_FF_auroc,topic_macro,all,0.9672037540290326,0.9485833675191759,0.9831831755689853,2000,0,ok
llama,R0,29,llama_R0_L29,atomic_auroc,pooled,all,0.9999804714961958,0.9999357027709044,1.0,2000,0,ok
llama,R0,29,llama_R0_L29,atomic_auroc,topic,animal_class,1.0,1.0,1.0,2000,0,ok
llama,R0,29,llama_R0_L29,atomic_auroc,topic,cities,1.0,1.0,1.0,2000,0,ok
llama,R0,29,llama_R0_L29,atomic_auroc,topic,element_symb,0.9992283950617284,0.9969135802469136,1.0,2000,0,ok
llama,R0,29,llama_R0_L29,atomic_auroc,topic,inventors,1.0,1.0,1.0,2000,0,ok
llama,R0,29,llama_R0_L29,atomic_auroc,topic,sp_en_trans,1.0,1.0,1.0,2000,0,ok
llama,R0,29,llama_R0_L29,atomic_auroc,topic_macro,all,0.9998456790123458,0.9993827160493828,1.0,2000,0,ok
llama,R0,29,llama_R0_L29,AND_auroc,pooled,all,0.9544099093113406,0.9446159990899817,0.9648867849375125,2000,0,ok
llama,R0,29,llama_R0_L29,AND_auroc,topic,animal_class,0.998291015625,0.9931960843650676,1.0,2000,0,ok
llama,R0,29,llama_R0_L29,AND_auroc,topic,cities,0.9915178370343678,0.9857984566138359,0.9958486814023689,2000,0,ok
llama,R0,29,llama_R0_L29,AND_auroc,topic,element_symb,0.9828960905349794,0.9625380463059313,0.9982166935179337,2000,0,ok
llama,R0,29,llama_R0_L29,AND_auroc,topic,inventors,0.9401985283909482,0.8974481109074931,0.9778072197925005,2000,0,ok
llama,R0,29,llama_R0_L29,AND_auroc,topic,sp_en_trans,0.9880694925028836,0.9745277041480654,0.9975108812043336,2000,0,ok
llama,R0,29,llama_R0_L29,AND_auroc,topic_macro,all,0.9801945928176357,0.9711184459223742,0.9894494977687516,2000,0,ok
llama,R0,29,llama_R0_L29,OR_auroc,pooled,all,0.7546376668709912,0.7235733349284781,0.7813426405737005,2000,0,ok
llama,R0,29,llama_R0_L29,OR_auroc,topic,animal_class,0.9130859375,0.838289161964699,0.9766698673982624,2000,0,ok
llama,R0,29,llama_R0_L29,OR_auroc,topic,cities,0.677140106301518,0.6321834442370813,0.7189555983962823,2000,0,ok
llama,R0,29,llama_R0_L29,OR_auroc,topic,element_symb,0.8150077160493827,0.7645609537760416,0.8671066947097952,2000,0,ok
llama,R0,29,llama_R0_L29,OR_auroc,topic,inventors,0.8426697209496044,0.7883491880160091,0.89773963382964,2000,0,ok
llama,R0,29,llama_R0_L29,OR_auroc,topic,sp_en_trans,0.8763696655132641,0.8481258281919374,0.9118052721088435,2000,0,ok
llama,R0,29,llama_R0_L29,OR_auroc,topic_macro,all,0.8248546292627538,0.8029236378771446,0.8487335322081024,2000,0,ok
llama,R0,29,llama_R0_L29,OR_mixed_vs_FF_auroc,pooled,all,0.6601211373018017,0.6245500752877564,0.6909946929491565,2000,0,ok
llama,R0,29,llama_R0_L29,OR_mixed_vs_FF_auroc,topic,animal_class,0.8697509765625,0.7589053683810764,0.9650048010973936,2000,0,ok
llama,R0,29,llama_R0_L29,OR_mixed_vs_FF_auroc,topic,cities,0.5668790257195622,0.5204886712646454,0.6132918147047053,2000,0,ok
llama,R0,29,llama_R0_L29,OR_mixed_vs_FF_auroc,topic,element_symb,0.7225115740740741,0.6468414306640625,0.8006600420646928,2000,0,ok
llama,R0,29,llama_R0_L29,OR_mixed_vs_FF_auroc,topic,inventors,0.7704081632653061,0.6928329637534598,0.8490763369021364,2000,0,ok
llama,R0,29,llama_R0_L29,OR_mixed_vs_FF_auroc,topic,sp_en_trans,0.8146085640138409,0.7722357224102573,0.8677079081632654,2000,0,ok
llama,R0,29,llama_R0_L29,OR_mixed_vs_FF_auroc,topic_macro,all,0.7488316607270565,0.718823401575715,0.7832889019801985,2000,0,ok
llama,C_clean,29,llama_C_clean_L29,atomic_auroc,pooled,all,0.7164305019606618,0.7021959305988156,0.7296755421542747,2000,0,ok
llama,C_clean,29,llama_C_clean_L29,atomic_auroc,topic,animal_class,0.9287109375,0.8857421875,0.970703125,2000,0,ok
llama,C_clean,29,llama_C_clean_L29,atomic_auroc,topic,cities,0.6947209585153822,0.6826378879329761,0.7063879442367461,2000,0,ok
llama,C_clean,29,llama_C_clean_L29,atomic_auroc,topic,element_symb,0.5810185185185185,0.5354938271604939,0.6381172839506173,2000,0,ok
llama,C_clean,29,llama_C_clean_L29,atomic_auroc,topic,inventors,0.6910224994430831,0.6168287871929571,0.7582454162615245,2000,0,ok
llama,C_clean,29,llama_C_clean_L29,atomic_auroc,topic,sp_en_trans,0.822293113154438,0.7623486637963759,0.8784018055555555,2000,0,ok
llama,C_clean,29,llama_C_clean_L29,atomic_auroc,topic_macro,all,0.7435532054262843,0.7200808545616775,0.7666587696088827,2000,0,ok
llama,C_clean,29,llama_C_clean_L29,AND_auroc,pooled,all,0.9880284396892552,0.982139470782768,0.9929340972171607,2000,0,ok
llama,C_clean,29,llama_C_clean_L29,AND_auroc,topic,animal_class,0.9989420572916666,0.9944499206834163,1.0,2000,0,ok
llama,C_clean,29,llama_C_clean_L29,AND_auroc,topic,cities,0.9908975571670946,0.984046580995014,0.9960704917859357,2000,0,ok
llama,C_clean,29,llama_C_clean_L29,AND_auroc,topic,element_symb,0.9998070987654321,0.9988109393579072,1.0,2000,0,ok
llama,C_clean,29,llama_C_clean_L29,AND_auroc,topic,inventors,0.9674788282660003,0.93296389351167,0.9906541777417808,2000,0,ok
llama,C_clean,29,llama_C_clean_L29,AND_auroc,topic,sp_en_trans,0.9724084486735871,0.9494264395055884,0.9933690025810982,2000,0,ok
llama,C_clean,29,llama_C_clean_L29,AND_auroc,topic_macro,all,0.985906798032756,0.9780340924082894,0.9929819255375628,2000,0,ok
llama,C_clean,29,llama_C_clean_L29,OR_auroc,pooled,all,0.9824677402992282,0.9737061495057968,0.9895179006353354,2000,0,ok
llama,C_clean,29,llama_C_clean_L29,OR_auroc,topic,animal_class,0.98828125,0.9589008782748637,1.0,2000,0,ok
llama,C_clean,29,llama_C_clean_L29,OR_auroc,topic,cities,0.9929057249673439,0.9864446787124698,0.9972329850420918,2000,0,ok
llama,C_clean,29,llama_C_clean_L29,OR_auroc,topic,element_symb,0.9866898148148148,0.9455309611023898,1.0,2000,0,ok
llama,C_clean,29,llama_C_clean_L29,OR_auroc,topic,inventors,0.9680688601971401,0.9279139539930555,0.9943060986014937,2000,0,ok
llama,C_clean,29,llama_C_clean_L29,OR_auroc,topic,sp_en_trans,0.9416450403690888,0.91127998376196,0.9750767359643562,2000,0,ok
llama,C_clean,29,llama_C_clean_L29,OR_auroc,topic_macro,all,0.9755181380696776,0.9623755426894987,0.9870206389885582,2000,0,ok
llama,C_clean,29,llama_C_clean_L29,OR_mixed_vs_FF_auroc,pooled,all,0.973728401253381,0.9606210922878228,0.9842820406266257,2000,0,ok
llama,C_clean,29,llama_C_clean_L29,OR_mixed_vs_FF_auroc,topic,animal_class,0.982421875,0.9383513174122955,1.0,2000,0,ok
llama,C_clean,29,llama_C_clean_L29,OR_mixed_vs_FF_auroc,topic,cities,0.9893585874510157,0.9796670180687046,0.9958494775631377,2000,0,ok
llama,C_clean,29,llama_C_clean_L29,OR_mixed_vs_FF_auroc,topic,element_symb,0.9802276234567902,0.9189773146446945,1.0,2000,0,ok
llama,C_clean,29,llama_C_clean_L29,OR_mixed_vs_FF_auroc,topic,inventors,0.9523635985006247,0.8931733260534406,0.9914591479022405,2000,0,ok
llama,C_clean,29,llama_C_clean_L29,OR_mixed_vs_FF_auroc,topic,sp_en_trans,0.9126027249134948,0.8674266466089179,0.9626539671480648,2000,0,ok
llama,C_clean,29,llama_C_clean_L29,OR_mixed_vs_FF_auroc,topic_macro,all,0.9633948818643849,0.9439440286693798,0.9805739871019346,2000,0,ok
llama,R0,30,llama_R0_L30,atomic_auroc,pooled,all,0.9999687543939133,0.9999043732797877,1.0,2000,0,ok
llama,R0,30,llama_R0_L30,atomic_auroc,topic,animal_class,1.0,1.0,1.0,2000,0,ok
llama,R0,30,llama_R0_L30,atomic_auroc,topic,cities,1.0,1.0,1.0,2000,0,ok
llama,R0,30,llama_R0_L30,atomic_auroc,topic,element_symb,0.9992283950617284,0.9969135802469136,1.0,2000,0,ok
llama,R0,30,llama_R0_L30,atomic_auroc,topic,inventors,1.0,1.0,1.0,2000,0,ok
llama,R0,30,llama_R0_L30,atomic_auroc,topic,sp_en_trans,1.0,1.0,1.0,2000,0,ok
llama,R0,30,llama_R0_L30,atomic_auroc,topic_macro,all,0.9998456790123458,0.9993827160493828,1.0,2000,0,ok
llama,R0,30,llama_R0_L30,AND_auroc,pooled,all,0.9485545110713893,0.9363793032083062,0.9607548118277732,2000,0,ok
llama,R0,30,llama_R0_L30,AND_auroc,topic,animal_class,0.99755859375,0.9914588960064635,1.0,2000,0,ok
llama,R0,30,llama_R0_L30,AND_auroc,topic,cities,0.977603298650211,0.964736770220465,0.9874643877626207,2000,0,ok
llama,R0,30,llama_R0_L30,AND_auroc,topic,element_symb,0.9835390946502057,0.9659124239117151,0.9979746773045552,2000,0,ok
llama,R0,30,llama_R0_L30,AND_auroc,topic,inventors,0.9422809940302652,0.8994330967078189,0.97967540368112,2000,0,ok
llama,R0,30,llama_R0_L30,AND_auroc,topic,sp_en_trans,0.9898716839677048,0.9780063162788857,0.9978665441449469,2000,0,ok
llama,R0,30,llama_R0_L30,AND_auroc,topic_macro,all,0.9781707330096774,0.9694274318459607,0.9875019625472352,2000,0,ok
llama,R0,30,llama_R0_L30,OR_auroc,pooled,all,0.7516792476284779,0.7206604096094428,0.7763349469882508,2000,0,ok
llama,R0,30,llama_R0_L30,OR_auroc,topic,animal_class,0.9117024739583334,0.837022132693105,0.9746412636384193,2000,0,ok
llama,R0,30,llama_R0_L30,OR_auroc,topic,cities,0.6805812050508235,0.6363145169204565,0.7211814540120745,2000,0,ok
llama,R0,30,llama_R0_L30,OR_auroc,topic,element_symb,0.8080632716049383,0.7425710454324235,0.8668540201082863,2000,0,ok
llama,R0,30,llama_R0_L30,OR_auroc,topic,inventors,0.8020269332222685,0.7554546087766261,0.854798305930359,2000,0,ok
llama,R0,30,llama_R0_L30,OR_auroc,topic,sp_en_trans,0.8903186274509803,0.861031895976346,0.9257593398197282,2000,0,ok
llama,R0,30,llama_R0_L30,OR_auroc,topic_macro,all,0.8185385022574689,0.79528485499863,0.8419748215478604,2000,0,ok
llama,R0,30,llama_R0_L30,OR_mixed_vs_FF_auroc,pooled,all,0.6548208445318896,0.6212462504937865,0.6839555781796542,2000,0,ok
llama,R0,30,llama_R0_L30,OR_mixed_vs_FF_auroc,topic,animal_class,0.867919921875,0.756648495301559,0.9619662237124765,2000,0,ok
llama,R0,30,llama_R0_L30,OR_mixed_vs_FF_auroc,topic,cities,0.5668748029368047,0.5218756558573792,0.610468647266033,2000,0,ok
llama,R0,30,llama_R0_L30,OR_mixed_vs_FF_auroc,topic,element_symb,0.7121913580246914,0.6138565681486352,0.8002810301624296,2000,0,ok
llama,R0,30,llama_R0_L30,OR_mixed_vs_FF_auroc,topic,inventors,0.7243856726364015,0.6599342001094586,0.7905692378763295,2000,0,ok
llama,R0,30,llama_R0_L30,OR_mixed_vs_FF_auroc,topic,sp_en_trans,0.8354779411764706,0.791547843964519,0.8886390097295923,2000,0,ok
llama,R0,30,llama_R0_L30,OR_mixed_vs_FF_auroc,topic_macro,all,0.7413699393298736,0.708466454500224,0.7750237034071745,2000,0,ok
llama,C_clean,30,llama_C_clean_L30,atomic_auroc,pooled,all,0.7282218125576091,0.7159965465146738,0.7401893070402159,2000,0,ok
llama,C_clean,30,llama_C_clean_L30,atomic_auroc,topic,animal_class,0.9453125,0.8974609375,0.986328125,2000,0,ok
llama,C_clean,30,llama_C_clean_L30,atomic_auroc,topic,cities,0.6984370073420116,0.6856101639565786,0.7108933719201838,2000,0,ok
llama,C_clean,30,llama_C_clean_L30,atomic_auroc,topic,element_symb,0.595679012345679,0.5416473765432098,0.6612654320987654,2000,0,ok
llama,C_clean,30,llama_C_clean_L30,atomic_auroc,topic,inventors,0.7215415460013366,0.6717938376706222,0.7708902788011721,2000,0,ok
llama,C_clean,30,llama_C_clean_L30,atomic_auroc,topic,sp_en_trans,0.8412460123850629,0.7883354569095623,0.8930413960452619,2000,0,ok
llama,C_clean,30,llama_C_clean_L30,atomic_auroc,topic_macro,all,0.760443215614818,0.7399311898741868,0.7823559873707797,2000,0,ok
llama,C_clean,30,llama_C_clean_L30,AND_auroc,pooled,all,0.9849296366309599,0.9779142225317299,0.9908137635048476,2000,0,ok
llama,C_clean,30,llama_C_clean_L30,AND_auroc,topic,animal_class,0.99951171875,0.9972250817784947,1.0,2000,0,ok
llama,C_clean,30,llama_C_clean_L30,AND_auroc,topic,cities,0.986784566761257,0.9781000961393609,0.9933675576126146,2000,0,ok
llama,C_clean,30,llama_C_clean_L30,AND_auroc,topic,element_symb,1.0,1.0,1.0,2000,0,ok
llama,C_clean,30,llama_C_clean_L30,AND_auroc,topic,inventors,0.9621685408857421,0.9279462524654832,0.9894338439697135,2000,0,ok
llama,C_clean,30,llama_C_clean_L30,AND_auroc,topic,sp_en_trans,0.9726967993079585,0.9495805565197847,0.9927525078829189,2000,0,ok
llama,C_clean,30,llama_C_clean_L30,AND_auroc,topic_macro,all,0.9842323251409916,0.9758643796771953,0.9916534766298434,2000,0,ok
llama,C_clean,30,llama_C_clean_L30,OR_auroc,pooled,all,0.9792306966895139,0.9695348982459117,0.9867419025978443,2000,0,ok
llama,C_clean,30,llama_C_clean_L30,OR_auroc,topic,animal_class,0.9886067708333334,0.9515203475080019,1.0,2000,0,ok
llama,C_clean,30,llama_C_clean_L30,OR_auroc,topic,cities,0.9895706649850607,0.98303397077658,0.9950920891076238,2000,0,ok
llama,C_clean,30,llama_C_clean_L30,OR_auroc,topic,element_symb,0.98559670781893,0.9483619470164609,1.0,2000,0,ok
llama,C_clean,30,llama_C_clean_L30,OR_auroc,topic,inventors,0.9648757462168541,0.9202836136732306,0.993153540004139,2000,0,ok
llama,C_clean,30,llama_C_clean_L30,OR_auroc,topic,sp_en_trans,0.9396986735870819,0.9133870712817618,0.9724464697559936,2000,0,ok
llama,C_clean,30,llama_C_clean_L30,OR_auroc,topic_macro,all,0.973669712688252,0.9603271303469039,0.9849520628454754,2000,0,ok
llama,C_clean,30,llama_C_clean_L30,OR_mixed_vs_FF_auroc,pooled,all,0.9688798014479894,0.9543946159327463,0.9801223358319242,2000,0,ok
llama,C_clean,30,llama_C_clean_L30,OR_mixed_vs_FF_auroc,topic,animal_class,0.98291015625,0.9272805212620027,1.0,2000,0,ok
llama,C_clean,30,llama_C_clean_L30,OR_mixed_vs_FF_auroc,topic,cities,0.9843559974775911,0.97455095616487,0.9926381336614357,2000,0,ok
llama,C_clean,30,llama_C_clean_L30,OR_mixed_vs_FF_auroc,topic,element_symb,0.9783950617283951,0.9225429205246913,1.0,2000,0,ok
llama,C_clean,30,llama_C_clean_L30,OR_mixed_vs_FF_auroc,topic,inventors,0.9478862973760933,0.8827658242984694,0.9897303100062085,2000,0,ok
llama,C_clean,30,llama_C_clean_L30,OR_mixed_vs_FF_auroc,topic,sp_en_trans,0.9096561418685121,0.870133483640369,0.9586697046339903,2000,0,ok
llama,C_clean,30,llama_C_clean_L30,OR_mixed_vs_FF_auroc,topic_macro,all,0.9606407309401185,0.9410992214903287,0.9774443829841297,2000,0,ok
llama,R0,31,llama_R0_L31,atomic_auroc,pooled,all,0.999976565795435,0.9999073557515614,1.0,2000,0,ok
llama,R0,31,llama_R0_L31,atomic_auroc,topic,animal_class,1.0,1.0,1.0,2000,0,ok
llama,R0,31,llama_R0_L31,atomic_auroc,topic,cities,1.0,1.0,1.0,2000,0,ok
llama,R0,31,llama_R0_L31,atomic_auroc,topic,element_symb,0.9992283950617284,0.9969135802469136,1.0,2000,0,ok
llama,R0,31,llama_R0_L31,atomic_auroc,topic,inventors,1.0,1.0,1.0,2000,0,ok
llama,R0,31,llama_R0_L31,atomic_auroc,topic,sp_en_trans,1.0,1.0,1.0,2000,0,ok
llama,R0,31,llama_R0_L31,atomic_auroc,topic_macro,all,0.9998456790123458,0.9993827160493828,1.0,2000,0,ok
llama,R0,31,llama_R0_L31,AND_auroc,pooled,all,0.970595841781367,0.9612137514784403,0.9796790668228544,2000,0,ok
llama,R0,31,llama_R0_L31,AND_auroc,topic,animal_class,0.9962565104166666,0.9858252558726899,1.0,2000,0,ok
llama,R0,31,llama_R0_L31,AND_auroc,topic,cities,0.9930568067504467,0.9876329826580221,0.9971054450343798,2000,0,ok
llama,R0,31,llama_R0_L31,AND_auroc,topic,element_symb,0.9895190329218106,0.9766580374753451,0.9997121914648213,2000,0,ok
llama,R0,31,llama_R0_L31,AND_auroc,topic,inventors,0.9302374010828821,0.8820319898410456,0.9711650566851243,2000,0,ok
llama,R0,31,llama_R0_L31,AND_auroc,topic,sp_en_trans,0.9841046712802768,0.9662373717226945,0.9959225708884688,2000,0,ok
llama,R0,31,llama_R0_L31,AND_auroc,topic_macro,all,0.9786348844904165,0.9682969221724774,0.988230927128133,2000,0,ok
llama,R0,31,llama_R0_L31,OR_auroc,pooled,all,0.7403156599753953,0.7143068588437241,0.762877940266677,2000,0,ok
llama,R0,31,llama_R0_L31,OR_auroc,topic,animal_class,0.912841796875,0.84810728239341,0.9713910423170309,2000,0,ok
llama,R0,31,llama_R0_L31,OR_auroc,topic,cities,0.7064265123192649,0.6697577229288268,0.7406563797345437,2000,0,ok
llama,R0,31,llama_R0_L31,OR_auroc,topic,element_symb,0.772119341563786,0.7230353154051626,0.8133803225271828,2000,0,ok
llama,R0,31,llama_R0_L31,OR_auroc,topic,inventors,0.7007496876301541,0.6497958385477068,0.7567084234429065,2000,0,ok
llama,R0,31,llama_R0_L31,OR_auroc,topic,sp_en_trans,0.8950944348327566,0.8586901547526548,0.9324663533914458,2000,0,ok
llama,R0,31,llama_R0_L31,OR_auroc,topic_macro,all,0.7974463546441923,0.7766252452536114,0.820216540509669,2000,0,ok
llama,R0,31,llama_R0_L31,OR_mixed_vs_FF_auroc,pooled,all,0.6371394493525199,0.6072980204679952,0.6636534985330389,2000,0,ok
llama,R0,31,llama_R0_L31,OR_mixed_vs_FF_auroc,topic,animal_class,0.869384765625,0.7727249345304901,0.9570865634755462,2000,0,ok
llama,R0,31,llama_R0_L31,OR_mixed_vs_FF_auroc,topic,cities,0.5868936083960182,0.5463045279876193,0.6276275240114182,2000,0,ok
llama,R0,31,llama_R0_L31,OR_mixed_vs_FF_auroc,topic,element_symb,0.6587577160493827,0.584749858276644,0.7208252544878593,2000,0,ok
llama,R0,31,llama_R0_L31,OR_mixed_vs_FF_auroc,topic,inventors,0.6233860891295293,0.5637100906935122,0.6813550692041522,2000,0,ok
llama,R0,31,llama_R0_L31,OR_mixed_vs_FF_auroc,topic,sp_en_trans,0.8427227508650519,0.788045484409404,0.8986995300871687,2000,0,ok
llama,R0,31,llama_R0_L31,OR_mixed_vs_FF_auroc,topic_macro,all,0.7162289860129964,0.6881250656769552,0.7471980578378792,2000,0,ok
llama,C_clean,31,llama_C_clean_L31,atomic_auroc,pooled,all,0.7381266696870753,0.7239505140897704,0.7520754671232196,2000,0,ok
llama,C_clean,31,llama_C_clean_L31,atomic_auroc,topic,animal_class,0.9375,0.900390625,0.974609375,2000,0,ok
llama,C_clean,31,llama_C_clean_L31,atomic_auroc,topic,cities,0.7304513310211251,0.7176135084005225,0.743694540786451,2000,0,ok
llama,C_clean,31,llama_C_clean_L31,atomic_auroc,topic,element_symb,0.5763888888888888,0.5208333333333334,0.6373456790123457,2000,0,ok
llama,C_clean,31,llama_C_clean_L31,atomic_auroc,topic,inventors,0.6607262196480285,0.5867346938775511,0.7319367857525279,2000,0,ok
llama,C_clean,31,llama_C_clean_L31,atomic_auroc,topic,sp_en_trans,0.821917808219178,0.7731717471733219,0.8720408163265306,2000,0,ok
llama,C_clean,31,llama_C_clean_L31,atomic_auroc,topic_macro,all,0.7453968495554442,0.723234548628438,0.7677149017506245,2000,0,ok
llama,C_clean,31,llama_C_clean_L31,AND_auroc,pooled,all,0.980351623951408,0.9714196564069415,0.9876438782419854,2000,0,ok
llama,C_clean,31,llama_C_clean_L31,AND_auroc,topic,animal_class,0.9989420572916666,0.9925,1.0,2000,0,ok
llama,C_clean,31,llama_C_clean_L31,AND_auroc,topic,cities,0.9861417653859436,0.9777241392539217,0.9928667148173931,2000,0,ok
llama,C_clean,31,llama_C_clean_L31,AND_auroc,topic,element_symb,0.9983924897119342,0.99312429117357,1.0,2000,0,ok
llama,C_clean,31,llama_C_clean_L31,AND_auroc,topic,inventors,0.9542551714563376,0.9110572210016551,0.987339190666622,2000,0,ok
llama,C_clean,31,llama_C_clean_L31,AND_auroc,topic,sp_en_trans,0.9512867647058824,0.9100074906063613,0.9860534076335794,2000,0,ok
llama,C_clean,31,llama_C_clean_L31,AND_auroc,topic_macro,all,0.9778036497103528,0.9663015588799261,0.9886143795278632,2000,0,ok
llama,C_clean,31,llama_C_clean_L31,OR_auroc,pooled,all,0.9747373429523037,0.9642309408231959,0.983386824754446,2000,0,ok
llama,C_clean,31,llama_C_clean_L31,OR_auroc,topic,animal_class,0.986083984375,0.9474648998488284,1.0,2000,0,ok
llama,C_clean,31,llama_C_clean_L31,OR_auroc,topic,cities,0.9863519661276519,0.9774582476792281,0.9933265834275348,2000,0,ok
llama,C_clean,31,llama_C_clean_L31,OR_auroc,topic,element_symb,0.9799382716049383,0.933066530612245,1.0,2000,0,ok
llama,C_clean,31,llama_C_clean_L31,OR_auroc,topic,inventors,0.9632097737054005,0.9256988183585727,0.9897253019650262,2000,0,ok
llama,C_clean,31,llama_C_clean_L31,OR_auroc,topic,sp_en_trans,0.9259299307958477,0.8939102150247914,0.9633026513769076,2000,0,ok
llama,C_clean,31,llama_C_clean_L31,OR_auroc,topic_macro,all,0.9683027853217677,0.9536972014759556,0.9810285113880134,2000,0,ok
llama,C_clean,31,llama_C_clean_L31,OR_mixed_vs_FF_auroc,pooled,all,0.9622035329569761,0.9465292953987358,0.9750826969521115,2000,0,ok
llama,C_clean,31,llama_C_clean_L31,OR_mixed_vs_FF_auroc,topic,animal_class,0.9791259765625,0.9211973497732426,1.0,2000,0,ok
llama,C_clean,31,llama_C_clean_L31,OR_mixed_vs_FF_auroc,topic,cities,0.9795293567857304,0.9661873715188423,0.9899898751413022,2000,0,ok
llama,C_clean,31,llama_C_clean_L31,OR_mixed_vs_FF_auroc,topic,element_symb,0.9708719135802469,0.9033203125,1.0,2000,0,ok
llama,C_clean,31,llama_C_clean_L31,OR_mixed_vs_FF_auroc,topic,inventors,0.9453352769679301,0.891977240114796,0.9845879529475392,2000,0,ok
llama,C_clean,31,llama_C_clean_L31,OR_mixed_vs_FF_auroc,topic,sp_en_trans,0.8895166522491349,0.8438362905825364,0.9450278914609342,2000,0,ok
llama,C_clean,31,llama_C_clean_L31,OR_mixed_vs_FF_auroc,topic_macro,all,0.9528758352291085,0.9318962526091957,0.9716177054694202,2000,0,ok
