fit_id,model,layer,sample_seed,fold,status,fit_json,fit_json_sha256,reason
llama/B25_11/L00/repair/fold=0,llama,0,11,0,unrun_after_validity_halt,,,four failed frozen raw-LR validity checks block full stage
llama/B25_11/L00/repair/fold=1,llama,0,11,1,unrun_after_validity_halt,,,four failed frozen raw-LR validity checks block full stage
llama/B25_11/L00/repair/fold=2,llama,0,11,2,unrun_after_validity_halt,,,four failed frozen raw-LR validity checks block full stage
llama/B25_11/L00/repair/fold=3,llama,0,11,3,unrun_after_validity_halt,,,four failed frozen raw-LR validity checks block full stage
llama/B25_11/L00/repair/fold=4,llama,0,11,4,unrun_after_validity_halt,,,four failed frozen raw-LR validity checks block full stage
llama/B25_23/L00/repair/fold=0,llama,0,23,0,unrun_after_validity_halt,,,four failed frozen raw-LR validity checks block full stage
llama/B25_23/L00/repair/fold=1,llama,0,23,1,unrun_after_validity_halt,,,four failed frozen raw-LR validity checks block full stage
llama/B25_23/L00/repair/fold=2,llama,0,23,2,unrun_after_validity_halt,,,four failed frozen raw-LR validity checks block full stage
llama/B25_23/L00/repair/fold=3,llama,0,23,3,unrun_after_validity_halt,,,four failed frozen raw-LR validity checks block full stage
llama/B25_23/L00/repair/fold=4,llama,0,23,4,unrun_after_validity_halt,,,four failed frozen raw-LR validity checks block full stage
llama/B25_37/L00/repair/fold=0,llama,0,37,0,unrun_after_validity_halt,,,four failed frozen raw-LR validity checks block full stage
llama/B25_37/L00/repair/fold=1,llama,0,37,1,unrun_after_validity_halt,,,four failed frozen raw-LR validity checks block full stage
llama/B25_37/L00/repair/fold=2,llama,0,37,2,unrun_after_validity_halt,,,four failed frozen raw-LR validity checks block full stage
llama/B25_37/L00/repair/fold=3,llama,0,37,3,unrun_after_validity_halt,,,four failed frozen raw-LR validity checks block full stage
llama/B25_37/L00/repair/fold=4,llama,0,37,4,unrun_after_validity_halt,,,four failed frozen raw-LR validity checks block full stage
llama/B25_11/L01/repair/fold=0,llama,1,11,0,unrun_after_validity_halt,,,four failed frozen raw-LR validity checks block full stage
llama/B25_11/L01/repair/fold=1,llama,1,11,1,unrun_after_validity_halt,,,four failed frozen raw-LR validity checks block full stage
llama/B25_11/L01/repair/fold=2,llama,1,11,2,unrun_after_validity_halt,,,four failed frozen raw-LR validity checks block full stage
llama/B25_11/L01/repair/fold=3,llama,1,11,3,unrun_after_validity_halt,,,four failed frozen raw-LR validity checks block full stage
llama/B25_11/L01/repair/fold=4,llama,1,11,4,unrun_after_validity_halt,,,four failed frozen raw-LR validity checks block full stage
llama/B25_23/L01/repair/fold=0,llama,1,23,0,unrun_after_validity_halt,,,four failed frozen raw-LR validity checks block full stage
llama/B25_23/L01/repair/fold=1,llama,1,23,1,unrun_after_validity_halt,,,four failed frozen raw-LR validity checks block full stage
llama/B25_23/L01/repair/fold=2,llama,1,23,2,unrun_after_validity_halt,,,four failed frozen raw-LR validity checks block full stage
llama/B25_23/L01/repair/fold=3,llama,1,23,3,unrun_after_validity_halt,,,four failed frozen raw-LR validity checks block full stage
llama/B25_23/L01/repair/fold=4,llama,1,23,4,unrun_after_validity_halt,,,four failed frozen raw-LR validity checks block full stage
llama/B25_37/L01/repair/fold=0,llama,1,37,0,unrun_after_validity_halt,,,four failed frozen raw-LR validity checks block full stage
llama/B25_37/L01/repair/fold=1,llama,1,37,1,unrun_after_validity_halt,,,four failed frozen raw-LR validity checks block full stage
llama/B25_37/L01/repair/fold=2,llama,1,37,2,unrun_after_validity_halt,,,four failed frozen raw-LR validity checks block full stage
llama/B25_37/L01/repair/fold=3,llama,1,37,3,unrun_after_validity_halt,,,four failed frozen raw-LR validity checks block full stage
llama/B25_37/L01/repair/fold=4,llama,1,37,4,unrun_after_validity_halt,,,four failed frozen raw-LR validity checks block full stage
llama/B25_11/L02/repair/fold=0,llama,2,11,0,unrun_after_validity_halt,,,four failed frozen raw-LR validity checks block full stage
llama/B25_11/L02/repair/fold=1,llama,2,11,1,unrun_after_validity_halt,,,four failed frozen raw-LR validity checks block full stage
llama/B25_11/L02/repair/fold=2,llama,2,11,2,unrun_after_validity_halt,,,four failed frozen raw-LR validity checks block full stage
llama/B25_11/L02/repair/fold=3,llama,2,11,3,unrun_after_validity_halt,,,four failed frozen raw-LR validity checks block full stage
llama/B25_11/L02/repair/fold=4,llama,2,11,4,unrun_after_validity_halt,,,four failed frozen raw-LR validity checks block full stage
llama/B25_23/L02/repair/fold=0,llama,2,23,0,unrun_after_validity_halt,,,four failed frozen raw-LR validity checks block full stage
llama/B25_23/L02/repair/fold=1,llama,2,23,1,unrun_after_validity_halt,,,four failed frozen raw-LR validity checks block full stage
llama/B25_23/L02/repair/fold=2,llama,2,23,2,unrun_after_validity_halt,,,four failed frozen raw-LR validity checks block full stage
llama/B25_23/L02/repair/fold=3,llama,2,23,3,unrun_after_validity_halt,,,four failed frozen raw-LR validity checks block full stage
llama/B25_23/L02/repair/fold=4,llama,2,23,4,unrun_after_validity_halt,,,four failed frozen raw-LR validity checks block full stage
llama/B25_37/L02/repair/fold=0,llama,2,37,0,unrun_after_validity_halt,,,four failed frozen raw-LR validity checks block full stage
llama/B25_37/L02/repair/fold=1,llama,2,37,1,unrun_after_validity_halt,,,four failed frozen raw-LR validity checks block full stage
llama/B25_37/L02/repair/fold=2,llama,2,37,2,unrun_after_validity_halt,,,four failed frozen raw-LR validity checks block full stage
llama/B25_37/L02/repair/fold=3,llama,2,37,3,unrun_after_validity_halt,,,four failed frozen raw-LR validity checks block full stage
llama/B25_37/L02/repair/fold=4,llama,2,37,4,unrun_after_validity_halt,,,four failed frozen raw-LR validity checks block full stage
llama/B25_11/L03/repair/fold=0,llama,3,11,0,unrun_after_validity_halt,,,four failed frozen raw-LR validity checks block full stage
llama/B25_11/L03/repair/fold=1,llama,3,11,1,unrun_after_validity_halt,,,four failed frozen raw-LR validity checks block full stage
llama/B25_11/L03/repair/fold=2,llama,3,11,2,unrun_after_validity_halt,,,four failed frozen raw-LR validity checks block full stage
llama/B25_11/L03/repair/fold=3,llama,3,11,3,unrun_after_validity_halt,,,four failed frozen raw-LR validity checks block full stage
llama/B25_11/L03/repair/fold=4,llama,3,11,4,unrun_after_validity_halt,,,four failed frozen raw-LR validity checks block full stage
llama/B25_23/L03/repair/fold=0,llama,3,23,0,unrun_after_validity_halt,,,four failed frozen raw-LR validity checks block full stage
llama/B25_23/L03/repair/fold=1,llama,3,23,1,unrun_after_validity_halt,,,four failed frozen raw-LR validity checks block full stage
llama/B25_23/L03/repair/fold=2,llama,3,23,2,unrun_after_validity_halt,,,four failed frozen raw-LR validity checks block full stage
llama/B25_23/L03/repair/fold=3,llama,3,23,3,unrun_after_validity_halt,,,four failed frozen raw-LR validity checks block full stage
llama/B25_23/L03/repair/fold=4,llama,3,23,4,unrun_after_validity_halt,,,four failed frozen raw-LR validity checks block full stage
llama/B25_37/L03/repair/fold=0,llama,3,37,0,unrun_after_validity_halt,,,four failed frozen raw-LR validity checks block full stage
llama/B25_37/L03/repair/fold=1,llama,3,37,1,unrun_after_validity_halt,,,four failed frozen raw-LR validity checks block full stage
llama/B25_37/L03/repair/fold=2,llama,3,37,2,unrun_after_validity_halt,,,four failed frozen raw-LR validity checks block full stage
llama/B25_37/L03/repair/fold=3,llama,3,37,3,unrun_after_validity_halt,,,four failed frozen raw-LR validity checks block full stage
llama/B25_37/L03/repair/fold=4,llama,3,37,4,unrun_after_validity_halt,,,four failed frozen raw-LR validity checks block full stage
llama/B25_11/L04/repair/fold=0,llama,4,11,0,unrun_after_validity_halt,,,four failed frozen raw-LR validity checks block full stage
llama/B25_11/L04/repair/fold=1,llama,4,11,1,unrun_after_validity_halt,,,four failed frozen raw-LR validity checks block full stage
llama/B25_11/L04/repair/fold=2,llama,4,11,2,unrun_after_validity_halt,,,four failed frozen raw-LR validity checks block full stage
llama/B25_11/L04/repair/fold=3,llama,4,11,3,unrun_after_validity_halt,,,four failed frozen raw-LR validity checks block full stage
llama/B25_11/L04/repair/fold=4,llama,4,11,4,unrun_after_validity_halt,,,four failed frozen raw-LR validity checks block full stage
llama/B25_23/L04/repair/fold=0,llama,4,23,0,unrun_after_validity_halt,,,four failed frozen raw-LR validity checks block full stage
llama/B25_23/L04/repair/fold=1,llama,4,23,1,unrun_after_validity_halt,,,four failed frozen raw-LR validity checks block full stage
llama/B25_23/L04/repair/fold=2,llama,4,23,2,unrun_after_validity_halt,,,four failed frozen raw-LR validity checks block full stage
llama/B25_23/L04/repair/fold=3,llama,4,23,3,unrun_after_validity_halt,,,four failed frozen raw-LR validity checks block full stage
llama/B25_23/L04/repair/fold=4,llama,4,23,4,unrun_after_validity_halt,,,four failed frozen raw-LR validity checks block full stage
llama/B25_37/L04/repair/fold=0,llama,4,37,0,unrun_after_validity_halt,,,four failed frozen raw-LR validity checks block full stage
llama/B25_37/L04/repair/fold=1,llama,4,37,1,unrun_after_validity_halt,,,four failed frozen raw-LR validity checks block full stage
llama/B25_37/L04/repair/fold=2,llama,4,37,2,unrun_after_validity_halt,,,four failed frozen raw-LR validity checks block full stage
llama/B25_37/L04/repair/fold=3,llama,4,37,3,unrun_after_validity_halt,,,four failed frozen raw-LR validity checks block full stage
llama/B25_37/L04/repair/fold=4,llama,4,37,4,unrun_after_validity_halt,,,four failed frozen raw-LR validity checks block full stage
llama/B25_11/L05/repair/fold=0,llama,5,11,0,unrun_after_validity_halt,,,four failed frozen raw-LR validity checks block full stage
llama/B25_11/L05/repair/fold=1,llama,5,11,1,unrun_after_validity_halt,,,four failed frozen raw-LR validity checks block full stage
llama/B25_11/L05/repair/fold=2,llama,5,11,2,unrun_after_validity_halt,,,four failed frozen raw-LR validity checks block full stage
llama/B25_11/L05/repair/fold=3,llama,5,11,3,unrun_after_validity_halt,,,four failed frozen raw-LR validity checks block full stage
llama/B25_11/L05/repair/fold=4,llama,5,11,4,unrun_after_validity_halt,,,four failed frozen raw-LR validity checks block full stage
llama/B25_23/L05/repair/fold=0,llama,5,23,0,unrun_after_validity_halt,,,four failed frozen raw-LR validity checks block full stage
llama/B25_23/L05/repair/fold=1,llama,5,23,1,unrun_after_validity_halt,,,four failed frozen raw-LR validity checks block full stage
llama/B25_23/L05/repair/fold=2,llama,5,23,2,unrun_after_validity_halt,,,four failed frozen raw-LR validity checks block full stage
llama/B25_23/L05/repair/fold=3,llama,5,23,3,unrun_after_validity_halt,,,four failed frozen raw-LR validity checks block full stage
llama/B25_23/L05/repair/fold=4,llama,5,23,4,unrun_after_validity_halt,,,four failed frozen raw-LR validity checks block full stage
llama/B25_37/L05/repair/fold=0,llama,5,37,0,unrun_after_validity_halt,,,four failed frozen raw-LR validity checks block full stage
llama/B25_37/L05/repair/fold=1,llama,5,37,1,unrun_after_validity_halt,,,four failed frozen raw-LR validity checks block full stage
llama/B25_37/L05/repair/fold=2,llama,5,37,2,unrun_after_validity_halt,,,four failed frozen raw-LR validity checks block full stage
llama/B25_37/L05/repair/fold=3,llama,5,37,3,unrun_after_validity_halt,,,four failed frozen raw-LR validity checks block full stage
llama/B25_37/L05/repair/fold=4,llama,5,37,4,unrun_after_validity_halt,,,four failed frozen raw-LR validity checks block full stage
llama/B25_11/L06/repair/fold=0,llama,6,11,0,unrun_after_validity_halt,,,four failed frozen raw-LR validity checks block full stage
llama/B25_11/L06/repair/fold=1,llama,6,11,1,unrun_after_validity_halt,,,four failed frozen raw-LR validity checks block full stage
llama/B25_11/L06/repair/fold=2,llama,6,11,2,unrun_after_validity_halt,,,four failed frozen raw-LR validity checks block full stage
llama/B25_11/L06/repair/fold=3,llama,6,11,3,unrun_after_validity_halt,,,four failed frozen raw-LR validity checks block full stage
llama/B25_11/L06/repair/fold=4,llama,6,11,4,unrun_after_validity_halt,,,four failed frozen raw-LR validity checks block full stage
llama/B25_23/L06/repair/fold=0,llama,6,23,0,unrun_after_validity_halt,,,four failed frozen raw-LR validity checks block full stage
llama/B25_23/L06/repair/fold=1,llama,6,23,1,unrun_after_validity_halt,,,four failed frozen raw-LR validity checks block full stage
llama/B25_23/L06/repair/fold=2,llama,6,23,2,unrun_after_validity_halt,,,four failed frozen raw-LR validity checks block full stage
llama/B25_23/L06/repair/fold=3,llama,6,23,3,unrun_after_validity_halt,,,four failed frozen raw-LR validity checks block full stage
llama/B25_23/L06/repair/fold=4,llama,6,23,4,unrun_after_validity_halt,,,four failed frozen raw-LR validity checks block full stage
llama/B25_37/L06/repair/fold=0,llama,6,37,0,unrun_after_validity_halt,,,four failed frozen raw-LR validity checks block full stage
llama/B25_37/L06/repair/fold=1,llama,6,37,1,unrun_after_validity_halt,,,four failed frozen raw-LR validity checks block full stage
llama/B25_37/L06/repair/fold=2,llama,6,37,2,unrun_after_validity_halt,,,four failed frozen raw-LR validity checks block full stage
llama/B25_37/L06/repair/fold=3,llama,6,37,3,unrun_after_validity_halt,,,four failed frozen raw-LR validity checks block full stage
llama/B25_37/L06/repair/fold=4,llama,6,37,4,unrun_after_validity_halt,,,four failed frozen raw-LR validity checks block full stage
llama/B25_11/L07/repair/fold=0,llama,7,11,0,unrun_after_validity_halt,,,four failed frozen raw-LR validity checks block full stage
llama/B25_11/L07/repair/fold=1,llama,7,11,1,unrun_after_validity_halt,,,four failed frozen raw-LR validity checks block full stage
llama/B25_11/L07/repair/fold=2,llama,7,11,2,unrun_after_validity_halt,,,four failed frozen raw-LR validity checks block full stage
llama/B25_11/L07/repair/fold=3,llama,7,11,3,unrun_after_validity_halt,,,four failed frozen raw-LR validity checks block full stage
llama/B25_11/L07/repair/fold=4,llama,7,11,4,unrun_after_validity_halt,,,four failed frozen raw-LR validity checks block full stage
llama/B25_23/L07/repair/fold=0,llama,7,23,0,unrun_after_validity_halt,,,four failed frozen raw-LR validity checks block full stage
llama/B25_23/L07/repair/fold=1,llama,7,23,1,unrun_after_validity_halt,,,four failed frozen raw-LR validity checks block full stage
llama/B25_23/L07/repair/fold=2,llama,7,23,2,unrun_after_validity_halt,,,four failed frozen raw-LR validity checks block full stage
llama/B25_23/L07/repair/fold=3,llama,7,23,3,unrun_after_validity_halt,,,four failed frozen raw-LR validity checks block full stage
llama/B25_23/L07/repair/fold=4,llama,7,23,4,unrun_after_validity_halt,,,four failed frozen raw-LR validity checks block full stage
llama/B25_37/L07/repair/fold=0,llama,7,37,0,unrun_after_validity_halt,,,four failed frozen raw-LR validity checks block full stage
llama/B25_37/L07/repair/fold=1,llama,7,37,1,unrun_after_validity_halt,,,four failed frozen raw-LR validity checks block full stage
llama/B25_37/L07/repair/fold=2,llama,7,37,2,unrun_after_validity_halt,,,four failed frozen raw-LR validity checks block full stage
llama/B25_37/L07/repair/fold=3,llama,7,37,3,unrun_after_validity_halt,,,four failed frozen raw-LR validity checks block full stage
llama/B25_37/L07/repair/fold=4,llama,7,37,4,unrun_after_validity_halt,,,four failed frozen raw-LR validity checks block full stage
llama/B25_11/L08/repair/fold=0,llama,8,11,0,unrun_after_validity_halt,,,four failed frozen raw-LR validity checks block full stage
llama/B25_11/L08/repair/fold=1,llama,8,11,1,unrun_after_validity_halt,,,four failed frozen raw-LR validity checks block full stage
llama/B25_11/L08/repair/fold=2,llama,8,11,2,unrun_after_validity_halt,,,four failed frozen raw-LR validity checks block full stage
llama/B25_11/L08/repair/fold=3,llama,8,11,3,unrun_after_validity_halt,,,four failed frozen raw-LR validity checks block full stage
llama/B25_11/L08/repair/fold=4,llama,8,11,4,unrun_after_validity_halt,,,four failed frozen raw-LR validity checks block full stage
llama/B25_23/L08/repair/fold=0,llama,8,23,0,unrun_after_validity_halt,,,four failed frozen raw-LR validity checks block full stage
llama/B25_23/L08/repair/fold=1,llama,8,23,1,unrun_after_validity_halt,,,four failed frozen raw-LR validity checks block full stage
llama/B25_23/L08/repair/fold=2,llama,8,23,2,unrun_after_validity_halt,,,four failed frozen raw-LR validity checks block full stage
llama/B25_23/L08/repair/fold=3,llama,8,23,3,unrun_after_validity_halt,,,four failed frozen raw-LR validity checks block full stage
llama/B25_23/L08/repair/fold=4,llama,8,23,4,unrun_after_validity_halt,,,four failed frozen raw-LR validity checks block full stage
llama/B25_37/L08/repair/fold=0,llama,8,37,0,unrun_after_validity_halt,,,four failed frozen raw-LR validity checks block full stage
llama/B25_37/L08/repair/fold=1,llama,8,37,1,unrun_after_validity_halt,,,four failed frozen raw-LR validity checks block full stage
llama/B25_37/L08/repair/fold=2,llama,8,37,2,unrun_after_validity_halt,,,four failed frozen raw-LR validity checks block full stage
llama/B25_37/L08/repair/fold=3,llama,8,37,3,unrun_after_validity_halt,,,four failed frozen raw-LR validity checks block full stage
llama/B25_37/L08/repair/fold=4,llama,8,37,4,unrun_after_validity_halt,,,four failed frozen raw-LR validity checks block full stage
llama/B25_11/L09/repair/fold=0,llama,9,11,0,unrun_after_validity_halt,,,four failed frozen raw-LR validity checks block full stage
llama/B25_11/L09/repair/fold=1,llama,9,11,1,unrun_after_validity_halt,,,four failed frozen raw-LR validity checks block full stage
llama/B25_11/L09/repair/fold=2,llama,9,11,2,unrun_after_validity_halt,,,four failed frozen raw-LR validity checks block full stage
llama/B25_11/L09/repair/fold=3,llama,9,11,3,unrun_after_validity_halt,,,four failed frozen raw-LR validity checks block full stage
llama/B25_11/L09/repair/fold=4,llama,9,11,4,unrun_after_validity_halt,,,four failed frozen raw-LR validity checks block full stage
llama/B25_23/L09/repair/fold=0,llama,9,23,0,unrun_after_validity_halt,,,four failed frozen raw-LR validity checks block full stage
llama/B25_23/L09/repair/fold=1,llama,9,23,1,unrun_after_validity_halt,,,four failed frozen raw-LR validity checks block full stage
llama/B25_23/L09/repair/fold=2,llama,9,23,2,unrun_after_validity_halt,,,four failed frozen raw-LR validity checks block full stage
llama/B25_23/L09/repair/fold=3,llama,9,23,3,unrun_after_validity_halt,,,four failed frozen raw-LR validity checks block full stage
llama/B25_23/L09/repair/fold=4,llama,9,23,4,unrun_after_validity_halt,,,four failed frozen raw-LR validity checks block full stage
llama/B25_37/L09/repair/fold=0,llama,9,37,0,unrun_after_validity_halt,,,four failed frozen raw-LR validity checks block full stage
llama/B25_37/L09/repair/fold=1,llama,9,37,1,unrun_after_validity_halt,,,four failed frozen raw-LR validity checks block full stage
llama/B25_37/L09/repair/fold=2,llama,9,37,2,unrun_after_validity_halt,,,four failed frozen raw-LR validity checks block full stage
llama/B25_37/L09/repair/fold=3,llama,9,37,3,unrun_after_validity_halt,,,four failed frozen raw-LR validity checks block full stage
llama/B25_37/L09/repair/fold=4,llama,9,37,4,unrun_after_validity_halt,,,four failed frozen raw-LR validity checks block full stage
llama/B25_11/L10/repair/fold=0,llama,10,11,0,unrun_after_validity_halt,,,four failed frozen raw-LR validity checks block full stage
llama/B25_11/L10/repair/fold=1,llama,10,11,1,unrun_after_validity_halt,,,four failed frozen raw-LR validity checks block full stage
llama/B25_11/L10/repair/fold=2,llama,10,11,2,unrun_after_validity_halt,,,four failed frozen raw-LR validity checks block full stage
llama/B25_11/L10/repair/fold=3,llama,10,11,3,unrun_after_validity_halt,,,four failed frozen raw-LR validity checks block full stage
llama/B25_11/L10/repair/fold=4,llama,10,11,4,unrun_after_validity_halt,,,four failed frozen raw-LR validity checks block full stage
llama/B25_23/L10/repair/fold=0,llama,10,23,0,unrun_after_validity_halt,,,four failed frozen raw-LR validity checks block full stage
llama/B25_23/L10/repair/fold=1,llama,10,23,1,unrun_after_validity_halt,,,four failed frozen raw-LR validity checks block full stage
llama/B25_23/L10/repair/fold=2,llama,10,23,2,unrun_after_validity_halt,,,four failed frozen raw-LR validity checks block full stage
llama/B25_23/L10/repair/fold=3,llama,10,23,3,unrun_after_validity_halt,,,four failed frozen raw-LR validity checks block full stage
llama/B25_23/L10/repair/fold=4,llama,10,23,4,unrun_after_validity_halt,,,four failed frozen raw-LR validity checks block full stage
llama/B25_37/L10/repair/fold=0,llama,10,37,0,unrun_after_validity_halt,,,four failed frozen raw-LR validity checks block full stage
llama/B25_37/L10/repair/fold=1,llama,10,37,1,unrun_after_validity_halt,,,four failed frozen raw-LR validity checks block full stage
llama/B25_37/L10/repair/fold=2,llama,10,37,2,unrun_after_validity_halt,,,four failed frozen raw-LR validity checks block full stage
llama/B25_37/L10/repair/fold=3,llama,10,37,3,unrun_after_validity_halt,,,four failed frozen raw-LR validity checks block full stage
llama/B25_37/L10/repair/fold=4,llama,10,37,4,unrun_after_validity_halt,,,four failed frozen raw-LR validity checks block full stage
llama/B25_11/L11/repair/fold=0,llama,11,11,0,unrun_after_validity_halt,,,four failed frozen raw-LR validity checks block full stage
llama/B25_11/L11/repair/fold=1,llama,11,11,1,unrun_after_validity_halt,,,four failed frozen raw-LR validity checks block full stage
llama/B25_11/L11/repair/fold=2,llama,11,11,2,unrun_after_validity_halt,,,four failed frozen raw-LR validity checks block full stage
llama/B25_11/L11/repair/fold=3,llama,11,11,3,unrun_after_validity_halt,,,four failed frozen raw-LR validity checks block full stage
llama/B25_11/L11/repair/fold=4,llama,11,11,4,unrun_after_validity_halt,,,four failed frozen raw-LR validity checks block full stage
llama/B25_23/L11/repair/fold=0,llama,11,23,0,unrun_after_validity_halt,,,four failed frozen raw-LR validity checks block full stage
llama/B25_23/L11/repair/fold=1,llama,11,23,1,unrun_after_validity_halt,,,four failed frozen raw-LR validity checks block full stage
llama/B25_23/L11/repair/fold=2,llama,11,23,2,unrun_after_validity_halt,,,four failed frozen raw-LR validity checks block full stage
llama/B25_23/L11/repair/fold=3,llama,11,23,3,unrun_after_validity_halt,,,four failed frozen raw-LR validity checks block full stage
llama/B25_23/L11/repair/fold=4,llama,11,23,4,unrun_after_validity_halt,,,four failed frozen raw-LR validity checks block full stage
llama/B25_37/L11/repair/fold=0,llama,11,37,0,unrun_after_validity_halt,,,four failed frozen raw-LR validity checks block full stage
llama/B25_37/L11/repair/fold=1,llama,11,37,1,unrun_after_validity_halt,,,four failed frozen raw-LR validity checks block full stage
llama/B25_37/L11/repair/fold=2,llama,11,37,2,unrun_after_validity_halt,,,four failed frozen raw-LR validity checks block full stage
llama/B25_37/L11/repair/fold=3,llama,11,37,3,unrun_after_validity_halt,,,four failed frozen raw-LR validity checks block full stage
llama/B25_37/L11/repair/fold=4,llama,11,37,4,unrun_after_validity_halt,,,four failed frozen raw-LR validity checks block full stage
llama/B25_11/L12/repair/fold=0,llama,12,11,0,unrun_after_validity_halt,,,four failed frozen raw-LR validity checks block full stage
llama/B25_11/L12/repair/fold=1,llama,12,11,1,unrun_after_validity_halt,,,four failed frozen raw-LR validity checks block full stage
llama/B25_11/L12/repair/fold=2,llama,12,11,2,unrun_after_validity_halt,,,four failed frozen raw-LR validity checks block full stage
llama/B25_11/L12/repair/fold=3,llama,12,11,3,unrun_after_validity_halt,,,four failed frozen raw-LR validity checks block full stage
llama/B25_11/L12/repair/fold=4,llama,12,11,4,unrun_after_validity_halt,,,four failed frozen raw-LR validity checks block full stage
llama/B25_23/L12/repair/fold=0,llama,12,23,0,unrun_after_validity_halt,,,four failed frozen raw-LR validity checks block full stage
llama/B25_23/L12/repair/fold=1,llama,12,23,1,unrun_after_validity_halt,,,four failed frozen raw-LR validity checks block full stage
llama/B25_23/L12/repair/fold=2,llama,12,23,2,unrun_after_validity_halt,,,four failed frozen raw-LR validity checks block full stage
llama/B25_23/L12/repair/fold=3,llama,12,23,3,unrun_after_validity_halt,,,four failed frozen raw-LR validity checks block full stage
llama/B25_23/L12/repair/fold=4,llama,12,23,4,unrun_after_validity_halt,,,four failed frozen raw-LR validity checks block full stage
llama/B25_37/L12/repair/fold=0,llama,12,37,0,unrun_after_validity_halt,,,four failed frozen raw-LR validity checks block full stage
llama/B25_37/L12/repair/fold=1,llama,12,37,1,unrun_after_validity_halt,,,four failed frozen raw-LR validity checks block full stage
llama/B25_37/L12/repair/fold=2,llama,12,37,2,unrun_after_validity_halt,,,four failed frozen raw-LR validity checks block full stage
llama/B25_37/L12/repair/fold=3,llama,12,37,3,unrun_after_validity_halt,,,four failed frozen raw-LR validity checks block full stage
llama/B25_37/L12/repair/fold=4,llama,12,37,4,unrun_after_validity_halt,,,four failed frozen raw-LR validity checks block full stage
llama/B25_11/L13/repair/fold=0,llama,13,11,0,unrun_after_validity_halt,,,four failed frozen raw-LR validity checks block full stage
llama/B25_11/L13/repair/fold=1,llama,13,11,1,unrun_after_validity_halt,,,four failed frozen raw-LR validity checks block full stage
llama/B25_11/L13/repair/fold=2,llama,13,11,2,unrun_after_validity_halt,,,four failed frozen raw-LR validity checks block full stage
llama/B25_11/L13/repair/fold=3,llama,13,11,3,unrun_after_validity_halt,,,four failed frozen raw-LR validity checks block full stage
llama/B25_11/L13/repair/fold=4,llama,13,11,4,unrun_after_validity_halt,,,four failed frozen raw-LR validity checks block full stage
llama/B25_23/L13/repair/fold=0,llama,13,23,0,unrun_after_validity_halt,,,four failed frozen raw-LR validity checks block full stage
llama/B25_23/L13/repair/fold=1,llama,13,23,1,unrun_after_validity_halt,,,four failed frozen raw-LR validity checks block full stage
llama/B25_23/L13/repair/fold=2,llama,13,23,2,unrun_after_validity_halt,,,four failed frozen raw-LR validity checks block full stage
llama/B25_23/L13/repair/fold=3,llama,13,23,3,unrun_after_validity_halt,,,four failed frozen raw-LR validity checks block full stage
llama/B25_23/L13/repair/fold=4,llama,13,23,4,unrun_after_validity_halt,,,four failed frozen raw-LR validity checks block full stage
llama/B25_37/L13/repair/fold=0,llama,13,37,0,unrun_after_validity_halt,,,four failed frozen raw-LR validity checks block full stage
llama/B25_37/L13/repair/fold=1,llama,13,37,1,unrun_after_validity_halt,,,four failed frozen raw-LR validity checks block full stage
llama/B25_37/L13/repair/fold=2,llama,13,37,2,unrun_after_validity_halt,,,four failed frozen raw-LR validity checks block full stage
llama/B25_37/L13/repair/fold=3,llama,13,37,3,unrun_after_validity_halt,,,four failed frozen raw-LR validity checks block full stage
llama/B25_37/L13/repair/fold=4,llama,13,37,4,unrun_after_validity_halt,,,four failed frozen raw-LR validity checks block full stage
llama/B25_11/L14/repair/fold=0,llama,14,11,0,unrun_after_validity_halt,,,four failed frozen raw-LR validity checks block full stage
llama/B25_11/L14/repair/fold=1,llama,14,11,1,unrun_after_validity_halt,,,four failed frozen raw-LR validity checks block full stage
llama/B25_11/L14/repair/fold=2,llama,14,11,2,unrun_after_validity_halt,,,four failed frozen raw-LR validity checks block full stage
llama/B25_11/L14/repair/fold=3,llama,14,11,3,unrun_after_validity_halt,,,four failed frozen raw-LR validity checks block full stage
llama/B25_11/L14/repair/fold=4,llama,14,11,4,unrun_after_validity_halt,,,four failed frozen raw-LR validity checks block full stage
llama/B25_23/L14/repair/fold=0,llama,14,23,0,unrun_after_validity_halt,,,four failed frozen raw-LR validity checks block full stage
llama/B25_23/L14/repair/fold=1,llama,14,23,1,unrun_after_validity_halt,,,four failed frozen raw-LR validity checks block full stage
llama/B25_23/L14/repair/fold=2,llama,14,23,2,unrun_after_validity_halt,,,four failed frozen raw-LR validity checks block full stage
llama/B25_23/L14/repair/fold=3,llama,14,23,3,unrun_after_validity_halt,,,four failed frozen raw-LR validity checks block full stage
llama/B25_23/L14/repair/fold=4,llama,14,23,4,unrun_after_validity_halt,,,four failed frozen raw-LR validity checks block full stage
llama/B25_37/L14/repair/fold=0,llama,14,37,0,unrun_after_validity_halt,,,four failed frozen raw-LR validity checks block full stage
llama/B25_37/L14/repair/fold=1,llama,14,37,1,unrun_after_validity_halt,,,four failed frozen raw-LR validity checks block full stage
llama/B25_37/L14/repair/fold=2,llama,14,37,2,unrun_after_validity_halt,,,four failed frozen raw-LR validity checks block full stage
llama/B25_37/L14/repair/fold=3,llama,14,37,3,unrun_after_validity_halt,,,four failed frozen raw-LR validity checks block full stage
llama/B25_37/L14/repair/fold=4,llama,14,37,4,unrun_after_validity_halt,,,four failed frozen raw-LR validity checks block full stage
llama/B25_11/L15/repair/fold=0,llama,15,11,0,unrun_after_validity_halt,,,four failed frozen raw-LR validity checks block full stage
llama/B25_11/L15/repair/fold=1,llama,15,11,1,unrun_after_validity_halt,,,four failed frozen raw-LR validity checks block full stage
llama/B25_11/L15/repair/fold=2,llama,15,11,2,unrun_after_validity_halt,,,four failed frozen raw-LR validity checks block full stage
llama/B25_11/L15/repair/fold=3,llama,15,11,3,unrun_after_validity_halt,,,four failed frozen raw-LR validity checks block full stage
llama/B25_11/L15/repair/fold=4,llama,15,11,4,unrun_after_validity_halt,,,four failed frozen raw-LR validity checks block full stage
llama/B25_23/L15/repair/fold=0,llama,15,23,0,unrun_after_validity_halt,,,four failed frozen raw-LR validity checks block full stage
llama/B25_23/L15/repair/fold=1,llama,15,23,1,unrun_after_validity_halt,,,four failed frozen raw-LR validity checks block full stage
llama/B25_23/L15/repair/fold=2,llama,15,23,2,unrun_after_validity_halt,,,four failed frozen raw-LR validity checks block full stage
llama/B25_23/L15/repair/fold=3,llama,15,23,3,unrun_after_validity_halt,,,four failed frozen raw-LR validity checks block full stage
llama/B25_23/L15/repair/fold=4,llama,15,23,4,unrun_after_validity_halt,,,four failed frozen raw-LR validity checks block full stage
llama/B25_37/L15/repair/fold=0,llama,15,37,0,unrun_after_validity_halt,,,four failed frozen raw-LR validity checks block full stage
llama/B25_37/L15/repair/fold=1,llama,15,37,1,unrun_after_validity_halt,,,four failed frozen raw-LR validity checks block full stage
llama/B25_37/L15/repair/fold=2,llama,15,37,2,unrun_after_validity_halt,,,four failed frozen raw-LR validity checks block full stage
llama/B25_37/L15/repair/fold=3,llama,15,37,3,unrun_after_validity_halt,,,four failed frozen raw-LR validity checks block full stage
llama/B25_37/L15/repair/fold=4,llama,15,37,4,unrun_after_validity_halt,,,four failed frozen raw-LR validity checks block full stage
llama/B25_11/L16/repair/fold=0,llama,16,11,0,unrun_after_validity_halt,,,four failed frozen raw-LR validity checks block full stage
llama/B25_11/L16/repair/fold=1,llama,16,11,1,unrun_after_validity_halt,,,four failed frozen raw-LR validity checks block full stage
llama/B25_11/L16/repair/fold=2,llama,16,11,2,unrun_after_validity_halt,,,four failed frozen raw-LR validity checks block full stage
llama/B25_11/L16/repair/fold=3,llama,16,11,3,unrun_after_validity_halt,,,four failed frozen raw-LR validity checks block full stage
llama/B25_11/L16/repair/fold=4,llama,16,11,4,unrun_after_validity_halt,,,four failed frozen raw-LR validity checks block full stage
llama/B25_23/L16/repair/fold=0,llama,16,23,0,unrun_after_validity_halt,,,four failed frozen raw-LR validity checks block full stage
llama/B25_23/L16/repair/fold=1,llama,16,23,1,unrun_after_validity_halt,,,four failed frozen raw-LR validity checks block full stage
llama/B25_23/L16/repair/fold=2,llama,16,23,2,unrun_after_validity_halt,,,four failed frozen raw-LR validity checks block full stage
llama/B25_23/L16/repair/fold=3,llama,16,23,3,unrun_after_validity_halt,,,four failed frozen raw-LR validity checks block full stage
llama/B25_23/L16/repair/fold=4,llama,16,23,4,unrun_after_validity_halt,,,four failed frozen raw-LR validity checks block full stage
llama/B25_37/L16/repair/fold=0,llama,16,37,0,unrun_after_validity_halt,,,four failed frozen raw-LR validity checks block full stage
llama/B25_37/L16/repair/fold=1,llama,16,37,1,unrun_after_validity_halt,,,four failed frozen raw-LR validity checks block full stage
llama/B25_37/L16/repair/fold=2,llama,16,37,2,unrun_after_validity_halt,,,four failed frozen raw-LR validity checks block full stage
llama/B25_37/L16/repair/fold=3,llama,16,37,3,unrun_after_validity_halt,,,four failed frozen raw-LR validity checks block full stage
llama/B25_37/L16/repair/fold=4,llama,16,37,4,unrun_after_validity_halt,,,four failed frozen raw-LR validity checks block full stage
llama/B25_11/L17/repair/fold=0,llama,17,11,0,unrun_after_validity_halt,,,four failed frozen raw-LR validity checks block full stage
llama/B25_11/L17/repair/fold=1,llama,17,11,1,unrun_after_validity_halt,,,four failed frozen raw-LR validity checks block full stage
llama/B25_11/L17/repair/fold=2,llama,17,11,2,unrun_after_validity_halt,,,four failed frozen raw-LR validity checks block full stage
llama/B25_11/L17/repair/fold=3,llama,17,11,3,unrun_after_validity_halt,,,four failed frozen raw-LR validity checks block full stage
llama/B25_11/L17/repair/fold=4,llama,17,11,4,unrun_after_validity_halt,,,four failed frozen raw-LR validity checks block full stage
llama/B25_23/L17/repair/fold=0,llama,17,23,0,unrun_after_validity_halt,,,four failed frozen raw-LR validity checks block full stage
llama/B25_23/L17/repair/fold=1,llama,17,23,1,unrun_after_validity_halt,,,four failed frozen raw-LR validity checks block full stage
llama/B25_23/L17/repair/fold=2,llama,17,23,2,unrun_after_validity_halt,,,four failed frozen raw-LR validity checks block full stage
llama/B25_23/L17/repair/fold=3,llama,17,23,3,unrun_after_validity_halt,,,four failed frozen raw-LR validity checks block full stage
llama/B25_23/L17/repair/fold=4,llama,17,23,4,unrun_after_validity_halt,,,four failed frozen raw-LR validity checks block full stage
llama/B25_37/L17/repair/fold=0,llama,17,37,0,unrun_after_validity_halt,,,four failed frozen raw-LR validity checks block full stage
llama/B25_37/L17/repair/fold=1,llama,17,37,1,unrun_after_validity_halt,,,four failed frozen raw-LR validity checks block full stage
llama/B25_37/L17/repair/fold=2,llama,17,37,2,unrun_after_validity_halt,,,four failed frozen raw-LR validity checks block full stage
llama/B25_37/L17/repair/fold=3,llama,17,37,3,unrun_after_validity_halt,,,four failed frozen raw-LR validity checks block full stage
llama/B25_37/L17/repair/fold=4,llama,17,37,4,unrun_after_validity_halt,,,four failed frozen raw-LR validity checks block full stage
llama/B25_11/L18/repair/fold=0,llama,18,11,0,unrun_after_validity_halt,,,four failed frozen raw-LR validity checks block full stage
llama/B25_11/L18/repair/fold=1,llama,18,11,1,unrun_after_validity_halt,,,four failed frozen raw-LR validity checks block full stage
llama/B25_11/L18/repair/fold=2,llama,18,11,2,unrun_after_validity_halt,,,four failed frozen raw-LR validity checks block full stage
llama/B25_11/L18/repair/fold=3,llama,18,11,3,unrun_after_validity_halt,,,four failed frozen raw-LR validity checks block full stage
llama/B25_11/L18/repair/fold=4,llama,18,11,4,unrun_after_validity_halt,,,four failed frozen raw-LR validity checks block full stage
llama/B25_23/L18/repair/fold=0,llama,18,23,0,unrun_after_validity_halt,,,four failed frozen raw-LR validity checks block full stage
llama/B25_23/L18/repair/fold=1,llama,18,23,1,unrun_after_validity_halt,,,four failed frozen raw-LR validity checks block full stage
llama/B25_23/L18/repair/fold=2,llama,18,23,2,unrun_after_validity_halt,,,four failed frozen raw-LR validity checks block full stage
llama/B25_23/L18/repair/fold=3,llama,18,23,3,unrun_after_validity_halt,,,four failed frozen raw-LR validity checks block full stage
llama/B25_23/L18/repair/fold=4,llama,18,23,4,unrun_after_validity_halt,,,four failed frozen raw-LR validity checks block full stage
llama/B25_37/L18/repair/fold=0,llama,18,37,0,unrun_after_validity_halt,,,four failed frozen raw-LR validity checks block full stage
llama/B25_37/L18/repair/fold=1,llama,18,37,1,unrun_after_validity_halt,,,four failed frozen raw-LR validity checks block full stage
llama/B25_37/L18/repair/fold=2,llama,18,37,2,unrun_after_validity_halt,,,four failed frozen raw-LR validity checks block full stage
llama/B25_37/L18/repair/fold=3,llama,18,37,3,unrun_after_validity_halt,,,four failed frozen raw-LR validity checks block full stage
llama/B25_37/L18/repair/fold=4,llama,18,37,4,unrun_after_validity_halt,,,four failed frozen raw-LR validity checks block full stage
llama/B25_11/L19/repair/fold=0,llama,19,11,0,unrun_after_validity_halt,,,four failed frozen raw-LR validity checks block full stage
llama/B25_11/L19/repair/fold=1,llama,19,11,1,unrun_after_validity_halt,,,four failed frozen raw-LR validity checks block full stage
llama/B25_11/L19/repair/fold=2,llama,19,11,2,unrun_after_validity_halt,,,four failed frozen raw-LR validity checks block full stage
llama/B25_11/L19/repair/fold=3,llama,19,11,3,unrun_after_validity_halt,,,four failed frozen raw-LR validity checks block full stage
llama/B25_11/L19/repair/fold=4,llama,19,11,4,unrun_after_validity_halt,,,four failed frozen raw-LR validity checks block full stage
llama/B25_23/L19/repair/fold=0,llama,19,23,0,unrun_after_validity_halt,,,four failed frozen raw-LR validity checks block full stage
llama/B25_23/L19/repair/fold=1,llama,19,23,1,unrun_after_validity_halt,,,four failed frozen raw-LR validity checks block full stage
llama/B25_23/L19/repair/fold=2,llama,19,23,2,unrun_after_validity_halt,,,four failed frozen raw-LR validity checks block full stage
llama/B25_23/L19/repair/fold=3,llama,19,23,3,unrun_after_validity_halt,,,four failed frozen raw-LR validity checks block full stage
llama/B25_23/L19/repair/fold=4,llama,19,23,4,unrun_after_validity_halt,,,four failed frozen raw-LR validity checks block full stage
llama/B25_37/L19/repair/fold=0,llama,19,37,0,unrun_after_validity_halt,,,four failed frozen raw-LR validity checks block full stage
llama/B25_37/L19/repair/fold=1,llama,19,37,1,unrun_after_validity_halt,,,four failed frozen raw-LR validity checks block full stage
llama/B25_37/L19/repair/fold=2,llama,19,37,2,unrun_after_validity_halt,,,four failed frozen raw-LR validity checks block full stage
llama/B25_37/L19/repair/fold=3,llama,19,37,3,unrun_after_validity_halt,,,four failed frozen raw-LR validity checks block full stage
llama/B25_37/L19/repair/fold=4,llama,19,37,4,unrun_after_validity_halt,,,four failed frozen raw-LR validity checks block full stage
llama/B25_11/L20/repair/fold=0,llama,20,11,0,unrun_after_validity_halt,,,four failed frozen raw-LR validity checks block full stage
llama/B25_11/L20/repair/fold=1,llama,20,11,1,unrun_after_validity_halt,,,four failed frozen raw-LR validity checks block full stage
llama/B25_11/L20/repair/fold=2,llama,20,11,2,unrun_after_validity_halt,,,four failed frozen raw-LR validity checks block full stage
llama/B25_11/L20/repair/fold=3,llama,20,11,3,unrun_after_validity_halt,,,four failed frozen raw-LR validity checks block full stage
llama/B25_11/L20/repair/fold=4,llama,20,11,4,unrun_after_validity_halt,,,four failed frozen raw-LR validity checks block full stage
llama/B25_23/L20/repair/fold=0,llama,20,23,0,unrun_after_validity_halt,,,four failed frozen raw-LR validity checks block full stage
llama/B25_23/L20/repair/fold=1,llama,20,23,1,unrun_after_validity_halt,,,four failed frozen raw-LR validity checks block full stage
llama/B25_23/L20/repair/fold=2,llama,20,23,2,unrun_after_validity_halt,,,four failed frozen raw-LR validity checks block full stage
llama/B25_23/L20/repair/fold=3,llama,20,23,3,unrun_after_validity_halt,,,four failed frozen raw-LR validity checks block full stage
llama/B25_23/L20/repair/fold=4,llama,20,23,4,unrun_after_validity_halt,,,four failed frozen raw-LR validity checks block full stage
llama/B25_37/L20/repair/fold=0,llama,20,37,0,unrun_after_validity_halt,,,four failed frozen raw-LR validity checks block full stage
llama/B25_37/L20/repair/fold=1,llama,20,37,1,unrun_after_validity_halt,,,four failed frozen raw-LR validity checks block full stage
llama/B25_37/L20/repair/fold=2,llama,20,37,2,unrun_after_validity_halt,,,four failed frozen raw-LR validity checks block full stage
llama/B25_37/L20/repair/fold=3,llama,20,37,3,unrun_after_validity_halt,,,four failed frozen raw-LR validity checks block full stage
llama/B25_37/L20/repair/fold=4,llama,20,37,4,unrun_after_validity_halt,,,four failed frozen raw-LR validity checks block full stage
llama/B25_11/L21/repair/fold=0,llama,21,11,0,unrun_after_validity_halt,,,four failed frozen raw-LR validity checks block full stage
llama/B25_11/L21/repair/fold=1,llama,21,11,1,unrun_after_validity_halt,,,four failed frozen raw-LR validity checks block full stage
llama/B25_11/L21/repair/fold=2,llama,21,11,2,unrun_after_validity_halt,,,four failed frozen raw-LR validity checks block full stage
llama/B25_11/L21/repair/fold=3,llama,21,11,3,unrun_after_validity_halt,,,four failed frozen raw-LR validity checks block full stage
llama/B25_11/L21/repair/fold=4,llama,21,11,4,unrun_after_validity_halt,,,four failed frozen raw-LR validity checks block full stage
llama/B25_23/L21/repair/fold=0,llama,21,23,0,unrun_after_validity_halt,,,four failed frozen raw-LR validity checks block full stage
llama/B25_23/L21/repair/fold=1,llama,21,23,1,unrun_after_validity_halt,,,four failed frozen raw-LR validity checks block full stage
llama/B25_23/L21/repair/fold=2,llama,21,23,2,unrun_after_validity_halt,,,four failed frozen raw-LR validity checks block full stage
llama/B25_23/L21/repair/fold=3,llama,21,23,3,unrun_after_validity_halt,,,four failed frozen raw-LR validity checks block full stage
llama/B25_23/L21/repair/fold=4,llama,21,23,4,unrun_after_validity_halt,,,four failed frozen raw-LR validity checks block full stage
llama/B25_37/L21/repair/fold=0,llama,21,37,0,unrun_after_validity_halt,,,four failed frozen raw-LR validity checks block full stage
llama/B25_37/L21/repair/fold=1,llama,21,37,1,unrun_after_validity_halt,,,four failed frozen raw-LR validity checks block full stage
llama/B25_37/L21/repair/fold=2,llama,21,37,2,unrun_after_validity_halt,,,four failed frozen raw-LR validity checks block full stage
llama/B25_37/L21/repair/fold=3,llama,21,37,3,unrun_after_validity_halt,,,four failed frozen raw-LR validity checks block full stage
llama/B25_37/L21/repair/fold=4,llama,21,37,4,unrun_after_validity_halt,,,four failed frozen raw-LR validity checks block full stage
llama/B25_11/L22/repair/fold=0,llama,22,11,0,unrun_after_validity_halt,,,four failed frozen raw-LR validity checks block full stage
llama/B25_11/L22/repair/fold=1,llama,22,11,1,unrun_after_validity_halt,,,four failed frozen raw-LR validity checks block full stage
llama/B25_11/L22/repair/fold=2,llama,22,11,2,unrun_after_validity_halt,,,four failed frozen raw-LR validity checks block full stage
llama/B25_11/L22/repair/fold=3,llama,22,11,3,unrun_after_validity_halt,,,four failed frozen raw-LR validity checks block full stage
llama/B25_11/L22/repair/fold=4,llama,22,11,4,unrun_after_validity_halt,,,four failed frozen raw-LR validity checks block full stage
llama/B25_23/L22/repair/fold=0,llama,22,23,0,unrun_after_validity_halt,,,four failed frozen raw-LR validity checks block full stage
llama/B25_23/L22/repair/fold=1,llama,22,23,1,unrun_after_validity_halt,,,four failed frozen raw-LR validity checks block full stage
llama/B25_23/L22/repair/fold=2,llama,22,23,2,unrun_after_validity_halt,,,four failed frozen raw-LR validity checks block full stage
llama/B25_23/L22/repair/fold=3,llama,22,23,3,unrun_after_validity_halt,,,four failed frozen raw-LR validity checks block full stage
llama/B25_23/L22/repair/fold=4,llama,22,23,4,unrun_after_validity_halt,,,four failed frozen raw-LR validity checks block full stage
llama/B25_37/L22/repair/fold=0,llama,22,37,0,unrun_after_validity_halt,,,four failed frozen raw-LR validity checks block full stage
llama/B25_37/L22/repair/fold=1,llama,22,37,1,unrun_after_validity_halt,,,four failed frozen raw-LR validity checks block full stage
llama/B25_37/L22/repair/fold=2,llama,22,37,2,unrun_after_validity_halt,,,four failed frozen raw-LR validity checks block full stage
llama/B25_37/L22/repair/fold=3,llama,22,37,3,unrun_after_validity_halt,,,four failed frozen raw-LR validity checks block full stage
llama/B25_37/L22/repair/fold=4,llama,22,37,4,unrun_after_validity_halt,,,four failed frozen raw-LR validity checks block full stage
llama/B25_11/L23/repair/fold=0,llama,23,11,0,unrun_after_validity_halt,,,four failed frozen raw-LR validity checks block full stage
llama/B25_11/L23/repair/fold=1,llama,23,11,1,unrun_after_validity_halt,,,four failed frozen raw-LR validity checks block full stage
llama/B25_11/L23/repair/fold=2,llama,23,11,2,unrun_after_validity_halt,,,four failed frozen raw-LR validity checks block full stage
llama/B25_11/L23/repair/fold=3,llama,23,11,3,unrun_after_validity_halt,,,four failed frozen raw-LR validity checks block full stage
llama/B25_11/L23/repair/fold=4,llama,23,11,4,unrun_after_validity_halt,,,four failed frozen raw-LR validity checks block full stage
llama/B25_23/L23/repair/fold=0,llama,23,23,0,unrun_after_validity_halt,,,four failed frozen raw-LR validity checks block full stage
llama/B25_23/L23/repair/fold=1,llama,23,23,1,unrun_after_validity_halt,,,four failed frozen raw-LR validity checks block full stage
llama/B25_23/L23/repair/fold=2,llama,23,23,2,unrun_after_validity_halt,,,four failed frozen raw-LR validity checks block full stage
llama/B25_23/L23/repair/fold=3,llama,23,23,3,unrun_after_validity_halt,,,four failed frozen raw-LR validity checks block full stage
llama/B25_23/L23/repair/fold=4,llama,23,23,4,unrun_after_validity_halt,,,four failed frozen raw-LR validity checks block full stage
llama/B25_37/L23/repair/fold=0,llama,23,37,0,unrun_after_validity_halt,,,four failed frozen raw-LR validity checks block full stage
llama/B25_37/L23/repair/fold=1,llama,23,37,1,unrun_after_validity_halt,,,four failed frozen raw-LR validity checks block full stage
llama/B25_37/L23/repair/fold=2,llama,23,37,2,unrun_after_validity_halt,,,four failed frozen raw-LR validity checks block full stage
llama/B25_37/L23/repair/fold=3,llama,23,37,3,unrun_after_validity_halt,,,four failed frozen raw-LR validity checks block full stage
llama/B25_37/L23/repair/fold=4,llama,23,37,4,unrun_after_validity_halt,,,four failed frozen raw-LR validity checks block full stage
llama/B25_11/L24/repair/fold=0,llama,24,11,0,unrun_after_validity_halt,,,four failed frozen raw-LR validity checks block full stage
llama/B25_11/L24/repair/fold=1,llama,24,11,1,unrun_after_validity_halt,,,four failed frozen raw-LR validity checks block full stage
llama/B25_11/L24/repair/fold=2,llama,24,11,2,unrun_after_validity_halt,,,four failed frozen raw-LR validity checks block full stage
llama/B25_11/L24/repair/fold=3,llama,24,11,3,unrun_after_validity_halt,,,four failed frozen raw-LR validity checks block full stage
llama/B25_11/L24/repair/fold=4,llama,24,11,4,unrun_after_validity_halt,,,four failed frozen raw-LR validity checks block full stage
llama/B25_23/L24/repair/fold=0,llama,24,23,0,unrun_after_validity_halt,,,four failed frozen raw-LR validity checks block full stage
llama/B25_23/L24/repair/fold=1,llama,24,23,1,unrun_after_validity_halt,,,four failed frozen raw-LR validity checks block full stage
llama/B25_23/L24/repair/fold=2,llama,24,23,2,unrun_after_validity_halt,,,four failed frozen raw-LR validity checks block full stage
llama/B25_23/L24/repair/fold=3,llama,24,23,3,unrun_after_validity_halt,,,four failed frozen raw-LR validity checks block full stage
llama/B25_23/L24/repair/fold=4,llama,24,23,4,unrun_after_validity_halt,,,four failed frozen raw-LR validity checks block full stage
llama/B25_37/L24/repair/fold=0,llama,24,37,0,unrun_after_validity_halt,,,four failed frozen raw-LR validity checks block full stage
llama/B25_37/L24/repair/fold=1,llama,24,37,1,unrun_after_validity_halt,,,four failed frozen raw-LR validity checks block full stage
llama/B25_37/L24/repair/fold=2,llama,24,37,2,unrun_after_validity_halt,,,four failed frozen raw-LR validity checks block full stage
llama/B25_37/L24/repair/fold=3,llama,24,37,3,unrun_after_validity_halt,,,four failed frozen raw-LR validity checks block full stage
llama/B25_37/L24/repair/fold=4,llama,24,37,4,unrun_after_validity_halt,,,four failed frozen raw-LR validity checks block full stage
llama/B25_11/L25/repair/fold=0,llama,25,11,0,unrun_after_validity_halt,,,four failed frozen raw-LR validity checks block full stage
llama/B25_11/L25/repair/fold=1,llama,25,11,1,unrun_after_validity_halt,,,four failed frozen raw-LR validity checks block full stage
llama/B25_11/L25/repair/fold=2,llama,25,11,2,unrun_after_validity_halt,,,four failed frozen raw-LR validity checks block full stage
llama/B25_11/L25/repair/fold=3,llama,25,11,3,unrun_after_validity_halt,,,four failed frozen raw-LR validity checks block full stage
llama/B25_11/L25/repair/fold=4,llama,25,11,4,unrun_after_validity_halt,,,four failed frozen raw-LR validity checks block full stage
llama/B25_23/L25/repair/fold=0,llama,25,23,0,unrun_after_validity_halt,,,four failed frozen raw-LR validity checks block full stage
llama/B25_23/L25/repair/fold=1,llama,25,23,1,unrun_after_validity_halt,,,four failed frozen raw-LR validity checks block full stage
llama/B25_23/L25/repair/fold=2,llama,25,23,2,unrun_after_validity_halt,,,four failed frozen raw-LR validity checks block full stage
llama/B25_23/L25/repair/fold=3,llama,25,23,3,unrun_after_validity_halt,,,four failed frozen raw-LR validity checks block full stage
llama/B25_23/L25/repair/fold=4,llama,25,23,4,unrun_after_validity_halt,,,four failed frozen raw-LR validity checks block full stage
llama/B25_37/L25/repair/fold=0,llama,25,37,0,unrun_after_validity_halt,,,four failed frozen raw-LR validity checks block full stage
llama/B25_37/L25/repair/fold=1,llama,25,37,1,unrun_after_validity_halt,,,four failed frozen raw-LR validity checks block full stage
llama/B25_37/L25/repair/fold=2,llama,25,37,2,unrun_after_validity_halt,,,four failed frozen raw-LR validity checks block full stage
llama/B25_37/L25/repair/fold=3,llama,25,37,3,unrun_after_validity_halt,,,four failed frozen raw-LR validity checks block full stage
llama/B25_37/L25/repair/fold=4,llama,25,37,4,unrun_after_validity_halt,,,four failed frozen raw-LR validity checks block full stage
llama/B25_11/L26/repair/fold=0,llama,26,11,0,unrun_after_validity_halt,,,four failed frozen raw-LR validity checks block full stage
llama/B25_11/L26/repair/fold=1,llama,26,11,1,unrun_after_validity_halt,,,four failed frozen raw-LR validity checks block full stage
llama/B25_11/L26/repair/fold=2,llama,26,11,2,unrun_after_validity_halt,,,four failed frozen raw-LR validity checks block full stage
llama/B25_11/L26/repair/fold=3,llama,26,11,3,unrun_after_validity_halt,,,four failed frozen raw-LR validity checks block full stage
llama/B25_11/L26/repair/fold=4,llama,26,11,4,unrun_after_validity_halt,,,four failed frozen raw-LR validity checks block full stage
llama/B25_23/L26/repair/fold=0,llama,26,23,0,unrun_after_validity_halt,,,four failed frozen raw-LR validity checks block full stage
llama/B25_23/L26/repair/fold=1,llama,26,23,1,unrun_after_validity_halt,,,four failed frozen raw-LR validity checks block full stage
llama/B25_23/L26/repair/fold=2,llama,26,23,2,unrun_after_validity_halt,,,four failed frozen raw-LR validity checks block full stage
llama/B25_23/L26/repair/fold=3,llama,26,23,3,unrun_after_validity_halt,,,four failed frozen raw-LR validity checks block full stage
llama/B25_23/L26/repair/fold=4,llama,26,23,4,unrun_after_validity_halt,,,four failed frozen raw-LR validity checks block full stage
llama/B25_37/L26/repair/fold=0,llama,26,37,0,unrun_after_validity_halt,,,four failed frozen raw-LR validity checks block full stage
llama/B25_37/L26/repair/fold=1,llama,26,37,1,unrun_after_validity_halt,,,four failed frozen raw-LR validity checks block full stage
llama/B25_37/L26/repair/fold=2,llama,26,37,2,unrun_after_validity_halt,,,four failed frozen raw-LR validity checks block full stage
llama/B25_37/L26/repair/fold=3,llama,26,37,3,unrun_after_validity_halt,,,four failed frozen raw-LR validity checks block full stage
llama/B25_37/L26/repair/fold=4,llama,26,37,4,unrun_after_validity_halt,,,four failed frozen raw-LR validity checks block full stage
llama/B25_11/L27/repair/fold=0,llama,27,11,0,unrun_after_validity_halt,,,four failed frozen raw-LR validity checks block full stage
llama/B25_11/L27/repair/fold=1,llama,27,11,1,unrun_after_validity_halt,,,four failed frozen raw-LR validity checks block full stage
llama/B25_11/L27/repair/fold=2,llama,27,11,2,unrun_after_validity_halt,,,four failed frozen raw-LR validity checks block full stage
llama/B25_11/L27/repair/fold=3,llama,27,11,3,unrun_after_validity_halt,,,four failed frozen raw-LR validity checks block full stage
llama/B25_11/L27/repair/fold=4,llama,27,11,4,unrun_after_validity_halt,,,four failed frozen raw-LR validity checks block full stage
llama/B25_23/L27/repair/fold=0,llama,27,23,0,unrun_after_validity_halt,,,four failed frozen raw-LR validity checks block full stage
llama/B25_23/L27/repair/fold=1,llama,27,23,1,unrun_after_validity_halt,,,four failed frozen raw-LR validity checks block full stage
llama/B25_23/L27/repair/fold=2,llama,27,23,2,unrun_after_validity_halt,,,four failed frozen raw-LR validity checks block full stage
llama/B25_23/L27/repair/fold=3,llama,27,23,3,unrun_after_validity_halt,,,four failed frozen raw-LR validity checks block full stage
llama/B25_23/L27/repair/fold=4,llama,27,23,4,unrun_after_validity_halt,,,four failed frozen raw-LR validity checks block full stage
llama/B25_37/L27/repair/fold=0,llama,27,37,0,unrun_after_validity_halt,,,four failed frozen raw-LR validity checks block full stage
llama/B25_37/L27/repair/fold=1,llama,27,37,1,unrun_after_validity_halt,,,four failed frozen raw-LR validity checks block full stage
llama/B25_37/L27/repair/fold=2,llama,27,37,2,unrun_after_validity_halt,,,four failed frozen raw-LR validity checks block full stage
llama/B25_37/L27/repair/fold=3,llama,27,37,3,unrun_after_validity_halt,,,four failed frozen raw-LR validity checks block full stage
llama/B25_37/L27/repair/fold=4,llama,27,37,4,unrun_after_validity_halt,,,four failed frozen raw-LR validity checks block full stage
llama/B25_11/L28/repair/fold=0,llama,28,11,0,unrun_after_validity_halt,,,four failed frozen raw-LR validity checks block full stage
llama/B25_11/L28/repair/fold=1,llama,28,11,1,unrun_after_validity_halt,,,four failed frozen raw-LR validity checks block full stage
llama/B25_11/L28/repair/fold=2,llama,28,11,2,unrun_after_validity_halt,,,four failed frozen raw-LR validity checks block full stage
llama/B25_11/L28/repair/fold=3,llama,28,11,3,unrun_after_validity_halt,,,four failed frozen raw-LR validity checks block full stage
llama/B25_11/L28/repair/fold=4,llama,28,11,4,unrun_after_validity_halt,,,four failed frozen raw-LR validity checks block full stage
llama/B25_23/L28/repair/fold=0,llama,28,23,0,unrun_after_validity_halt,,,four failed frozen raw-LR validity checks block full stage
llama/B25_23/L28/repair/fold=1,llama,28,23,1,unrun_after_validity_halt,,,four failed frozen raw-LR validity checks block full stage
llama/B25_23/L28/repair/fold=2,llama,28,23,2,unrun_after_validity_halt,,,four failed frozen raw-LR validity checks block full stage
llama/B25_23/L28/repair/fold=3,llama,28,23,3,unrun_after_validity_halt,,,four failed frozen raw-LR validity checks block full stage
llama/B25_23/L28/repair/fold=4,llama,28,23,4,unrun_after_validity_halt,,,four failed frozen raw-LR validity checks block full stage
llama/B25_37/L28/repair/fold=0,llama,28,37,0,unrun_after_validity_halt,,,four failed frozen raw-LR validity checks block full stage
llama/B25_37/L28/repair/fold=1,llama,28,37,1,unrun_after_validity_halt,,,four failed frozen raw-LR validity checks block full stage
llama/B25_37/L28/repair/fold=2,llama,28,37,2,unrun_after_validity_halt,,,four failed frozen raw-LR validity checks block full stage
llama/B25_37/L28/repair/fold=3,llama,28,37,3,unrun_after_validity_halt,,,four failed frozen raw-LR validity checks block full stage
llama/B25_37/L28/repair/fold=4,llama,28,37,4,unrun_after_validity_halt,,,four failed frozen raw-LR validity checks block full stage
llama/B25_11/L29/repair/fold=0,llama,29,11,0,unrun_after_validity_halt,,,four failed frozen raw-LR validity checks block full stage
llama/B25_11/L29/repair/fold=1,llama,29,11,1,unrun_after_validity_halt,,,four failed frozen raw-LR validity checks block full stage
llama/B25_11/L29/repair/fold=2,llama,29,11,2,unrun_after_validity_halt,,,four failed frozen raw-LR validity checks block full stage
llama/B25_11/L29/repair/fold=3,llama,29,11,3,unrun_after_validity_halt,,,four failed frozen raw-LR validity checks block full stage
llama/B25_11/L29/repair/fold=4,llama,29,11,4,unrun_after_validity_halt,,,four failed frozen raw-LR validity checks block full stage
llama/B25_23/L29/repair/fold=0,llama,29,23,0,unrun_after_validity_halt,,,four failed frozen raw-LR validity checks block full stage
llama/B25_23/L29/repair/fold=1,llama,29,23,1,unrun_after_validity_halt,,,four failed frozen raw-LR validity checks block full stage
llama/B25_23/L29/repair/fold=2,llama,29,23,2,unrun_after_validity_halt,,,four failed frozen raw-LR validity checks block full stage
llama/B25_23/L29/repair/fold=3,llama,29,23,3,unrun_after_validity_halt,,,four failed frozen raw-LR validity checks block full stage
llama/B25_23/L29/repair/fold=4,llama,29,23,4,unrun_after_validity_halt,,,four failed frozen raw-LR validity checks block full stage
llama/B25_37/L29/repair/fold=0,llama,29,37,0,unrun_after_validity_halt,,,four failed frozen raw-LR validity checks block full stage
llama/B25_37/L29/repair/fold=1,llama,29,37,1,unrun_after_validity_halt,,,four failed frozen raw-LR validity checks block full stage
llama/B25_37/L29/repair/fold=2,llama,29,37,2,unrun_after_validity_halt,,,four failed frozen raw-LR validity checks block full stage
llama/B25_37/L29/repair/fold=3,llama,29,37,3,unrun_after_validity_halt,,,four failed frozen raw-LR validity checks block full stage
llama/B25_37/L29/repair/fold=4,llama,29,37,4,unrun_after_validity_halt,,,four failed frozen raw-LR validity checks block full stage
llama/B25_11/L30/repair/fold=0,llama,30,11,0,unrun_after_validity_halt,,,four failed frozen raw-LR validity checks block full stage
llama/B25_11/L30/repair/fold=1,llama,30,11,1,unrun_after_validity_halt,,,four failed frozen raw-LR validity checks block full stage
llama/B25_11/L30/repair/fold=2,llama,30,11,2,unrun_after_validity_halt,,,four failed frozen raw-LR validity checks block full stage
llama/B25_11/L30/repair/fold=3,llama,30,11,3,unrun_after_validity_halt,,,four failed frozen raw-LR validity checks block full stage
llama/B25_11/L30/repair/fold=4,llama,30,11,4,unrun_after_validity_halt,,,four failed frozen raw-LR validity checks block full stage
llama/B25_23/L30/repair/fold=0,llama,30,23,0,unrun_after_validity_halt,,,four failed frozen raw-LR validity checks block full stage
llama/B25_23/L30/repair/fold=1,llama,30,23,1,unrun_after_validity_halt,,,four failed frozen raw-LR validity checks block full stage
llama/B25_23/L30/repair/fold=2,llama,30,23,2,unrun_after_validity_halt,,,four failed frozen raw-LR validity checks block full stage
llama/B25_23/L30/repair/fold=3,llama,30,23,3,unrun_after_validity_halt,,,four failed frozen raw-LR validity checks block full stage
llama/B25_23/L30/repair/fold=4,llama,30,23,4,unrun_after_validity_halt,,,four failed frozen raw-LR validity checks block full stage
llama/B25_37/L30/repair/fold=0,llama,30,37,0,unrun_after_validity_halt,,,four failed frozen raw-LR validity checks block full stage
llama/B25_37/L30/repair/fold=1,llama,30,37,1,unrun_after_validity_halt,,,four failed frozen raw-LR validity checks block full stage
llama/B25_37/L30/repair/fold=2,llama,30,37,2,unrun_after_validity_halt,,,four failed frozen raw-LR validity checks block full stage
llama/B25_37/L30/repair/fold=3,llama,30,37,3,unrun_after_validity_halt,,,four failed frozen raw-LR validity checks block full stage
llama/B25_37/L30/repair/fold=4,llama,30,37,4,unrun_after_validity_halt,,,four failed frozen raw-LR validity checks block full stage
llama/B25_11/L31/repair/fold=0,llama,31,11,0,unrun_after_validity_halt,,,four failed frozen raw-LR validity checks block full stage
llama/B25_11/L31/repair/fold=1,llama,31,11,1,unrun_after_validity_halt,,,four failed frozen raw-LR validity checks block full stage
llama/B25_11/L31/repair/fold=2,llama,31,11,2,unrun_after_validity_halt,,,four failed frozen raw-LR validity checks block full stage
llama/B25_11/L31/repair/fold=3,llama,31,11,3,unrun_after_validity_halt,,,four failed frozen raw-LR validity checks block full stage
llama/B25_11/L31/repair/fold=4,llama,31,11,4,unrun_after_validity_halt,,,four failed frozen raw-LR validity checks block full stage
llama/B25_23/L31/repair/fold=0,llama,31,23,0,unrun_after_validity_halt,,,four failed frozen raw-LR validity checks block full stage
llama/B25_23/L31/repair/fold=1,llama,31,23,1,unrun_after_validity_halt,,,four failed frozen raw-LR validity checks block full stage
llama/B25_23/L31/repair/fold=2,llama,31,23,2,unrun_after_validity_halt,,,four failed frozen raw-LR validity checks block full stage
llama/B25_23/L31/repair/fold=3,llama,31,23,3,unrun_after_validity_halt,,,four failed frozen raw-LR validity checks block full stage
llama/B25_23/L31/repair/fold=4,llama,31,23,4,unrun_after_validity_halt,,,four failed frozen raw-LR validity checks block full stage
llama/B25_37/L31/repair/fold=0,llama,31,37,0,unrun_after_validity_halt,,,four failed frozen raw-LR validity checks block full stage
llama/B25_37/L31/repair/fold=1,llama,31,37,1,unrun_after_validity_halt,,,four failed frozen raw-LR validity checks block full stage
llama/B25_37/L31/repair/fold=2,llama,31,37,2,unrun_after_validity_halt,,,four failed frozen raw-LR validity checks block full stage
llama/B25_37/L31/repair/fold=3,llama,31,37,3,unrun_after_validity_halt,,,four failed frozen raw-LR validity checks block full stage
llama/B25_37/L31/repair/fold=4,llama,31,37,4,unrun_after_validity_halt,,,four failed frozen raw-LR validity checks block full stage
qwen/B25_11/L00/repair/fold=0,qwen,0,11,0,completed_valid_fresh,fits/9d7ab9224a8ae9cde4cf9d59/fit.json,3227ea38b0e971aa813fc725bde75d86c529eea1e9981d0b1e70965052e5a809,
qwen/B25_11/L00/repair/fold=1,qwen,0,11,1,completed_valid_fresh,fits/26e7d403249408fd0ce4f2a0/fit.json,b2213a1fa62f1b645ec93f847e6b0d42efb9fd5a51e656e26f2d7e365c7b0aa8,
qwen/B25_11/L00/repair/fold=2,qwen,0,11,2,completed_valid_fresh,fits/7894396936093b041ff55026/fit.json,469d9d83bdca102e8547f823e01cced8e134f0ac12e78f99df871c66d5c175d6,
qwen/B25_11/L00/repair/fold=3,qwen,0,11,3,completed_valid_fresh,fits/9a6bf4c1cbd30182e2e51e11/fit.json,0eb3ae10a24ea051fee862e3a1d99267d8b06f5e57ce37b55a71ed71ba69c982,
qwen/B25_11/L00/repair/fold=4,qwen,0,11,4,completed_valid_fresh,fits/0f5c021e0b81500d731773e4/fit.json,1e507bc6887d05495895904a789994a671afc6c4a712848f8a4d3c524aa2473d,
qwen/B25_23/L00/repair/fold=0,qwen,0,23,0,completed_valid_fresh,fits/61de102294117fb8a0e270be/fit.json,b9ef6bee206ec6a60fa4daa3c4fece94731562248a34e98cd3cbbc667eb9c242,
qwen/B25_23/L00/repair/fold=1,qwen,0,23,1,completed_valid_fresh,fits/03a7b44470ab88eb26612ac5/fit.json,a7057c7cb0a9cfdbee6d34cf3347ca01237f9ba8d5c53950364427276e6d5b0e,
qwen/B25_23/L00/repair/fold=2,qwen,0,23,2,completed_valid_fresh,fits/7650565d01d1542e5430c6ec/fit.json,071f15354f667b32ca298262b61e653d3d2f080cd6f5f64678184e554feabed5,
qwen/B25_23/L00/repair/fold=3,qwen,0,23,3,completed_valid_fresh,fits/30460e7b2ec82cd1b3c9655e/fit.json,a1fb18ebfe035e6b4bc08d873f609b25c847e8b11a7641de7b472e3bffb563f6,
qwen/B25_23/L00/repair/fold=4,qwen,0,23,4,completed_valid_fresh,fits/c7a7733ec267abc07baeb36e/fit.json,ead8ca25bb342fecf32eb49c674afab7c4b669e04f0fe9151044d458423abbdf,
qwen/B25_37/L00/repair/fold=0,qwen,0,37,0,completed_valid_fresh,fits/b0d92250d6204a6e06e80c1a/fit.json,e91075aba67e237f889d569986ced738c5e0b8fb58aac0c2259f2d2d668b2b37,
qwen/B25_37/L00/repair/fold=1,qwen,0,37,1,completed_valid_fresh,fits/b2b0cf1ee9b7be578d9fdc37/fit.json,b4c9ee52b4ab9608b7c075dabcbaa71b43438080debc668d2b09804d7aef31df,
qwen/B25_37/L00/repair/fold=2,qwen,0,37,2,completed_valid_fresh,fits/3f4625b7a7a3949d40a75840/fit.json,b7ad2c437a77959149a72fd9ba4f62af57fe4c397b025ed784300dcb036f6329,
qwen/B25_37/L00/repair/fold=3,qwen,0,37,3,completed_valid_fresh,fits/044eb500a09200bcea9fdb2c/fit.json,20f79d0e66a97c2f7a232555a8d77fb7b3f5b1903c4290a4c03b0a07810f594e,
qwen/B25_37/L00/repair/fold=4,qwen,0,37,4,completed_valid_fresh,fits/7a3855bed9d1802798b56baf/fit.json,0aed839e06c316a42824089030288d76b6e8e61f7b8db6048abb9f2027737b55,
qwen/B25_11/L01/repair/fold=0,qwen,1,11,0,completed_valid_fresh,fits/a036accf7c82058b2adb8bab/fit.json,db4b01ffc1587f0de728b930f456061f6bb6a477efa7ab21e6c9efcf33dc31e4,
qwen/B25_11/L01/repair/fold=1,qwen,1,11,1,completed_valid_fresh,fits/ec01c0b921af3618f0bdd5b0/fit.json,9b5fdab757110d8ee992abd9e435f550d09359e5456b790fcf60ccd3cfc1eedc,
qwen/B25_11/L01/repair/fold=2,qwen,1,11,2,completed_valid_fresh,fits/b7f53ed540fac7a7e404c473/fit.json,f29ab00e1782e3505f1c669d554a332f4e73f0785eaa33a148438f48be77df24,
qwen/B25_11/L01/repair/fold=3,qwen,1,11,3,completed_valid_fresh,fits/e045bae569a8f4b60f7cd978/fit.json,c858cf8f192f512b4ff8805e1bf3572e07f4b9c45e9548a2e3864a96098ed962,
qwen/B25_11/L01/repair/fold=4,qwen,1,11,4,completed_valid_fresh,fits/3eabe470141dabfc2981de2d/fit.json,10d76d6b5f9374c051e8849606bb93bc6c2b1e78a180bf324cfd8f7b1af9184a,
qwen/B25_23/L01/repair/fold=0,qwen,1,23,0,completed_valid_fresh,fits/3e7ea44487ef7fd314f3d838/fit.json,b429edde65b8455a6d4b6c74763e5288a0c1d29e26882086abfd80914da134ab,
qwen/B25_23/L01/repair/fold=1,qwen,1,23,1,completed_valid_fresh,fits/13583b85eda6ec0f047c190b/fit.json,05b7178b3c7aea072c0f477f0750c05ca411cd9c73dab6fb8b16b15243c8c165,
qwen/B25_23/L01/repair/fold=2,qwen,1,23,2,completed_valid_fresh,fits/301acd8c55af67c9cb91a98e/fit.json,11312e9634c706917ad682b27113825f78af8628e2c36641bed477ee277db35a,
qwen/B25_23/L01/repair/fold=3,qwen,1,23,3,completed_valid_fresh,fits/63eaa9a13428b4ce0cc32855/fit.json,adfd9c1171279cadf25de7bacd4eda8492d5fe55f76013a8c47289a98801531e,
qwen/B25_23/L01/repair/fold=4,qwen,1,23,4,completed_valid_fresh,fits/6319ea45a60921b4e8e9b2aa/fit.json,49308bd61a63555e6b1ffeb1c37f2734d537e9263e877c12a9c21880999e91d5,
qwen/B25_37/L01/repair/fold=0,qwen,1,37,0,completed_valid_fresh,fits/4159a3a154e3a61237fb3c66/fit.json,0833414a9d4bef81976af46a96387f8827c441ef34c9b79d6fc65fb9b59d29e9,
qwen/B25_37/L01/repair/fold=1,qwen,1,37,1,completed_valid_fresh,fits/130dea2e29fbe438d5cccb4b/fit.json,af40ae0469447d35f2c1ae037360655e2ede6fdcb6deaf032bfeadb591407727,
qwen/B25_37/L01/repair/fold=2,qwen,1,37,2,completed_valid_fresh,fits/0c6bb4fc133695c1da80766c/fit.json,90c0eb41e44ca53b73f9303631dfb2080168a1b329dfc0cee6306b76a489021e,
qwen/B25_37/L01/repair/fold=3,qwen,1,37,3,completed_valid_fresh,fits/127a6cd5477f91267964a6f0/fit.json,aba9537644ade70bf24dd8c5cfe13542d9673b1f88f79483d7567fd53d221e37,
qwen/B25_37/L01/repair/fold=4,qwen,1,37,4,completed_valid_fresh,fits/a3403e50407968edcdd5ccea/fit.json,c117ea2a38ebdf4c2d67c604b6f9a1fce553a818030ffbc65d08060ab36ad03e,
qwen/B25_11/L02/repair/fold=0,qwen,2,11,0,completed_valid_fresh,fits/96350959161ce70dd046de76/fit.json,2321f8d5eccc29ea786a976ce4d83f9b89eafc14f7350cb0626422a1722c961e,
qwen/B25_11/L02/repair/fold=1,qwen,2,11,1,completed_valid_fresh,fits/44b7519af622fe230f23b54e/fit.json,353f59a78bbddf5ca4113d939474e327fb6ba8150a99c29abc53ec420f040237,
qwen/B25_11/L02/repair/fold=2,qwen,2,11,2,completed_valid_fresh,fits/e6fdc951081d8904cf069e9d/fit.json,5be6b258bf6dc68c864933c37624d4d2ef7a4107fd8d2cb5e6a77dad7e91bc1f,
qwen/B25_11/L02/repair/fold=3,qwen,2,11,3,completed_valid_fresh,fits/a863e83188b490aec95c946f/fit.json,3225f481e9bd7b52eaf1ab3baaec5254861f7ab270ec4e6d8f155a81be64981f,
qwen/B25_11/L02/repair/fold=4,qwen,2,11,4,completed_valid_fresh,fits/2e7dab8cc2278d67480c530f/fit.json,89536464106004e501b5c6a37710e70cdfba84fc9e89e4b1f3d575da79de10c9,
qwen/B25_23/L02/repair/fold=0,qwen,2,23,0,completed_valid_fresh,fits/fd6d2c2a6ca0d684529dbfd8/fit.json,aa1d80b2dc022d3fbf1086163a81af90fb901ee20ac52c9e359be255f8aad046,
qwen/B25_23/L02/repair/fold=1,qwen,2,23,1,completed_valid_fresh,fits/3c1061ef4789c4e279e5ba27/fit.json,4844a7582f1e0111894c8e051f714225f503f8285a07f95a55518f5f083a5e15,
qwen/B25_23/L02/repair/fold=2,qwen,2,23,2,completed_valid_fresh,fits/f789b80dbac58f4da52e3bf4/fit.json,8b61de380ce922724a5e72a05f4eac767b8dd5b6197edf4c407cfc9cc1bd32a0,
qwen/B25_23/L02/repair/fold=3,qwen,2,23,3,completed_valid_fresh,fits/be0f3b8843582d7b86b48eec/fit.json,4bce2ae572e03ba9632598898a239a68d2322b49c64af83a38e83aeff4b5b873,
qwen/B25_23/L02/repair/fold=4,qwen,2,23,4,completed_valid_fresh,fits/edf09ef275f681fa5992f55f/fit.json,52db977d9f0c3f53405971e85676e47ce93b6f126de12c12f0cecaaf4b9498bf,
qwen/B25_37/L02/repair/fold=0,qwen,2,37,0,completed_valid_fresh,fits/b4d10b68bae38866aea140de/fit.json,3b9985ed01eea3ca4bc8ff278a154e97c0f8a847896da7a1e22e880207cb78ee,
qwen/B25_37/L02/repair/fold=1,qwen,2,37,1,completed_valid_fresh,fits/733d8788f4bda5a046517253/fit.json,f9df6aae41d0ccd33e3ea891010ebaaaea4f72ec039896d5f11108fbfd558ffa,
qwen/B25_37/L02/repair/fold=2,qwen,2,37,2,interrupted_no_checkpoint,,,optimization interrupted by validity halt; no published output
qwen/B25_37/L02/repair/fold=3,qwen,2,37,3,unrun_after_validity_halt,,,four failed frozen raw-LR validity checks block full stage
qwen/B25_37/L02/repair/fold=4,qwen,2,37,4,unrun_after_validity_halt,,,four failed frozen raw-LR validity checks block full stage
qwen/B25_11/L03/repair/fold=0,qwen,3,11,0,unrun_after_validity_halt,,,four failed frozen raw-LR validity checks block full stage
qwen/B25_11/L03/repair/fold=1,qwen,3,11,1,unrun_after_validity_halt,,,four failed frozen raw-LR validity checks block full stage
qwen/B25_11/L03/repair/fold=2,qwen,3,11,2,unrun_after_validity_halt,,,four failed frozen raw-LR validity checks block full stage
qwen/B25_11/L03/repair/fold=3,qwen,3,11,3,unrun_after_validity_halt,,,four failed frozen raw-LR validity checks block full stage
qwen/B25_11/L03/repair/fold=4,qwen,3,11,4,unrun_after_validity_halt,,,four failed frozen raw-LR validity checks block full stage
qwen/B25_23/L03/repair/fold=0,qwen,3,23,0,unrun_after_validity_halt,,,four failed frozen raw-LR validity checks block full stage
qwen/B25_23/L03/repair/fold=1,qwen,3,23,1,unrun_after_validity_halt,,,four failed frozen raw-LR validity checks block full stage
qwen/B25_23/L03/repair/fold=2,qwen,3,23,2,unrun_after_validity_halt,,,four failed frozen raw-LR validity checks block full stage
qwen/B25_23/L03/repair/fold=3,qwen,3,23,3,unrun_after_validity_halt,,,four failed frozen raw-LR validity checks block full stage
qwen/B25_23/L03/repair/fold=4,qwen,3,23,4,unrun_after_validity_halt,,,four failed frozen raw-LR validity checks block full stage
qwen/B25_37/L03/repair/fold=0,qwen,3,37,0,unrun_after_validity_halt,,,four failed frozen raw-LR validity checks block full stage
qwen/B25_37/L03/repair/fold=1,qwen,3,37,1,unrun_after_validity_halt,,,four failed frozen raw-LR validity checks block full stage
qwen/B25_37/L03/repair/fold=2,qwen,3,37,2,unrun_after_validity_halt,,,four failed frozen raw-LR validity checks block full stage
qwen/B25_37/L03/repair/fold=3,qwen,3,37,3,unrun_after_validity_halt,,,four failed frozen raw-LR validity checks block full stage
qwen/B25_37/L03/repair/fold=4,qwen,3,37,4,unrun_after_validity_halt,,,four failed frozen raw-LR validity checks block full stage
qwen/B25_11/L04/repair/fold=0,qwen,4,11,0,unrun_after_validity_halt,,,four failed frozen raw-LR validity checks block full stage
qwen/B25_11/L04/repair/fold=1,qwen,4,11,1,unrun_after_validity_halt,,,four failed frozen raw-LR validity checks block full stage
qwen/B25_11/L04/repair/fold=2,qwen,4,11,2,unrun_after_validity_halt,,,four failed frozen raw-LR validity checks block full stage
qwen/B25_11/L04/repair/fold=3,qwen,4,11,3,unrun_after_validity_halt,,,four failed frozen raw-LR validity checks block full stage
qwen/B25_11/L04/repair/fold=4,qwen,4,11,4,unrun_after_validity_halt,,,four failed frozen raw-LR validity checks block full stage
qwen/B25_23/L04/repair/fold=0,qwen,4,23,0,unrun_after_validity_halt,,,four failed frozen raw-LR validity checks block full stage
qwen/B25_23/L04/repair/fold=1,qwen,4,23,1,unrun_after_validity_halt,,,four failed frozen raw-LR validity checks block full stage
qwen/B25_23/L04/repair/fold=2,qwen,4,23,2,unrun_after_validity_halt,,,four failed frozen raw-LR validity checks block full stage
qwen/B25_23/L04/repair/fold=3,qwen,4,23,3,unrun_after_validity_halt,,,four failed frozen raw-LR validity checks block full stage
qwen/B25_23/L04/repair/fold=4,qwen,4,23,4,unrun_after_validity_halt,,,four failed frozen raw-LR validity checks block full stage
qwen/B25_37/L04/repair/fold=0,qwen,4,37,0,unrun_after_validity_halt,,,four failed frozen raw-LR validity checks block full stage
qwen/B25_37/L04/repair/fold=1,qwen,4,37,1,unrun_after_validity_halt,,,four failed frozen raw-LR validity checks block full stage
qwen/B25_37/L04/repair/fold=2,qwen,4,37,2,unrun_after_validity_halt,,,four failed frozen raw-LR validity checks block full stage
qwen/B25_37/L04/repair/fold=3,qwen,4,37,3,unrun_after_validity_halt,,,four failed frozen raw-LR validity checks block full stage
qwen/B25_37/L04/repair/fold=4,qwen,4,37,4,unrun_after_validity_halt,,,four failed frozen raw-LR validity checks block full stage
qwen/B25_11/L05/repair/fold=0,qwen,5,11,0,unrun_after_validity_halt,,,four failed frozen raw-LR validity checks block full stage
qwen/B25_11/L05/repair/fold=1,qwen,5,11,1,unrun_after_validity_halt,,,four failed frozen raw-LR validity checks block full stage
qwen/B25_11/L05/repair/fold=2,qwen,5,11,2,unrun_after_validity_halt,,,four failed frozen raw-LR validity checks block full stage
qwen/B25_11/L05/repair/fold=3,qwen,5,11,3,unrun_after_validity_halt,,,four failed frozen raw-LR validity checks block full stage
qwen/B25_11/L05/repair/fold=4,qwen,5,11,4,unrun_after_validity_halt,,,four failed frozen raw-LR validity checks block full stage
qwen/B25_23/L05/repair/fold=0,qwen,5,23,0,unrun_after_validity_halt,,,four failed frozen raw-LR validity checks block full stage
qwen/B25_23/L05/repair/fold=1,qwen,5,23,1,unrun_after_validity_halt,,,four failed frozen raw-LR validity checks block full stage
qwen/B25_23/L05/repair/fold=2,qwen,5,23,2,unrun_after_validity_halt,,,four failed frozen raw-LR validity checks block full stage
qwen/B25_23/L05/repair/fold=3,qwen,5,23,3,unrun_after_validity_halt,,,four failed frozen raw-LR validity checks block full stage
qwen/B25_23/L05/repair/fold=4,qwen,5,23,4,unrun_after_validity_halt,,,four failed frozen raw-LR validity checks block full stage
qwen/B25_37/L05/repair/fold=0,qwen,5,37,0,unrun_after_validity_halt,,,four failed frozen raw-LR validity checks block full stage
qwen/B25_37/L05/repair/fold=1,qwen,5,37,1,unrun_after_validity_halt,,,four failed frozen raw-LR validity checks block full stage
qwen/B25_37/L05/repair/fold=2,qwen,5,37,2,unrun_after_validity_halt,,,four failed frozen raw-LR validity checks block full stage
qwen/B25_37/L05/repair/fold=3,qwen,5,37,3,unrun_after_validity_halt,,,four failed frozen raw-LR validity checks block full stage
qwen/B25_37/L05/repair/fold=4,qwen,5,37,4,unrun_after_validity_halt,,,four failed frozen raw-LR validity checks block full stage
qwen/B25_11/L06/repair/fold=0,qwen,6,11,0,unrun_after_validity_halt,,,four failed frozen raw-LR validity checks block full stage
qwen/B25_11/L06/repair/fold=1,qwen,6,11,1,unrun_after_validity_halt,,,four failed frozen raw-LR validity checks block full stage
qwen/B25_11/L06/repair/fold=2,qwen,6,11,2,unrun_after_validity_halt,,,four failed frozen raw-LR validity checks block full stage
qwen/B25_11/L06/repair/fold=3,qwen,6,11,3,unrun_after_validity_halt,,,four failed frozen raw-LR validity checks block full stage
qwen/B25_11/L06/repair/fold=4,qwen,6,11,4,unrun_after_validity_halt,,,four failed frozen raw-LR validity checks block full stage
qwen/B25_23/L06/repair/fold=0,qwen,6,23,0,unrun_after_validity_halt,,,four failed frozen raw-LR validity checks block full stage
qwen/B25_23/L06/repair/fold=1,qwen,6,23,1,unrun_after_validity_halt,,,four failed frozen raw-LR validity checks block full stage
qwen/B25_23/L06/repair/fold=2,qwen,6,23,2,unrun_after_validity_halt,,,four failed frozen raw-LR validity checks block full stage
qwen/B25_23/L06/repair/fold=3,qwen,6,23,3,unrun_after_validity_halt,,,four failed frozen raw-LR validity checks block full stage
qwen/B25_23/L06/repair/fold=4,qwen,6,23,4,unrun_after_validity_halt,,,four failed frozen raw-LR validity checks block full stage
qwen/B25_37/L06/repair/fold=0,qwen,6,37,0,unrun_after_validity_halt,,,four failed frozen raw-LR validity checks block full stage
qwen/B25_37/L06/repair/fold=1,qwen,6,37,1,unrun_after_validity_halt,,,four failed frozen raw-LR validity checks block full stage
qwen/B25_37/L06/repair/fold=2,qwen,6,37,2,unrun_after_validity_halt,,,four failed frozen raw-LR validity checks block full stage
qwen/B25_37/L06/repair/fold=3,qwen,6,37,3,unrun_after_validity_halt,,,four failed frozen raw-LR validity checks block full stage
qwen/B25_37/L06/repair/fold=4,qwen,6,37,4,unrun_after_validity_halt,,,four failed frozen raw-LR validity checks block full stage
qwen/B25_11/L07/repair/fold=0,qwen,7,11,0,unrun_after_validity_halt,,,four failed frozen raw-LR validity checks block full stage
qwen/B25_11/L07/repair/fold=1,qwen,7,11,1,unrun_after_validity_halt,,,four failed frozen raw-LR validity checks block full stage
qwen/B25_11/L07/repair/fold=2,qwen,7,11,2,unrun_after_validity_halt,,,four failed frozen raw-LR validity checks block full stage
qwen/B25_11/L07/repair/fold=3,qwen,7,11,3,unrun_after_validity_halt,,,four failed frozen raw-LR validity checks block full stage
qwen/B25_11/L07/repair/fold=4,qwen,7,11,4,unrun_after_validity_halt,,,four failed frozen raw-LR validity checks block full stage
qwen/B25_23/L07/repair/fold=0,qwen,7,23,0,unrun_after_validity_halt,,,four failed frozen raw-LR validity checks block full stage
qwen/B25_23/L07/repair/fold=1,qwen,7,23,1,unrun_after_validity_halt,,,four failed frozen raw-LR validity checks block full stage
qwen/B25_23/L07/repair/fold=2,qwen,7,23,2,unrun_after_validity_halt,,,four failed frozen raw-LR validity checks block full stage
qwen/B25_23/L07/repair/fold=3,qwen,7,23,3,unrun_after_validity_halt,,,four failed frozen raw-LR validity checks block full stage
qwen/B25_23/L07/repair/fold=4,qwen,7,23,4,unrun_after_validity_halt,,,four failed frozen raw-LR validity checks block full stage
qwen/B25_37/L07/repair/fold=0,qwen,7,37,0,unrun_after_validity_halt,,,four failed frozen raw-LR validity checks block full stage
qwen/B25_37/L07/repair/fold=1,qwen,7,37,1,unrun_after_validity_halt,,,four failed frozen raw-LR validity checks block full stage
qwen/B25_37/L07/repair/fold=2,qwen,7,37,2,unrun_after_validity_halt,,,four failed frozen raw-LR validity checks block full stage
qwen/B25_37/L07/repair/fold=3,qwen,7,37,3,unrun_after_validity_halt,,,four failed frozen raw-LR validity checks block full stage
qwen/B25_37/L07/repair/fold=4,qwen,7,37,4,unrun_after_validity_halt,,,four failed frozen raw-LR validity checks block full stage
qwen/B25_11/L08/repair/fold=0,qwen,8,11,0,unrun_after_validity_halt,,,four failed frozen raw-LR validity checks block full stage
qwen/B25_11/L08/repair/fold=1,qwen,8,11,1,unrun_after_validity_halt,,,four failed frozen raw-LR validity checks block full stage
qwen/B25_11/L08/repair/fold=2,qwen,8,11,2,unrun_after_validity_halt,,,four failed frozen raw-LR validity checks block full stage
qwen/B25_11/L08/repair/fold=3,qwen,8,11,3,unrun_after_validity_halt,,,four failed frozen raw-LR validity checks block full stage
qwen/B25_11/L08/repair/fold=4,qwen,8,11,4,unrun_after_validity_halt,,,four failed frozen raw-LR validity checks block full stage
qwen/B25_23/L08/repair/fold=0,qwen,8,23,0,unrun_after_validity_halt,,,four failed frozen raw-LR validity checks block full stage
qwen/B25_23/L08/repair/fold=1,qwen,8,23,1,unrun_after_validity_halt,,,four failed frozen raw-LR validity checks block full stage
qwen/B25_23/L08/repair/fold=2,qwen,8,23,2,unrun_after_validity_halt,,,four failed frozen raw-LR validity checks block full stage
qwen/B25_23/L08/repair/fold=3,qwen,8,23,3,unrun_after_validity_halt,,,four failed frozen raw-LR validity checks block full stage
qwen/B25_23/L08/repair/fold=4,qwen,8,23,4,unrun_after_validity_halt,,,four failed frozen raw-LR validity checks block full stage
qwen/B25_37/L08/repair/fold=0,qwen,8,37,0,unrun_after_validity_halt,,,four failed frozen raw-LR validity checks block full stage
qwen/B25_37/L08/repair/fold=1,qwen,8,37,1,unrun_after_validity_halt,,,four failed frozen raw-LR validity checks block full stage
qwen/B25_37/L08/repair/fold=2,qwen,8,37,2,unrun_after_validity_halt,,,four failed frozen raw-LR validity checks block full stage
qwen/B25_37/L08/repair/fold=3,qwen,8,37,3,unrun_after_validity_halt,,,four failed frozen raw-LR validity checks block full stage
qwen/B25_37/L08/repair/fold=4,qwen,8,37,4,unrun_after_validity_halt,,,four failed frozen raw-LR validity checks block full stage
qwen/B25_11/L09/repair/fold=0,qwen,9,11,0,unrun_after_validity_halt,,,four failed frozen raw-LR validity checks block full stage
qwen/B25_11/L09/repair/fold=1,qwen,9,11,1,unrun_after_validity_halt,,,four failed frozen raw-LR validity checks block full stage
qwen/B25_11/L09/repair/fold=2,qwen,9,11,2,unrun_after_validity_halt,,,four failed frozen raw-LR validity checks block full stage
qwen/B25_11/L09/repair/fold=3,qwen,9,11,3,unrun_after_validity_halt,,,four failed frozen raw-LR validity checks block full stage
qwen/B25_11/L09/repair/fold=4,qwen,9,11,4,unrun_after_validity_halt,,,four failed frozen raw-LR validity checks block full stage
qwen/B25_23/L09/repair/fold=0,qwen,9,23,0,unrun_after_validity_halt,,,four failed frozen raw-LR validity checks block full stage
qwen/B25_23/L09/repair/fold=1,qwen,9,23,1,unrun_after_validity_halt,,,four failed frozen raw-LR validity checks block full stage
qwen/B25_23/L09/repair/fold=2,qwen,9,23,2,unrun_after_validity_halt,,,four failed frozen raw-LR validity checks block full stage
qwen/B25_23/L09/repair/fold=3,qwen,9,23,3,unrun_after_validity_halt,,,four failed frozen raw-LR validity checks block full stage
qwen/B25_23/L09/repair/fold=4,qwen,9,23,4,unrun_after_validity_halt,,,four failed frozen raw-LR validity checks block full stage
qwen/B25_37/L09/repair/fold=0,qwen,9,37,0,unrun_after_validity_halt,,,four failed frozen raw-LR validity checks block full stage
qwen/B25_37/L09/repair/fold=1,qwen,9,37,1,unrun_after_validity_halt,,,four failed frozen raw-LR validity checks block full stage
qwen/B25_37/L09/repair/fold=2,qwen,9,37,2,unrun_after_validity_halt,,,four failed frozen raw-LR validity checks block full stage
qwen/B25_37/L09/repair/fold=3,qwen,9,37,3,unrun_after_validity_halt,,,four failed frozen raw-LR validity checks block full stage
qwen/B25_37/L09/repair/fold=4,qwen,9,37,4,unrun_after_validity_halt,,,four failed frozen raw-LR validity checks block full stage
qwen/B25_11/L10/repair/fold=0,qwen,10,11,0,unrun_after_validity_halt,,,four failed frozen raw-LR validity checks block full stage
qwen/B25_11/L10/repair/fold=1,qwen,10,11,1,unrun_after_validity_halt,,,four failed frozen raw-LR validity checks block full stage
qwen/B25_11/L10/repair/fold=2,qwen,10,11,2,unrun_after_validity_halt,,,four failed frozen raw-LR validity checks block full stage
qwen/B25_11/L10/repair/fold=3,qwen,10,11,3,unrun_after_validity_halt,,,four failed frozen raw-LR validity checks block full stage
qwen/B25_11/L10/repair/fold=4,qwen,10,11,4,unrun_after_validity_halt,,,four failed frozen raw-LR validity checks block full stage
qwen/B25_23/L10/repair/fold=0,qwen,10,23,0,unrun_after_validity_halt,,,four failed frozen raw-LR validity checks block full stage
qwen/B25_23/L10/repair/fold=1,qwen,10,23,1,unrun_after_validity_halt,,,four failed frozen raw-LR validity checks block full stage
qwen/B25_23/L10/repair/fold=2,qwen,10,23,2,unrun_after_validity_halt,,,four failed frozen raw-LR validity checks block full stage
qwen/B25_23/L10/repair/fold=3,qwen,10,23,3,unrun_after_validity_halt,,,four failed frozen raw-LR validity checks block full stage
qwen/B25_23/L10/repair/fold=4,qwen,10,23,4,unrun_after_validity_halt,,,four failed frozen raw-LR validity checks block full stage
qwen/B25_37/L10/repair/fold=0,qwen,10,37,0,unrun_after_validity_halt,,,four failed frozen raw-LR validity checks block full stage
qwen/B25_37/L10/repair/fold=1,qwen,10,37,1,unrun_after_validity_halt,,,four failed frozen raw-LR validity checks block full stage
qwen/B25_37/L10/repair/fold=2,qwen,10,37,2,unrun_after_validity_halt,,,four failed frozen raw-LR validity checks block full stage
qwen/B25_37/L10/repair/fold=3,qwen,10,37,3,unrun_after_validity_halt,,,four failed frozen raw-LR validity checks block full stage
qwen/B25_37/L10/repair/fold=4,qwen,10,37,4,unrun_after_validity_halt,,,four failed frozen raw-LR validity checks block full stage
qwen/B25_11/L11/repair/fold=0,qwen,11,11,0,unrun_after_validity_halt,,,four failed frozen raw-LR validity checks block full stage
qwen/B25_11/L11/repair/fold=1,qwen,11,11,1,unrun_after_validity_halt,,,four failed frozen raw-LR validity checks block full stage
qwen/B25_11/L11/repair/fold=2,qwen,11,11,2,unrun_after_validity_halt,,,four failed frozen raw-LR validity checks block full stage
qwen/B25_11/L11/repair/fold=3,qwen,11,11,3,unrun_after_validity_halt,,,four failed frozen raw-LR validity checks block full stage
qwen/B25_11/L11/repair/fold=4,qwen,11,11,4,unrun_after_validity_halt,,,four failed frozen raw-LR validity checks block full stage
qwen/B25_23/L11/repair/fold=0,qwen,11,23,0,unrun_after_validity_halt,,,four failed frozen raw-LR validity checks block full stage
qwen/B25_23/L11/repair/fold=1,qwen,11,23,1,unrun_after_validity_halt,,,four failed frozen raw-LR validity checks block full stage
qwen/B25_23/L11/repair/fold=2,qwen,11,23,2,unrun_after_validity_halt,,,four failed frozen raw-LR validity checks block full stage
qwen/B25_23/L11/repair/fold=3,qwen,11,23,3,unrun_after_validity_halt,,,four failed frozen raw-LR validity checks block full stage
qwen/B25_23/L11/repair/fold=4,qwen,11,23,4,unrun_after_validity_halt,,,four failed frozen raw-LR validity checks block full stage
qwen/B25_37/L11/repair/fold=0,qwen,11,37,0,unrun_after_validity_halt,,,four failed frozen raw-LR validity checks block full stage
qwen/B25_37/L11/repair/fold=1,qwen,11,37,1,unrun_after_validity_halt,,,four failed frozen raw-LR validity checks block full stage
qwen/B25_37/L11/repair/fold=2,qwen,11,37,2,unrun_after_validity_halt,,,four failed frozen raw-LR validity checks block full stage
qwen/B25_37/L11/repair/fold=3,qwen,11,37,3,unrun_after_validity_halt,,,four failed frozen raw-LR validity checks block full stage
qwen/B25_37/L11/repair/fold=4,qwen,11,37,4,unrun_after_validity_halt,,,four failed frozen raw-LR validity checks block full stage
qwen/B25_11/L12/repair/fold=0,qwen,12,11,0,unrun_after_validity_halt,,,four failed frozen raw-LR validity checks block full stage
qwen/B25_11/L12/repair/fold=1,qwen,12,11,1,unrun_after_validity_halt,,,four failed frozen raw-LR validity checks block full stage
qwen/B25_11/L12/repair/fold=2,qwen,12,11,2,unrun_after_validity_halt,,,four failed frozen raw-LR validity checks block full stage
qwen/B25_11/L12/repair/fold=3,qwen,12,11,3,unrun_after_validity_halt,,,four failed frozen raw-LR validity checks block full stage
qwen/B25_11/L12/repair/fold=4,qwen,12,11,4,unrun_after_validity_halt,,,four failed frozen raw-LR validity checks block full stage
qwen/B25_23/L12/repair/fold=0,qwen,12,23,0,unrun_after_validity_halt,,,four failed frozen raw-LR validity checks block full stage
qwen/B25_23/L12/repair/fold=1,qwen,12,23,1,unrun_after_validity_halt,,,four failed frozen raw-LR validity checks block full stage
qwen/B25_23/L12/repair/fold=2,qwen,12,23,2,unrun_after_validity_halt,,,four failed frozen raw-LR validity checks block full stage
qwen/B25_23/L12/repair/fold=3,qwen,12,23,3,unrun_after_validity_halt,,,four failed frozen raw-LR validity checks block full stage
qwen/B25_23/L12/repair/fold=4,qwen,12,23,4,unrun_after_validity_halt,,,four failed frozen raw-LR validity checks block full stage
qwen/B25_37/L12/repair/fold=0,qwen,12,37,0,unrun_after_validity_halt,,,four failed frozen raw-LR validity checks block full stage
qwen/B25_37/L12/repair/fold=1,qwen,12,37,1,unrun_after_validity_halt,,,four failed frozen raw-LR validity checks block full stage
qwen/B25_37/L12/repair/fold=2,qwen,12,37,2,unrun_after_validity_halt,,,four failed frozen raw-LR validity checks block full stage
qwen/B25_37/L12/repair/fold=3,qwen,12,37,3,unrun_after_validity_halt,,,four failed frozen raw-LR validity checks block full stage
qwen/B25_37/L12/repair/fold=4,qwen,12,37,4,unrun_after_validity_halt,,,four failed frozen raw-LR validity checks block full stage
qwen/B25_11/L13/repair/fold=0,qwen,13,11,0,unrun_after_validity_halt,,,four failed frozen raw-LR validity checks block full stage
qwen/B25_11/L13/repair/fold=1,qwen,13,11,1,unrun_after_validity_halt,,,four failed frozen raw-LR validity checks block full stage
qwen/B25_11/L13/repair/fold=2,qwen,13,11,2,unrun_after_validity_halt,,,four failed frozen raw-LR validity checks block full stage
qwen/B25_11/L13/repair/fold=3,qwen,13,11,3,unrun_after_validity_halt,,,four failed frozen raw-LR validity checks block full stage
qwen/B25_11/L13/repair/fold=4,qwen,13,11,4,unrun_after_validity_halt,,,four failed frozen raw-LR validity checks block full stage
qwen/B25_23/L13/repair/fold=0,qwen,13,23,0,unrun_after_validity_halt,,,four failed frozen raw-LR validity checks block full stage
qwen/B25_23/L13/repair/fold=1,qwen,13,23,1,unrun_after_validity_halt,,,four failed frozen raw-LR validity checks block full stage
qwen/B25_23/L13/repair/fold=2,qwen,13,23,2,unrun_after_validity_halt,,,four failed frozen raw-LR validity checks block full stage
qwen/B25_23/L13/repair/fold=3,qwen,13,23,3,unrun_after_validity_halt,,,four failed frozen raw-LR validity checks block full stage
qwen/B25_23/L13/repair/fold=4,qwen,13,23,4,unrun_after_validity_halt,,,four failed frozen raw-LR validity checks block full stage
qwen/B25_37/L13/repair/fold=0,qwen,13,37,0,unrun_after_validity_halt,,,four failed frozen raw-LR validity checks block full stage
qwen/B25_37/L13/repair/fold=1,qwen,13,37,1,unrun_after_validity_halt,,,four failed frozen raw-LR validity checks block full stage
qwen/B25_37/L13/repair/fold=2,qwen,13,37,2,unrun_after_validity_halt,,,four failed frozen raw-LR validity checks block full stage
qwen/B25_37/L13/repair/fold=3,qwen,13,37,3,unrun_after_validity_halt,,,four failed frozen raw-LR validity checks block full stage
qwen/B25_37/L13/repair/fold=4,qwen,13,37,4,unrun_after_validity_halt,,,four failed frozen raw-LR validity checks block full stage
qwen/B25_11/L14/repair/fold=0,qwen,14,11,0,unrun_after_validity_halt,,,four failed frozen raw-LR validity checks block full stage
qwen/B25_11/L14/repair/fold=1,qwen,14,11,1,unrun_after_validity_halt,,,four failed frozen raw-LR validity checks block full stage
qwen/B25_11/L14/repair/fold=2,qwen,14,11,2,unrun_after_validity_halt,,,four failed frozen raw-LR validity checks block full stage
qwen/B25_11/L14/repair/fold=3,qwen,14,11,3,unrun_after_validity_halt,,,four failed frozen raw-LR validity checks block full stage
qwen/B25_11/L14/repair/fold=4,qwen,14,11,4,unrun_after_validity_halt,,,four failed frozen raw-LR validity checks block full stage
qwen/B25_23/L14/repair/fold=0,qwen,14,23,0,unrun_after_validity_halt,,,four failed frozen raw-LR validity checks block full stage
qwen/B25_23/L14/repair/fold=1,qwen,14,23,1,unrun_after_validity_halt,,,four failed frozen raw-LR validity checks block full stage
qwen/B25_23/L14/repair/fold=2,qwen,14,23,2,unrun_after_validity_halt,,,four failed frozen raw-LR validity checks block full stage
qwen/B25_23/L14/repair/fold=3,qwen,14,23,3,unrun_after_validity_halt,,,four failed frozen raw-LR validity checks block full stage
qwen/B25_23/L14/repair/fold=4,qwen,14,23,4,unrun_after_validity_halt,,,four failed frozen raw-LR validity checks block full stage
qwen/B25_37/L14/repair/fold=0,qwen,14,37,0,unrun_after_validity_halt,,,four failed frozen raw-LR validity checks block full stage
qwen/B25_37/L14/repair/fold=1,qwen,14,37,1,unrun_after_validity_halt,,,four failed frozen raw-LR validity checks block full stage
qwen/B25_37/L14/repair/fold=2,qwen,14,37,2,unrun_after_validity_halt,,,four failed frozen raw-LR validity checks block full stage
qwen/B25_37/L14/repair/fold=3,qwen,14,37,3,unrun_after_validity_halt,,,four failed frozen raw-LR validity checks block full stage
qwen/B25_37/L14/repair/fold=4,qwen,14,37,4,unrun_after_validity_halt,,,four failed frozen raw-LR validity checks block full stage
qwen/B25_11/L15/repair/fold=0,qwen,15,11,0,unrun_after_validity_halt,,,four failed frozen raw-LR validity checks block full stage
qwen/B25_11/L15/repair/fold=1,qwen,15,11,1,unrun_after_validity_halt,,,four failed frozen raw-LR validity checks block full stage
qwen/B25_11/L15/repair/fold=2,qwen,15,11,2,unrun_after_validity_halt,,,four failed frozen raw-LR validity checks block full stage
qwen/B25_11/L15/repair/fold=3,qwen,15,11,3,unrun_after_validity_halt,,,four failed frozen raw-LR validity checks block full stage
qwen/B25_11/L15/repair/fold=4,qwen,15,11,4,unrun_after_validity_halt,,,four failed frozen raw-LR validity checks block full stage
qwen/B25_23/L15/repair/fold=0,qwen,15,23,0,unrun_after_validity_halt,,,four failed frozen raw-LR validity checks block full stage
qwen/B25_23/L15/repair/fold=1,qwen,15,23,1,unrun_after_validity_halt,,,four failed frozen raw-LR validity checks block full stage
qwen/B25_23/L15/repair/fold=2,qwen,15,23,2,unrun_after_validity_halt,,,four failed frozen raw-LR validity checks block full stage
qwen/B25_23/L15/repair/fold=3,qwen,15,23,3,unrun_after_validity_halt,,,four failed frozen raw-LR validity checks block full stage
qwen/B25_23/L15/repair/fold=4,qwen,15,23,4,unrun_after_validity_halt,,,four failed frozen raw-LR validity checks block full stage
qwen/B25_37/L15/repair/fold=0,qwen,15,37,0,unrun_after_validity_halt,,,four failed frozen raw-LR validity checks block full stage
qwen/B25_37/L15/repair/fold=1,qwen,15,37,1,unrun_after_validity_halt,,,four failed frozen raw-LR validity checks block full stage
qwen/B25_37/L15/repair/fold=2,qwen,15,37,2,unrun_after_validity_halt,,,four failed frozen raw-LR validity checks block full stage
qwen/B25_37/L15/repair/fold=3,qwen,15,37,3,unrun_after_validity_halt,,,four failed frozen raw-LR validity checks block full stage
qwen/B25_37/L15/repair/fold=4,qwen,15,37,4,unrun_after_validity_halt,,,four failed frozen raw-LR validity checks block full stage
qwen/B25_11/L16/repair/fold=0,qwen,16,11,0,unrun_after_validity_halt,,,four failed frozen raw-LR validity checks block full stage
qwen/B25_11/L16/repair/fold=1,qwen,16,11,1,unrun_after_validity_halt,,,four failed frozen raw-LR validity checks block full stage
qwen/B25_11/L16/repair/fold=2,qwen,16,11,2,unrun_after_validity_halt,,,four failed frozen raw-LR validity checks block full stage
qwen/B25_11/L16/repair/fold=3,qwen,16,11,3,unrun_after_validity_halt,,,four failed frozen raw-LR validity checks block full stage
qwen/B25_11/L16/repair/fold=4,qwen,16,11,4,unrun_after_validity_halt,,,four failed frozen raw-LR validity checks block full stage
qwen/B25_23/L16/repair/fold=0,qwen,16,23,0,unrun_after_validity_halt,,,four failed frozen raw-LR validity checks block full stage
qwen/B25_23/L16/repair/fold=1,qwen,16,23,1,unrun_after_validity_halt,,,four failed frozen raw-LR validity checks block full stage
qwen/B25_23/L16/repair/fold=2,qwen,16,23,2,unrun_after_validity_halt,,,four failed frozen raw-LR validity checks block full stage
qwen/B25_23/L16/repair/fold=3,qwen,16,23,3,unrun_after_validity_halt,,,four failed frozen raw-LR validity checks block full stage
qwen/B25_23/L16/repair/fold=4,qwen,16,23,4,unrun_after_validity_halt,,,four failed frozen raw-LR validity checks block full stage
qwen/B25_37/L16/repair/fold=0,qwen,16,37,0,unrun_after_validity_halt,,,four failed frozen raw-LR validity checks block full stage
qwen/B25_37/L16/repair/fold=1,qwen,16,37,1,unrun_after_validity_halt,,,four failed frozen raw-LR validity checks block full stage
qwen/B25_37/L16/repair/fold=2,qwen,16,37,2,unrun_after_validity_halt,,,four failed frozen raw-LR validity checks block full stage
qwen/B25_37/L16/repair/fold=3,qwen,16,37,3,unrun_after_validity_halt,,,four failed frozen raw-LR validity checks block full stage
qwen/B25_37/L16/repair/fold=4,qwen,16,37,4,unrun_after_validity_halt,,,four failed frozen raw-LR validity checks block full stage
qwen/B25_11/L17/repair/fold=0,qwen,17,11,0,unrun_after_validity_halt,,,four failed frozen raw-LR validity checks block full stage
qwen/B25_11/L17/repair/fold=1,qwen,17,11,1,unrun_after_validity_halt,,,four failed frozen raw-LR validity checks block full stage
qwen/B25_11/L17/repair/fold=2,qwen,17,11,2,unrun_after_validity_halt,,,four failed frozen raw-LR validity checks block full stage
qwen/B25_11/L17/repair/fold=3,qwen,17,11,3,unrun_after_validity_halt,,,four failed frozen raw-LR validity checks block full stage
qwen/B25_11/L17/repair/fold=4,qwen,17,11,4,unrun_after_validity_halt,,,four failed frozen raw-LR validity checks block full stage
qwen/B25_23/L17/repair/fold=0,qwen,17,23,0,unrun_after_validity_halt,,,four failed frozen raw-LR validity checks block full stage
qwen/B25_23/L17/repair/fold=1,qwen,17,23,1,unrun_after_validity_halt,,,four failed frozen raw-LR validity checks block full stage
qwen/B25_23/L17/repair/fold=2,qwen,17,23,2,unrun_after_validity_halt,,,four failed frozen raw-LR validity checks block full stage
qwen/B25_23/L17/repair/fold=3,qwen,17,23,3,unrun_after_validity_halt,,,four failed frozen raw-LR validity checks block full stage
qwen/B25_23/L17/repair/fold=4,qwen,17,23,4,unrun_after_validity_halt,,,four failed frozen raw-LR validity checks block full stage
qwen/B25_37/L17/repair/fold=0,qwen,17,37,0,unrun_after_validity_halt,,,four failed frozen raw-LR validity checks block full stage
qwen/B25_37/L17/repair/fold=1,qwen,17,37,1,unrun_after_validity_halt,,,four failed frozen raw-LR validity checks block full stage
qwen/B25_37/L17/repair/fold=2,qwen,17,37,2,unrun_after_validity_halt,,,four failed frozen raw-LR validity checks block full stage
qwen/B25_37/L17/repair/fold=3,qwen,17,37,3,unrun_after_validity_halt,,,four failed frozen raw-LR validity checks block full stage
qwen/B25_37/L17/repair/fold=4,qwen,17,37,4,unrun_after_validity_halt,,,four failed frozen raw-LR validity checks block full stage
qwen/B25_11/L18/repair/fold=0,qwen,18,11,0,unrun_after_validity_halt,,,four failed frozen raw-LR validity checks block full stage
qwen/B25_11/L18/repair/fold=1,qwen,18,11,1,unrun_after_validity_halt,,,four failed frozen raw-LR validity checks block full stage
qwen/B25_11/L18/repair/fold=2,qwen,18,11,2,unrun_after_validity_halt,,,four failed frozen raw-LR validity checks block full stage
qwen/B25_11/L18/repair/fold=3,qwen,18,11,3,unrun_after_validity_halt,,,four failed frozen raw-LR validity checks block full stage
qwen/B25_11/L18/repair/fold=4,qwen,18,11,4,unrun_after_validity_halt,,,four failed frozen raw-LR validity checks block full stage
qwen/B25_23/L18/repair/fold=0,qwen,18,23,0,unrun_after_validity_halt,,,four failed frozen raw-LR validity checks block full stage
qwen/B25_23/L18/repair/fold=1,qwen,18,23,1,unrun_after_validity_halt,,,four failed frozen raw-LR validity checks block full stage
qwen/B25_23/L18/repair/fold=2,qwen,18,23,2,unrun_after_validity_halt,,,four failed frozen raw-LR validity checks block full stage
qwen/B25_23/L18/repair/fold=3,qwen,18,23,3,unrun_after_validity_halt,,,four failed frozen raw-LR validity checks block full stage
qwen/B25_23/L18/repair/fold=4,qwen,18,23,4,unrun_after_validity_halt,,,four failed frozen raw-LR validity checks block full stage
qwen/B25_37/L18/repair/fold=0,qwen,18,37,0,unrun_after_validity_halt,,,four failed frozen raw-LR validity checks block full stage
qwen/B25_37/L18/repair/fold=1,qwen,18,37,1,unrun_after_validity_halt,,,four failed frozen raw-LR validity checks block full stage
qwen/B25_37/L18/repair/fold=2,qwen,18,37,2,unrun_after_validity_halt,,,four failed frozen raw-LR validity checks block full stage
qwen/B25_37/L18/repair/fold=3,qwen,18,37,3,unrun_after_validity_halt,,,four failed frozen raw-LR validity checks block full stage
qwen/B25_37/L18/repair/fold=4,qwen,18,37,4,unrun_after_validity_halt,,,four failed frozen raw-LR validity checks block full stage
qwen/B25_11/L19/repair/fold=0,qwen,19,11,0,unrun_after_validity_halt,,,four failed frozen raw-LR validity checks block full stage
qwen/B25_11/L19/repair/fold=1,qwen,19,11,1,unrun_after_validity_halt,,,four failed frozen raw-LR validity checks block full stage
qwen/B25_11/L19/repair/fold=2,qwen,19,11,2,unrun_after_validity_halt,,,four failed frozen raw-LR validity checks block full stage
qwen/B25_11/L19/repair/fold=3,qwen,19,11,3,unrun_after_validity_halt,,,four failed frozen raw-LR validity checks block full stage
qwen/B25_11/L19/repair/fold=4,qwen,19,11,4,unrun_after_validity_halt,,,four failed frozen raw-LR validity checks block full stage
qwen/B25_23/L19/repair/fold=0,qwen,19,23,0,unrun_after_validity_halt,,,four failed frozen raw-LR validity checks block full stage
qwen/B25_23/L19/repair/fold=1,qwen,19,23,1,unrun_after_validity_halt,,,four failed frozen raw-LR validity checks block full stage
qwen/B25_23/L19/repair/fold=2,qwen,19,23,2,unrun_after_validity_halt,,,four failed frozen raw-LR validity checks block full stage
qwen/B25_23/L19/repair/fold=3,qwen,19,23,3,unrun_after_validity_halt,,,four failed frozen raw-LR validity checks block full stage
qwen/B25_23/L19/repair/fold=4,qwen,19,23,4,unrun_after_validity_halt,,,four failed frozen raw-LR validity checks block full stage
qwen/B25_37/L19/repair/fold=0,qwen,19,37,0,unrun_after_validity_halt,,,four failed frozen raw-LR validity checks block full stage
qwen/B25_37/L19/repair/fold=1,qwen,19,37,1,unrun_after_validity_halt,,,four failed frozen raw-LR validity checks block full stage
qwen/B25_37/L19/repair/fold=2,qwen,19,37,2,unrun_after_validity_halt,,,four failed frozen raw-LR validity checks block full stage
qwen/B25_37/L19/repair/fold=3,qwen,19,37,3,unrun_after_validity_halt,,,four failed frozen raw-LR validity checks block full stage
qwen/B25_37/L19/repair/fold=4,qwen,19,37,4,unrun_after_validity_halt,,,four failed frozen raw-LR validity checks block full stage
qwen/B25_11/L20/repair/fold=0,qwen,20,11,0,unrun_after_validity_halt,,,four failed frozen raw-LR validity checks block full stage
qwen/B25_11/L20/repair/fold=1,qwen,20,11,1,unrun_after_validity_halt,,,four failed frozen raw-LR validity checks block full stage
qwen/B25_11/L20/repair/fold=2,qwen,20,11,2,unrun_after_validity_halt,,,four failed frozen raw-LR validity checks block full stage
qwen/B25_11/L20/repair/fold=3,qwen,20,11,3,unrun_after_validity_halt,,,four failed frozen raw-LR validity checks block full stage
qwen/B25_11/L20/repair/fold=4,qwen,20,11,4,unrun_after_validity_halt,,,four failed frozen raw-LR validity checks block full stage
qwen/B25_23/L20/repair/fold=0,qwen,20,23,0,unrun_after_validity_halt,,,four failed frozen raw-LR validity checks block full stage
qwen/B25_23/L20/repair/fold=1,qwen,20,23,1,unrun_after_validity_halt,,,four failed frozen raw-LR validity checks block full stage
qwen/B25_23/L20/repair/fold=2,qwen,20,23,2,unrun_after_validity_halt,,,four failed frozen raw-LR validity checks block full stage
qwen/B25_23/L20/repair/fold=3,qwen,20,23,3,unrun_after_validity_halt,,,four failed frozen raw-LR validity checks block full stage
qwen/B25_23/L20/repair/fold=4,qwen,20,23,4,unrun_after_validity_halt,,,four failed frozen raw-LR validity checks block full stage
qwen/B25_37/L20/repair/fold=0,qwen,20,37,0,unrun_after_validity_halt,,,four failed frozen raw-LR validity checks block full stage
qwen/B25_37/L20/repair/fold=1,qwen,20,37,1,unrun_after_validity_halt,,,four failed frozen raw-LR validity checks block full stage
qwen/B25_37/L20/repair/fold=2,qwen,20,37,2,unrun_after_validity_halt,,,four failed frozen raw-LR validity checks block full stage
qwen/B25_37/L20/repair/fold=3,qwen,20,37,3,unrun_after_validity_halt,,,four failed frozen raw-LR validity checks block full stage
qwen/B25_37/L20/repair/fold=4,qwen,20,37,4,unrun_after_validity_halt,,,four failed frozen raw-LR validity checks block full stage
qwen/B25_11/L21/repair/fold=0,qwen,21,11,0,unrun_after_validity_halt,,,four failed frozen raw-LR validity checks block full stage
qwen/B25_11/L21/repair/fold=1,qwen,21,11,1,unrun_after_validity_halt,,,four failed frozen raw-LR validity checks block full stage
qwen/B25_11/L21/repair/fold=2,qwen,21,11,2,unrun_after_validity_halt,,,four failed frozen raw-LR validity checks block full stage
qwen/B25_11/L21/repair/fold=3,qwen,21,11,3,unrun_after_validity_halt,,,four failed frozen raw-LR validity checks block full stage
qwen/B25_11/L21/repair/fold=4,qwen,21,11,4,unrun_after_validity_halt,,,four failed frozen raw-LR validity checks block full stage
qwen/B25_23/L21/repair/fold=0,qwen,21,23,0,unrun_after_validity_halt,,,four failed frozen raw-LR validity checks block full stage
qwen/B25_23/L21/repair/fold=1,qwen,21,23,1,unrun_after_validity_halt,,,four failed frozen raw-LR validity checks block full stage
qwen/B25_23/L21/repair/fold=2,qwen,21,23,2,unrun_after_validity_halt,,,four failed frozen raw-LR validity checks block full stage
qwen/B25_23/L21/repair/fold=3,qwen,21,23,3,unrun_after_validity_halt,,,four failed frozen raw-LR validity checks block full stage
qwen/B25_23/L21/repair/fold=4,qwen,21,23,4,unrun_after_validity_halt,,,four failed frozen raw-LR validity checks block full stage
qwen/B25_37/L21/repair/fold=0,qwen,21,37,0,unrun_after_validity_halt,,,four failed frozen raw-LR validity checks block full stage
qwen/B25_37/L21/repair/fold=1,qwen,21,37,1,unrun_after_validity_halt,,,four failed frozen raw-LR validity checks block full stage
qwen/B25_37/L21/repair/fold=2,qwen,21,37,2,unrun_after_validity_halt,,,four failed frozen raw-LR validity checks block full stage
qwen/B25_37/L21/repair/fold=3,qwen,21,37,3,unrun_after_validity_halt,,,four failed frozen raw-LR validity checks block full stage
qwen/B25_37/L21/repair/fold=4,qwen,21,37,4,unrun_after_validity_halt,,,four failed frozen raw-LR validity checks block full stage
qwen/B25_11/L22/repair/fold=0,qwen,22,11,0,unrun_after_validity_halt,,,four failed frozen raw-LR validity checks block full stage
qwen/B25_11/L22/repair/fold=1,qwen,22,11,1,unrun_after_validity_halt,,,four failed frozen raw-LR validity checks block full stage
qwen/B25_11/L22/repair/fold=2,qwen,22,11,2,unrun_after_validity_halt,,,four failed frozen raw-LR validity checks block full stage
qwen/B25_11/L22/repair/fold=3,qwen,22,11,3,unrun_after_validity_halt,,,four failed frozen raw-LR validity checks block full stage
qwen/B25_11/L22/repair/fold=4,qwen,22,11,4,unrun_after_validity_halt,,,four failed frozen raw-LR validity checks block full stage
qwen/B25_23/L22/repair/fold=0,qwen,22,23,0,unrun_after_validity_halt,,,four failed frozen raw-LR validity checks block full stage
qwen/B25_23/L22/repair/fold=1,qwen,22,23,1,unrun_after_validity_halt,,,four failed frozen raw-LR validity checks block full stage
qwen/B25_23/L22/repair/fold=2,qwen,22,23,2,unrun_after_validity_halt,,,four failed frozen raw-LR validity checks block full stage
qwen/B25_23/L22/repair/fold=3,qwen,22,23,3,unrun_after_validity_halt,,,four failed frozen raw-LR validity checks block full stage
qwen/B25_23/L22/repair/fold=4,qwen,22,23,4,unrun_after_validity_halt,,,four failed frozen raw-LR validity checks block full stage
qwen/B25_37/L22/repair/fold=0,qwen,22,37,0,unrun_after_validity_halt,,,four failed frozen raw-LR validity checks block full stage
qwen/B25_37/L22/repair/fold=1,qwen,22,37,1,unrun_after_validity_halt,,,four failed frozen raw-LR validity checks block full stage
qwen/B25_37/L22/repair/fold=2,qwen,22,37,2,unrun_after_validity_halt,,,four failed frozen raw-LR validity checks block full stage
qwen/B25_37/L22/repair/fold=3,qwen,22,37,3,unrun_after_validity_halt,,,four failed frozen raw-LR validity checks block full stage
qwen/B25_37/L22/repair/fold=4,qwen,22,37,4,unrun_after_validity_halt,,,four failed frozen raw-LR validity checks block full stage
qwen/B25_11/L23/repair/fold=0,qwen,23,11,0,unrun_after_validity_halt,,,four failed frozen raw-LR validity checks block full stage
qwen/B25_11/L23/repair/fold=1,qwen,23,11,1,unrun_after_validity_halt,,,four failed frozen raw-LR validity checks block full stage
qwen/B25_11/L23/repair/fold=2,qwen,23,11,2,unrun_after_validity_halt,,,four failed frozen raw-LR validity checks block full stage
qwen/B25_11/L23/repair/fold=3,qwen,23,11,3,unrun_after_validity_halt,,,four failed frozen raw-LR validity checks block full stage
qwen/B25_11/L23/repair/fold=4,qwen,23,11,4,unrun_after_validity_halt,,,four failed frozen raw-LR validity checks block full stage
qwen/B25_23/L23/repair/fold=0,qwen,23,23,0,unrun_after_validity_halt,,,four failed frozen raw-LR validity checks block full stage
qwen/B25_23/L23/repair/fold=1,qwen,23,23,1,unrun_after_validity_halt,,,four failed frozen raw-LR validity checks block full stage
qwen/B25_23/L23/repair/fold=2,qwen,23,23,2,unrun_after_validity_halt,,,four failed frozen raw-LR validity checks block full stage
qwen/B25_23/L23/repair/fold=3,qwen,23,23,3,unrun_after_validity_halt,,,four failed frozen raw-LR validity checks block full stage
qwen/B25_23/L23/repair/fold=4,qwen,23,23,4,unrun_after_validity_halt,,,four failed frozen raw-LR validity checks block full stage
qwen/B25_37/L23/repair/fold=0,qwen,23,37,0,unrun_after_validity_halt,,,four failed frozen raw-LR validity checks block full stage
qwen/B25_37/L23/repair/fold=1,qwen,23,37,1,unrun_after_validity_halt,,,four failed frozen raw-LR validity checks block full stage
qwen/B25_37/L23/repair/fold=2,qwen,23,37,2,unrun_after_validity_halt,,,four failed frozen raw-LR validity checks block full stage
qwen/B25_37/L23/repair/fold=3,qwen,23,37,3,unrun_after_validity_halt,,,four failed frozen raw-LR validity checks block full stage
qwen/B25_37/L23/repair/fold=4,qwen,23,37,4,unrun_after_validity_halt,,,four failed frozen raw-LR validity checks block full stage
qwen/B25_11/L24/repair/fold=0,qwen,24,11,0,unrun_after_validity_halt,,,four failed frozen raw-LR validity checks block full stage
qwen/B25_11/L24/repair/fold=1,qwen,24,11,1,unrun_after_validity_halt,,,four failed frozen raw-LR validity checks block full stage
qwen/B25_11/L24/repair/fold=2,qwen,24,11,2,unrun_after_validity_halt,,,four failed frozen raw-LR validity checks block full stage
qwen/B25_11/L24/repair/fold=3,qwen,24,11,3,unrun_after_validity_halt,,,four failed frozen raw-LR validity checks block full stage
qwen/B25_11/L24/repair/fold=4,qwen,24,11,4,unrun_after_validity_halt,,,four failed frozen raw-LR validity checks block full stage
qwen/B25_23/L24/repair/fold=0,qwen,24,23,0,unrun_after_validity_halt,,,four failed frozen raw-LR validity checks block full stage
qwen/B25_23/L24/repair/fold=1,qwen,24,23,1,unrun_after_validity_halt,,,four failed frozen raw-LR validity checks block full stage
qwen/B25_23/L24/repair/fold=2,qwen,24,23,2,unrun_after_validity_halt,,,four failed frozen raw-LR validity checks block full stage
qwen/B25_23/L24/repair/fold=3,qwen,24,23,3,unrun_after_validity_halt,,,four failed frozen raw-LR validity checks block full stage
qwen/B25_23/L24/repair/fold=4,qwen,24,23,4,unrun_after_validity_halt,,,four failed frozen raw-LR validity checks block full stage
qwen/B25_37/L24/repair/fold=0,qwen,24,37,0,unrun_after_validity_halt,,,four failed frozen raw-LR validity checks block full stage
qwen/B25_37/L24/repair/fold=1,qwen,24,37,1,unrun_after_validity_halt,,,four failed frozen raw-LR validity checks block full stage
qwen/B25_37/L24/repair/fold=2,qwen,24,37,2,unrun_after_validity_halt,,,four failed frozen raw-LR validity checks block full stage
qwen/B25_37/L24/repair/fold=3,qwen,24,37,3,unrun_after_validity_halt,,,four failed frozen raw-LR validity checks block full stage
qwen/B25_37/L24/repair/fold=4,qwen,24,37,4,unrun_after_validity_halt,,,four failed frozen raw-LR validity checks block full stage
qwen/B25_11/L25/repair/fold=0,qwen,25,11,0,unrun_after_validity_halt,,,four failed frozen raw-LR validity checks block full stage
qwen/B25_11/L25/repair/fold=1,qwen,25,11,1,unrun_after_validity_halt,,,four failed frozen raw-LR validity checks block full stage
qwen/B25_11/L25/repair/fold=2,qwen,25,11,2,unrun_after_validity_halt,,,four failed frozen raw-LR validity checks block full stage
qwen/B25_11/L25/repair/fold=3,qwen,25,11,3,unrun_after_validity_halt,,,four failed frozen raw-LR validity checks block full stage
qwen/B25_11/L25/repair/fold=4,qwen,25,11,4,unrun_after_validity_halt,,,four failed frozen raw-LR validity checks block full stage
qwen/B25_23/L25/repair/fold=0,qwen,25,23,0,unrun_after_validity_halt,,,four failed frozen raw-LR validity checks block full stage
qwen/B25_23/L25/repair/fold=1,qwen,25,23,1,unrun_after_validity_halt,,,four failed frozen raw-LR validity checks block full stage
qwen/B25_23/L25/repair/fold=2,qwen,25,23,2,unrun_after_validity_halt,,,four failed frozen raw-LR validity checks block full stage
qwen/B25_23/L25/repair/fold=3,qwen,25,23,3,unrun_after_validity_halt,,,four failed frozen raw-LR validity checks block full stage
qwen/B25_23/L25/repair/fold=4,qwen,25,23,4,unrun_after_validity_halt,,,four failed frozen raw-LR validity checks block full stage
qwen/B25_37/L25/repair/fold=0,qwen,25,37,0,unrun_after_validity_halt,,,four failed frozen raw-LR validity checks block full stage
qwen/B25_37/L25/repair/fold=1,qwen,25,37,1,unrun_after_validity_halt,,,four failed frozen raw-LR validity checks block full stage
qwen/B25_37/L25/repair/fold=2,qwen,25,37,2,unrun_after_validity_halt,,,four failed frozen raw-LR validity checks block full stage
qwen/B25_37/L25/repair/fold=3,qwen,25,37,3,unrun_after_validity_halt,,,four failed frozen raw-LR validity checks block full stage
qwen/B25_37/L25/repair/fold=4,qwen,25,37,4,unrun_after_validity_halt,,,four failed frozen raw-LR validity checks block full stage
qwen/B25_11/L26/repair/fold=0,qwen,26,11,0,unrun_after_validity_halt,,,four failed frozen raw-LR validity checks block full stage
qwen/B25_11/L26/repair/fold=1,qwen,26,11,1,unrun_after_validity_halt,,,four failed frozen raw-LR validity checks block full stage
qwen/B25_11/L26/repair/fold=2,qwen,26,11,2,unrun_after_validity_halt,,,four failed frozen raw-LR validity checks block full stage
qwen/B25_11/L26/repair/fold=3,qwen,26,11,3,unrun_after_validity_halt,,,four failed frozen raw-LR validity checks block full stage
qwen/B25_11/L26/repair/fold=4,qwen,26,11,4,unrun_after_validity_halt,,,four failed frozen raw-LR validity checks block full stage
qwen/B25_23/L26/repair/fold=0,qwen,26,23,0,unrun_after_validity_halt,,,four failed frozen raw-LR validity checks block full stage
qwen/B25_23/L26/repair/fold=1,qwen,26,23,1,unrun_after_validity_halt,,,four failed frozen raw-LR validity checks block full stage
qwen/B25_23/L26/repair/fold=2,qwen,26,23,2,unrun_after_validity_halt,,,four failed frozen raw-LR validity checks block full stage
qwen/B25_23/L26/repair/fold=3,qwen,26,23,3,unrun_after_validity_halt,,,four failed frozen raw-LR validity checks block full stage
qwen/B25_23/L26/repair/fold=4,qwen,26,23,4,unrun_after_validity_halt,,,four failed frozen raw-LR validity checks block full stage
qwen/B25_37/L26/repair/fold=0,qwen,26,37,0,unrun_after_validity_halt,,,four failed frozen raw-LR validity checks block full stage
qwen/B25_37/L26/repair/fold=1,qwen,26,37,1,unrun_after_validity_halt,,,four failed frozen raw-LR validity checks block full stage
qwen/B25_37/L26/repair/fold=2,qwen,26,37,2,unrun_after_validity_halt,,,four failed frozen raw-LR validity checks block full stage
qwen/B25_37/L26/repair/fold=3,qwen,26,37,3,unrun_after_validity_halt,,,four failed frozen raw-LR validity checks block full stage
qwen/B25_37/L26/repair/fold=4,qwen,26,37,4,unrun_after_validity_halt,,,four failed frozen raw-LR validity checks block full stage
qwen/B25_11/L27/repair/fold=0,qwen,27,11,0,unrun_after_validity_halt,,,four failed frozen raw-LR validity checks block full stage
qwen/B25_11/L27/repair/fold=1,qwen,27,11,1,unrun_after_validity_halt,,,four failed frozen raw-LR validity checks block full stage
qwen/B25_11/L27/repair/fold=2,qwen,27,11,2,unrun_after_validity_halt,,,four failed frozen raw-LR validity checks block full stage
qwen/B25_11/L27/repair/fold=3,qwen,27,11,3,unrun_after_validity_halt,,,four failed frozen raw-LR validity checks block full stage
qwen/B25_11/L27/repair/fold=4,qwen,27,11,4,unrun_after_validity_halt,,,four failed frozen raw-LR validity checks block full stage
qwen/B25_23/L27/repair/fold=0,qwen,27,23,0,unrun_after_validity_halt,,,four failed frozen raw-LR validity checks block full stage
qwen/B25_23/L27/repair/fold=1,qwen,27,23,1,unrun_after_validity_halt,,,four failed frozen raw-LR validity checks block full stage
qwen/B25_23/L27/repair/fold=2,qwen,27,23,2,unrun_after_validity_halt,,,four failed frozen raw-LR validity checks block full stage
qwen/B25_23/L27/repair/fold=3,qwen,27,23,3,unrun_after_validity_halt,,,four failed frozen raw-LR validity checks block full stage
qwen/B25_23/L27/repair/fold=4,qwen,27,23,4,unrun_after_validity_halt,,,four failed frozen raw-LR validity checks block full stage
qwen/B25_37/L27/repair/fold=0,qwen,27,37,0,unrun_after_validity_halt,,,four failed frozen raw-LR validity checks block full stage
qwen/B25_37/L27/repair/fold=1,qwen,27,37,1,unrun_after_validity_halt,,,four failed frozen raw-LR validity checks block full stage
qwen/B25_37/L27/repair/fold=2,qwen,27,37,2,unrun_after_validity_halt,,,four failed frozen raw-LR validity checks block full stage
qwen/B25_37/L27/repair/fold=3,qwen,27,37,3,unrun_after_validity_halt,,,four failed frozen raw-LR validity checks block full stage
qwen/B25_37/L27/repair/fold=4,qwen,27,37,4,unrun_after_validity_halt,,,four failed frozen raw-LR validity checks block full stage
