statement,topic,truth_label,entity,dedup_identity,source_r1_row_indices,source_r1_conjunct_refs,n_r1_rows,n_r1_conjunct_occurrences,absence_reason
The aardvark is a insect.,animal_class,0,aardvark,animal_class::The aardvark is a insect.,"[389, 601, 774, 1122, 1538, 1541, 2528, 2869, 3231, 3385, 3612, 3687, 3920, 4303, 4418, 4928, 5596, 5777, 6485, 7443, 7463, 7617, 7893, 7919]","[""389:A"", ""601:A"", ""774:B"", ""1122:A"", ""1538:A"", ""1541:B"", ""2528:B"", ""2869:B"", ""3231:B"", ""3385:B"", ""3612:A"", ""3687:A"", ""3920:A"", ""4303:B"", ""4418:A"", ""4928:B"", ""5596:A"", ""5777:A"", ""6485:A"", ""7443:A"", ""7463:A"", ""7617:A"", ""7893:A"", ""7919:A""]",24,24,generated_wrong_object_text_absent_from_source_atomic_metadata
The alpaca is a amphibian.,animal_class,0,alpaca,animal_class::The alpaca is a amphibian.,"[1094, 3009, 4250, 4290, 4511, 5072, 6169, 7544]","[""1094:A"", ""3009:A"", ""4250:A"", ""4290:A"", ""4511:A"", ""5072:A"", ""6169:A"", ""7544:A""]",8,8,generated_wrong_object_text_absent_from_source_atomic_metadata
The axolotl is a fish.,animal_class,0,axolotl,animal_class::The axolotl is a fish.,"[28, 251, 344, 827, 959, 2420, 2873, 2900, 3006, 3137, 3478, 4271, 4853, 5727, 5763, 5793, 5831, 6206, 6698, 6833, 7113, 7204, 7219, 7558]","[""28:B"", ""251:B"", ""344:A"", ""827:A"", ""959:B"", ""2420:B"", ""2873:B"", ""2900:B"", ""3006:A"", ""3137:B"", ""3478:A"", ""4271:B"", ""4853:B"", ""5727:B"", ""5763:A"", ""5793:B"", ""5831:A"", ""6206:B"", ""6698:B"", ""6833:B"", ""7113:B"", ""7204:A"", ""7219:A"", ""7558:B""]",24,24,generated_wrong_object_text_absent_from_source_atomic_metadata
The bat is a crustacean.,animal_class,0,bat,animal_class::The bat is a crustacean.,"[1231, 1259, 1626, 1657, 3695, 4213, 4912, 5217, 5649, 6229, 6353, 6390, 6532, 6556, 6906, 7162]","[""1231:B"", ""1259:B"", ""1626:B"", ""1657:B"", ""3695:B"", ""4213:B"", ""4912:B"", ""5217:B"", ""5649:B"", ""6229:B"", ""6353:B"", ""6390:B"", ""6532:B"", ""6556:B"", ""6906:B"", ""7162:B""]",16,16,generated_wrong_object_text_absent_from_source_atomic_metadata
The bee is a mollusk.,animal_class,0,bee,animal_class::The bee is a mollusk.,"[1645, 1862, 1940, 2690, 2876, 3300, 3340, 3550, 4002, 5951, 6359, 6644, 7016, 7020, 7310, 7546]","[""1645:A"", ""1862:A"", ""1940:A"", ""2690:A"", ""2876:A"", ""3300:A"", ""3340:A"", ""3550:A"", ""4002:A"", ""5951:A"", ""6359:A"", ""6644:A"", ""7016:A"", ""7020:A"", ""7310:A"", ""7546:A""]",16,16,generated_wrong_object_text_absent_from_source_atomic_metadata
The bison is a cnidarian.,animal_class,0,bison,animal_class::The bison is a cnidarian.,"[563, 595, 920, 1190, 1525, 1603, 1863, 1887, 1901, 2246, 2461, 2477, 2513, 3197, 3204, 3504, 3535, 3695, 3784, 4000, 4127, 4213, 4245, 4861, 4926, 5649, 6005, 6532, 7201, 7297, 7445, 7489]","[""563:A"", ""595:B"", ""920:A"", ""1190:A"", ""1525:B"", ""1603:B"", ""1863:A"", ""1887:B"", ""1901:A"", ""2246:A"", ""2461:A"", ""2477:A"", ""2513:A"", ""3197:A"", ""3204:B"", ""3504:B"", ""3535:A"", ""3695:A"", ""3784:B"", ""4000:A"", ""4127:A"", ""4213:A"", ""4245:B"", ""4861:A"", ""4926:A"", ""5649:A"", ""6005:A"", ""6532:A"", ""7201:A"", ""7297:A"", ""7445:A"", ""7489:A""]",32,32,generated_wrong_object_text_absent_from_source_atomic_metadata
The camel is a crustacean.,animal_class,0,camel,animal_class::The camel is a crustacean.,"[133, 139, 191, 273, 303, 336, 958, 1190, 1348, 1582, 1745, 1863, 2027, 2244, 2246, 2309, 2326, 2706, 2997, 3102, 3409, 3447, 3589, 3598, 4065, 4691, 5049, 5189, 5230, 5316, 5436, 5595, 5645, 5917, 5981, 6134, 6477, 6616, 6647, 6831, 6964, 7297, 7493, 7713, 7733, 7804, 7813, 7839]","[""133:A"", ""139:A"", ""191:B"", ""273:A"", ""303:B"", ""336:B"", ""958:B"", ""1190:B"", ""1348:A"", ""1582:B"", ""1745:B"", ""1863:B"", ""2027:B"", ""2244:A"", ""2246:B"", ""2309:B"", ""2326:B"", ""2706:B"", ""2997:B"", ""3102:A"", ""3409:B"", ""3447:B"", ""3589:A"", ""3598:B"", ""4065:A"", ""4691:A"", ""5049:B"", ""5189:B"", ""5230:B"", ""5316:B"", ""5436:B"", ""5595:B"", ""5645:B"", ""5917:A"", ""5981:A"", ""6134:A"", ""6477:B"", ""6616:B"", ""6647:B"", ""6831:A"", ""6964:A"", ""7297:B"", ""7493:A"", ""7713:A"", ""7733:B"", ""7804:B"", ""7813:B"", ""7839:B""]",48,48,generated_wrong_object_text_absent_from_source_atomic_metadata
The cassowary is a amphibian.,animal_class,0,cassowary,animal_class::The cassowary is a amphibian.,"[1049, 1559, 1650, 2794, 3861, 4312, 4729, 7833]","[""1049:B"", ""1559:B"", ""1650:B"", ""2794:B"", ""3861:B"", ""4312:B"", ""4729:B"", ""7833:B""]",8,8,generated_wrong_object_text_absent_from_source_atomic_metadata
The cheetah is a arachnid.,animal_class,0,cheetah,animal_class::The cheetah is a arachnid.,"[836, 1182, 1843, 2017, 3867, 4091, 4590, 4834, 5411, 5811, 5925, 6240, 6371, 6481, 7300, 7784]","[""836:B"", ""1182:B"", ""1843:B"", ""2017:B"", ""3867:B"", ""4091:B"", ""4590:B"", ""4834:B"", ""5411:B"", ""5811:B"", ""5925:B"", ""6240:B"", ""6371:B"", ""6481:B"", ""7300:B"", ""7784:B""]",16,16,generated_wrong_object_text_absent_from_source_atomic_metadata
The chimpanzee is a insect.,animal_class,0,chimpanzee,animal_class::The chimpanzee is a insect.,"[83, 277, 294, 354, 628, 707, 827, 1593, 1801, 2052, 2771, 2898, 3044, 3220, 3234, 3454, 3578, 3724, 3764, 3786, 3972, 4035, 4700, 4857, 5149, 5228, 5443, 5588, 5622, 5763, 5817, 5831, 5882, 6117, 6179, 6200, 6303, 6540, 6665, 6939, 6971, 6981, 7204, 7363, 7367, 7454, 7729, 7939]","[""83:B"", ""277:B"", ""294:B"", ""354:B"", ""628:B"", ""707:B"", ""827:B"", ""1593:B"", ""1801:B"", ""2052:A"", ""2771:A"", ""2898:B"", ""3044:B"", ""3220:A"", ""3234:B"", ""3454:A"", ""3578:A"", ""3724:A"", ""3764:B"", ""3786:B"", ""3972:B"", ""4035:B"", ""4700:B"", ""4857:B"", ""5149:B"", ""5228:B"", ""5443:B"", ""5588:B"", ""5622:B"", ""5763:B"", ""5817:B"", ""5831:B"", ""5882:B"", ""6117:B"", ""6179:B"", ""6200:B"", ""6303:B"", ""6540:B"", ""6665:A"", ""6939:B"", ""6971:A"", ""6981:B"", ""7204:B"", ""7363:B"", ""7367:B"", ""7454:B"", ""7729:B"", ""7939:B""]",48,48,generated_wrong_object_text_absent_from_source_atomic_metadata
The crocodile is a bird.,animal_class,0,crocodile,animal_class::The crocodile is a bird.,"[646, 1112, 1250, 1320, 1607, 1662, 1789, 2020, 2460, 2838, 3423, 3519, 3963, 4582, 6837, 6968]","[""646:A"", ""1112:A"", ""1250:A"", ""1320:A"", ""1607:A"", ""1662:A"", ""1789:A"", ""2020:A"", ""2460:A"", ""2838:A"", ""3423:A"", ""3519:A"", ""3963:A"", ""4582:A"", ""6837:A"", ""6968:A""]",16,16,generated_wrong_object_text_absent_from_source_atomic_metadata
The deer is a reptile.,animal_class,0,deer,animal_class::The deer is a reptile.,"[31, 352, 482, 625, 1227, 1339, 1694, 2481, 2945, 3115, 3868, 4165, 4452, 4666, 4765, 4782, 5145, 5148, 5300, 5626, 5893, 5895, 6280, 6764]","[""31:B"", ""352:B"", ""482:B"", ""625:B"", ""1227:B"", ""1339:B"", ""1694:B"", ""2481:B"", ""2945:B"", ""3115:B"", ""3868:B"", ""4165:B"", ""4452:B"", ""4666:B"", ""4765:B"", ""4782:B"", ""5145:B"", ""5148:B"", ""5300:B"", ""5626:B"", ""5893:B"", ""5895:B"", ""6280:B"", ""6764:B""]",24,24,generated_wrong_object_text_absent_from_source_atomic_metadata
The dog is a reptile.,animal_class,0,dog,animal_class::The dog is a reptile.,"[93, 370, 389, 502, 517, 952, 1122, 1154, 1695, 1858, 3687, 4233, 5329, 5469, 6354, 7617]","[""93:A"", ""370:A"", ""389:B"", ""502:B"", ""517:A"", ""952:A"", ""1122:B"", ""1154:A"", ""1695:A"", ""1858:B"", ""3687:B"", ""4233:A"", ""5329:B"", ""5469:B"", ""6354:A"", ""7617:B""]",16,16,generated_wrong_object_text_absent_from_source_atomic_metadata
The eagle is a mollusk.,animal_class,0,eagle,animal_class::The eagle is a mollusk.,"[1094, 3009, 3793, 4250, 5686, 6169, 7511, 7670]","[""1094:B"", ""3009:B"", ""3793:B"", ""4250:B"", ""5686:B"", ""6169:B"", ""7511:B"", ""7670:B""]",8,8,generated_wrong_object_text_absent_from_source_atomic_metadata
The elephant is a crustacean.,animal_class,0,elephant,animal_class::The elephant is a crustacean.,"[139, 1348, 1768, 1795, 2244, 3675, 4077, 4465, 4848, 5272, 6066, 6729, 6831, 6924, 7381, 7979]","[""139:B"", ""1348:B"", ""1768:B"", ""1795:B"", ""2244:B"", ""3675:B"", ""4077:B"", ""4465:B"", ""4848:B"", ""5272:B"", ""6066:B"", ""6729:B"", ""6831:B"", ""6924:B"", ""7381:B"", ""7979:B""]",16,16,generated_wrong_object_text_absent_from_source_atomic_metadata
The flamingo is a amphibian.,animal_class,0,flamingo,animal_class::The flamingo is a amphibian.,"[1197, 2466, 2845, 3338, 4227, 5336, 6198, 7944]","[""1197:A"", ""2466:A"", ""2845:A"", ""3338:A"", ""4227:A"", ""5336:A"", ""6198:A"", ""7944:A""]",8,8,generated_wrong_object_text_absent_from_source_atomic_metadata
The gazelle is a reptile.,animal_class,0,gazelle,animal_class::The gazelle is a reptile.,"[121, 169, 396, 589, 595, 951, 1525, 1603, 1909, 2958, 3440, 3504, 3566, 3580, 3620, 3681, 4295, 4699, 5372, 5892, 6674, 6717, 6856, 7208]","[""121:A"", ""169:B"", ""396:B"", ""589:B"", ""595:A"", ""951:B"", ""1525:A"", ""1603:A"", ""1909:B"", ""2958:B"", ""3440:B"", ""3504:A"", ""3566:B"", ""3580:B"", ""3620:A"", ""3681:B"", ""4295:B"", ""4699:A"", ""5372:B"", ""5892:A"", ""6674:B"", ""6717:B"", ""6856:B"", ""7208:B""]",24,24,generated_wrong_object_text_absent_from_source_atomic_metadata
The goat is a reptile.,animal_class,0,goat,animal_class::The goat is a reptile.,"[129, 254, 302, 455, 697, 760, 1161, 1175, 1178, 1276, 1355, 1587, 2110, 2205, 2431, 2435, 2499, 3007, 3044, 3154, 3244, 3582, 3592, 3676, 3866, 4035, 4052, 4315, 4360, 4491, 4581, 4760, 4763, 5076, 5086, 5112, 5138, 5484, 5608, 5750, 5905, 5931, 6123, 6981, 7017, 7229, 7303, 7340, 7363, 7391, 7612, 7742, 7782, 7796, 7859, 7984]","[""129:B"", ""254:A"", ""302:A"", ""455:B"", ""697:B"", ""760:B"", ""1161:B"", ""1175:B"", ""1178:B"", ""1276:B"", ""1355:A"", ""1587:A"", ""2110:A"", ""2205:B"", ""2431:B"", ""2435:B"", ""2499:B"", ""3007:A"", ""3044:A"", ""3154:A"", ""3244:B"", ""3582:B"", ""3592:B"", ""3676:B"", ""3866:A"", ""4035:A"", ""4052:B"", ""4315:B"", ""4360:A"", ""4491:A"", ""4581:B"", ""4760:A"", ""4763:B"", ""5076:A"", ""5086:B"", ""5112:A"", ""5138:B"", ""5484:A"", ""5608:A"", ""5750:B"", ""5905:B"", ""5931:A"", ""6123:B"", ""6981:A"", ""7017:B"", ""7229:B"", ""7303:B"", ""7340:B"", ""7363:A"", ""7391:A"", ""7612:B"", ""7742:A"", ""7782:B"", ""7796:B"", ""7859:A"", ""7984:A""]",56,56,generated_wrong_object_text_absent_from_source_atomic_metadata
The goldfish is a mollusk.,animal_class,0,goldfish,animal_class::The goldfish is a mollusk.,"[484, 888, 1647, 2019, 2116, 2121, 2122, 2546, 2803, 3254, 3721, 4182, 4385, 4634, 5142, 5159, 5545, 5787, 5907, 6642, 6745, 6986, 7001, 7012]","[""484:A"", ""888:A"", ""1647:A"", ""2019:A"", ""2116:A"", ""2121:A"", ""2122:A"", ""2546:A"", ""2803:A"", ""3254:A"", ""3721:A"", ""4182:A"", ""4385:A"", ""4634:A"", ""5142:A"", ""5159:A"", ""5545:A"", ""5787:A"", ""5907:A"", ""6642:A"", ""6745:A"", ""6986:A"", ""7001:A"", ""7012:A""]",24,24,generated_wrong_object_text_absent_from_source_atomic_metadata
The gorilla is a reptile.,animal_class,0,gorilla,animal_class::The gorilla is a reptile.,"[72, 481, 1563, 1668, 1710, 2037, 2285, 2348, 2382, 2835, 2863, 2983, 3429, 3678, 3716, 3788, 3915, 4044, 4142, 4450, 5042, 5293, 5486, 5773, 5838, 6296, 6300, 6334, 6335, 6930, 7218, 7374]","[""72:A"", ""481:B"", ""1563:B"", ""1668:A"", ""1710:A"", ""2037:B"", ""2285:B"", ""2348:B"", ""2382:B"", ""2835:A"", ""2863:A"", ""2983:B"", ""3429:B"", ""3678:B"", ""3716:B"", ""3788:A"", ""3915:A"", ""4044:B"", ""4142:A"", ""4450:B"", ""5042:B"", ""5293:A"", ""5486:A"", ""5773:B"", ""5838:A"", ""6296:A"", ""6300:A"", ""6334:B"", ""6335:A"", ""6930:A"", ""7218:A"", ""7374:B""]",32,32,generated_wrong_object_text_absent_from_source_atomic_metadata
The hamster is a bird.,animal_class,0,hamster,animal_class::The hamster is a bird.,"[72, 300, 366, 888, 1083, 1497, 1662, 1668, 1811, 2019, 2020, 2122, 2894, 3406, 3519, 3692, 3721, 3781, 3794, 3832, 3955, 3973, 5391, 5661, 6156, 6335, 6750, 6968, 6970, 7218, 7895, 7951]","[""72:B"", ""300:B"", ""366:B"", ""888:B"", ""1083:B"", ""1497:B"", ""1662:B"", ""1668:B"", ""1811:B"", ""2019:B"", ""2020:B"", ""2122:B"", ""2894:A"", ""3406:A"", ""3519:B"", ""3692:B"", ""3721:B"", ""3781:A"", ""3794:A"", ""3832:A"", ""3955:B"", ""3973:A"", ""5391:A"", ""5661:B"", ""6156:B"", ""6335:B"", ""6750:B"", ""6968:B"", ""6970:B"", ""7218:B"", ""7895:B"", ""7951:A""]",32,32,generated_wrong_object_text_absent_from_source_atomic_metadata
The hedgehog is a fish.,animal_class,0,hedgehog,animal_class::The hedgehog is a fish.,"[317, 818, 1427, 1608, 1671, 1724, 1867, 2030, 2119, 2174, 2504, 2549, 2581, 2654, 2817, 3342, 3542, 3671, 3717, 4022, 4138, 4829, 5220, 5464, 5468, 5842, 5889, 5902, 6294, 6370, 6703, 7500]","[""317:B"", ""818:B"", ""1427:A"", ""1608:A"", ""1671:B"", ""1724:A"", ""1867:B"", ""2030:B"", ""2119:A"", ""2174:B"", ""2504:B"", ""2549:A"", ""2581:B"", ""2654:A"", ""2817:A"", ""3342:B"", ""3542:B"", ""3671:A"", ""3717:A"", ""4022:A"", ""4138:B"", ""4829:A"", ""5220:B"", ""5464:B"", ""5468:B"", ""5842:A"", ""5889:A"", ""5902:B"", ""6294:A"", ""6370:A"", ""6703:A"", ""7500:B""]",32,32,generated_wrong_object_text_absent_from_source_atomic_metadata
The hippopotamus is a mollusk.,animal_class,0,hippopotamus,animal_class::The hippopotamus is a mollusk.,"[639, 1109, 1143, 1238, 1383, 1396, 1637, 1755, 2128, 2144, 2488, 2723, 2836, 3540, 3807, 4054, 4379, 4701, 5342, 5845, 6028, 7215, 7841, 7924]","[""639:B"", ""1109:B"", ""1143:A"", ""1238:A"", ""1383:A"", ""1396:B"", ""1637:B"", ""1755:B"", ""2128:B"", ""2144:B"", ""2488:B"", ""2723:B"", ""2836:B"", ""3540:A"", ""3807:B"", ""4054:A"", ""4379:B"", ""4701:A"", ""5342:B"", ""5845:B"", ""6028:A"", ""7215:A"", ""7841:B"", ""7924:B""]",24,24,generated_wrong_object_text_absent_from_source_atomic_metadata
The horse is a fish.,animal_class,0,horse,animal_class::The horse is a fish.,"[28, 251, 555, 907, 969, 1261, 2361, 2619, 2900, 4083, 4284, 4341, 5031, 5256, 5451, 5512, 5633, 5915, 6018, 6197, 6402, 6772, 6833, 7882]","[""28:A"", ""251:A"", ""555:A"", ""907:A"", ""969:A"", ""1261:A"", ""2361:A"", ""2619:A"", ""2900:A"", ""4083:A"", ""4284:A"", ""4341:A"", ""5031:A"", ""5256:A"", ""5451:A"", ""5512:A"", ""5633:A"", ""5915:A"", ""6018:A"", ""6197:A"", ""6402:A"", ""6772:A"", ""6833:A"", ""7882:A""]",24,24,generated_wrong_object_text_absent_from_source_atomic_metadata
The hummingbird is a crustacean.,animal_class,0,hummingbird,animal_class::The hummingbird is a crustacean.,"[624, 664, 708, 1250, 1320, 1372, 1789, 1797, 1917, 2128, 2571, 2685, 2836, 2892, 2928, 3127, 3438, 4226, 4562, 5031, 5129, 5223, 5242, 5423, 5466, 5512, 5537, 5542, 5633, 5652, 5845, 6180, 6186, 6235, 6402, 6512, 6837, 7389, 7924, 7986]","[""624:A"", ""664:A"", ""708:A"", ""1250:B"", ""1320:B"", ""1372:A"", ""1789:B"", ""1797:B"", ""1917:B"", ""2128:A"", ""2571:B"", ""2685:A"", ""2836:A"", ""2892:A"", ""2928:B"", ""3127:B"", ""3438:A"", ""4226:B"", ""4562:A"", ""5031:B"", ""5129:B"", ""5223:A"", ""5242:A"", ""5423:B"", ""5466:B"", ""5512:B"", ""5537:A"", ""5542:B"", ""5633:B"", ""5652:A"", ""5845:A"", ""6180:B"", ""6186:B"", ""6235:B"", ""6402:B"", ""6512:B"", ""6837:B"", ""7389:B"", ""7924:A"", ""7986:B""]",40,40,generated_wrong_object_text_absent_from_source_atomic_metadata
The hyena is a cnidarian.,animal_class,0,hyena,animal_class::The hyena is a cnidarian.,"[83, 796, 1592, 2538, 2987, 3612, 4224, 4418, 4572, 4997, 5416, 5777, 5882, 6485, 6939, 7939]","[""83:A"", ""796:A"", ""1592:B"", ""2538:B"", ""2987:B"", ""3612:B"", ""4224:B"", ""4418:B"", ""4572:A"", ""4997:A"", ""5416:A"", ""5777:B"", ""5882:A"", ""6485:B"", ""6939:A"", ""7939:A""]",16,16,generated_wrong_object_text_absent_from_source_atomic_metadata
The iguana is a crustacean.,animal_class,0,iguana,animal_class::The iguana is a crustacean.,"[370, 952, 1091, 1154, 1695, 1791, 2270, 2945, 3355, 3901, 4197, 4292, 4452, 4490, 4666, 4802, 5038, 5626, 5928, 6574, 6587, 6909, 6965, 7930]","[""370:B"", ""952:B"", ""1091:B"", ""1154:B"", ""1695:B"", ""1791:B"", ""2270:A"", ""2945:A"", ""3355:B"", ""3901:A"", ""4197:B"", ""4292:B"", ""4452:A"", ""4490:B"", ""4666:A"", ""4802:B"", ""5038:A"", ""5626:A"", ""5928:B"", ""6574:A"", ""6587:B"", ""6909:B"", ""6965:B"", ""7930:B""]",24,24,generated_wrong_object_text_absent_from_source_atomic_metadata
The kangaroo is a reptile.,animal_class,0,kangaroo,animal_class::The kangaroo is a reptile.,"[625, 739, 1212, 2121, 3115, 3477, 3510, 4108, 4428, 4513, 5145, 5159, 5528, 5843, 5895, 5907, 6251, 6332, 6942, 7001, 7011, 7121, 7407, 7805]","[""625:A"", ""739:B"", ""1212:A"", ""2121:B"", ""3115:A"", ""3477:A"", ""3510:B"", ""4108:B"", ""4428:B"", ""4513:B"", ""5145:A"", ""5159:B"", ""5528:A"", ""5843:B"", ""5895:A"", ""5907:B"", ""6251:B"", ""6332:B"", ""6942:B"", ""7001:B"", ""7011:B"", ""7121:A"", ""7407:B"", ""7805:B""]",24,24,generated_wrong_object_text_absent_from_source_atomic_metadata
The leopard is a cnidarian.,animal_class,0,leopard,animal_class::The leopard is a cnidarian.,"[1777, 2793, 3508, 3616, 3844, 5355, 6293, 6719]","[""1777:B"", ""2793:B"", ""3508:B"", ""3616:B"", ""3844:B"", ""5355:B"", ""6293:B"", ""6719:B""]",8,8,generated_wrong_object_text_absent_from_source_atomic_metadata
The lion is a cnidarian.,animal_class,0,lion,animal_class::The lion is a cnidarian.,"[84, 179, 479, 915, 1367, 1556, 1759, 1990, 2052, 2552, 2712, 2817, 2840, 2860, 3012, 3454, 3625, 3671, 3691, 3818, 3909, 4112, 5154, 5406, 5471, 5933, 5944, 6002, 6329, 6370, 6611, 6665, 6684, 6703, 6781, 6971, 7256, 7684, 7869, 7889]","[""84:B"", ""179:B"", ""479:B"", ""915:A"", ""1367:B"", ""1556:B"", ""1759:B"", ""1990:A"", ""2052:B"", ""2552:B"", ""2712:B"", ""2817:B"", ""2840:B"", ""2860:A"", ""3012:A"", ""3454:B"", ""3625:B"", ""3671:B"", ""3691:B"", ""3818:A"", ""3909:B"", ""4112:B"", ""5154:B"", ""5406:B"", ""5471:B"", ""5933:A"", ""5944:B"", ""6002:B"", ""6329:B"", ""6370:B"", ""6611:B"", ""6665:B"", ""6684:B"", ""6703:B"", ""6781:A"", ""6971:B"", ""7256:A"", ""7684:B"", ""7869:B"", ""7889:B""]",40,40,generated_wrong_object_text_absent_from_source_atomic_metadata
The llama is a mollusk.,animal_class,0,llama,animal_class::The llama is a mollusk.,"[192, 388, 446, 774, 855, 1266, 1307, 1371, 1401, 1563, 1723, 1805, 2528, 2869, 2983, 3231, 3374, 3428, 3592, 3656, 3667, 3668, 3754, 3767, 4044, 4237, 4450, 4665, 4763, 4867, 4959, 5138, 5284, 5970, 5988, 6214, 6302, 6428, 6562, 6599, 6709, 7051, 7055, 7245, 7449, 7714, 7718, 7796]","[""192:A"", ""388:A"", ""446:A"", ""774:A"", ""855:B"", ""1266:B"", ""1307:A"", ""1371:A"", ""1401:B"", ""1563:A"", ""1723:B"", ""1805:A"", ""2528:A"", ""2869:A"", ""2983:A"", ""3231:A"", ""3374:A"", ""3428:A"", ""3592:A"", ""3656:B"", ""3667:A"", ""3668:B"", ""3754:A"", ""3767:A"", ""4044:A"", ""4237:B"", ""4450:A"", ""4665:A"", ""4763:A"", ""4867:A"", ""4959:B"", ""5138:A"", ""5284:B"", ""5970:B"", ""5988:B"", ""6214:A"", ""6302:B"", ""6428:A"", ""6562:A"", ""6599:A"", ""6709:A"", ""7051:B"", ""7055:A"", ""7245:B"", ""7449:B"", ""7714:A"", ""7718:B"", ""7796:A""]",48,48,generated_wrong_object_text_absent_from_source_atomic_metadata
The lobster is a arachnid.,animal_class,0,lobster,animal_class::The lobster is a arachnid.,"[299, 378, 872, 1637, 1849, 2076, 2436, 2489, 2623, 3306, 3427, 3456, 3807, 3917, 4255, 5022, 5030, 5063, 5342, 5805, 6653, 7841, 7961, 7985]","[""299:B"", ""378:A"", ""872:A"", ""1637:A"", ""1849:B"", ""2076:B"", ""2436:B"", ""2489:B"", ""2623:A"", ""3306:A"", ""3427:B"", ""3456:A"", ""3807:A"", ""3917:A"", ""4255:A"", ""5022:B"", ""5030:A"", ""5063:A"", ""5342:A"", ""5805:A"", ""6653:A"", ""7841:A"", ""7961:A"", ""7985:B""]",24,24,generated_wrong_object_text_absent_from_source_atomic_metadata
The mongoose is a reptile.,animal_class,0,mongoose,animal_class::The mongoose is a reptile.,"[247, 371, 679, 818, 1274, 1306, 1401, 1449, 1707, 2044, 2174, 2393, 2916, 3656, 3839, 3854, 4559, 5060, 5220, 5906, 5988, 7051, 7500, 7501]","[""247:A"", ""371:A"", ""679:A"", ""818:A"", ""1274:A"", ""1306:B"", ""1401:A"", ""1449:B"", ""1707:A"", ""2044:B"", ""2174:A"", ""2393:B"", ""2916:B"", ""3656:A"", ""3839:A"", ""3854:A"", ""4559:B"", ""5060:A"", ""5220:A"", ""5906:B"", ""5988:A"", ""7051:A"", ""7500:A"", ""7501:B""]",24,24,generated_wrong_object_text_absent_from_source_atomic_metadata
The moose is a reptile.,animal_class,0,moose,animal_class::The moose is a reptile.,"[9, 37, 355, 1099, 1232, 1700, 2198, 2290, 2317, 2657, 2662, 2829, 2830, 3127, 3318, 3388, 3409, 3615, 3751, 3764, 3931, 4226, 4857, 5129, 5225, 5404, 5423, 5433, 5558, 5640, 5701, 5817, 6106, 6114, 6301, 6303, 6624, 6647, 6713, 6782, 6945, 7147, 7250, 7254, 7593, 7733, 7839, 7983]","[""9:B"", ""37:A"", ""355:A"", ""1099:A"", ""1232:A"", ""1700:A"", ""2198:A"", ""2290:A"", ""2317:A"", ""2657:A"", ""2662:A"", ""2829:A"", ""2830:A"", ""3127:A"", ""3318:A"", ""3388:A"", ""3409:A"", ""3615:A"", ""3751:B"", ""3764:A"", ""3931:A"", ""4226:A"", ""4857:A"", ""5129:A"", ""5225:A"", ""5404:A"", ""5423:A"", ""5433:A"", ""5558:B"", ""5640:A"", ""5701:A"", ""5817:A"", ""6106:A"", ""6114:B"", ""6301:B"", ""6303:A"", ""6624:B"", ""6647:A"", ""6713:B"", ""6782:A"", ""6945:B"", ""7147:A"", ""7250:A"", ""7254:A"", ""7593:A"", ""7733:A"", ""7839:A"", ""7983:A""]",48,48,generated_wrong_object_text_absent_from_source_atomic_metadata
The narwhal is a fish.,animal_class,0,narwhal,animal_class::The narwhal is a fish.,"[859, 1409, 2096, 2110, 2130, 2422, 3154, 3317, 3422, 3744, 4491, 6278, 6320, 7053, 7391, 7932]","[""859:B"", ""1409:B"", ""2096:B"", ""2110:B"", ""2130:B"", ""2422:B"", ""3154:B"", ""3317:B"", ""3422:B"", ""3744:B"", ""4491:B"", ""6278:B"", ""6320:B"", ""7053:B"", ""7391:B"", ""7932:B""]",16,16,generated_wrong_object_text_absent_from_source_atomic_metadata
The ostrich is a mollusk.,animal_class,0,ostrich,animal_class::The ostrich is a mollusk.,"[3962, 4471, 5594, 5674, 5710, 6017, 7090, 7704]","[""3962:A"", ""4471:A"", ""5594:A"", ""5674:A"", ""5710:A"", ""6017:A"", ""7090:A"", ""7704:A""]",8,8,generated_wrong_object_text_absent_from_source_atomic_metadata
The otter is a arachnid.,animal_class,0,otter,animal_class::The otter is a arachnid.,"[32, 1399, 1656, 1661, 1998, 2150, 2413, 2890, 3375, 3415, 3772, 3927, 4050, 4293, 4665, 5455, 5558, 5627, 5650, 5785, 6133, 6137, 6301, 6428, 6562, 6624, 6709, 6713, 7393, 7756, 7822, 7828]","[""32:B"", ""1399:A"", ""1656:A"", ""1661:B"", ""1998:A"", ""2150:A"", ""2413:B"", ""2890:B"", ""3375:A"", ""3415:B"", ""3772:A"", ""3927:B"", ""4050:A"", ""4293:B"", ""4665:B"", ""5455:A"", ""5558:A"", ""5627:A"", ""5650:B"", ""5785:B"", ""6133:B"", ""6137:B"", ""6301:A"", ""6428:B"", ""6562:B"", ""6624:A"", ""6709:B"", ""6713:A"", ""7393:A"", ""7756:B"", ""7822:A"", ""7828:A""]",32,32,generated_wrong_object_text_absent_from_source_atomic_metadata
The parrot is a arachnid.,animal_class,0,parrot,animal_class::The parrot is a arachnid.,"[760, 773, 787, 958, 1161, 1268, 1447, 1582, 1638, 1876, 2192, 2499, 2517, 2715, 3202, 4047, 4402, 5203, 5268, 5316, 5750, 5758, 5778, 5913, 6200, 6540, 6847, 6957, 7367, 7729, 7804, 7964]","[""760:A"", ""773:A"", ""787:B"", ""958:A"", ""1161:A"", ""1268:B"", ""1447:B"", ""1582:A"", ""1638:B"", ""1876:A"", ""2192:A"", ""2499:A"", ""2517:A"", ""2715:A"", ""3202:A"", ""4047:A"", ""4402:A"", ""5203:A"", ""5268:B"", ""5316:A"", ""5750:A"", ""5758:B"", ""5778:A"", ""5913:A"", ""6200:A"", ""6540:A"", ""6847:B"", ""6957:A"", ""7367:A"", ""7729:A"", ""7804:A"", ""7964:B""]",32,32,generated_wrong_object_text_absent_from_source_atomic_metadata
The peacock is a insect.,animal_class,0,peacock,animal_class::The peacock is a insect.,"[408, 802, 881, 927, 989, 1372, 1390, 1827, 1970, 2182, 2252, 3406, 3794, 3921, 4143, 4422, 4426, 4547, 4562, 4750, 4851, 4936, 5311, 5391, 5535, 5537, 5652, 5856, 5876, 6096, 7081, 7951]","[""408:A"", ""802:B"", ""881:B"", ""927:A"", ""989:A"", ""1372:B"", ""1390:A"", ""1827:A"", ""1970:A"", ""2182:B"", ""2252:B"", ""3406:B"", ""3794:B"", ""3921:A"", ""4143:A"", ""4422:B"", ""4426:A"", ""4547:A"", ""4562:B"", ""4750:A"", ""4851:A"", ""4936:A"", ""5311:B"", ""5391:B"", ""5535:A"", ""5537:B"", ""5652:B"", ""5856:A"", ""5876:B"", ""6096:B"", ""7081:A"", ""7951:B""]",32,32,generated_wrong_object_text_absent_from_source_atomic_metadata
The penguin is a reptile.,animal_class,0,penguin,animal_class::The penguin is a reptile.,"[26, 859, 1594, 1998, 2092, 2130, 2500, 4050, 5455, 5583, 5627, 6366, 6435, 7053, 7825, 7932]","[""26:B"", ""859:A"", ""1594:A"", ""1998:B"", ""2092:A"", ""2130:A"", ""2500:A"", ""4050:B"", ""5455:B"", ""5583:A"", ""5627:B"", ""6366:B"", ""6435:B"", ""7053:A"", ""7825:B"", ""7932:A""]",16,16,generated_wrong_object_text_absent_from_source_atomic_metadata
The pigeon is a amphibian.,animal_class,0,pigeon,animal_class::The pigeon is a amphibian.,"[539, 563, 621, 906, 2477, 2513, 2755, 3103, 3846, 4926, 5008, 6669, 6920, 6933, 7510, 7870]","[""539:B"", ""563:B"", ""621:B"", ""906:B"", ""2477:B"", ""2513:B"", ""2755:B"", ""3103:B"", ""3846:B"", ""4926:B"", ""5008:B"", ""6669:B"", ""6920:B"", ""6933:B"", ""7510:B"", ""7870:B""]",16,16,generated_wrong_object_text_absent_from_source_atomic_metadata
The platypus is a arachnid.,animal_class,0,platypus,animal_class::The platypus is a arachnid.,"[169, 396, 1012, 1683, 2429, 2592, 3164, 3681, 4945, 4988, 5609, 5815, 6243, 6522, 6674, 7105]","[""169:A"", ""396:A"", ""1012:A"", ""1683:B"", ""2429:A"", ""2592:A"", ""3164:B"", ""3681:A"", ""4945:B"", ""4988:A"", ""5609:B"", ""5815:B"", ""6243:B"", ""6522:B"", ""6674:A"", ""7105:B""]",16,16,generated_wrong_object_text_absent_from_source_atomic_metadata
The raccoon is a bird.,animal_class,0,raccoon,animal_class::The raccoon is a bird.,"[355, 410, 483, 599, 682, 1079, 1205, 1231, 1535, 1694, 1700, 1778, 1854, 2320, 2441, 2481, 2487, 2502, 2556, 2828, 3369, 3376, 3713, 3734, 3931, 4201, 4597, 4765, 4769, 4863, 5083, 5092, 5300, 5369, 5701, 6052, 6353, 6390, 6556, 6579, 6733, 6784, 7086, 7337, 7361, 7541, 7569, 7572]","[""355:B"", ""410:A"", ""483:A"", ""599:A"", ""682:B"", ""1079:A"", ""1205:B"", ""1231:A"", ""1535:A"", ""1694:A"", ""1700:B"", ""1778:A"", ""1854:B"", ""2320:A"", ""2441:A"", ""2481:A"", ""2487:A"", ""2502:A"", ""2556:A"", ""2828:A"", ""3369:B"", ""3376:A"", ""3713:A"", ""3734:B"", ""3931:B"", ""4201:A"", ""4597:A"", ""4765:A"", ""4769:A"", ""4863:B"", ""5083:A"", ""5092:A"", ""5300:A"", ""5369:A"", ""5701:B"", ""6052:A"", ""6353:A"", ""6390:A"", ""6556:A"", ""6579:B"", ""6733:B"", ""6784:A"", ""7086:B"", ""7337:B"", ""7361:A"", ""7541:B"", ""7569:A"", ""7572:B""]",48,48,generated_wrong_object_text_absent_from_source_atomic_metadata
The rat is a arachnid.,animal_class,0,rat,animal_class::The rat is a arachnid.,"[129, 155, 697, 1395, 1835, 2001, 2033, 2075, 2881, 3191, 3776, 4315, 5624, 6547, 7017, 7881]","[""129:A"", ""155:A"", ""697:A"", ""1395:B"", ""1835:A"", ""2001:A"", ""2033:B"", ""2075:B"", ""2881:B"", ""3191:B"", ""3776:B"", ""4315:A"", ""5624:B"", ""6547:A"", ""7017:A"", ""7881:B""]",16,16,generated_wrong_object_text_absent_from_source_atomic_metadata
The salmon is a crustacean.,animal_class,0,salmon,animal_class::The salmon is a crustacean.,"[252, 619, 1129, 1390, 1560, 1689, 2510, 2848, 2960, 3503, 3657, 4052, 4206, 4215, 5086, 5535, 5856, 5997, 6683, 6865, 6893, 7081, 7303, 7340]","[""252:A"", ""619:A"", ""1129:B"", ""1390:B"", ""1560:B"", ""1689:B"", ""2510:B"", ""2848:B"", ""2960:A"", ""3503:B"", ""3657:B"", ""4052:A"", ""4206:A"", ""4215:B"", ""5086:A"", ""5535:B"", ""5856:B"", ""5997:B"", ""6683:B"", ""6865:B"", ""6893:B"", ""7081:B"", ""7303:A"", ""7340:A""]",24,24,generated_wrong_object_text_absent_from_source_atomic_metadata
The seagull is a reptile.,animal_class,0,seagull,animal_class::The seagull is a reptile.,"[336, 1060, 1449, 1465, 1572, 2051, 2320, 2326, 2466, 2553, 2694, 2792, 2916, 2997, 3338, 3492, 3659, 3697, 5092, 5336, 5436, 5438, 5906, 6225, 6614, 6784, 6809, 6853, 7032, 7361, 7488, 7498, 7501, 7551, 7688, 7824, 7829, 7909, 7944, 7969]","[""336:A"", ""1060:A"", ""1449:A"", ""1465:A"", ""1572:A"", ""2051:A"", ""2320:B"", ""2326:A"", ""2466:B"", ""2553:B"", ""2694:A"", ""2792:A"", ""2916:A"", ""2997:A"", ""3338:B"", ""3492:A"", ""3659:A"", ""3697:B"", ""5092:B"", ""5336:B"", ""5436:A"", ""5438:A"", ""5906:A"", ""6225:B"", ""6614:B"", ""6784:B"", ""6809:B"", ""6853:B"", ""7032:A"", ""7361:B"", ""7488:B"", ""7498:A"", ""7501:A"", ""7551:A"", ""7688:B"", ""7824:A"", ""7829:A"", ""7909:A"", ""7944:B"", ""7969:A""]",40,40,generated_wrong_object_text_absent_from_source_atomic_metadata
The shark is a cnidarian.,animal_class,0,shark,animal_class::The shark is a cnidarian.,"[291, 299, 1143, 1238, 1300, 1891, 2076, 2436, 2703, 3427, 3476, 4463, 4701, 4935, 7215, 7538]","[""291:B"", ""299:A"", ""1143:B"", ""1238:B"", ""1300:A"", ""1891:B"", ""2076:A"", ""2436:A"", ""2703:A"", ""3427:A"", ""3476:B"", ""4463:A"", ""4701:B"", ""4935:A"", ""7215:B"", ""7538:B""]",16,16,generated_wrong_object_text_absent_from_source_atomic_metadata
The skunk is a insect.,animal_class,0,skunk,animal_class::The skunk is a insect.,"[436, 702, 898, 927, 1650, 1690, 1750, 1900, 1911, 2794, 3102, 3589, 3690, 3752, 3778, 3861, 4426, 4691, 4729, 4750, 4851, 5303, 7493, 7586]","[""436:B"", ""702:B"", ""898:B"", ""927:B"", ""1650:A"", ""1690:B"", ""1750:A"", ""1900:A"", ""1911:B"", ""2794:A"", ""3102:B"", ""3589:B"", ""3690:A"", ""3752:B"", ""3778:B"", ""3861:A"", ""4426:B"", ""4691:B"", ""4729:A"", ""4750:B"", ""4851:B"", ""5303:A"", ""7493:B"", ""7586:B""]",24,24,generated_wrong_object_text_absent_from_source_atomic_metadata
The sparrow is a crustacean.,animal_class,0,sparrow,animal_class::The sparrow is a crustacean.,"[232, 439, 589, 1271, 1332, 1415, 1909, 1959, 3349, 3459, 3498, 3566, 3580, 4630, 4753, 4996, 5029, 5214, 5521, 6340, 6850, 7112, 7135, 7975]","[""232:B"", ""439:B"", ""589:A"", ""1271:A"", ""1332:B"", ""1415:B"", ""1909:A"", ""1959:B"", ""3349:B"", ""3459:B"", ""3498:B"", ""3566:A"", ""3580:A"", ""4630:A"", ""4753:B"", ""4996:A"", ""5029:B"", ""5214:B"", ""5521:B"", ""6340:B"", ""6850:B"", ""7112:B"", ""7135:B"", ""7975:A""]",24,24,generated_wrong_object_text_absent_from_source_atomic_metadata
The squirrel is a insect.,animal_class,0,squirrel,animal_class::The squirrel is a insect.,"[1566, 2161, 2883, 3048, 4635, 4767, 6352, 6848]","[""1566:A"", ""2161:A"", ""2883:A"", ""3048:A"", ""4635:A"", ""4767:A"", ""6352:A"", ""6848:A""]",8,8,generated_wrong_object_text_absent_from_source_atomic_metadata
The tapir is a insect.,animal_class,0,tapir,animal_class::The tapir is a insect.,"[378, 872, 1141, 3306, 4825, 6777, 7448, 7961]","[""378:B"", ""872:B"", ""1141:B"", ""3306:B"", ""4825:B"", ""6777:B"", ""7448:B"", ""7961:B""]",8,8,generated_wrong_object_text_absent_from_source_atomic_metadata
The tarantula is a bird.,animal_class,0,tarantula,animal_class::The tarantula is a bird.,"[1158, 1332, 2263, 2342, 2419, 3498, 6850, 7112]","[""1158:A"", ""1332:A"", ""2263:A"", ""2342:A"", ""2419:A"", ""3498:A"", ""6850:A"", ""7112:A""]",8,8,generated_wrong_object_text_absent_from_source_atomic_metadata
The tortoise is a fish.,animal_class,0,tortoise,animal_class::The tortoise is a fish.,"[165, 1511, 1556, 2338, 3691, 5154, 5471, 5613]","[""165:A"", ""1511:A"", ""1556:A"", ""2338:A"", ""3691:A"", ""5154:A"", ""5471:A"", ""5613:A""]",8,8,generated_wrong_object_text_absent_from_source_atomic_metadata
The tuna is a insect.,animal_class,0,tuna,animal_class::The tuna is a insect.,"[483, 698, 752, 1584, 1777, 1990, 2038, 2451, 2556, 2793, 2860, 3376, 3508, 3818, 4494, 5347, 5993, 6030, 6052, 6129, 6293, 7256, 7474, 7843]","[""483:B"", ""698:A"", ""752:B"", ""1584:B"", ""1777:A"", ""1990:B"", ""2038:B"", ""2451:B"", ""2556:B"", ""2793:A"", ""2860:B"", ""3376:B"", ""3508:A"", ""3818:B"", ""4494:B"", ""5347:A"", ""5993:A"", ""6030:B"", ""6052:B"", ""6129:B"", ""6293:A"", ""7256:B"", ""7474:B"", ""7843:A""]",24,24,generated_wrong_object_text_absent_from_source_atomic_metadata
The vulture is a mollusk.,animal_class,0,vulture,animal_class::The vulture is a mollusk.,"[334, 674, 803, 1284, 1423, 1823, 2350, 2996, 3347, 4364, 4770, 4909, 6220, 6675, 7202, 7408]","[""334:B"", ""674:B"", ""803:B"", ""1284:A"", ""1423:B"", ""1823:A"", ""2350:A"", ""2996:A"", ""3347:B"", ""4364:B"", ""4770:A"", ""4909:B"", ""6220:A"", ""6675:A"", ""7202:A"", ""7408:B""]",16,16,generated_wrong_object_text_absent_from_source_atomic_metadata
The walrus is a cnidarian.,animal_class,0,walrus,animal_class::The walrus is a cnidarian.,"[84, 539, 627, 969, 1176, 1588, 1831, 2207, 2243, 2552, 2619, 2712, 2798, 3121, 3210, 3327, 3432, 4083, 4341, 4508, 4713, 5047, 5428, 5603, 5706, 5916, 6234, 6459, 6669, 7510, 7684, 7870]","[""84:A"", ""539:A"", ""627:A"", ""969:B"", ""1176:A"", ""1588:A"", ""1831:A"", ""2207:A"", ""2243:A"", ""2552:A"", ""2619:B"", ""2712:A"", ""2798:A"", ""3121:A"", ""3210:B"", ""3327:A"", ""3432:A"", ""4083:B"", ""4341:B"", ""4508:B"", ""4713:A"", ""5047:A"", ""5428:A"", ""5603:A"", ""5706:B"", ""5916:A"", ""6234:A"", ""6459:B"", ""6669:A"", ""7510:A"", ""7684:A"", ""7870:A""]",32,32,generated_wrong_object_text_absent_from_source_atomic_metadata
The whale is a amphibian.,animal_class,0,whale,animal_class::The whale is a amphibian.,"[302, 592, 904, 1595, 1644, 1821, 2112, 2249, 2420, 2873, 3278, 3493, 3601, 4102, 4360, 4378, 4620, 4709, 4746, 4790, 5237, 5608, 5793, 5927, 5931, 6037, 6805, 6927, 6962, 7113, 7232, 7649]","[""302:B"", ""592:A"", ""904:A"", ""1595:B"", ""1644:A"", ""1821:A"", ""2112:A"", ""2249:A"", ""2420:A"", ""2873:A"", ""3278:A"", ""3493:A"", ""3601:A"", ""4102:A"", ""4360:B"", ""4378:A"", ""4620:A"", ""4709:B"", ""4746:B"", ""4790:A"", ""5237:A"", ""5608:B"", ""5793:A"", ""5927:A"", ""5931:B"", ""6037:A"", ""6805:A"", ""6927:A"", ""6962:A"", ""7113:A"", ""7232:B"", ""7649:A""]",32,32,generated_wrong_object_text_absent_from_source_atomic_metadata
The zebra is a arachnid.,animal_class,0,zebra,animal_class::The zebra is a arachnid.,"[2536, 2970, 3121, 3432, 4713, 6234, 6798, 7481]","[""2536:B"", ""2970:B"", ""3121:B"", ""3432:B"", ""4713:B"", ""6234:B"", ""6798:B"", ""7481:B""]",8,8,generated_wrong_object_text_absent_from_source_atomic_metadata
The city of Abu Ghurayb is in Italy.,cities,0,Abu Ghurayb,cities::The city of Abu Ghurayb is in Italy.,"[761, 2067, 2217, 4051, 4276, 7038, 7100, 7706]","[""761:B"", ""2067:B"", ""2217:B"", ""4051:B"", ""4276:B"", ""7038:B"", ""7100:B"", ""7706:B""]",8,8,generated_wrong_object_text_absent_from_source_atomic_metadata
The city of Acapulco de Juarez is in Togo.,cities,0,Acapulco de Juarez,cities::The city of Acapulco de Juarez is in Togo.,"[2307, 3076, 3097, 3480, 3837, 3940, 4434, 5475]","[""2307:A"", ""3076:A"", ""3097:A"", ""3480:A"", ""3837:A"", ""3940:A"", ""4434:A"", ""5475:A""]",8,8,generated_wrong_object_text_absent_from_source_atomic_metadata
The city of Agadir is in Somalia.,cities,0,Agadir,cities::The city of Agadir is in Somalia.,"[304, 452, 515, 2423, 2501, 2807, 2891, 2981, 3116, 4566, 4822, 5251, 5532, 5696, 7304, 7519]","[""304:B"", ""452:A"", ""515:B"", ""2423:B"", ""2501:A"", ""2807:B"", ""2891:B"", ""2981:B"", ""3116:A"", ""4566:A"", ""4822:A"", ""5251:A"", ""5532:B"", ""5696:A"", ""7304:B"", ""7519:A""]",16,16,generated_wrong_object_text_absent_from_source_atomic_metadata
The city of Aguascalientes is in Ghana.,cities,0,Aguascalientes,cities::The city of Aguascalientes is in Ghana.,"[2943, 3426, 4541, 4814, 5254, 6190, 6770, 7549]","[""2943:B"", ""3426:B"", ""4541:B"", ""4814:B"", ""5254:B"", ""6190:B"", ""6770:B"", ""7549:B""]",8,8,generated_wrong_object_text_absent_from_source_atomic_metadata
The city of Ahmedabad is in Mali.,cities,0,Ahmedabad,cities::The city of Ahmedabad is in Mali.,"[314, 570, 865, 1137, 3248, 4296, 6984, 7941]","[""314:B"", ""570:B"", ""865:B"", ""1137:B"", ""3248:B"", ""4296:B"", ""6984:B"", ""7941:B""]",8,8,generated_wrong_object_text_absent_from_source_atomic_metadata
The city of Al Mawsil al Jadidah is in Morocco.,cities,0,Al Mawsil al Jadidah,cities::The city of Al Mawsil al Jadidah is in Morocco.,"[540, 4662, 4843, 5035, 6656, 6730, 7252, 7400]","[""540:A"", ""4662:A"", ""4843:A"", ""5035:A"", ""6656:A"", ""6730:A"", ""7252:A"", ""7400:A""]",8,8,generated_wrong_object_text_absent_from_source_atomic_metadata
The city of Algiers is in Lithuania.,cities,0,Algiers,cities::The city of Algiers is in Lithuania.,"[283, 471, 926, 1032, 1292, 2048, 2337, 2391, 3142, 3393, 3992, 4281, 4777, 4869, 5301, 5440, 5678, 5713, 5725, 5829, 5871, 6097, 6274, 6520]","[""283:B"", ""471:B"", ""926:A"", ""1032:A"", ""1292:A"", ""2048:A"", ""2337:A"", ""2391:A"", ""3142:A"", ""3393:A"", ""3992:B"", ""4281:A"", ""4777:B"", ""4869:A"", ""5301:A"", ""5440:B"", ""5678:A"", ""5713:A"", ""5725:B"", ""5829:A"", ""5871:A"", ""6097:B"", ""6274:A"", ""6520:B""]",24,24,generated_wrong_object_text_absent_from_source_atomic_metadata
The city of Arak is in Niger.,cities,0,Arak,cities::The city of Arak is in Niger.,"[2384, 2761, 3630, 4412, 4923, 5007, 5690, 7556]","[""2384:B"", ""2761:B"", ""3630:B"", ""4412:B"", ""4923:B"", ""5007:B"", ""5690:B"", ""7556:B""]",8,8,generated_wrong_object_text_absent_from_source_atomic_metadata
The city of Ashgabat is in Oman.,cities,0,Ashgabat,cities::The city of Ashgabat is in Oman.,"[1669, 1866, 2008, 3673, 4225, 5524, 6699, 7609]","[""1669:A"", ""1866:A"", ""2008:A"", ""3673:A"", ""4225:A"", ""5524:A"", ""6699:A"", ""7609:A""]",8,8,generated_wrong_object_text_absent_from_source_atomic_metadata
The city of Asmara is in Nepal.,cities,0,Asmara,cities::The city of Asmara is in Nepal.,"[478, 604, 629, 1081, 1279, 1591, 1802, 1956, 2950, 3093, 4131, 5124, 5731, 6511, 7562, 7654]","[""478:A"", ""604:B"", ""629:B"", ""1081:A"", ""1279:A"", ""1591:A"", ""1802:B"", ""1956:A"", ""2950:B"", ""3093:B"", ""4131:B"", ""5124:A"", ""5731:A"", ""6511:B"", ""7562:B"", ""7654:A""]",16,16,generated_wrong_object_text_absent_from_source_atomic_metadata
The city of Bandar Lampung is in Lithuania.,cities,0,Bandar Lampung,cities::The city of Bandar Lampung is in Lithuania.,"[466, 701, 3180, 3242, 5151, 5339, 6284, 7230]","[""466:A"", ""701:A"", ""3180:A"", ""3242:A"", ""5151:A"", ""5339:A"", ""6284:A"", ""7230:A""]",8,8,generated_wrong_object_text_absent_from_source_atomic_metadata
The city of Baoji is in Germany.,cities,0,Baoji,cities::The city of Baoji is in Germany.,"[733, 1632, 1892, 2188, 5206, 6527, 6711, 7010]","[""733:B"", ""1632:B"", ""1892:B"", ""2188:B"", ""5206:B"", ""6527:B"", ""6711:B"", ""7010:B""]",8,8,generated_wrong_object_text_absent_from_source_atomic_metadata
The city of Beijing is in the Republic of the Congo.,cities,0,Beijing,cities::The city of Beijing is in the Republic of the Congo.,"[134, 405, 776, 1457, 2613, 2659, 4591, 4721]","[""134:A"", ""405:A"", ""776:A"", ""1457:A"", ""2613:A"", ""2659:A"", ""4591:A"", ""4721:A""]",8,8,generated_wrong_object_text_absent_from_source_atomic_metadata
The city of Bhayandar is in Oman.,cities,0,Bhayandar,cities::The city of Bhayandar is in Oman.,"[1410, 1855, 2994, 3023, 4631, 6432, 6810, 7253]","[""1410:A"", ""1855:A"", ""2994:A"", ""3023:A"", ""4631:A"", ""6432:A"", ""6810:A"", ""7253:A""]",8,8,generated_wrong_object_text_absent_from_source_atomic_metadata
The city of Bhopal is in Iraq.,cities,0,Bhopal,cities::The city of Bhopal is in Iraq.,"[349, 656, 1359, 3045, 3813, 6175, 7740, 7854]","[""349:A"", ""656:A"", ""1359:A"", ""3045:A"", ""3813:A"", ""6175:A"", ""7740:A"", ""7854:A""]",8,8,generated_wrong_object_text_absent_from_source_atomic_metadata
The city of Brazzaville is in the Dominican Republic.,cities,0,Brazzaville,cities::The city of Brazzaville is in the Dominican Republic.,"[3182, 3490, 3762, 3899, 4232, 4536, 6623, 6881]","[""3182:A"", ""3490:A"", ""3762:A"", ""3899:A"", ""4232:A"", ""4536:A"", ""6623:A"", ""6881:A""]",8,8,generated_wrong_object_text_absent_from_source_atomic_metadata
The city of Bucharest is in Turkmenistan.,cities,0,Bucharest,cities::The city of Bucharest is in Turkmenistan.,"[70, 607, 2324, 4401, 4615, 5980, 6471, 7765]","[""70:B"", ""607:B"", ""2324:B"", ""4401:B"", ""4615:B"", ""5980:B"", ""6471:B"", ""7765:B""]",8,8,generated_wrong_object_text_absent_from_source_atomic_metadata
The city of Budapest is in Armenia.,cities,0,Budapest,cities::The city of Budapest is in Armenia.,"[926, 2302, 3936, 4281, 4757, 5713, 6274, 7234]","[""926:B"", ""2302:B"", ""3936:B"", ""4281:B"", ""4757:B"", ""5713:B"", ""6274:B"", ""7234:B""]",8,8,generated_wrong_object_text_absent_from_source_atomic_metadata
The city of Bursa is in Senegal.,cities,0,Bursa,cities::The city of Bursa is in Senegal.,"[41, 103, 2088, 4791, 5659, 5670, 5697, 7214]","[""41:B"", ""103:B"", ""2088:B"", ""4791:B"", ""5659:B"", ""5670:B"", ""5697:B"", ""7214:B""]",8,8,generated_wrong_object_text_absent_from_source_atomic_metadata
The city of Changchun is in Senegal.,cities,0,Changchun,cities::The city of Changchun is in Senegal.,"[162, 554, 874, 1523, 2379, 3291, 3333, 6253]","[""162:A"", ""554:A"", ""874:A"", ""1523:A"", ""2379:A"", ""3291:A"", ""3333:A"", ""6253:A""]",8,8,generated_wrong_object_text_absent_from_source_atomic_metadata
The city of Changshu is in Germany.,cities,0,Changshu,cities::The city of Changshu is in Germany.,"[636, 934, 1040, 1296, 1729, 1937, 2295, 2583, 2847, 2911, 3229, 3895, 4017, 4181, 5065, 5131, 5209, 5497, 5505, 6065, 7114, 7180, 7728, 7767]","[""636:A"", ""934:B"", ""1040:A"", ""1296:A"", ""1729:B"", ""1937:A"", ""2295:A"", ""2583:B"", ""2847:B"", ""2911:A"", ""3229:A"", ""3895:B"", ""4017:A"", ""4181:A"", ""5065:B"", ""5131:A"", ""5209:A"", ""5497:A"", ""5505:B"", ""6065:A"", ""7114:A"", ""7180:B"", ""7728:A"", ""7767:A""]",24,24,generated_wrong_object_text_absent_from_source_atomic_metadata
The city of Chisinau is in Poland.,cities,0,Chisinau,cities::The city of Chisinau is in Poland.,"[200, 4903, 5187, 5930, 6227, 6643, 6677, 7122]","[""200:A"", ""4903:A"", ""5187:A"", ""5930:A"", ""6227:A"", ""6643:A"", ""6677:A"", ""7122:A""]",8,8,generated_wrong_object_text_absent_from_source_atomic_metadata
The city of Ciudad Nezahualcoyotl is in Mongolia.,cities,0,Ciudad Nezahualcoyotl,cities::The city of Ciudad Nezahualcoyotl is in Mongolia.,"[1267, 2233, 2480, 3842, 4532, 5427, 7272, 7701]","[""1267:A"", ""2233:A"", ""2480:A"", ""3842:A"", ""4532:A"", ""5427:A"", ""7272:A"", ""7701:A""]",8,8,generated_wrong_object_text_absent_from_source_atomic_metadata
The city of Cochin is in Japan.,cities,0,Cochin,cities::The city of Cochin is in Japan.,"[283, 1833, 2885, 3141, 4777, 5719, 5725, 6520]","[""283:A"", ""1833:A"", ""2885:A"", ""3141:A"", ""4777:A"", ""5719:A"", ""5725:A"", ""6520:A""]",8,8,generated_wrong_object_text_absent_from_source_atomic_metadata
The city of Comilla is in Ethiopia.,cities,0,Comilla,cities::The city of Comilla is in Ethiopia.,"[452, 568, 2065, 3025, 3116, 4702, 4822, 7519]","[""452:B"", ""568:B"", ""2065:B"", ""3025:B"", ""3116:B"", ""4702:B"", ""4822:B"", ""7519:B""]",8,8,generated_wrong_object_text_absent_from_source_atomic_metadata
The city of Culiacan is in Nigeria.,cities,0,Culiacan,cities::The city of Culiacan is in Nigeria.,"[753, 1296, 1907, 1937, 4017, 4157, 4181, 6739]","[""753:B"", ""1296:B"", ""1907:B"", ""1937:B"", ""4017:B"", ""4157:B"", ""4181:B"", ""6739:B""]",8,8,generated_wrong_object_text_absent_from_source_atomic_metadata
The city of Curitiba is in Croatia.,cities,0,Curitiba,cities::The city of Curitiba is in Croatia.,"[1609, 2289, 2400, 2826, 3152, 7236, 7266, 7587]","[""1609:B"", ""2289:B"", ""2400:B"", ""2826:B"", ""3152:B"", ""7236:B"", ""7266:B"", ""7587:B""]",8,8,generated_wrong_object_text_absent_from_source_atomic_metadata
The city of Da Nang is in Syria.,cities,0,Da Nang,cities::The city of Da Nang is in Syria.,"[105, 723, 2408, 2587, 4752, 5094, 5874, 7991]","[""105:A"", ""723:A"", ""2408:A"", ""2587:A"", ""4752:A"", ""5094:A"", ""5874:A"", ""7991:A""]",8,8,generated_wrong_object_text_absent_from_source_atomic_metadata
The city of Dammam is in Cameroon.,cities,0,Dammam,cities::The city of Dammam is in Cameroon.,"[594, 1669, 1866, 2008, 2679, 4267, 5519, 7609]","[""594:B"", ""1669:B"", ""1866:B"", ""2008:B"", ""2679:B"", ""4267:B"", ""5519:B"", ""7609:B""]",8,8,generated_wrong_object_text_absent_from_source_atomic_metadata
The city of Denpasar is in Nepal.,cities,0,Denpasar,cities::The city of Denpasar is in Nepal.,"[346, 1219, 1335, 3574, 6894, 6979, 7014, 7440]","[""346:A"", ""1219:A"", ""1335:A"", ""3574:A"", ""6894:A"", ""6979:A"", ""7014:A"", ""7440:A""]",8,8,generated_wrong_object_text_absent_from_source_atomic_metadata
The city of Diyarbakir is in Kazakhstan.,cities,0,Diyarbakir,cities::The city of Diyarbakir is in Kazakhstan.,"[999, 1735, 2975, 3321, 4404, 4448, 7327, 7799]","[""999:B"", ""1735:B"", ""2975:B"", ""3321:B"", ""4404:B"", ""4448:B"", ""7327:B"", ""7799:B""]",8,8,generated_wrong_object_text_absent_from_source_atomic_metadata
The city of Dortmund is in Saudi Arabia.,cities,0,Dortmund,cities::The city of Dortmund is in Saudi Arabia.,"[236, 3108, 4514, 5628, 5765, 6631, 7487, 7640]","[""236:A"", ""3108:A"", ""4514:A"", ""5628:A"", ""5765:A"", ""6631:A"", ""7487:A"", ""7640:A""]",8,8,generated_wrong_object_text_absent_from_source_atomic_metadata
The city of Durban is in the Dominican Republic.,cities,0,Durban,cities::The city of Durban is in the Dominican Republic.,"[154, 2943, 3156, 3828, 4541, 4814, 5254, 7431]","[""154:A"", ""2943:A"", ""3156:A"", ""3828:A"", ""4541:A"", ""4814:A"", ""5254:A"", ""7431:A""]",8,8,generated_wrong_object_text_absent_from_source_atomic_metadata
The city of Ganzhou is in Tanzania.,cities,0,Ganzhou,cities::The city of Ganzhou is in Tanzania.,"[1702, 3290, 4003, 4279, 5215, 6057, 6654, 7625]","[""1702:A"", ""3290:A"", ""4003:A"", ""4279:A"", ""5215:A"", ""6057:A"", ""6654:A"", ""7625:A""]",8,8,generated_wrong_object_text_absent_from_source_atomic_metadata
The city of Gaziantep is in Ghana.,cities,0,Gaziantep,cities::The city of Gaziantep is in Ghana.,"[96, 494, 750, 798, 942, 1070, 1953, 2000, 2367, 2433, 3030, 3129, 3487, 3799, 4994, 5152, 5389, 6734, 7075, 7298, 7473, 7560, 7749, 7761]","[""96:B"", ""494:A"", ""750:A"", ""798:A"", ""942:A"", ""1070:A"", ""1953:B"", ""2000:A"", ""2367:A"", ""2433:A"", ""3030:B"", ""3129:A"", ""3487:A"", ""3799:B"", ""4994:A"", ""5152:B"", ""5389:B"", ""6734:A"", ""7075:A"", ""7298:B"", ""7473:A"", ""7560:A"", ""7749:A"", ""7761:B""]",24,24,generated_wrong_object_text_absent_from_source_atomic_metadata
The city of General Santos is in Belgium.,cities,0,General Santos,cities::The city of General Santos is in Belgium.,"[3559, 3630, 4923, 5007, 6451, 6555, 7217, 7556]","[""3559:A"", ""3630:A"", ""4923:A"", ""5007:A"", ""6451:A"", ""6555:A"", ""7217:A"", ""7556:A""]",8,8,generated_wrong_object_text_absent_from_source_atomic_metadata
The city of Goyang-si is in Eritrea.,cities,0,Goyang-si,cities::The city of Goyang-si is in Eritrea.,"[797, 2171, 3138, 4384, 4678, 4696, 5059, 7517]","[""797:A"", ""2171:A"", ""3138:A"", ""4384:A"", ""4678:A"", ""4696:A"", ""5059:A"", ""7517:A""]",8,8,generated_wrong_object_text_absent_from_source_atomic_metadata
The city of Guigang is in Senegal.,cities,0,Guigang,cities::The city of Guigang is in Senegal.,"[710, 762, 976, 2982, 4643, 5597, 5991, 6298]","[""710:A"", ""762:A"", ""976:A"", ""2982:A"", ""4643:A"", ""5597:A"", ""5991:A"", ""6298:A""]",8,8,generated_wrong_object_text_absent_from_source_atomic_metadata
The city of Hachioji is in Bangladesh.,cities,0,Hachioji,cities::The city of Hachioji is in Bangladesh.,"[442, 551, 1294, 2579, 4624, 6019, 6277, 6436]","[""442:B"", ""551:B"", ""1294:B"", ""2579:B"", ""4624:B"", ""6019:B"", ""6277:B"", ""6436:B""]",8,8,generated_wrong_object_text_absent_from_source_atomic_metadata
The city of Handan is in Algeria.,cities,0,Handan,cities::The city of Handan is in Algeria.,"[1615, 2003, 2773, 2842, 3077, 4339, 5576, 6110]","[""1615:A"", ""2003:A"", ""2773:A"", ""2842:A"", ""3077:A"", ""4339:A"", ""5576:A"", ""6110:A""]",8,8,generated_wrong_object_text_absent_from_source_atomic_metadata
The city of Hannover is in Egypt.,cities,0,Hannover,cities::The city of Hannover is in Egypt.,"[716, 2797, 2850, 4085, 4174, 4567, 7315, 7602]","[""716:B"", ""2797:B"", ""2850:B"", ""4085:B"", ""4174:B"", ""4567:B"", ""7315:B"", ""7602:B""]",8,8,generated_wrong_object_text_absent_from_source_atomic_metadata
The city of Hanoi is in Norway.,cities,0,Hanoi,cities::The city of Hanoi is in Norway.,"[1155, 1310, 2041, 2804, 4079, 4706, 5073, 6091]","[""1155:A"", ""1310:A"", ""2041:A"", ""2804:A"", ""4079:A"", ""4706:A"", ""5073:A"", ""6091:A""]",8,8,generated_wrong_object_text_absent_from_source_atomic_metadata
The city of Harbin is in Madagascar.,cities,0,Harbin,cities::The city of Harbin is in Madagascar.,"[150, 2179, 2736, 3176, 6319, 6330, 6610, 7319]","[""150:B"", ""2179:B"", ""2736:B"", ""3176:B"", ""6319:B"", ""6330:B"", ""6610:B"", ""7319:B""]",8,8,generated_wrong_object_text_absent_from_source_atomic_metadata
The city of Hebi is in Sweden.,cities,0,Hebi,cities::The city of Hebi is in Sweden.,"[1629, 1871, 2751, 3042, 4150, 4383, 5840, 7697]","[""1629:B"", ""1871:B"", ""2751:B"", ""3042:B"", ""4150:B"", ""4383:B"", ""5840:B"", ""7697:B""]",8,8,generated_wrong_object_text_absent_from_source_atomic_metadata
The city of Hegang is in Uganda.,cities,0,Hegang,cities::The city of Hegang is in Uganda.,"[607, 3037, 3819, 4615, 4698, 6471, 7581, 7765]","[""607:A"", ""3037:A"", ""3819:A"", ""4615:A"", ""4698:A"", ""6471:A"", ""7581:A"", ""7765:A""]",8,8,generated_wrong_object_text_absent_from_source_atomic_metadata
The city of Ho Chi Minh City is in Ghana.,cities,0,Ho Chi Minh City,cities::The city of Ho Chi Minh City is in Ghana.,"[716, 726, 3840, 4174, 4567, 6480, 7315, 7789]","[""716:A"", ""726:A"", ""3840:A"", ""4174:A"", ""4567:A"", ""6480:A"", ""7315:A"", ""7789:A""]",8,8,generated_wrong_object_text_absent_from_source_atomic_metadata
The city of Homyel' is in Nepal.,cities,0,Homyel',cities::The city of Homyel' is in Nepal.,"[160, 451, 1029, 1080, 2702, 3019, 6035, 7496]","[""160:B"", ""451:B"", ""1029:B"", ""1080:B"", ""2702:B"", ""3019:B"", ""6035:B"", ""7496:B""]",8,8,generated_wrong_object_text_absent_from_source_atomic_metadata
The city of Huainan is in Cameroon.,cities,0,Huainan,cities::The city of Huainan is in Cameroon.,"[1933, 2400, 5089, 5314, 5566, 7236, 7266, 7587]","[""1933:A"", ""2400:A"", ""5089:A"", ""5314:A"", ""5566:A"", ""7236:A"", ""7266:A"", ""7587:A""]",8,8,generated_wrong_object_text_absent_from_source_atomic_metadata
The city of Hwaseong-si is in Burundi.,cities,0,Hwaseong-si,cities::The city of Hwaseong-si is in Burundi.,"[331, 340, 1557, 2572, 4555, 5101, 5399, 7107]","[""331:A"", ""340:A"", ""1557:A"", ""2572:A"", ""4555:A"", ""5101:A"", ""5399:A"", ""7107:A""]",8,8,generated_wrong_object_text_absent_from_source_atomic_metadata
The city of Indianapolis is in Egypt.,cities,0,Indianapolis,cities::The city of Indianapolis is in Egypt.,"[3, 46, 219, 472, 1762, 1967, 5431, 6407]","[""3:B"", ""46:B"", ""219:B"", ""472:B"", ""1762:B"", ""1967:B"", ""5431:B"", ""6407:B""]",8,8,generated_wrong_object_text_absent_from_source_atomic_metadata
The city of Indore is in Argentina.,cities,0,Indore,cities::The city of Indore is in Argentina.,"[4011, 4321, 5533, 5547, 6079, 6487, 6991, 7425]","[""4011:B"", ""4321:B"", ""5533:B"", ""5547:B"", ""6079:B"", ""6487:B"", ""6991:B"", ""7425:B""]",8,8,generated_wrong_object_text_absent_from_source_atomic_metadata
The city of Irbid is in Burkina Faso.,cities,0,Irbid,cities::The city of Irbid is in Burkina Faso.,"[572, 715, 810, 857, 1387, 2376, 3056, 3596, 3698, 3898, 4062, 4787, 4884, 5337, 5676, 7461]","[""572:B"", ""715:B"", ""810:B"", ""857:B"", ""1387:B"", ""2376:B"", ""3056:B"", ""3596:B"", ""3698:B"", ""3898:B"", ""4062:B"", ""4787:B"", ""4884:B"", ""5337:B"", ""5676:B"", ""7461:B""]",16,16,generated_wrong_object_text_absent_from_source_atomic_metadata
The city of Irkutsk is in Kuwait.,cities,0,Irkutsk,cities::The city of Irkutsk is in Kuwait.,"[616, 1653, 2726, 4652, 4932, 4958, 5354, 5894]","[""616:A"", ""1653:A"", ""2726:A"", ""4652:A"", ""4932:A"", ""4958:A"", ""5354:A"", ""5894:A""]",8,8,generated_wrong_object_text_absent_from_source_atomic_metadata
The city of Jakarta is in Mongolia.,cities,0,Jakarta,cities::The city of Jakarta is in Mongolia.,"[322, 586, 1076, 3624, 3732, 4163, 4466, 5096]","[""322:B"", ""586:B"", ""1076:B"", ""3624:B"", ""3732:B"", ""4163:B"", ""4466:B"", ""5096:B""]",8,8,generated_wrong_object_text_absent_from_source_atomic_metadata
The city of Jamshedpur is in Kenya.,cities,0,Jamshedpur,cities::The city of Jamshedpur is in Kenya.,"[123, 443, 463, 854, 1455, 1475, 1493, 1562, 2013, 2283, 3985, 4351, 4497, 4707, 5032, 5442]","[""123:A"", ""443:A"", ""463:A"", ""854:A"", ""1455:A"", ""1475:A"", ""1493:A"", ""1562:A"", ""2013:A"", ""2283:A"", ""3985:A"", ""4351:A"", ""4497:A"", ""4707:A"", ""5032:A"", ""5442:A""]",16,16,generated_wrong_object_text_absent_from_source_atomic_metadata
The city of Jiaxing is in North Korea.,cities,0,Jiaxing,cities::The city of Jiaxing is in North Korea.,"[234, 1113, 1977, 2946, 4209, 5863, 7908, 7950]","[""234:B"", ""1113:B"", ""1977:B"", ""2946:B"", ""4209:B"", ""5863:B"", ""7908:B"", ""7950:B""]",8,8,generated_wrong_object_text_absent_from_source_atomic_metadata
The city of Jingmen is in Peru.,cities,0,Jingmen,cities::The city of Jingmen is in Peru.,"[399, 1625, 2588, 3259, 6258, 6449, 7710, 7885]","[""399:A"", ""1625:A"", ""2588:A"", ""3259:A"", ""6258:A"", ""6449:A"", ""7710:A"", ""7885:A""]",8,8,generated_wrong_object_text_absent_from_source_atomic_metadata
The city of Johannesburg is in India.,cities,0,Johannesburg,cities::The city of Johannesburg is in India.,"[466, 2158, 3180, 3242, 3617, 5087, 6100, 6284]","[""466:B"", ""2158:B"", ""3180:B"", ""3242:B"", ""3617:B"", ""5087:B"", ""6100:B"", ""6284:B""]",8,8,generated_wrong_object_text_absent_from_source_atomic_metadata
The city of Kalininskiy is in Turkmenistan.,cities,0,Kalininskiy,cities::The city of Kalininskiy is in Turkmenistan.,"[178, 689, 2185, 2854, 3553, 3792, 6008, 6701]","[""178:B"", ""689:B"", ""2185:B"", ""2854:B"", ""3553:B"", ""3792:B"", ""6008:B"", ""6701:B""]",8,8,generated_wrong_object_text_absent_from_source_atomic_metadata
The city of Kampala is in Afghanistan.,cities,0,Kampala,cities::The city of Kampala is in Afghanistan.,"[1199, 2339, 2799, 3442, 4816, 5726, 7177, 7224]","[""1199:A"", ""2339:A"", ""2799:A"", ""3442:A"", ""4816:A"", ""5726:A"", ""7177:A"", ""7224:A""]",8,8,generated_wrong_object_text_absent_from_source_atomic_metadata
The city of Kano is in Cambodia.,cities,0,Kano,cities::The city of Kano is in Cambodia.,"[2648, 3138, 4328, 4384, 4419, 4678, 5382, 7517]","[""2648:B"", ""3138:B"", ""4328:B"", ""4384:B"", ""4419:B"", ""4678:B"", ""5382:B"", ""7517:B""]",8,8,generated_wrong_object_text_absent_from_source_atomic_metadata
The city of Kanpur is in Mozambique.,cities,0,Kanpur,cities::The city of Kanpur is in Mozambique.,"[59, 620, 1195, 2615, 4265, 4785, 6442, 7520]","[""59:A"", ""620:A"", ""1195:A"", ""2615:A"", ""4265:A"", ""4785:A"", ""6442:A"", ""7520:A""]",8,8,generated_wrong_object_text_absent_from_source_atomic_metadata
The city of Karbala is in Bulgaria.,cities,0,Karbala,cities::The city of Karbala is in Bulgaria.,"[2485, 2717, 3131, 4251, 5873, 6148, 6162, 6438]","[""2485:A"", ""2717:A"", ""3131:A"", ""4251:A"", ""5873:A"", ""6148:A"", ""6162:A"", ""6438:A""]",8,8,generated_wrong_object_text_absent_from_source_atomic_metadata
The city of Kemerovo is in Tajikistan.,cities,0,Kemerovo,cities::The city of Kemerovo is in Tajikistan.,"[134, 405, 776, 2659, 3705, 4447, 4852, 7676]","[""134:B"", ""405:B"", ""776:B"", ""2659:B"", ""3705:B"", ""4447:B"", ""4852:B"", ""7676:B""]",8,8,generated_wrong_object_text_absent_from_source_atomic_metadata
The city of Khulna is in Nigeria.,cities,0,Khulna,cities::The city of Khulna is in Nigeria.,"[27, 88, 109, 285, 1639, 2368, 2678, 3319, 3554, 3710, 3834, 4191, 4685, 4741, 5437, 6391]","[""27:B"", ""88:B"", ""109:B"", ""285:B"", ""1639:B"", ""2368:B"", ""2678:B"", ""3319:B"", ""3554:B"", ""3710:B"", ""3834:B"", ""4191:B"", ""4685:B"", ""4741:B"", ""5437:B"", ""6391:B""]",16,16,generated_wrong_object_text_absent_from_source_atomic_metadata
The city of Kisangani is in Senegal.,cities,0,Kisangani,cities::The city of Kisangani is in Senegal.,"[214, 1267, 1359, 1483, 1819, 2233, 2480, 2948, 3813, 3958, 5427, 5850, 6175, 7660, 7677, 7740]","[""214:B"", ""1267:B"", ""1359:B"", ""1483:B"", ""1819:B"", ""2233:B"", ""2480:B"", ""2948:B"", ""3813:B"", ""3958:B"", ""5427:B"", ""5850:B"", ""6175:B"", ""7660:B"", ""7677:B"", ""7740:B""]",16,16,generated_wrong_object_text_absent_from_source_atomic_metadata
The city of Klang is in South Africa.,cities,0,Klang,cities::The city of Klang is in South Africa.,"[98, 2363, 3265, 3405, 4786, 6740, 7267, 7588]","[""98:B"", ""2363:B"", ""3265:B"", ""3405:B"", ""4786:B"", ""6740:B"", ""7267:B"", ""7588:B""]",8,8,generated_wrong_object_text_absent_from_source_atomic_metadata
The city of Kleinzschocher is in China.,cities,0,Kleinzschocher,cities::The city of Kleinzschocher is in China.,"[2362, 2594, 2918, 3272, 3650, 4862, 4900, 4980, 5457, 6149, 6509, 6689, 6978, 7133, 7611, 7858]","[""2362:B"", ""2594:B"", ""2918:B"", ""3272:B"", ""3650:B"", ""4862:B"", ""4900:B"", ""4980:B"", ""5457:B"", ""6149:B"", ""6509:B"", ""6689:B"", ""6978:B"", ""7133:B"", ""7611:B"", ""7858:B""]",16,16,generated_wrong_object_text_absent_from_source_atomic_metadata
The city of Kolhapur is in the Republic of the Congo.,cities,0,Kolhapur,cities::The city of Kolhapur is in the Republic of the Congo.,"[617, 2055, 2212, 2261, 3302, 4697, 5379, 7178]","[""617:A"", ""2055:A"", ""2212:A"", ""2261:A"", ""3302:A"", ""4697:A"", ""5379:A"", ""7178:A""]",8,8,generated_wrong_object_text_absent_from_source_atomic_metadata
The city of Kota Kinabalu is in Ukraine.,cities,0,Kota Kinabalu,cities::The city of Kota Kinabalu is in Ukraine.,"[414, 910, 1018, 1615, 2773, 2842, 3077, 3205]","[""414:B"", ""910:B"", ""1018:B"", ""1615:B"", ""2773:B"", ""2842:B"", ""3077:B"", ""3205:B""]",8,8,generated_wrong_object_text_absent_from_source_atomic_metadata
The city of Krakow is in Chile.,cities,0,Krakow,cities::The city of Krakow is in Chile.,"[737, 2569, 4617, 4889, 4903, 5187, 6643, 6677]","[""737:B"", ""2569:B"", ""4617:B"", ""4889:B"", ""4903:B"", ""5187:B"", ""6643:B"", ""6677:B""]",8,8,generated_wrong_object_text_absent_from_source_atomic_metadata
The city of Krasnoyarsk is in Kyrgyzstan.,cities,0,Krasnoyarsk,cities::The city of Krasnoyarsk is in Kyrgyzstan.,"[228, 1794, 3377, 5157, 5718, 6519, 7101, 7659]","[""228:B"", ""1794:B"", ""3377:B"", ""5157:B"", ""5718:B"", ""6519:B"", ""7101:B"", ""7659:B""]",8,8,generated_wrong_object_text_absent_from_source_atomic_metadata
The city of Kuala Lumpur is in Côte d'Ivoire.,cities,0,Kuala Lumpur,cities::The city of Kuala Lumpur is in Côte d'Ivoire.,"[363, 1196, 1242, 1487, 2673, 3696, 4929, 7227]","[""363:A"", ""1196:A"", ""1242:A"", ""1487:A"", ""2673:A"", ""3696:A"", ""4929:A"", ""7227:A""]",8,8,generated_wrong_object_text_absent_from_source_atomic_metadata
The city of Kunming is in Italy.,cities,0,Kunming,cities::The city of Kunming is in Italy.,"[660, 1840, 2275, 2421, 3932, 4727, 5259, 5600]","[""660:B"", ""1840:B"", ""2275:B"", ""2421:B"", ""3932:B"", ""4727:B"", ""5259:B"", ""5600:B""]",8,8,generated_wrong_object_text_absent_from_source_atomic_metadata
The city of Kyiv is in Iran.,cities,0,Kyiv,cities::The city of Kyiv is in Iran.,"[515, 791, 2456, 2891, 2981, 4509, 4726, 7304]","[""515:A"", ""791:A"", ""2456:A"", ""2891:A"", ""2981:A"", ""4509:A"", ""4726:A"", ""7304:A""]",8,8,generated_wrong_object_text_absent_from_source_atomic_metadata
The city of Laibin is in Bulgaria.,cities,0,Laibin,cities::The city of Laibin is in Bulgaria.,"[2724, 2969, 3038, 4689, 4989, 6926, 6938, 7954]","[""2724:B"", ""2969:B"", ""3038:B"", ""4689:B"", ""4989:B"", ""6926:B"", ""6938:B"", ""7954:B""]",8,8,generated_wrong_object_text_absent_from_source_atomic_metadata
The city of Leon de los Aldama is in the Republic of the Congo.,cities,0,Leon de los Aldama,cities::The city of Leon de los Aldama is in the Republic of the Congo.,"[731, 2223, 4274, 5768, 5900, 6336, 6860, 6884]","[""731:A"", ""2223:A"", ""4274:A"", ""5768:A"", ""5900:A"", ""6336:A"", ""6860:A"", ""6884:A""]",8,8,generated_wrong_object_text_absent_from_source_atomic_metadata
The city of Lianyungang is in Romania.,cities,0,Lianyungang,cities::The city of Lianyungang is in Romania.,"[1078, 1522, 2784, 5571, 5908, 6288, 6375, 7902]","[""1078:B"", ""1522:B"", ""2784:B"", ""5571:B"", ""5908:B"", ""6288:B"", ""6375:B"", ""7902:B""]",8,8,generated_wrong_object_text_absent_from_source_atomic_metadata
The city of Linfen is in Uzbekistan.,cities,0,Linfen,cities::The city of Linfen is in Uzbekistan.,"[575, 710, 976, 1726, 4643, 5820, 5898, 6298]","[""575:B"", ""710:B"", ""976:B"", ""1726:B"", ""4643:B"", ""5820:B"", ""5898:B"", ""6298:B""]",8,8,generated_wrong_object_text_absent_from_source_atomic_metadata
The city of Lodz is in Niger.,cities,0,Lodz,cities::The city of Lodz is in Niger.,"[2565, 3218, 4321, 5492, 6478, 6487, 6991, 7425]","[""2565:A"", ""3218:A"", ""4321:A"", ""5492:A"", ""6478:A"", ""6487:A"", ""6991:A"", ""7425:A""]",8,8,generated_wrong_object_text_absent_from_source_atomic_metadata
The city of Lubumbashi is in Chile.,cities,0,Lubumbashi,cities::The city of Lubumbashi is in Chile.,"[1310, 2622, 2804, 4079, 6091, 6226, 6947, 7273]","[""1310:B"", ""2622:B"", ""2804:B"", ""4079:B"", ""6091:B"", ""6226:B"", ""6947:B"", ""7273:B""]",8,8,generated_wrong_object_text_absent_from_source_atomic_metadata
The city of Luzhou is in Guinea.,cities,0,Luzhou,cities::The city of Luzhou is in Guinea.,"[2138, 2139, 2151, 2257, 3524, 6010, 6213, 7323]","[""2138:B"", ""2139:B"", ""2151:B"", ""2257:B"", ""3524:B"", ""6010:B"", ""6213:B"", ""7323:B""]",8,8,generated_wrong_object_text_absent_from_source_atomic_metadata
The city of Maceio is in Senegal.,cities,0,Maceio,cities::The city of Maceio is in Senegal.,"[953, 1779, 3183, 4897, 5357, 5367, 5682, 5711]","[""953:B"", ""1779:B"", ""3183:B"", ""4897:B"", ""5357:B"", ""5367:B"", ""5682:B"", ""5711:B""]",8,8,generated_wrong_object_text_absent_from_source_atomic_metadata
The city of Madurai is in Yemen.,cities,0,Madurai,cities::The city of Madurai is in Yemen.,"[180, 704, 750, 798, 1324, 1570, 2692, 3662, 3905, 4221, 4307, 4479, 4994, 5282, 5327, 5422, 5932, 6565, 6607, 7089, 7179, 7446, 7524, 7749]","[""180:B"", ""704:B"", ""750:B"", ""798:B"", ""1324:B"", ""1570:B"", ""2692:B"", ""3662:A"", ""3905:A"", ""4221:A"", ""4307:B"", ""4479:B"", ""4994:B"", ""5282:B"", ""5327:B"", ""5422:A"", ""5932:A"", ""6565:B"", ""6607:A"", ""7089:A"", ""7179:B"", ""7446:A"", ""7524:B"", ""7749:B""]",24,24,generated_wrong_object_text_absent_from_source_atomic_metadata
The city of Makassar is in the United States.,cities,0,Makassar,cities::The city of Makassar is in the United States.,"[276, 540, 543, 1424, 4662, 4820, 4843, 5035]","[""276:B"", ""540:B"", ""543:B"", ""1424:B"", ""4662:B"", ""4820:B"", ""4843:B"", ""5035:B""]",8,8,generated_wrong_object_text_absent_from_source_atomic_metadata
The city of Malang is in Tanzania.,cities,0,Malang,cities::The city of Malang is in Tanzania.,"[604, 1419, 1738, 1802, 2090, 6511, 7562, 7686]","[""604:A"", ""1419:A"", ""1738:A"", ""1802:A"", ""2090:A"", ""6511:A"", ""7562:A"", ""7686:A""]",8,8,generated_wrong_object_text_absent_from_source_atomic_metadata
The city of Marseille is in Romania.,cities,0,Marseille,cities::The city of Marseille is in Romania.,"[1977, 2946, 4147, 4810, 5082, 5863, 7174, 7908]","[""1977:A"", ""2946:A"", ""4147:A"", ""4810:A"", ""5082:A"", ""5863:A"", ""7174:A"", ""7908:A""]",8,8,generated_wrong_object_text_absent_from_source_atomic_metadata
The city of Matsuyama is in Poland.,cities,0,Matsuyama,cities::The city of Matsuyama is in Poland.,"[178, 1016, 1886, 2185, 2854, 3792, 4161, 7429]","[""178:A"", ""1016:A"", ""1886:A"", ""2185:A"", ""2854:A"", ""3792:A"", ""4161:A"", ""7429:A""]",8,8,generated_wrong_object_text_absent_from_source_atomic_metadata
The city of Meizhou is in Lebanon.,cities,0,Meizhou,cities::The city of Meizhou is in Lebanon.,"[2440, 3688, 4294, 4335, 4484, 5184, 6521, 7745]","[""2440:B"", ""3688:B"", ""4294:B"", ""4335:B"", ""4484:B"", ""5184:B"", ""6521:B"", ""7745:B""]",8,8,generated_wrong_object_text_absent_from_source_atomic_metadata
"The city of Mianzhu, Deyang, Sichuan is in Azerbaijan.",cities,0,"Mianzhu, Deyang, Sichuan","cities::The city of Mianzhu, Deyang, Sichuan is in Azerbaijan.","[1111, 1610, 2312, 2411, 2805, 6956, 7199, 7334]","[""1111:A"", ""1610:A"", ""2312:A"", ""2411:A"", ""2805:A"", ""6956:A"", ""7199:A"", ""7334:A""]",8,8,generated_wrong_object_text_absent_from_source_atomic_metadata
The city of N'Djamena is in Ethiopia.,cities,0,N'Djamena,cities::The city of N'Djamena is in Ethiopia.,"[961, 1152, 2275, 2495, 3063, 3172, 3545, 3551, 3932, 3977, 4727, 5312, 5600, 7078, 7087, 7802]","[""961:A"", ""1152:A"", ""2275:A"", ""2495:A"", ""3063:A"", ""3172:A"", ""3545:A"", ""3551:A"", ""3932:A"", ""3977:A"", ""4727:A"", ""5312:A"", ""5600:A"", ""7078:A"", ""7087:A"", ""7802:A""]",16,16,generated_wrong_object_text_absent_from_source_atomic_metadata
The city of Nagoya is in the Dominican Republic.,cities,0,Nagoya,cities::The city of Nagoya is in the Dominican Republic.,"[514, 636, 1040, 1982, 2295, 2346, 3651, 3791, 3890, 4841, 4948, 6404, 6618, 7114, 7216, 7221]","[""514:B"", ""636:B"", ""1040:B"", ""1982:B"", ""2295:B"", ""2346:B"", ""3651:B"", ""3791:B"", ""3890:B"", ""4841:B"", ""4948:B"", ""6404:B"", ""6618:B"", ""7114:B"", ""7216:B"", ""7221:B""]",16,16,generated_wrong_object_text_absent_from_source_atomic_metadata
The city of Najran is in the United Arab Emirates.,cities,0,Najran,cities::The city of Najran is in the United Arab Emirates.,"[1787, 2574, 3208, 4836, 5295, 5644, 5761, 7041]","[""1787:A"", ""2574:A"", ""3208:A"", ""4836:A"", ""5295:A"", ""5644:A"", ""5761:A"", ""7041:A""]",8,8,generated_wrong_object_text_absent_from_source_atomic_metadata
The city of Nanchang is in Burundi.,cities,0,Nanchang,cities::The city of Nanchang is in Burundi.,"[1177, 1360, 1450, 3163, 3195, 3505, 4610, 5775]","[""1177:B"", ""1360:B"", ""1450:B"", ""3163:B"", ""3195:B"", ""3505:B"", ""4610:B"", ""5775:B""]",8,8,generated_wrong_object_text_absent_from_source_atomic_metadata
The city of Nanded is in Pakistan.,cities,0,Nanded,cities::The city of Nanded is in Pakistan.,"[281, 324, 4684, 4846, 6526, 6563, 6861, 7768]","[""281:B"", ""324:B"", ""4684:B"", ""4846:B"", ""6526:B"", ""6563:B"", ""6861:B"", ""7768:B""]",8,8,generated_wrong_object_text_absent_from_source_atomic_metadata
The city of Nanning is in Belarus.,cities,0,Nanning,cities::The city of Nanning is in Belarus.,"[731, 2223, 2455, 3394, 4274, 4990, 6078, 6336]","[""731:B"", ""2223:B"", ""2455:B"", ""3394:B"", ""4274:B"", ""4990:B"", ""6078:B"", ""6336:B""]",8,8,generated_wrong_object_text_absent_from_source_atomic_metadata
The city of Nashik is in Azerbaijan.,cities,0,Nashik,cities::The city of Nashik is in Azerbaijan.,"[1543, 1918, 3282, 3472, 3634, 5958, 6959, 7662]","[""1543:A"", ""1918:A"", ""3282:A"", ""3472:A"", ""3634:A"", ""5958:A"", ""6959:A"", ""7662:A""]",8,8,generated_wrong_object_text_absent_from_source_atomic_metadata
The city of Ningbo is in the Republic of the Congo.,cities,0,Ningbo,cities::The city of Ningbo is in the Republic of the Congo.,"[3050, 3368, 4416, 4871, 5248, 6075, 6537, 7210]","[""3050:B"", ""3368:B"", ""4416:B"", ""4871:B"", ""5248:B"", ""6075:B"", ""6537:B"", ""7210:B""]",8,8,generated_wrong_object_text_absent_from_source_atomic_metadata
The city of Nouakchott is in Saudi Arabia.,cities,0,Nouakchott,cities::The city of Nouakchott is in Saudi Arabia.,"[1195, 1407, 2347, 2443, 4785, 6442, 6863, 7520]","[""1195:B"", ""1407:B"", ""2347:B"", ""2443:B"", ""4785:B"", ""6442:B"", ""6863:B"", ""7520:B""]",8,8,generated_wrong_object_text_absent_from_source_atomic_metadata
The city of Nova Iguacu is in Sudan.,cities,0,Nova Iguacu,cities::The city of Nova Iguacu is in Sudan.,"[581, 1062, 3662, 3905, 4221, 4420, 5039, 6607]","[""581:B"", ""1062:B"", ""3662:B"", ""3905:B"", ""4221:B"", ""4420:B"", ""5039:B"", ""6607:B""]",8,8,generated_wrong_object_text_absent_from_source_atomic_metadata
The city of Okayama is in Somalia.,cities,0,Okayama,cities::The city of Okayama is in Somalia.,"[162, 554, 1523, 3291, 4088, 4683, 4946, 6119]","[""162:B"", ""554:B"", ""1523:B"", ""3291:B"", ""4088:B"", ""4683:B"", ""4946:B"", ""6119:B""]",8,8,generated_wrong_object_text_absent_from_source_atomic_metadata
The city of Oklahoma City is in Thailand.,cities,0,Oklahoma City,cities::The city of Oklahoma City is in Thailand.,"[1356, 1875, 3209, 4129, 5784, 5789, 6382, 6688]","[""1356:A"", ""1875:A"", ""3209:A"", ""4129:A"", ""5784:A"", ""5789:A"", ""6382:A"", ""6688:A""]",8,8,generated_wrong_object_text_absent_from_source_atomic_metadata
The city of Onitsha is in Vietnam.,cities,0,Onitsha,cities::The city of Onitsha is in Vietnam.,"[5, 478, 1210, 1279, 1591, 3382, 4645, 5124]","[""5:B"", ""478:B"", ""1210:B"", ""1279:B"", ""1591:B"", ""3382:B"", ""4645:B"", ""5124:B""]",8,8,generated_wrong_object_text_absent_from_source_atomic_metadata
The city of Orenburg is in Latvia.,cities,0,Orenburg,cities::The city of Orenburg is in Latvia.,"[1204, 1421, 1678, 2280, 3817, 5288, 5396, 5485]","[""1204:A"", ""1421:A"", ""1678:A"", ""2280:A"", ""3817:A"", ""5288:A"", ""5396:A"", ""5485:A""]",8,8,generated_wrong_object_text_absent_from_source_atomic_metadata
The city of Osaka is in Tajikistan.,cities,0,Osaka,cities::The city of Osaka is in Tajikistan.,"[88, 170, 486, 1897, 3159, 3319, 3954, 4639, 4685, 4741, 5015, 5365, 5757, 6338, 7002, 7353]","[""88:A"", ""170:A"", ""486:A"", ""1897:A"", ""3159:A"", ""3319:A"", ""3954:A"", ""4639:A"", ""4685:A"", ""4741:A"", ""5015:A"", ""5365:A"", ""5757:A"", ""6338:A"", ""7002:A"", ""7353:A""]",16,16,generated_wrong_object_text_absent_from_source_atomic_metadata
The city of Paranaque City is in Italy.,cities,0,Paranaque City,cities::The city of Paranaque City is in Italy.,"[1024, 2363, 3265, 4621, 4786, 5812, 7267, 7646]","[""1024:A"", ""2363:A"", ""3265:A"", ""4621:A"", ""4786:A"", ""5812:A"", ""7267:A"", ""7646:A""]",8,8,generated_wrong_object_text_absent_from_source_atomic_metadata
The city of Peshawar is in Sweden.,cities,0,Peshawar,cities::The city of Peshawar is in Sweden.,"[1639, 2199, 3710, 3834, 5565, 6391, 6415, 6660]","[""1639:A"", ""2199:A"", ""3710:A"", ""3834:A"", ""5565:A"", ""6391:A"", ""6415:A"", ""6660:A""]",8,8,generated_wrong_object_text_absent_from_source_atomic_metadata
The city of Pietermaritzburg is in Latvia.,cities,0,Pietermaritzburg,cities::The city of Pietermaritzburg is in Latvia.,"[2034, 2789, 3182, 4232, 4536, 4648, 6236, 6881]","[""2034:B"", ""2789:B"", ""3182:B"", ""4232:B"", ""4536:B"", ""4648:B"", ""6236:B"", ""6881:B""]",8,8,generated_wrong_object_text_absent_from_source_atomic_metadata
The city of Pimpri is in Sweden.,cities,0,Pimpri,cities::The city of Pimpri is in Sweden.,"[443, 1475, 1493, 1553, 2601, 4480, 5442, 6940]","[""443:B"", ""1475:B"", ""1493:B"", ""1553:B"", ""2601:B"", ""4480:B"", ""5442:B"", ""6940:B""]",8,8,generated_wrong_object_text_absent_from_source_atomic_metadata
The city of Pontianak is in Mongolia.,cities,0,Pontianak,cities::The city of Pontianak is in Mongolia.,"[160, 1029, 1080, 1685, 1930, 2697, 3019, 4025]","[""160:A"", ""1029:A"", ""1080:A"", ""1685:A"", ""1930:A"", ""2697:A"", ""3019:A"", ""4025:A""]",8,8,generated_wrong_object_text_absent_from_source_atomic_metadata
The city of Port Harcourt is in Malaysia.,cities,0,Port Harcourt,cities::The city of Port Harcourt is in Malaysia.,"[826, 1030, 2557, 3613, 3702, 4410, 5212, 7751]","[""826:B"", ""1030:B"", ""2557:B"", ""3613:B"", ""3702:B"", ""4410:B"", ""5212:B"", ""7751:B""]",8,8,generated_wrong_object_text_absent_from_source_atomic_metadata
The city of Porto Velho is in Uzbekistan.,cities,0,Porto Velho,cities::The city of Porto Velho is in Uzbekistan.,"[2067, 2217, 3245, 3741, 4051, 4273, 7097, 7706]","[""2067:A"", ""2217:A"", ""3245:A"", ""3741:A"", ""4051:A"", ""4273:A"", ""7097:A"", ""7706:A""]",8,8,generated_wrong_object_text_absent_from_source_atomic_metadata
The city of Pretoria is in Mongolia.,cities,0,Pretoria,cities::The city of Pretoria is in Mongolia.,"[1452, 2673, 3696, 3961, 4424, 4929, 7227, 7397]","[""1452:B"", ""2673:B"", ""3696:B"", ""3961:B"", ""4424:B"", ""4929:B"", ""7227:B"", ""7397:B""]",8,8,generated_wrong_object_text_absent_from_source_atomic_metadata
The city of Puducherry is in Kuwait.,cities,0,Puducherry,cities::The city of Puducherry is in Kuwait.,"[1078, 1598, 2258, 2784, 5571, 5607, 6288, 6470]","[""1078:A"", ""1598:A"", ""2258:A"", ""2784:A"", ""5571:A"", ""5607:A"", ""6288:A"", ""6470:A""]",8,8,generated_wrong_object_text_absent_from_source_atomic_metadata
The city of Quetta is in Senegal.,cities,0,Quetta,cities::The city of Quetta is in Senegal.,"[1017, 1204, 2819, 4115, 5288, 5396, 5485, 7034]","[""1017:B"", ""1204:B"", ""2819:B"", ""4115:B"", ""5288:B"", ""5396:B"", ""5485:B"", ""7034:B""]",8,8,generated_wrong_object_text_absent_from_source_atomic_metadata
The city of Quito is in France.,cities,0,Quito,cities::The city of Quito is in France.,"[20, 312, 1070, 2000, 3129, 5387, 5795, 7075]","[""20:B"", ""312:B"", ""1070:B"", ""2000:B"", ""3129:B"", ""5387:B"", ""5795:B"", ""7075:B""]",8,8,generated_wrong_object_text_absent_from_source_atomic_metadata
The city of Qujing is in Yemen.,cities,0,Qujing,cities::The city of Qujing is in Yemen.,"[54, 145, 2599, 2769, 3139, 4349, 5070, 7547]","[""54:B"", ""145:B"", ""2599:B"", ""2769:B"", ""3139:B"", ""4349:B"", ""5070:B"", ""7547:B""]",8,8,generated_wrong_object_text_absent_from_source_atomic_metadata
The city of Quzhou is in Thailand.,cities,0,Quzhou,cities::The city of Quzhou is in Thailand.,"[280, 1343, 3424, 4455, 4905, 5998, 7307, 7642]","[""280:A"", ""1343:A"", ""3424:A"", ""4455:A"", ""4905:A"", ""5998:A"", ""7307:A"", ""7642:A""]",8,8,generated_wrong_object_text_absent_from_source_atomic_metadata
The city of Reynosa is in Niger.,cities,0,Reynosa,cities::The city of Reynosa is in Niger.,"[1248, 2976, 3481, 4522, 4884, 5337, 5676, 7461]","[""1248:A"", ""2976:A"", ""3481:A"", ""4522:A"", ""4884:A"", ""5337:A"", ""5676:A"", ""7461:A""]",8,8,generated_wrong_object_text_absent_from_source_atomic_metadata
The city of Riga is in Egypt.,cities,0,Riga,cities::The city of Riga is in Egypt.,"[391, 2717, 2857, 4251, 5578, 6162, 6438, 7183]","[""391:B"", ""2717:B"", ""2857:B"", ""4251:B"", ""5578:B"", ""6162:B"", ""6438:B"", ""7183:B""]",8,8,generated_wrong_object_text_absent_from_source_atomic_metadata
The city of Rio de Janeiro is in Cambodia.,cities,0,Rio de Janeiro,cities::The city of Rio de Janeiro is in Cambodia.,"[2933, 3808, 4212, 4614, 4796, 5167, 6761, 6907]","[""2933:A"", ""3808:A"", ""4212:A"", ""4614:A"", ""4796:A"", ""5167:A"", ""6761:A"", ""6907:A""]",8,8,generated_wrong_object_text_absent_from_source_atomic_metadata
The city of Rizhao is in Zimbabwe.,cities,0,Rizhao,cities::The city of Rizhao is in Zimbabwe.,"[526, 1897, 3159, 4612, 4639, 4756, 6454, 7353]","[""526:B"", ""1897:B"", ""3159:B"", ""4612:B"", ""4639:B"", ""4756:B"", ""6454:B"", ""7353:B""]",8,8,generated_wrong_object_text_absent_from_source_atomic_metadata
The city of Rohini is in Turkey.,cities,0,Rohini,cities::The city of Rohini is in Turkey.,"[183, 228, 892, 1794, 3377, 3600, 4773, 7659]","[""183:A"", ""228:A"", ""892:A"", ""1794:A"", ""3377:A"", ""3600:A"", ""4773:A"", ""7659:A""]",8,8,generated_wrong_object_text_absent_from_source_atomic_metadata
The city of Rostov-na-Donu is in Algeria.,cities,0,Rostov-na-Donu,cities::The city of Rostov-na-Donu is in Algeria.,"[993, 1557, 2572, 3631, 3953, 4555, 5399, 5638]","[""993:B"", ""1557:B"", ""2572:B"", ""3631:B"", ""3953:B"", ""4555:B"", ""5399:B"", ""5638:B""]",8,8,generated_wrong_object_text_absent_from_source_atomic_metadata
The city of Ryazan' is in India.,cities,0,Ryazan',cities::The city of Ryazan' is in India.,"[236, 1006, 3092, 4133, 4346, 5765, 6631, 7640]","[""236:B"", ""1006:B"", ""3092:B"", ""4133:B"", ""4346:B"", ""5765:B"", ""6631:B"", ""7640:B""]",8,8,generated_wrong_object_text_absent_from_source_atomic_metadata
The city of Saint Petersburg is in Kuwait.,cities,0,Saint Petersburg,cities::The city of Saint Petersburg is in Kuwait.,"[622, 2139, 2151, 2257, 3279, 4082, 4984, 6213]","[""622:A"", ""2139:A"", ""2151:A"", ""2257:A"", ""3279:A"", ""4082:A"", ""4984:A"", ""6213:A""]",8,8,generated_wrong_object_text_absent_from_source_atomic_metadata
The city of Salta is in Cambodia.,cities,0,Salta,cities::The city of Salta is in Cambodia.,"[346, 687, 1219, 3005, 3604, 6958, 6979, 7440]","[""346:B"", ""687:B"", ""1219:B"", ""3005:B"", ""3604:B"", ""6958:B"", ""6979:B"", ""7440:B""]",8,8,generated_wrong_object_text_absent_from_source_atomic_metadata
The city of San Miguel de Tucuman is in Finland.,cities,0,San Miguel de Tucuman,cities::The city of San Miguel de Tucuman is in Finland.,"[3, 472, 1769, 3171, 3947, 5431, 6407, 7972]","[""3:A"", ""472:A"", ""1769:A"", ""3171:A"", ""3947:A"", ""5431:A"", ""6407:A"", ""7972:A""]",8,8,generated_wrong_object_text_absent_from_source_atomic_metadata
The city of San Pedro Sula is in Burundi.,cities,0,San Pedro Sula,cities::The city of San Pedro Sula is in Burundi.,"[324, 1567, 2529, 2555, 4294, 4335, 4663, 4684, 5184, 5563, 6526, 6685, 7362, 7534, 7745, 7768]","[""324:A"", ""1567:A"", ""2529:A"", ""2555:A"", ""4294:A"", ""4335:A"", ""4663:A"", ""4684:A"", ""5184:A"", ""5563:A"", ""6526:A"", ""6685:A"", ""7362:A"", ""7534:A"", ""7745:A"", ""7768:A""]",16,16,generated_wrong_object_text_absent_from_source_atomic_metadata
The city of Sanaa is in Niger.,cities,0,Sanaa,cities::The city of Sanaa is in Niger.,"[199, 715, 1387, 3056, 3350, 3619, 4062, 5952]","[""199:A"", ""715:A"", ""1387:A"", ""3056:A"", ""3350:A"", ""3619:A"", ""4062:A"", ""5952:A""]",8,8,generated_wrong_object_text_absent_from_source_atomic_metadata
The city of Santa Maria Chimalhuacan is in Kenya.,cities,0,Santa Maria Chimalhuacan,cities::The city of Santa Maria Chimalhuacan is in Kenya.,"[1543, 1918, 3472, 3768, 3876, 5511, 5958, 7482]","[""1543:B"", ""1918:B"", ""3472:B"", ""3768:B"", ""3876:B"", ""5511:B"", ""5958:B"", ""7482:B""]",8,8,generated_wrong_object_text_absent_from_source_atomic_metadata
The city of Santiago de Queretaro is in Somalia.,cities,0,Santiago de Queretaro,cities::The city of Santiago de Queretaro is in Somalia.,"[1325, 1787, 1895, 3208, 3233, 5295, 5761, 5849]","[""1325:B"", ""1787:B"", ""1895:B"", ""3208:B"", ""3233:B"", ""5295:B"", ""5761:B"", ""5849:B""]",8,8,generated_wrong_object_text_absent_from_source_atomic_metadata
The city of Santiago de los Caballeros is in China.,cities,0,Santiago de los Caballeros,cities::The city of Santiago de los Caballeros is in China.,"[826, 1256, 1314, 1360, 1450, 1799, 2557, 2762, 3195, 3246, 3505, 4319, 4410, 5212, 6814, 6821]","[""826:A"", ""1256:A"", ""1314:A"", ""1360:A"", ""1450:A"", ""1799:A"", ""2557:A"", ""2762:A"", ""3195:A"", ""3246:A"", ""3505:A"", ""4319:A"", ""4410:A"", ""5212:A"", ""6814:A"", ""6821:A""]",16,16,generated_wrong_object_text_absent_from_source_atomic_metadata
The city of Santo Domingo Este is in Colombia.,cities,0,Santo Domingo Este,cities::The city of Santo Domingo Este is in Colombia.,"[358, 990, 1327, 2918, 3272, 5708, 6509, 7133]","[""358:A"", ""990:A"", ""1327:A"", ""2918:A"", ""3272:A"", ""5708:A"", ""6509:A"", ""7133:A""]",8,8,generated_wrong_object_text_absent_from_source_atomic_metadata
The city of Santo Domingo Oeste is in Cameroon.,cities,0,Santo Domingo Oeste,cities::The city of Santo Domingo Oeste is in Cameroon.,"[235, 1000, 1394, 3066, 3075, 3497, 5111, 6021]","[""235:B"", ""1000:B"", ""1394:B"", ""3066:B"", ""3075:B"", ""3497:B"", ""5111:B"", ""6021:B""]",8,8,generated_wrong_object_text_absent_from_source_atomic_metadata
The city of Sapporo is in Tanzania.,cities,0,Sapporo,cities::The city of Sapporo is in Tanzania.,"[150, 848, 1751, 2179, 2389, 2736, 3176, 6365]","[""150:A"", ""848:A"", ""1751:A"", ""2179:A"", ""2389:A"", ""2736:A"", ""3176:A"", ""6365:A""]",8,8,generated_wrong_object_text_absent_from_source_atomic_metadata
The city of Saratov is in Poland.,cities,0,Saratov,cities::The city of Saratov is in Poland.,"[649, 2057, 4007, 4640, 4860, 4915, 6737, 7098]","[""649:B"", ""2057:B"", ""4007:B"", ""4640:B"", ""4860:B"", ""4915:B"", ""6737:B"", ""7098:B""]",8,8,generated_wrong_object_text_absent_from_source_atomic_metadata
The city of Seoul is in Zimbabwe.,cities,0,Seoul,cities::The city of Seoul is in Zimbabwe.,"[613, 735, 2101, 2969, 2975, 3314, 3908, 4448, 4689, 5589, 6055, 6189, 6926, 7327, 7799, 7954]","[""613:A"", ""735:A"", ""2101:A"", ""2969:A"", ""2975:A"", ""3314:A"", ""3908:A"", ""4448:A"", ""4689:A"", ""5589:A"", ""6055:A"", ""6189:A"", ""6926:A"", ""7327:A"", ""7799:A"", ""7954:A""]",16,16,generated_wrong_object_text_absent_from_source_atomic_metadata
The city of Shah Alam is in Peru.,cities,0,Shah Alam,cities::The city of Shah Alam is in Peru.,"[280, 586, 1076, 2695, 2849, 2868, 2932, 3295, 3424, 3624, 3732, 3756, 4387, 4455, 5219, 5998]","[""280:B"", ""586:A"", ""1076:A"", ""2695:A"", ""2849:B"", ""2868:A"", ""2932:A"", ""3295:B"", ""3424:B"", ""3624:A"", ""3732:A"", ""3756:A"", ""4387:B"", ""4455:B"", ""5219:B"", ""5998:B""]",16,16,generated_wrong_object_text_absent_from_source_atomic_metadata
The city of Shizuoka is in the Democratic Republic of the Congo.,cities,0,Shizuoka,cities::The city of Shizuoka is in the Democratic Republic of the Congo.,"[1356, 1961, 3209, 5122, 5789, 6382, 7436, 7692]","[""1356:B"", ""1961:B"", ""3209:B"", ""5122:B"", ""5789:B"", ""6382:B"", ""7436:B"", ""7692:B""]",8,8,generated_wrong_object_text_absent_from_source_atomic_metadata
The city of Siping is in the United States.,cities,0,Siping,cities::The city of Siping is in the United States.,"[35, 66, 1659, 2048, 2346, 3393, 5147, 5678, 5829, 5956, 6060, 6404, 6618, 6732, 7221, 7271]","[""35:A"", ""66:A"", ""1659:A"", ""2048:B"", ""2346:A"", ""3393:B"", ""5147:A"", ""5678:B"", ""5829:B"", ""5956:B"", ""6060:B"", ""6404:A"", ""6618:A"", ""6732:B"", ""7221:A"", ""7271:B""]",16,16,generated_wrong_object_text_absent_from_source_atomic_metadata
The city of Stockholm is in Paraguay.,cities,0,Stockholm,cities::The city of Stockholm is in Paraguay.,"[649, 1860, 2084, 4007, 4915, 5520, 6049, 6737]","[""649:A"", ""1860:A"", ""2084:A"", ""4007:A"", ""4915:A"", ""5520:A"", ""6049:A"", ""6737:A""]",8,8,generated_wrong_object_text_absent_from_source_atomic_metadata
The city of Suining is in Chad.,cities,0,Suining,cities::The city of Suining is in Chad.,"[73, 934, 1729, 2583, 4125, 4878, 5505, 7943]","[""73:A"", ""934:A"", ""1729:A"", ""2583:A"", ""4125:A"", ""4878:A"", ""5505:A"", ""7943:A""]",8,8,generated_wrong_object_text_absent_from_source_atomic_metadata
The city of Tangier is in Nepal.,cities,0,Tangier,cities::The city of Tangier is in Nepal.,"[180, 1733, 2692, 3241, 3728, 5510, 6565, 7179]","[""180:A"", ""1733:A"", ""2692:A"", ""3241:A"", ""3728:A"", ""5510:A"", ""6565:A"", ""7179:A""]",8,8,generated_wrong_object_text_absent_from_source_atomic_metadata
The city of Tlaquepaque is in Mozambique.,cities,0,Tlaquepaque,cities::The city of Tlaquepaque is in Mozambique.,"[238, 1157, 2506, 2516, 4176, 6797, 7023, 7786]","[""238:B"", ""1157:B"", ""2506:B"", ""2516:B"", ""4176:B"", ""6797:B"", ""7023:B"", ""7786:B""]",8,8,generated_wrong_object_text_absent_from_source_atomic_metadata
The city of Tolyatti is in Myanmar.,cities,0,Tolyatti,cities::The city of Tolyatti is in Myanmar.,"[112, 1949, 2029, 2483, 3259, 3968, 4477, 4575, 4880, 5321, 5489, 6258, 6449, 6813, 7373, 7885]","[""112:B"", ""1949:B"", ""2029:B"", ""2483:B"", ""3259:B"", ""3968:B"", ""4477:B"", ""4575:B"", ""4880:B"", ""5321:B"", ""5489:B"", ""6258:B"", ""6449:B"", ""6813:B"", ""7373:B"", ""7885:B""]",16,16,generated_wrong_object_text_absent_from_source_atomic_metadata
The city of Tomsk is in Argentina.,cities,0,Tomsk,cities::The city of Tomsk is in Argentina.,"[1629, 2629, 2751, 2844, 4150, 4735, 6062, 7697]","[""1629:A"", ""2629:A"", ""2751:A"", ""2844:A"", ""4150:A"", ""4735:A"", ""6062:A"", ""7697:A""]",8,8,generated_wrong_object_text_absent_from_source_atomic_metadata
The city of Tucson is in Armenia.,cities,0,Tucson,cities::The city of Tucson is in Armenia.,"[415, 2675, 2937, 4506, 5729, 6034, 6680, 7274]","[""415:B"", ""2675:B"", ""2937:B"", ""4506:B"", ""5729:B"", ""6034:B"", ""6680:B"", ""7274:B""]",8,8,generated_wrong_object_text_absent_from_source_atomic_metadata
The city of Uberlandia is in Turkey.,cities,0,Uberlandia,cities::The city of Uberlandia is in Turkey.,"[1394, 2512, 3075, 4120, 5111, 5384, 5735, 6021]","[""1394:A"", ""2512:A"", ""3075:A"", ""4120:A"", ""5111:A"", ""5384:A"", ""5735:A"", ""6021:A""]",8,8,generated_wrong_object_text_absent_from_source_atomic_metadata
The city of Ufa is in Italy.,cities,0,Ufa,cities::The city of Ufa is in Italy.,"[54, 145, 241, 2325, 2599, 3063, 3172, 3277, 3537, 3648, 3977, 5493, 6249, 6830, 7547, 7802]","[""54:A"", ""145:A"", ""241:B"", ""2325:A"", ""2599:A"", ""3063:B"", ""3172:B"", ""3277:B"", ""3537:B"", ""3648:A"", ""3977:B"", ""5493:A"", ""6249:B"", ""6830:A"", ""7547:A"", ""7802:B""]",16,16,generated_wrong_object_text_absent_from_source_atomic_metadata
The city of Vijayawada is in China.,cities,0,Vijayawada,cities::The city of Vijayawada is in China.,"[379, 782, 1653, 4932, 5354, 5894, 6130, 7399]","[""379:B"", ""782:B"", ""1653:B"", ""4932:B"", ""5354:B"", ""5894:B"", ""6130:B"", ""7399:B""]",8,8,generated_wrong_object_text_absent_from_source_atomic_metadata
The city of Vladivostok is in Ghana.,cities,0,Vladivostok,cities::The city of Vladivostok is in Ghana.,"[238, 1157, 1816, 2506, 2516, 3979, 6138, 6546]","[""238:A"", ""1157:A"", ""1816:A"", ""2506:A"", ""2516:A"", ""3979:A"", ""6138:A"", ""6546:A""]",8,8,generated_wrong_object_text_absent_from_source_atomic_metadata
The city of Wanning is in Madagascar.,cities,0,Wanning,cities::The city of Wanning is in Madagascar.,"[530, 2279, 3030, 3147, 3799, 6297, 7298, 7761]","[""530:A"", ""2279:A"", ""3030:A"", ""3147:A"", ""3799:A"", ""6297:A"", ""7298:A"", ""7761:A""]",8,8,generated_wrong_object_text_absent_from_source_atomic_metadata
The city of Wanzhou is in Jordan.,cities,0,Wanzhou,cities::The city of Wanzhou is in Jordan.,"[442, 1007, 2100, 2408, 2511, 2579, 2587, 3922, 4624, 5094, 5705, 5874, 5891, 6277, 7190, 7539]","[""442:A"", ""1007:B"", ""2100:A"", ""2408:B"", ""2511:B"", ""2579:A"", ""2587:B"", ""3922:A"", ""4624:A"", ""5094:B"", ""5705:B"", ""5874:B"", ""5891:A"", ""6277:A"", ""7190:A"", ""7539:B""]",16,16,generated_wrong_object_text_absent_from_source_atomic_metadata
The city of Warangal is in Ethiopia.,cities,0,Warangal,cities::The city of Warangal is in Ethiopia.,"[314, 347, 461, 570, 1137, 3248, 6089, 7466]","[""314:A"", ""347:A"", ""461:A"", ""570:A"", ""1137:A"", ""3248:A"", ""6089:A"", ""7466:A""]",8,8,generated_wrong_object_text_absent_from_source_atomic_metadata
The city of Weifang is in Mozambique.,cities,0,Weifang,cities::The city of Weifang is in Mozambique.,"[2651, 2708, 4580, 5277, 5419, 5658, 7321, 7808]","[""2651:A"", ""2708:A"", ""4580:A"", ""5277:A"", ""5419:A"", ""5658:A"", ""7321:A"", ""7808:A""]",8,8,generated_wrong_object_text_absent_from_source_atomic_metadata
The city of Wenzhou is in Cambodia.,cities,0,Wenzhou,cities::The city of Wenzhou is in Cambodia.,"[936, 1788, 2799, 3442, 4196, 4816, 6678, 7224]","[""936:B"", ""1788:B"", ""2799:B"", ""3442:B"", ""4196:B"", ""4816:B"", ""6678:B"", ""7224:B""]",8,8,generated_wrong_object_text_absent_from_source_atomic_metadata
The city of Winnipeg is in Morocco.,cities,0,Winnipeg,cities::The city of Winnipeg is in Morocco.,"[2212, 2261, 2568, 4697, 4714, 5071, 7178, 7344]","[""2212:B"", ""2261:B"", ""2568:B"", ""4697:B"", ""4714:B"", ""5071:B"", ""7178:B"", ""7344:B""]",8,8,generated_wrong_object_text_absent_from_source_atomic_metadata
The city of Wuzhou is in South Korea.,cities,0,Wuzhou,cities::The city of Wuzhou is in South Korea.,"[48, 103, 2088, 4097, 5670, 5679, 5697, 5963]","[""48:A"", ""103:A"", ""2088:A"", ""4097:A"", ""5670:A"", ""5679:A"", ""5697:A"", ""5963:A""]",8,8,generated_wrong_object_text_absent_from_source_atomic_metadata
The city of Xiamen is in Madagascar.,cities,0,Xiamen,cities::The city of Xiamen is in Madagascar.,"[2675, 4287, 4506, 4759, 5397, 6034, 7274, 7596]","[""2675:A"", ""4287:A"", ""4506:A"", ""4759:A"", ""5397:A"", ""6034:A"", ""7274:A"", ""7596:A""]",8,8,generated_wrong_object_text_absent_from_source_atomic_metadata
The city of Xiangtan is in Somalia.,cities,0,Xiangtan,cities::The city of Xiangtan is in Somalia.,"[458, 4900, 4980, 5234, 5837, 6149, 7026, 7858]","[""458:A"", ""4900:A"", ""4980:A"", ""5234:A"", ""5837:A"", ""6149:A"", ""7026:A"", ""7858:A""]",8,8,generated_wrong_object_text_absent_from_source_atomic_metadata
The city of Xiaogan is in Nigeria.,cities,0,Xiaogan,cities::The city of Xiaogan is in Nigeria.,"[1663, 2307, 3097, 3294, 3837, 5044, 5475, 7571]","[""1663:B"", ""2307:B"", ""3097:B"", ""3294:B"", ""3837:B"", ""5044:B"", ""5475:B"", ""7571:B""]",8,8,generated_wrong_object_text_absent_from_source_atomic_metadata
The city of Yangquan is in Mozambique.,cities,0,Yangquan,cities::The city of Yangquan is in Mozambique.,"[550, 1410, 1718, 1855, 4556, 4631, 5974, 6432]","[""550:B"", ""1410:B"", ""1718:B"", ""1855:B"", ""4556:B"", ""4631:B"", ""5974:B"", ""6432:B""]",8,8,generated_wrong_object_text_absent_from_source_atomic_metadata
The city of Yaounde is in Finland.,cities,0,Yaounde,cities::The city of Yaounde is in Finland.,"[1702, 2493, 2651, 2708, 3862, 4580, 5215, 5277, 5971, 6654, 6828, 7241, 7491, 7625, 7888, 7936]","[""1702:B"", ""2493:B"", ""2651:B"", ""2708:B"", ""3862:B"", ""4580:B"", ""5215:B"", ""5277:B"", ""5971:B"", ""6654:B"", ""6828:B"", ""7241:B"", ""7491:B"", ""7625:B"", ""7888:B"", ""7936:B""]",16,16,generated_wrong_object_text_absent_from_source_atomic_metadata
The city of Yerevan is in Uganda.,cities,0,Yerevan,cities::The city of Yerevan is in Uganda.,"[1752, 1779, 2093, 3013, 4897, 5357, 5367, 7096]","[""1752:A"", ""1779:A"", ""2093:A"", ""3013:A"", ""4897:A"", ""5357:A"", ""5367:A"", ""7096:A""]",8,8,generated_wrong_object_text_absent_from_source_atomic_metadata
The city of Yiwu is in Sweden.,cities,0,Yiwu,cities::The city of Yiwu is in Sweden.,"[323, 1056, 2462, 3015, 3351, 4137, 6529, 7894]","[""323:A"", ""1056:A"", ""2462:A"", ""3015:A"", ""3351:A"", ""4137:A"", ""6529:A"", ""7894:A""]",8,8,generated_wrong_object_text_absent_from_source_atomic_metadata
The city of Zapopan is in Burundi.,cities,0,Zapopan,cities::The city of Zapopan is in Burundi.,"[123, 463, 1455, 1766, 4707, 4708, 5356, 5965]","[""123:B"", ""463:B"", ""1455:B"", ""1766:B"", ""4707:B"", ""4708:B"", ""5356:B"", ""5965:B""]",8,8,generated_wrong_object_text_absent_from_source_atomic_metadata
The city of Zhabei is in Mali.,cities,0,Zhabei,cities::The city of Zhabei is in Mali.,"[1924, 4212, 4614, 4796, 5449, 6281, 6907, 7926]","[""1924:B"", ""4212:B"", ""4614:B"", ""4796:B"", ""5449:B"", ""6281:B"", ""6907:B"", ""7926:B""]",8,8,generated_wrong_object_text_absent_from_source_atomic_metadata
The city of Zhangjiagang is in Malaysia.,cities,0,Zhangjiagang,cities::The city of Zhangjiagang is in Malaysia.,"[692, 1600, 3022, 3050, 5745, 6075, 6537, 7210]","[""692:A"", ""1600:A"", ""3022:A"", ""3050:A"", ""5745:A"", ""6075:A"", ""6537:A"", ""7210:A""]",8,8,generated_wrong_object_text_absent_from_source_atomic_metadata
The city of Zibo is in Turkmenistan.,cities,0,Zibo,cities::The city of Zibo is in Turkmenistan.,"[1111, 2312, 2805, 5156, 5724, 6194, 7199, 7699]","[""1111:B"", ""2312:B"", ""2805:B"", ""5156:B"", ""5724:B"", ""6194:B"", ""7199:B"", ""7699:B""]",8,8,generated_wrong_object_text_absent_from_source_atomic_metadata
Actinium has the symbol H.,element_symb,0,Actinium,element_symb::Actinium has the symbol H.,"[488, 869, 2010, 2650, 3470, 4264, 6023, 7657]","[""488:B"", ""869:B"", ""2010:B"", ""2650:B"", ""3470:B"", ""4264:B"", ""6023:B"", ""7657:B""]",8,8,generated_wrong_object_text_absent_from_source_atomic_metadata
Aluminum has the symbol C.,element_symb,0,Aluminum,element_symb::Aluminum has the symbol C.,"[768, 1635, 1687, 2059, 2203, 2355, 2800, 3769, 3893, 4087, 4362, 4470, 4542, 4768, 4968, 5125, 5240, 6178, 6318, 6679, 6806, 6987, 7079, 7103, 7287, 7437, 7467, 7513, 7553, 7580, 7694, 7830]","[""768:A"", ""1635:A"", ""1687:A"", ""2059:A"", ""2203:A"", ""2355:B"", ""2800:A"", ""3769:B"", ""3893:A"", ""4087:A"", ""4362:A"", ""4470:A"", ""4542:A"", ""4768:A"", ""4968:A"", ""5125:A"", ""5240:B"", ""6178:A"", ""6318:A"", ""6679:A"", ""6806:B"", ""6987:A"", ""7079:A"", ""7103:A"", ""7287:A"", ""7437:B"", ""7467:B"", ""7513:A"", ""7553:B"", ""7580:A"", ""7694:B"", ""7830:A""]",32,32,generated_wrong_object_text_absent_from_source_atomic_metadata
Antimony has the symbol Ca.,element_symb,0,Antimony,element_symb::Antimony has the symbol Ca.,"[14, 535, 741, 2016, 2323, 2401, 2567, 2905, 3010, 3372, 4041, 4554, 5502, 5954, 7158, 7696]","[""14:A"", ""535:A"", ""741:B"", ""2016:B"", ""2323:A"", ""2401:B"", ""2567:B"", ""2905:A"", ""3010:A"", ""3372:A"", ""4041:B"", ""4554:A"", ""5502:B"", ""5954:A"", ""7158:B"", ""7696:B""]",16,16,generated_wrong_object_text_absent_from_source_atomic_metadata
Argon has the symbol Pr.,element_symb,0,Argon,element_symb::Argon has the symbol Pr.,"[375, 394, 1045, 1545, 1717, 1820, 1939, 2142, 2297, 2617, 2621, 2738, 2765, 2843, 2884, 3407, 3458, 3507, 3523, 3530, 3584, 3645, 4140, 4240, 4246, 4350, 4589, 5375, 5989, 6525, 6542, 6888, 6999, 7186, 7426, 7480, 7567, 7810, 7811, 7848]","[""375:A"", ""394:A"", ""1045:A"", ""1545:A"", ""1717:A"", ""1820:A"", ""1939:B"", ""2142:A"", ""2297:A"", ""2617:A"", ""2621:B"", ""2738:A"", ""2765:A"", ""2843:A"", ""2884:A"", ""3407:A"", ""3458:B"", ""3507:B"", ""3523:A"", ""3530:A"", ""3584:A"", ""3645:B"", ""4140:A"", ""4240:A"", ""4246:B"", ""4350:A"", ""4589:A"", ""5375:A"", ""5989:A"", ""6525:B"", ""6542:A"", ""6888:A"", ""6999:A"", ""7186:A"", ""7426:A"", ""7480:A"", ""7567:A"", ""7810:A"", ""7811:B"", ""7848:A""]",40,40,generated_wrong_object_text_absent_from_source_atomic_metadata
Astatine has the symbol Ca.,element_symb,0,Astatine,element_symb::Astatine has the symbol Ca.,"[172, 231, 264, 335, 1037, 1753, 2696, 3847, 3906, 4399, 4583, 4740, 4788, 5105, 5253, 5539, 5749, 6726, 6949, 7124, 7164, 7585, 7781, 7815]","[""172:B"", ""231:B"", ""264:B"", ""335:A"", ""1037:B"", ""1753:A"", ""2696:A"", ""3847:B"", ""3906:B"", ""4399:B"", ""4583:B"", ""4740:A"", ""4788:A"", ""5105:A"", ""5253:B"", ""5539:B"", ""5749:B"", ""6726:B"", ""6949:B"", ""7124:B"", ""7164:A"", ""7585:B"", ""7781:A"", ""7815:B""]",24,24,generated_wrong_object_text_absent_from_source_atomic_metadata
Barium has the symbol Kr.,element_symb,0,Barium,element_symb::Barium has the symbol Kr.,"[3146, 3870, 3911, 4145, 4974, 5657, 7305, 7636]","[""3146:B"", ""3870:B"", ""3911:B"", ""4145:B"", ""4974:B"", ""5657:B"", ""7305:B"", ""7636:B""]",8,8,generated_wrong_object_text_absent_from_source_atomic_metadata
Beryllium has the symbol V.,element_symb,0,Beryllium,element_symb::Beryllium has the symbol V.,"[412, 532, 1200, 1467, 1545, 2297, 2745, 2884, 3055, 4064, 4340, 4794, 4818, 4854, 6542, 7720]","[""412:B"", ""532:B"", ""1200:B"", ""1467:B"", ""1545:B"", ""2297:B"", ""2745:B"", ""2884:B"", ""3055:B"", ""4064:B"", ""4340:B"", ""4794:B"", ""4818:B"", ""4854:B"", ""6542:B"", ""7720:B""]",16,16,generated_wrong_object_text_absent_from_source_atomic_metadata
Bismuth has the symbol Tl.,element_symb,0,Bismuth,element_symb::Bismuth has the symbol Tl.,"[1350, 2345, 2380, 3186, 4345, 5275, 5823, 7296]","[""1350:A"", ""2345:A"", ""2380:A"", ""3186:A"", ""4345:A"", ""5275:A"", ""5823:A"", ""7296:A""]",8,8,generated_wrong_object_text_absent_from_source_atomic_metadata
Boron has the symbol H.,element_symb,0,Boron,element_symb::Boron has the symbol H.,"[221, 430, 538, 567, 843, 1092, 2388, 2641, 2811, 3031, 3094, 3387, 3623, 3809, 4024, 4632, 4874, 5221, 5720, 6552, 6597, 6605, 6630, 6700, 6915, 6988, 7131, 7151, 7369, 7439, 7485, 7737]","[""221:A"", ""430:B"", ""538:B"", ""567:A"", ""843:A"", ""1092:A"", ""2388:B"", ""2641:B"", ""2811:A"", ""3031:B"", ""3094:A"", ""3387:B"", ""3623:A"", ""3809:A"", ""4024:A"", ""4632:A"", ""4874:B"", ""5221:A"", ""5720:A"", ""6552:B"", ""6597:B"", ""6605:A"", ""6630:B"", ""6700:A"", ""6915:B"", ""6988:B"", ""7131:B"", ""7151:B"", ""7369:B"", ""7439:A"", ""7485:A"", ""7737:B""]",32,32,generated_wrong_object_text_absent_from_source_atomic_metadata
Bromine has the symbol N.,element_symb,0,Bromine,element_symb::Bromine has the symbol N.,"[447, 1255, 1393, 2938, 3313, 3444, 3926, 4073, 5028, 5677, 5794, 5940, 6259, 6399, 6929, 7213]","[""447:A"", ""1255:B"", ""1393:B"", ""2938:A"", ""3313:B"", ""3444:B"", ""3926:A"", ""4073:A"", ""5028:B"", ""5677:A"", ""5794:B"", ""5940:A"", ""6259:A"", ""6399:A"", ""6929:B"", ""7213:B""]",16,16,generated_wrong_object_text_absent_from_source_atomic_metadata
Cadmium has the symbol Pr.,element_symb,0,Cadmium,element_symb::Cadmium has the symbol Pr.,"[237, 419, 1366, 2699, 3575, 3618, 3829, 3872, 5586, 5606, 5695, 5910, 6421, 6731, 7182, 7845]","[""237:A"", ""419:A"", ""1366:A"", ""2699:A"", ""3575:A"", ""3618:A"", ""3829:A"", ""3872:A"", ""5586:A"", ""5606:A"", ""5695:A"", ""5910:A"", ""6421:A"", ""6731:A"", ""7182:A"", ""7845:A""]",16,16,generated_wrong_object_text_absent_from_source_atomic_metadata
Carbon has the symbol Lu.,element_symb,0,Carbon,element_symb::Carbon has the symbol Lu.,"[390, 428, 573, 765, 998, 1221, 1289, 2785, 3235, 3331, 4540, 5298, 5525, 5592, 6545, 7578]","[""390:A"", ""428:A"", ""573:A"", ""765:A"", ""998:A"", ""1221:A"", ""1289:A"", ""2785:A"", ""3235:A"", ""3331:A"", ""4540:A"", ""5298:A"", ""5525:A"", ""5592:A"", ""6545:A"", ""7578:A""]",16,16,generated_wrong_object_text_absent_from_source_atomic_metadata
Cerium has the symbol I.,element_symb,0,Cerium,element_symb::Cerium has the symbol I.,"[57, 237, 246, 348, 475, 858, 1054, 1366, 1975, 2049, 2392, 2531, 2644, 2665, 2974, 3111, 3381, 3829, 4320, 4357, 4517, 4742, 5068, 5273, 5499, 5606, 5786, 6638, 6918, 7015, 7658, 7666]","[""57:B"", ""237:B"", ""246:A"", ""348:B"", ""475:B"", ""858:B"", ""1054:B"", ""1366:B"", ""1975:B"", ""2049:A"", ""2392:B"", ""2531:B"", ""2644:A"", ""2665:B"", ""2974:B"", ""3111:B"", ""3381:B"", ""3829:B"", ""4320:B"", ""4357:B"", ""4517:B"", ""4742:B"", ""5068:A"", ""5273:A"", ""5499:B"", ""5606:B"", ""5786:A"", ""6638:A"", ""6918:B"", ""7015:B"", ""7658:B"", ""7666:A""]",32,32,generated_wrong_object_text_absent_from_source_atomic_metadata
Cesium has the symbol Ce.,element_symb,0,Cesium,element_symb::Cesium has the symbol Ce.,"[6, 547, 982, 1036, 1241, 1435, 2062, 3441, 3452, 3599, 3957, 4457, 4804, 5062, 5126, 5178, 5318, 5796, 6040, 6107, 6385, 6864, 7226, 7968]","[""6:B"", ""547:B"", ""982:B"", ""1036:A"", ""1241:B"", ""1435:A"", ""2062:B"", ""3441:B"", ""3452:B"", ""3599:B"", ""3957:B"", ""4457:B"", ""4804:A"", ""5062:B"", ""5126:A"", ""5178:B"", ""5318:A"", ""5796:B"", ""6040:B"", ""6107:A"", ""6385:A"", ""6864:A"", ""7226:B"", ""7968:B""]",24,24,generated_wrong_object_text_absent_from_source_atomic_metadata
Chlorine has the symbol Pt.,element_symb,0,Chlorine,element_symb::Chlorine has the symbol Pt.,"[82, 1634, 1954, 3420, 4758, 6326, 7528, 7821]","[""82:A"", ""1634:A"", ""1954:A"", ""3420:A"", ""4758:A"", ""6326:A"", ""7528:A"", ""7821:A""]",8,8,generated_wrong_object_text_absent_from_source_atomic_metadata
Chromium has the symbol Rb.,element_symb,0,Chromium,element_symb::Chromium has the symbol Rb.,"[745, 1377, 2278, 2639, 3652, 3704, 3707, 3988, 4673, 4690, 4730, 6351, 6453, 6553, 6641, 7322]","[""745:B"", ""1377:B"", ""2278:A"", ""2639:A"", ""3652:B"", ""3704:B"", ""3707:A"", ""3988:A"", ""4673:A"", ""4690:A"", ""4730:A"", ""6351:B"", ""6453:B"", ""6553:B"", ""6641:B"", ""7322:A""]",16,16,generated_wrong_object_text_absent_from_source_atomic_metadata
Cobalt has the symbol H.,element_symb,0,Cobalt,element_symb::Cobalt has the symbol H.,"[173, 566, 1151, 2216, 2341, 3119, 3436, 3568, 3594, 3666, 4030, 4107, 4298, 4358, 4430, 4454, 5106, 5476, 5790, 5938, 6043, 6064, 6245, 6646]","[""173:A"", ""566:B"", ""1151:B"", ""2216:B"", ""2341:B"", ""3119:B"", ""3436:A"", ""3568:B"", ""3594:B"", ""3666:A"", ""4030:A"", ""4107:A"", ""4298:B"", ""4358:B"", ""4430:B"", ""4454:B"", ""5106:B"", ""5476:A"", ""5790:B"", ""5938:A"", ""6043:A"", ""6064:B"", ""6245:B"", ""6646:B""]",24,24,generated_wrong_object_text_absent_from_source_atomic_metadata
Copper has the symbol La.,element_symb,0,Copper,element_symb::Copper has the symbol La.,"[722, 1288, 1571, 1983, 2072, 2201, 2256, 3332, 3847, 4061, 4144, 4306, 4399, 4505, 4715, 5081, 5095, 5252, 5570, 5732, 6196, 6312, 6489, 6588, 6651, 6726, 6899, 7124, 7264, 7535, 7803, 7896]","[""722:B"", ""1288:B"", ""1571:B"", ""1983:B"", ""2072:B"", ""2201:B"", ""2256:B"", ""3332:A"", ""3847:A"", ""4061:B"", ""4144:B"", ""4306:B"", ""4399:A"", ""4505:B"", ""4715:B"", ""5081:B"", ""5095:B"", ""5252:B"", ""5570:B"", ""5732:B"", ""6196:B"", ""6312:B"", ""6489:B"", ""6588:B"", ""6651:A"", ""6726:A"", ""6899:B"", ""7124:A"", ""7264:B"", ""7535:A"", ""7803:A"", ""7896:B""]",32,32,generated_wrong_object_text_absent_from_source_atomic_metadata
Dysprosium has the symbol I.,element_symb,0,Dysprosium,element_symb::Dysprosium has the symbol I.,"[6, 500, 642, 748, 982, 1187, 1241, 1508, 3039, 3431, 3856, 4193, 4370, 4464, 4761, 5062, 5081, 5095, 5599, 5698, 5743, 6489, 7264, 7330]","[""6:A"", ""500:A"", ""642:A"", ""748:A"", ""982:A"", ""1187:A"", ""1241:A"", ""1508:A"", ""3039:A"", ""3431:A"", ""3856:A"", ""4193:A"", ""4370:A"", ""4464:A"", ""4761:A"", ""5062:A"", ""5081:A"", ""5095:A"", ""5599:A"", ""5698:A"", ""5743:A"", ""6489:A"", ""7264:A"", ""7330:A""]",24,24,generated_wrong_object_text_absent_from_source_atomic_metadata
Erbium has the symbol Rh.,element_symb,0,Erbium,element_symb::Erbium has the symbol Rh.,"[64, 965, 1221, 1289, 4540, 6545, 7119, 7645]","[""64:B"", ""965:B"", ""1221:B"", ""1289:B"", ""4540:B"", ""6545:B"", ""7119:B"", ""7645:B""]",8,8,generated_wrong_object_text_absent_from_source_atomic_metadata
Europium has the symbol Pm.,element_symb,0,Europium,element_symb::Europium has the symbol Pm.,"[230, 287, 428, 998, 1743, 2603, 2781, 3178, 3222, 3331, 3451, 4269, 4611, 5298, 7576, 7864]","[""230:B"", ""287:B"", ""428:B"", ""998:B"", ""1743:B"", ""2603:B"", ""2781:B"", ""3178:B"", ""3222:B"", ""3331:B"", ""3451:B"", ""4269:B"", ""4611:B"", ""5298:B"", ""7576:B"", ""7864:B""]",16,16,generated_wrong_object_text_absent_from_source_atomic_metadata
Fluorine has the symbol Pt.,element_symb,0,Fluorine,element_symb::Fluorine has the symbol Pt.,"[292, 755, 919, 939, 1015, 1107, 1224, 1701, 1722, 1754, 2742, 3145, 3187, 3216, 3594, 3949, 4298, 5306, 5477, 5790, 6009, 6064, 6207, 6928]","[""292:A"", ""755:B"", ""919:A"", ""939:B"", ""1015:A"", ""1107:A"", ""1224:A"", ""1701:B"", ""1722:A"", ""1754:A"", ""2742:B"", ""3145:B"", ""3187:A"", ""3216:B"", ""3594:A"", ""3949:A"", ""4298:A"", ""5306:B"", ""5477:A"", ""5790:A"", ""6009:B"", ""6064:A"", ""6207:A"", ""6928:A""]",24,24,generated_wrong_object_text_absent_from_source_atomic_metadata
Francium has the symbol Se.,element_symb,0,Francium,element_symb::Francium has the symbol Se.,"[1792, 2658, 2779, 3929, 4441, 4472, 4633, 4865, 4964, 5123, 5847, 6153, 7286, 7288, 7355, 7545]","[""1792:A"", ""2658:B"", ""2779:A"", ""3929:A"", ""4441:B"", ""4472:B"", ""4633:A"", ""4865:B"", ""4964:B"", ""5123:A"", ""5847:A"", ""6153:A"", ""7286:B"", ""7288:B"", ""7355:A"", ""7545:B""]",16,16,generated_wrong_object_text_absent_from_source_atomic_metadata
Gadolinium has the symbol Xe.,element_symb,0,Gadolinium,element_symb::Gadolinium has the symbol Xe.,"[10, 359, 1117, 2086, 3990, 5618, 6754, 6823]","[""10:B"", ""359:B"", ""1117:B"", ""2086:B"", ""3990:B"", ""5618:B"", ""6754:B"", ""6823:B""]",8,8,generated_wrong_object_text_absent_from_source_atomic_metadata
Gallium has the symbol Pb.,element_symb,0,Gallium,element_symb::Gallium has the symbol Pb.,"[755, 1132, 1701, 2503, 2525, 2864, 3090, 3145, 3216, 3249, 3453, 3934, 4190, 4571, 4803, 4895, 5702, 5808, 6012, 6469, 7320, 7637, 7712, 7890]","[""755:A"", ""1132:A"", ""1701:A"", ""2503:A"", ""2525:A"", ""2864:A"", ""3090:A"", ""3145:A"", ""3216:A"", ""3249:A"", ""3453:A"", ""3934:A"", ""4190:A"", ""4571:A"", ""4803:A"", ""4895:A"", ""5702:A"", ""5808:A"", ""6012:A"", ""6469:A"", ""7320:A"", ""7637:A"", ""7712:A"", ""7890:A""]",24,24,generated_wrong_object_text_absent_from_source_atomic_metadata
Germanium has the symbol Ra.,element_symb,0,Germanium,element_symb::Germanium has the symbol Ra.,"[40, 1627, 1803, 1932, 3070, 3743, 4451, 4586, 4622, 4831, 5241, 5648, 6015, 6456, 7116, 7259]","[""40:A"", ""1627:A"", ""1803:A"", ""1932:A"", ""3070:A"", ""3743:A"", ""4451:A"", ""4586:A"", ""4622:A"", ""4831:A"", ""5241:A"", ""5648:A"", ""6015:A"", ""6456:A"", ""7116:A"", ""7259:A""]",16,16,generated_wrong_object_text_absent_from_source_atomic_metadata
Gold has the symbol Sm.,element_symb,0,Gold,element_symb::Gold has the symbol Sm.,"[95, 644, 1848, 2914, 3219, 4152, 6144, 7604]","[""95:B"", ""644:B"", ""1848:B"", ""2914:B"", ""3219:B"", ""4152:B"", ""6144:B"", ""7604:B""]",8,8,generated_wrong_object_text_absent_from_source_atomic_metadata
Hafnium has the symbol U.,element_symb,0,Hafnium,element_symb::Hafnium has the symbol U.,"[509, 1398, 4297, 4815, 4971, 6403, 7291, 7851]","[""509:A"", ""1398:A"", ""4297:A"", ""4815:A"", ""4971:A"", ""6403:A"", ""7291:A"", ""7851:A""]",8,8,generated_wrong_object_text_absent_from_source_atomic_metadata
Holmium has the symbol Pd.,element_symb,0,Holmium,element_symb::Holmium has the symbol Pd.,"[81, 925, 996, 1218, 2998, 3871, 3926, 4069, 4073, 5287, 5677, 5940, 6191, 7533, 7665, 7994]","[""81:A"", ""925:B"", ""996:A"", ""1218:B"", ""2998:A"", ""3871:A"", ""3926:B"", ""4069:B"", ""4073:B"", ""5287:A"", ""5677:B"", ""5940:B"", ""6191:A"", ""7533:B"", ""7665:A"", ""7994:A""]",16,16,generated_wrong_object_text_absent_from_source_atomic_metadata
Hydrogen has the symbol Cl.,element_symb,0,Hydrogen,element_symb::Hydrogen has the symbol Cl.,"[220, 2882, 3436, 4030, 4107, 4599, 4723, 6043]","[""220:B"", ""2882:B"", ""3436:B"", ""4030:B"", ""4107:B"", ""4599:B"", ""4723:B"", ""6043:B""]",8,8,generated_wrong_object_text_absent_from_source_atomic_metadata
Indium has the symbol Mo.,element_symb,0,Indium,element_symb::Indium has the symbol Mo.,"[240, 615, 879, 2671, 2956, 5335, 7313, 7877]","[""240:B"", ""615:B"", ""879:B"", ""2671:B"", ""2956:B"", ""5335:B"", ""7313:B"", ""7877:B""]",8,8,generated_wrong_object_text_absent_from_source_atomic_metadata
Iodine has the symbol Y.,element_symb,0,Iodine,element_symb::Iodine has the symbol Y.,"[532, 1467, 2262, 4340, 4818, 5494, 5909, 7065]","[""532:A"", ""1467:A"", ""2262:A"", ""4340:A"", ""4818:A"", ""5494:A"", ""5909:A"", ""7065:A""]",8,8,generated_wrong_object_text_absent_from_source_atomic_metadata
Iron has the symbol Os.,element_symb,0,Iron,element_symb::Iron has the symbol Os.,"[80, 158, 432, 576, 819, 878, 1153, 1172, 1352, 1741, 1991, 2247, 2467, 3162, 3822, 3845, 4414, 5364, 5835, 6275, 6911, 7540, 7719, 7779]","[""80:A"", ""158:B"", ""432:B"", ""576:B"", ""819:B"", ""878:B"", ""1153:A"", ""1172:A"", ""1352:B"", ""1741:B"", ""1991:B"", ""2247:A"", ""2467:B"", ""3162:B"", ""3822:B"", ""3845:A"", ""4414:B"", ""5364:B"", ""5835:A"", ""6275:A"", ""6911:B"", ""7540:A"", ""7719:B"", ""7779:B""]",24,24,generated_wrong_object_text_absent_from_source_atomic_metadata
Krypton has the symbol Zr.,element_symb,0,Krypton,element_symb::Krypton has the symbol Zr.,"[957, 1072, 1278, 1516, 2340, 2566, 2730, 3080, 3096, 4254, 5591, 6388, 7470, 7532, 7725, 7887]","[""957:A"", ""1072:B"", ""1278:A"", ""1516:A"", ""2340:A"", ""2566:B"", ""2730:A"", ""3080:B"", ""3096:B"", ""4254:B"", ""5591:A"", ""6388:A"", ""7470:B"", ""7532:B"", ""7725:B"", ""7887:A""]",16,16,generated_wrong_object_text_absent_from_source_atomic_metadata
Lanthanum has the symbol Pr.,element_symb,0,Lanthanum,element_symb::Lanthanum has the symbol Pr.,"[100, 144, 343, 643, 858, 1140, 1676, 2390, 2438, 2839, 3967, 4244, 4270, 4357, 4517, 4742, 4955, 5274, 5967, 5969, 6283, 6539, 7479, 7592]","[""100:A"", ""144:A"", ""343:A"", ""643:A"", ""858:A"", ""1140:A"", ""1676:A"", ""2390:A"", ""2438:A"", ""2839:A"", ""3967:A"", ""4244:A"", ""4270:A"", ""4357:A"", ""4517:A"", ""4742:A"", ""4955:A"", ""5274:A"", ""5967:A"", ""5969:A"", ""6283:A"", ""6539:A"", ""7479:A"", ""7592:A""]",24,24,generated_wrong_object_text_absent_from_source_atomic_metadata
Lead has the symbol Er.,element_symb,0,Lead,element_symb::Lead has the symbol Er.,"[12, 152, 453, 838, 1038, 1910, 1923, 2373, 2434, 2447, 2562, 2653, 3011, 3067, 3214, 3614, 3912, 4234, 4300, 4549, 4728, 5009, 5141, 5299, 5799, 6112, 6305, 6615, 6704, 6766, 7428, 7970]","[""12:B"", ""152:A"", ""453:B"", ""838:B"", ""1038:A"", ""1910:A"", ""1923:B"", ""2373:B"", ""2434:B"", ""2447:A"", ""2562:B"", ""2653:B"", ""3011:B"", ""3067:B"", ""3214:A"", ""3614:B"", ""3912:B"", ""4234:A"", ""4300:B"", ""4549:B"", ""4728:B"", ""5009:B"", ""5141:B"", ""5299:B"", ""5799:B"", ""6112:B"", ""6305:B"", ""6615:A"", ""6704:B"", ""6766:B"", ""7428:B"", ""7970:A""]",32,32,generated_wrong_object_text_absent_from_source_atomic_metadata
Lithium has the symbol Rh.,element_symb,0,Lithium,element_symb::Lithium has the symbol Rh.,"[12, 614, 838, 1107, 1514, 3083, 3949, 4263, 4300, 4446, 4549, 4579, 4711, 5477, 6749, 6928]","[""12:A"", ""614:A"", ""838:A"", ""1107:B"", ""1514:A"", ""3083:B"", ""3949:B"", ""4263:B"", ""4300:A"", ""4446:A"", ""4549:A"", ""4579:B"", ""4711:A"", ""5477:B"", ""6749:B"", ""6928:B""]",16,16,generated_wrong_object_text_absent_from_source_atomic_metadata
Lutetium has the symbol V.,element_symb,0,Lutetium,element_symb::Lutetium has the symbol V.,"[365, 420, 474, 763, 868, 1641, 1923, 2394, 3011, 4705, 5009, 5102, 6014, 6785, 7188, 7428]","[""365:A"", ""420:A"", ""474:A"", ""763:A"", ""868:A"", ""1641:A"", ""1923:A"", ""2394:A"", ""3011:A"", ""4705:A"", ""5009:A"", ""5102:A"", ""6014:A"", ""6785:A"", ""7188:A"", ""7428:A""]",16,16,generated_wrong_object_text_absent_from_source_atomic_metadata
Magnesium has the symbol Tc.,element_symb,0,Magnesium,element_symb::Magnesium has the symbol Tc.,"[51, 691, 1478, 1506, 1815, 1932, 2593, 2896, 3036, 4363, 5241, 5648, 5737, 6456, 7000, 7396]","[""51:B"", ""691:B"", ""1478:B"", ""1506:B"", ""1815:B"", ""1932:B"", ""2593:B"", ""2896:B"", ""3036:B"", ""4363:B"", ""5241:B"", ""5648:B"", ""5737:B"", ""6456:B"", ""7000:B"", ""7396:B""]",16,16,generated_wrong_object_text_absent_from_source_atomic_metadata
Manganese has the symbol S.,element_symb,0,Manganese,element_symb::Manganese has the symbol S.,"[106, 567, 843, 884, 893, 912, 1092, 1104, 1260, 1315, 1441, 2136, 2153, 2904, 2980, 3155, 4038, 4318, 4489, 5078, 5221, 5501, 5822, 5903, 6126, 6150, 6218, 6838, 7039, 7753, 7755, 7838]","[""106:A"", ""567:B"", ""843:B"", ""884:A"", ""893:B"", ""912:B"", ""1092:B"", ""1104:A"", ""1260:B"", ""1315:B"", ""1441:A"", ""2136:A"", ""2153:A"", ""2904:B"", ""2980:B"", ""3155:A"", ""4038:B"", ""4318:A"", ""4489:A"", ""5078:A"", ""5221:B"", ""5501:B"", ""5822:A"", ""5903:B"", ""6126:A"", ""6150:B"", ""6218:B"", ""6838:A"", ""7039:B"", ""7753:A"", ""7755:A"", ""7838:A""]",32,32,generated_wrong_object_text_absent_from_source_atomic_metadata
Mercury has the symbol Sb.,element_symb,0,Mercury,element_symb::Mercury has the symbol Sb.,"[1812, 3816, 3993, 4104, 6488, 6667, 7846, 7935]","[""1812:B"", ""3816:B"", ""3993:B"", ""4104:B"", ""6488:B"", ""6667:B"", ""7846:B"", ""7935:B""]",8,8,generated_wrong_object_text_absent_from_source_atomic_metadata
Molybdenum has the symbol V.,element_symb,0,Molybdenum,element_symb::Molybdenum has the symbol V.,"[830, 1069, 1217, 1269, 1331, 1873, 1997, 2177, 2204, 2525, 2783, 3035, 3453, 3946, 4128, 4190, 4637, 5115, 5202, 6852, 7083, 7435, 7637, 7752]","[""830:B"", ""1069:B"", ""1217:B"", ""1269:B"", ""1331:B"", ""1873:B"", ""1997:B"", ""2177:B"", ""2204:B"", ""2525:B"", ""2783:B"", ""3035:B"", ""3453:B"", ""3946:B"", ""4128:B"", ""4190:B"", ""4637:B"", ""5115:B"", ""5202:B"", ""6852:B"", ""7083:B"", ""7435:B"", ""7637:B"", ""7752:B""]",24,24,generated_wrong_object_text_absent_from_source_atomic_metadata
Neodymium has the symbol Te.,element_symb,0,Neodymium,element_symb::Neodymium has the symbol Te.,"[375, 477, 1435, 1496, 2533, 3407, 3987, 4140, 4170, 4240, 5126, 5318, 5979, 6107, 7350, 7711]","[""375:B"", ""477:B"", ""1435:B"", ""1496:B"", ""2533:B"", ""3407:B"", ""3987:B"", ""4140:B"", ""4170:B"", ""4240:B"", ""5126:B"", ""5318:B"", ""5979:B"", ""6107:B"", ""7350:B"", ""7711:B""]",16,16,generated_wrong_object_text_absent_from_source_atomic_metadata
Neon has the symbol B.,element_symb,0,Neon,element_symb::Neon has the symbol B.,"[78, 184, 307, 419, 1102, 1441, 2153, 3122, 3224, 3583, 3618, 4489, 4901, 5345, 5470, 5695, 5781, 5822, 6073, 6151, 6640, 6731, 7082, 7709]","[""78:B"", ""184:B"", ""307:B"", ""419:B"", ""1102:B"", ""1441:B"", ""2153:B"", ""3122:B"", ""3224:B"", ""3583:B"", ""3618:B"", ""4489:B"", ""4901:B"", ""5345:B"", ""5470:B"", ""5695:B"", ""5781:B"", ""5822:B"", ""6073:B"", ""6151:B"", ""6640:B"", ""6731:B"", ""7082:B"", ""7709:B""]",24,24,generated_wrong_object_text_absent_from_source_atomic_metadata
Nickel has the symbol Os.,element_symb,0,Nickel,element_symb::Nickel has the symbol Os.,"[161, 333, 825, 1069, 1164, 1217, 1944, 2106, 2124, 2196, 2218, 2253, 2578, 3080, 3641, 4048, 4128, 4230, 4605, 4686, 4716, 4887, 5202, 5490, 5500, 5883, 6007, 6411, 7366, 7470, 7532, 7725]","[""161:B"", ""333:B"", ""825:A"", ""1069:A"", ""1164:B"", ""1217:A"", ""1944:B"", ""2106:B"", ""2124:B"", ""2196:A"", ""2218:A"", ""2253:B"", ""2578:B"", ""3080:A"", ""3641:A"", ""4048:B"", ""4128:A"", ""4230:B"", ""4605:A"", ""4686:B"", ""4716:A"", ""4887:B"", ""5202:A"", ""5490:B"", ""5500:A"", ""5883:B"", ""6007:A"", ""6411:B"", ""7366:B"", ""7470:A"", ""7532:A"", ""7725:A""]",32,32,generated_wrong_object_text_absent_from_source_atomic_metadata
Niobium has the symbol Fr.,element_symb,0,Niobium,element_symb::Niobium has the symbol Fr.,"[768, 2056, 3337, 4470, 4542, 6318, 6724, 7455]","[""768:B"", ""2056:B"", ""3337:B"", ""4470:B"", ""4542:B"", ""6318:B"", ""6724:B"", ""7455:B""]",8,8,generated_wrong_object_text_absent_from_source_atomic_metadata
Nitrogen has the symbol Np.,element_symb,0,Nitrogen,element_symb::Nitrogen has the symbol Np.,"[722, 1171, 1885, 1941, 2201, 2602, 2818, 3787, 4505, 4626, 4722, 4844, 4981, 5833, 6899, 7220]","[""722:A"", ""1171:B"", ""1885:B"", ""1941:A"", ""2201:A"", ""2602:B"", ""2818:A"", ""3787:B"", ""4505:A"", ""4626:B"", ""4722:B"", ""4844:B"", ""4981:A"", ""5833:B"", ""6899:A"", ""7220:A""]",16,16,generated_wrong_object_text_absent_from_source_atomic_metadata
Osmium has the symbol P.,element_symb,0,Osmium,element_symb::Osmium has the symbol P.,"[1416, 1844, 2014, 2315, 2680, 2823, 2959, 3387, 3981, 5420, 5541, 6405, 6597, 6630, 6988, 7675]","[""1416:A"", ""1844:A"", ""2014:A"", ""2315:A"", ""2680:A"", ""2823:A"", ""2959:A"", ""3387:A"", ""3981:A"", ""5420:A"", ""5541:A"", ""6405:A"", ""6597:A"", ""6630:A"", ""6988:A"", ""7675:A""]",16,16,generated_wrong_object_text_absent_from_source_atomic_metadata
Oxygen has the symbol Zn.,element_symb,0,Oxygen,element_symb::Oxygen has the symbol Zn.,"[2345, 2380, 2643, 4345, 4623, 5275, 5957, 7892]","[""2345:B"", ""2380:B"", ""2643:B"", ""4345:B"", ""4623:B"", ""5275:B"", ""5957:B"", ""7892:B""]",8,8,generated_wrong_object_text_absent_from_source_atomic_metadata
Palladium has the symbol Ir.,element_symb,0,Palladium,element_symb::Palladium has the symbol Ir.,"[110, 335, 1581, 1753, 2066, 2768, 2889, 3365, 4139, 4788, 4931, 4941, 5297, 6497, 7781, 7835]","[""110:B"", ""335:B"", ""1581:B"", ""1753:B"", ""2066:B"", ""2768:B"", ""2889:B"", ""3365:B"", ""4139:B"", ""4788:B"", ""4931:B"", ""4941:B"", ""5297:B"", ""6497:B"", ""7781:B"", ""7835:B""]",16,16,generated_wrong_object_text_absent_from_source_atomic_metadata
Phosphorus has the symbol Se.,element_symb,0,Phosphorus,element_symb::Phosphorus has the symbol Se.,"[158, 221, 493, 566, 576, 584, 608, 738, 1136, 1230, 1362, 1512, 1599, 1606, 1624, 1741, 1966, 2165, 2175, 2216, 3212, 3610, 3623, 3755, 3836, 4354, 4475, 4632, 4725, 4811, 4890, 5091, 5139, 5232, 5364, 5385, 5720, 6245, 6592, 6633, 6646, 7072, 7076, 7360, 7506, 7770, 7873, 7987]","[""158:A"", ""221:B"", ""493:A"", ""566:A"", ""576:A"", ""584:B"", ""608:A"", ""738:A"", ""1136:B"", ""1230:A"", ""1362:A"", ""1512:A"", ""1599:A"", ""1606:A"", ""1624:A"", ""1741:A"", ""1966:A"", ""2165:A"", ""2175:A"", ""2216:A"", ""3212:A"", ""3610:B"", ""3623:B"", ""3755:A"", ""3836:A"", ""4354:A"", ""4475:A"", ""4632:B"", ""4725:A"", ""4811:A"", ""4890:A"", ""5091:A"", ""5139:A"", ""5232:A"", ""5364:A"", ""5385:A"", ""5720:B"", ""6245:A"", ""6592:A"", ""6633:A"", ""6646:A"", ""7072:A"", ""7076:A"", ""7360:A"", ""7506:A"", ""7770:A"", ""7873:A"", ""7987:B""]",48,48,generated_wrong_object_text_absent_from_source_atomic_metadata
Platinum has the symbol S.,element_symb,0,Platinum,element_symb::Platinum has the symbol S.,"[55, 74, 82, 172, 287, 596, 712, 814, 1065, 1239, 1354, 1634, 1743, 1757, 1764, 2010, 2305, 2781, 3420, 3750, 4264, 4269, 4627, 4758, 4772, 5231, 5317, 5323, 5539, 6023, 6746, 6891, 6949, 6955, 7057, 7349, 7585, 7657, 7669, 7787]","[""55:A"", ""74:A"", ""82:B"", ""172:A"", ""287:A"", ""596:B"", ""712:A"", ""814:A"", ""1065:A"", ""1239:A"", ""1354:A"", ""1634:B"", ""1743:A"", ""1757:A"", ""1764:A"", ""2010:A"", ""2305:A"", ""2781:A"", ""3420:B"", ""3750:A"", ""4264:A"", ""4269:A"", ""4627:B"", ""4758:B"", ""4772:B"", ""5231:A"", ""5317:A"", ""5323:A"", ""5539:A"", ""6023:A"", ""6746:A"", ""6891:A"", ""6949:A"", ""6955:A"", ""7057:B"", ""7349:A"", ""7585:A"", ""7657:A"", ""7669:A"", ""7787:A""]",40,40,generated_wrong_object_text_absent_from_source_atomic_metadata
Potassium has the symbol C.,element_symb,0,Potassium,element_symb::Potassium has the symbol C.,"[40, 318, 525, 577, 775, 1075, 1255, 1482, 1627, 1628, 3070, 3238, 3313, 3893, 4451, 5028, 5163, 5247, 5450, 5794, 6254, 6392, 6494, 6601, 6679, 6769, 6987, 7102, 7287, 7486, 7597, 7648]","[""40:B"", ""318:A"", ""525:B"", ""577:A"", ""775:B"", ""1075:B"", ""1255:A"", ""1482:B"", ""1627:B"", ""1628:A"", ""3070:B"", ""3238:A"", ""3313:A"", ""3893:B"", ""4451:B"", ""5028:A"", ""5163:B"", ""5247:B"", ""5450:B"", ""5794:A"", ""6254:A"", ""6392:A"", ""6494:B"", ""6601:A"", ""6679:B"", ""6769:A"", ""6987:B"", ""7102:A"", ""7287:B"", ""7486:A"", ""7597:A"", ""7648:A""]",32,32,generated_wrong_object_text_absent_from_source_atomic_metadata
Praseodymium has the symbol I.,element_symb,0,Praseodymium,element_symb::Praseodymium has the symbol I.,"[14, 30, 445, 535, 561, 1431, 1606, 1834, 1852, 2006, 2145, 2175, 2323, 2998, 3372, 3563, 3871, 5110, 5139, 5287, 5972, 6217, 7506, 7665]","[""14:B"", ""30:B"", ""445:B"", ""535:B"", ""561:B"", ""1431:B"", ""1606:B"", ""1834:B"", ""1852:B"", ""2006:B"", ""2145:B"", ""2175:B"", ""2323:B"", ""2998:B"", ""3372:B"", ""3563:B"", ""3871:B"", ""5110:B"", ""5139:B"", ""5287:B"", ""5972:B"", ""6217:B"", ""7506:B"", ""7665:B""]",24,24,generated_wrong_object_text_absent_from_source_atomic_metadata
Promethium has the symbol Bi.,element_symb,0,Promethium,element_symb::Promethium has the symbol Bi.,"[1288, 1666, 1952, 3161, 3264, 3850, 4306, 4942, 5160, 5320, 5582, 5732, 6145, 6312, 7605, 7797]","[""1288:A"", ""1666:A"", ""1952:A"", ""3161:A"", ""3264:A"", ""3850:A"", ""4306:A"", ""4942:A"", ""5160:A"", ""5320:A"", ""5582:A"", ""5732:A"", ""6145:A"", ""6312:A"", ""7605:A"", ""7797:A""]",16,16,generated_wrong_object_text_absent_from_source_atomic_metadata
Radium has the symbol Pr.,element_symb,0,Radium,element_symb::Radium has the symbol Pr.,"[240, 879, 1346, 1347, 2915, 2956, 3110, 3169, 3647, 4374, 5335, 5514, 6564, 6905, 7238, 7427]","[""240:A"", ""879:A"", ""1346:B"", ""1347:B"", ""2915:B"", ""2956:A"", ""3110:A"", ""3169:B"", ""3647:A"", ""4374:B"", ""5335:A"", ""5514:B"", ""6564:A"", ""6905:B"", ""7238:B"", ""7427:A""]",16,16,generated_wrong_object_text_absent_from_source_atomic_metadata
Radon has the symbol Np.,element_symb,0,Radon,element_symb::Radon has the symbol Np.,"[18, 320, 362, 587, 681, 779, 801, 830, 973, 1433, 1486, 2204, 2264, 2278, 2564, 2899, 3541, 3557, 3637, 3737, 3815, 3946, 3988, 4122, 4322, 4449, 4573, 4637, 4730, 5326, 6582, 6765, 6804, 6869, 7277, 7314, 7322, 7561, 7626, 7793]","[""18:B"", ""320:B"", ""362:A"", ""587:A"", ""681:A"", ""779:A"", ""801:A"", ""830:A"", ""973:A"", ""1433:B"", ""1486:B"", ""2204:A"", ""2264:A"", ""2278:B"", ""2564:A"", ""2899:A"", ""3541:B"", ""3557:A"", ""3637:A"", ""3737:B"", ""3815:A"", ""3946:A"", ""3988:B"", ""4122:A"", ""4322:A"", ""4449:A"", ""4573:A"", ""4637:A"", ""4730:B"", ""5326:B"", ""6582:A"", ""6765:B"", ""6804:A"", ""6869:B"", ""7277:A"", ""7314:B"", ""7322:B"", ""7561:B"", ""7626:B"", ""7793:A""]",40,40,generated_wrong_object_text_absent_from_source_atomic_metadata
Rhenium has the symbol Pb.,element_symb,0,Rhenium,element_symb::Rhenium has the symbol Pb.,"[50, 255, 337, 359, 394, 509, 681, 779, 801, 1117, 1239, 1354, 1386, 1392, 1470, 1546, 2294, 2765, 2780, 2843, 3435, 3557, 3995, 4376, 4543, 4781, 4815, 5317, 5723, 6376, 6403, 6754, 6823, 6955, 7066, 7186, 7283, 7291, 7762, 7929]","[""50:B"", ""255:B"", ""337:B"", ""359:A"", ""394:B"", ""509:B"", ""681:B"", ""779:B"", ""801:B"", ""1117:A"", ""1239:B"", ""1354:B"", ""1386:B"", ""1392:B"", ""1470:B"", ""1546:A"", ""2294:A"", ""2765:B"", ""2780:B"", ""2843:B"", ""3435:A"", ""3557:B"", ""3995:B"", ""4376:A"", ""4543:B"", ""4781:B"", ""4815:B"", ""5317:B"", ""5723:B"", ""6376:B"", ""6403:B"", ""6754:A"", ""6823:A"", ""6955:B"", ""7066:B"", ""7186:B"", ""7283:B"", ""7291:B"", ""7762:B"", ""7929:B""]",40,40,generated_wrong_object_text_absent_from_source_atomic_metadata
Rubidium has the symbol K.,element_symb,0,Rubidium,element_symb::Rubidium has the symbol K.,"[51, 1254, 1302, 1974, 2672, 2738, 2944, 3068, 3509, 3523, 3584, 3929, 4363, 4633, 5123, 5737, 6153, 6386, 6999, 7000, 7192, 7200, 7206, 7450]","[""51:A"", ""1254:B"", ""1302:B"", ""1974:B"", ""2672:B"", ""2738:B"", ""2944:A"", ""3068:B"", ""3509:A"", ""3523:B"", ""3584:B"", ""3929:B"", ""4363:A"", ""4633:B"", ""5123:B"", ""5737:A"", ""6153:B"", ""6386:B"", ""6999:B"", ""7000:A"", ""7192:A"", ""7200:B"", ""7206:B"", ""7450:A""]",24,24,generated_wrong_object_text_absent_from_source_atomic_metadata
Ruthenium has the symbol Rh.,element_symb,0,Ruthenium,element_symb::Ruthenium has the symbol Rh.,"[2058, 2071, 2914, 3219, 6144, 6824, 7604, 7619]","[""2058:A"", ""2071:A"", ""2914:A"", ""3219:A"", ""6144:A"", ""6824:A"", ""7604:A"", ""7619:A""]",8,8,generated_wrong_object_text_absent_from_source_atomic_metadata
Samarium has the symbol K.,element_symb,0,Samarium,element_symb::Samarium has the symbol K.,"[474, 868, 1586, 2211, 2394, 3266, 3464, 6785]","[""474:B"", ""868:B"", ""1586:B"", ""2211:B"", ""2394:B"", ""3266:B"", ""3464:B"", ""6785:B""]",8,8,generated_wrong_object_text_absent_from_source_atomic_metadata
Scandium has the symbol Kr.,element_symb,0,Scandium,element_symb::Scandium has the symbol Kr.,"[805, 1486, 1516, 1643, 1899, 2004, 2187, 2274, 2340, 2398, 2716, 2730, 3539, 3626, 3938, 4096, 4571, 4681, 4695, 4745, 5114, 5280, 5326, 5591, 6012, 6398, 6400, 6869, 7314, 7320, 7722, 7890]","[""805:A"", ""1486:A"", ""1516:B"", ""1643:A"", ""1899:A"", ""2004:A"", ""2187:A"", ""2274:A"", ""2340:B"", ""2398:B"", ""2716:B"", ""2730:B"", ""3539:A"", ""3626:A"", ""3938:B"", ""4096:B"", ""4571:B"", ""4681:A"", ""4695:A"", ""4745:A"", ""5114:A"", ""5280:B"", ""5326:A"", ""5591:B"", ""6012:B"", ""6398:B"", ""6400:B"", ""6869:A"", ""7314:A"", ""7320:B"", ""7722:B"", ""7890:B""]",32,32,generated_wrong_object_text_absent_from_source_atomic_metadata
Selenium has the symbol Po.,element_symb,0,Selenium,element_symb::Selenium has the symbol Po.,"[147, 430, 745, 1377, 1677, 2054, 4874, 5279, 6228, 6453, 6553, 6722, 7131, 7295, 7589, 7737]","[""147:A"", ""430:A"", ""745:A"", ""1377:A"", ""1677:A"", ""2054:A"", ""4874:A"", ""5279:A"", ""6228:A"", ""6453:A"", ""6553:A"", ""6722:A"", ""7131:A"", ""7295:A"", ""7589:A"", ""7737:A""]",16,16,generated_wrong_object_text_absent_from_source_atomic_metadata
Sodium has the symbol N.,element_symb,0,Sodium,element_symb::Sodium has the symbol N.,"[786, 4216, 4565, 4718, 5769, 5836, 6331, 7918]","[""786:A"", ""4216:A"", ""4565:A"", ""4718:A"", ""5769:A"", ""5836:A"", ""6331:A"", ""7918:A""]",8,8,generated_wrong_object_text_absent_from_source_atomic_metadata
Strontium has the symbol I.,element_symb,0,Strontium,element_symb::Strontium has the symbol I.,"[152, 738, 839, 1362, 1512, 2447, 2611, 3214, 3999, 4094, 4234, 5885, 6046, 7072, 7284, 7627]","[""152:B"", ""738:B"", ""839:B"", ""1362:B"", ""1512:B"", ""2447:B"", ""2611:B"", ""3214:B"", ""3999:B"", ""4094:B"", ""4234:B"", ""5885:B"", ""6046:B"", ""7072:B"", ""7284:B"", ""7627:B""]",16,16,generated_wrong_object_text_absent_from_source_atomic_metadata
Sulfur has the symbol O.,element_symb,0,Sulfur,element_symb::Sulfur has the symbol O.,"[262, 343, 693, 849, 929, 1140, 1171, 2381, 2635, 2965, 3496, 3611, 4722, 4844, 5833, 6104, 6254, 6283, 6392, 6601, 6883, 7102, 7306, 7479]","[""262:B"", ""343:B"", ""693:B"", ""849:A"", ""929:B"", ""1140:B"", ""1171:A"", ""2381:B"", ""2635:A"", ""2965:B"", ""3496:B"", ""3611:B"", ""4722:A"", ""4844:A"", ""5833:A"", ""6104:A"", ""6254:B"", ""6283:B"", ""6392:B"", ""6601:B"", ""6883:A"", ""7102:B"", ""7306:B"", ""7479:B""]",24,24,generated_wrong_object_text_absent_from_source_atomic_metadata
Tantalum has the symbol La.,element_symb,0,Tantalum,element_symb::Tantalum has the symbol La.,"[53, 80, 380, 1138, 1666, 1812, 1879, 2628, 3058, 3128, 3264, 3845, 3870, 3911, 4104, 4352, 4476, 4942, 4974, 5099, 5175, 5296, 5320, 5835, 6192, 6275, 6488, 6516, 7401, 7402, 7636, 7935]","[""53:A"", ""80:B"", ""380:A"", ""1138:B"", ""1666:B"", ""1812:A"", ""1879:B"", ""2628:B"", ""3058:B"", ""3128:A"", ""3264:B"", ""3845:B"", ""3870:A"", ""3911:A"", ""4104:A"", ""4352:B"", ""4476:A"", ""4942:B"", ""4974:A"", ""5099:B"", ""5175:A"", ""5296:A"", ""5320:B"", ""5835:B"", ""6192:A"", ""6275:B"", ""6488:A"", ""6516:B"", ""7401:A"", ""7402:B"", ""7636:A"", ""7935:A""]",32,32,generated_wrong_object_text_absent_from_source_atomic_metadata
Technetium has the symbol Pb.,element_symb,0,Technetium,element_symb::Technetium has the symbol Pb.,"[643, 1353, 3967, 4342, 5104, 5967, 5969, 7707]","[""643:B"", ""1353:B"", ""3967:B"", ""4342:B"", ""5104:B"", ""5967:B"", ""5969:B"", ""7707:B""]",8,8,generated_wrong_object_text_absent_from_source_atomic_metadata
Tellurium has the symbol Zn.,element_symb,0,Tellurium,element_symb::Tellurium has the symbol Zn.,"[635, 1346, 1347, 1579, 2584, 2653, 2915, 2977, 3067, 3500, 3910, 3912, 3916, 3984, 4013, 4347, 5043, 5514, 5911, 6672, 6704, 6744, 6788, 7774]","[""635:A"", ""1346:A"", ""1347:A"", ""1579:A"", ""2584:A"", ""2653:A"", ""2915:A"", ""2977:A"", ""3067:A"", ""3500:A"", ""3910:A"", ""3912:A"", ""3916:A"", ""3984:A"", ""4013:A"", ""4347:A"", ""5043:A"", ""5514:A"", ""5911:A"", ""6672:A"", ""6704:A"", ""6744:A"", ""6788:A"", ""7774:A""]",24,24,generated_wrong_object_text_absent_from_source_atomic_metadata
Terbium has the symbol Br.,element_symb,0,Terbium,element_symb::Terbium has the symbol Br.,"[13, 161, 348, 767, 912, 1164, 1944, 2392, 2693, 2974, 3021, 3111, 4544, 4918, 5136, 5255, 5501, 5515, 5883, 6150, 6218, 6276, 7074, 7421]","[""13:A"", ""161:A"", ""348:A"", ""767:A"", ""912:A"", ""1164:A"", ""1944:A"", ""2392:A"", ""2693:A"", ""2974:A"", ""3021:A"", ""3111:A"", ""4544:A"", ""4918:A"", ""5136:A"", ""5255:A"", ""5501:A"", ""5515:A"", ""5883:A"", ""6150:A"", ""6218:A"", ""6276:A"", ""7074:A"", ""7421:A""]",24,24,generated_wrong_object_text_absent_from_source_atomic_metadata
Thallium has the symbol Fe.,element_symb,0,Thallium,element_symb::Thallium has the symbol Fe.,"[659, 754, 784, 877, 1281, 1929, 2049, 2333, 2624, 2644, 2646, 2668, 2727, 2823, 3981, 4564, 4908, 5273, 5348, 5541, 5786, 7655, 7675, 7920]","[""659:B"", ""754:B"", ""784:B"", ""877:B"", ""1281:A"", ""1929:A"", ""2049:B"", ""2333:A"", ""2624:B"", ""2644:B"", ""2646:A"", ""2668:A"", ""2727:B"", ""2823:B"", ""3981:B"", ""4564:B"", ""4908:B"", ""5273:B"", ""5348:A"", ""5541:B"", ""5786:B"", ""7655:A"", ""7675:B"", ""7920:A""]",24,24,generated_wrong_object_text_absent_from_source_atomic_metadata
Thorium has the symbol Ac.,element_symb,0,Thorium,element_symb::Thorium has the symbol Ac.,"[422, 1408, 1643, 1899, 2187, 4745, 4877, 7197]","[""422:B"", ""1408:B"", ""1643:B"", ""1899:B"", ""2187:B"", ""4745:B"", ""4877:B"", ""7197:B""]",8,8,generated_wrong_object_text_absent_from_source_atomic_metadata
Thulium has the symbol Mg.,element_symb,0,Thulium,element_symb::Thulium has the symbol Mg.,"[107, 181, 426, 441, 547, 968, 1298, 1856, 1957, 2035, 2758, 3078, 3086, 3162, 3215, 3289, 3452, 3458, 3507, 4068, 4216, 4246, 4414, 4565, 5088, 5178, 5278, 5421, 5568, 5769, 5796, 5836, 5996, 6072, 6092, 6128, 6356, 6486, 6578, 6636, 6659, 6826, 7194, 7623, 7664, 7719, 7779, 7811]","[""107:A"", ""181:B"", ""426:A"", ""441:B"", ""547:A"", ""968:A"", ""1298:B"", ""1856:B"", ""1957:B"", ""2035:A"", ""2758:B"", ""3078:B"", ""3086:B"", ""3162:A"", ""3215:B"", ""3289:B"", ""3452:A"", ""3458:A"", ""3507:A"", ""4068:A"", ""4216:B"", ""4246:A"", ""4414:A"", ""4565:B"", ""5088:B"", ""5178:A"", ""5278:B"", ""5421:A"", ""5568:B"", ""5769:B"", ""5796:A"", ""5836:B"", ""5996:A"", ""6072:A"", ""6092:B"", ""6128:B"", ""6356:B"", ""6486:A"", ""6578:A"", ""6636:B"", ""6659:A"", ""6826:B"", ""7194:A"", ""7623:B"", ""7664:B"", ""7719:A"", ""7779:A"", ""7811:A""]",48,48,generated_wrong_object_text_absent_from_source_atomic_metadata
Titanium has the symbol I.,element_symb,0,Titanium,element_symb::Titanium has the symbol I.,"[742, 743, 873, 973, 1633, 2059, 2264, 4136, 4449, 4573, 4768, 4943, 4979, 5125, 6178, 7052]","[""742:B"", ""743:B"", ""873:B"", ""973:B"", ""1633:B"", ""2059:B"", ""2264:B"", ""4136:B"", ""4449:B"", ""4573:B"", ""4768:B"", ""4943:B"", ""4979:B"", ""5125:B"", ""6178:B"", ""7052:B""]",16,16,generated_wrong_object_text_absent_from_source_atomic_metadata
Uranium has the symbol Hg.,element_symb,0,Uranium,element_symb::Uranium has the symbol Hg.,"[206, 284, 319, 642, 1187, 2066, 2889, 3789, 4021, 4370, 4931, 5169, 5338, 5698, 6902, 7835]","[""206:A"", ""284:B"", ""319:B"", ""642:B"", ""1187:B"", ""2066:A"", ""2889:A"", ""3789:B"", ""4021:A"", ""4370:B"", ""4931:A"", ""5169:B"", ""5338:A"", ""5698:B"", ""6902:A"", ""7835:A""]",16,16,generated_wrong_object_text_absent_from_source_atomic_metadata
Vanadium has the symbol Ta.,element_symb,0,Vanadium,element_symb::Vanadium has the symbol Ta.,"[1188, 1599, 1966, 2658, 2967, 3324, 4354, 4865, 4916, 4964, 5517, 5755, 6681, 7028, 7286, 7770]","[""1188:B"", ""1599:B"", ""1966:B"", ""2658:A"", ""2967:A"", ""3324:B"", ""4354:B"", ""4865:A"", ""4916:A"", ""4964:A"", ""5517:A"", ""5755:B"", ""6681:B"", ""7028:A"", ""7286:A"", ""7770:B""]",16,16,generated_wrong_object_text_absent_from_source_atomic_metadata
Xenon has the symbol Hf.,element_symb,0,Xenon,element_symb::Xenon has the symbol Hf.,"[78, 1605, 2284, 2605, 5470, 5781, 6866, 7082]","[""78:A"", ""1605:A"", ""2284:A"", ""2605:A"", ""5470:A"", ""5781:A"", ""6866:A"", ""7082:A""]",8,8,generated_wrong_object_text_absent_from_source_atomic_metadata
Ytterbium has the symbol F.,element_symb,0,Ytterbium,element_symb::Ytterbium has the symbol F.,"[267, 315, 333, 1397, 1826, 2253, 3795, 4439, 4686, 5841, 5865, 6313, 6322, 7231, 7366, 7502]","[""267:A"", ""315:A"", ""333:A"", ""1397:A"", ""1826:A"", ""2253:A"", ""3795:A"", ""4439:A"", ""4686:A"", ""5841:A"", ""5865:A"", ""6313:A"", ""6322:A"", ""7231:A"", ""7366:A"", ""7502:A""]",16,16,generated_wrong_object_text_absent_from_source_atomic_metadata
Zinc has the symbol Ac.,element_symb,0,Zinc,element_symb::Zinc has the symbol Ac.,"[181, 623, 651, 741, 884, 1104, 1298, 1856, 2135, 2298, 2371, 2401, 2714, 2833, 3700, 3765, 3853, 4041, 4318, 5841, 5986, 6093, 6313, 6322, 6356, 6603, 6671, 6838, 7158, 7211, 7231, 7746]","[""181:A"", ""623:A"", ""651:B"", ""741:A"", ""884:B"", ""1104:B"", ""1298:A"", ""1856:A"", ""2135:A"", ""2298:A"", ""2371:B"", ""2401:A"", ""2714:B"", ""2833:B"", ""3700:A"", ""3765:B"", ""3853:B"", ""4041:A"", ""4318:B"", ""5841:B"", ""5986:A"", ""6093:B"", ""6313:B"", ""6322:B"", ""6356:A"", ""6603:A"", ""6671:B"", ""6838:B"", ""7158:A"", ""7211:A"", ""7231:B"", ""7746:A""]",32,32,generated_wrong_object_text_absent_from_source_atomic_metadata
Zirconium has the symbol Ru.,element_symb,0,Zirconium,element_symb::Zirconium has the symbol Ru.,"[182, 1173, 1281, 1579, 1925, 1962, 2018, 2313, 2355, 2584, 2646, 2977, 3215, 3289, 3357, 4347, 4390, 5216, 5240, 5348, 6050, 6092, 6536, 6636, 6787, 7382, 7467, 7608, 7655, 7694, 7703, 7744]","[""182:A"", ""1173:A"", ""1281:B"", ""1579:B"", ""1925:A"", ""1962:B"", ""2018:B"", ""2313:B"", ""2355:A"", ""2584:B"", ""2646:B"", ""2977:B"", ""3215:A"", ""3289:A"", ""3357:A"", ""4347:B"", ""4390:B"", ""5216:B"", ""5240:A"", ""5348:B"", ""6050:B"", ""6092:A"", ""6536:B"", ""6636:A"", ""6787:A"", ""7382:B"", ""7467:A"", ""7608:A"", ""7655:B"", ""7694:A"", ""7703:A"", ""7744:A""]",32,32,generated_wrong_object_text_absent_from_source_atomic_metadata
Alan Turing lived in Japan.,inventors,0,Alan Turing,inventors::Alan Turing lived in Japan.,"[1077, 1162, 1209, 2358, 2375, 3556, 4214, 5610]","[""1077:B"", ""1162:B"", ""1209:B"", ""2358:B"", ""2375:B"", ""3556:B"", ""4214:B"", ""5610:B""]",8,8,generated_wrong_object_text_absent_from_source_atomic_metadata
Albert Ghiorso lived in Austria.,inventors,0,Albert Ghiorso,inventors::Albert Ghiorso lived in Austria.,"[808, 2126, 3560, 6437, 6773, 6919, 7335, 7678]","[""808:B"", ""2126:B"", ""3560:B"", ""6437:B"", ""6773:B"", ""6919:B"", ""7335:B"", ""7678:B""]",8,8,generated_wrong_object_text_absent_from_source_atomic_metadata
Alec Jeffreys lived in the Netherlands.,inventors,0,Alec Jeffreys,inventors::Alec Jeffreys lived in the Netherlands.,"[700, 932, 1191, 1824, 1942, 2637, 5121, 5561]","[""700:B"", ""932:B"", ""1191:B"", ""1824:B"", ""1942:B"", ""2637:B"", ""5121:B"", ""5561:B""]",8,8,generated_wrong_object_text_absent_from_source_atomic_metadata
Alexander Graham Bell lived in Turkey/the U.S.,inventors,0,Alexander Graham Bell,inventors::Alexander Graham Bell lived in Turkey/the U.S.,"[611, 897, 1258, 1993, 2126, 2269, 2328, 3359, 4089, 4602, 4668, 5057, 6773, 7149, 7335, 7678]","[""611:A"", ""897:A"", ""1258:A"", ""1993:A"", ""2126:A"", ""2269:A"", ""2328:A"", ""3359:A"", ""4089:A"", ""4602:A"", ""4668:A"", ""5057:A"", ""6773:A"", ""7149:A"", ""7335:A"", ""7678:A""]",16,16,generated_wrong_object_text_absent_from_source_atomic_metadata
Alfred Nobel lived in Canada/the U.S.,inventors,0,Alfred Nobel,inventors::Alfred Nobel lived in Canada/the U.S.,"[1558, 1721, 1921, 2219, 3298, 5689, 5901, 7156]","[""1558:B"", ""1721:B"", ""1921:B"", ""2219:B"", ""3298:B"", ""5689:B"", ""5901:B"", ""7156:B""]",8,8,generated_wrong_object_text_absent_from_source_atomic_metadata
Alva J. Fisher lived in Canada/the U.S.,inventors,0,Alva J. Fisher,inventors::Alva J. Fisher lived in Canada/the U.S.,"[804, 1444, 1547, 1987, 2140, 6759, 7423, 7424]","[""804:B"", ""1444:B"", ""1547:B"", ""1987:B"", ""2140:B"", ""6759:B"", ""7423:B"", ""7424:B""]",8,8,generated_wrong_object_text_absent_from_source_atomic_metadata
Ami Argand lived in China.,inventors,0,Ami Argand,inventors::Ami Argand lived in China.,"[1051, 1135, 2259, 3564, 5140, 5390, 5792, 6262]","[""1051:A"", ""1135:A"", ""2259:A"", ""3564:A"", ""5140:A"", ""5390:A"", ""5792:A"", ""6262:A""]",8,8,generated_wrong_object_text_absent_from_source_atomic_metadata
Archimedes lived in Turkey/the U.S.,inventors,0,Archimedes,inventors::Archimedes lived in Turkey/the U.S.,"[476, 1165, 1235, 2160, 2563, 4183, 5195, 6998]","[""476:B"", ""1165:B"", ""1235:B"", ""2160:B"", ""2563:B"", ""4183:B"", ""5195:B"", ""6998:B""]",8,8,generated_wrong_object_text_absent_from_source_atomic_metadata
Arthur Fry lived in Croatia.,inventors,0,Arthur Fry,inventors::Arthur Fry lived in Croatia.,"[361, 758, 1613, 1763, 2137, 2509, 3461, 3511, 4283, 4445, 6268, 6393, 6762, 6851, 6932, 6950]","[""361:B"", ""758:B"", ""1613:B"", ""1763:B"", ""2137:B"", ""2509:B"", ""3461:B"", ""3511:B"", ""4283:B"", ""4445:B"", ""6268:B"", ""6393:B"", ""6762:B"", ""6851:B"", ""6932:B"", ""6950:B""]",16,16,generated_wrong_object_text_absent_from_source_atomic_metadata
Arthur Pitney lived in Ukraine/the U.S.,inventors,0,Arthur Pitney,inventors::Arthur Pitney lived in Ukraine/the U.S.,"[345, 392, 1839, 2377, 2663, 4148, 5155, 6639]","[""345:A"", ""392:A"", ""1839:A"", ""2377:A"", ""2663:A"", ""4148:A"", ""5155:A"", ""6639:A""]",8,8,generated_wrong_object_text_absent_from_source_atomic_metadata
Bartolomeo Cristofori lived in the U.K.,inventors,0,Bartolomeo Cristofori,inventors::Bartolomeo Cristofori lived in the U.K.,"[218, 720, 1052, 1213, 2061, 3177, 4868, 6877]","[""218:A"", ""720:A"", ""1052:A"", ""1213:A"", ""2061:A"", ""3177:A"", ""4868:A"", ""6877:A""]",8,8,generated_wrong_object_text_absent_from_source_atomic_metadata
Benjamin Holt lived in Poland/Germany.,inventors,0,Benjamin Holt,inventors::Benjamin Holt lived in Poland/Germany.,"[1693, 2424, 3544, 3605, 4883, 5309, 5779, 7341]","[""1693:A"", ""2424:A"", ""3544:A"", ""3605:A"", ""4883:A"", ""5309:A"", ""5779:A"", ""7341:A""]",8,8,generated_wrong_object_text_absent_from_source_atomic_metadata
Candace Pert lived in Germany.,inventors,0,Candace Pert,inventors::Candace Pert lived in Germany.,"[91, 286, 1203, 1381, 1636, 2815, 3653, 3699, 5134, 5201, 5646, 5937, 6323, 6855, 7148, 7777]","[""91:A"", ""286:B"", ""1203:A"", ""1381:B"", ""1636:A"", ""2815:B"", ""3653:A"", ""3699:B"", ""5134:A"", ""5201:A"", ""5646:A"", ""5937:B"", ""6323:B"", ""6855:B"", ""7148:A"", ""7777:B""]",16,16,generated_wrong_object_text_absent_from_source_atomic_metadata
Carl Elsener lived in the Netherlands.,inventors,0,Carl Elsener,inventors::Carl Elsener lived in the Netherlands.,"[288, 1775, 2129, 2782, 3879, 5509, 5941, 7573]","[""288:A"", ""1775:A"", ""2129:A"", ""2782:A"", ""3879:A"", ""5509:A"", ""5941:A"", ""7573:A""]",8,8,generated_wrong_object_text_absent_from_source_atomic_metadata
Carl Sontheimer lived in Norway.,inventors,0,Carl Sontheimer,inventors::Carl Sontheimer lived in Norway.,"[544, 2007, 2872, 2897, 3421, 3448, 4738, 7689]","[""544:A"", ""2007:A"", ""2872:A"", ""2897:A"", ""3421:A"", ""3448:A"", ""4738:A"", ""7689:A""]",8,8,generated_wrong_object_text_absent_from_source_atomic_metadata
Charles Babbage lived in the U.S.,inventors,0,Charles Babbage,inventors::Charles Babbage lived in the U.S.,"[1169, 1614, 1675, 4072, 5445, 5593, 6416, 7624]","[""1169:B"", ""1614:B"", ""1675:B"", ""4072:B"", ""5445:B"", ""5593:B"", ""6416:B"", ""7624:B""]",8,8,generated_wrong_object_text_absent_from_source_atomic_metadata
Charles Cros lived in the Netherlands.,inventors,0,Charles Cros,inventors::Charles Cros lived in the Netherlands.,"[1473, 1808, 2543, 2670, 3730, 5097, 6212, 6377]","[""1473:A"", ""1808:A"", ""2543:A"", ""2670:A"", ""3730:A"", ""5097:A"", ""6212:A"", ""6377:A""]",8,8,generated_wrong_object_text_absent_from_source_atomic_metadata
Charles Francis Richter lived in India.,inventors,0,Charles Francis Richter,inventors::Charles Francis Richter lived in India.,"[11, 269, 680, 770, 813, 1028, 1340, 1529, 1540, 1893, 2822, 2861, 3190, 3335, 3622, 3627, 4381, 5040, 5074, 5460, 5636, 5767, 5914, 6628]","[""11:B"", ""269:B"", ""680:B"", ""770:B"", ""813:B"", ""1028:B"", ""1340:B"", ""1529:B"", ""1540:B"", ""1893:B"", ""2822:B"", ""2861:B"", ""3190:B"", ""3335:B"", ""3622:B"", ""3627:B"", ""4381:B"", ""5040:B"", ""5074:B"", ""5460:B"", ""5636:B"", ""5767:B"", ""5914:B"", ""6628:B""]",24,24,generated_wrong_object_text_absent_from_source_atomic_metadata
Charles Fritts lived in Italy.,inventors,0,Charles Fritts,inventors::Charles Fritts lived in Italy.,"[706, 1558, 1830, 1921, 2219, 5551, 5888, 5901]","[""706:A"", ""1558:A"", ""1830:A"", ""1921:A"", ""2219:A"", ""5551:A"", ""5888:A"", ""5901:A""]",8,8,generated_wrong_object_text_absent_from_source_atomic_metadata
Charles Goodyear lived in Poland/France.,inventors,0,Charles Goodyear,inventors::Charles Goodyear lived in Poland/France.,"[75, 114, 421, 527, 1225, 1264, 1345, 2537, 3049, 4525, 4807, 5075, 5614, 5739, 6285, 6378]","[""75:A"", ""114:A"", ""421:A"", ""527:A"", ""1225:A"", ""1264:A"", ""1345:A"", ""2537:A"", ""3049:A"", ""4525:A"", ""4807:A"", ""5075:A"", ""5614:A"", ""5739:A"", ""6285:A"", ""6378:A""]",16,16,generated_wrong_object_text_absent_from_source_atomic_metadata
Charles Macintosh lived in Japan.,inventors,0,Charles Macintosh,inventors::Charles Macintosh lived in Japan.,"[36, 1619, 1979, 4798, 5530, 5992, 6913, 7948]","[""36:A"", ""1619:A"", ""1979:A"", ""4798:A"", ""5530:A"", ""5992:A"", ""6913:A"", ""7948:A""]",8,8,generated_wrong_object_text_absent_from_source_atomic_metadata
Charles Townes lived in Croatia.,inventors,0,Charles Townes,inventors::Charles Townes lived in Croatia.,"[729, 1061, 4080, 5425, 6139, 6216, 7618, 7736]","[""729:B"", ""1061:B"", ""4080:B"", ""5425:B"", ""6139:B"", ""6216:B"", ""7618:B"", ""7736:B""]",8,8,generated_wrong_object_text_absent_from_source_atomic_metadata
Chester Carlson lived in Poland/Germany.,inventors,0,Chester Carlson,inventors::Chester Carlson lived in Poland/Germany.,"[33, 163, 400, 1414, 2268, 2661, 6499, 7717]","[""33:B"", ""163:B"", ""400:B"", ""1414:B"", ""2268:B"", ""2661:B"", ""6499:B"", ""7717:B""]",8,8,generated_wrong_object_text_absent_from_source_atomic_metadata
Christian Huygens lived in Poland/Germany.,inventors,0,Christian Huygens,inventors::Christian Huygens lived in Poland/Germany.,"[204, 896, 988, 1919, 3986, 5639, 6113, 7163]","[""204:B"", ""896:B"", ""988:B"", ""1919:B"", ""3986:B"", ""5639:B"", ""6113:B"", ""7163:B""]",8,8,generated_wrong_object_text_absent_from_source_atomic_metadata
Clarence Birdseye lived in Croatia.,inventors,0,Clarence Birdseye,inventors::Clarence Birdseye lived in Croatia.,"[1381, 1630, 1699, 2632, 3502, 3699, 4856, 5113, 5407, 5581, 5937, 5968, 6903, 7629, 7777, 7938]","[""1381:A"", ""1630:A"", ""1699:A"", ""2632:A"", ""3502:A"", ""3699:A"", ""4856:A"", ""5113:A"", ""5407:A"", ""5581:A"", ""5937:A"", ""5968:A"", ""6903:A"", ""7629:A"", ""7777:A"", ""7938:A""]",16,16,generated_wrong_object_text_absent_from_source_atomic_metadata
Daisuke Inoue lived in Sweden.,inventors,0,Daisuke Inoue,inventors::Daisuke Inoue lived in Sweden.,"[1125, 1147, 1503, 2471, 2966, 3213, 5575, 6815]","[""1125:A"", ""1147:A"", ""1503:A"", ""2471:A"", ""2966:A"", ""3213:A"", ""5575:A"", ""6815:A""]",8,8,generated_wrong_object_text_absent_from_source_atomic_metadata
Daniel Fahrenheit lived in Canada/the U.S.,inventors,0,Daniel Fahrenheit,inventors::Daniel Fahrenheit lived in Canada/the U.S.,"[406, 671, 1215, 1263, 1456, 2852, 3201, 3473, 3562, 5456, 5584, 5809, 6710, 6873, 7383, 7542]","[""406:A"", ""671:A"", ""1215:A"", ""1263:A"", ""1456:A"", ""2852:A"", ""3201:A"", ""3473:A"", ""3562:A"", ""5456:A"", ""5584:A"", ""5809:A"", ""6710:A"", ""6873:A"", ""7383:A"", ""7542:A""]",16,16,generated_wrong_object_text_absent_from_source_atomic_metadata
David Edward Hughes lived in Germany/the U.S.,inventors,0,David Edward Hughes,inventors::David Edward Hughes lived in Germany/the U.S.,"[1596, 1631, 1877, 2005, 2547, 4058, 5453, 7029]","[""1596:A"", ""1631:A"", ""1877:A"", ""2005:A"", ""2547:A"", ""4058:A"", ""5453:A"", ""7029:A""]",8,8,generated_wrong_object_text_absent_from_source_atomic_metadata
David Schwarz lived in Finland.,inventors,0,David Schwarz,inventors::David Schwarz lived in Finland.,"[248, 618, 837, 882, 1068, 2526, 2625, 2669, 3087, 4405, 4468, 6271, 6423, 6476, 7118, 7595]","[""248:B"", ""618:B"", ""837:B"", ""882:B"", ""1068:B"", ""2526:B"", ""2625:B"", ""2669:B"", ""3087:B"", ""4405:B"", ""4468:B"", ""6271:B"", ""6423:B"", ""6476:B"", ""7118:B"", ""7595:B""]",16,16,generated_wrong_object_text_absent_from_source_atomic_metadata
Dr. Robert Gallo lived in Norway.,inventors,0,Dr. Robert Gallo,inventors::Dr. Robert Gallo lived in Norway.,"[817, 2032, 2202, 2532, 4502, 5164, 5349, 7167]","[""817:A"", ""2032:A"", ""2202:A"", ""2532:A"", ""4502:A"", ""5164:A"", ""5349:A"", ""7167:A""]",8,8,generated_wrong_object_text_absent_from_source_atomic_metadata
Edmund Cartwright lived in France.,inventors,0,Edmund Cartwright,inventors::Edmund Cartwright lived in France.,"[970, 1041, 1532, 3028, 3354, 4487, 4921, 7146]","[""970:A"", ""1041:A"", ""1532:A"", ""3028:A"", ""3354:A"", ""4487:A"", ""4921:A"", ""7146:A""]",8,8,generated_wrong_object_text_absent_from_source_atomic_metadata
Edouard Benedictus lived in England.,inventors,0,Edouard Benedictus,inventors::Edouard Benedictus lived in England.,"[21, 244, 397, 1746, 1995, 2080, 6373, 7614]","[""21:A"", ""244:A"", ""397:A"", ""1746:A"", ""1995:A"", ""2080:A"", ""6373:A"", ""7614:A""]",8,8,generated_wrong_object_text_absent_from_source_atomic_metadata
Edwin Herbert Hall lived in Austria.,inventors,0,Edwin Herbert Hall,inventors::Edwin Herbert Hall lived in Austria.,"[987, 2050, 2949, 3284, 4228, 6033, 6038, 7886]","[""987:B"", ""2050:B"", ""2949:B"", ""3284:B"", ""4228:B"", ""6033:B"", ""6038:B"", ""7886:B""]",8,8,generated_wrong_object_text_absent_from_source_atomic_metadata
Edwin Link lived in Japan.,inventors,0,Edwin Link,inventors::Edwin Link lived in Japan.,"[210, 724, 1003, 2241, 4667, 6530, 7006, 7279]","[""210:B"", ""724:B"", ""1003:B"", ""2241:B"", ""4667:B"", ""6530:B"", ""7006:B"", ""7279:B""]",8,8,generated_wrong_object_text_absent_from_source_atomic_metadata
Elihu Thomson lived in Austria/the U.S.,inventors,0,Elihu Thomson,inventors::Elihu Thomson lived in Austria/the U.S.,"[2007, 2446, 2872, 2888, 2907, 3421, 3877, 4738]","[""2007:B"", ""2446:B"", ""2872:B"", ""2888:B"", ""2907:B"", ""3421:B"", ""3877:B"", ""4738:B""]",8,8,generated_wrong_object_text_absent_from_source_atomic_metadata
Elisha Gray lived in the U.K.,inventors,0,Elisha Gray,inventors::Elisha Gray lived in the U.K.,"[759, 4253, 4655, 5204, 5249, 5310, 5334, 7771]","[""759:A"", ""4253:A"", ""4655:A"", ""5204:A"", ""5249:A"", ""5310:A"", ""5334:A"", ""7771:A""]",8,8,generated_wrong_object_text_absent_from_source_atomic_metadata
Emile Berliner lived in Japan.,inventors,0,Emile Berliner,inventors::Emile Berliner lived in Japan.,"[308, 498, 885, 916, 1370, 1705, 1913, 2816, 3196, 4103, 4126, 4538, 4972, 5158, 6084, 6799]","[""308:A"", ""498:B"", ""885:A"", ""916:A"", ""1370:B"", ""1705:A"", ""1913:B"", ""2816:B"", ""3196:A"", ""4103:A"", ""4126:B"", ""4538:B"", ""4972:B"", ""5158:A"", ""6084:A"", ""6799:B""]",16,16,generated_wrong_object_text_absent_from_source_atomic_metadata
Ernest Swinton lived in Poland/France.,inventors,0,Ernest Swinton,inventors::Ernest Swinton lived in Poland/France.,"[215, 1057, 2514, 3168, 5054, 5810, 6000, 6011]","[""215:B"", ""1057:B"", ""2514:B"", ""3168:B"", ""5054:B"", ""5810:B"", ""6000:B"", ""6011:B""]",8,8,generated_wrong_object_text_absent_from_source_atomic_metadata
Ernesto Blanco lived in India.,inventors,0,Ernesto Blanco,inventors::Ernesto Blanco lived in India.,"[673, 1057, 2465, 3168, 3253, 3858, 3859, 4057, 4440, 5459, 5810, 6000, 6157, 6306, 6973, 7043]","[""673:A"", ""1057:A"", ""2465:B"", ""3168:A"", ""3253:B"", ""3858:A"", ""3859:B"", ""4057:B"", ""4440:A"", ""5459:A"", ""5810:A"", ""6000:A"", ""6157:B"", ""6306:B"", ""6973:B"", ""7043:B""]",16,16,generated_wrong_object_text_absent_from_source_atomic_metadata
Evangelista Torricelli lived in Finland.,inventors,0,Evangelista Torricelli,inventors::Evangelista Torricelli lived in Finland.,"[244, 537, 690, 1193, 1746, 2080, 2821, 3759, 3775, 5267, 5302, 5736, 6325, 6655, 7537, 7614]","[""244:B"", ""537:B"", ""690:B"", ""1193:B"", ""1746:B"", ""2080:B"", ""2821:B"", ""3759:B"", ""3775:B"", ""5267:B"", ""5302:B"", ""5736:B"", ""6325:B"", ""6655:B"", ""7537:B"", ""7614:B""]",16,16,generated_wrong_object_text_absent_from_source_atomic_metadata
Ferdinand Carré lived in Germany/the U.S.,inventors,0,Ferdinand Carré,inventors::Ferdinand Carré lived in Germany/the U.S.,"[606, 677, 4006, 4118, 4164, 4516, 5762, 5922]","[""606:B"", ""677:B"", ""4006:B"", ""4118:B"", ""4164:B"", ""4516:B"", ""5762:B"", ""5922:B""]",8,8,generated_wrong_object_text_absent_from_source_atomic_metadata
Frank Julian Sprague lived in Norway.,inventors,0,Frank Julian Sprague,inventors::Frank Julian Sprague lived in Norway.,"[618, 2526, 2669, 3087, 3425, 3969, 6889, 7392]","[""618:A"", ""2526:A"", ""2669:A"", ""3087:A"", ""3425:A"", ""3969:A"", ""6889:A"", ""7392:A""]",8,8,generated_wrong_object_text_absent_from_source_atomic_metadata
Frederick G. Creed lived in the U.S.,inventors,0,Frederick G. Creed,inventors::Frederick G. Creed lived in the U.S.,"[1912, 3569, 4071, 4373, 4731, 5245, 6279, 6549]","[""1912:A"", ""3569:A"", ""4071:A"", ""4373:A"", ""4731:A"", ""5245:A"", ""6279:A"", ""6549:A""]",8,8,generated_wrong_object_text_absent_from_source_atomic_metadata
Fridtjof Nansen lived in Scotland/Canada/the U.S.,inventors,0,Fridtjof Nansen,inventors::Fridtjof Nansen lived in Scotland/Canada/the U.S.,"[448, 853, 2240, 2267, 2551, 2749, 3148, 3158, 3937, 4055, 4444, 4676, 5165, 5556, 5855, 5923, 6523, 6629, 6795, 6829, 6870, 6878, 7495, 7687]","[""448:B"", ""853:B"", ""2240:B"", ""2267:B"", ""2551:B"", ""2749:B"", ""3148:B"", ""3158:B"", ""3937:B"", ""4055:B"", ""4444:B"", ""4676:B"", ""5165:B"", ""5556:B"", ""5855:B"", ""5923:B"", ""6523:B"", ""6629:B"", ""6795:B"", ""6829:B"", ""6870:B"", ""6878:B"", ""7495:B"", ""7687:B""]",24,24,generated_wrong_object_text_absent_from_source_atomic_metadata
Galileo Galilei lived in Austria.,inventors,0,Galileo Galilei,inventors::Galileo Galilei lived in Austria.,"[729, 1704, 1747, 2099, 2265, 2647, 2878, 4033, 4074, 4733, 5425, 6139, 6963, 7203, 7647, 7736]","[""729:A"", ""1704:B"", ""1747:B"", ""2099:B"", ""2265:B"", ""2647:B"", ""2878:B"", ""4033:A"", ""4074:A"", ""4733:B"", ""5425:A"", ""6139:A"", ""6963:B"", ""7203:A"", ""7647:A"", ""7736:A""]",16,16,generated_wrong_object_text_absent_from_source_atomic_metadata
Garrett Morgan lived in Ukraine/the U.S.,inventors,0,Garrett Morgan,inventors::Garrett Morgan lived in Ukraine/the U.S.,"[1008, 1208, 1499, 1505, 1583, 3120, 3206, 3771, 4280, 5258, 6155, 6649, 6652, 7144, 7514, 7554]","[""1008:A"", ""1208:A"", ""1499:B"", ""1505:A"", ""1583:B"", ""3120:A"", ""3206:A"", ""3771:A"", ""4280:B"", ""5258:A"", ""6155:B"", ""6649:A"", ""6652:B"", ""7144:B"", ""7514:B"", ""7554:B""]",16,16,generated_wrong_object_text_absent_from_source_atomic_metadata
George Cayley lived in Denmark.,inventors,0,George Cayley,inventors::George Cayley lived in Denmark.,"[101, 2164, 2407, 4371, 5712, 6666, 6723, 6776]","[""101:A"", ""2164:A"", ""2407:A"", ""4371:A"", ""5712:A"", ""6666:A"", ""6723:A"", ""6776:A""]",8,8,generated_wrong_object_text_absent_from_source_atomic_metadata
George Devol lived in Hungary.,inventors,0,George Devol,inventors::George Devol lived in Hungary.,"[1249, 1853, 2410, 2666, 3008, 3073, 3674, 3773, 5064, 5350, 5791, 6538, 6742, 7077, 7244, 7375]","[""1249:A"", ""1853:B"", ""2410:A"", ""2666:A"", ""3008:B"", ""3073:A"", ""3674:B"", ""3773:B"", ""5064:B"", ""5350:B"", ""5791:A"", ""6538:B"", ""6742:A"", ""7077:A"", ""7244:A"", ""7375:B""]",16,16,generated_wrong_object_text_absent_from_source_atomic_metadata
George Washington Carver lived in Sweden.,inventors,0,George Washington Carver,inventors::George Washington Carver lived in Sweden.,"[1285, 1510, 2756, 3378, 3548, 5116, 5495, 6500]","[""1285:B"", ""1510:B"", ""2756:B"", ""3378:B"", ""3548:B"", ""5116:B"", ""5495:B"", ""6500:B""]",8,8,generated_wrong_object_text_absent_from_source_atomic_metadata
Georges Claude lived in Sweden/the U.S.,inventors,0,Georges Claude,inventors::Georges Claude lived in Sweden/the U.S.,"[34, 203, 2893, 2902, 3664, 3790, 4166, 4253, 4655, 4952, 5204, 5334, 5634, 6445, 6492, 7357]","[""34:B"", ""203:B"", ""2893:B"", ""2902:B"", ""3664:B"", ""3790:B"", ""4166:B"", ""4253:B"", ""4655:B"", ""4952:B"", ""5204:B"", ""5334:B"", ""5634:B"", ""6445:B"", ""6492:B"", ""7357:B""]",16,16,generated_wrong_object_text_absent_from_source_atomic_metadata
Gideon Sundback lived in Poland/Germany.,inventors,0,Gideon Sundback,inventors::Gideon Sundback lived in Poland/Germany.,"[437, 3226, 3607, 4110, 5328, 5590, 5632, 7475]","[""437:B"", ""3226:B"", ""3607:B"", ""4110:B"", ""5328:B"", ""5590:B"", ""5632:B"", ""7475:B""]",8,8,generated_wrong_object_text_absent_from_source_atomic_metadata
Godfrey Hounsfield lived in Germany.,inventors,0,Godfrey Hounsfield,inventors::Godfrey Hounsfield lived in Germany.,"[867, 978, 1916, 2186, 2444, 2827, 2926, 3179, 3585, 3685, 4121, 5244, 5846, 6531, 7289, 7791]","[""867:A"", ""978:B"", ""1916:B"", ""2186:B"", ""2444:A"", ""2827:A"", ""2926:B"", ""3179:A"", ""3585:A"", ""3685:A"", ""4121:B"", ""5244:B"", ""5846:A"", ""6531:A"", ""7289:B"", ""7791:B""]",16,16,generated_wrong_object_text_absent_from_source_atomic_metadata
Grace Hopper lived in Poland/France.,inventors,0,Grace Hopper,inventors::Grace Hopper lived in Poland/France.,"[3607, 4110, 4576, 4616, 5207, 5328, 6475, 7475]","[""3607:A"", ""4110:A"", ""4576:A"", ""4616:A"", ""5207:A"", ""5328:A"", ""6475:A"", ""7475:A""]",8,8,generated_wrong_object_text_absent_from_source_atomic_metadata
Guglielmo Marconi lived in Japan.,inventors,0,Guglielmo Marconi,inventors::Guglielmo Marconi lived in Japan.,"[404, 1451, 2666, 5286, 5791, 6479, 6742, 7244]","[""404:B"", ""1451:B"", ""2666:B"", ""5286:B"", ""5791:B"", ""6479:B"", ""6742:B"", ""7244:B""]",8,8,generated_wrong_object_text_absent_from_source_atomic_metadata
Hans Geiger lived in Finland.,inventors,0,Hans Geiger,inventors::Hans Geiger lived in Finland.,"[970, 1025, 1532, 2383, 2642, 3028, 3260, 4084, 6121, 6518, 6594, 6801, 7004, 7125, 7146, 7915]","[""970:B"", ""1025:B"", ""1532:B"", ""2383:B"", ""2642:B"", ""3028:B"", ""3260:B"", ""4084:B"", ""6121:B"", ""6518:B"", ""6594:B"", ""6801:B"", ""7004:B"", ""7125:B"", ""7146:B"", ""7915:B""]",16,16,generated_wrong_object_text_absent_from_source_atomic_metadata
Hans Goldschmidt lived in Russia.,inventors,0,Hans Goldschmidt,inventors::Hans Goldschmidt lived in Russia.,"[790, 1672, 1706, 2335, 2917, 3403, 3486, 3665, 4260, 4521, 4592, 4619, 4995, 6273, 6444, 7318]","[""790:B"", ""1672:A"", ""1706:A"", ""2335:B"", ""2917:B"", ""3403:B"", ""3486:A"", ""3665:B"", ""4260:B"", ""4521:A"", ""4592:B"", ""4619:A"", ""4995:A"", ""6273:B"", ""6444:A"", ""7318:A""]",16,16,generated_wrong_object_text_absent_from_source_atomic_metadata
Hans Oersted lived in Finland.,inventors,0,Hans Oersted,inventors::Hans Oersted lived in Finland.,"[1740, 2776, 2934, 3114, 4953, 6264, 7009, 7868]","[""1740:B"", ""2776:B"", ""2934:B"", ""3114:B"", ""4953:B"", ""6264:B"", ""7009:B"", ""7868:B""]",8,8,generated_wrong_object_text_absent_from_source_atomic_metadata
Hans von Ohain lived in England.,inventors,0,Hans von Ohain,inventors::Hans von Ohain lived in England.,"[438, 503, 542, 1002, 1464, 1503, 1945, 2089, 2354, 2471, 2966, 4056, 4302, 5014, 5162, 5473, 5573, 6147, 6596, 6815, 6996, 7557, 7823, 7899]","[""438:B"", ""503:B"", ""542:B"", ""1002:B"", ""1464:B"", ""1503:B"", ""1945:B"", ""2089:B"", ""2354:B"", ""2471:B"", ""2966:B"", ""4056:B"", ""4302:B"", ""5014:B"", ""5162:B"", ""5473:B"", ""5573:B"", ""6147:B"", ""6596:B"", ""6815:B"", ""6996:B"", ""7557:B"", ""7823:B"", ""7899:B""]",24,24,generated_wrong_object_text_absent_from_source_atomic_metadata
Henri Giffard lived in Denmark.,inventors,0,Henri Giffard,inventors::Henri Giffard lived in Denmark.,"[817, 2032, 2266, 4090, 4180, 4502, 5021, 7167]","[""817:B"", ""2032:B"", ""2266:B"", ""4090:B"", ""4180:B"", ""4502:B"", ""5021:B"", ""7167:B""]",8,8,generated_wrong_object_text_absent_from_source_atomic_metadata
Henry Bessemer lived in Italy.,inventors,0,Henry Bessemer,inventors::Henry Bessemer lived in Italy.,"[34, 1807, 3125, 3790, 4208, 4679, 4952, 5634]","[""34:A"", ""1807:A"", ""3125:A"", ""3790:A"", ""4208:A"", ""4679:A"", ""4952:A"", ""5634:A""]",8,8,generated_wrong_object_text_absent_from_source_atomic_metadata
Henry Ford lived in Hungary.,inventors,0,Henry Ford,inventors::Henry Ford lived in Hungary.,"[685, 2425, 2963, 5013, 5360, 5776, 5926, 7735]","[""685:A"", ""2425:A"", ""2963:A"", ""5013:A"", ""5360:A"", ""5776:A"", ""5926:A"", ""7735:A""]",8,8,generated_wrong_object_text_absent_from_source_atomic_metadata
Herbert Akroyd Stuart lived in Croatia.,inventors,0,Herbert Akroyd Stuart,inventors::Herbert Akroyd Stuart lived in Croatia.,"[3629, 3740, 3797, 4239, 5098, 5173, 7235, 7620]","[""3629:B"", ""3740:B"", ""3797:B"", ""4239:B"", ""5098:B"", ""5173:B"", ""7235:B"", ""7620:B""]",8,8,generated_wrong_object_text_absent_from_source_atomic_metadata
Hippolyte Mège-Mouriès lived in Germany.,inventors,0,Hippolyte Mège-Mouriès,inventors::Hippolyte Mège-Mouriès lived in Germany.,"[988, 1922, 2701, 3200, 3986, 4178, 5639, 7163]","[""988:A"", ""1922:A"", ""2701:A"", ""3200:A"", ""3986:A"", ""4178:A"", ""5639:A"", ""7163:A""]",8,8,generated_wrong_object_text_absent_from_source_atomic_metadata
Ignazio Porro lived in Austria/the U.S.,inventors,0,Ignazio Porro,inventors::Ignazio Porro lived in Austria/the U.S.,"[33, 163, 400, 476, 730, 1235, 1414, 2068, 2563, 4183, 4289, 4305, 4442, 4539, 5191, 7927]","[""33:A"", ""163:A"", ""400:A"", ""476:A"", ""730:A"", ""1235:A"", ""1414:A"", ""2068:A"", ""2563:A"", ""4183:A"", ""4289:A"", ""4305:A"", ""4442:A"", ""4539:A"", ""5191:A"", ""7927:A""]",16,16,generated_wrong_object_text_absent_from_source_atomic_metadata
Igor Sikorsky lived in Turkey/the U.S.,inventors,0,Igor Sikorsky,inventors::Igor Sikorsky lived in Turkey/the U.S.,"[421, 1345, 1618, 3049, 5075, 5641, 5741, 6267]","[""421:B"", ""1345:B"", ""1618:B"", ""3049:B"", ""5075:B"", ""5641:B"", ""5741:B"", ""6267:B""]",8,8,generated_wrong_object_text_absent_from_source_atomic_metadata
Igor Tamm lived in Denmark.,inventors,0,Igor Tamm,inventors::Igor Tamm lived in Denmark.,"[4, 190, 662, 804, 1028, 1252, 1426, 1446, 1462, 1480, 1491, 1540, 1623, 1760, 1978, 1987, 2209, 2228, 2239, 2344, 2750, 2861, 2874, 2880, 3672, 3680, 4053, 5313, 5914, 6577, 6604, 6759, 7036, 7171, 7196, 7329, 7420, 7424, 7504, 7741]","[""4:B"", ""190:B"", ""662:A"", ""804:A"", ""1028:A"", ""1252:A"", ""1426:B"", ""1446:A"", ""1462:A"", ""1480:A"", ""1491:B"", ""1540:A"", ""1623:A"", ""1760:A"", ""1978:A"", ""1987:A"", ""2209:A"", ""2228:A"", ""2239:B"", ""2344:A"", ""2750:A"", ""2861:A"", ""2874:B"", ""2880:B"", ""3672:A"", ""3680:B"", ""4053:B"", ""5313:B"", ""5914:A"", ""6577:B"", ""6604:A"", ""6759:A"", ""7036:A"", ""7171:B"", ""7196:B"", ""7329:B"", ""7420:B"", ""7424:A"", ""7504:A"", ""7741:B""]",40,40,generated_wrong_object_text_absent_from_source_atomic_metadata
Jack Kilby lived in Denmark.,inventors,0,Jack Kilby,inventors::Jack Kilby lived in Denmark.,"[552, 1046, 1442, 1459, 3309, 3315, 4530, 7631]","[""552:A"", ""1046:A"", ""1442:A"", ""1459:A"", ""3309:A"", ""3315:A"", ""4530:A"", ""7631:A""]",8,8,generated_wrong_object_text_absent_from_source_atomic_metadata
Jacob Perkins lived in Turkey/the U.S.,inventors,0,Jacob Perkins,inventors::Jacob Perkins lived in Turkey/the U.S.,"[1790, 2120, 2778, 3603, 4904, 4986, 5410, 7783]","[""1790:B"", ""2120:B"", ""2778:B"", ""3603:B"", ""4904:B"", ""4986:B"", ""5410:B"", ""7783:B""]",8,8,generated_wrong_object_text_absent_from_source_atomic_metadata
James Clerk Maxwell lived in Sweden.,inventors,0,James Clerk Maxwell,inventors::James Clerk Maxwell lived in Sweden.,"[1501, 1617, 2360, 2543, 2670, 3570, 3730, 4642, 4739, 4924, 5185, 6377, 7091, 7173, 7195, 7738]","[""1501:A"", ""1617:B"", ""2360:A"", ""2543:B"", ""2670:B"", ""3570:A"", ""3730:B"", ""4642:A"", ""4739:A"", ""4924:A"", ""5185:A"", ""6377:B"", ""7091:B"", ""7173:B"", ""7195:A"", ""7738:B""]",16,16,generated_wrong_object_text_absent_from_source_atomic_metadata
James Hargreaves lived in Japan.,inventors,0,James Hargreaves,inventors::James Hargreaves lived in Japan.,"[193, 598, 1011, 1363, 1499, 2331, 2827, 3179, 3585, 4280, 4779, 5260, 5846, 6155, 6223, 7144]","[""193:A"", ""598:B"", ""1011:A"", ""1363:B"", ""1499:A"", ""2331:B"", ""2827:B"", ""3179:B"", ""3585:B"", ""4280:A"", ""4779:B"", ""5260:A"", ""5846:B"", ""6155:A"", ""6223:A"", ""7144:A""]",16,16,generated_wrong_object_text_absent_from_source_atomic_metadata
James Murray Spangler lived in Poland/Germany.,inventors,0,James Murray Spangler,inventors::James Murray Spangler lived in Poland/Germany.,"[60, 1507, 1893, 2214, 2470, 3335, 3401, 3491, 3622, 5943, 5984, 6309, 6628, 7247, 7292, 7548]","[""60:A"", ""1507:A"", ""1893:A"", ""2214:A"", ""2470:A"", ""3335:A"", ""3401:A"", ""3491:A"", ""3622:A"", ""5943:A"", ""5984:A"", ""6309:A"", ""6628:A"", ""7247:A"", ""7292:A"", ""7548:A""]",16,16,generated_wrong_object_text_absent_from_source_atomic_metadata
James Starley lived in Austria/the U.S.,inventors,0,James Starley,inventors::James Starley lived in Austria/the U.S.,"[392, 1025, 1839, 2377, 2463, 3074, 3849, 4084, 4838, 5461, 6121, 6384, 6639, 6834, 7125, 7708]","[""392:B"", ""1025:A"", ""1839:B"", ""2377:B"", ""2463:A"", ""3074:B"", ""3849:B"", ""4084:A"", ""4838:B"", ""5461:A"", ""6121:A"", ""6384:A"", ""6639:B"", ""6834:B"", ""7125:A"", ""7708:A""]",16,16,generated_wrong_object_text_absent_from_source_atomic_metadata
James Watt lived in Finland.,inventors,0,James Watt,inventors::James Watt lived in Finland.,"[36, 1077, 1614, 1711, 1979, 2358, 2375, 3345, 3994, 4072, 4261, 4798, 4906, 5530, 5593, 5610, 5691, 6004, 6036, 6414, 6429, 6484, 7624, 7849]","[""36:B"", ""1077:A"", ""1614:A"", ""1711:B"", ""1979:B"", ""2358:A"", ""2375:A"", ""3345:B"", ""3994:A"", ""4072:A"", ""4261:A"", ""4798:B"", ""4906:A"", ""5530:B"", ""5593:A"", ""5610:A"", ""5691:B"", ""6004:A"", ""6036:B"", ""6414:A"", ""6429:A"", ""6484:A"", ""7624:A"", ""7849:A""]",24,24,generated_wrong_object_text_absent_from_source_atomic_metadata
James West lived in China.,inventors,0,James West,inventors::James West lived in China.,"[248, 2625, 2705, 3390, 5564, 6271, 7595, 7679]","[""248:A"", ""2625:A"", ""2705:A"", ""3390:A"", ""5564:A"", ""6271:A"", ""7595:A"", ""7679:A""]",8,8,generated_wrong_object_text_absent_from_source_atomic_metadata
Jean-Bernard-Léon Foucault lived in Germany.,inventors,0,Jean-Bernard-Léon Foucault,inventors::Jean-Bernard-Léon Foucault lived in Germany.,"[373, 549, 1456, 2123, 2852, 3201, 4898, 6710]","[""373:B"", ""549:B"", ""1456:B"", ""2123:B"", ""2852:B"", ""3201:B"", ""4898:B"", ""6710:B""]",8,8,generated_wrong_object_text_absent_from_source_atomic_metadata
John Ambrose Fleming lived in Finland.,inventors,0,John Ambrose Fleming,inventors::John Ambrose Fleming lived in Finland.,"[1194, 1283, 1672, 2251, 3305, 3486, 4382, 4619, 4680, 4995, 5616, 5801, 6044, 6466, 7523, 7911]","[""1194:A"", ""1283:A"", ""1672:B"", ""2251:B"", ""3305:A"", ""3486:B"", ""4382:A"", ""4619:B"", ""4680:B"", ""4995:B"", ""5616:A"", ""5801:A"", ""6044:A"", ""6466:B"", ""7523:A"", ""7911:B""]",16,16,generated_wrong_object_text_absent_from_source_atomic_metadata
John Atanasoff lived in Croatia.,inventors,0,John Atanasoff,inventors::John Atanasoff lived in Croatia.,"[85, 1022, 1406, 2234, 2580, 3383, 4983, 5100, 5130, 5134, 5201, 5270, 5403, 5444, 5646, 7148]","[""85:A"", ""1022:A"", ""1406:B"", ""2234:A"", ""2580:A"", ""3383:A"", ""4983:B"", ""5100:A"", ""5130:A"", ""5134:B"", ""5201:B"", ""5270:B"", ""5403:B"", ""5444:A"", ""5646:B"", ""7148:B""]",16,16,generated_wrong_object_text_absent_from_source_atomic_metadata
John Boyd Dunlop lived in Austria.,inventors,0,John Boyd Dunlop,inventors::John Boyd Dunlop lived in Austria.,"[126, 1206, 2120, 2778, 3485, 4986, 6736, 7783]","[""126:A"", ""1206:A"", ""2120:A"", ""2778:A"", ""3485:A"", ""4986:A"", ""6736:A"", ""7783:A""]",8,8,generated_wrong_object_text_absent_from_source_atomic_metadata
John Callcott Horsley lived in India.,inventors,0,John Callcott Horsley,inventors::John Callcott Horsley lived in India.,"[1103, 2332, 4388, 4584, 6120, 6379, 7240, 7465]","[""1103:B"", ""2332:B"", ""4388:B"", ""4584:B"", ""6120:B"", ""6379:B"", ""7240:B"", ""7465:B""]",8,8,generated_wrong_object_text_absent_from_source_atomic_metadata
John Ericsson lived in Norway.,inventors,0,John Ericsson,inventors::John Ericsson lived in Norway.,"[118, 685, 2184, 2364, 2963, 5360, 5776, 6820]","[""118:B"", ""685:B"", ""2184:B"", ""2364:B"", ""2963:B"", ""5360:B"", ""5776:B"", ""6820:B""]",8,8,generated_wrong_object_text_absent_from_source_atomic_metadata
John Gorrie lived in Switzerland.,inventors,0,John Gorrie,inventors::John Gorrie lived in Switzerland.,"[125, 645, 2507, 3474, 3742, 5246, 7095, 7453]","[""125:B"", ""645:B"", ""2507:B"", ""3474:B"", ""3742:B"", ""5246:B"", ""7095:B"", ""7453:B""]",8,8,generated_wrong_object_text_absent_from_source_atomic_metadata
John Kay lived in Norway.,inventors,0,John Kay,inventors::John Kay lived in Norway.,"[402, 714, 844, 1464, 2276, 2282, 3824, 4218, 4302, 4361, 5014, 6047, 6202, 6996, 7099, 7906]","[""402:A"", ""714:B"", ""844:B"", ""1464:A"", ""2276:B"", ""2282:B"", ""3824:A"", ""4218:B"", ""4302:A"", ""4361:B"", ""5014:A"", ""6047:B"", ""6202:B"", ""6996:A"", ""7099:A"", ""7906:A""]",16,16,generated_wrong_object_text_absent_from_source_atomic_metadata
John Logie Baird lived in Switzerland.,inventors,0,John Logie Baird,inventors::John Logie Baird lived in Switzerland.,"[125, 645, 3117, 3723, 3742, 5171, 5430, 7095]","[""125:A"", ""645:A"", ""3117:A"", ""3723:A"", ""3742:A"", ""5171:A"", ""5430:A"", ""7095:A""]",8,8,generated_wrong_object_text_absent_from_source_atomic_metadata
John Walker lived in India.,inventors,0,John Walker,inventors::John Walker lived in India.,"[11, 386, 1340, 2021, 3978, 4456, 4808, 4954, 5040, 5074, 5198, 5774, 6434, 6845, 7008, 7430]","[""11:A"", ""386:A"", ""1340:A"", ""2021:A"", ""3978:A"", ""4456:A"", ""4808:A"", ""4954:A"", ""5040:A"", ""5074:A"", ""5198:A"", ""5774:A"", ""6434:A"", ""6845:A"", ""7008:A"", ""7430:A""]",16,16,generated_wrong_object_text_absent_from_source_atomic_metadata
John Wesley Hyatt lived in England.,inventors,0,John Wesley Hyatt,inventors::John Wesley Hyatt lived in England.,"[2870, 3334, 3549, 4116, 4167, 4205, 5361, 6080]","[""2870:A"", ""3334:A"", ""3549:A"", ""4116:A"", ""4167:A"", ""4205:A"", ""5361:A"", ""6080:A""]",8,8,generated_wrong_object_text_absent_from_source_atomic_metadata
John von Neumann lived in France.,inventors,0,John von Neumann,inventors::John von Neumann lived in France.,"[49, 861, 1223, 1524, 2163, 2925, 4173, 4359, 4812, 5025, 5183, 5269, 5814, 6344, 6345, 6455]","[""49:A"", ""861:A"", ""1223:B"", ""1524:A"", ""2163:A"", ""2925:B"", ""4173:B"", ""4359:B"", ""4812:B"", ""5025:B"", ""5183:A"", ""5269:A"", ""5814:B"", ""6344:A"", ""6345:B"", ""6455:A""]",16,16,generated_wrong_object_text_absent_from_source_atomic_metadata
Joseph Bramah lived in Croatia.,inventors,0,Joseph Bramah,inventors::Joseph Bramah lived in Croatia.,"[793, 1027, 1859, 2606, 3460, 3998, 4317, 5117]","[""793:B"", ""1027:B"", ""1859:B"", ""2606:B"", ""3460:B"", ""3998:B"", ""4317:B"", ""5117:B""]",8,8,generated_wrong_object_text_absent_from_source_atomic_metadata
Joseph Glidden lived in China.,inventors,0,Joseph Glidden,inventors::Joseph Glidden lived in China.,"[720, 1052, 1265, 1585, 2061, 2334, 4985, 5190, 5861, 6307, 6314, 6854, 6877, 7280, 7878, 7982]","[""720:B"", ""1052:B"", ""1265:B"", ""1585:B"", ""2061:B"", ""2334:B"", ""4985:B"", ""5190:B"", ""5861:B"", ""6307:B"", ""6314:B"", ""6854:B"", ""6877:B"", ""7280:B"", ""7878:B"", ""7982:B""]",16,16,generated_wrong_object_text_absent_from_source_atomic_metadata
Joseph Henry lived in Scotland.,inventors,0,Joseph Henry,inventors::Joseph Henry lived in Scotland.,"[686, 793, 1027, 1681, 1896, 1999, 2472, 2606, 3263, 3703, 4217, 4317, 4395, 4966, 6800, 7111]","[""686:B"", ""793:A"", ""1027:A"", ""1681:A"", ""1896:B"", ""1999:B"", ""2472:B"", ""2606:A"", ""3263:B"", ""3703:B"", ""4217:A"", ""4317:A"", ""4395:B"", ""4966:A"", ""6800:A"", ""7111:B""]",16,16,generated_wrong_object_text_absent_from_source_atomic_metadata
Joseph Marie Jacquard lived in the U.K.,inventors,0,Joseph Marie Jacquard,inventors::Joseph Marie Jacquard lived in the U.K.,"[2414, 2453, 3236, 4132, 5033, 5886, 6255, 7946]","[""2414:A"", ""2453:A"", ""3236:A"", ""4132:A"", ""5033:A"", ""5886:A"", ""6255:A"", ""7946:A""]",8,8,generated_wrong_object_text_absent_from_source_atomic_metadata
Joseph Swan lived in Hungary/the U.S.,inventors,0,Joseph Swan,inventors::Joseph Swan lived in Hungary/the U.S.,"[2164, 2407, 4371, 5271, 6533, 6666, 6708, 6966]","[""2164:B"", ""2407:B"", ""4371:B"", ""5271:B"", ""6533:B"", ""6666:B"", ""6708:B"", ""6966:B""]",8,8,generated_wrong_object_text_absent_from_source_atomic_metadata
Joseph-Armand Bombardier lived in Switzerland.,inventors,0,Joseph-Armand Bombardier,inventors::Joseph-Armand Bombardier lived in Switzerland.,"[1059, 1229, 2186, 2926, 5604, 7289, 7419, 7791]","[""1059:A"", ""1229:A"", ""2186:A"", ""2926:A"", ""5604:A"", ""7289:A"", ""7419:A"", ""7791:A""]",8,8,generated_wrong_object_text_absent_from_source_atomic_metadata
Karl Benz lived in Croatia.,inventors,0,Karl Benz,inventors::Karl Benz lived in Croatia.,"[686, 1999, 2472, 3263, 4545, 4902, 5867, 6505]","[""686:A"", ""1999:A"", ""2472:A"", ""3263:A"", ""4545:A"", ""4902:A"", ""5867:A"", ""6505:A""]",8,8,generated_wrong_object_text_absent_from_source_atomic_metadata
Konrad Zuse lived in Finland.,inventors,0,Konrad Zuse,inventors::Konrad Zuse lived in Finland.,"[1003, 3632, 4608, 4667, 6530, 7279, 7309, 7531]","[""1003:A"", ""3632:A"", ""4608:A"", ""4667:A"", ""6530:A"", ""7279:A"", ""7309:A"", ""7531:A""]",8,8,generated_wrong_object_text_absent_from_source_atomic_metadata
Leon Theremin lived in Poland/France.,inventors,0,Leon Theremin,inventors::Leon Theremin lived in Poland/France.,"[256, 361, 560, 903, 1888, 4283, 6393, 6851]","[""256:A"", ""361:A"", ""560:A"", ""903:A"", ""1888:A"", ""4283:A"", ""6393:A"", ""6851:A""]",8,8,generated_wrong_object_text_absent_from_source_atomic_metadata
Leonardo da Vinci lived in Sweden/the U.S.,inventors,0,Leonardo da Vinci,inventors::Leonardo da Vinci lived in Sweden/the U.S.,"[876, 1051, 2259, 3564, 5140, 5463, 7616, 7928]","[""876:B"", ""1051:B"", ""2259:B"", ""3564:B"", ""5140:B"", ""5463:B"", ""7616:B"", ""7928:B""]",8,8,generated_wrong_object_text_absent_from_source_atomic_metadata
Levi Strauss lived in Canada.,inventors,0,Levi Strauss,inventors::Levi Strauss lived in Canada.,"[473, 1208, 2718, 3206, 3288, 3771, 4135, 5258]","[""473:B"", ""1208:B"", ""2718:B"", ""3206:B"", ""3288:B"", ""3771:B"", ""4135:B"", ""5258:B""]",8,8,generated_wrong_object_text_absent_from_source_atomic_metadata
Linus Torvalds lived in Canada/the U.S.,inventors,0,Linus Torvalds,inventors::Linus Torvalds lived in Canada/the U.S.,"[62, 462, 559, 2999, 4130, 6433, 6951, 7157]","[""62:A"", ""462:A"", ""559:A"", ""2999:A"", ""4130:A"", ""6433:A"", ""6951:A"", ""7157:A""]",8,8,generated_wrong_object_text_absent_from_source_atomic_metadata
Louis Pasteur lived in Austria/the U.S.,inventors,0,Louis Pasteur,inventors::Louis Pasteur lived in Austria/the U.S.,"[564, 1207, 3971, 4847, 5669, 6238, 6544, 6753]","[""564:A"", ""1207:A"", ""3971:A"", ""4847:A"", ""5669:A"", ""6238:A"", ""6544:A"", ""6753:A""]",8,8,generated_wrong_object_text_absent_from_source_atomic_metadata
Luther George Simjian lived in Hungary/the U.S.,inventors,0,Luther George Simjian,inventors::Luther George Simjian lived in Hungary/the U.S.,"[1106, 1765, 4009, 4784, 4840, 5516, 6143, 6727]","[""1106:B"", ""1765:B"", ""4009:B"", ""4784:B"", ""4840:B"", ""5516:B"", ""6143:B"", ""6727:B""]",8,8,generated_wrong_object_text_absent_from_source_atomic_metadata
Maria Telkes lived in Scotland.,inventors,0,Maria Telkes,inventors::Maria Telkes lived in Scotland.,"[135, 1642, 2559, 3359, 4089, 4668, 5057, 7462]","[""135:B"", ""1642:B"", ""2559:B"", ""3359:B"", ""4089:B"", ""4668:B"", ""5057:B"", ""7462:B""]",8,8,generated_wrong_object_text_absent_from_source_atomic_metadata
Marie Curie lived in Poland/Germany.,inventors,0,Marie Curie,inventors::Marie Curie lived in Poland/Germany.,"[553, 1411, 2992, 4262, 5128, 5740, 6590, 7189]","[""553:A"", ""1411:A"", ""2992:A"", ""4262:A"", ""5128:A"", ""5740:A"", ""6590:A"", ""7189:A""]",8,8,generated_wrong_object_text_absent_from_source_atomic_metadata
Marvin Camras lived in Japan.,inventors,0,Marvin Camras,inventors::Marvin Camras lived in Japan.,"[1194, 1283, 1513, 1976, 4257, 4382, 5801, 7458]","[""1194:B"", ""1283:B"", ""1513:B"", ""1976:B"", ""4257:B"", ""4382:B"", ""5801:B"", ""7458:B""]",8,8,generated_wrong_object_text_absent_from_source_atomic_metadata
Mary Walton lived in the Soviet Union.,inventors,0,Mary Walton,inventors::Mary Walton lived in the Soviet Union.,"[853, 3937, 4081, 5556, 5859, 6032, 6124, 7687]","[""853:A"", ""3937:A"", ""4081:A"", ""5556:A"", ""5859:A"", ""6032:A"", ""6124:A"", ""7687:A""]",8,8,generated_wrong_object_text_absent_from_source_atomic_metadata
Michael Faraday lived in Croatia.,inventors,0,Michael Faraday,inventors::Michael Faraday lived in Croatia.,"[1913, 2238, 2816, 3024, 3276, 3538, 3766, 4126, 4236, 4531, 4538, 5635, 7033, 7106, 7526, 7847]","[""1913:A"", ""2238:A"", ""2816:A"", ""3024:A"", ""3276:B"", ""3538:B"", ""3766:A"", ""4126:A"", ""4236:A"", ""4531:B"", ""4538:A"", ""5635:B"", ""7033:B"", ""7106:B"", ""7526:B"", ""7847:B""]",16,16,generated_wrong_object_text_absent_from_source_atomic_metadata
Narinder Singh Kapany lived in Canada/the U.S.,inventors,0,Narinder Singh Kapany,inventors::Narinder Singh Kapany lived in Canada/the U.S.,"[1265, 2231, 2267, 2476, 2494, 2698, 2870, 3020, 3148, 3174, 3334, 3549, 3639, 3780, 3964, 4055, 4117, 4146, 4205, 4578, 4676, 4732, 5018, 5190, 5700, 5878, 6314, 6613, 6721, 7680, 7691, 7982]","[""1265:A"", ""2231:B"", ""2267:A"", ""2476:B"", ""2494:A"", ""2698:A"", ""2870:B"", ""3020:B"", ""3148:A"", ""3174:A"", ""3334:B"", ""3549:B"", ""3639:B"", ""3780:B"", ""3964:B"", ""4055:A"", ""4117:A"", ""4146:B"", ""4205:B"", ""4578:B"", ""4676:A"", ""4732:B"", ""5018:B"", ""5190:A"", ""5700:B"", ""5878:B"", ""6314:A"", ""6613:A"", ""6721:A"", ""7680:A"", ""7691:A"", ""7982:A""]",32,32,generated_wrong_object_text_absent_from_source_atomic_metadata
Nicolas Appert lived in Poland/France.,inventors,0,Nicolas Appert,inventors::Nicolas Appert lived in Poland/France.,"[2992, 3658, 4010, 4262, 4658, 5128, 6586, 6590]","[""2992:B"", ""3658:B"", ""4010:B"", ""4262:B"", ""4658:B"", ""5128:B"", ""6586:B"", ""6590:B""]",8,8,generated_wrong_object_text_absent_from_source_atomic_metadata
Nikolai Basov lived in Norway.,inventors,0,Nikolai Basov,inventors::Nikolai Basov lived in Norway.,"[668, 844, 2426, 3416, 4218, 6047, 6202, 7582]","[""668:A"", ""844:A"", ""2426:A"", ""3416:A"", ""4218:A"", ""6047:A"", ""6202:A"", ""7582:A""]",8,8,generated_wrong_object_text_absent_from_source_atomic_metadata
Nikolay Slavyanov lived in Japan.,inventors,0,Nikolay Slavyanov,inventors::Nikolay Slavyanov lived in Japan.,"[1223, 1658, 2156, 2925, 4173, 4595, 4812, 7601]","[""1223:A"", ""1658:A"", ""2156:A"", ""2925:A"", ""4173:A"", ""4595:A"", ""4812:A"", ""7601:A""]",8,8,generated_wrong_object_text_absent_from_source_atomic_metadata
Nils Bohlin lived in the U.S.,inventors,0,Nils Bohlin,inventors::Nils Bohlin lived in the U.S.,"[85, 1022, 1341, 2234, 2351, 5193, 5444, 7134]","[""85:B"", ""1022:B"", ""1341:B"", ""2234:B"", ""2351:B"", ""5193:B"", ""5444:B"", ""7134:B""]",8,8,generated_wrong_object_text_absent_from_source_atomic_metadata
Otis Boykin lived in Finland.,inventors,0,Otis Boykin,inventors::Otis Boykin lived in Finland.,"[406, 508, 2812, 3562, 5584, 6796, 6846, 7542]","[""406:B"", ""508:B"", ""2812:B"", ""3562:B"", ""5584:B"", ""6796:B"", ""6846:B"", ""7542:B""]",8,8,generated_wrong_object_text_absent_from_source_atomic_metadata
Paul Gottlieb Nipkow lived in Norway.,inventors,0,Paul Gottlieb Nipkow,inventors::Paul Gottlieb Nipkow lived in Norway.,"[62, 564, 2176, 2999, 3971, 4037, 5344, 5479, 5669, 6152, 6433, 6544, 7005, 7143, 7157, 7358]","[""62:B"", ""564:B"", ""2176:B"", ""2999:B"", ""3971:B"", ""4037:B"", ""5344:B"", ""5479:B"", ""5669:B"", ""6152:B"", ""6433:B"", ""6544:B"", ""7005:B"", ""7143:B"", ""7157:B"", ""7358:B""]",16,16,generated_wrong_object_text_absent_from_source_atomic_metadata
Percy Spencer lived in Russia.,inventors,0,Percy Spencer,inventors::Percy Spencer lived in Russia.,"[49, 60, 831, 861, 1046, 1163, 1214, 1459, 2069, 2170, 2470, 3315, 3591, 3738, 3945, 4613, 5183, 5984, 6455, 6768, 7062, 7247, 7615, 7631]","[""49:B"", ""60:B"", ""831:B"", ""861:B"", ""1046:B"", ""1163:B"", ""1214:B"", ""1459:B"", ""2069:B"", ""2170:B"", ""2470:B"", ""3315:B"", ""3591:B"", ""3738:B"", ""3945:B"", ""4613:B"", ""5183:B"", ""5984:B"", ""6455:B"", ""6768:B"", ""7062:B"", ""7247:B"", ""7615:B"", ""7631:B""]",24,24,generated_wrong_object_text_absent_from_source_atomic_metadata
Philipp Reis lived in Sweden/the U.S.,inventors,0,Philipp Reis,inventors::Philipp Reis lived in Sweden/the U.S.,"[288, 1775, 1800, 2050, 2770, 2912, 2964, 3879, 4060, 4219, 4228, 5509, 6033, 6053, 7790, 7886]","[""288:B"", ""1775:B"", ""1800:B"", ""2050:A"", ""2770:A"", ""2912:A"", ""2964:B"", ""3879:B"", ""4060:B"", ""4219:A"", ""4228:A"", ""5509:B"", ""6033:A"", ""6053:B"", ""7790:A"", ""7886:A""]",16,16,generated_wrong_object_text_absent_from_source_atomic_metadata
R. Buckminster Fuller lived in Japan.,inventors,0,R. Buckminster Fuller,inventors::R. Buckminster Fuller lived in Japan.,"[537, 606, 1193, 1798, 1980, 2482, 3579, 3759, 4006, 4159, 4164, 5619, 5762, 5772, 6504, 7537]","[""537:A"", ""606:A"", ""1193:A"", ""1798:A"", ""1980:A"", ""2482:A"", ""3579:A"", ""3759:A"", ""4006:A"", ""4159:A"", ""4164:A"", ""5619:A"", ""5762:A"", ""5772:A"", ""6504:A"", ""7537:A""]",16,16,generated_wrong_object_text_absent_from_source_atomic_metadata
Ralph Benjamin lived in Poland/France.,inventors,0,Ralph Benjamin,inventors::Ralph Benjamin lived in Poland/France.,"[384, 1282, 1912, 2942, 3569, 4071, 4731, 6752]","[""384:B"", ""1282:B"", ""1912:B"", ""2942:B"", ""3569:B"", ""4071:B"", ""4731:B"", ""6752:B""]",8,8,generated_wrong_object_text_absent_from_source_atomic_metadata
Ralph H. Baer lived in Finland.,inventors,0,Ralph H. Baer,inventors::Ralph H. Baer lived in Finland.,"[94, 444, 1096, 1252, 1373, 1446, 2344, 2412, 2519, 2750, 2934, 3114, 3629, 3726, 4239, 4654, 5173, 7009, 7175, 7290, 7302, 7620, 7868, 7897]","[""94:A"", ""444:A"", ""1096:A"", ""1252:B"", ""1373:A"", ""1446:B"", ""2344:B"", ""2412:A"", ""2519:B"", ""2750:B"", ""2934:A"", ""3114:A"", ""3629:A"", ""3726:A"", ""4239:A"", ""4654:A"", ""5173:A"", ""7009:A"", ""7175:B"", ""7290:B"", ""7302:A"", ""7620:A"", ""7868:A"", ""7897:B""]",24,24,generated_wrong_object_text_absent_from_source_atomic_metadata
Reginald Fessenden lived in Sweden.,inventors,0,Reginald Fessenden,inventors::Reginald Fessenden lived in Sweden.,"[542, 2370, 4099, 5162, 5290, 5473, 5766, 6147]","[""542:A"", ""2370:A"", ""4099:A"", ""5162:A"", ""5290:A"", ""5473:A"", ""5766:A"", ""6147:A""]",8,8,generated_wrong_object_text_absent_from_source_atomic_metadata
Richard Leach Maddox lived in Sweden/the U.S.,inventors,0,Richard Leach Maddox,inventors::Richard Leach Maddox lived in Sweden/the U.S.,"[75, 114, 527, 3418, 4789, 6378, 6566, 7364]","[""75:B"", ""114:B"", ""527:B"", ""3418:B"", ""4789:B"", ""6378:B"", ""6566:B"", ""7364:B""]",8,8,generated_wrong_object_text_absent_from_source_atomic_metadata
Richard Trevithick lived in Hungary/the U.S.,inventors,0,Richard Trevithick,inventors::Richard Trevithick lived in Hungary/the U.S.,"[513, 1378, 1765, 3719, 4009, 4840, 5483, 5516]","[""513:A"", ""1378:A"", ""1765:A"", ""3719:A"", ""4009:A"", ""4840:A"", ""5483:A"", ""5516:A""]",8,8,generated_wrong_object_text_absent_from_source_atomic_metadata
Robert Chesebrough lived in Croatia.,inventors,0,Robert Chesebrough,inventors::Robert Chesebrough lived in Croatia.,"[1237, 1375, 1709, 2747, 4510, 5458, 5623, 5747]","[""1237:A"", ""1375:A"", ""1709:A"", ""2747:A"", ""4510:A"", ""5458:A"", ""5623:A"", ""5747:A""]",8,8,generated_wrong_object_text_absent_from_source_atomic_metadata
Robert Moog lived in Scotland/Canada/the U.S.,inventors,0,Robert Moog,inventors::Robert Moog lived in Scotland/Canada/the U.S.,"[630, 2676, 2721, 3674, 3773, 4431, 5064, 5350]","[""630:A"", ""2676:A"", ""2721:A"", ""3674:A"", ""3773:A"", ""4431:A"", ""5064:A"", ""5350:A""]",8,8,generated_wrong_object_text_absent_from_source_atomic_metadata
Robert Noyce lived in Poland/Germany.,inventors,0,Robert Noyce,inventors::Robert Noyce lived in Poland/Germany.,"[2127, 4824, 5017, 5386, 6222, 6495, 6842, 7385]","[""2127:B"", ""4824:B"", ""5017:B"", ""5386:B"", ""6222:B"", ""6495:B"", ""6842:B"", ""7385:B""]",8,8,generated_wrong_object_text_absent_from_source_atomic_metadata
Rudolf Diesel lived in Poland/Germany.,inventors,0,Rudolf Diesel,inventors::Rudolf Diesel lived in Poland/Germany.,"[1115, 1184, 1880, 2397, 3567, 3810, 5536, 6269]","[""1115:B"", ""1184:B"", ""1880:B"", ""2397:B"", ""3567:B"", ""3810:B"", ""5536:B"", ""6269:B""]",8,8,generated_wrong_object_text_absent_from_source_atomic_metadata
Rudolf Kálmán lived in the U.S.,inventors,0,Rudolf Kálmán,inventors::Rudolf Kálmán lived in the U.S.,"[2453, 3236, 4015, 4032, 4259, 5033, 7054, 7946]","[""2453:B"", ""3236:B"", ""4015:B"", ""4032:B"", ""4259:B"", ""5033:B"", ""7054:B"", ""7946:B""]",8,8,generated_wrong_object_text_absent_from_source_atomic_metadata
Ruth Benerito lived in Italy.,inventors,0,Ruth Benerito,inventors::Ruth Benerito lived in Italy.,"[90, 1159, 4444, 4650, 5165, 6629, 6795, 7050]","[""90:A"", ""1159:A"", ""4444:A"", ""4650:A"", ""5165:A"", ""6629:A"", ""6795:A"", ""7050:A""]",8,8,generated_wrong_object_text_absent_from_source_atomic_metadata
Samuel Morse lived in China.,inventors,0,Samuel Morse,inventors::Samuel Morse lived in China.,"[790, 1472, 2335, 2995, 3665, 4592, 5381, 6299]","[""790:A"", ""1472:A"", ""2335:A"", ""2995:A"", ""3665:A"", ""4592:A"", ""5381:A"", ""6299:A""]",8,8,generated_wrong_object_text_absent_from_source_atomic_metadata
Sergey Brin and Larry Page lived in Hungary.,inventors,0,Sergey Brin and Larry Page,inventors::Sergey Brin and Larry Page lived in Hungary.,"[167, 895, 1770, 5186, 5330, 5358, 5744, 7037]","[""167:B"", ""895:B"", ""1770:B"", ""5186:B"", ""5330:B"", ""5358:B"", ""5744:B"", ""7037:B""]",8,8,generated_wrong_object_text_absent_from_source_atomic_metadata
Shinya Yamanaka lived in Sweden.,inventors,0,Shinya Yamanaka,inventors::Shinya Yamanaka lived in Sweden.,"[571, 860, 1285, 2099, 2756, 2878, 3348, 3494, 3714, 4252, 4733, 5011, 5415, 5495, 6500, 6963]","[""571:A"", ""860:A"", ""1285:A"", ""2099:A"", ""2756:A"", ""2878:A"", ""3348:A"", ""3494:A"", ""3714:A"", ""4252:A"", ""4733:A"", ""5011:A"", ""5415:A"", ""5495:A"", ""6500:A"", ""6963:A""]",16,16,generated_wrong_object_text_absent_from_source_atomic_metadata
Sir Frank Whittle lived in the Netherlands.,inventors,0,Sir Frank Whittle,inventors::Sir Frank Whittle lived in the Netherlands.,"[496, 2808, 3276, 3956, 4531, 7033, 7233, 7847]","[""496:A"", ""2808:A"", ""3276:A"", ""3956:A"", ""4531:A"", ""7033:A"", ""7233:A"", ""7847:A""]",8,8,generated_wrong_object_text_absent_from_source_atomic_metadata
Sir Humphry Davy lived in Austria.,inventors,0,Sir Humphry Davy,inventors::Sir Humphry Davy lived in Austria.,"[1301, 1501, 1680, 2127, 2360, 2608, 2855, 3391, 4057, 4299, 4423, 4594, 4642, 4649, 4824, 5185, 6157, 6222, 6306, 6431, 6758, 6973, 7228, 7385]","[""1301:A"", ""1501:B"", ""1680:A"", ""2127:A"", ""2360:B"", ""2608:A"", ""2855:A"", ""3391:A"", ""4057:A"", ""4299:B"", ""4423:A"", ""4594:A"", ""4642:B"", ""4649:A"", ""4824:A"", ""5185:B"", ""6157:A"", ""6222:A"", ""6306:A"", ""6431:B"", ""6758:B"", ""6973:A"", ""7228:B"", ""7385:A""]",24,24,generated_wrong_object_text_absent_from_source_atomic_metadata
Sir Sandford Fleming lived in Austria/the U.S.,inventors,0,Sir Sandford Fleming,inventors::Sir Sandford Fleming lived in Austria/the U.S.,"[1474, 2476, 4146, 4732, 5018, 5408, 6457, 6462]","[""1474:A"", ""2476:A"", ""4146:A"", ""4732:A"", ""5018:A"", ""5408:A"", ""6457:A"", ""6462:A""]",8,8,generated_wrong_object_text_absent_from_source_atomic_metadata
Thomas Tompion lived in Russia.,inventors,0,Thomas Tompion,inventors::Thomas Tompion lived in Russia.,"[275, 308, 885, 945, 1705, 3189, 3196, 4368, 4808, 6364, 6845, 6904, 7008, 7025, 7430, 7923]","[""275:B"", ""308:B"", ""885:B"", ""945:B"", ""1705:B"", ""3189:B"", ""3196:B"", ""4368:B"", ""4808:B"", ""6364:B"", ""6845:B"", ""6904:B"", ""7008:B"", ""7025:B"", ""7430:B"", ""7923:B""]",16,16,generated_wrong_object_text_absent_from_source_atomic_metadata
Vint Cerf lived in Sweden.,inventors,0,Vint Cerf,inventors::Vint Cerf lived in Sweden.,"[274, 1237, 1709, 1870, 4510, 5103, 5458, 6716]","[""274:B"", ""1237:B"", ""1709:B"", ""1870:B"", ""4510:B"", ""5103:B"", ""5458:B"", ""6716:B""]",8,8,generated_wrong_object_text_absent_from_source_atomic_metadata
Wallace Carothers lived in China.,inventors,0,Wallace Carothers,inventors::Wallace Carothers lived in China.,"[487, 562, 1596, 1877, 5453, 6617, 6896, 7029]","[""487:B"", ""562:B"", ""1596:B"", ""1877:B"", ""5453:B"", ""6617:B"", ""6896:B"", ""7029:B""]",8,8,generated_wrong_object_text_absent_from_source_atomic_metadata
Whitcomb Judson lived in Sweden/the U.S.,inventors,0,Whitcomb Judson,inventors::Whitcomb Judson lived in Sweden/the U.S.,"[4, 2239, 2558, 2880, 4277, 5949, 6577, 7543]","[""4:A"", ""2239:A"", ""2558:A"", ""2880:A"", ""4277:A"", ""5949:A"", ""6577:A"", ""7543:A""]",8,8,generated_wrong_object_text_absent_from_source_atomic_metadata
William Congreve lived in Italy.,inventors,0,William Congreve,inventors::William Congreve lived in Italy.,"[385, 1093, 3211, 3502, 4856, 5002, 5407, 7629]","[""385:B"", ""1093:B"", ""3211:B"", ""3502:B"", ""4856:B"", ""5002:B"", ""5407:B"", ""7629:B""]",8,8,generated_wrong_object_text_absent_from_source_atomic_metadata
William Kelly lived in the Soviet Union.,inventors,0,William Kelly,inventors::William Kelly lived in the Soviet Union.,"[1872, 3513, 4388, 4584, 5819, 6120, 6412, 7240]","[""1872:A"", ""3513:A"", ""4388:A"", ""4584:A"", ""5819:A"", ""6120:A"", ""6412:A"", ""7240:A""]",8,8,generated_wrong_object_text_absent_from_source_atomic_metadata
Willis Carrier lived in Switzerland.,inventors,0,Willis Carrier,inventors::Willis Carrier lived in Switzerland.,"[167, 190, 895, 1184, 1426, 1491, 1693, 1809, 1880, 2039, 2824, 2865, 2901, 3301, 3544, 3567, 3649, 3800, 4113, 4268, 4336, 4883, 5186, 5330, 5779, 6269, 7328, 7388, 7420, 7522, 7914, 7989]","[""167:A"", ""190:A"", ""895:A"", ""1184:A"", ""1426:A"", ""1491:A"", ""1693:B"", ""1809:B"", ""1880:A"", ""2039:A"", ""2824:A"", ""2865:A"", ""2901:A"", ""3301:B"", ""3544:B"", ""3567:A"", ""3649:B"", ""3800:A"", ""4113:A"", ""4268:A"", ""4336:A"", ""4883:B"", ""5186:A"", ""5330:A"", ""5779:B"", ""6269:A"", ""7328:A"", ""7388:A"", ""7420:A"", ""7522:A"", ""7914:A"", ""7989:B""]",32,32,generated_wrong_object_text_absent_from_source_atomic_metadata
Yvonne Brill lived in Poland/France.,inventors,0,Yvonne Brill,inventors::Yvonne Brill lived in Poland/France.,"[306, 700, 1942, 3543, 5121, 5561, 7248, 7600]","[""306:A"", ""700:A"", ""1942:A"", ""3543:A"", ""5121:A"", ""5561:A"", ""7248:A"", ""7600:A""]",8,8,generated_wrong_object_text_absent_from_source_atomic_metadata
Édouard-Léon Scott de Martinville lived in Poland/Germany.,inventors,0,Édouard-Léon Scott de Martinville,inventors::Édouard-Léon Scott de Martinville lived in Poland/Germany.,"[16, 523, 758, 3511, 3561, 4873, 6932, 6950]","[""16:A"", ""523:A"", ""758:A"", ""3511:A"", ""3561:A"", ""4873:A"", ""6932:A"", ""6950:A""]",8,8,generated_wrong_object_text_absent_from_source_atomic_metadata
The Spanish word 'abierto' means 'to build'.,sp_en_trans,0,abierto,sp_en_trans::The Spanish word 'abierto' means 'to build'.,"[423, 467, 728, 974, 1033, 1469, 2015, 2180, 2775, 3783, 3843, 4406, 4432, 5263, 6248, 7170]","[""423:A"", ""467:A"", ""728:A"", ""974:A"", ""1033:A"", ""1469:A"", ""2015:A"", ""2180:A"", ""2775:A"", ""3783:A"", ""3843:A"", ""4406:A"", ""4432:A"", ""5263:A"", ""6248:A"", ""7170:A""]",16,16,generated_wrong_object_text_absent_from_source_atomic_metadata
The Spanish word 'abrigo' means 'to eat'.,sp_en_trans,0,abrigo,sp_en_trans::The Spanish word 'abrigo' means 'to eat'.,"[403, 721, 966, 1246, 1845, 2073, 2395, 2746, 3445, 3521, 3812, 3883, 4078, 4200, 4415, 5090, 5283, 5392, 5742, 5880, 6224, 6790, 6897, 6977, 7022, 7048, 7139, 7468, 7499, 7674, 7724, 7747]","[""403:A"", ""721:A"", ""966:B"", ""1246:A"", ""1845:B"", ""2073:B"", ""2395:A"", ""2746:B"", ""3445:A"", ""3521:A"", ""3812:B"", ""3883:B"", ""4078:A"", ""4200:A"", ""4415:A"", ""5090:B"", ""5283:A"", ""5392:A"", ""5742:B"", ""5880:A"", ""6224:B"", ""6790:A"", ""6897:B"", ""6977:B"", ""7022:A"", ""7048:B"", ""7139:B"", ""7468:B"", ""7499:B"", ""7674:B"", ""7724:A"", ""7747:A""]",32,32,generated_wrong_object_text_absent_from_source_atomic_metadata
The Spanish word 'aceite' means 'son'.,sp_en_trans,0,aceite,sp_en_trans::The Spanish word 'aceite' means 'son'.,"[495, 652, 954, 1869, 2318, 3160, 3941, 4930, 5612, 5890, 5899, 5929, 6440, 7432, 7716, 7931]","[""495:B"", ""652:B"", ""954:B"", ""1869:B"", ""2318:B"", ""3160:B"", ""3941:B"", ""4930:B"", ""5612:B"", ""5890:B"", ""5899:B"", ""5929:B"", ""6440:B"", ""7432:B"", ""7716:B"", ""7931:B""]",16,16,generated_wrong_object_text_absent_from_source_atomic_metadata
The Spanish word 'agua' means 'stone'.,sp_en_trans,0,agua,sp_en_trans::The Spanish word 'agua' means 'stone'.,"[902, 955, 4394, 5266, 5373, 6024, 6051, 6706]","[""902:B"", ""955:B"", ""4394:B"", ""5266:B"", ""5373:B"", ""6024:B"", ""6051:B"", ""6706:B""]",8,8,generated_wrong_object_text_absent_from_source_atomic_metadata
The Spanish word 'amigo' means 'enough'.,sp_en_trans,0,amigo,sp_en_trans::The Spanish word 'amigo' means 'enough'.,"[1461, 1561, 3237, 3602, 3608, 4443, 6808, 7354]","[""1461:A"", ""1561:A"", ""3237:A"", ""3602:A"", ""3608:A"", ""4443:A"", ""6808:A"", ""7354:A""]",8,8,generated_wrong_object_text_absent_from_source_atomic_metadata
The Spanish word 'arena' means 'place'.,sp_en_trans,0,arena,sp_en_trans::The Spanish word 'arena' means 'place'.,"[2630, 4039, 4045, 4285, 4893, 6067, 6595, 7750]","[""2630:B"", ""4039:B"", ""4045:B"", ""4285:B"", ""4893:B"", ""6067:B"", ""6595:B"", ""7750:B""]",8,8,generated_wrong_object_text_absent_from_source_atomic_metadata
The Spanish word 'ballena' means 'rose'.,sp_en_trans,0,ballena,sp_en_trans::The Spanish word 'ballena' means 'rose'.,"[556, 1349, 1477, 2689, 4647, 5950, 7418, 7452]","[""556:A"", ""1349:A"", ""1477:A"", ""2689:A"", ""4647:A"", ""5950:A"", ""7418:A"", ""7452:A""]",8,8,generated_wrong_object_text_absent_from_source_atomic_metadata
The Spanish word 'belleza' means 'rabbit'.,sp_en_trans,0,belleza,sp_en_trans::The Spanish word 'belleza' means 'rabbit'.,"[226, 2060, 3232, 3983, 4970, 5531, 7044, 7181]","[""226:B"", ""2060:B"", ""3232:B"", ""3983:B"", ""4970:B"", ""5531:B"", ""7044:B"", ""7181:B""]",8,8,generated_wrong_object_text_absent_from_source_atomic_metadata
The Spanish word 'boca' means 'person'.,sp_en_trans,0,boca,sp_en_trans::The Spanish word 'boca' means 'person'.,"[1142, 2024, 2291, 3433, 6132, 7185, 7563, 7880]","[""1142:A"", ""2024:A"", ""2291:A"", ""3433:A"", ""6132:A"", ""7185:A"", ""7563:A"", ""7880:A""]",8,8,generated_wrong_object_text_absent_from_source_atomic_metadata
The Spanish word 'bosque' means 'force'.,sp_en_trans,0,bosque,sp_en_trans::The Spanish word 'bosque' means 'force'.,"[309, 632, 941, 992, 1829, 5005, 5037, 5135, 5522, 5714, 6095, 6515, 6779, 7257, 7978, 7998]","[""309:B"", ""632:B"", ""941:A"", ""992:A"", ""1829:A"", ""5005:A"", ""5037:B"", ""5135:A"", ""5522:A"", ""5714:B"", ""6095:A"", ""6515:B"", ""6779:B"", ""7257:A"", ""7978:B"", ""7998:B""]",16,16,generated_wrong_object_text_absent_from_source_atomic_metadata
The Spanish word 'brazo' means 'winter'.,sp_en_trans,0,brazo,sp_en_trans::The Spanish word 'brazo' means 'winter'.,"[626, 2009, 2172, 3018, 4220, 5205, 5770, 7070]","[""626:B"", ""2009:B"", ""2172:B"", ""3018:B"", ""4220:B"", ""5205:B"", ""5770:B"", ""7070:B""]",8,8,generated_wrong_object_text_absent_from_source_atomic_metadata
The Spanish word 'bueno' means 'modern'.,sp_en_trans,0,bueno,sp_en_trans::The Spanish word 'bueno' means 'modern'.,"[148, 2104, 2791, 3482, 5161, 5262, 6892, 7577]","[""148:B"", ""2104:B"", ""2791:B"", ""3482:B"", ""5161:B"", ""5262:B"", ""6892:B"", ""7577:B""]",8,8,generated_wrong_object_text_absent_from_source_atomic_metadata
The Spanish word 'cabeza' means 'south'.,sp_en_trans,0,cabeza,sp_en_trans::The Spanish word 'cabeza' means 'south'.,"[468, 816, 1201, 2610, 3281, 3709, 4153, 4408, 4453, 4533, 4963, 5016, 5222, 6868, 7299, 7807]","[""468:A"", ""816:A"", ""1201:A"", ""2610:B"", ""3281:B"", ""3709:A"", ""4153:A"", ""4408:B"", ""4453:B"", ""4533:A"", ""4963:B"", ""5016:A"", ""5222:B"", ""6868:B"", ""7299:A"", ""7807:B""]",16,16,generated_wrong_object_text_absent_from_source_atomic_metadata
The Spanish word 'caer' means 'sun'.,sp_en_trans,0,caer,sp_en_trans::The Spanish word 'caer' means 'sun'.,"[418, 469, 505, 633, 2133, 2359, 2710, 2763, 2786, 3082, 3258, 3860, 4123, 5733, 6557, 6935]","[""418:B"", ""469:B"", ""505:A"", ""633:B"", ""2133:A"", ""2359:A"", ""2710:A"", ""2763:B"", ""2786:A"", ""3082:A"", ""3258:A"", ""3860:B"", ""4123:B"", ""5733:A"", ""6557:B"", ""6935:B""]",16,16,generated_wrong_object_text_absent_from_source_atomic_metadata
The Spanish word 'caliente' means 'corner'.,sp_en_trans,0,caliente,sp_en_trans::The Spanish word 'caliente' means 'corner'.,"[52, 149, 216, 311, 454, 732, 812, 922, 1382, 1739, 2012, 2304, 2589, 2686, 3107, 3577, 3823, 4688, 5000, 5378, 5409, 5598, 6061, 6367, 6632, 6707, 7275, 7333, 7415, 7516, 7874, 7962]","[""52:A"", ""149:A"", ""216:B"", ""311:B"", ""454:B"", ""732:B"", ""812:A"", ""922:A"", ""1382:A"", ""1739:B"", ""2012:A"", ""2304:A"", ""2589:A"", ""2686:B"", ""3107:A"", ""3577:A"", ""3823:A"", ""4688:B"", ""5000:B"", ""5378:B"", ""5409:A"", ""5598:B"", ""6061:A"", ""6367:B"", ""6632:B"", ""6707:B"", ""7275:B"", ""7333:A"", ""7415:A"", ""7516:B"", ""7874:B"", ""7962:A""]",32,32,generated_wrong_object_text_absent_from_source_atomic_metadata
The Spanish word 'caminar' means 'cat'.,sp_en_trans,0,caminar,sp_en_trans::The Spanish word 'caminar' means 'cat'.,"[3339, 3397, 3864, 4019, 4892, 5642, 6209, 7731]","[""3339:A"", ""3397:A"", ""3864:A"", ""4019:A"", ""4892:A"", ""5642:A"", ""6209:A"", ""7731:A""]",8,8,generated_wrong_object_text_absent_from_source_atomic_metadata
The Spanish word 'ciudad' means 'to connect'.,sp_en_trans,0,ciudad,sp_en_trans::The Spanish word 'ciudad' means 'to connect'.,"[734, 1565, 3471, 3996, 5884, 6360, 6738, 7682]","[""734:B"", ""1565:B"", ""3471:B"", ""3996:B"", ""5884:B"", ""6360:B"", ""6738:B"", ""7682:B""]",8,8,generated_wrong_object_text_absent_from_source_atomic_metadata
The Spanish word 'clase' means 'twenty'.,sp_en_trans,0,clase,sp_en_trans::The Spanish word 'clase' means 'twenty'.,"[309, 504, 632, 792, 1121, 1272, 2108, 2729, 2993, 3694, 5037, 5853, 7331, 7715, 7976, 7998]","[""309:A"", ""504:B"", ""632:A"", ""792:B"", ""1121:B"", ""1272:A"", ""2108:B"", ""2729:A"", ""2993:A"", ""3694:B"", ""5037:A"", ""5853:B"", ""7331:B"", ""7715:A"", ""7976:B"", ""7998:A""]",16,16,generated_wrong_object_text_absent_from_source_atomic_metadata
The Spanish word 'coche' means 'month'.,sp_en_trans,0,coche,sp_en_trans::The Spanish word 'coche' means 'month'.,"[194, 536, 1001, 4020, 4092, 5439, 5462, 7764]","[""194:A"", ""536:A"", ""1001:A"", ""4020:A"", ""4092:A"", ""5439:A"", ""5462:A"", ""7764:A""]",8,8,generated_wrong_object_text_absent_from_source_atomic_metadata
The Spanish word 'comer' means 'clock'.,sp_en_trans,0,comer,sp_en_trans::The Spanish word 'comer' means 'clock'.,"[964, 1744, 3733, 3991, 4661, 6135, 6887, 7653]","[""964:B"", ""1744:B"", ""3733:B"", ""3991:B"", ""4661:B"", ""6135:B"", ""6887:B"", ""7653:B""]",8,8,generated_wrong_object_text_absent_from_source_atomic_metadata
The Spanish word 'concha' means 'giraffe'.,sp_en_trans,0,concha,sp_en_trans::The Spanish word 'concha' means 'giraffe'.,"[171, 263, 2300, 3463, 4629, 6098, 6635, 7963]","[""171:B"", ""263:B"", ""2300:B"", ""3463:B"", ""4629:B"", ""6098:B"", ""6635:B"", ""7963:B""]",8,8,generated_wrong_object_text_absent_from_source_atomic_metadata
The Spanish word 'conectar' means 'to sell'.,sp_en_trans,0,conectar,sp_en_trans::The Spanish word 'conectar' means 'to sell'.,"[216, 792, 1048, 3408, 4034, 5261, 5378, 5447, 5853, 6006, 6282, 6632, 6707, 7198, 7331, 7976]","[""216:A"", ""792:A"", ""1048:A"", ""3408:A"", ""4034:A"", ""5261:A"", ""5378:A"", ""5447:A"", ""5853:A"", ""6006:A"", ""6282:A"", ""6632:A"", ""6707:A"", ""7198:A"", ""7331:A"", ""7976:A""]",16,16,generated_wrong_object_text_absent_from_source_atomic_metadata
The Spanish word 'conejo' means 'to save'.,sp_en_trans,0,conejo,sp_en_trans::The Spanish word 'conejo' means 'to save'.,"[326, 3085, 3644, 4703, 5265, 5305, 7019, 7477]","[""326:A"", ""3085:A"", ""3644:A"", ""4703:A"", ""5265:A"", ""5305:A"", ""7019:A"", ""7477:A""]",8,8,generated_wrong_object_text_absent_from_source_atomic_metadata
The Spanish word 'construir' means 'to swim'.,sp_en_trans,0,construir,sp_en_trans::The Spanish word 'construir' means 'to swim'.,"[2378, 2875, 3149, 3928, 4323, 6668, 7127, 7136]","[""2378:B"", ""2875:B"", ""3149:B"", ""3928:B"", ""4323:B"", ""6668:B"", ""7127:B"", ""7136:B""]",8,8,generated_wrong_object_text_absent_from_source_atomic_metadata
The Spanish word 'delgado' means 'history'.,sp_en_trans,0,delgado,sp_en_trans::The Spanish word 'delgado' means 'history'.,"[943, 2439, 3758, 4913, 5069, 5085, 5179, 5264]","[""943:A"", ""2439:A"", ""3758:A"", ""4913:A"", ""5069:A"", ""5085:A"", ""5179:A"", ""5264:A""]",8,8,generated_wrong_object_text_absent_from_source_atomic_metadata
The Spanish word 'desarrollar' means 'sand'.,sp_en_trans,0,desarrollar,sp_en_trans::The Spanish word 'desarrollar' means 'sand'.,"[87, 305, 342, 728, 946, 1004, 1156, 1304, 1468, 1469, 1703, 2103, 2168, 2180, 2575, 2634, 2656, 2825, 3310, 3843, 4059, 4189, 4646, 4858, 5557, 5651, 5832, 6166, 6901, 6925, 7262, 7700]","[""87:A"", ""305:B"", ""342:B"", ""728:B"", ""946:A"", ""1004:A"", ""1156:B"", ""1304:A"", ""1468:A"", ""1469:B"", ""1703:B"", ""2103:B"", ""2168:A"", ""2180:B"", ""2575:A"", ""2634:B"", ""2656:A"", ""2825:A"", ""3310:A"", ""3843:B"", ""4059:B"", ""4189:B"", ""4646:A"", ""4858:A"", ""5557:B"", ""5651:A"", ""5832:B"", ""6166:A"", ""6901:B"", ""6925:A"", ""7262:A"", ""7700:B""]",32,32,generated_wrong_object_text_absent_from_source_atomic_metadata
The Spanish word 'ejemplo' means 'to see'.,sp_en_trans,0,ejemplo,sp_en_trans::The Spanish word 'ejemplo' means 'to see'.,"[296, 1323, 2073, 2178, 2322, 2746, 3185, 3851, 3873, 5782, 6027, 6263, 7048, 7499, 7879, 7901]","[""296:B"", ""1323:B"", ""2073:A"", ""2178:B"", ""2322:B"", ""2746:A"", ""3185:B"", ""3851:A"", ""3873:A"", ""5782:B"", ""6027:A"", ""6263:A"", ""7048:A"", ""7499:A"", ""7879:B"", ""7901:B""]",16,16,generated_wrong_object_text_absent_from_source_atomic_metadata
The Spanish word 'elegir' means 'to connect'.,sp_en_trans,0,elegir,sp_en_trans::The Spanish word 'elegir' means 'to connect'.,"[1882, 1994, 2372, 2744, 4192, 4875, 5478, 5985]","[""1882:A"", ""1994:A"", ""2372:A"", ""2744:A"", ""4192:A"", ""4875:A"", ""5478:A"", ""5985:A""]",8,8,generated_wrong_object_text_absent_from_source_atomic_metadata
The Spanish word 'enemigo' means 'thin'.,sp_en_trans,0,enemigo,sp_en_trans::The Spanish word 'enemigo' means 'thin'.,"[984, 2740, 3974, 4832, 5667, 6430, 7565, 7695]","[""984:B"", ""2740:B"", ""3974:B"", ""4832:B"", ""5667:B"", ""6430:B"", ""7565:B"", ""7695:B""]",8,8,generated_wrong_object_text_absent_from_source_atomic_metadata
The Spanish word 'enviar' means 'city'.,sp_en_trans,0,enviar,sp_en_trans::The Spanish word 'enviar' means 'city'.,"[29, 213, 418, 633, 634, 1688, 2763, 3175, 3860, 4156, 4427, 4956, 6077, 6748, 7047, 7910]","[""29:B"", ""213:A"", ""418:A"", ""633:A"", ""634:A"", ""1688:B"", ""2763:A"", ""3175:A"", ""3860:A"", ""4156:A"", ""4427:B"", ""4956:B"", ""6077:B"", ""6748:B"", ""7047:B"", ""7910:B""]",16,16,generated_wrong_object_text_absent_from_source_atomic_metadata
The Spanish word 'escribir' means 'to die'.,sp_en_trans,0,escribir,sp_en_trans::The Spanish word 'escribir' means 'to die'.,"[747, 1020, 1561, 3602, 3608, 5001, 6808, 7973]","[""747:B"", ""1020:B"", ""1561:B"", ""3602:B"", ""3608:B"", ""5001:B"", ""6808:B"", ""7973:B""]",8,8,generated_wrong_object_text_absent_from_source_atomic_metadata
The Spanish word 'escuela' means 'red'.,sp_en_trans,0,escuela,sp_en_trans::The Spanish word 'escuela' means 'red'.,"[87, 2115, 2656, 2767, 2920, 3310, 4858, 7977]","[""87:B"", ""2115:B"", ""2656:B"", ""2767:B"", ""2920:B"", ""3310:B"", ""4858:B"", ""7977:B""]",8,8,generated_wrong_object_text_absent_from_source_atomic_metadata
The Spanish word 'esposa' means 'list'.,sp_en_trans,0,esposa,sp_en_trans::The Spanish word 'esposa' means 'list'.,"[984, 2475, 3974, 4433, 4910, 5667, 6261, 6430]","[""984:A"", ""2475:A"", ""3974:A"", ""4433:A"", ""4910:A"", ""5667:A"", ""6261:A"", ""6430:A""]",8,8,generated_wrong_object_text_absent_from_source_atomic_metadata
The Spanish word 'esquina' means 'person'.,sp_en_trans,0,esquina,sp_en_trans::The Spanish word 'esquina' means 'person'.,"[600, 1198, 3026, 4016, 5127, 5629, 6270, 6686]","[""600:B"", ""1198:B"", ""3026:B"", ""4016:B"", ""5127:B"", ""5629:B"", ""6270:B"", ""6686:B""]",8,8,generated_wrong_object_text_absent_from_source_atomic_metadata
The Spanish word 'familia' means 'dog'.,sp_en_trans,0,familia,sp_en_trans::The Spanish word 'familia' means 'dog'.,"[557, 938, 1317, 1321, 1878, 1931, 2107, 2353, 2442, 2554, 2709, 2851, 2984, 3462, 3522, 4001, 4249, 5308, 6059, 6290, 6551, 6634, 6818, 6890]","[""557:A"", ""938:A"", ""1317:A"", ""1321:B"", ""1878:A"", ""1931:A"", ""2107:A"", ""2353:A"", ""2442:A"", ""2554:B"", ""2709:A"", ""2851:A"", ""2984:B"", ""3462:A"", ""3522:A"", ""4001:A"", ""4249:A"", ""5308:A"", ""6059:B"", ""6290:A"", ""6551:B"", ""6634:B"", ""6818:B"", ""6890:B""]",24,24,generated_wrong_object_text_absent_from_source_atomic_metadata
The Spanish word 'fuego' means 'woman'.,sp_en_trans,0,fuego,sp_en_trans::The Spanish word 'fuego' means 'woman'.,"[149, 485, 1436, 2012, 2741, 2858, 3577, 3823, 4114, 4175, 4331, 5877, 5948, 5994, 6941, 7521]","[""149:B"", ""485:B"", ""1436:A"", ""2012:B"", ""2741:B"", ""2858:A"", ""3577:B"", ""3823:B"", ""4114:A"", ""4175:B"", ""4331:A"", ""5877:A"", ""5948:A"", ""5994:A"", ""6941:A"", ""7521:B""]",16,16,generated_wrong_object_text_absent_from_source_atomic_metadata
The Spanish word 'fuerza' means 'voice'.,sp_en_trans,0,fuerza,sp_en_trans::The Spanish word 'fuerza' means 'voice'.,"[914, 1087, 1422, 2113, 4677, 4992, 7775, 7922]","[""914:A"", ""1087:A"", ""1422:A"", ""2113:A"", ""4677:A"", ""4992:A"", ""7775:A"", ""7922:A""]",8,8,generated_wrong_object_text_absent_from_source_atomic_metadata
The Spanish word 'gato' means 'to fall'.,sp_en_trans,0,gato,sp_en_trans::The Spanish word 'gato' means 'to fall'.,"[293, 296, 1186, 2094, 2102, 2534, 2795, 3185, 3989, 5053, 5226, 5291, 5601, 6250, 7879, 7901]","[""293:B"", ""296:A"", ""1186:B"", ""2094:B"", ""2102:A"", ""2534:B"", ""2795:B"", ""3185:A"", ""3989:A"", ""5053:A"", ""5226:B"", ""5291:A"", ""5601:B"", ""6250:B"", ""7879:A"", ""7901:A""]",16,16,generated_wrong_object_text_absent_from_source_atomic_metadata
The Spanish word 'grupo' means 'wave'.,sp_en_trans,0,grupo,sp_en_trans::The Spanish word 'grupo' means 'wave'.,"[823, 871, 975, 1318, 2025, 2979, 3003, 3430, 4548, 5188, 5663, 6342, 6409, 6895, 7142, 7270]","[""823:A"", ""871:B"", ""975:B"", ""1318:B"", ""2025:A"", ""2979:B"", ""3003:A"", ""3430:A"", ""4548:B"", ""5188:A"", ""5663:B"", ""6342:A"", ""6409:B"", ""6895:A"", ""7142:A"", ""7270:B""]",16,16,generated_wrong_object_text_absent_from_source_atomic_metadata
The Spanish word 'guardar' means 'to pass'.,sp_en_trans,0,guardar,sp_en_trans::The Spanish word 'guardar' means 'to pass'.,"[557, 588, 974, 1033, 1317, 1322, 2015, 2432, 3411, 3484, 3715, 3796, 4001, 4042, 4158, 4406, 4488, 4925, 6290, 6348, 6358, 6417, 6571, 6948]","[""557:B"", ""588:B"", ""974:B"", ""1033:B"", ""1317:B"", ""1322:B"", ""2015:B"", ""2432:B"", ""3411:B"", ""3484:B"", ""3715:B"", ""3796:B"", ""4001:B"", ""4042:B"", ""4158:B"", ""4406:B"", ""4488:B"", ""4925:B"", ""6290:B"", ""6348:B"", ""6358:B"", ""6417:B"", ""6571:B"", ""6948:B""]",24,24,generated_wrong_object_text_absent_from_source_atomic_metadata
The Spanish word 'hablar' means 'dictionary'.,sp_en_trans,0,hablar,sp_en_trans::The Spanish word 'hablar' means 'dictionary'.,"[122, 1730, 1771, 1963, 2734, 3143, 6637, 7579]","[""122:A"", ""1730:A"", ""1771:A"", ""1963:A"", ""2734:A"", ""3143:A"", ""6637:A"", ""7579:A""]",8,8,generated_wrong_object_text_absent_from_source_atomic_metadata
The Spanish word 'hermana' means 'ten'.,sp_en_trans,0,hermana,sp_en_trans::The Spanish word 'hermana' means 'ten'.,"[208, 696, 1960, 3274, 3353, 3682, 3886, 4482, 4849, 5024, 5966, 6208, 6541, 7007, 7018, 7368]","[""208:B"", ""696:A"", ""1960:B"", ""3274:B"", ""3353:A"", ""3682:B"", ""3886:B"", ""4482:A"", ""4849:B"", ""5024:A"", ""5966:A"", ""6208:A"", ""6541:A"", ""7007:A"", ""7018:B"", ""7368:B""]",16,16,generated_wrong_object_text_absent_from_source_atomic_metadata
The Spanish word 'hielo' means 'life'.,sp_en_trans,0,hielo,sp_en_trans::The Spanish word 'hielo' means 'life'.,"[124, 2031, 3130, 3720, 4098, 4503, 5487, 6608]","[""124:A"", ""2031:A"", ""3130:A"", ""3720:A"", ""4098:A"", ""4503:A"", ""5487:A"", ""6608:A""]",8,8,generated_wrong_object_text_absent_from_source_atomic_metadata
The Spanish word 'higo' means 'nothing'.,sp_en_trans,0,higo,sp_en_trans::The Spanish word 'higo' means 'nothing'.,"[1, 297, 470, 841, 1622, 1696, 1973, 2154, 2645, 3517, 3590, 3606, 3683, 5034, 5294, 5666, 5788, 6013, 6082, 6131, 6600, 7494, 7942, 7971]","[""1:A"", ""297:B"", ""470:B"", ""841:B"", ""1622:B"", ""1696:B"", ""1973:B"", ""2154:B"", ""2645:B"", ""3517:A"", ""3590:A"", ""3606:B"", ""3683:B"", ""5034:B"", ""5294:B"", ""5666:B"", ""5788:A"", ""6013:A"", ""6082:B"", ""6131:A"", ""6600:A"", ""7494:A"", ""7942:B"", ""7971:B""]",24,24,generated_wrong_object_text_absent_from_source_atomic_metadata
The Spanish word 'hijo' means 'cook'.,sp_en_trans,0,hijo,sp_en_trans::The Spanish word 'hijo' means 'cook'.,"[711, 820, 1071, 1400, 1533, 2439, 2664, 3135, 3547, 3758, 3885, 4913, 5055, 5264, 5684, 6118]","[""711:B"", ""820:A"", ""1071:A"", ""1400:A"", ""1533:A"", ""2439:B"", ""2664:B"", ""3135:A"", ""3547:B"", ""3758:B"", ""3885:B"", ""4913:B"", ""5055:A"", ""5264:B"", ""5684:A"", ""6118:A""]",16,16,generated_wrong_object_text_absent_from_source_atomic_metadata
The Spanish word 'historia' means 'stone'.,sp_en_trans,0,historia,sp_en_trans::The Spanish word 'historia' means 'stone'.,"[148, 321, 591, 1485, 2104, 2250, 2787, 2791, 3479, 4278, 5285, 5549, 5671, 6308, 7071, 7577]","[""148:A"", ""321:A"", ""591:A"", ""1485:B"", ""2104:A"", ""2250:B"", ""2787:B"", ""2791:A"", ""3479:B"", ""4278:A"", ""5285:B"", ""5549:B"", ""5671:B"", ""6308:A"", ""7071:B"", ""7577:A""]",16,16,generated_wrong_object_text_absent_from_source_atomic_metadata
The Spanish word 'hola' means 'train'.,sp_en_trans,0,hola,sp_en_trans::The Spanish word 'hola' means 'train'.,"[949, 1063, 2166, 3271, 3328, 3753, 4039, 4045, 4075, 4558, 5227, 5488, 5550, 6247, 6595, 7750]","[""949:B"", ""1063:B"", ""2166:A"", ""3271:B"", ""3328:B"", ""3753:B"", ""4039:A"", ""4045:A"", ""4075:A"", ""4558:B"", ""5227:A"", ""5488:A"", ""5550:B"", ""6247:B"", ""6595:A"", ""7750:A""]",16,16,generated_wrong_object_text_absent_from_source_atomic_metadata
The Spanish word 'hombro' means 'map'.,sp_en_trans,0,hombro,sp_en_trans::The Spanish word 'hombro' means 'map'.,"[29, 253, 935, 1247, 1293, 2539, 3041, 4427, 4526, 4956, 5322, 5424, 5518, 6077, 6183, 6751]","[""29:A"", ""253:A"", ""935:A"", ""1247:A"", ""1293:A"", ""2539:A"", ""3041:A"", ""4427:A"", ""4526:A"", ""4956:A"", ""5322:A"", ""5424:A"", ""5518:A"", ""6077:A"", ""6183:A"", ""6751:A""]",16,16,generated_wrong_object_text_absent_from_source_atomic_metadata
The Spanish word 'hueso' means 'to eat'.,sp_en_trans,0,hueso,sp_en_trans::The Spanish word 'hueso' means 'to eat'.,"[195, 536, 777, 851, 924, 1001, 1134, 1222, 1262, 1576, 2521, 3027, 4020, 4919, 5462, 6304, 6389, 6880, 6952, 6972, 7356, 7566, 7732, 7856]","[""195:B"", ""536:B"", ""777:A"", ""851:B"", ""924:A"", ""1001:B"", ""1134:A"", ""1222:A"", ""1262:B"", ""1576:A"", ""2521:A"", ""3027:A"", ""4020:B"", ""4919:B"", ""5462:B"", ""6304:B"", ""6389:B"", ""6880:A"", ""6952:B"", ""6972:B"", ""7356:B"", ""7566:B"", ""7732:B"", ""7856:B""]",24,24,generated_wrong_object_text_absent_from_source_atomic_metadata
The Spanish word 'huevo' means 'sister'.,sp_en_trans,0,huevo,sp_en_trans::The Spanish word 'huevo' means 'sister'.,"[24, 208, 727, 941, 1727, 1829, 2349, 2590, 3274, 3434, 4849, 5005, 6687, 6849, 7018, 7257]","[""24:B"", ""208:A"", ""727:A"", ""941:B"", ""1727:A"", ""1829:B"", ""2349:B"", ""2590:B"", ""3274:A"", ""3434:A"", ""4849:A"", ""5005:B"", ""6687:A"", ""6849:B"", ""7018:A"", ""7257:B""]",16,16,generated_wrong_object_text_absent_from_source_atomic_metadata
The Spanish word 'imaginar' means 'star'.,sp_en_trans,0,imaginar,sp_en_trans::The Spanish word 'imaginar' means 'star'.,"[0, 585, 740, 864, 908, 1009, 1361, 1655, 2105, 2155, 2293, 2458, 2524, 3081, 3325, 3528, 3733, 3948, 4109, 4202, 4241, 4553, 4748, 4776, 4850, 4965, 5672, 5875, 6063, 6069, 6135, 6380, 6472, 6612, 6695, 6712, 6720, 6887, 7653, 7855]","[""0:B"", ""585:B"", ""740:A"", ""864:A"", ""908:A"", ""1009:B"", ""1361:B"", ""1655:B"", ""2105:B"", ""2155:A"", ""2293:A"", ""2458:A"", ""2524:B"", ""3081:B"", ""3325:A"", ""3528:B"", ""3733:A"", ""3948:B"", ""4109:A"", ""4202:B"", ""4241:B"", ""4553:B"", ""4748:B"", ""4776:B"", ""4850:B"", ""4965:B"", ""5672:B"", ""5875:A"", ""6063:B"", ""6069:A"", ""6135:A"", ""6380:B"", ""6472:B"", ""6612:B"", ""6695:B"", ""6712:A"", ""6720:A"", ""6887:A"", ""7653:A"", ""7855:B""]",40,40,generated_wrong_object_text_absent_from_source_atomic_metadata
The Spanish word 'invierno' means 'family'.,sp_en_trans,0,invierno,sp_en_trans::The Spanish word 'invierno' means 'family'.,"[47, 338, 820, 833, 852, 940, 1071, 1400, 1836, 2327, 2473, 3079, 3135, 3642, 3863, 3924, 4577, 5143, 5168, 5625, 5654, 6205, 6589, 6936, 7045, 7150, 7161, 7345, 7378, 7723, 7769, 7900]","[""47:A"", ""338:A"", ""820:B"", ""833:A"", ""852:B"", ""940:A"", ""1071:B"", ""1400:B"", ""1836:B"", ""2327:A"", ""2473:B"", ""3079:A"", ""3135:B"", ""3642:B"", ""3863:B"", ""3924:A"", ""4577:B"", ""5143:A"", ""5168:B"", ""5625:B"", ""5654:A"", ""6205:A"", ""6589:B"", ""6936:B"", ""7045:B"", ""7150:A"", ""7161:A"", ""7345:A"", ""7378:A"", ""7723:A"", ""7769:B"", ""7900:A""]",32,32,generated_wrong_object_text_absent_from_source_atomic_metadata
The Spanish word 'isla' means 'seed'.,sp_en_trans,0,isla,sp_en_trans::The Spanish word 'isla' means 'seed'.,"[1530, 1568, 2229, 3308, 3889, 5562, 7269, 7371]","[""1530:B"", ""1568:B"", ""2229:B"", ""3308:B"", ""3889:B"", ""5562:B"", ""7269:B"", ""7371:B""]",8,8,generated_wrong_object_text_absent_from_source_atomic_metadata
The Spanish word 'jirafa' means 'to send'.,sp_en_trans,0,jirafa,sp_en_trans::The Spanish word 'jirafa' means 'to send'.,"[108, 626, 948, 2009, 2582, 4220, 5205, 6648]","[""108:A"", ""626:A"", ""948:A"", ""2009:A"", ""2582:A"", ""4220:A"", ""5205:A"", ""6648:A""]",8,8,generated_wrong_object_text_absent_from_source_atomic_metadata
The Spanish word 'jugar' means 'leg'.,sp_en_trans,0,jugar,sp_en_trans::The Spanish word 'jugar' means 'leg'.,"[2191, 2378, 2875, 3928, 4184, 4795, 7136, 7348]","[""2191:A"", ""2378:A"", ""2875:A"", ""3928:A"", ""4184:A"", ""4795:A"", ""7136:A"", ""7348:A""]",8,8,generated_wrong_object_text_absent_from_source_atomic_metadata
The Spanish word 'lanzar' means 'sea'.,sp_en_trans,0,lanzar,sp_en_trans::The Spanish word 'lanzar' means 'sea'.,"[43, 783, 828, 1313, 4933, 6780, 6882, 7806]","[""43:A"", ""783:A"", ""828:A"", ""1313:A"", ""4933:A"", ""6780:A"", ""6882:A"", ""7806:A""]",8,8,generated_wrong_object_text_absent_from_source_atomic_metadata
The Spanish word 'leer' means 'skin'.,sp_en_trans,0,leer,sp_en_trans::The Spanish word 'leer' means 'skin'.,"[449, 497, 1084, 1120, 1948, 3227, 4005, 4644, 5319, 5577, 5692, 6569, 6862, 6976, 7422, 7884]","[""449:B"", ""497:B"", ""1084:B"", ""1120:B"", ""1948:B"", ""3227:B"", ""4005:B"", ""4644:B"", ""5319:B"", ""5577:B"", ""5692:B"", ""6569:B"", ""6862:B"", ""6976:B"", ""7422:B"", ""7884:B""]",16,16,generated_wrong_object_text_absent_from_source_atomic_metadata
The Spanish word 'lento' means 'cook'.,sp_en_trans,0,lento,sp_en_trans::The Spanish word 'lento' means 'cook'.,"[19, 77, 116, 316, 921, 1183, 2353, 2711, 3281, 3455, 3462, 3689, 3835, 4249, 4574, 4694, 4963, 5308, 5825, 6868, 7063, 7165, 7308, 7807]","[""19:A"", ""77:B"", ""116:B"", ""316:B"", ""921:A"", ""1183:B"", ""2353:B"", ""2711:B"", ""3281:A"", ""3455:B"", ""3462:B"", ""3689:A"", ""3835:B"", ""4249:B"", ""4574:B"", ""4694:B"", ""4963:A"", ""5308:B"", ""5825:B"", ""6868:A"", ""7063:A"", ""7165:B"", ""7308:B"", ""7807:A""]",24,24,generated_wrong_object_text_absent_from_source_atomic_metadata
The Spanish word 'libre' means 'soldier'.,sp_en_trans,0,libre,sp_en_trans::The Spanish word 'libre' means 'soldier'.,"[1299, 1869, 3262, 4888, 4930, 5307, 5899, 6440]","[""1299:A"", ""1869:A"", ""3262:A"", ""4888:A"", ""4930:A"", ""5307:A"", ""5899:A"", ""6440:A""]",8,8,generated_wrong_object_text_absent_from_source_atomic_metadata
The Spanish word 'lista' means 'voice'.,sp_en_trans,0,lista,sp_en_trans::The Spanish word 'lista' means 'voice'.,"[909, 1116, 1201, 1253, 2352, 3709, 4533, 7299]","[""909:B"", ""1116:B"", ""1201:B"", ""1253:B"", ""2352:B"", ""3709:B"", ""4533:B"", ""7299:B""]",8,8,generated_wrong_object_text_absent_from_source_atomic_metadata
The Spanish word 'lugar' means 'iron'.,sp_en_trans,0,lugar,sp_en_trans::The Spanish word 'lugar' means 'iron'.,"[1810, 2541, 4561, 4618, 4764, 6982, 6989, 7904]","[""1810:B"", ""2541:B"", ""4561:B"", ""4618:B"", ""4764:B"", ""6982:B"", ""6989:B"", ""7904:B""]",8,8,generated_wrong_object_text_absent_from_source_atomic_metadata
The Spanish word 'madre' means 'neighbor'.,sp_en_trans,0,madre,sp_en_trans::The Spanish word 'madre' means 'neighbor'.,"[574, 856, 1365, 1422, 3501, 3532, 3777, 3841, 4308, 4365, 4641, 4677, 4992, 5655, 7108, 7775]","[""574:A"", ""856:A"", ""1365:A"", ""1422:B"", ""3501:A"", ""3532:A"", ""3777:B"", ""3841:A"", ""4308:A"", ""4365:B"", ""4641:A"", ""4677:B"", ""4992:B"", ""5655:B"", ""7108:B"", ""7775:B""]",16,16,generated_wrong_object_text_absent_from_source_atomic_metadata
The Spanish word 'mapa' means 'to swim'.,sp_en_trans,0,mapa,sp_en_trans::The Spanish word 'mapa' means 'to swim'.,"[531, 1365, 1767, 1842, 3501, 3749, 3841, 3919, 4004, 4023, 4462, 4641, 5918, 6558, 6910, 7853]","[""531:B"", ""1365:B"", ""1767:B"", ""1842:B"", ""3501:B"", ""3749:B"", ""3841:B"", ""3919:B"", ""4004:B"", ""4023:B"", ""4462:B"", ""4641:B"", ""5918:B"", ""6558:B"", ""6910:B"", ""7853:B""]",16,16,generated_wrong_object_text_absent_from_source_atomic_metadata
The Spanish word 'mar' means 'to save'.,sp_en_trans,0,mar,sp_en_trans::The Spanish word 'mar' means 'to save'.,"[47, 940, 1417, 1471, 2403, 3243, 3466, 3488, 4940, 5559, 5654, 5973, 7205, 7509, 7723, 7913]","[""47:B"", ""940:B"", ""1417:B"", ""1471:A"", ""2403:B"", ""3243:A"", ""3466:A"", ""3488:A"", ""4940:A"", ""5559:B"", ""5654:B"", ""5973:A"", ""7205:B"", ""7509:A"", ""7723:B"", ""7913:A""]",16,16,generated_wrong_object_text_absent_from_source_atomic_metadata
The Spanish word 'mes' means 'first'.,sp_en_trans,0,mes,sp_en_trans::The Spanish word 'mes' means 'first'.,"[1063, 3271, 4558, 4780, 5192, 5550, 6127, 6232]","[""1063:A"", ""3271:A"", ""4558:A"", ""4780:A"", ""5192:A"", ""5550:A"", ""6127:A"", ""6232:A""]",8,8,generated_wrong_object_text_absent_from_source_atomic_metadata
The Spanish word 'mezclar' means 'ice'.,sp_en_trans,0,mezclar,sp_en_trans::The Spanish word 'mezclar' means 'ice'.,"[900, 1881, 2939, 5137, 5150, 5527, 5553, 5572]","[""900:B"", ""1881:B"", ""2939:B"", ""5137:B"", ""5150:B"", ""5527:B"", ""5553:B"", ""5572:B""]",8,8,generated_wrong_object_text_absent_from_source_atomic_metadata
The Spanish word 'miedo' means 'son'.,sp_en_trans,0,miedo,sp_en_trans::The Spanish word 'miedo' means 'son'.,"[520, 1851, 2118, 2473, 2542, 2598, 2903, 3071, 3323, 3642, 4353, 4976, 5625, 6237, 6936, 7622]","[""520:B"", ""1851:B"", ""2118:B"", ""2473:A"", ""2542:A"", ""2598:B"", ""2903:A"", ""3071:B"", ""3323:A"", ""3642:A"", ""4353:B"", ""4976:B"", ""5625:A"", ""6237:A"", ""6936:A"", ""7622:B""]",16,16,generated_wrong_object_text_absent_from_source_atomic_metadata
The Spanish word 'moderno' means 'now'.,sp_en_trans,0,moderno,sp_en_trans::The Spanish word 'moderno' means 'now'.,"[541, 1035, 2561, 3457, 3735, 4243, 4256, 6292]","[""541:A"", ""1035:A"", ""2561:A"", ""3457:A"", ""3735:A"", ""4243:A"", ""4256:A"", ""6292:A""]",8,8,generated_wrong_object_text_absent_from_source_atomic_metadata
The Spanish word 'morir' means 'problem'.,sp_en_trans,0,morir,sp_en_trans::The Spanish word 'morir' means 'problem'.,"[777, 883, 994, 1134, 1454, 1985, 2428, 3027, 4934, 5753, 6146, 6408, 6580, 6673, 6880, 7999]","[""777:B"", ""883:B"", ""994:B"", ""1134:B"", ""1454:B"", ""1985:B"", ""2428:B"", ""3027:B"", ""4934:B"", ""5753:B"", ""6146:B"", ""6408:B"", ""6580:B"", ""6673:B"", ""6880:B"", ""7999:B""]",16,16,generated_wrong_object_text_absent_from_source_atomic_metadata
The Spanish word 'mujer' means 'enough'.,sp_en_trans,0,mujer,sp_en_trans::The Spanish word 'mujer' means 'enough'.,"[130, 195, 351, 851, 994, 1262, 1454, 1518, 2173, 2576, 3468, 4560, 5181, 6304, 6673, 7999]","[""130:A"", ""195:A"", ""351:A"", ""851:A"", ""994:A"", ""1262:A"", ""1454:A"", ""1518:A"", ""2173:A"", ""2576:A"", ""3468:A"", ""4560:A"", ""5181:A"", ""6304:A"", ""6673:A"", ""7999:A""]",16,16,generated_wrong_object_text_absent_from_source_atomic_metadata
The Spanish word 'nada' means 'enemy'.,sp_en_trans,0,nada,sp_en_trans::The Spanish word 'nada' means 'enemy'.,"[583, 986, 1554, 2788, 4301, 5454, 6287, 6900]","[""583:B"", ""986:B"", ""1554:B"", ""2788:B"", ""4301:B"", ""5454:B"", ""6287:B"", ""6900:B""]",8,8,generated_wrong_object_text_absent_from_source_atomic_metadata
The Spanish word 'negro' means 'all'.,sp_en_trans,0,negro,sp_en_trans::The Spanish word 'negro' means 'all'.,"[367, 610, 2831, 2919, 3449, 4063, 4394, 4603, 4774, 4876, 5266, 5373, 6441, 6706, 7317, 7947]","[""367:A"", ""610:A"", ""2831:A"", ""2919:A"", ""3449:A"", ""4063:A"", ""4394:A"", ""4603:A"", ""4774:A"", ""4876:A"", ""5266:A"", ""5373:A"", ""6441:A"", ""6706:A"", ""7317:A"", ""7947:A""]",16,16,generated_wrong_object_text_absent_from_source_atomic_metadata
The Spanish word 'noche' means 'to write'.,sp_en_trans,0,noche,sp_en_trans::The Spanish word 'noche' means 'to write'.,"[196, 425, 1686, 3597, 4507, 4625, 5962, 6413]","[""196:B"", ""425:B"", ""1686:B"", ""3597:B"", ""4507:B"", ""4625:B"", ""5962:B"", ""6413:B""]",8,8,generated_wrong_object_text_absent_from_source_atomic_metadata
The Spanish word 'nombre' means 'water'.,sp_en_trans,0,nombre,sp_en_trans::The Spanish word 'nombre' means 'water'.,"[2919, 3825, 4063, 4425, 4774, 5480, 6844, 7317]","[""2919:B"", ""3825:B"", ""4063:B"", ""4425:B"", ""4774:B"", ""5480:B"", ""6844:B"", ""7317:B""]",8,8,generated_wrong_object_text_absent_from_source_atomic_metadata
The Spanish word 'nuevo' means 'to think'.,sp_en_trans,0,nuevo,sp_en_trans::The Spanish word 'nuevo' means 'to think'.,"[705, 1590, 3397, 4892, 5332, 6209, 7644, 7731]","[""705:B"", ""1590:B"", ""3397:B"", ""4892:B"", ""5332:B"", ""6209:B"", ""7644:B"", ""7731:B""]",8,8,generated_wrong_object_text_absent_from_source_atomic_metadata
The Spanish word 'ocupado' means 'to draw'.,sp_en_trans,0,ocupado,sp_en_trans::The Spanish word 'ocupado' means 'to draw'.,"[61, 875, 2545, 3041, 4526, 5322, 5518, 6458]","[""61:B"", ""875:B"", ""2545:B"", ""3041:B"", ""4526:B"", ""5322:B"", ""5518:B"", ""6458:B""]",8,8,generated_wrong_object_text_absent_from_source_atomic_metadata
The Spanish word 'oferta' means 'open'.,sp_en_trans,0,oferta,sp_en_trans::The Spanish word 'oferta' means 'open'.,"[131, 350, 364, 491, 899, 1088, 2213, 2497, 2908, 2968, 3014, 3251, 3343, 3483, 3838, 4100, 4344, 5472, 5738, 6025, 6233, 6783, 7140, 7763]","[""131:B"", ""350:B"", ""364:B"", ""491:B"", ""899:B"", ""1088:B"", ""2213:B"", ""2497:B"", ""2908:B"", ""2968:B"", ""3014:B"", ""3251:B"", ""3343:B"", ""3483:B"", ""3838:B"", ""4100:B"", ""4344:B"", ""5472:B"", ""5738:B"", ""6025:B"", ""6233:B"", ""6783:B"", ""7140:B"", ""7763:B""]",24,24,generated_wrong_object_text_absent_from_source_atomic_metadata
The Spanish word 'ola' means 'class'.,sp_en_trans,0,ola,sp_en_trans::The Spanish word 'ola' means 'class'.,"[1622, 2645, 3683, 4938, 5666, 5715, 5797, 7386]","[""1622:A"", ""2645:A"", ""3683:A"", ""4938:A"", ""5666:A"", ""5715:A"", ""5797:A"", ""7386:A""]",8,8,generated_wrong_object_text_absent_from_source_atomic_metadata
The Spanish word 'olor' means 'fear'.,sp_en_trans,0,olor,sp_en_trans::The Spanish word 'olor' means 'fear'.,"[1526, 2318, 3960, 5402, 5890, 5929, 7410, 7432]","[""1526:A"", ""2318:A"", ""3960:A"", ""5402:A"", ""5890:A"", ""5929:A"", ""7410:A"", ""7432:A""]",8,8,generated_wrong_object_text_absent_from_source_atomic_metadata
The Spanish word 'oscuro' means 'to see'.,sp_en_trans,0,oscuro,sp_en_trans::The Spanish word 'oscuro' means 'to see'.,"[297, 785, 1042, 1385, 1865, 1973, 2181, 2190, 2570, 3606, 3669, 4894, 5371, 6141, 6593, 7971]","[""297:A"", ""785:A"", ""1042:A"", ""1385:A"", ""1865:A"", ""1973:A"", ""2181:A"", ""2190:A"", ""2570:A"", ""3606:A"", ""3669:A"", ""4894:A"", ""5371:A"", ""6141:A"", ""6593:A"", ""7971:A""]",16,16,generated_wrong_object_text_absent_from_source_atomic_metadata
The Spanish word 'oveja' means 'busy'.,sp_en_trans,0,oveja,sp_en_trans::The Spanish word 'oveja' means 'busy'.,"[637, 1031, 1857, 2524, 3003, 3430, 3722, 4850, 5166, 5188, 5672, 5746, 6048, 6063, 6342, 6774]","[""637:A"", ""1031:B"", ""1857:B"", ""2524:A"", ""3003:B"", ""3430:B"", ""3722:B"", ""4850:A"", ""5166:A"", ""5188:B"", ""5672:A"", ""5746:B"", ""6048:A"", ""6063:A"", ""6342:B"", ""6774:A""]",16,16,generated_wrong_object_text_absent_from_source_atomic_metadata
The Spanish word 'pagar' means 'enough'.,sp_en_trans,0,pagar,sp_en_trans::The Spanish word 'pagar' means 'enough'.,"[68, 672, 683, 721, 1145, 1226, 1481, 2772, 4078, 4712, 5283, 5388, 5880, 6039, 6381, 7778]","[""68:B"", ""672:B"", ""683:B"", ""721:B"", ""1145:B"", ""1226:B"", ""1481:B"", ""2772:B"", ""4078:B"", ""4712:B"", ""5283:B"", ""5388:B"", ""5880:B"", ""6039:B"", ""6381:B"", ""7778:B""]",16,16,generated_wrong_object_text_absent_from_source_atomic_metadata
The Spanish word 'palabra' means 'test'.,sp_en_trans,0,palabra,sp_en_trans::The Spanish word 'palabra' means 'test'.,"[1955, 2031, 3064, 3130, 4098, 4870, 5487, 7092]","[""1955:B"", ""2031:B"", ""3064:B"", ""3130:B"", ""4098:B"", ""4870:B"", ""5487:B"", ""7092:B""]",8,8,generated_wrong_object_text_absent_from_source_atomic_metadata
The Spanish word 'papel' means 'neck'.,sp_en_trans,0,papel,sp_en_trans::The Spanish word 'papel' means 'neck'.,"[209, 224, 3463, 4629, 4891, 6635, 7492, 7963]","[""209:A"", ""224:A"", ""3463:A"", ""4629:A"", ""4891:A"", ""6635:A"", ""7492:A"", ""7963:A""]",8,8,generated_wrong_object_text_absent_from_source_atomic_metadata
The Spanish word 'parecer' means 'wave'.,sp_en_trans,0,parecer,sp_en_trans::The Spanish word 'parecer' means 'wave'.,"[377, 1290, 1936, 4498, 4501, 4657, 5482, 6464]","[""377:B"", ""1290:B"", ""1936:B"", ""4498:B"", ""4501:B"", ""4657:B"", ""5482:B"", ""6464:B""]",8,8,generated_wrong_object_text_absent_from_source_atomic_metadata
The Spanish word 'parte' means 'black'.,sp_en_trans,0,parte,sp_en_trans::The Spanish word 'parte' means 'black'.,"[38, 842, 1333, 4692, 5020, 5351, 6418, 7536]","[""38:B"", ""842:B"", ""1333:B"", ""4692:B"", ""5020:B"", ""5351:B"", ""6418:B"", ""7536:B""]",8,8,generated_wrong_object_text_absent_from_source_atomic_metadata
The Spanish word 'pasar' means 'map'.,sp_en_trans,0,pasar,sp_en_trans::The Spanish word 'pasar' means 'map'.,"[653, 694, 1471, 1520, 2691, 3488, 4940, 5973]","[""653:B"", ""694:B"", ""1471:B"", ""1520:B"", ""2691:B"", ""3488:B"", ""4940:B"", ""5973:B""]",8,8,generated_wrong_object_text_absent_from_source_atomic_metadata
The Spanish word 'pero' means 'hot'.,sp_en_trans,0,pero,sp_en_trans::The Spanish word 'pero' means 'hot'.,"[0, 15, 1089, 1198, 2731, 3136, 3857, 3948, 4016, 4288, 4748, 5127, 5194, 6686, 6695, 7898]","[""0:A"", ""15:A"", ""1089:A"", ""1198:A"", ""2731:A"", ""3136:A"", ""3857:A"", ""3948:A"", ""4016:A"", ""4288:A"", ""4748:A"", ""5127:A"", ""5194:A"", ""6686:A"", ""6695:A"", ""7898:A""]",16,16,generated_wrong_object_text_absent_from_source_atomic_metadata
The Spanish word 'perro' means 'class'.,sp_en_trans,0,perro,sp_en_trans::The Spanish word 'perro' means 'class'.,"[77, 116, 122, 227, 357, 1963, 2232, 2734, 3150, 3240, 3361, 3830, 4574, 5825, 6246, 7579]","[""77:A"", ""116:A"", ""122:B"", ""227:A"", ""357:A"", ""1963:B"", ""2232:A"", ""2734:B"", ""3150:B"", ""3240:A"", ""3361:B"", ""3830:B"", ""4574:A"", ""5825:A"", ""6246:B"", ""7579:B""]",16,16,generated_wrong_object_text_absent_from_source_atomic_metadata
The Spanish word 'persona' means 'now'.,sp_en_trans,0,persona,sp_en_trans::The Spanish word 'persona' means 'now'.,"[672, 683, 1481, 1915, 2607, 4235, 5010, 6381]","[""672:A"", ""683:A"", ""1481:A"", ""1915:A"", ""2607:A"", ""4235:A"", ""5010:A"", ""6381:A""]",8,8,generated_wrong_object_text_absent_from_source_atomic_metadata
The Spanish word 'piedra' means 'mouth'.,sp_en_trans,0,piedra,sp_en_trans::The Spanish word 'piedra' means 'mouth'.,"[1333, 3573, 3913, 4692, 5398, 6418, 7282, 7536]","[""1333:A"", ""3573:A"", ""3913:A"", ""4692:A"", ""5398:A"", ""6418:A"", ""7282:A"", ""7536:A""]",8,8,generated_wrong_object_text_absent_from_source_atomic_metadata
The Spanish word 'piel' means 'three'.,sp_en_trans,0,piel,sp_en_trans::The Spanish word 'piel' means 'three'.,"[1818, 2060, 2990, 3232, 3552, 4970, 5643, 7044]","[""1818:A"", ""2060:A"", ""2990:A"", ""3232:A"", ""3552:A"", ""4970:A"", ""5643:A"", ""7044:A""]",8,8,generated_wrong_object_text_absent_from_source_atomic_metadata
The Spanish word 'pierna' means 'to draw'.,sp_en_trans,0,pierna,sp_en_trans::The Spanish word 'pierna' means 'to draw'.,"[812, 922, 1502, 4377, 7415, 7497, 7748, 7962]","[""812:B"", ""922:B"", ""1502:B"", ""4377:B"", ""7415:B"", ""7497:B"", ""7748:B"", ""7962:B""]",8,8,generated_wrong_object_text_absent_from_source_atomic_metadata
The Spanish word 'plata' means 'early'.,sp_en_trans,0,plata,sp_en_trans::The Spanish word 'plata' means 'early'.,"[499, 654, 1130, 1436, 4331, 5877, 6941, 7464]","[""499:B"", ""654:B"", ""1130:B"", ""1436:B"", ""4331:B"", ""5877:B"", ""6941:B"", ""7464:B""]",8,8,generated_wrong_object_text_absent_from_source_atomic_metadata
The Spanish word 'potencia' means 'shell'.,sp_en_trans,0,potencia,sp_en_trans::The Spanish word 'potencia' means 'shell'.,"[338, 531, 2114, 2737, 2802, 2809, 5446, 5887, 5918, 5955, 6910, 7150, 7161, 7378, 7457, 7853]","[""338:B"", ""531:A"", ""2114:B"", ""2737:B"", ""2802:A"", ""2809:A"", ""5446:A"", ""5887:B"", ""5918:A"", ""5955:A"", ""6910:A"", ""7150:B"", ""7161:B"", ""7378:B"", ""7457:B"", ""7853:A""]",16,16,generated_wrong_object_text_absent_from_source_atomic_metadata
The Spanish word 'presente' means 'problem'.,sp_en_trans,0,presente,sp_en_trans::The Spanish word 'presente' means 'problem'.,"[931, 1192, 1655, 1905, 2105, 2474, 2595, 3746, 4186, 4241, 5611, 5688, 5983, 6368, 6472, 6548]","[""931:A"", ""1192:B"", ""1655:A"", ""1905:B"", ""2105:A"", ""2474:B"", ""2595:B"", ""3746:B"", ""4186:A"", ""4241:A"", ""5611:B"", ""5688:A"", ""5983:A"", ""6368:B"", ""6472:A"", ""6548:B""]",16,16,generated_wrong_object_text_absent_from_source_atomic_metadata
The Spanish word 'primero' means 'to multiply'.,sp_en_trans,0,primero,sp_en_trans::The Spanish word 'primero' means 'to multiply'.,"[971, 1336, 2190, 4894, 5371, 6141, 6559, 7997]","[""971:B"", ""1336:B"", ""2190:B"", ""4894:B"", ""5371:B"", ""6141:B"", ""6559:B"", ""7997:B""]",8,8,generated_wrong_object_text_absent_from_source_atomic_metadata
The Spanish word 'problema' means 'good'.,sp_en_trans,0,problema,sp_en_trans::The Spanish word 'problema' means 'good'.,"[1035, 1202, 1404, 2561, 3198, 3457, 3735, 3976, 4028, 4734, 4749, 5170, 5544, 6087, 6171, 6645]","[""1035:B"", ""1202:A"", ""1404:B"", ""2561:B"", ""3198:A"", ""3457:B"", ""3735:B"", ""3976:A"", ""4028:B"", ""4734:B"", ""4749:B"", ""5170:A"", ""5544:A"", ""6087:A"", ""6171:A"", ""6645:A""]",16,16,generated_wrong_object_text_absent_from_source_atomic_metadata
The Spanish word 'prueba' means 'whale'.,sp_en_trans,0,prueba,sp_en_trans::The Spanish word 'prueba' means 'whale'.,"[1948, 2095, 3095, 3227, 4644, 5319, 5426, 7507]","[""1948:A"", ""2095:A"", ""3095:A"", ""3227:A"", ""4644:A"", ""5319:A"", ""5426:A"", ""7507:A""]",8,8,generated_wrong_object_text_absent_from_source_atomic_metadata
The Spanish word 'rana' means 'moment'.,sp_en_trans,0,rana,sp_en_trans::The Spanish word 'rana' means 'moment'.,"[966, 1845, 3280, 3883, 3887, 6181, 6224, 7084]","[""966:A"", ""1845:A"", ""3280:A"", ""3883:A"", ""3887:A"", ""6181:A"", ""6224:A"", ""7084:A""]",8,8,generated_wrong_object_text_absent_from_source_atomic_metadata
The Spanish word 'reloj' means 'problem'.,sp_en_trans,0,reloj,sp_en_trans::The Spanish word 'reloj' means 'problem'.,"[1725, 2296, 2612, 3529, 3959, 4177, 4258, 6427]","[""1725:A"", ""2296:A"", ""2612:A"", ""3529:A"", ""3959:A"", ""4177:A"", ""4258:A"", ""6427:A""]",8,8,generated_wrong_object_text_absent_from_source_atomic_metadata
The Spanish word 'resultado' means 'thing'.,sp_en_trans,0,resultado,sp_en_trans::The Spanish word 'resultado' means 'thing'.,"[1851, 2118, 4106, 4380, 4859, 4976, 7622, 7754]","[""1851:A"", ""2118:A"", ""4106:A"", ""4380:A"", ""4859:A"", ""4976:A"", ""7622:A"", ""7754:A""]",8,8,generated_wrong_object_text_absent_from_source_atomic_metadata
The Spanish word 'rey' means 'to pass'.,sp_en_trans,0,rey,sp_en_trans::The Spanish word 'rey' means 'to pass'.,"[505, 1064, 2133, 2469, 2710, 3465, 5733, 6923]","[""505:B"", ""1064:B"", ""2133:B"", ""2469:B"", ""2710:B"", ""3465:B"", ""5733:B"", ""6923:B""]",8,8,generated_wrong_object_text_absent_from_source_atomic_metadata
The Spanish word 'roca' means 'present'.,sp_en_trans,0,roca,sp_en_trans::The Spanish word 'roca' means 'present'.,"[403, 794, 1146, 1616, 2254, 2395, 2418, 3207, 3517, 3521, 5788, 6013, 6131, 6790, 6943, 7379]","[""403:B"", ""794:B"", ""1146:B"", ""1616:B"", ""2254:B"", ""2395:B"", ""2418:B"", ""3207:B"", ""3517:B"", ""3521:B"", ""5788:B"", ""6013:B"", ""6131:B"", ""6790:B"", ""6943:B"", ""7379:B""]",16,16,generated_wrong_object_text_absent_from_source_atomic_metadata
The Spanish word 'rosa' means 'to play'.,sp_en_trans,0,rosa,sp_en_trans::The Spanish word 'rosa' means 'to play'.,"[43, 828, 2449, 2935, 3356, 4933, 6780, 6812]","[""43:B"", ""828:B"", ""2449:B"", ""2935:B"", ""3356:B"", ""4933:B"", ""6780:B"", ""6812:B""]",8,8,generated_wrong_object_text_absent_from_source_atomic_metadata
The Spanish word 'semilla' means 'bear'.,sp_en_trans,0,semilla,sp_en_trans::The Spanish word 'semilla' means 'bear'.,"[407, 491, 923, 950, 1318, 1947, 2759, 2979, 3014, 3343, 4100, 4272, 4518, 5663, 6867, 7270]","[""407:A"", ""491:A"", ""923:A"", ""950:A"", ""1318:A"", ""1947:A"", ""2759:A"", ""2979:A"", ""3014:A"", ""3343:A"", ""4100:A"", ""4272:A"", ""4518:A"", ""5663:A"", ""6867:A"", ""7270:A""]",16,16,generated_wrong_object_text_absent_from_source_atomic_metadata
The Spanish word 'sencilla' means 'to draw'.,sp_en_trans,0,sencilla,sp_en_trans::The Spanish word 'sencilla' means 'to draw'.,"[222, 1244, 1951, 3052, 3286, 6857, 7672, 7921]","[""222:A"", ""1244:A"", ""1951:A"", ""3052:A"", ""3286:A"", ""6857:A"", ""7672:A"", ""7921:A""]",8,8,generated_wrong_object_text_absent_from_source_atomic_metadata
The Spanish word 'siete' means 'ice'.,sp_en_trans,0,siete,sp_en_trans::The Spanish word 'siete' means 'ice'.,"[131, 350, 894, 1938, 2250, 2947, 3184, 3479, 3708, 3838, 3975, 5671, 6025, 7071, 7776, 7794]","[""131:A"", ""350:A"", ""894:A"", ""1938:A"", ""2250:A"", ""2947:A"", ""3184:A"", ""3479:A"", ""3708:A"", ""3838:A"", ""3975:A"", ""5671:A"", ""6025:A"", ""7071:A"", ""7776:A"", ""7794:A""]",16,16,generated_wrong_object_text_absent_from_source_atomic_metadata
The Spanish word 'sol' means 'student'.,sp_en_trans,0,sol,sp_en_trans::The Spanish word 'sol' means 'student'.,"[788, 986, 2733, 2788, 3748, 5454, 6819, 6900]","[""788:A"", ""986:A"", ""2733:A"", ""2788:A"", ""3748:A"", ""5454:A"", ""6819:A"", ""6900:A""]",8,8,generated_wrong_object_text_absent_from_source_atomic_metadata
The Spanish word 'suficiente' means 'tool'.,sp_en_trans,0,suficiente,sp_en_trans::The Spanish word 'suficiente' means 'tool'.,"[1342, 1379, 1882, 1935, 1994, 2612, 2744, 3475, 3529, 3595, 4177, 4375, 4875, 5748, 6427, 7056]","[""1342:B"", ""1379:B"", ""1882:B"", ""1935:B"", ""1994:B"", ""2612:B"", ""2744:B"", ""3475:B"", ""3529:B"", ""3595:B"", ""4177:B"", ""4375:B"", ""4875:B"", ""5748:B"", ""6427:B"", ""7056:B""]",16,16,generated_wrong_object_text_absent_from_source_atomic_metadata
The Spanish word 'sur' means 'to play'.,sp_en_trans,0,sur,sp_en_trans::The Spanish word 'sur' means 'to play'.,"[326, 887, 1943, 4703, 5265, 5340, 7019, 7512]","[""326:B"", ""887:B"", ""1943:B"", ""4703:B"", ""5265:B"", ""5340:B"", ""7019:B"", ""7512:B""]",8,8,generated_wrong_object_text_absent_from_source_atomic_metadata
The Spanish word 'temprano' means 'nothing'.,sp_en_trans,0,temprano,sp_en_trans::The Spanish word 'temprano' means 'nothing'.,"[497, 1686, 2700, 3597, 4005, 4046, 4154, 4907, 5498, 5699, 5962, 6357, 6413, 6862, 6976, 7758]","[""497:A"", ""1686:A"", ""2700:A"", ""3597:A"", ""4005:A"", ""4046:A"", ""4154:A"", ""4907:A"", ""5498:A"", ""5699:A"", ""5962:A"", ""6357:A"", ""6413:A"", ""6862:A"", ""6976:A"", ""7758:A""]",16,16,generated_wrong_object_text_absent_from_source_atomic_metadata
The Spanish word 'tener' means 'skin'.,sp_en_trans,0,tener,sp_en_trans::The Spanish word 'tener' means 'skin'.,"[521, 1244, 1951, 3052, 4229, 4551, 6997, 7672]","[""521:B"", ""1244:B"", ""1951:B"", ""3052:B"", ""4229:B"", ""4551:B"", ""6997:B"", ""7672:B""]",8,8,generated_wrong_object_text_absent_from_source_atomic_metadata
The Spanish word 'tercero' means 'sea'.,sp_en_trans,0,tercero,sp_en_trans::The Spanish word 'tercero' means 'sea'.,"[374, 908, 1448, 2458, 3112, 3325, 5093, 6720]","[""374:B"", ""908:B"", ""1448:B"", ""2458:B"", ""3112:B"", ""3325:B"", ""5093:B"", ""6720:B""]",8,8,generated_wrong_object_text_absent_from_source_atomic_metadata
The Spanish word 'tres' means 'hope'.,sp_en_trans,0,tres,sp_en_trans::The Spanish word 'tres' means 'hope'.,"[272, 1731, 2146, 2229, 3308, 5562, 6876, 7269]","[""272:A"", ""1731:A"", ""2146:A"", ""2229:A"", ""3308:A"", ""5562:A"", ""6876:A"", ""7269:A""]",8,8,generated_wrong_object_text_absent_from_source_atomic_metadata
The Spanish word 'uno' means 'mouth'.,sp_en_trans,0,uno,sp_en_trans::The Spanish word 'uno' means 'mouth'.,"[25, 377, 663, 1142, 1936, 2387, 2541, 2978, 3047, 3358, 4498, 4764, 4917, 5844, 6132, 6464, 6550, 6989, 6990, 7185, 7249, 7820, 7880, 7904]","[""25:B"", ""377:A"", ""663:B"", ""1142:B"", ""1936:A"", ""2387:A"", ""2541:A"", ""2978:A"", ""3047:B"", ""3358:A"", ""4498:A"", ""4764:A"", ""4917:A"", ""5844:A"", ""6132:B"", ""6464:A"", ""6550:A"", ""6989:A"", ""6990:A"", ""7185:B"", ""7249:B"", ""7820:A"", ""7880:B"", ""7904:A""]",24,24,generated_wrong_object_text_absent_from_source_atomic_metadata
The Spanish word 'vecino' means 'wind'.,sp_en_trans,0,vecino,sp_en_trans::The Spanish word 'vecino' means 'wind'.,"[257, 454, 588, 717, 1739, 2432, 3411, 4429, 4737, 4835, 6367, 6948, 7242, 7275, 7376, 7690]","[""257:A"", ""454:A"", ""588:A"", ""717:A"", ""1739:A"", ""2432:A"", ""3411:A"", ""4429:A"", ""4737:A"", ""4835:A"", ""6367:A"", ""6948:A"", ""7242:A"", ""7275:A"", ""7376:A"", ""7690:A""]",16,16,generated_wrong_object_text_absent_from_source_atomic_metadata
The Spanish word 'veinte' means 'shell'.,sp_en_trans,0,veinte,sp_en_trans::The Spanish word 'veinte' means 'shell'.,"[128, 137, 175, 364, 582, 807, 821, 1088, 1202, 1537, 2167, 2399, 2474, 2595, 3251, 3483, 3593, 3746, 4482, 4793, 5133, 5170, 5224, 5966, 6171, 6208, 6541, 6548, 6645, 6793, 6835, 7957]","[""128:B"", ""137:A"", ""175:A"", ""364:A"", ""582:B"", ""807:A"", ""821:B"", ""1088:A"", ""1202:B"", ""1537:B"", ""2167:A"", ""2399:B"", ""2474:A"", ""2595:A"", ""3251:A"", ""3483:A"", ""3593:B"", ""3746:A"", ""4482:B"", ""4793:A"", ""5133:A"", ""5170:B"", ""5224:B"", ""5966:B"", ""6171:B"", ""6208:B"", ""6541:B"", ""6548:A"", ""6645:B"", ""6793:A"", ""6835:B"", ""7957:A""]",32,32,generated_wrong_object_text_absent_from_source_atomic_metadata
The Spanish word 'vender' means 'son'.,sp_en_trans,0,vender,sp_en_trans::The Spanish word 'vender' means 'son'.,"[293, 946, 1186, 1277, 1304, 1337, 1376, 1477, 1531, 2336, 2534, 2575, 2682, 2689, 2895, 3269, 3565, 3811, 4330, 4653, 5108, 5504, 5548, 5651, 5662, 5866, 5950, 6059, 6099, 6250, 6551, 6715, 6818, 6890, 7040, 7068, 7418, 7471, 7570, 7780]","[""293:A"", ""946:B"", ""1186:A"", ""1277:B"", ""1304:B"", ""1337:B"", ""1376:A"", ""1477:B"", ""1531:B"", ""2336:A"", ""2534:A"", ""2575:B"", ""2682:B"", ""2689:B"", ""2895:B"", ""3269:A"", ""3565:B"", ""3811:B"", ""4330:B"", ""4653:A"", ""5108:B"", ""5504:A"", ""5548:B"", ""5651:B"", ""5662:A"", ""5866:B"", ""5950:B"", ""6059:A"", ""6099:B"", ""6250:A"", ""6551:A"", ""6715:B"", ""6818:A"", ""6890:A"", ""7040:B"", ""7068:A"", ""7418:B"", ""7471:B"", ""7570:B"", ""7780:A""]",40,40,generated_wrong_object_text_absent_from_source_atomic_metadata
The Spanish word 'viejo' means 'to save'.,sp_en_trans,0,viejo,sp_en_trans::The Spanish word 'viejo' means 'to save'.,"[1277, 1714, 1832, 3088, 3268, 3330, 3352, 3760, 4059, 4189, 4483, 5557, 5832, 5866, 6715, 7570]","[""1277:A"", ""1714:A"", ""1832:A"", ""3088:A"", ""3268:A"", ""3330:A"", ""3352:A"", ""3760:A"", ""4059:A"", ""4189:A"", ""4483:A"", ""5557:A"", ""5832:A"", ""5866:A"", ""6715:A"", ""7570:A""]",16,16,generated_wrong_object_text_absent_from_source_atomic_metadata
The Spanish word 'viento' means 'industry'.,sp_en_trans,0,viento,sp_en_trans::The Spanish word 'viento' means 'industry'.,"[546, 846, 900, 2409, 5137, 5150, 5527, 6735]","[""546:A"", ""846:A"", ""900:A"", ""2409:A"", ""5137:A"", ""5150:A"", ""5527:A"", ""6735:A""]",8,8,generated_wrong_object_text_absent_from_source_atomic_metadata
The Spanish word 'y' means 'city'.,sp_en_trans,0,y,sp_en_trans::The Spanish word 'y' means 'city'.,"[8, 1403, 3151, 5153, 5884, 6360, 6738, 7682]","[""8:A"", ""1403:A"", ""3151:A"", ""5153:A"", ""5884:A"", ""6360:A"", ""6738:A"", ""7682:A""]",8,8,generated_wrong_object_text_absent_from_source_atomic_metadata
