statement,topic,conjunctA,conjunctB,labelA,labelB,cell,connective,ordering
"Either the Spanish word 'presente' means 'problem' or the Spanish word 'veinte' means 'twenty', but not both.",sp_en_trans,The Spanish word 'veinte' means 'twenty'.,The Spanish word 'presente' means 'problem'.,1,0,TF,xor,BA
"Either the city of Krakow is in Poland or the city of Chisinau is in Moldova, but not both.",cities,The city of Chisinau is in Moldova.,The city of Krakow is in Poland.,1,1,TT,xor,BA
"Either the camel is a crustacean or the moose is a reptile, but not both.",animal_class,The moose is a reptile.,The camel is a crustacean.,0,0,FF,xor,BA
"Either the city of Tangier is in Morocco or the city of Madurai is in India, but not both.",cities,The city of Tangier is in Morocco.,The city of Madurai is in India.,1,1,TT,xor,AB
"Either the chimpanzee is a mammal or the hyena is a cnidarian, but not both.",animal_class,The hyena is a cnidarian.,The chimpanzee is a mammal.,0,1,FT,xor,BA
"Either Lead has the symbol Er or Tellurium has the symbol Zn, but not both.",element_symb,Tellurium has the symbol Zn.,Lead has the symbol Er.,0,0,FF,xor,BA
"Either James Watt lived in Finland or Charles Macintosh lived in the U.K, but not both.",inventors,Charles Macintosh lived in the U.K.,James Watt lived in Finland.,1,0,TF,xor,BA
"Either the city of Madurai is in Yemen or the city of Tangier is in Morocco, but not both.",cities,The city of Tangier is in Morocco.,The city of Madurai is in Yemen.,1,0,TF,xor,BA
"Either the city of Paranaque City is in Italy or the city of Klang is in South Africa, but not both.",cities,The city of Paranaque City is in Italy.,The city of Klang is in South Africa.,0,0,FF,xor,AB
"Either the goat is a mammal or the rat is a arachnid, but not both.",animal_class,The rat is a arachnid.,The goat is a mammal.,0,1,FT,xor,BA
"Either the hedgehog is a mammal or the lion is a cnidarian, but not both.",animal_class,The hedgehog is a mammal.,The lion is a cnidarian.,1,0,TF,xor,AB
"Either the salmon is a fish or the goat is a mammal, but not both.",animal_class,The salmon is a fish.,The goat is a mammal.,1,1,TT,xor,AB
"Either the walrus is a mammal or the zebra is a arachnid, but not both.",animal_class,The walrus is a mammal.,The zebra is a arachnid.,1,0,TF,xor,AB
"Either the city of Indore is in India or the city of Lodz is in Niger, but not both.",cities,The city of Lodz is in Niger.,The city of Indore is in India.,0,1,FT,xor,BA
"Either Whitcomb Judson lived in the U.S or Igor Tamm lived in Denmark, but not both.",inventors,Whitcomb Judson lived in the U.S.,Igor Tamm lived in Denmark.,1,0,TF,xor,AB
"Either George Cayley lived in the U.K or Joseph Swan lived in the U.K, but not both.",inventors,George Cayley lived in the U.K.,Joseph Swan lived in the U.K.,1,1,TT,xor,AB
"Either the parrot is a bird or the goat is a mammal, but not both.",animal_class,The parrot is a bird.,The goat is a mammal.,1,1,TT,xor,AB
"Either the frog is a amphibian or the bee is a mollusk, but not both.",animal_class,The bee is a mollusk.,The frog is a amphibian.,0,1,FT,xor,BA
"Either the Spanish word 'vecino' means 'neighbor' or the Spanish word 'guardar' means 'to save', but not both.",sp_en_trans,The Spanish word 'vecino' means 'neighbor'.,The Spanish word 'guardar' means 'to save'.,1,1,TT,xor,AB
"Either Aluminum has the symbol Al or Titanium has the symbol Ti, but not both.",element_symb,Aluminum has the symbol Al.,Titanium has the symbol Ti.,1,1,TT,xor,AB
"Either the city of Changshu is in Germany or the city of Nagoya is in Japan, but not both.",cities,The city of Changshu is in Germany.,The city of Nagoya is in Japan.,0,1,FT,xor,AB
"Either John Wesley Hyatt lived in the U.S or Narinder Singh Kapany lived in India, but not both.",inventors,John Wesley Hyatt lived in the U.S.,Narinder Singh Kapany lived in India.,1,1,TT,xor,AB
"Either the city of Kampala is in Uganda or the city of Wenzhou is in China, but not both.",cities,The city of Kampala is in Uganda.,The city of Wenzhou is in China.,1,1,TT,xor,AB
"Either the Spanish word 'invierno' means 'winter' or the Spanish word 'mar' means 'to save', but not both.",sp_en_trans,The Spanish word 'invierno' means 'winter'.,The Spanish word 'mar' means 'to save'.,1,0,TF,xor,AB
"Either Tellurium has the symbol Zn or Zirconium has the symbol Zr, but not both.",element_symb,Tellurium has the symbol Zn.,Zirconium has the symbol Zr.,0,1,FT,xor,AB
"Either Linus Torvalds lived in Canada/the U.S or Paul Gottlieb Nipkow lived in Germany, but not both.",inventors,Linus Torvalds lived in Canada/the U.S.,Paul Gottlieb Nipkow lived in Germany.,0,1,FT,xor,AB
"Either Iron has the symbol Os or Tantalum has the symbol Ta, but not both.",element_symb,Iron has the symbol Os.,Tantalum has the symbol Ta.,0,1,FT,xor,AB
"Either the Spanish word 'concha' means 'shell' or the Spanish word 'papel' means 'neck', but not both.",sp_en_trans,The Spanish word 'papel' means 'neck'.,The Spanish word 'concha' means 'shell'.,0,1,FT,xor,BA
"Either Cobalt has the symbol Co or Fluorine has the symbol F, but not both.",element_symb,Fluorine has the symbol F.,Cobalt has the symbol Co.,1,1,TT,xor,BA
"Either the camel is a mammal or the moose is a mammal, but not both.",animal_class,The moose is a mammal.,The camel is a mammal.,1,1,TT,xor,BA
"Either the walrus is a cnidarian or the zebra is a mammal, but not both.",animal_class,The walrus is a cnidarian.,The zebra is a mammal.,0,1,FT,xor,AB
"Either the Spanish word 'pagar' means 'to pay' or the Spanish word 'abrigo' means 'coat', but not both.",sp_en_trans,The Spanish word 'abrigo' means 'coat'.,The Spanish word 'pagar' means 'to pay'.,1,1,TT,xor,BA
"Either Rhenium has the symbol Re or Argon has the symbol Pr, but not both.",element_symb,Argon has the symbol Pr.,Rhenium has the symbol Re.,0,1,FT,xor,BA
"Either Holmium has the symbol Ho or Praseodymium has the symbol Pr, but not both.",element_symb,Holmium has the symbol Ho.,Praseodymium has the symbol Pr.,1,1,TT,xor,AB
"Either Radium has the symbol Ra or Tellurium has the symbol Zn, but not both.",element_symb,Tellurium has the symbol Zn.,Radium has the symbol Ra.,0,1,FT,xor,BA
"Either the camel is a crustacean or the moose is a mammal, but not both.",animal_class,The moose is a mammal.,The camel is a crustacean.,1,0,TF,xor,BA
"Either the Spanish word 'suficiente' means 'tool' or the Spanish word 'elegir' means 'to choose', but not both.",sp_en_trans,The Spanish word 'elegir' means 'to choose'.,The Spanish word 'suficiente' means 'tool'.,1,0,TF,xor,BA
"Either the Spanish word 'piel' means 'three' or the Spanish word 'belleza' means 'rabbit', but not both.",sp_en_trans,The Spanish word 'piel' means 'three'.,The Spanish word 'belleza' means 'rabbit'.,0,0,FF,xor,AB
"Either the Spanish word 'belleza' means 'rabbit' or the Spanish word 'piel' means 'skin', but not both.",sp_en_trans,The Spanish word 'piel' means 'skin'.,The Spanish word 'belleza' means 'rabbit'.,1,0,TF,xor,BA
"Either the Spanish word 'mar' means 'sea' or the Spanish word 'invierno' means 'winter', but not both.",sp_en_trans,The Spanish word 'invierno' means 'winter'.,The Spanish word 'mar' means 'sea'.,1,1,TT,xor,BA
"Either the cow is a mammal or the goldfish is a fish, but not both.",animal_class,The goldfish is a fish.,The cow is a mammal.,1,1,TT,xor,BA
"Either the slug is a mollusk or the llama is a mollusk, but not both.",animal_class,The slug is a mollusk.,The llama is a mollusk.,1,0,TF,xor,AB
"Either the gorilla is a reptile or the llama is a mollusk, but not both.",animal_class,The llama is a mollusk.,The gorilla is a reptile.,0,0,FF,xor,BA
"Either Richard Leach Maddox lived in the U.K or Charles Goodyear lived in the U.S, but not both.",inventors,Charles Goodyear lived in the U.S.,Richard Leach Maddox lived in the U.K.,1,1,TT,xor,BA
"Either the city of Siping is in the United States or the city of Nagoya is in the Dominican Republic, but not both.",cities,The city of Siping is in the United States.,The city of Nagoya is in the Dominican Republic.,0,0,FF,xor,AB
"Either the Spanish word 'temprano' means 'nothing' or the Spanish word 'noche' means 'night', but not both.",sp_en_trans,The Spanish word 'temprano' means 'nothing'.,The Spanish word 'noche' means 'night'.,0,1,FT,xor,AB
"Either Neon has the symbol Ne or Xenon has the symbol Hf, but not both.",element_symb,Xenon has the symbol Hf.,Neon has the symbol Ne.,0,1,FT,xor,BA
"Either James Starley lived in the U.K or Hans Geiger lived in Germany, but not both.",inventors,James Starley lived in the U.K.,Hans Geiger lived in Germany.,1,1,TT,xor,AB
"Either James Starley lived in Austria/the U.S or Arthur Pitney lived in Ukraine/the U.S, but not both.",inventors,Arthur Pitney lived in Ukraine/the U.S.,James Starley lived in Austria/the U.S.,0,0,FF,xor,BA
"Either the narwhal is a mammal or the goat is a mammal, but not both.",animal_class,The goat is a mammal.,The narwhal is a mammal.,1,1,TT,xor,BA
"Either Guglielmo Marconi lived in Italy or George Devol lived in Hungary, but not both.",inventors,George Devol lived in Hungary.,Guglielmo Marconi lived in Italy.,0,1,FT,xor,BA
"Either Lead has the symbol Er or Lutetium has the symbol V, but not both.",element_symb,Lutetium has the symbol V.,Lead has the symbol Er.,0,0,FF,xor,BA
"Either the Spanish word 'belleza' means 'rabbit' or the Spanish word 'piel' means 'three', but not both.",sp_en_trans,The Spanish word 'piel' means 'three'.,The Spanish word 'belleza' means 'rabbit'.,0,0,FF,xor,BA
"Either the chimpanzee is a insect or the axolotl is a amphibian, but not both.",animal_class,The axolotl is a amphibian.,The chimpanzee is a insect.,1,0,TF,xor,BA
"Either the Spanish word 'uno' means 'mouth' or the Spanish word 'parecer' means 'to seem', but not both.",sp_en_trans,The Spanish word 'uno' means 'mouth'.,The Spanish word 'parecer' means 'to seem'.,0,1,FT,xor,AB
"Either the iguana is a reptile or the dog is a mammal, but not both.",animal_class,The dog is a mammal.,The iguana is a reptile.,1,1,TT,xor,BA
"Either John Gorrie lived in the U.S or John Logie Baird lived in Scotland, but not both.",inventors,John Logie Baird lived in Scotland.,John Gorrie lived in the U.S.,1,1,TT,xor,BA
"Either the Spanish word 'y' means 'city' or the Spanish word 'ciudad' means 'city', but not both.",sp_en_trans,The Spanish word 'y' means 'city'.,The Spanish word 'ciudad' means 'city'.,0,1,FT,xor,AB
"Either the goat is a reptile or the salmon is a crustacean, but not both.",animal_class,The salmon is a crustacean.,The goat is a reptile.,0,0,FF,xor,BA
"Either Platinum has the symbol Pt or Chlorine has the symbol Pt, but not both.",element_symb,Chlorine has the symbol Pt.,Platinum has the symbol Pt.,0,1,FT,xor,BA
"Either the Spanish word 'olor' means 'smell' or the Spanish word 'aceite' means 'son', but not both.",sp_en_trans,The Spanish word 'olor' means 'smell'.,The Spanish word 'aceite' means 'son'.,1,0,TF,xor,AB
"Either the city of San Miguel de Tucuman is in Argentina or the city of Indianapolis is in the United States, but not both.",cities,The city of San Miguel de Tucuman is in Argentina.,The city of Indianapolis is in the United States.,1,1,TT,xor,AB
"Either Lead has the symbol Er or Lutetium has the symbol Lu, but not both.",element_symb,Lutetium has the symbol Lu.,Lead has the symbol Er.,1,0,TF,xor,BA
"Either the city of Winnipeg is in Canada or the city of Kolhapur is in the Republic of the Congo, but not both.",cities,The city of Kolhapur is in the Republic of the Congo.,The city of Winnipeg is in Canada.,0,1,FT,xor,BA
"Either Chlorine has the symbol Cl or Platinum has the symbol Pt, but not both.",element_symb,Chlorine has the symbol Cl.,Platinum has the symbol Pt.,1,1,TT,xor,AB
"Either Vanadium has the symbol V or Phosphorus has the symbol P, but not both.",element_symb,Phosphorus has the symbol P.,Vanadium has the symbol V.,1,1,TT,xor,BA
"Either the Spanish word 'pierna' means 'leg' or the Spanish word 'caliente' means 'corner', but not both.",sp_en_trans,The Spanish word 'caliente' means 'corner'.,The Spanish word 'pierna' means 'leg'.,0,1,FT,xor,BA
"Either the goat is a mammal or the rat is a mammal, but not both.",animal_class,The rat is a mammal.,The goat is a mammal.,1,1,TT,xor,BA
"Either the Spanish word 'temprano' means 'early' or the Spanish word 'noche' means 'to write', but not both.",sp_en_trans,The Spanish word 'temprano' means 'early'.,The Spanish word 'noche' means 'to write'.,1,0,TF,xor,AB
"Either Chromium has the symbol Rb or Radon has the symbol Rn, but not both.",element_symb,Chromium has the symbol Rb.,Radon has the symbol Rn.,0,1,FT,xor,AB
"Either the city of Warangal is in India or the city of Ahmedabad is in India, but not both.",cities,The city of Warangal is in India.,The city of Ahmedabad is in India.,1,1,TT,xor,AB
"Either the Spanish word 'y' means 'and' or the Spanish word 'ciudad' means 'to connect', but not both.",sp_en_trans,The Spanish word 'y' means 'and'.,The Spanish word 'ciudad' means 'to connect'.,1,0,TF,xor,AB
"Either Michael Faraday lived in Croatia or Emile Berliner lived in Germany/the U.S, but not both.",inventors,Michael Faraday lived in Croatia.,Emile Berliner lived in Germany/the U.S.,0,1,FT,xor,AB
"Either Zirconium has the symbol Ru or Tellurium has the symbol Te, but not both.",element_symb,Tellurium has the symbol Te.,Zirconium has the symbol Ru.,1,0,TF,xor,BA
"Either the city of Klang is in South Africa or the city of Paranaque City is in the Philippines, but not both.",cities,The city of Paranaque City is in the Philippines.,The city of Klang is in South Africa.,1,0,TF,xor,BA
"Either the Spanish word 'viejo' means 'to save' or the Spanish word 'desarrollar' means 'sand', but not both.",sp_en_trans,The Spanish word 'viejo' means 'to save'.,The Spanish word 'desarrollar' means 'sand'.,0,0,FF,xor,AB
"Either Promethium has the symbol Pm or Tantalum has the symbol Ta, but not both.",element_symb,Promethium has the symbol Pm.,Tantalum has the symbol Ta.,1,1,TT,xor,AB
"Either the city of Santo Domingo Oeste is in the Dominican Republic or the city of Uberlandia is in Turkey, but not both.",cities,The city of Uberlandia is in Turkey.,The city of Santo Domingo Oeste is in the Dominican Republic.,0,1,FT,xor,BA
"Either the city of Najran is in Saudi Arabia or the city of Santiago de Queretaro is in Somalia, but not both.",cities,The city of Najran is in Saudi Arabia.,The city of Santiago de Queretaro is in Somalia.,1,0,TF,xor,AB
"Either the seagull is a reptile or the flamingo is a bird, but not both.",animal_class,The flamingo is a bird.,The seagull is a reptile.,1,0,TF,xor,BA
"Either the chimpanzee is a insect or the axolotl is a fish, but not both.",animal_class,The axolotl is a fish.,The chimpanzee is a insect.,0,0,FF,xor,BA
"Either the Spanish word 'imaginar' means 'to imagine' or the Spanish word 'tercero' means 'third', but not both.",sp_en_trans,The Spanish word 'imaginar' means 'to imagine'.,The Spanish word 'tercero' means 'third'.,1,1,TT,xor,AB
"Either the Spanish word 'familia' means 'family' or the Spanish word 'vender' means 'son', but not both.",sp_en_trans,The Spanish word 'vender' means 'son'.,The Spanish word 'familia' means 'family'.,0,1,FT,xor,BA
"Either the Spanish word 'parecer' means 'wave' or the Spanish word 'uno' means 'one', but not both.",sp_en_trans,The Spanish word 'uno' means 'one'.,The Spanish word 'parecer' means 'wave'.,1,0,TF,xor,BA
"Either Candace Pert lived in Germany or John Atanasoff lived in Croatia, but not both.",inventors,Candace Pert lived in Germany.,John Atanasoff lived in Croatia.,0,0,FF,xor,AB
"Either the city of Siping is in the United States or the city of Algiers is in Lithuania, but not both.",cities,The city of Algiers is in Lithuania.,The city of Siping is in the United States.,0,0,FF,xor,BA
"Either the porcupine is a mammal or the bee is a mollusk, but not both.",animal_class,The bee is a mollusk.,The porcupine is a mammal.,0,1,FT,xor,BA
"Either the Spanish word 'roca' means 'rock' or the Spanish word 'higo' means 'nothing', but not both.",sp_en_trans,The Spanish word 'higo' means 'nothing'.,The Spanish word 'roca' means 'rock'.,0,1,FT,xor,BA
"Either the Spanish word 'ciudad' means 'to connect' or the Spanish word 'y' means 'city', but not both.",sp_en_trans,The Spanish word 'y' means 'city'.,The Spanish word 'ciudad' means 'to connect'.,0,0,FF,xor,BA
"Either the Spanish word 'familia' means 'family' or the Spanish word 'guardar' means 'to save', but not both.",sp_en_trans,The Spanish word 'familia' means 'family'.,The Spanish word 'guardar' means 'to save'.,1,1,TT,xor,AB
"Either the Spanish word 'hijo' means 'cook' or the Spanish word 'delgado' means 'history', but not both.",sp_en_trans,The Spanish word 'delgado' means 'history'.,The Spanish word 'hijo' means 'cook'.,0,0,FF,xor,BA
"Either the Spanish word 'caliente' means 'corner' or the Spanish word 'pierna' means 'to draw', but not both.",sp_en_trans,The Spanish word 'caliente' means 'corner'.,The Spanish word 'pierna' means 'to draw'.,0,0,FF,xor,AB
"Either the city of Guigang is in Senegal or the city of Linfen is in Uzbekistan, but not both.",cities,The city of Guigang is in Senegal.,The city of Linfen is in Uzbekistan.,0,0,FF,xor,AB
"Either the city of Denpasar is in Indonesia or the city of Salta is in Argentina, but not both.",cities,The city of Denpasar is in Indonesia.,The city of Salta is in Argentina.,1,1,TT,xor,AB
"Either Ytterbium has the symbol F or Zinc has the symbol Ac, but not both.",element_symb,Ytterbium has the symbol F.,Zinc has the symbol Ac.,0,0,FF,xor,AB
"Either the raccoon is a mammal or the seagull is a bird, but not both.",animal_class,The raccoon is a mammal.,The seagull is a bird.,1,1,TT,xor,AB
"Either Richard Trevithick lived in the U.K or Luther George Simjian lived in Turkey/the U.S, but not both.",inventors,Richard Trevithick lived in the U.K.,Luther George Simjian lived in Turkey/the U.S.,1,1,TT,xor,AB
"Either the city of Jiaxing is in China or the city of Marseille is in Romania, but not both.",cities,The city of Marseille is in Romania.,The city of Jiaxing is in China.,0,1,FT,xor,BA
"Either the city of Santo Domingo Oeste is in the Dominican Republic or the city of Uberlandia is in Brazil, but not both.",cities,The city of Uberlandia is in Brazil.,The city of Santo Domingo Oeste is in the Dominican Republic.,1,1,TT,xor,BA
"Either Tellurium has the symbol Te or Radium has the symbol Ra, but not both.",element_symb,Tellurium has the symbol Te.,Radium has the symbol Ra.,1,1,TT,xor,AB
"Either Astatine has the symbol Ca or Palladium has the symbol Pd, but not both.",element_symb,Astatine has the symbol Ca.,Palladium has the symbol Pd.,0,1,FT,xor,AB
"Either the hamster is a bird or the crocodile is a reptile, but not both.",animal_class,The crocodile is a reptile.,The hamster is a bird.,1,0,TF,xor,BA
"Either the city of Changshu is in China or the city of Nagoya is in the Dominican Republic, but not both.",cities,The city of Changshu is in China.,The city of Nagoya is in the Dominican Republic.,1,0,TF,xor,AB
"Either Lutetium has the symbol Lu or Lead has the symbol Pb, but not both.",element_symb,Lutetium has the symbol Lu.,Lead has the symbol Pb.,1,1,TT,xor,AB
"Either Cobalt has the symbol Co or Fluorine has the symbol Pt, but not both.",element_symb,Fluorine has the symbol Pt.,Cobalt has the symbol Co.,0,1,FT,xor,BA
"Either Leonardo da Vinci lived in Sweden/the U.S or Ami Argand lived in China, but not both.",inventors,Ami Argand lived in China.,Leonardo da Vinci lived in Sweden/the U.S.,0,0,FF,xor,BA
"Either the Spanish word 'lento' means 'slow' or the Spanish word 'perro' means 'dog', but not both.",sp_en_trans,The Spanish word 'perro' means 'dog'.,The Spanish word 'lento' means 'slow'.,1,1,TT,xor,BA
"Either the Spanish word 'abrigo' means 'to eat' or the Spanish word 'ejemplo' means 'example', but not both.",sp_en_trans,The Spanish word 'ejemplo' means 'example'.,The Spanish word 'abrigo' means 'to eat'.,1,0,TF,xor,BA
"Either the Spanish word 'parecer' means 'wave' or the Spanish word 'uno' means 'mouth', but not both.",sp_en_trans,The Spanish word 'uno' means 'mouth'.,The Spanish word 'parecer' means 'wave'.,0,0,FF,xor,BA
"Either Promethium has the symbol Bi or Tantalum has the symbol Ta, but not both.",element_symb,Promethium has the symbol Bi.,Tantalum has the symbol Ta.,0,1,FT,xor,AB
"Either the city of Diyarbakir is in Turkey or the city of Seoul is in Zimbabwe, but not both.",cities,The city of Seoul is in Zimbabwe.,The city of Diyarbakir is in Turkey.,0,1,FT,xor,BA
"Either the city of Osaka is in Japan or the city of Khulna is in Bangladesh, but not both.",cities,The city of Osaka is in Japan.,The city of Khulna is in Bangladesh.,1,1,TT,xor,AB
"Either the city of Jiaxing is in China or the city of Marseille is in France, but not both.",cities,The city of Marseille is in France.,The city of Jiaxing is in China.,1,1,TT,xor,BA
"Either the city of Changshu is in China or the city of Suining is in China, but not both.",cities,The city of Suining is in China.,The city of Changshu is in China.,1,1,TT,xor,BA
"Either the horse is a mammal or the axolotl is a amphibian, but not both.",animal_class,The horse is a mammal.,The axolotl is a amphibian.,1,1,TT,xor,AB
"Either Hans von Ohain lived in England or Daisuke Inoue lived in Sweden, but not both.",inventors,Daisuke Inoue lived in Sweden.,Hans von Ohain lived in England.,0,0,FF,xor,BA
"Either the city of Gaziantep is in Turkey or the city of Quito is in Ecuador, but not both.",cities,The city of Gaziantep is in Turkey.,The city of Quito is in Ecuador.,1,1,TT,xor,AB
"Either the hamster is a mammal or the gorilla is a mammal, but not both.",animal_class,The gorilla is a mammal.,The hamster is a mammal.,1,1,TT,xor,BA
"Either James Starley lived in the U.K or Arthur Pitney lived in Ukraine/the U.S, but not both.",inventors,Arthur Pitney lived in Ukraine/the U.S.,James Starley lived in the U.K.,0,1,FT,xor,BA
"Either the Spanish word 'oscuro' means 'to see' or the Spanish word 'primero' means 'to multiply', but not both.",sp_en_trans,The Spanish word 'oscuro' means 'to see'.,The Spanish word 'primero' means 'to multiply'.,0,0,FF,xor,AB
"Either the city of Marseille is in France or the city of Jiaxing is in China, but not both.",cities,The city of Marseille is in France.,The city of Jiaxing is in China.,1,1,TT,xor,AB
"Either Hans Goldschmidt lived in Germany or John Ambrose Fleming lived in the U.K, but not both.",inventors,Hans Goldschmidt lived in Germany.,John Ambrose Fleming lived in the U.K.,1,1,TT,xor,AB
"Either the Spanish word 'hueso' means 'to eat' or the Spanish word 'mujer' means 'woman', but not both.",sp_en_trans,The Spanish word 'mujer' means 'woman'.,The Spanish word 'hueso' means 'to eat'.,1,0,TF,xor,BA
"Either the Spanish word 'piel' means 'three' or the Spanish word 'belleza' means 'beauty', but not both.",sp_en_trans,The Spanish word 'piel' means 'three'.,The Spanish word 'belleza' means 'beauty'.,0,1,FT,xor,AB
"Either the Spanish word 'leer' means 'to read' or the Spanish word 'prueba' means 'whale', but not both.",sp_en_trans,The Spanish word 'prueba' means 'whale'.,The Spanish word 'leer' means 'to read'.,0,1,FT,xor,BA
"Either Europium has the symbol Eu or Carbon has the symbol C, but not both.",element_symb,Carbon has the symbol C.,Europium has the symbol Eu.,1,1,TT,xor,BA
"Either the Spanish word 'primero' means 'to multiply' or the Spanish word 'oscuro' means 'dark', but not both.",sp_en_trans,The Spanish word 'oscuro' means 'dark'.,The Spanish word 'primero' means 'to multiply'.,1,0,TF,xor,BA
"Either the Spanish word 'hola' means 'hello' or the Spanish word 'arena' means 'sand', but not both.",sp_en_trans,The Spanish word 'hola' means 'hello'.,The Spanish word 'arena' means 'sand'.,1,1,TT,xor,AB
"Either the crocodile is a bird or the hamster is a mammal, but not both.",animal_class,The crocodile is a bird.,The hamster is a mammal.,0,1,FT,xor,AB
"Either Barium has the symbol Ba or Tantalum has the symbol Ta, but not both.",element_symb,Tantalum has the symbol Ta.,Barium has the symbol Ba.,1,1,TT,xor,BA
"Either David Schwarz lived in Finland or James West lived in the U.S, but not both.",inventors,James West lived in the U.S.,David Schwarz lived in Finland.,1,0,TF,xor,BA
"Either Ralph H. Baer lived in Finland or Hans Oersted lived in Finland, but not both.",inventors,Ralph H. Baer lived in Finland.,Hans Oersted lived in Finland.,0,0,FF,xor,AB
"Either the city of Vladivostok is in Ghana or the city of Tlaquepaque is in Mexico, but not both.",cities,The city of Vladivostok is in Ghana.,The city of Tlaquepaque is in Mexico.,0,1,FT,xor,AB
"Either the walrus is a mammal or the lion is a mammal, but not both.",animal_class,The walrus is a mammal.,The lion is a mammal.,1,1,TT,xor,AB
"Either William Kelly lived in the U.S or John Callcott Horsley lived in the U.K, but not both.",inventors,William Kelly lived in the U.S.,John Callcott Horsley lived in the U.K.,1,1,TT,xor,AB
"Either the Spanish word 'higo' means 'fig' or the Spanish word 'roca' means 'rock', but not both.",sp_en_trans,The Spanish word 'higo' means 'fig'.,The Spanish word 'roca' means 'rock'.,1,1,TT,xor,AB
"Either the city of Linfen is in Uzbekistan or the city of Guigang is in China, but not both.",cities,The city of Guigang is in China.,The city of Linfen is in Uzbekistan.,1,0,TF,xor,BA
"Either the city of Santiago de los Caballeros is in China or the city of Port Harcourt is in Malaysia, but not both.",cities,The city of Santiago de los Caballeros is in China.,The city of Port Harcourt is in Malaysia.,0,0,FF,xor,AB
"Either Praseodymium has the symbol Pr or Holmium has the symbol Pd, but not both.",element_symb,Holmium has the symbol Pd.,Praseodymium has the symbol Pr.,0,1,FT,xor,BA
"Either Jean-Bernard-Léon Foucault lived in France or Daniel Fahrenheit lived in Poland/Germany, but not both.",inventors,Daniel Fahrenheit lived in Poland/Germany.,Jean-Bernard-Léon Foucault lived in France.,1,1,TT,xor,BA
"Either the Spanish word 'enviar' means 'to send' or the Spanish word 'caer' means 'to fall', but not both.",sp_en_trans,The Spanish word 'enviar' means 'to send'.,The Spanish word 'caer' means 'to fall'.,1,1,TT,xor,AB
"Either Narinder Singh Kapany lived in India or Joseph Glidden lived in the U.S, but not both.",inventors,Narinder Singh Kapany lived in India.,Joseph Glidden lived in the U.S.,1,1,TT,xor,AB
"Either Candace Pert lived in Germany or Clarence Birdseye lived in Croatia, but not both.",inventors,Clarence Birdseye lived in Croatia.,Candace Pert lived in Germany.,0,0,FF,xor,BA
"Either Emile Berliner lived in Germany/the U.S or Michael Faraday lived in Croatia, but not both.",inventors,Michael Faraday lived in Croatia.,Emile Berliner lived in Germany/the U.S.,0,1,FT,xor,BA
"Either the city of Bhopal is in Iraq or the city of Kisangani is in the Democratic Republic of the Congo, but not both.",cities,The city of Bhopal is in Iraq.,The city of Kisangani is in the Democratic Republic of the Congo.,0,1,FT,xor,AB
"Either the Spanish word 'conectar' means 'to connect' or the Spanish word 'clase' means 'class', but not both.",sp_en_trans,The Spanish word 'conectar' means 'to connect'.,The Spanish word 'clase' means 'class'.,1,1,TT,xor,AB
"Either the Spanish word 'oveja' means 'busy' or the Spanish word 'imaginar' means 'star', but not both.",sp_en_trans,The Spanish word 'oveja' means 'busy'.,The Spanish word 'imaginar' means 'star'.,0,0,FF,xor,AB
"Either the Spanish word 'caliente' means 'hot' or the Spanish word 'fuego' means 'fire', but not both.",sp_en_trans,The Spanish word 'caliente' means 'hot'.,The Spanish word 'fuego' means 'fire'.,1,1,TT,xor,AB
"Either the camel is a mammal or the moose is a reptile, but not both.",animal_class,The moose is a reptile.,The camel is a mammal.,0,1,FT,xor,BA
"Either the city of Khulna is in Bangladesh or the city of Osaka is in Japan, but not both.",cities,The city of Osaka is in Japan.,The city of Khulna is in Bangladesh.,1,1,TT,xor,BA
"Either the city of Port Harcourt is in Malaysia or the city of Santiago de los Caballeros is in China, but not both.",cities,The city of Santiago de los Caballeros is in China.,The city of Port Harcourt is in Malaysia.,0,0,FF,xor,BA
"Either Tellurium has the symbol Zn or Zirconium has the symbol Ru, but not both.",element_symb,Tellurium has the symbol Zn.,Zirconium has the symbol Ru.,0,0,FF,xor,AB
"Either the city of Vladivostok is in Russia or the city of Tlaquepaque is in Mexico, but not both.",cities,The city of Vladivostok is in Russia.,The city of Tlaquepaque is in Mexico.,1,1,TT,xor,AB
"Either Aluminum has the symbol Al or Niobium has the symbol Nb, but not both.",element_symb,Aluminum has the symbol Al.,Niobium has the symbol Nb.,1,1,TT,xor,AB
"Either Igor Tamm lived in Russia or Whitcomb Judson lived in Sweden/the U.S, but not both.",inventors,Whitcomb Judson lived in Sweden/the U.S.,Igor Tamm lived in Russia.,0,1,FT,xor,BA
"Either Krypton has the symbol Kr or Nickel has the symbol Ni, but not both.",element_symb,Nickel has the symbol Ni.,Krypton has the symbol Kr.,1,1,TT,xor,BA
"Either the sparrow is a crustacean or the chicken is a mammal, but not both.",animal_class,The chicken is a mammal.,The sparrow is a crustacean.,0,0,FF,xor,BA
"Either the Spanish word 'guardar' means 'to save' or the Spanish word 'familia' means 'family', but not both.",sp_en_trans,The Spanish word 'familia' means 'family'.,The Spanish word 'guardar' means 'to save'.,1,1,TT,xor,BA
"Either Germanium has the symbol Ge or Potassium has the symbol K, but not both.",element_symb,Germanium has the symbol Ge.,Potassium has the symbol K.,1,1,TT,xor,AB
"Either Edwin Herbert Hall lived in the U.S or Philipp Reis lived in Germany, but not both.",inventors,Philipp Reis lived in Germany.,Edwin Herbert Hall lived in the U.S.,1,1,TT,xor,BA
"Either the rat is a mammal or the panda is a mammal, but not both.",animal_class,The panda is a mammal.,The rat is a mammal.,1,1,TT,xor,BA
"Either Fridtjof Nansen lived in Norway or Mary Walton lived in the U.S, but not both.",inventors,Mary Walton lived in the U.S.,Fridtjof Nansen lived in Norway.,1,1,TT,xor,BA
"Either the city of Linfen is in China or the city of Guigang is in Senegal, but not both.",cities,The city of Guigang is in Senegal.,The city of Linfen is in China.,0,1,FT,xor,BA
"Either Germanium has the symbol Ra or Potassium has the symbol C, but not both.",element_symb,Germanium has the symbol Ra.,Potassium has the symbol C.,0,0,FF,xor,AB
"Either the goat is a reptile or the salmon is a fish, but not both.",animal_class,The salmon is a fish.,The goat is a reptile.,1,0,TF,xor,BA
"Either Hans Oersted lived in Finland or Ralph H. Baer lived in Finland, but not both.",inventors,Ralph H. Baer lived in Finland.,Hans Oersted lived in Finland.,0,0,FF,xor,BA
"Either Dysprosium has the symbol I or Uranium has the symbol U, but not both.",element_symb,Dysprosium has the symbol I.,Uranium has the symbol U.,0,1,FT,xor,AB
"Either the iguana is a crustacean or the deer is a reptile, but not both.",animal_class,The iguana is a crustacean.,The deer is a reptile.,0,0,FF,xor,AB
"Either the Spanish word 'y' means 'and' or the Spanish word 'ciudad' means 'city', but not both.",sp_en_trans,The Spanish word 'y' means 'and'.,The Spanish word 'ciudad' means 'city'.,1,1,TT,xor,AB
"Either the city of Baoji is in China or the city of Zhoushan is in China, but not both.",cities,The city of Zhoushan is in China.,The city of Baoji is in China.,1,1,TT,xor,BA
"Either the Spanish word 'amigo' means 'friend' or the Spanish word 'escribir' means 'to die', but not both.",sp_en_trans,The Spanish word 'amigo' means 'friend'.,The Spanish word 'escribir' means 'to die'.,1,0,TF,xor,AB
"Either Daniel Fahrenheit lived in Canada/the U.S or Jean-Bernard-Léon Foucault lived in France, but not both.",inventors,Daniel Fahrenheit lived in Canada/the U.S.,Jean-Bernard-Léon Foucault lived in France.,0,1,FT,xor,AB
"Either the cow is a bird or the goldfish is a mollusk, but not both.",animal_class,The goldfish is a mollusk.,The cow is a bird.,0,0,FF,xor,BA
"Either the city of Algiers is in Lithuania or the city of Siping is in China, but not both.",cities,The city of Algiers is in Lithuania.,The city of Siping is in China.,0,1,FT,xor,AB
"Either Potassium has the symbol K or Sulfur has the symbol S, but not both.",element_symb,Potassium has the symbol K.,Sulfur has the symbol S.,1,1,TT,xor,AB
"Either the Spanish word 'abrigo' means 'coat' or the Spanish word 'pagar' means 'enough', but not both.",sp_en_trans,The Spanish word 'abrigo' means 'coat'.,The Spanish word 'pagar' means 'enough'.,1,0,TF,xor,AB
"Either the city of Vladivostok is in Russia or the city of Tlaquepaque is in Mozambique, but not both.",cities,The city of Vladivostok is in Russia.,The city of Tlaquepaque is in Mozambique.,1,0,TF,xor,AB
"Either the Spanish word 'noche' means 'night' or the Spanish word 'temprano' means 'nothing', but not both.",sp_en_trans,The Spanish word 'temprano' means 'nothing'.,The Spanish word 'noche' means 'night'.,0,1,FT,xor,BA
"Either the panda is a bird or the salmon is a fish, but not both.",animal_class,The panda is a bird.,The salmon is a fish.,0,1,FT,xor,AB
"Either Linus Torvalds lived in Finland or Paul Gottlieb Nipkow lived in Germany, but not both.",inventors,Linus Torvalds lived in Finland.,Paul Gottlieb Nipkow lived in Germany.,1,1,TT,xor,AB
"Either the city of Madurai is in Yemen or the city of Tangier is in Nepal, but not both.",cities,The city of Tangier is in Nepal.,The city of Madurai is in Yemen.,0,0,FF,xor,BA
"Either the city of Harbin is in China or the city of Sapporo is in Tanzania, but not both.",cities,The city of Sapporo is in Tanzania.,The city of Harbin is in China.,0,1,FT,xor,BA
"Either John Ericsson lived in Sweden or Henry Ford lived in the U.S, but not both.",inventors,Henry Ford lived in the U.S.,John Ericsson lived in Sweden.,1,1,TT,xor,BA
"Either the city of Changshu is in China or the city of Nagoya is in Japan, but not both.",cities,The city of Changshu is in China.,The city of Nagoya is in Japan.,1,1,TT,xor,AB
"Either Emile Berliner lived in Germany/the U.S or Michael Faraday lived in the U.K, but not both.",inventors,Michael Faraday lived in the U.K.,Emile Berliner lived in Germany/the U.S.,1,1,TT,xor,BA
"Either the city of Zapopan is in Mexico or the city of Jamshedpur is in India, but not both.",cities,The city of Jamshedpur is in India.,The city of Zapopan is in Mexico.,1,1,TT,xor,BA
"Either Grace Hopper lived in the U.S or Gideon Sundback lived in Sweden/the U.S, but not both.",inventors,Grace Hopper lived in the U.S.,Gideon Sundback lived in Sweden/the U.S.,1,1,TT,xor,AB
"Either the city of Dammam is in Saudi Arabia or the city of Ashgabat is in Turkmenistan, but not both.",cities,The city of Ashgabat is in Turkmenistan.,The city of Dammam is in Saudi Arabia.,1,1,TT,xor,BA
"Either the Spanish word 'conectar' means 'to connect' or the Spanish word 'caliente' means 'corner', but not both.",sp_en_trans,The Spanish word 'conectar' means 'to connect'.,The Spanish word 'caliente' means 'corner'.,1,0,TF,xor,AB
"Either the city of Siping is in China or the city of Nagoya is in the Dominican Republic, but not both.",cities,The city of Siping is in China.,The city of Nagoya is in the Dominican Republic.,1,0,TF,xor,AB
"Either the Spanish word 'prueba' means 'test' or the Spanish word 'leer' means 'to read', but not both.",sp_en_trans,The Spanish word 'prueba' means 'test'.,The Spanish word 'leer' means 'to read'.,1,1,TT,xor,AB
"Either Iron has the symbol Os or Tantalum has the symbol La, but not both.",element_symb,Iron has the symbol Os.,Tantalum has the symbol La.,0,0,FF,xor,AB
"Either Radon has the symbol Np or Chromium has the symbol Cr, but not both.",element_symb,Chromium has the symbol Cr.,Radon has the symbol Np.,1,0,TF,xor,BA
"Either the Spanish word 'coche' means 'car' or the Spanish word 'hueso' means 'to eat', but not both.",sp_en_trans,The Spanish word 'coche' means 'car'.,The Spanish word 'hueso' means 'to eat'.,1,0,TF,xor,AB
"Either the chicken is a bird or the squirrel is a mammal, but not both.",animal_class,The squirrel is a mammal.,The chicken is a bird.,1,1,TT,xor,BA
"Either the city of Luzhou is in China or the city of Saint Petersburg is in Kuwait, but not both.",cities,The city of Saint Petersburg is in Kuwait.,The city of Luzhou is in China.,0,1,FT,xor,BA
"Either Nickel has the symbol Os or Krypton has the symbol Kr, but not both.",element_symb,Nickel has the symbol Os.,Krypton has the symbol Kr.,0,1,FT,xor,AB
"Either the city of Durban is in South Africa or the city of Aguascalientes is in Mexico, but not both.",cities,The city of Durban is in South Africa.,The city of Aguascalientes is in Mexico.,1,1,TT,xor,AB
"Either the city of Denpasar is in Nepal or the city of Salta is in Cambodia, but not both.",cities,The city of Denpasar is in Nepal.,The city of Salta is in Cambodia.,0,0,FF,xor,AB
"Either the Spanish word 'vender' means 'to sell' or the Spanish word 'familia' means 'family', but not both.",sp_en_trans,The Spanish word 'vender' means 'to sell'.,The Spanish word 'familia' means 'family'.,1,1,TT,xor,AB
"Either the Spanish word 'temprano' means 'early' or the Spanish word 'leer' means 'to read', but not both.",sp_en_trans,The Spanish word 'temprano' means 'early'.,The Spanish word 'leer' means 'to read'.,1,1,TT,xor,AB
"Either the city of Ahmedabad is in India or the city of Warangal is in India, but not both.",cities,The city of Warangal is in India.,The city of Ahmedabad is in India.,1,1,TT,xor,BA
"Either Astatine has the symbol At or Palladium has the symbol Pd, but not both.",element_symb,Astatine has the symbol At.,Palladium has the symbol Pd.,1,1,TT,xor,AB
"Either the city of Hwaseong-si is in South Korea or the city of Rostov-na-Donu is in Russia, but not both.",cities,The city of Hwaseong-si is in South Korea.,The city of Rostov-na-Donu is in Russia.,1,1,TT,xor,AB
"Either Radon has the symbol Rn or Molybdenum has the symbol Mo, but not both.",element_symb,Radon has the symbol Rn.,Molybdenum has the symbol Mo.,1,1,TT,xor,AB
"Either the city of Santiago de los Caballeros is in the Dominican Republic or the city of Port Harcourt is in Malaysia, but not both.",cities,The city of Santiago de los Caballeros is in the Dominican Republic.,The city of Port Harcourt is in Malaysia.,1,0,TF,xor,AB
"Either the city of Algiers is in Algeria or the city of Budapest is in Hungary, but not both.",cities,The city of Algiers is in Algeria.,The city of Budapest is in Hungary.,1,1,TT,xor,AB
"Either the Spanish word 'caliente' means 'hot' or the Spanish word 'pierna' means 'to draw', but not both.",sp_en_trans,The Spanish word 'caliente' means 'hot'.,The Spanish word 'pierna' means 'to draw'.,1,0,TF,xor,AB
"Either Igor Tamm lived in Russia or Whitcomb Judson lived in the U.S, but not both.",inventors,Whitcomb Judson lived in the U.S.,Igor Tamm lived in Russia.,1,1,TT,xor,BA
"Either Platinum has the symbol Pt or Actinium has the symbol Ac, but not both.",element_symb,Platinum has the symbol Pt.,Actinium has the symbol Ac.,1,1,TT,xor,AB
"Either the hedgehog is a fish or the lion is a cnidarian, but not both.",animal_class,The hedgehog is a fish.,The lion is a cnidarian.,0,0,FF,xor,AB
"Either the Spanish word 'abrigo' means 'to eat' or the Spanish word 'ejemplo' means 'to see', but not both.",sp_en_trans,The Spanish word 'ejemplo' means 'to see'.,The Spanish word 'abrigo' means 'to eat'.,0,0,FF,xor,BA
"Either the city of Pimpri is in India or the city of Jamshedpur is in India, but not both.",cities,The city of Jamshedpur is in India.,The city of Pimpri is in India.,1,1,TT,xor,BA
"Either the porcupine is a bird or the bee is a mollusk, but not both.",animal_class,The bee is a mollusk.,The porcupine is a bird.,0,0,FF,xor,BA
"Either Radium has the symbol Pr or Tellurium has the symbol Zn, but not both.",element_symb,Tellurium has the symbol Zn.,Radium has the symbol Pr.,0,0,FF,xor,BA
"Either the Spanish word 'lento' means 'cook' or the Spanish word 'perro' means 'dog', but not both.",sp_en_trans,The Spanish word 'perro' means 'dog'.,The Spanish word 'lento' means 'cook'.,1,0,TF,xor,BA
"Either the lion is a mammal or the tortoise is a reptile, but not both.",animal_class,The tortoise is a reptile.,The lion is a mammal.,1,1,TT,xor,BA
"Either Elisha Gray lived in the U.K or Georges Claude lived in Sweden/the U.S, but not both.",inventors,Elisha Gray lived in the U.K.,Georges Claude lived in Sweden/the U.S.,0,0,FF,xor,AB
"Either Otis Boykin lived in the U.S or Daniel Fahrenheit lived in Poland/Germany, but not both.",inventors,Daniel Fahrenheit lived in Poland/Germany.,Otis Boykin lived in the U.S.,1,1,TT,xor,BA
"Either Tellurium has the symbol Zn or Lead has the symbol Pb, but not both.",element_symb,Tellurium has the symbol Zn.,Lead has the symbol Pb.,0,1,FT,xor,AB
"Either Praseodymium has the symbol Pr or Holmium has the symbol Ho, but not both.",element_symb,Holmium has the symbol Ho.,Praseodymium has the symbol Pr.,1,1,TT,xor,BA
"Either the city of Tucson is in Armenia or the city of Xiamen is in China, but not both.",cities,The city of Xiamen is in China.,The city of Tucson is in Armenia.,1,0,TF,xor,BA
"Either Candace Pert lived in the U.S or John Atanasoff lived in Croatia, but not both.",inventors,Candace Pert lived in the U.S.,John Atanasoff lived in Croatia.,1,0,TF,xor,AB
"Either Paul Gottlieb Nipkow lived in Germany or Linus Torvalds lived in Finland, but not both.",inventors,Linus Torvalds lived in Finland.,Paul Gottlieb Nipkow lived in Germany.,1,1,TT,xor,BA
"Either the Spanish word 'elegir' means 'to connect' or the Spanish word 'suficiente' means 'enough', but not both.",sp_en_trans,The Spanish word 'elegir' means 'to connect'.,The Spanish word 'suficiente' means 'enough'.,0,1,FT,xor,AB
"Either the Spanish word 'pagar' means 'enough' or the Spanish word 'abrigo' means 'coat', but not both.",sp_en_trans,The Spanish word 'abrigo' means 'coat'.,The Spanish word 'pagar' means 'enough'.,1,0,TF,xor,BA
"Either the moose is a reptile or the hummingbird is a crustacean, but not both.",animal_class,The moose is a reptile.,The hummingbird is a crustacean.,0,0,FF,xor,AB
"Either Copper has the symbol La or Dysprosium has the symbol I, but not both.",element_symb,Dysprosium has the symbol I.,Copper has the symbol La.,0,0,FF,xor,BA
"Either the Spanish word 'hielo' means 'ice' or the Spanish word 'palabra' means 'word', but not both.",sp_en_trans,The Spanish word 'hielo' means 'ice'.,The Spanish word 'palabra' means 'word'.,1,1,TT,xor,AB
"Either the city of Yaounde is in Cameroon or the city of Ganzhou is in China, but not both.",cities,The city of Ganzhou is in China.,The city of Yaounde is in Cameroon.,1,1,TT,xor,BA
"Either John Atanasoff lived in Croatia or Candace Pert lived in the U.S, but not both.",inventors,Candace Pert lived in the U.S.,John Atanasoff lived in Croatia.,1,0,TF,xor,BA
"Either the deer is a reptile or the iguana is a reptile, but not both.",animal_class,The iguana is a reptile.,The deer is a reptile.,1,0,TF,xor,BA
"Either the cow is a mammal or the goldfish is a mollusk, but not both.",animal_class,The goldfish is a mollusk.,The cow is a mammal.,0,1,FT,xor,BA
"Either Paul Gottlieb Nipkow lived in Germany or Louis Pasteur lived in France, but not both.",inventors,Louis Pasteur lived in France.,Paul Gottlieb Nipkow lived in Germany.,1,1,TT,xor,BA
"Either the Spanish word 'lento' means 'cook' or the Spanish word 'perro' means 'class', but not both.",sp_en_trans,The Spanish word 'perro' means 'class'.,The Spanish word 'lento' means 'cook'.,0,0,FF,xor,BA
"Either Whitcomb Judson lived in Sweden/the U.S or Igor Tamm lived in Denmark, but not both.",inventors,Whitcomb Judson lived in Sweden/the U.S.,Igor Tamm lived in Denmark.,0,0,FF,xor,AB
"Either Cobalt has the symbol H or Hydrogen has the symbol Cl, but not both.",element_symb,Cobalt has the symbol H.,Hydrogen has the symbol Cl.,0,0,FF,xor,AB
"Either the raccoon is a bird or the porcupine is a bird, but not both.",animal_class,The porcupine is a bird.,The raccoon is a bird.,0,0,FF,xor,BA
"Either the city of Quito is in Ecuador or the city of Gaziantep is in Ghana, but not both.",cities,The city of Gaziantep is in Ghana.,The city of Quito is in Ecuador.,0,1,FT,xor,BA
"Either Cerium has the symbol Ce or Cadmium has the symbol Pr, but not both.",element_symb,Cadmium has the symbol Pr.,Cerium has the symbol Ce.,0,1,FT,xor,BA
"Either Actinium has the symbol Ac or Platinum has the symbol Pt, but not both.",element_symb,Platinum has the symbol Pt.,Actinium has the symbol Ac.,1,1,TT,xor,BA
"Either the city of Khulna is in Bangladesh or the city of Peshawar is in Pakistan, but not both.",cities,The city of Peshawar is in Pakistan.,The city of Khulna is in Bangladesh.,1,1,TT,xor,BA
"Either Rubidium has the symbol Rb or Francium has the symbol Fr, but not both.",element_symb,Francium has the symbol Fr.,Rubidium has the symbol Rb.,1,1,TT,xor,BA
"Either the salmon is a fish or the panda is a bird, but not both.",animal_class,The panda is a bird.,The salmon is a fish.,0,1,FT,xor,BA
"Either the city of Madurai is in India or the city of Tangier is in Morocco, but not both.",cities,The city of Tangier is in Morocco.,The city of Madurai is in India.,1,1,TT,xor,BA
"Either Lutetium has the symbol V or Lead has the symbol Er, but not both.",element_symb,Lutetium has the symbol V.,Lead has the symbol Er.,0,0,FF,xor,AB
"Either the parrot is a bird or the camel is a crustacean, but not both.",animal_class,The parrot is a bird.,The camel is a crustacean.,1,0,TF,xor,AB
"Either the Spanish word 'oferta' means 'offer' or the Spanish word 'semilla' means 'bear', but not both.",sp_en_trans,The Spanish word 'semilla' means 'bear'.,The Spanish word 'oferta' means 'offer'.,0,1,FT,xor,BA
"Either Tellurium has the symbol Te or Lead has the symbol Er, but not both.",element_symb,Tellurium has the symbol Te.,Lead has the symbol Er.,1,0,TF,xor,AB
"Either the city of Linfen is in Uzbekistan or the city of Guigang is in Senegal, but not both.",cities,The city of Guigang is in Senegal.,The city of Linfen is in Uzbekistan.,0,0,FF,xor,BA
"Either the chimpanzee is a mammal or the moose is a reptile, but not both.",animal_class,The moose is a reptile.,The chimpanzee is a mammal.,0,1,FT,xor,BA
"Either Ignazio Porro lived in Italy or Archimedes lived in Ancient Greece, but not both.",inventors,Ignazio Porro lived in Italy.,Archimedes lived in Ancient Greece.,1,1,TT,xor,AB
"Either the city of Peshawar is in Sweden or the city of Khulna is in Bangladesh, but not both.",cities,The city of Peshawar is in Sweden.,The city of Khulna is in Bangladesh.,0,1,FT,xor,AB
"Either Radon has the symbol Rn or Scandium has the symbol Sc, but not both.",element_symb,Scandium has the symbol Sc.,Radon has the symbol Rn.,1,1,TT,xor,BA
"Either Sulfur has the symbol S or Potassium has the symbol K, but not both.",element_symb,Potassium has the symbol K.,Sulfur has the symbol S.,1,1,TT,xor,BA
"Either the seagull is a bird or the panda is a mammal, but not both.",animal_class,The seagull is a bird.,The panda is a mammal.,1,1,TT,xor,AB
"Either the city of Guigang is in Senegal or the city of Linfen is in China, but not both.",cities,The city of Guigang is in Senegal.,The city of Linfen is in China.,0,1,FT,xor,AB
"Either the porcupine is a bird or the raccoon is a mammal, but not both.",animal_class,The porcupine is a bird.,The raccoon is a mammal.,0,1,FT,xor,AB
"Either Karl Benz lived in Germany or Joseph Henry lived in Scotland, but not both.",inventors,Karl Benz lived in Germany.,Joseph Henry lived in Scotland.,1,0,TF,xor,AB
"Either Tellurium has the symbol Te or Radium has the symbol Pr, but not both.",element_symb,Tellurium has the symbol Te.,Radium has the symbol Pr.,1,0,TF,xor,AB
"Either the Spanish word 'enviar' means 'to send' or the Spanish word 'caer' means 'sun', but not both.",sp_en_trans,The Spanish word 'enviar' means 'to send'.,The Spanish word 'caer' means 'sun'.,1,0,TF,xor,AB
"Either Percy Spencer lived in the U.S or John von Neumann lived in Hungary/the U.S, but not both.",inventors,John von Neumann lived in Hungary/the U.S.,Percy Spencer lived in the U.S.,1,1,TT,xor,BA
"Either David Schwarz lived in Finland or James West lived in China, but not both.",inventors,James West lived in China.,David Schwarz lived in Finland.,0,0,FF,xor,BA
"Either the Spanish word 'roca' means 'rock' or the Spanish word 'higo' means 'fig', but not both.",sp_en_trans,The Spanish word 'higo' means 'fig'.,The Spanish word 'roca' means 'rock'.,1,1,TT,xor,BA
"Either the goldfish is a fish or the cow is a mammal, but not both.",animal_class,The goldfish is a fish.,The cow is a mammal.,1,1,TT,xor,AB
"Either Konrad Zuse lived in Germany or Edwin Link lived in the U.S, but not both.",inventors,Konrad Zuse lived in Germany.,Edwin Link lived in the U.S.,1,1,TT,xor,AB
"Either the chicken is a bird or the sparrow is a crustacean, but not both.",animal_class,The chicken is a bird.,The sparrow is a crustacean.,1,0,TF,xor,AB
"Either Radon has the symbol Rn or Rhenium has the symbol Re, but not both.",element_symb,Radon has the symbol Rn.,Rhenium has the symbol Re.,1,1,TT,xor,AB
"Either the Spanish word 'hueso' means 'bone' or the Spanish word 'mujer' means 'woman', but not both.",sp_en_trans,The Spanish word 'mujer' means 'woman'.,The Spanish word 'hueso' means 'bone'.,1,1,TT,xor,BA
"Either Tantalum has the symbol Ta or Iron has the symbol Os, but not both.",element_symb,Iron has the symbol Os.,Tantalum has the symbol Ta.,0,1,FT,xor,BA
"Either the chimpanzee is a mammal or the axolotl is a fish, but not both.",animal_class,The axolotl is a fish.,The chimpanzee is a mammal.,0,1,FT,xor,BA
"Either the deer is a reptile or the kangaroo is a reptile, but not both.",animal_class,The kangaroo is a reptile.,The deer is a reptile.,0,0,FF,xor,BA
"Either the parrot is a arachnid or the camel is a crustacean, but not both.",animal_class,The parrot is a arachnid.,The camel is a crustacean.,0,0,FF,xor,AB
"Either the bee is a mollusk or the porcupine is a mammal, but not both.",animal_class,The bee is a mollusk.,The porcupine is a mammal.,0,1,FT,xor,AB
"Either Zinc has the symbol Zn or Manganese has the symbol Mn, but not both.",element_symb,Manganese has the symbol Mn.,Zinc has the symbol Zn.,1,1,TT,xor,BA
"Either the Spanish word 'lento' means 'slow' or the Spanish word 'perro' means 'class', but not both.",sp_en_trans,The Spanish word 'perro' means 'class'.,The Spanish word 'lento' means 'slow'.,0,1,FT,xor,BA
"Either Palladium has the symbol Ir or Astatine has the symbol Ca, but not both.",element_symb,Astatine has the symbol Ca.,Palladium has the symbol Ir.,0,0,FF,xor,BA
"Either the city of Osaka is in Tajikistan or the city of Khulna is in Bangladesh, but not both.",cities,The city of Osaka is in Tajikistan.,The city of Khulna is in Bangladesh.,0,1,FT,xor,AB
"Either the Spanish word 'familia' means 'family' or the Spanish word 'vender' means 'to sell', but not both.",sp_en_trans,The Spanish word 'vender' means 'to sell'.,The Spanish word 'familia' means 'family'.,1,1,TT,xor,BA
"Either the goldfish is a mollusk or the cow is a mammal, but not both.",animal_class,The goldfish is a mollusk.,The cow is a mammal.,0,1,FT,xor,AB
"Either the frog is a bird or the bee is a insect, but not both.",animal_class,The bee is a insect.,The frog is a bird.,1,0,TF,xor,BA
"Either the camel is a crustacean or the parrot is a arachnid, but not both.",animal_class,The parrot is a arachnid.,The camel is a crustacean.,0,0,FF,xor,BA
"Either the hippopotamus is a mammal or the hummingbird is a crustacean, but not both.",animal_class,The hummingbird is a crustacean.,The hippopotamus is a mammal.,0,1,FT,xor,BA
"Either Technetium has the symbol Tc or Lanthanum has the symbol La, but not both.",element_symb,Lanthanum has the symbol La.,Technetium has the symbol Tc.,1,1,TT,xor,BA
"Either Holmium has the symbol Ho or Praseodymium has the symbol I, but not both.",element_symb,Holmium has the symbol Ho.,Praseodymium has the symbol I.,1,0,TF,xor,AB
"Either Jacob Perkins lived in the U.S or John Boyd Dunlop lived in Scotland, but not both.",inventors,John Boyd Dunlop lived in Scotland.,Jacob Perkins lived in the U.S.,1,1,TT,xor,BA
"Either Magnesium has the symbol Mg or Germanium has the symbol Ge, but not both.",element_symb,Germanium has the symbol Ge.,Magnesium has the symbol Mg.,1,1,TT,xor,BA
"Either the Spanish word 'vender' means 'son' or the Spanish word 'familia' means 'dog', but not both.",sp_en_trans,The Spanish word 'vender' means 'son'.,The Spanish word 'familia' means 'dog'.,0,0,FF,xor,AB
"Either Potassium has the symbol K or Germanium has the symbol Ra, but not both.",element_symb,Germanium has the symbol Ra.,Potassium has the symbol K.,0,1,FT,xor,BA
"Either the Spanish word 'delgado' means 'thin' or the Spanish word 'hijo' means 'son', but not both.",sp_en_trans,The Spanish word 'delgado' means 'thin'.,The Spanish word 'hijo' means 'son'.,1,1,TT,xor,AB
"Either the skunk is a mammal or the peacock is a bird, but not both.",animal_class,The peacock is a bird.,The skunk is a mammal.,1,1,TT,xor,BA
"Either Galileo Galilei lived in Italy or Charles Townes lived in Croatia, but not both.",inventors,Galileo Galilei lived in Italy.,Charles Townes lived in Croatia.,1,0,TF,xor,AB
"Either the city of Harbin is in China or the city of Sapporo is in Japan, but not both.",cities,The city of Sapporo is in Japan.,The city of Harbin is in China.,1,1,TT,xor,BA
"Either the Spanish word 'caer' means 'sun' or the Spanish word 'enviar' means 'city', but not both.",sp_en_trans,The Spanish word 'enviar' means 'city'.,The Spanish word 'caer' means 'sun'.,0,0,FF,xor,BA
"Either Lead has the symbol Pb or Lutetium has the symbol V, but not both.",element_symb,Lutetium has the symbol V.,Lead has the symbol Pb.,0,1,FT,xor,BA
"Either the city of Xiamen is in Madagascar or the city of Tucson is in the United States, but not both.",cities,The city of Xiamen is in Madagascar.,The city of Tucson is in the United States.,0,1,FT,xor,AB
"Either Osmium has the symbol Os or Thallium has the symbol Tl, but not both.",element_symb,Osmium has the symbol Os.,Thallium has the symbol Tl.,1,1,TT,xor,AB
"Either Lanthanum has the symbol La or Technetium has the symbol Tc, but not both.",element_symb,Lanthanum has the symbol La.,Technetium has the symbol Tc.,1,1,TT,xor,AB
"Either the salmon is a crustacean or the goat is a reptile, but not both.",animal_class,The salmon is a crustacean.,The goat is a reptile.,0,0,FF,xor,AB
"Either the Spanish word 'caer' means 'sun' or the Spanish word 'enviar' means 'to send', but not both.",sp_en_trans,The Spanish word 'enviar' means 'to send'.,The Spanish word 'caer' means 'sun'.,1,0,TF,xor,BA
"Either Arthur Pitney lived in the U.S or James Starley lived in the U.K, but not both.",inventors,Arthur Pitney lived in the U.S.,James Starley lived in the U.K.,1,1,TT,xor,AB
"Either Charles Francis Richter lived in the U.S or Igor Tamm lived in Russia, but not both.",inventors,Igor Tamm lived in Russia.,Charles Francis Richter lived in the U.S.,1,1,TT,xor,BA
"Either the Spanish word 'desarrollar' means 'to develop' or the Spanish word 'viejo' means 'old', but not both.",sp_en_trans,The Spanish word 'viejo' means 'old'.,The Spanish word 'desarrollar' means 'to develop'.,1,1,TT,xor,BA
"Either the city of Paranaque City is in the Philippines or the city of Klang is in South Africa, but not both.",cities,The city of Paranaque City is in the Philippines.,The city of Klang is in South Africa.,1,0,TF,xor,AB
"Either Arthur Fry lived in the U.S or Leon Theremin lived in Russia, but not both.",inventors,Leon Theremin lived in Russia.,Arthur Fry lived in the U.S.,1,1,TT,xor,BA
"Either the Spanish word 'papel' means 'paper' or the Spanish word 'concha' means 'giraffe', but not both.",sp_en_trans,The Spanish word 'papel' means 'paper'.,The Spanish word 'concha' means 'giraffe'.,1,0,TF,xor,AB
"Either the city of Linfen is in China or the city of Guigang is in China, but not both.",cities,The city of Guigang is in China.,The city of Linfen is in China.,1,1,TT,xor,BA
"Either Argon has the symbol Ar or Rhenium has the symbol Pb, but not both.",element_symb,Argon has the symbol Ar.,Rhenium has the symbol Pb.,1,0,TF,xor,AB
"Either Tantalum has the symbol Ta or Promethium has the symbol Bi, but not both.",element_symb,Promethium has the symbol Bi.,Tantalum has the symbol Ta.,0,1,FT,xor,BA
"Either the Spanish word 'papel' means 'paper' or the Spanish word 'concha' means 'shell', but not both.",sp_en_trans,The Spanish word 'papel' means 'paper'.,The Spanish word 'concha' means 'shell'.,1,1,TT,xor,AB
"Either Joseph Henry lived in the U.S or Karl Benz lived in Croatia, but not both.",inventors,Karl Benz lived in Croatia.,Joseph Henry lived in the U.S.,0,1,FT,xor,BA
"Either the Spanish word 'aceite' means 'son' or the Spanish word 'olor' means 'smell', but not both.",sp_en_trans,The Spanish word 'olor' means 'smell'.,The Spanish word 'aceite' means 'son'.,1,0,TF,xor,BA
"Either Michael Faraday lived in Croatia or Sir Frank Whittle lived in the Netherlands, but not both.",inventors,Sir Frank Whittle lived in the Netherlands.,Michael Faraday lived in Croatia.,0,0,FF,xor,BA
"Either Philipp Reis lived in Germany or Edwin Herbert Hall lived in the U.S, but not both.",inventors,Philipp Reis lived in Germany.,Edwin Herbert Hall lived in the U.S.,1,1,TT,xor,AB
"Either the Spanish word 'vender' means 'to sell' or the Spanish word 'familia' means 'dog', but not both.",sp_en_trans,The Spanish word 'vender' means 'to sell'.,The Spanish word 'familia' means 'dog'.,1,0,TF,xor,AB
"Either Osmium has the symbol P or Thallium has the symbol Fe, but not both.",element_symb,Osmium has the symbol P.,Thallium has the symbol Fe.,0,0,FF,xor,AB
"Either Thulium has the symbol Tm or Sodium has the symbol Na, but not both.",element_symb,Sodium has the symbol Na.,Thulium has the symbol Tm.,1,1,TT,xor,BA
"Either Antimony has the symbol Ca or Zinc has the symbol Ac, but not both.",element_symb,Zinc has the symbol Ac.,Antimony has the symbol Ca.,0,0,FF,xor,BA
"Either the city of Santiago de los Caballeros is in the Dominican Republic or the city of Port Harcourt is in Nigeria, but not both.",cities,The city of Santiago de los Caballeros is in the Dominican Republic.,The city of Port Harcourt is in Nigeria.,1,1,TT,xor,AB
"Either the city of Pimpri is in Sweden or the city of Jamshedpur is in Kenya, but not both.",cities,The city of Jamshedpur is in Kenya.,The city of Pimpri is in Sweden.,0,0,FF,xor,BA
"Either the Spanish word 'pierna' means 'leg' or the Spanish word 'caliente' means 'hot', but not both.",sp_en_trans,The Spanish word 'caliente' means 'hot'.,The Spanish word 'pierna' means 'leg'.,1,1,TT,xor,BA
"Either David Schwarz lived in Croatia or James West lived in China, but not both.",inventors,James West lived in China.,David Schwarz lived in Croatia.,0,1,FT,xor,BA
"Either Tantalum has the symbol La or Barium has the symbol Kr, but not both.",element_symb,Tantalum has the symbol La.,Barium has the symbol Kr.,0,0,FF,xor,AB
"Either the llama is a mollusk or the gorilla is a reptile, but not both.",animal_class,The llama is a mollusk.,The gorilla is a reptile.,0,0,FF,xor,AB
"Either the city of Kyiv is in Ukraine or the city of Agadir is in Morocco, but not both.",cities,The city of Kyiv is in Ukraine.,The city of Agadir is in Morocco.,1,1,TT,xor,AB
"Either Nickel has the symbol Ni or Krypton has the symbol Kr, but not both.",element_symb,Nickel has the symbol Ni.,Krypton has the symbol Kr.,1,1,TT,xor,AB
"Either the Spanish word 'abrigo' means 'to eat' or the Spanish word 'pagar' means 'enough', but not both.",sp_en_trans,The Spanish word 'abrigo' means 'to eat'.,The Spanish word 'pagar' means 'enough'.,0,0,FF,xor,AB
"Either the Spanish word 'veinte' means 'shell' or the Spanish word 'presente' means 'present', but not both.",sp_en_trans,The Spanish word 'veinte' means 'shell'.,The Spanish word 'presente' means 'present'.,0,1,FT,xor,AB
"Either Thulium has the symbol Tm or Iron has the symbol Os, but not both.",element_symb,Thulium has the symbol Tm.,Iron has the symbol Os.,1,0,TF,xor,AB
"Either Lutetium has the symbol Lu or Lead has the symbol Er, but not both.",element_symb,Lutetium has the symbol Lu.,Lead has the symbol Er.,1,0,TF,xor,AB
"Either the Spanish word 'esquina' means 'corner' or the Spanish word 'pero' means 'but', but not both.",sp_en_trans,The Spanish word 'pero' means 'but'.,The Spanish word 'esquina' means 'corner'.,1,1,TT,xor,BA
"Either Ignazio Porro lived in Austria/the U.S or Archimedes lived in Ancient Greece, but not both.",inventors,Ignazio Porro lived in Austria/the U.S.,Archimedes lived in Ancient Greece.,0,1,FT,xor,AB
"Either Tantalum has the symbol La or Iron has the symbol Os, but not both.",element_symb,Iron has the symbol Os.,Tantalum has the symbol La.,0,0,FF,xor,BA
"Either the city of Nagoya is in Japan or the city of Siping is in China, but not both.",cities,The city of Siping is in China.,The city of Nagoya is in Japan.,1,1,TT,xor,BA
"Either the city of Uberlandia is in Turkey or the city of Santo Domingo Oeste is in Cameroon, but not both.",cities,The city of Uberlandia is in Turkey.,The city of Santo Domingo Oeste is in Cameroon.,0,0,FF,xor,AB
"Either Molybdenum has the symbol Mo or Radon has the symbol Rn, but not both.",element_symb,Radon has the symbol Rn.,Molybdenum has the symbol Mo.,1,1,TT,xor,BA
"Either the seagull is a bird or the flamingo is a amphibian, but not both.",animal_class,The flamingo is a amphibian.,The seagull is a bird.,0,1,FT,xor,BA
"Either the city of N'Djamena is in Chad or the city of Kunming is in China, but not both.",cities,The city of N'Djamena is in Chad.,The city of Kunming is in China.,1,1,TT,xor,AB
"Either the rat is a mammal or the goat is a reptile, but not both.",animal_class,The rat is a mammal.,The goat is a reptile.,1,0,TF,xor,AB
"Either Chlorine has the symbol Pt or Platinum has the symbol Pt, but not both.",element_symb,Chlorine has the symbol Pt.,Platinum has the symbol Pt.,0,1,FT,xor,AB
"Either the Spanish word 'viejo' means 'old' or the Spanish word 'desarrollar' means 'sand', but not both.",sp_en_trans,The Spanish word 'viejo' means 'old'.,The Spanish word 'desarrollar' means 'sand'.,1,0,TF,xor,AB
"Either the city of Osaka is in Japan or the city of Khulna is in Nigeria, but not both.",cities,The city of Osaka is in Japan.,The city of Khulna is in Nigeria.,1,0,TF,xor,AB
"Either the city of Warangal is in Ethiopia or the city of Ahmedabad is in India, but not both.",cities,The city of Warangal is in Ethiopia.,The city of Ahmedabad is in India.,0,1,FT,xor,AB
"Either Krypton has the symbol Zr or Nickel has the symbol Ni, but not both.",element_symb,Nickel has the symbol Ni.,Krypton has the symbol Zr.,1,0,TF,xor,BA
"Either the chimpanzee is a insect or the hyena is a mammal, but not both.",animal_class,The hyena is a mammal.,The chimpanzee is a insect.,1,0,TF,xor,BA
"Either Barium has the symbol Kr or Tantalum has the symbol Ta, but not both.",element_symb,Tantalum has the symbol Ta.,Barium has the symbol Kr.,1,0,TF,xor,BA
"Either Radium has the symbol Pr or Tellurium has the symbol Te, but not both.",element_symb,Tellurium has the symbol Te.,Radium has the symbol Pr.,1,0,TF,xor,BA
"Either the zebra is a arachnid or the walrus is a mammal, but not both.",animal_class,The walrus is a mammal.,The zebra is a arachnid.,1,0,TF,xor,BA
"Either the Spanish word 'lista' means 'voice' or the Spanish word 'cabeza' means 'south', but not both.",sp_en_trans,The Spanish word 'cabeza' means 'south'.,The Spanish word 'lista' means 'voice'.,0,0,FF,xor,BA
"Either the kangaroo is a mammal or the deer is a reptile, but not both.",animal_class,The kangaroo is a mammal.,The deer is a reptile.,1,0,TF,xor,AB
"Either Sir Frank Whittle lived in the Netherlands or Michael Faraday lived in the U.K, but not both.",inventors,Sir Frank Whittle lived in the Netherlands.,Michael Faraday lived in the U.K.,0,1,FT,xor,AB
"Either the gorilla is a mammal or the llama is a mammal, but not both.",animal_class,The llama is a mammal.,The gorilla is a mammal.,1,1,TT,xor,BA
"Either the Spanish word 'fuego' means 'fire' or the Spanish word 'caliente' means 'corner', but not both.",sp_en_trans,The Spanish word 'caliente' means 'corner'.,The Spanish word 'fuego' means 'fire'.,0,1,FT,xor,BA
"Either the Spanish word 'mar' means 'sea' or the Spanish word 'pasar' means 'to pass', but not both.",sp_en_trans,The Spanish word 'mar' means 'sea'.,The Spanish word 'pasar' means 'to pass'.,1,1,TT,xor,AB
"Either the llama is a mollusk or the slug is a mollusk, but not both.",animal_class,The slug is a mollusk.,The llama is a mollusk.,1,0,TF,xor,BA
"Either the gorilla is a mammal or the hamster is a mammal, but not both.",animal_class,The gorilla is a mammal.,The hamster is a mammal.,1,1,TT,xor,AB
"Either the seagull is a bird or the flamingo is a bird, but not both.",animal_class,The flamingo is a bird.,The seagull is a bird.,1,1,TT,xor,BA
"Either the rat is a arachnid or the goat is a mammal, but not both.",animal_class,The rat is a arachnid.,The goat is a mammal.,0,1,FT,xor,AB
"Either the Spanish word 'vender' means 'to sell' or the Spanish word 'desarrollar' means 'sand', but not both.",sp_en_trans,The Spanish word 'desarrollar' means 'sand'.,The Spanish word 'vender' means 'to sell'.,0,1,FT,xor,BA
"Either Ralph H. Baer lived in Finland or Hans Oersted lived in Denmark, but not both.",inventors,Ralph H. Baer lived in Finland.,Hans Oersted lived in Denmark.,0,1,FT,xor,AB
"Either the Spanish word 'hueso' means 'to eat' or the Spanish word 'coche' means 'month', but not both.",sp_en_trans,The Spanish word 'coche' means 'month'.,The Spanish word 'hueso' means 'to eat'.,0,0,FF,xor,BA
"Either the city of Algiers is in Algeria or the city of Cochin is in India, but not both.",cities,The city of Cochin is in India.,The city of Algiers is in Algeria.,1,1,TT,xor,BA
"Either the camel is a mammal or the skunk is a mammal, but not both.",animal_class,The camel is a mammal.,The skunk is a mammal.,1,1,TT,xor,AB
"Either the Spanish word 'perro' means 'class' or the Spanish word 'lento' means 'slow', but not both.",sp_en_trans,The Spanish word 'perro' means 'class'.,The Spanish word 'lento' means 'slow'.,0,1,FT,xor,AB
"Either the city of Hanoi is in Vietnam or the city of Lubumbashi is in the Democratic Republic of the Congo, but not both.",cities,The city of Hanoi is in Vietnam.,The city of Lubumbashi is in the Democratic Republic of the Congo.,1,1,TT,xor,AB
"Either Nicolas Appert lived in Poland/France or Marie Curie lived in Poland/Germany, but not both.",inventors,Marie Curie lived in Poland/Germany.,Nicolas Appert lived in Poland/France.,0,0,FF,xor,BA
"Either the hippopotamus is a mammal or the hummingbird is a bird, but not both.",animal_class,The hummingbird is a bird.,The hippopotamus is a mammal.,1,1,TT,xor,BA
"Either the skunk is a mammal or the camel is a mammal, but not both.",animal_class,The camel is a mammal.,The skunk is a mammal.,1,1,TT,xor,BA
"Either the city of Xiamen is in China or the city of Tucson is in the United States, but not both.",cities,The city of Xiamen is in China.,The city of Tucson is in the United States.,1,1,TT,xor,AB
"Either Copper has the symbol La or Dysprosium has the symbol Dy, but not both.",element_symb,Dysprosium has the symbol Dy.,Copper has the symbol La.,1,0,TF,xor,BA
"Either the city of Curitiba is in Brazil or the city of Huainan is in China, but not both.",cities,The city of Huainan is in China.,The city of Curitiba is in Brazil.,1,1,TT,xor,BA
"Either the Spanish word 'caliente' means 'hot' or the Spanish word 'conectar' means 'to sell', but not both.",sp_en_trans,The Spanish word 'conectar' means 'to sell'.,The Spanish word 'caliente' means 'hot'.,0,1,FT,xor,BA
"Either the hyena is a mammal or the chimpanzee is a insect, but not both.",animal_class,The hyena is a mammal.,The chimpanzee is a insect.,1,0,TF,xor,AB
"Either Leon Theremin lived in Russia or Arthur Fry lived in Croatia, but not both.",inventors,Leon Theremin lived in Russia.,Arthur Fry lived in Croatia.,1,0,TF,xor,AB
"Either the moose is a mammal or the hummingbird is a crustacean, but not both.",animal_class,The moose is a mammal.,The hummingbird is a crustacean.,1,0,TF,xor,AB
"Either the city of Indore is in Argentina or the city of Lodz is in Niger, but not both.",cities,The city of Lodz is in Niger.,The city of Indore is in Argentina.,0,0,FF,xor,BA
"Either Sir Sandford Fleming lived in Canada or Narinder Singh Kapany lived in India, but not both.",inventors,Sir Sandford Fleming lived in Canada.,Narinder Singh Kapany lived in India.,1,1,TT,xor,AB
"Either Elisha Gray lived in the U.S or Georges Claude lived in Sweden/the U.S, but not both.",inventors,Elisha Gray lived in the U.S.,Georges Claude lived in Sweden/the U.S.,1,0,TF,xor,AB
"Either the Spanish word 'veinte' means 'shell' or the Spanish word 'presente' means 'problem', but not both.",sp_en_trans,The Spanish word 'veinte' means 'shell'.,The Spanish word 'presente' means 'problem'.,0,0,FF,xor,AB
"Either the city of Lodz is in Niger or the city of Indore is in India, but not both.",cities,The city of Lodz is in Niger.,The city of Indore is in India.,0,1,FT,xor,AB
"Either the city of Irkutsk is in Russia or the city of Vijayawada is in China, but not both.",cities,The city of Irkutsk is in Russia.,The city of Vijayawada is in China.,1,0,TF,xor,AB
"Either the goat is a reptile or the rat is a mammal, but not both.",animal_class,The rat is a mammal.,The goat is a reptile.,1,0,TF,xor,BA
"Either the Spanish word 'amigo' means 'friend' or the Spanish word 'escribir' means 'to write', but not both.",sp_en_trans,The Spanish word 'amigo' means 'friend'.,The Spanish word 'escribir' means 'to write'.,1,1,TT,xor,AB
"Either the city of Chisinau is in Moldova or the city of Krakow is in Poland, but not both.",cities,The city of Chisinau is in Moldova.,The city of Krakow is in Poland.,1,1,TT,xor,AB
"Either the Spanish word 'suficiente' means 'enough' or the Spanish word 'elegir' means 'to connect', but not both.",sp_en_trans,The Spanish word 'elegir' means 'to connect'.,The Spanish word 'suficiente' means 'enough'.,0,1,FT,xor,BA
"Either the llama is a mammal or the gorilla is a reptile, but not both.",animal_class,The llama is a mammal.,The gorilla is a reptile.,1,0,TF,xor,AB
"Either the Spanish word 'primero' means 'first' or the Spanish word 'oscuro' means 'to see', but not both.",sp_en_trans,The Spanish word 'oscuro' means 'to see'.,The Spanish word 'primero' means 'first'.,0,1,FT,xor,BA
"Either the Spanish word 'coche' means 'month' or the Spanish word 'hueso' means 'to eat', but not both.",sp_en_trans,The Spanish word 'coche' means 'month'.,The Spanish word 'hueso' means 'to eat'.,0,0,FF,xor,AB
"Either Osmium has the symbol P or Thallium has the symbol Tl, but not both.",element_symb,Osmium has the symbol P.,Thallium has the symbol Tl.,0,1,FT,xor,AB
"Either the Spanish word 'historia' means 'history' or the Spanish word 'siete' means 'seven', but not both.",sp_en_trans,The Spanish word 'siete' means 'seven'.,The Spanish word 'historia' means 'history'.,1,1,TT,xor,BA
"Either Narinder Singh Kapany lived in Canada/the U.S or John Wesley Hyatt lived in England, but not both.",inventors,John Wesley Hyatt lived in England.,Narinder Singh Kapany lived in Canada/the U.S.,0,0,FF,xor,BA
"Either the hippopotamus is a mammal or the shark is a fish, but not both.",animal_class,The hippopotamus is a mammal.,The shark is a fish.,1,1,TT,xor,AB
"Either the peacock is a insect or the skunk is a mammal, but not both.",animal_class,The peacock is a insect.,The skunk is a mammal.,0,1,FT,xor,AB
"Either Michael Faraday lived in the U.K or Sir Frank Whittle lived in the Netherlands, but not both.",inventors,Sir Frank Whittle lived in the Netherlands.,Michael Faraday lived in the U.K.,0,1,FT,xor,BA
"Either Radon has the symbol Rn or Chromium has the symbol Rb, but not both.",element_symb,Chromium has the symbol Rb.,Radon has the symbol Rn.,0,1,FT,xor,BA
"Either the deer is a reptile or the iguana is a crustacean, but not both.",animal_class,The iguana is a crustacean.,The deer is a reptile.,0,0,FF,xor,BA
"Either Edouard Benedictus lived in France or Evangelista Torricelli lived in Italy, but not both.",inventors,Edouard Benedictus lived in France.,Evangelista Torricelli lived in Italy.,1,1,TT,xor,AB
"Either the pigeon is a bird or the walrus is a mammal, but not both.",animal_class,The walrus is a mammal.,The pigeon is a bird.,1,1,TT,xor,BA
"Either Frederick G. Creed lived in Canada or Ralph Benjamin lived in Poland/France, but not both.",inventors,Frederick G. Creed lived in Canada.,Ralph Benjamin lived in Poland/France.,1,0,TF,xor,AB
"Either Lutetium has the symbol Lu or Samarium has the symbol Sm, but not both.",element_symb,Lutetium has the symbol Lu.,Samarium has the symbol Sm.,1,1,TT,xor,AB
"Either Argon has the symbol Pr or Rubidium has the symbol Rb, but not both.",element_symb,Argon has the symbol Pr.,Rubidium has the symbol Rb.,0,1,FT,xor,AB
"Either James Starley lived in the U.K or Arthur Pitney lived in the U.S, but not both.",inventors,Arthur Pitney lived in the U.S.,James Starley lived in the U.K.,1,1,TT,xor,BA
"Either Argon has the symbol Ar or Rubidium has the symbol Rb, but not both.",element_symb,Argon has the symbol Ar.,Rubidium has the symbol Rb.,1,1,TT,xor,AB
"Either Cerium has the symbol I or Cadmium has the symbol Cd, but not both.",element_symb,Cadmium has the symbol Cd.,Cerium has the symbol I.,1,0,TF,xor,BA
"Either the zebra is a arachnid or the walrus is a cnidarian, but not both.",animal_class,The walrus is a cnidarian.,The zebra is a arachnid.,0,0,FF,xor,BA
"Either Gallium has the symbol Ga or Scandium has the symbol Kr, but not both.",element_symb,Gallium has the symbol Ga.,Scandium has the symbol Kr.,1,0,TF,xor,AB
"Either Daniel Fahrenheit lived in Poland/Germany or Jean-Bernard-Léon Foucault lived in France, but not both.",inventors,Daniel Fahrenheit lived in Poland/Germany.,Jean-Bernard-Léon Foucault lived in France.,1,1,TT,xor,AB
"Either Germanium has the symbol Ge or Potassium has the symbol C, but not both.",element_symb,Germanium has the symbol Ge.,Potassium has the symbol C.,1,0,TF,xor,AB
"Either Ami Argand lived in China or Leonardo da Vinci lived in Sweden/the U.S, but not both.",inventors,Ami Argand lived in China.,Leonardo da Vinci lived in Sweden/the U.S.,0,0,FF,xor,AB
"Either Georges Claude lived in Sweden/the U.S or Henry Bessemer lived in the U.K, but not both.",inventors,Henry Bessemer lived in the U.K.,Georges Claude lived in Sweden/the U.S.,1,0,TF,xor,BA
"Either the Spanish word 'madre' means 'neighbor' or the Spanish word 'fuerza' means 'force', but not both.",sp_en_trans,The Spanish word 'fuerza' means 'force'.,The Spanish word 'madre' means 'neighbor'.,1,0,TF,xor,BA
"Either the Spanish word 'caliente' means 'corner' or the Spanish word 'pierna' means 'leg', but not both.",sp_en_trans,The Spanish word 'caliente' means 'corner'.,The Spanish word 'pierna' means 'leg'.,0,1,FT,xor,AB
"Either Rhenium has the symbol Re or Platinum has the symbol Pt, but not both.",element_symb,Platinum has the symbol Pt.,Rhenium has the symbol Re.,1,1,TT,xor,BA
"Either the panda is a mammal or the seagull is a bird, but not both.",animal_class,The seagull is a bird.,The panda is a mammal.,1,1,TT,xor,BA
"Either the Spanish word 'plata' means 'silver' or the Spanish word 'fuego' means 'fire', but not both.",sp_en_trans,The Spanish word 'fuego' means 'fire'.,The Spanish word 'plata' means 'silver'.,1,1,TT,xor,BA
"Either the hamster is a mammal or the peacock is a bird, but not both.",animal_class,The hamster is a mammal.,The peacock is a bird.,1,1,TT,xor,AB
"Either Fluorine has the symbol Pt or Cobalt has the symbol H, but not both.",element_symb,Fluorine has the symbol Pt.,Cobalt has the symbol H.,0,0,FF,xor,AB
"Either Holmium has the symbol Pd or Praseodymium has the symbol I, but not both.",element_symb,Holmium has the symbol Pd.,Praseodymium has the symbol I.,0,0,FF,xor,AB
"Either Willis Carrier lived in Switzerland or Igor Tamm lived in Russia, but not both.",inventors,Willis Carrier lived in Switzerland.,Igor Tamm lived in Russia.,0,1,FT,xor,AB
"Either John Atanasoff lived in the U.S or Candace Pert lived in Germany, but not both.",inventors,Candace Pert lived in Germany.,John Atanasoff lived in the U.S.,0,1,FT,xor,BA
"Either the moose is a reptile or the chimpanzee is a mammal, but not both.",animal_class,The moose is a reptile.,The chimpanzee is a mammal.,0,1,FT,xor,AB
"Either James Murray Spangler lived in the U.S or Percy Spencer lived in the U.S, but not both.",inventors,James Murray Spangler lived in the U.S.,Percy Spencer lived in the U.S.,1,1,TT,xor,AB
"Either Ignazio Porro lived in Italy or Chester Carlson lived in the U.S, but not both.",inventors,Ignazio Porro lived in Italy.,Chester Carlson lived in the U.S.,1,1,TT,xor,AB
"Either Praseodymium has the symbol I or Holmium has the symbol Pd, but not both.",element_symb,Holmium has the symbol Pd.,Praseodymium has the symbol I.,0,0,FF,xor,BA
"Either Georges Claude lived in Sweden/the U.S or Henry Bessemer lived in Italy, but not both.",inventors,Henry Bessemer lived in Italy.,Georges Claude lived in Sweden/the U.S.,0,0,FF,xor,BA
"Either the gorilla is a mammal or the panda is a bird, but not both.",animal_class,The gorilla is a mammal.,The panda is a bird.,1,0,TF,xor,AB
"Either Willis Carrier lived in the U.S or Igor Tamm lived in Russia, but not both.",inventors,Willis Carrier lived in the U.S.,Igor Tamm lived in Russia.,1,1,TT,xor,AB
"Either the city of Ahmedabad is in Mali or the city of Warangal is in Ethiopia, but not both.",cities,The city of Warangal is in Ethiopia.,The city of Ahmedabad is in Mali.,0,0,FF,xor,BA
"Either Igor Tamm lived in Denmark or Whitcomb Judson lived in the U.S, but not both.",inventors,Whitcomb Judson lived in the U.S.,Igor Tamm lived in Denmark.,1,0,TF,xor,BA
"Either John von Neumann lived in Hungary/the U.S or Percy Spencer lived in the U.S, but not both.",inventors,John von Neumann lived in Hungary/the U.S.,Percy Spencer lived in the U.S.,1,1,TT,xor,AB
"Either Clarence Birdseye lived in Croatia or Candace Pert lived in the U.S, but not both.",inventors,Clarence Birdseye lived in Croatia.,Candace Pert lived in the U.S.,0,1,FT,xor,AB
"Either the Spanish word 'desarrollar' means 'to develop' or the Spanish word 'vender' means 'son', but not both.",sp_en_trans,The Spanish word 'desarrollar' means 'to develop'.,The Spanish word 'vender' means 'son'.,1,0,TF,xor,AB
"Either Ralph Benjamin lived in Poland/France or Frederick G. Creed lived in the U.S, but not both.",inventors,Frederick G. Creed lived in the U.S.,Ralph Benjamin lived in Poland/France.,0,0,FF,xor,BA
"Either the city of Diyarbakir is in Kazakhstan or the city of Seoul is in Zimbabwe, but not both.",cities,The city of Seoul is in Zimbabwe.,The city of Diyarbakir is in Kazakhstan.,0,0,FF,xor,BA
"Either the Spanish word 'cabeza' means 'head' or the Spanish word 'lento' means 'slow', but not both.",sp_en_trans,The Spanish word 'lento' means 'slow'.,The Spanish word 'cabeza' means 'head'.,1,1,TT,xor,BA
"Either Uranium has the symbol Hg or Dysprosium has the symbol I, but not both.",element_symb,Dysprosium has the symbol I.,Uranium has the symbol Hg.,0,0,FF,xor,BA
"Either the city of Krakow is in Chile or the city of Chisinau is in Poland, but not both.",cities,The city of Chisinau is in Poland.,The city of Krakow is in Chile.,0,0,FF,xor,BA
"Either Holmium has the symbol Pd or Praseodymium has the symbol Pr, but not both.",element_symb,Holmium has the symbol Pd.,Praseodymium has the symbol Pr.,0,1,FT,xor,AB
"Either the leopard is a cnidarian or the tuna is a fish, but not both.",animal_class,The tuna is a fish.,The leopard is a cnidarian.,1,0,TF,xor,BA
"Either the Spanish word 'vender' means 'son' or the Spanish word 'familia' means 'family', but not both.",sp_en_trans,The Spanish word 'vender' means 'son'.,The Spanish word 'familia' means 'family'.,0,1,FT,xor,AB
"Either the tuna is a insect or the leopard is a mammal, but not both.",animal_class,The tuna is a insect.,The leopard is a mammal.,0,1,FT,xor,AB
"Either the Spanish word 'oscuro' means 'dark' or the Spanish word 'primero' means 'to multiply', but not both.",sp_en_trans,The Spanish word 'oscuro' means 'dark'.,The Spanish word 'primero' means 'to multiply'.,1,0,TF,xor,AB
"Either the sparrow is a bird or the chicken is a bird, but not both.",animal_class,The chicken is a bird.,The sparrow is a bird.,1,1,TT,xor,BA
"Either the hamster is a bird or the crocodile is a bird, but not both.",animal_class,The crocodile is a bird.,The hamster is a bird.,0,0,FF,xor,BA
"Either Phosphorus has the symbol P or Praseodymium has the symbol Pr, but not both.",element_symb,Phosphorus has the symbol P.,Praseodymium has the symbol Pr.,1,1,TT,xor,AB
"Either the cow is a bird or the goldfish is a fish, but not both.",animal_class,The goldfish is a fish.,The cow is a bird.,1,0,TF,xor,BA
"Either the parrot is a bird or the camel is a mammal, but not both.",animal_class,The parrot is a bird.,The camel is a mammal.,1,1,TT,xor,AB
"Either the camel is a crustacean or the parrot is a bird, but not both.",animal_class,The parrot is a bird.,The camel is a crustacean.,1,0,TF,xor,BA
"Either Tellurium has the symbol Zn or Radium has the symbol Pr, but not both.",element_symb,Tellurium has the symbol Zn.,Radium has the symbol Pr.,0,0,FF,xor,AB
"Either Thulium has the symbol Tm or Iron has the symbol Fe, but not both.",element_symb,Thulium has the symbol Tm.,Iron has the symbol Fe.,1,1,TT,xor,AB
"Either the Spanish word 'hueso' means 'bone' or the Spanish word 'coche' means 'month', but not both.",sp_en_trans,The Spanish word 'coche' means 'month'.,The Spanish word 'hueso' means 'bone'.,0,1,FT,xor,BA
"Either Promethium has the symbol Pm or Tantalum has the symbol La, but not both.",element_symb,Promethium has the symbol Pm.,Tantalum has the symbol La.,1,0,TF,xor,AB
"Either the Spanish word 'mar' means 'to save' or the Spanish word 'invierno' means 'family', but not both.",sp_en_trans,The Spanish word 'invierno' means 'family'.,The Spanish word 'mar' means 'to save'.,0,0,FF,xor,BA
"Either Marie Curie lived in Poland/France or Nicolas Appert lived in France, but not both.",inventors,Marie Curie lived in Poland/France.,Nicolas Appert lived in France.,1,1,TT,xor,AB
"Either David Schwarz lived in Croatia or James West lived in the U.S, but not both.",inventors,James West lived in the U.S.,David Schwarz lived in Croatia.,1,1,TT,xor,BA
"Either Niobium has the symbol Fr or Aluminum has the symbol Al, but not both.",element_symb,Aluminum has the symbol Al.,Niobium has the symbol Fr.,1,0,TF,xor,BA
"Either Rhenium has the symbol Re or Argon has the symbol Ar, but not both.",element_symb,Argon has the symbol Ar.,Rhenium has the symbol Re.,1,1,TT,xor,BA
"Either the chicken is a mammal or the sparrow is a crustacean, but not both.",animal_class,The chicken is a mammal.,The sparrow is a crustacean.,0,0,FF,xor,AB
"Either the Spanish word 'leer' means 'skin' or the Spanish word 'prueba' means 'test', but not both.",sp_en_trans,The Spanish word 'prueba' means 'test'.,The Spanish word 'leer' means 'skin'.,1,0,TF,xor,BA
"Either the city of Denpasar is in Nepal or the city of Salta is in Argentina, but not both.",cities,The city of Denpasar is in Nepal.,The city of Salta is in Argentina.,0,1,FT,xor,AB
"Either the city of Jamshedpur is in Kenya or the city of Pimpri is in Sweden, but not both.",cities,The city of Jamshedpur is in Kenya.,The city of Pimpri is in Sweden.,0,0,FF,xor,AB
"Either the cassowary is a bird or the skunk is a mammal, but not both.",animal_class,The skunk is a mammal.,The cassowary is a bird.,1,1,TT,xor,BA
"Either the hippopotamus is a mammal or the shark is a cnidarian, but not both.",animal_class,The hippopotamus is a mammal.,The shark is a cnidarian.,1,0,TF,xor,AB
"Either the salmon is a crustacean or the goat is a mammal, but not both.",animal_class,The salmon is a crustacean.,The goat is a mammal.,0,1,FT,xor,AB
"Either Platinum has the symbol Pt or Europium has the symbol Pm, but not both.",element_symb,Platinum has the symbol Pt.,Europium has the symbol Pm.,1,0,TF,xor,AB
"Either Willis Carrier lived in Switzerland or Igor Tamm lived in Denmark, but not both.",inventors,Willis Carrier lived in Switzerland.,Igor Tamm lived in Denmark.,0,0,FF,xor,AB
"Either the city of Tolyatti is in Russia or the city of Weinan is in China, but not both.",cities,The city of Weinan is in China.,The city of Tolyatti is in Russia.,1,1,TT,xor,BA
"Either the gorilla is a reptile or the llama is a mammal, but not both.",animal_class,The llama is a mammal.,The gorilla is a reptile.,1,0,TF,xor,BA
"Either the goldfish is a fish or the cow is a bird, but not both.",animal_class,The goldfish is a fish.,The cow is a bird.,1,0,TF,xor,AB
"Either Hans von Ohain lived in Germany or Daisuke Inoue lived in Japan, but not both.",inventors,Daisuke Inoue lived in Japan.,Hans von Ohain lived in Germany.,1,1,TT,xor,BA
"Either Hans Oersted lived in Denmark or Ralph H. Baer lived in Finland, but not both.",inventors,Ralph H. Baer lived in Finland.,Hans Oersted lived in Denmark.,0,1,FT,xor,BA
"Either Zinc has the symbol Zn or Antimony has the symbol Sb, but not both.",element_symb,Zinc has the symbol Zn.,Antimony has the symbol Sb.,1,1,TT,xor,AB
"Either Narinder Singh Kapany lived in India or Joseph Glidden lived in China, but not both.",inventors,Narinder Singh Kapany lived in India.,Joseph Glidden lived in China.,1,0,TF,xor,AB
"Either the Spanish word 'imaginar' means 'star' or the Spanish word 'oveja' means 'busy', but not both.",sp_en_trans,The Spanish word 'oveja' means 'busy'.,The Spanish word 'imaginar' means 'star'.,0,0,FF,xor,BA
"Either the city of Abu Ghurayb is in Iraq or the city of Porto Velho is in Brazil, but not both.",cities,The city of Porto Velho is in Brazil.,The city of Abu Ghurayb is in Iraq.,1,1,TT,xor,BA
"Either the Spanish word 'hueso' means 'to eat' or the Spanish word 'coche' means 'car', but not both.",sp_en_trans,The Spanish word 'coche' means 'car'.,The Spanish word 'hueso' means 'to eat'.,1,0,TF,xor,BA
"Either Cadmium has the symbol Pr or Cerium has the symbol I, but not both.",element_symb,Cadmium has the symbol Pr.,Cerium has the symbol I.,0,0,FF,xor,AB
"Either Zinc has the symbol Ac or Ytterbium has the symbol Yb, but not both.",element_symb,Ytterbium has the symbol Yb.,Zinc has the symbol Ac.,1,0,TF,xor,BA
"Either the city of Peshawar is in Pakistan or the city of Khulna is in Bangladesh, but not both.",cities,The city of Peshawar is in Pakistan.,The city of Khulna is in Bangladesh.,1,1,TT,xor,AB
"Either the flamingo is a bird or the seagull is a bird, but not both.",animal_class,The flamingo is a bird.,The seagull is a bird.,1,1,TT,xor,AB
"Either the city of Khulna is in Nigeria or the city of Osaka is in Tajikistan, but not both.",cities,The city of Osaka is in Tajikistan.,The city of Khulna is in Nigeria.,0,0,FF,xor,BA
"Either the narwhal is a fish or the goat is a reptile, but not both.",animal_class,The goat is a reptile.,The narwhal is a fish.,0,0,FF,xor,BA
"Either the Spanish word 'conectar' means 'to connect' or the Spanish word 'caliente' means 'hot', but not both.",sp_en_trans,The Spanish word 'conectar' means 'to connect'.,The Spanish word 'caliente' means 'hot'.,1,1,TT,xor,AB
"Either Igor Sikorsky lived in Ukraine/the U.S or Charles Goodyear lived in the U.S, but not both.",inventors,Charles Goodyear lived in the U.S.,Igor Sikorsky lived in Ukraine/the U.S.,1,1,TT,xor,BA
"Either John Ambrose Fleming lived in the U.K or Hans Goldschmidt lived in Germany, but not both.",inventors,Hans Goldschmidt lived in Germany.,John Ambrose Fleming lived in the U.K.,1,1,TT,xor,BA
"Either the city of Irkutsk is in Kuwait or the city of Vijayawada is in China, but not both.",cities,The city of Irkutsk is in Kuwait.,The city of Vijayawada is in China.,0,0,FF,xor,AB
"Either Platinum has the symbol Pt or Chlorine has the symbol Cl, but not both.",element_symb,Chlorine has the symbol Cl.,Platinum has the symbol Pt.,1,1,TT,xor,BA
"Either the Spanish word 'escribir' means 'to die' or the Spanish word 'amigo' means 'enough', but not both.",sp_en_trans,The Spanish word 'amigo' means 'enough'.,The Spanish word 'escribir' means 'to die'.,0,0,FF,xor,BA
"Either the Spanish word 'potencia' means 'power' or the Spanish word 'mapa' means 'map', but not both.",sp_en_trans,The Spanish word 'potencia' means 'power'.,The Spanish word 'mapa' means 'map'.,1,1,TT,xor,AB
"Either the city of Nagoya is in the Dominican Republic or the city of Siping is in the United States, but not both.",cities,The city of Siping is in the United States.,The city of Nagoya is in the Dominican Republic.,0,0,FF,xor,BA
"Either Niobium has the symbol Nb or Aluminum has the symbol C, but not both.",element_symb,Aluminum has the symbol C.,Niobium has the symbol Nb.,0,1,FT,xor,BA
"Either the Spanish word 'abrigo' means 'to eat' or the Spanish word 'pagar' means 'to pay', but not both.",sp_en_trans,The Spanish word 'abrigo' means 'to eat'.,The Spanish word 'pagar' means 'to pay'.,0,1,FT,xor,AB
"Either the skunk is a insect or the peacock is a insect, but not both.",animal_class,The peacock is a insect.,The skunk is a insect.,0,0,FF,xor,BA
"Either Europium has the symbol Eu or Platinum has the symbol S, but not both.",element_symb,Platinum has the symbol S.,Europium has the symbol Eu.,0,1,FT,xor,BA
"Either Candace Pert lived in the U.S or Clarence Birdseye lived in the U.S, but not both.",inventors,Clarence Birdseye lived in the U.S.,Candace Pert lived in the U.S.,1,1,TT,xor,BA
"Either the city of Winnipeg is in Morocco or the city of Kolhapur is in the Republic of the Congo, but not both.",cities,The city of Kolhapur is in the Republic of the Congo.,The city of Winnipeg is in Morocco.,0,0,FF,xor,BA
"Either Sodium has the symbol Na or Thulium has the symbol Mg, but not both.",element_symb,Sodium has the symbol Na.,Thulium has the symbol Mg.,1,0,TF,xor,AB
"Either Charles Townes lived in Croatia or Galileo Galilei lived in Austria, but not both.",inventors,Galileo Galilei lived in Austria.,Charles Townes lived in Croatia.,0,0,FF,xor,BA
"Either the Spanish word 'abrigo' means 'coat' or the Spanish word 'rana' means 'frog', but not both.",sp_en_trans,The Spanish word 'rana' means 'frog'.,The Spanish word 'abrigo' means 'coat'.,1,1,TT,xor,BA
"Either the city of Santo Domingo Oeste is in Cameroon or the city of Uberlandia is in Turkey, but not both.",cities,The city of Uberlandia is in Turkey.,The city of Santo Domingo Oeste is in Cameroon.,0,0,FF,xor,BA
"Either the Spanish word 'semilla' means 'seed' or the Spanish word 'grupo' means 'group', but not both.",sp_en_trans,The Spanish word 'semilla' means 'seed'.,The Spanish word 'grupo' means 'group'.,1,1,TT,xor,AB
"Either the peacock is a bird or the salmon is a fish, but not both.",animal_class,The peacock is a bird.,The salmon is a fish.,1,1,TT,xor,AB
"Either the Spanish word 'coche' means 'car' or the Spanish word 'hueso' means 'bone', but not both.",sp_en_trans,The Spanish word 'coche' means 'car'.,The Spanish word 'hueso' means 'bone'.,1,1,TT,xor,AB
"Either the Spanish word 'perro' means 'dog' or the Spanish word 'lento' means 'cook', but not both.",sp_en_trans,The Spanish word 'perro' means 'dog'.,The Spanish word 'lento' means 'cook'.,1,0,TF,xor,AB
"Either the Spanish word 'pasar' means 'to pass' or the Spanish word 'mar' means 'sea', but not both.",sp_en_trans,The Spanish word 'mar' means 'sea'.,The Spanish word 'pasar' means 'to pass'.,1,1,TT,xor,BA
"Either Michael Faraday lived in Croatia or Sir Frank Whittle lived in the U.K, but not both.",inventors,Sir Frank Whittle lived in the U.K.,Michael Faraday lived in Croatia.,1,0,TF,xor,BA
"Either Igor Tamm lived in Denmark or Whitcomb Judson lived in Sweden/the U.S, but not both.",inventors,Whitcomb Judson lived in Sweden/the U.S.,Igor Tamm lived in Denmark.,0,0,FF,xor,BA
"Either the Spanish word 'roca' means 'present' or the Spanish word 'higo' means 'nothing', but not both.",sp_en_trans,The Spanish word 'higo' means 'nothing'.,The Spanish word 'roca' means 'present'.,0,0,FF,xor,BA
"Either the Spanish word 'desarrollar' means 'to develop' or the Spanish word 'vender' means 'to sell', but not both.",sp_en_trans,The Spanish word 'desarrollar' means 'to develop'.,The Spanish word 'vender' means 'to sell'.,1,1,TT,xor,AB
"Either Platinum has the symbol S or Chlorine has the symbol Pt, but not both.",element_symb,Chlorine has the symbol Pt.,Platinum has the symbol S.,0,0,FF,xor,BA
"Either the city of Salta is in Argentina or the city of Denpasar is in Nepal, but not both.",cities,The city of Denpasar is in Nepal.,The city of Salta is in Argentina.,0,1,FT,xor,BA
"Either Linus Torvalds lived in Finland or Paul Gottlieb Nipkow lived in Norway, but not both.",inventors,Linus Torvalds lived in Finland.,Paul Gottlieb Nipkow lived in Norway.,1,0,TF,xor,AB
"Either Copper has the symbol Cu or Astatine has the symbol At, but not both.",element_symb,Copper has the symbol Cu.,Astatine has the symbol At.,1,1,TT,xor,AB
"Either the city of Ufa is in Russia or the city of Qujing is in China, but not both.",cities,The city of Ufa is in Russia.,The city of Qujing is in China.,1,1,TT,xor,AB
"Either the Spanish word 'desarrollar' means 'sand' or the Spanish word 'vender' means 'to sell', but not both.",sp_en_trans,The Spanish word 'desarrollar' means 'sand'.,The Spanish word 'vender' means 'to sell'.,0,1,FT,xor,AB
"Either the city of Seoul is in South Korea or the city of Diyarbakir is in Turkey, but not both.",cities,The city of Seoul is in South Korea.,The city of Diyarbakir is in Turkey.,1,1,TT,xor,AB
"Either Igor Tamm lived in Denmark or Willis Carrier lived in Switzerland, but not both.",inventors,Willis Carrier lived in Switzerland.,Igor Tamm lived in Denmark.,0,0,FF,xor,BA
"Either the Spanish word 'abrigo' means 'coat' or the Spanish word 'ejemplo' means 'to see', but not both.",sp_en_trans,The Spanish word 'ejemplo' means 'to see'.,The Spanish word 'abrigo' means 'coat'.,0,1,FT,xor,BA
"Either Rhenium has the symbol Pb or Argon has the symbol Pr, but not both.",element_symb,Argon has the symbol Pr.,Rhenium has the symbol Pb.,0,0,FF,xor,BA
"Either John Logie Baird lived in Scotland or John Gorrie lived in the U.S, but not both.",inventors,John Logie Baird lived in Scotland.,John Gorrie lived in the U.S.,1,1,TT,xor,AB
"Either the otter is a mammal or the rabbit is a mammal, but not both.",animal_class,The rabbit is a mammal.,The otter is a mammal.,1,1,TT,xor,BA
"Either the city of Gaziantep is in Turkey or the city of Madurai is in India, but not both.",cities,The city of Gaziantep is in Turkey.,The city of Madurai is in India.,1,1,TT,xor,AB
"Either Dysprosium has the symbol Dy or Uranium has the symbol Hg, but not both.",element_symb,Dysprosium has the symbol Dy.,Uranium has the symbol Hg.,1,0,TF,xor,AB
"Either the hummingbird is a bird or the moose is a reptile, but not both.",animal_class,The moose is a reptile.,The hummingbird is a bird.,0,1,FT,xor,BA
"Either the Spanish word 'lanzar' means 'to throw' or the Spanish word 'rosa' means 'rose', but not both.",sp_en_trans,The Spanish word 'lanzar' means 'to throw'.,The Spanish word 'rosa' means 'rose'.,1,1,TT,xor,AB
"Either the Spanish word 'conectar' means 'to sell' or the Spanish word 'caliente' means 'corner', but not both.",sp_en_trans,The Spanish word 'conectar' means 'to sell'.,The Spanish word 'caliente' means 'corner'.,0,0,FF,xor,AB
"Either the city of Kisangani is in the Democratic Republic of the Congo or the city of Bhopal is in Iraq, but not both.",cities,The city of Bhopal is in Iraq.,The city of Kisangani is in the Democratic Republic of the Congo.,0,1,FT,xor,BA
"Either the Spanish word 'cabeza' means 'head' or the Spanish word 'lista' means 'list', but not both.",sp_en_trans,The Spanish word 'cabeza' means 'head'.,The Spanish word 'lista' means 'list'.,1,1,TT,xor,AB
"Either the Spanish word 'oscuro' means 'to see' or the Spanish word 'primero' means 'first', but not both.",sp_en_trans,The Spanish word 'oscuro' means 'to see'.,The Spanish word 'primero' means 'first'.,0,1,FT,xor,AB
"Either Archimedes lived in Ancient Greece or Ignazio Porro lived in Austria/the U.S, but not both.",inventors,Ignazio Porro lived in Austria/the U.S.,Archimedes lived in Ancient Greece.,0,1,FT,xor,BA
"Either the panda is a mammal or the rat is a mammal, but not both.",animal_class,The panda is a mammal.,The rat is a mammal.,1,1,TT,xor,AB
"Either the Spanish word 'semilla' means 'bear' or the Spanish word 'oferta' means 'offer', but not both.",sp_en_trans,The Spanish word 'semilla' means 'bear'.,The Spanish word 'oferta' means 'offer'.,0,1,FT,xor,AB
"Either the moose is a reptile or the camel is a mammal, but not both.",animal_class,The moose is a reptile.,The camel is a mammal.,0,1,FT,xor,AB
"Either the Spanish word 'hombro' means 'shoulder' or the Spanish word 'ocupado' means 'busy', but not both.",sp_en_trans,The Spanish word 'hombro' means 'shoulder'.,The Spanish word 'ocupado' means 'busy'.,1,1,TT,xor,AB
"Either Guglielmo Marconi lived in Italy or George Devol lived in the U.S, but not both.",inventors,George Devol lived in the U.S.,Guglielmo Marconi lived in Italy.,1,1,TT,xor,BA
"Either Astatine has the symbol At or Palladium has the symbol Ir, but not both.",element_symb,Astatine has the symbol At.,Palladium has the symbol Ir.,1,0,TF,xor,AB
"Either Elisha Gray lived in the U.S or Georges Claude lived in France, but not both.",inventors,Elisha Gray lived in the U.S.,Georges Claude lived in France.,1,1,TT,xor,AB
"Either the Spanish word 'higo' means 'nothing' or the Spanish word 'roca' means 'present', but not both.",sp_en_trans,The Spanish word 'higo' means 'nothing'.,The Spanish word 'roca' means 'present'.,0,0,FF,xor,AB
"Either Ignazio Porro lived in Italy or Archimedes lived in Turkey/the U.S, but not both.",inventors,Ignazio Porro lived in Italy.,Archimedes lived in Turkey/the U.S.,1,0,TF,xor,AB
"Either the Spanish word 'mujer' means 'woman' or the Spanish word 'hueso' means 'to eat', but not both.",sp_en_trans,The Spanish word 'mujer' means 'woman'.,The Spanish word 'hueso' means 'to eat'.,1,0,TF,xor,AB
"Either the leopard is a mammal or the tuna is a fish, but not both.",animal_class,The tuna is a fish.,The leopard is a mammal.,1,1,TT,xor,BA
"Either the city of Diyarbakir is in Kazakhstan or the city of Seoul is in South Korea, but not both.",cities,The city of Seoul is in South Korea.,The city of Diyarbakir is in Kazakhstan.,1,0,TF,xor,BA
"Either the city of Salta is in Argentina or the city of Denpasar is in Indonesia, but not both.",cities,The city of Denpasar is in Indonesia.,The city of Salta is in Argentina.,1,1,TT,xor,BA
"Either Iron has the symbol Fe or Tantalum has the symbol La, but not both.",element_symb,Iron has the symbol Fe.,Tantalum has the symbol La.,1,0,TF,xor,AB
"Either the kangaroo is a reptile or the deer is a mammal, but not both.",animal_class,The kangaroo is a reptile.,The deer is a mammal.,0,1,FT,xor,AB
"Either the Spanish word 'uno' means 'one' or the Spanish word 'parecer' means 'wave', but not both.",sp_en_trans,The Spanish word 'uno' means 'one'.,The Spanish word 'parecer' means 'wave'.,1,0,TF,xor,AB
"Either the Spanish word 'cabeza' means 'south' or the Spanish word 'lista' means 'voice', but not both.",sp_en_trans,The Spanish word 'cabeza' means 'south'.,The Spanish word 'lista' means 'voice'.,0,0,FF,xor,AB
"Either Boron has the symbol B or Osmium has the symbol Os, but not both.",element_symb,Osmium has the symbol Os.,Boron has the symbol B.,1,1,TT,xor,BA
"Either Paul Gottlieb Nipkow lived in Germany or Linus Torvalds lived in Canada/the U.S, but not both.",inventors,Linus Torvalds lived in Canada/the U.S.,Paul Gottlieb Nipkow lived in Germany.,0,1,FT,xor,BA
"Either the llama is a mammal or the slug is a mollusk, but not both.",animal_class,The slug is a mollusk.,The llama is a mammal.,1,1,TT,xor,BA
"Either the city of Zibo is in China or the city of Mianzhu, Deyang, Sichuan is in China, but not both.",cities,"The city of Mianzhu, Deyang, Sichuan is in China.",The city of Zibo is in China.,1,1,TT,xor,BA
"Either the city of Cochin is in India or the city of Algiers is in Algeria, but not both.",cities,The city of Cochin is in India.,The city of Algiers is in Algeria.,1,1,TT,xor,AB
"Either Ytterbium has the symbol F or Zinc has the symbol Zn, but not both.",element_symb,Ytterbium has the symbol F.,Zinc has the symbol Zn.,0,1,FT,xor,AB
"Either Antimony has the symbol Sb or Zinc has the symbol Zn, but not both.",element_symb,Zinc has the symbol Zn.,Antimony has the symbol Sb.,1,1,TT,xor,BA
"Either the Spanish word 'arena' means 'sand' or the Spanish word 'hola' means 'hello', but not both.",sp_en_trans,The Spanish word 'hola' means 'hello'.,The Spanish word 'arena' means 'sand'.,1,1,TT,xor,BA
"Either the city of Khulna is in Nigeria or the city of Peshawar is in Pakistan, but not both.",cities,The city of Peshawar is in Pakistan.,The city of Khulna is in Nigeria.,1,0,TF,xor,BA
"Either Lanthanum has the symbol La or Sulfur has the symbol S, but not both.",element_symb,Lanthanum has the symbol La.,Sulfur has the symbol S.,1,1,TT,xor,AB
"Either the lion is a cnidarian or the tortoise is a reptile, but not both.",animal_class,The tortoise is a reptile.,The lion is a cnidarian.,1,0,TF,xor,BA
"Either the Spanish word 'oferta' means 'offer' or the Spanish word 'semilla' means 'seed', but not both.",sp_en_trans,The Spanish word 'semilla' means 'seed'.,The Spanish word 'oferta' means 'offer'.,1,1,TT,xor,BA
"Either the city of Khulna is in Bangladesh or the city of Osaka is in Tajikistan, but not both.",cities,The city of Osaka is in Tajikistan.,The city of Khulna is in Bangladesh.,0,1,FT,xor,BA
"Either Europium has the symbol Pm or Platinum has the symbol S, but not both.",element_symb,Platinum has the symbol S.,Europium has the symbol Pm.,0,0,FF,xor,BA
"Either the Spanish word 'huevo' means 'egg' or the Spanish word 'bosque' means 'forest', but not both.",sp_en_trans,The Spanish word 'bosque' means 'forest'.,The Spanish word 'huevo' means 'egg'.,1,1,TT,xor,BA
"Either the city of Kano is in Nigeria or the city of Goyang-si is in South Korea, but not both.",cities,The city of Goyang-si is in South Korea.,The city of Kano is in Nigeria.,1,1,TT,xor,BA
"Either Narinder Singh Kapany lived in India or Sir Sandford Fleming lived in Canada, but not both.",inventors,Sir Sandford Fleming lived in Canada.,Narinder Singh Kapany lived in India.,1,1,TT,xor,BA
"Either the city of Algiers is in Lithuania or the city of Siping is in the United States, but not both.",cities,The city of Algiers is in Lithuania.,The city of Siping is in the United States.,0,0,FF,xor,AB
"Either Scandium has the symbol Sc or Radon has the symbol Rn, but not both.",element_symb,Scandium has the symbol Sc.,Radon has the symbol Rn.,1,1,TT,xor,AB
"Either the Spanish word 'leer' means 'to read' or the Spanish word 'prueba' means 'test', but not both.",sp_en_trans,The Spanish word 'prueba' means 'test'.,The Spanish word 'leer' means 'to read'.,1,1,TT,xor,BA
"Either Samarium has the symbol Sm or Lutetium has the symbol Lu, but not both.",element_symb,Lutetium has the symbol Lu.,Samarium has the symbol Sm.,1,1,TT,xor,BA
"Either the Spanish word 'hola' means 'hello' or the Spanish word 'mes' means 'month', but not both.",sp_en_trans,The Spanish word 'mes' means 'month'.,The Spanish word 'hola' means 'hello'.,1,1,TT,xor,BA
"Either the Spanish word 'elegir' means 'to choose' or the Spanish word 'suficiente' means 'enough', but not both.",sp_en_trans,The Spanish word 'elegir' means 'to choose'.,The Spanish word 'suficiente' means 'enough'.,1,1,TT,xor,AB
"Either the city of Tlaquepaque is in Mozambique or the city of Vladivostok is in Ghana, but not both.",cities,The city of Vladivostok is in Ghana.,The city of Tlaquepaque is in Mozambique.,0,0,FF,xor,BA
"Either the Spanish word 'suficiente' means 'enough' or the Spanish word 'elegir' means 'to choose', but not both.",sp_en_trans,The Spanish word 'elegir' means 'to choose'.,The Spanish word 'suficiente' means 'enough'.,1,1,TT,xor,BA
"Either Argon has the symbol Pr or Rubidium has the symbol K, but not both.",element_symb,Argon has the symbol Pr.,Rubidium has the symbol K.,0,0,FF,xor,AB
"Either Rubidium has the symbol K or Argon has the symbol Ar, but not both.",element_symb,Argon has the symbol Ar.,Rubidium has the symbol K.,1,0,TF,xor,BA
"Either the hummingbird is a crustacean or the hippopotamus is a mammal, but not both.",animal_class,The hummingbird is a crustacean.,The hippopotamus is a mammal.,0,1,FT,xor,AB
"Either Daniel Fahrenheit lived in Poland/Germany or Otis Boykin lived in Finland, but not both.",inventors,Daniel Fahrenheit lived in Poland/Germany.,Otis Boykin lived in Finland.,1,0,TF,xor,AB
"Either the llama is a mollusk or the gorilla is a mammal, but not both.",animal_class,The llama is a mollusk.,The gorilla is a mammal.,0,1,FT,xor,AB
"Either the city of Asmara is in Eritrea or the city of Onitsha is in Nigeria, but not both.",cities,The city of Asmara is in Eritrea.,The city of Onitsha is in Nigeria.,1,1,TT,xor,AB
"Either the city of Luzhou is in China or the city of Saint Petersburg is in Russia, but not both.",cities,The city of Saint Petersburg is in Russia.,The city of Luzhou is in China.,1,1,TT,xor,BA
"Either the tortoise is a fish or the lion is a mammal, but not both.",animal_class,The tortoise is a fish.,The lion is a mammal.,0,1,FT,xor,AB
"Either the rat is a mammal or the goat is a mammal, but not both.",animal_class,The rat is a mammal.,The goat is a mammal.,1,1,TT,xor,AB
"Either Nicolas Appert lived in France or Marie Curie lived in Poland/Germany, but not both.",inventors,Marie Curie lived in Poland/Germany.,Nicolas Appert lived in France.,0,1,FT,xor,BA
"Either the Spanish word 'presente' means 'present' or the Spanish word 'veinte' means 'twenty', but not both.",sp_en_trans,The Spanish word 'veinte' means 'twenty'.,The Spanish word 'presente' means 'present'.,1,1,TT,xor,BA
"Either Leonardo da Vinci lived in Sweden/the U.S or Ami Argand lived in Switzerland, but not both.",inventors,Ami Argand lived in Switzerland.,Leonardo da Vinci lived in Sweden/the U.S.,1,0,TF,xor,BA
"Either the frog is a bird or the bee is a mollusk, but not both.",animal_class,The bee is a mollusk.,The frog is a bird.,0,0,FF,xor,BA
"Either the porcupine is a bird or the bee is a insect, but not both.",animal_class,The bee is a insect.,The porcupine is a bird.,1,0,TF,xor,BA
"Either Arthur Pitney lived in the U.S or James Starley lived in Austria/the U.S, but not both.",inventors,Arthur Pitney lived in the U.S.,James Starley lived in Austria/the U.S.,1,0,TF,xor,AB
"Either Daisuke Inoue lived in Japan or Hans von Ohain lived in Germany, but not both.",inventors,Daisuke Inoue lived in Japan.,Hans von Ohain lived in Germany.,1,1,TT,xor,AB
"Either the city of Rostov-na-Donu is in Russia or the city of Hwaseong-si is in South Korea, but not both.",cities,The city of Hwaseong-si is in South Korea.,The city of Rostov-na-Donu is in Russia.,1,1,TT,xor,BA
"Either the zebra is a mammal or the walrus is a mammal, but not both.",animal_class,The walrus is a mammal.,The zebra is a mammal.,1,1,TT,xor,BA
"Either the hummingbird is a bird or the peacock is a bird, but not both.",animal_class,The hummingbird is a bird.,The peacock is a bird.,1,1,TT,xor,AB
"Either the city of Asmara is in Nepal or the city of Onitsha is in Nigeria, but not both.",cities,The city of Asmara is in Nepal.,The city of Onitsha is in Nigeria.,0,1,FT,xor,AB
"Either the city of Nagoya is in Japan or the city of Changshu is in Germany, but not both.",cities,The city of Changshu is in Germany.,The city of Nagoya is in Japan.,0,1,FT,xor,BA
"Either the iguana is a reptile or the deer is a reptile, but not both.",animal_class,The iguana is a reptile.,The deer is a reptile.,1,0,TF,xor,AB
"Either the axolotl is a fish or the chimpanzee is a insect, but not both.",animal_class,The axolotl is a fish.,The chimpanzee is a insect.,0,0,FF,xor,AB
"Either Hippolyte Mège-Mouriès lived in France or Christian Huygens lived in the Netherlands, but not both.",inventors,Hippolyte Mège-Mouriès lived in France.,Christian Huygens lived in the Netherlands.,1,1,TT,xor,AB
"Either Georges Claude lived in France or Henry Bessemer lived in Italy, but not both.",inventors,Henry Bessemer lived in Italy.,Georges Claude lived in France.,0,1,FT,xor,BA
"Either the Spanish word 'hueso' means 'bone' or the Spanish word 'mujer' means 'enough', but not both.",sp_en_trans,The Spanish word 'mujer' means 'enough'.,The Spanish word 'hueso' means 'bone'.,0,1,FT,xor,BA
"Either Guglielmo Marconi lived in Japan or George Devol lived in the U.S, but not both.",inventors,George Devol lived in the U.S.,Guglielmo Marconi lived in Japan.,1,0,TF,xor,BA
"Either the city of Aguascalientes is in Mexico or the city of Durban is in South Africa, but not both.",cities,The city of Durban is in South Africa.,The city of Aguascalientes is in Mexico.,1,1,TT,xor,BA
"Either Uranium has the symbol U or Dysprosium has the symbol I, but not both.",element_symb,Dysprosium has the symbol I.,Uranium has the symbol U.,0,1,FT,xor,BA
"Either the Spanish word 'hermana' means 'sister' or the Spanish word 'huevo' means 'egg', but not both.",sp_en_trans,The Spanish word 'huevo' means 'egg'.,The Spanish word 'hermana' means 'sister'.,1,1,TT,xor,BA
"Either the city of Baoji is in Germany or the city of Zhoushan is in the Philippines, but not both.",cities,The city of Zhoushan is in the Philippines.,The city of Baoji is in Germany.,0,0,FF,xor,BA
"Either the Spanish word 'oferta' means 'open' or the Spanish word 'semilla' means 'bear', but not both.",sp_en_trans,The Spanish word 'semilla' means 'bear'.,The Spanish word 'oferta' means 'open'.,0,0,FF,xor,BA
"Either the Spanish word 'ola' means 'wave' or the Spanish word 'higo' means 'fig', but not both.",sp_en_trans,The Spanish word 'ola' means 'wave'.,The Spanish word 'higo' means 'fig'.,1,1,TT,xor,AB
"Either the lobster is a crustacean or the shark is a fish, but not both.",animal_class,The shark is a fish.,The lobster is a crustacean.,1,1,TT,xor,BA
"Either the city of Algiers is in Algeria or the city of Siping is in the United States, but not both.",cities,The city of Algiers is in Algeria.,The city of Siping is in the United States.,1,0,TF,xor,AB
"Either the city of Kisangani is in Senegal or the city of Bhopal is in Iraq, but not both.",cities,The city of Bhopal is in Iraq.,The city of Kisangani is in Senegal.,0,0,FF,xor,BA
"Either Otis Boykin lived in the U.S or Daniel Fahrenheit lived in Canada/the U.S, but not both.",inventors,Daniel Fahrenheit lived in Canada/the U.S.,Otis Boykin lived in the U.S.,0,1,FT,xor,BA
"Either the moose is a mammal or the hummingbird is a bird, but not both.",animal_class,The moose is a mammal.,The hummingbird is a bird.,1,1,TT,xor,AB
"Either the city of Suining is in China or the city of Changshu is in China, but not both.",cities,The city of Suining is in China.,The city of Changshu is in China.,1,1,TT,xor,AB
"Either Jean-Bernard-Léon Foucault lived in France or Daniel Fahrenheit lived in Canada/the U.S, but not both.",inventors,Daniel Fahrenheit lived in Canada/the U.S.,Jean-Bernard-Léon Foucault lived in France.,0,1,FT,xor,BA
"Either the salmon is a fish or the goat is a reptile, but not both.",animal_class,The salmon is a fish.,The goat is a reptile.,1,0,TF,xor,AB
"Either Cadmium has the symbol Cd or Cerium has the symbol Ce, but not both.",element_symb,Cadmium has the symbol Cd.,Cerium has the symbol Ce.,1,1,TT,xor,AB
"Either Phosphorus has the symbol Se or Vanadium has the symbol Ta, but not both.",element_symb,Phosphorus has the symbol Se.,Vanadium has the symbol Ta.,0,0,FF,xor,AB
"Either Marie Curie lived in Poland/France or Nicolas Appert lived in Poland/France, but not both.",inventors,Marie Curie lived in Poland/France.,Nicolas Appert lived in Poland/France.,1,0,TF,xor,AB
"Either the city of Tangier is in Nepal or the city of Madurai is in Yemen, but not both.",cities,The city of Tangier is in Nepal.,The city of Madurai is in Yemen.,0,0,FF,xor,AB
"Either the city of Klang is in South Africa or the city of Paranaque City is in Italy, but not both.",cities,The city of Paranaque City is in Italy.,The city of Klang is in South Africa.,0,0,FF,xor,BA
"Either the kangaroo is a reptile or the deer is a reptile, but not both.",animal_class,The kangaroo is a reptile.,The deer is a reptile.,0,0,FF,xor,AB
"Either John Ambrose Fleming lived in the U.K or Marvin Camras lived in the U.S, but not both.",inventors,John Ambrose Fleming lived in the U.K.,Marvin Camras lived in the U.S.,1,1,TT,xor,AB
"Either the bee is a insect or the frog is a amphibian, but not both.",animal_class,The bee is a insect.,The frog is a amphibian.,1,1,TT,xor,AB
"Either the llama is a mollusk or the mongoose is a reptile, but not both.",animal_class,The mongoose is a reptile.,The llama is a mollusk.,0,0,FF,xor,BA
"Either the Spanish word 'lugar' means 'place' or the Spanish word 'uno' means 'one', but not both.",sp_en_trans,The Spanish word 'uno' means 'one'.,The Spanish word 'lugar' means 'place'.,1,1,TT,xor,BA
"Either Palladium has the symbol Pd or Astatine has the symbol At, but not both.",element_symb,Astatine has the symbol At.,Palladium has the symbol Pd.,1,1,TT,xor,BA
"Either the Spanish word 'uno' means 'one' or the Spanish word 'parecer' means 'to seem', but not both.",sp_en_trans,The Spanish word 'uno' means 'one'.,The Spanish word 'parecer' means 'to seem'.,1,1,TT,xor,AB
"Either Daniel Fahrenheit lived in Poland/Germany or Otis Boykin lived in the U.S, but not both.",inventors,Daniel Fahrenheit lived in Poland/Germany.,Otis Boykin lived in the U.S.,1,1,TT,xor,AB
"Either the city of Port Harcourt is in Nigeria or the city of Santiago de los Caballeros is in China, but not both.",cities,The city of Santiago de los Caballeros is in China.,The city of Port Harcourt is in Nigeria.,0,1,FT,xor,BA
"Either the hummingbird is a bird or the hippopotamus is a mollusk, but not both.",animal_class,The hummingbird is a bird.,The hippopotamus is a mollusk.,1,0,TF,xor,AB
"Either Christian Huygens lived in the Netherlands or Hippolyte Mège-Mouriès lived in France, but not both.",inventors,Hippolyte Mège-Mouriès lived in France.,Christian Huygens lived in the Netherlands.,1,1,TT,xor,BA
"Either the camel is a mammal or the bison is a mammal, but not both.",animal_class,The bison is a mammal.,The camel is a mammal.,1,1,TT,xor,BA
"Either Rhenium has the symbol Re or Radon has the symbol Rn, but not both.",element_symb,Radon has the symbol Rn.,Rhenium has the symbol Re.,1,1,TT,xor,BA
"Either Aluminum has the symbol Al or Niobium has the symbol Fr, but not both.",element_symb,Aluminum has the symbol Al.,Niobium has the symbol Fr.,1,0,TF,xor,AB
"Either Leon Theremin lived in Poland/France or Arthur Fry lived in the U.S, but not both.",inventors,Leon Theremin lived in Poland/France.,Arthur Fry lived in the U.S.,0,1,FT,xor,AB
"Either the Spanish word 'miedo' means 'fear' or the Spanish word 'invierno' means 'winter', but not both.",sp_en_trans,The Spanish word 'miedo' means 'fear'.,The Spanish word 'invierno' means 'winter'.,1,1,TT,xor,AB
"Either the Spanish word 'pierna' means 'to draw' or the Spanish word 'caliente' means 'hot', but not both.",sp_en_trans,The Spanish word 'caliente' means 'hot'.,The Spanish word 'pierna' means 'to draw'.,1,0,TF,xor,BA
"Either the city of Rohini is in India or the city of Krasnoyarsk is in Russia, but not both.",cities,The city of Rohini is in India.,The city of Krasnoyarsk is in Russia.,1,1,TT,xor,AB
"Either the kangaroo is a mammal or the deer is a mammal, but not both.",animal_class,The kangaroo is a mammal.,The deer is a mammal.,1,1,TT,xor,AB
"Either the camel is a mammal or the seagull is a bird, but not both.",animal_class,The seagull is a bird.,The camel is a mammal.,1,1,TT,xor,BA
"Either Marvin Camras lived in the U.S or John Ambrose Fleming lived in the U.K, but not both.",inventors,John Ambrose Fleming lived in the U.K.,Marvin Camras lived in the U.S.,1,1,TT,xor,BA
"Either Barium has the symbol Kr or Tantalum has the symbol La, but not both.",element_symb,Tantalum has the symbol La.,Barium has the symbol Kr.,0,0,FF,xor,BA
"Either the Spanish word 'caer' means 'to fall' or the Spanish word 'enviar' means 'city', but not both.",sp_en_trans,The Spanish word 'enviar' means 'city'.,The Spanish word 'caer' means 'to fall'.,0,1,FT,xor,BA
"Either Igor Tamm lived in Russia or Charles Francis Richter lived in the U.S, but not both.",inventors,Igor Tamm lived in Russia.,Charles Francis Richter lived in the U.S.,1,1,TT,xor,AB
"Either Aluminum has the symbol C or Niobium has the symbol Nb, but not both.",element_symb,Aluminum has the symbol C.,Niobium has the symbol Nb.,0,1,FT,xor,AB
"Either the raccoon is a mammal or the bat is a mammal, but not both.",animal_class,The raccoon is a mammal.,The bat is a mammal.,1,1,TT,xor,AB
"Either Galileo Galilei lived in Austria or Charles Townes lived in Croatia, but not both.",inventors,Galileo Galilei lived in Austria.,Charles Townes lived in Croatia.,0,0,FF,xor,AB
"Either Lead has the symbol Pb or Lutetium has the symbol Lu, but not both.",element_symb,Lutetium has the symbol Lu.,Lead has the symbol Pb.,1,1,TT,xor,BA
"Either the Spanish word 'escuela' means 'school' or the Spanish word 'desarrollar' means 'to develop', but not both.",sp_en_trans,The Spanish word 'desarrollar' means 'to develop'.,The Spanish word 'escuela' means 'school'.,1,1,TT,xor,BA
"Either the moose is a reptile or the chimpanzee is a insect, but not both.",animal_class,The moose is a reptile.,The chimpanzee is a insect.,0,0,FF,xor,AB
"Either the Spanish word 'abrigo' means 'coat' or the Spanish word 'roca' means 'rock', but not both.",sp_en_trans,The Spanish word 'abrigo' means 'coat'.,The Spanish word 'roca' means 'rock'.,1,1,TT,xor,AB
"Either the city of Paranaque City is in Italy or the city of Klang is in Malaysia, but not both.",cities,The city of Paranaque City is in Italy.,The city of Klang is in Malaysia.,0,1,FT,xor,AB
"Either the city of Madurai is in India or the city of Gaziantep is in Turkey, but not both.",cities,The city of Gaziantep is in Turkey.,The city of Madurai is in India.,1,1,TT,xor,BA
"Either the bee is a insect or the porcupine is a mammal, but not both.",animal_class,The bee is a insect.,The porcupine is a mammal.,1,1,TT,xor,AB
"Either Karl Benz lived in Croatia or Joseph Henry lived in Scotland, but not both.",inventors,Karl Benz lived in Croatia.,Joseph Henry lived in Scotland.,0,0,FF,xor,AB
"Either the city of Najran is in the United Arab Emirates or the city of Santiago de Queretaro is in Somalia, but not both.",cities,The city of Najran is in the United Arab Emirates.,The city of Santiago de Queretaro is in Somalia.,0,0,FF,xor,AB
"Either the walrus is a mammal or the pigeon is a bird, but not both.",animal_class,The walrus is a mammal.,The pigeon is a bird.,1,1,TT,xor,AB
"Either Konrad Zuse lived in Finland or Edwin Link lived in the U.S, but not both.",inventors,Konrad Zuse lived in Finland.,Edwin Link lived in the U.S.,0,1,FT,xor,AB
"Either Zirconium has the symbol Zr or Tellurium has the symbol Zn, but not both.",element_symb,Tellurium has the symbol Zn.,Zirconium has the symbol Zr.,0,1,FT,xor,BA
"Either Platinum has the symbol S or Chlorine has the symbol Cl, but not both.",element_symb,Chlorine has the symbol Cl.,Platinum has the symbol S.,1,0,TF,xor,BA
"Either Garrett Morgan lived in the U.S or James Hargreaves lived in Japan, but not both.",inventors,James Hargreaves lived in Japan.,Garrett Morgan lived in the U.S.,0,1,FT,xor,BA
"Either the Spanish word 'caliente' means 'corner' or the Spanish word 'conectar' means 'to sell', but not both.",sp_en_trans,The Spanish word 'conectar' means 'to sell'.,The Spanish word 'caliente' means 'corner'.,0,0,FF,xor,BA
"Either the Spanish word 'elegir' means 'to choose' or the Spanish word 'suficiente' means 'tool', but not both.",sp_en_trans,The Spanish word 'elegir' means 'to choose'.,The Spanish word 'suficiente' means 'tool'.,1,0,TF,xor,AB
"Either Scandium has the symbol Kr or Gallium has the symbol Pb, but not both.",element_symb,Gallium has the symbol Pb.,Scandium has the symbol Kr.,0,0,FF,xor,BA
"Either the dolphin is a mammal or the cheetah is a mammal, but not both.",animal_class,The dolphin is a mammal.,The cheetah is a mammal.,1,1,TT,xor,AB
"Either the deer is a reptile or the kangaroo is a mammal, but not both.",animal_class,The kangaroo is a mammal.,The deer is a reptile.,1,0,TF,xor,BA
"Either the crocodile is a reptile or the hamster is a mammal, but not both.",animal_class,The crocodile is a reptile.,The hamster is a mammal.,1,1,TT,xor,AB
"Either the city of Chisinau is in Poland or the city of Krakow is in Poland, but not both.",cities,The city of Chisinau is in Poland.,The city of Krakow is in Poland.,0,1,FT,xor,AB
"Either Clarence Birdseye lived in the U.S or Candace Pert lived in Germany, but not both.",inventors,Clarence Birdseye lived in the U.S.,Candace Pert lived in Germany.,1,0,TF,xor,AB
"Either James Hargreaves lived in the U.K or Garrett Morgan lived in Ukraine/the U.S, but not both.",inventors,James Hargreaves lived in the U.K.,Garrett Morgan lived in Ukraine/the U.S.,1,0,TF,xor,AB
"Either the iguana is a reptile or the jellyfish is a cnidarian, but not both.",animal_class,The jellyfish is a cnidarian.,The iguana is a reptile.,1,1,TT,xor,BA
"Either the Spanish word 'invierno' means 'winter' or the Spanish word 'mar' means 'sea', but not both.",sp_en_trans,The Spanish word 'invierno' means 'winter'.,The Spanish word 'mar' means 'sea'.,1,1,TT,xor,AB
"Either the city of Gaziantep is in Ghana or the city of Quito is in Ecuador, but not both.",cities,The city of Gaziantep is in Ghana.,The city of Quito is in Ecuador.,0,1,FT,xor,AB
"Either Thulium has the symbol Tm or Argon has the symbol Ar, but not both.",element_symb,Thulium has the symbol Tm.,Argon has the symbol Ar.,1,1,TT,xor,AB
"Either the chicken is a mammal or the sparrow is a bird, but not both.",animal_class,The chicken is a mammal.,The sparrow is a bird.,0,1,FT,xor,AB
"Either Argon has the symbol Ar or Thulium has the symbol Tm, but not both.",element_symb,Thulium has the symbol Tm.,Argon has the symbol Ar.,1,1,TT,xor,BA
"Either Manganese has the symbol Mn or Zinc has the symbol Zn, but not both.",element_symb,Manganese has the symbol Mn.,Zinc has the symbol Zn.,1,1,TT,xor,AB
"Either the Spanish word 'presente' means 'present' or the Spanish word 'veinte' means 'shell', but not both.",sp_en_trans,The Spanish word 'veinte' means 'shell'.,The Spanish word 'presente' means 'present'.,0,1,FT,xor,BA
"Either the city of Salta is in Cambodia or the city of Denpasar is in Nepal, but not both.",cities,The city of Denpasar is in Nepal.,The city of Salta is in Cambodia.,0,0,FF,xor,BA
"Either the city of Uberlandia is in Brazil or the city of Santo Domingo Oeste is in the Dominican Republic, but not both.",cities,The city of Uberlandia is in Brazil.,The city of Santo Domingo Oeste is in the Dominican Republic.,1,1,TT,xor,AB
"Either Charles Fritts lived in the U.S or Alfred Nobel lived in Sweden, but not both.",inventors,Charles Fritts lived in the U.S.,Alfred Nobel lived in Sweden.,1,1,TT,xor,AB
"Either Dysprosium has the symbol I or Uranium has the symbol Hg, but not both.",element_symb,Dysprosium has the symbol I.,Uranium has the symbol Hg.,0,0,FF,xor,AB
"Either the city of Saint Petersburg is in Kuwait or the city of Luzhou is in China, but not both.",cities,The city of Saint Petersburg is in Kuwait.,The city of Luzhou is in China.,0,1,FT,xor,AB
"Either Tantalum has the symbol Ta or Promethium has the symbol Pm, but not both.",element_symb,Promethium has the symbol Pm.,Tantalum has the symbol Ta.,1,1,TT,xor,BA
"Either Ytterbium has the symbol Yb or Nickel has the symbol Ni, but not both.",element_symb,Ytterbium has the symbol Yb.,Nickel has the symbol Ni.,1,1,TT,xor,AB
"Either Zirconium has the symbol Zr or Thallium has the symbol Tl, but not both.",element_symb,Thallium has the symbol Tl.,Zirconium has the symbol Zr.,1,1,TT,xor,BA
"Either the panda is a mammal or the salmon is a crustacean, but not both.",animal_class,The panda is a mammal.,The salmon is a crustacean.,1,0,TF,xor,AB
"Either Tellurium has the symbol Te or Zirconium has the symbol Zr, but not both.",element_symb,Tellurium has the symbol Te.,Zirconium has the symbol Zr.,1,1,TT,xor,AB
"Either the city of Bhopal is in Iraq or the city of Kisangani is in Senegal, but not both.",cities,The city of Bhopal is in Iraq.,The city of Kisangani is in Senegal.,0,0,FF,xor,AB
"Either the city of Shizuoka is in Japan or the city of Oklahoma City is in the United States, but not both.",cities,The city of Oklahoma City is in the United States.,The city of Shizuoka is in Japan.,1,1,TT,xor,BA
"Either the city of Siping is in China or the city of Algiers is in Algeria, but not both.",cities,The city of Algiers is in Algeria.,The city of Siping is in China.,1,1,TT,xor,BA
"Either the walrus is a cnidarian or the zebra is a arachnid, but not both.",animal_class,The walrus is a cnidarian.,The zebra is a arachnid.,0,0,FF,xor,AB
"Either Guglielmo Marconi lived in Japan or George Devol lived in Hungary, but not both.",inventors,George Devol lived in Hungary.,Guglielmo Marconi lived in Japan.,0,0,FF,xor,BA
"Either Joseph Henry lived in Scotland or Karl Benz lived in Croatia, but not both.",inventors,Karl Benz lived in Croatia.,Joseph Henry lived in Scotland.,0,0,FF,xor,BA
"Either Hydrogen has the symbol Cl or Cobalt has the symbol Co, but not both.",element_symb,Cobalt has the symbol Co.,Hydrogen has the symbol Cl.,1,0,TF,xor,BA
"Either Clarence Birdseye lived in Croatia or Candace Pert lived in Germany, but not both.",inventors,Clarence Birdseye lived in Croatia.,Candace Pert lived in Germany.,0,0,FF,xor,AB
"Either the tuna is a insect or the leopard is a cnidarian, but not both.",animal_class,The tuna is a insect.,The leopard is a cnidarian.,0,0,FF,xor,AB
"Either the Spanish word 'y' means 'city' or the Spanish word 'ciudad' means 'to connect', but not both.",sp_en_trans,The Spanish word 'y' means 'city'.,The Spanish word 'ciudad' means 'to connect'.,0,0,FF,xor,AB
"Either Selenium has the symbol Se or Chromium has the symbol Cr, but not both.",element_symb,Selenium has the symbol Se.,Chromium has the symbol Cr.,1,1,TT,xor,AB
"Either Aluminum has the symbol C or Niobium has the symbol Fr, but not both.",element_symb,Aluminum has the symbol C.,Niobium has the symbol Fr.,0,0,FF,xor,AB
"Either the Spanish word 'hijo' means 'son' or the Spanish word 'delgado' means 'history', but not both.",sp_en_trans,The Spanish word 'delgado' means 'history'.,The Spanish word 'hijo' means 'son'.,0,1,FT,xor,BA
"Either Galileo Galilei lived in Italy or Charles Townes lived in the U.S, but not both.",inventors,Galileo Galilei lived in Italy.,Charles Townes lived in the U.S.,1,1,TT,xor,AB
"Either the Spanish word 'pagar' means 'to pay' or the Spanish word 'abrigo' means 'to eat', but not both.",sp_en_trans,The Spanish word 'abrigo' means 'to eat'.,The Spanish word 'pagar' means 'to pay'.,0,1,FT,xor,BA
"Either the moose is a reptile or the hummingbird is a bird, but not both.",animal_class,The moose is a reptile.,The hummingbird is a bird.,0,1,FT,xor,AB
"Either Praseodymium has the symbol Pr or Phosphorus has the symbol P, but not both.",element_symb,Phosphorus has the symbol P.,Praseodymium has the symbol Pr.,1,1,TT,xor,BA
"Either Otis Boykin lived in Finland or Daniel Fahrenheit lived in Poland/Germany, but not both.",inventors,Daniel Fahrenheit lived in Poland/Germany.,Otis Boykin lived in Finland.,1,0,TF,xor,BA
"Either Igor Tamm lived in Denmark or Willis Carrier lived in the U.S, but not both.",inventors,Willis Carrier lived in the U.S.,Igor Tamm lived in Denmark.,1,0,TF,xor,BA
"Either the goat is a reptile or the narwhal is a fish, but not both.",animal_class,The goat is a reptile.,The narwhal is a fish.,0,0,FF,xor,AB
"Either Cadmium has the symbol Pr or Cerium has the symbol Ce, but not both.",element_symb,Cadmium has the symbol Pr.,Cerium has the symbol Ce.,0,1,FT,xor,AB
"Either the Spanish word 'desarrollar' means 'to develop' or the Spanish word 'escuela' means 'school', but not both.",sp_en_trans,The Spanish word 'desarrollar' means 'to develop'.,The Spanish word 'escuela' means 'school'.,1,1,TT,xor,AB
"Either Tantalum has the symbol Ta or Barium has the symbol Ba, but not both.",element_symb,Tantalum has the symbol Ta.,Barium has the symbol Ba.,1,1,TT,xor,AB
"Either the city of Weinan is in Colombia or the city of Tolyatti is in Russia, but not both.",cities,The city of Weinan is in Colombia.,The city of Tolyatti is in Russia.,0,1,FT,xor,AB
"Either the Spanish word 'rosa' means 'rose' or the Spanish word 'lanzar' means 'to throw', but not both.",sp_en_trans,The Spanish word 'lanzar' means 'to throw'.,The Spanish word 'rosa' means 'rose'.,1,1,TT,xor,BA
"Either the city of Zhoushan is in the Philippines or the city of Baoji is in China, but not both.",cities,The city of Zhoushan is in the Philippines.,The city of Baoji is in China.,0,1,FT,xor,AB
"Either the city of Ufa is in Russia or the city of N'Djamena is in Chad, but not both.",cities,The city of N'Djamena is in Chad.,The city of Ufa is in Russia.,1,1,TT,xor,BA
"Either the city of Seoul is in Zimbabwe or the city of Diyarbakir is in Turkey, but not both.",cities,The city of Seoul is in Zimbabwe.,The city of Diyarbakir is in Turkey.,0,1,FT,xor,AB
"Either the Spanish word 'amigo' means 'enough' or the Spanish word 'escribir' means 'to write', but not both.",sp_en_trans,The Spanish word 'amigo' means 'enough'.,The Spanish word 'escribir' means 'to write'.,0,1,FT,xor,AB
"Either Candace Pert lived in Germany or John Atanasoff lived in the U.S, but not both.",inventors,Candace Pert lived in Germany.,John Atanasoff lived in the U.S.,0,1,FT,xor,AB
"Either the city of Kisangani is in Senegal or the city of Bhopal is in India, but not both.",cities,The city of Bhopal is in India.,The city of Kisangani is in Senegal.,1,0,TF,xor,BA
"Either Candace Pert lived in Germany or Clarence Birdseye lived in the U.S, but not both.",inventors,Clarence Birdseye lived in the U.S.,Candace Pert lived in Germany.,1,0,TF,xor,BA
"Either the Spanish word 'viejo' means 'old' or the Spanish word 'desarrollar' means 'to develop', but not both.",sp_en_trans,The Spanish word 'viejo' means 'old'.,The Spanish word 'desarrollar' means 'to develop'.,1,1,TT,xor,AB
"Either the chimpanzee is a mammal or the hyena is a mammal, but not both.",animal_class,The hyena is a mammal.,The chimpanzee is a mammal.,1,1,TT,xor,BA
"Either Edouard Benedictus lived in England or Evangelista Torricelli lived in Finland, but not both.",inventors,Edouard Benedictus lived in England.,Evangelista Torricelli lived in Finland.,0,0,FF,xor,AB
"Either the Spanish word 'noche' means 'to write' or the Spanish word 'temprano' means 'early', but not both.",sp_en_trans,The Spanish word 'temprano' means 'early'.,The Spanish word 'noche' means 'to write'.,1,0,TF,xor,BA
"Either the city of Bhopal is in India or the city of Kisangani is in Senegal, but not both.",cities,The city of Bhopal is in India.,The city of Kisangani is in Senegal.,1,0,TF,xor,AB
"Either the porcupine is a mammal or the bee is a insect, but not both.",animal_class,The bee is a insect.,The porcupine is a mammal.,1,1,TT,xor,BA
"Either Thallium has the symbol Fe or Osmium has the symbol P, but not both.",element_symb,Osmium has the symbol P.,Thallium has the symbol Fe.,0,0,FF,xor,BA
"Either Platinum has the symbol S or Europium has the symbol Pm, but not both.",element_symb,Platinum has the symbol S.,Europium has the symbol Pm.,0,0,FF,xor,AB
"Either Vanadium has the symbol Ta or Phosphorus has the symbol P, but not both.",element_symb,Phosphorus has the symbol P.,Vanadium has the symbol Ta.,1,0,TF,xor,BA
"Either the axolotl is a amphibian or the horse is a mammal, but not both.",animal_class,The horse is a mammal.,The axolotl is a amphibian.,1,1,TT,xor,BA
"Either Ralph Benjamin lived in Poland/France or Frederick G. Creed lived in Canada, but not both.",inventors,Frederick G. Creed lived in Canada.,Ralph Benjamin lived in Poland/France.,1,0,TF,xor,BA
"Either the Spanish word 'mujer' means 'enough' or the Spanish word 'hueso' means 'to eat', but not both.",sp_en_trans,The Spanish word 'mujer' means 'enough'.,The Spanish word 'hueso' means 'to eat'.,0,0,FF,xor,AB
"Either James Hargreaves lived in Japan or Garrett Morgan lived in Ukraine/the U.S, but not both.",inventors,James Hargreaves lived in Japan.,Garrett Morgan lived in Ukraine/the U.S.,0,0,FF,xor,AB
"Either the seagull is a bird or the camel is a mammal, but not both.",animal_class,The seagull is a bird.,The camel is a mammal.,1,1,TT,xor,AB
"Either the city of Wenzhou is in China or the city of Kampala is in Uganda, but not both.",cities,The city of Kampala is in Uganda.,The city of Wenzhou is in China.,1,1,TT,xor,BA
"Either the city of Gaziantep is in Turkey or the city of Quito is in France, but not both.",cities,The city of Gaziantep is in Turkey.,The city of Quito is in France.,1,0,TF,xor,AB
"Either Thulium has the symbol Tm or Sodium has the symbol N, but not both.",element_symb,Sodium has the symbol N.,Thulium has the symbol Tm.,0,1,FT,xor,BA
"Either Iron has the symbol Os or Thulium has the symbol Mg, but not both.",element_symb,Thulium has the symbol Mg.,Iron has the symbol Os.,0,0,FF,xor,BA
"Either the raccoon is a mammal or the porcupine is a mammal, but not both.",animal_class,The porcupine is a mammal.,The raccoon is a mammal.,1,1,TT,xor,BA
"Either the city of Indore is in Argentina or the city of Lodz is in Poland, but not both.",cities,The city of Lodz is in Poland.,The city of Indore is in Argentina.,1,0,TF,xor,BA
"Either Zinc has the symbol Zn or Antimony has the symbol Ca, but not both.",element_symb,Zinc has the symbol Zn.,Antimony has the symbol Ca.,1,0,TF,xor,AB
"Either Willis Carrier lived in the U.S or Igor Tamm lived in Denmark, but not both.",inventors,Willis Carrier lived in the U.S.,Igor Tamm lived in Denmark.,1,0,TF,xor,AB
"Either the Spanish word 'mapa' means 'map' or the Spanish word 'potencia' means 'power', but not both.",sp_en_trans,The Spanish word 'potencia' means 'power'.,The Spanish word 'mapa' means 'map'.,1,1,TT,xor,BA
"Either the city of Uberlandia is in Brazil or the city of Santo Domingo Oeste is in Cameroon, but not both.",cities,The city of Uberlandia is in Brazil.,The city of Santo Domingo Oeste is in Cameroon.,1,0,TF,xor,AB
"Either Platinum has the symbol Pt or Astatine has the symbol At, but not both.",element_symb,Platinum has the symbol Pt.,Astatine has the symbol At.,1,1,TT,xor,AB
"Either the Spanish word 'leer' means 'to read' or the Spanish word 'temprano' means 'early', but not both.",sp_en_trans,The Spanish word 'temprano' means 'early'.,The Spanish word 'leer' means 'to read'.,1,1,TT,xor,BA
"Either Praseodymium has the symbol I or Holmium has the symbol Ho, but not both.",element_symb,Holmium has the symbol Ho.,Praseodymium has the symbol I.,1,0,TF,xor,BA
"Either Astatine has the symbol At or Platinum has the symbol Pt, but not both.",element_symb,Platinum has the symbol Pt.,Astatine has the symbol At.,1,1,TT,xor,BA
"Either the Spanish word 'mes' means 'month' or the Spanish word 'hola' means 'hello', but not both.",sp_en_trans,The Spanish word 'mes' means 'month'.,The Spanish word 'hola' means 'hello'.,1,1,TT,xor,AB
"Either Daisuke Inoue lived in Japan or Hans von Ohain lived in England, but not both.",inventors,Daisuke Inoue lived in Japan.,Hans von Ohain lived in England.,1,0,TF,xor,AB
"Either the lion is a mammal or the hedgehog is a fish, but not both.",animal_class,The hedgehog is a fish.,The lion is a mammal.,0,1,FT,xor,BA
"Either Sir Frank Whittle lived in the Netherlands or Michael Faraday lived in Croatia, but not both.",inventors,Sir Frank Whittle lived in the Netherlands.,Michael Faraday lived in Croatia.,0,0,FF,xor,AB
"Either Tellurium has the symbol Te or Lead has the symbol Pb, but not both.",element_symb,Tellurium has the symbol Te.,Lead has the symbol Pb.,1,1,TT,xor,AB
"Either the Spanish word 'mujer' means 'woman' or the Spanish word 'hueso' means 'bone', but not both.",sp_en_trans,The Spanish word 'mujer' means 'woman'.,The Spanish word 'hueso' means 'bone'.,1,1,TT,xor,AB
"Either the city of Zhabei is in China or the city of Rio de Janeiro is in Brazil, but not both.",cities,The city of Rio de Janeiro is in Brazil.,The city of Zhabei is in China.,1,1,TT,xor,BA
"Either Garrett Morgan lived in the U.S or James Hargreaves lived in the U.K, but not both.",inventors,James Hargreaves lived in the U.K.,Garrett Morgan lived in the U.S.,1,1,TT,xor,BA
"Either the Spanish word 'fuego' means 'woman' or the Spanish word 'caliente' means 'corner', but not both.",sp_en_trans,The Spanish word 'caliente' means 'corner'.,The Spanish word 'fuego' means 'woman'.,0,0,FF,xor,BA
"Either the city of Vijayawada is in India or the city of Irkutsk is in Russia, but not both.",cities,The city of Irkutsk is in Russia.,The city of Vijayawada is in India.,1,1,TT,xor,BA
"Either the Spanish word 'madre' means 'mother' or the Spanish word 'fuerza' means 'voice', but not both.",sp_en_trans,The Spanish word 'fuerza' means 'voice'.,The Spanish word 'madre' means 'mother'.,0,1,FT,xor,BA
"Either the city of Tlaquepaque is in Mozambique or the city of Vladivostok is in Russia, but not both.",cities,The city of Vladivostok is in Russia.,The city of Tlaquepaque is in Mozambique.,1,0,TF,xor,BA
"Either the moose is a mammal or the camel is a crustacean, but not both.",animal_class,The moose is a mammal.,The camel is a crustacean.,1,0,TF,xor,AB
"Either the city of Guigang is in China or the city of Linfen is in Uzbekistan, but not both.",cities,The city of Guigang is in China.,The city of Linfen is in Uzbekistan.,1,0,TF,xor,AB
"Either the Spanish word 'amigo' means 'enough' or the Spanish word 'escribir' means 'to die', but not both.",sp_en_trans,The Spanish word 'amigo' means 'enough'.,The Spanish word 'escribir' means 'to die'.,0,0,FF,xor,AB
"Either Ignazio Porro lived in Austria/the U.S or Archimedes lived in Turkey/the U.S, but not both.",inventors,Ignazio Porro lived in Austria/the U.S.,Archimedes lived in Turkey/the U.S.,0,0,FF,xor,AB
"Either Sodium has the symbol Na or Thulium has the symbol Tm, but not both.",element_symb,Sodium has the symbol Na.,Thulium has the symbol Tm.,1,1,TT,xor,AB
"Either the Spanish word 'coche' means 'month' or the Spanish word 'hueso' means 'bone', but not both.",sp_en_trans,The Spanish word 'coche' means 'month'.,The Spanish word 'hueso' means 'bone'.,0,1,FT,xor,AB
"Either Hydrogen has the symbol H or Cobalt has the symbol H, but not both.",element_symb,Cobalt has the symbol H.,Hydrogen has the symbol H.,0,1,FT,xor,BA
"Either the moose is a mammal or the camel is a mammal, but not both.",animal_class,The moose is a mammal.,The camel is a mammal.,1,1,TT,xor,AB
"Either the city of Kyiv is in Iran or the city of Agadir is in Morocco, but not both.",cities,The city of Kyiv is in Iran.,The city of Agadir is in Morocco.,0,1,FT,xor,AB
"Either Germanium has the symbol Ge or Magnesium has the symbol Mg, but not both.",element_symb,Germanium has the symbol Ge.,Magnesium has the symbol Mg.,1,1,TT,xor,AB
"Either the city of Kolhapur is in the Republic of the Congo or the city of Winnipeg is in Canada, but not both.",cities,The city of Kolhapur is in the Republic of the Congo.,The city of Winnipeg is in Canada.,0,1,FT,xor,AB
"Either the rabbit is a mammal or the otter is a mammal, but not both.",animal_class,The rabbit is a mammal.,The otter is a mammal.,1,1,TT,xor,AB
"Either Niobium has the symbol Fr or Aluminum has the symbol C, but not both.",element_symb,Aluminum has the symbol C.,Niobium has the symbol Fr.,0,0,FF,xor,BA
"Either Fluorine has the symbol F or Gallium has the symbol Ga, but not both.",element_symb,Gallium has the symbol Ga.,Fluorine has the symbol F.,1,1,TT,xor,BA
"Either Herbert Akroyd Stuart lived in England or Ralph H. Baer lived in the U.S, but not both.",inventors,Ralph H. Baer lived in the U.S.,Herbert Akroyd Stuart lived in England.,1,1,TT,xor,BA
"Either the Spanish word 'semilla' means 'bear' or the Spanish word 'oferta' means 'open', but not both.",sp_en_trans,The Spanish word 'semilla' means 'bear'.,The Spanish word 'oferta' means 'open'.,0,0,FF,xor,AB
"Either Zinc has the symbol Zn or Ytterbium has the symbol Yb, but not both.",element_symb,Ytterbium has the symbol Yb.,Zinc has the symbol Zn.,1,1,TT,xor,BA
"Either Radon has the symbol Np or Chromium has the symbol Rb, but not both.",element_symb,Chromium has the symbol Rb.,Radon has the symbol Np.,0,0,FF,xor,BA
"Either the city of Dortmund is in Germany or the city of Ryazan' is in Russia, but not both.",cities,The city of Dortmund is in Germany.,The city of Ryazan' is in Russia.,1,1,TT,xor,AB
"Either the shark is a fish or the hippopotamus is a mollusk, but not both.",animal_class,The hippopotamus is a mollusk.,The shark is a fish.,0,1,FT,xor,BA
"Either the city of Siping is in China or the city of Algiers is in Lithuania, but not both.",cities,The city of Algiers is in Lithuania.,The city of Siping is in China.,0,1,FT,xor,BA
"Either the city of Madurai is in India or the city of Tangier is in Nepal, but not both.",cities,The city of Tangier is in Nepal.,The city of Madurai is in India.,0,1,FT,xor,BA
"Either the city of Pimpri is in India or the city of Jamshedpur is in Kenya, but not both.",cities,The city of Jamshedpur is in Kenya.,The city of Pimpri is in India.,0,1,FT,xor,BA
"Either the mongoose is a mammal or the llama is a mammal, but not both.",animal_class,The mongoose is a mammal.,The llama is a mammal.,1,1,TT,xor,AB
"Either Iron has the symbol Fe or Phosphorus has the symbol P, but not both.",element_symb,Phosphorus has the symbol P.,Iron has the symbol Fe.,1,1,TT,xor,BA
"Either Beryllium has the symbol Be or Argon has the symbol Ar, but not both.",element_symb,Argon has the symbol Ar.,Beryllium has the symbol Be.,1,1,TT,xor,BA
"Either the Spanish word 'belleza' means 'beauty' or the Spanish word 'piel' means 'three', but not both.",sp_en_trans,The Spanish word 'piel' means 'three'.,The Spanish word 'belleza' means 'beauty'.,0,1,FT,xor,BA
"Either Fridtjof Nansen lived in Norway or Narinder Singh Kapany lived in India, but not both.",inventors,Narinder Singh Kapany lived in India.,Fridtjof Nansen lived in Norway.,1,1,TT,xor,BA
"Either Daisuke Inoue lived in Sweden or Hans von Ohain lived in England, but not both.",inventors,Daisuke Inoue lived in Sweden.,Hans von Ohain lived in England.,0,0,FF,xor,AB
"Either Fluorine has the symbol F or Cobalt has the symbol H, but not both.",element_symb,Fluorine has the symbol F.,Cobalt has the symbol H.,1,0,TF,xor,AB
"Either Tantalum has the symbol Ta or Barium has the symbol Kr, but not both.",element_symb,Tantalum has the symbol Ta.,Barium has the symbol Kr.,1,0,TF,xor,AB
"Either George Devol lived in Hungary or Guglielmo Marconi lived in Italy, but not both.",inventors,George Devol lived in Hungary.,Guglielmo Marconi lived in Italy.,0,1,FT,xor,AB
"Either the Spanish word 'tres' means 'three' or the Spanish word 'isla' means 'island', but not both.",sp_en_trans,The Spanish word 'tres' means 'three'.,The Spanish word 'isla' means 'island'.,1,1,TT,xor,AB
"Either the cheetah is a mammal or the frog is a amphibian, but not both.",animal_class,The frog is a amphibian.,The cheetah is a mammal.,1,1,TT,xor,BA
"Either the llama is a mammal or the mongoose is a reptile, but not both.",animal_class,The mongoose is a reptile.,The llama is a mammal.,0,1,FT,xor,BA
"Either the Spanish word 'fuego' means 'fire' or the Spanish word 'caliente' means 'hot', but not both.",sp_en_trans,The Spanish word 'caliente' means 'hot'.,The Spanish word 'fuego' means 'fire'.,1,1,TT,xor,BA
"Either Frederick G. Creed lived in the U.S or Ralph Benjamin lived in Poland/France, but not both.",inventors,Frederick G. Creed lived in the U.S.,Ralph Benjamin lived in Poland/France.,0,0,FF,xor,AB
"Either the city of Vladivostok is in Ghana or the city of Tlaquepaque is in Mozambique, but not both.",cities,The city of Vladivostok is in Ghana.,The city of Tlaquepaque is in Mozambique.,0,0,FF,xor,AB
"Either the city of Lodz is in Poland or the city of Indore is in India, but not both.",cities,The city of Lodz is in Poland.,The city of Indore is in India.,1,1,TT,xor,AB
"Either the city of Zhoushan is in the Philippines or the city of Baoji is in Germany, but not both.",cities,The city of Zhoushan is in the Philippines.,The city of Baoji is in Germany.,0,0,FF,xor,AB
"Either Paul Gottlieb Nipkow lived in Norway or Linus Torvalds lived in Finland, but not both.",inventors,Linus Torvalds lived in Finland.,Paul Gottlieb Nipkow lived in Norway.,1,0,TF,xor,BA
"Either the city of Guigang is in China or the city of Linfen is in China, but not both.",cities,The city of Guigang is in China.,The city of Linfen is in China.,1,1,TT,xor,AB
"Either the flamingo is a amphibian or the seagull is a reptile, but not both.",animal_class,The flamingo is a amphibian.,The seagull is a reptile.,0,0,FF,xor,AB
"Either the Spanish word 'madre' means 'neighbor' or the Spanish word 'fuerza' means 'voice', but not both.",sp_en_trans,The Spanish word 'fuerza' means 'voice'.,The Spanish word 'madre' means 'neighbor'.,0,0,FF,xor,BA
"Either the city of Hegang is in China or the city of Bucharest is in Romania, but not both.",cities,The city of Hegang is in China.,The city of Bucharest is in Romania.,1,1,TT,xor,AB
"Either Georges Claude lived in France or Elisha Gray lived in the U.K, but not both.",inventors,Elisha Gray lived in the U.K.,Georges Claude lived in France.,0,1,FT,xor,BA
"Either Ami Argand lived in Switzerland or Leonardo da Vinci lived in Italy, but not both.",inventors,Ami Argand lived in Switzerland.,Leonardo da Vinci lived in Italy.,1,1,TT,xor,AB
"Either Palladium has the symbol Ir or Astatine has the symbol At, but not both.",element_symb,Astatine has the symbol At.,Palladium has the symbol Ir.,1,0,TF,xor,BA
"Either Joseph Henry lived in the U.S or Joseph Bramah lived in the U.K, but not both.",inventors,Joseph Henry lived in the U.S.,Joseph Bramah lived in the U.K.,1,1,TT,xor,AB
"Either the city of Pretoria is in South Africa or the city of Kuala Lumpur is in Malaysia, but not both.",cities,The city of Kuala Lumpur is in Malaysia.,The city of Pretoria is in South Africa.,1,1,TT,xor,BA
"Either Copper has the symbol Cu or Dysprosium has the symbol I, but not both.",element_symb,Dysprosium has the symbol I.,Copper has the symbol Cu.,0,1,FT,xor,BA
"Either the Spanish word 'fuerza' means 'voice' or the Spanish word 'madre' means 'mother', but not both.",sp_en_trans,The Spanish word 'fuerza' means 'voice'.,The Spanish word 'madre' means 'mother'.,0,1,FT,xor,AB
"Either the salmon is a crustacean or the panda is a bird, but not both.",animal_class,The panda is a bird.,The salmon is a crustacean.,0,0,FF,xor,BA
"Either Uranium has the symbol U or Dysprosium has the symbol Dy, but not both.",element_symb,Dysprosium has the symbol Dy.,Uranium has the symbol U.,1,1,TT,xor,BA
"Either John Callcott Horsley lived in the U.K or William Kelly lived in the U.S, but not both.",inventors,William Kelly lived in the U.S.,John Callcott Horsley lived in the U.K.,1,1,TT,xor,BA
"Either the city of Paranaque City is in the Philippines or the city of Klang is in Malaysia, but not both.",cities,The city of Paranaque City is in the Philippines.,The city of Klang is in Malaysia.,1,1,TT,xor,AB
"Either the city of Changshu is in Germany or the city of Nagoya is in the Dominican Republic, but not both.",cities,The city of Changshu is in Germany.,The city of Nagoya is in the Dominican Republic.,0,0,FF,xor,AB
"Either the city of Saint Petersburg is in Russia or the city of Luzhou is in China, but not both.",cities,The city of Saint Petersburg is in Russia.,The city of Luzhou is in China.,1,1,TT,xor,AB
"Either the city of Kolhapur is in India or the city of Winnipeg is in Morocco, but not both.",cities,The city of Kolhapur is in India.,The city of Winnipeg is in Morocco.,1,0,TF,xor,AB
"Either the Spanish word 'vender' means 'son' or the Spanish word 'desarrollar' means 'to develop', but not both.",sp_en_trans,The Spanish word 'desarrollar' means 'to develop'.,The Spanish word 'vender' means 'son'.,1,0,TF,xor,BA
"Either Edwin Link lived in Japan or Konrad Zuse lived in Germany, but not both.",inventors,Konrad Zuse lived in Germany.,Edwin Link lived in Japan.,1,0,TF,xor,BA
"Either John Wesley Hyatt lived in England or Narinder Singh Kapany lived in India, but not both.",inventors,John Wesley Hyatt lived in England.,Narinder Singh Kapany lived in India.,0,1,FT,xor,AB
"Either the seagull is a bird or the raccoon is a mammal, but not both.",animal_class,The raccoon is a mammal.,The seagull is a bird.,1,1,TT,xor,BA
"Either Rhenium has the symbol Pb or Argon has the symbol Ar, but not both.",element_symb,Argon has the symbol Ar.,Rhenium has the symbol Pb.,1,0,TF,xor,BA
"Either Marie Curie lived in Poland/Germany or Nicolas Appert lived in France, but not both.",inventors,Marie Curie lived in Poland/Germany.,Nicolas Appert lived in France.,0,1,FT,xor,AB
"Either the Spanish word 'caliente' means 'hot' or the Spanish word 'conectar' means 'to connect', but not both.",sp_en_trans,The Spanish word 'conectar' means 'to connect'.,The Spanish word 'caliente' means 'hot'.,1,1,TT,xor,BA
"Either Francium has the symbol Fr or Vanadium has the symbol V, but not both.",element_symb,Vanadium has the symbol V.,Francium has the symbol Fr.,1,1,TT,xor,BA
"Either the city of Marseille is in France or the city of Jiaxing is in North Korea, but not both.",cities,The city of Marseille is in France.,The city of Jiaxing is in North Korea.,1,0,TF,xor,AB
"Either Joseph Bramah lived in the U.K or Joseph Henry lived in the U.S, but not both.",inventors,Joseph Henry lived in the U.S.,Joseph Bramah lived in the U.K.,1,1,TT,xor,BA
"Either Ralph H. Baer lived in the U.S or Hans Oersted lived in Denmark, but not both.",inventors,Ralph H. Baer lived in the U.S.,Hans Oersted lived in Denmark.,1,1,TT,xor,AB
"Either the mongoose is a mammal or the llama is a mollusk, but not both.",animal_class,The mongoose is a mammal.,The llama is a mollusk.,1,0,TF,xor,AB
"Either the city of Peshawar is in Sweden or the city of Khulna is in Nigeria, but not both.",cities,The city of Peshawar is in Sweden.,The city of Khulna is in Nigeria.,0,0,FF,xor,AB
"Either the bee is a mollusk or the porcupine is a bird, but not both.",animal_class,The bee is a mollusk.,The porcupine is a bird.,0,0,FF,xor,AB
"Either the penguin is a bird or the otter is a mammal, but not both.",animal_class,The otter is a mammal.,The penguin is a bird.,1,1,TT,xor,BA
"Either the chimpanzee is a insect or the moose is a reptile, but not both.",animal_class,The moose is a reptile.,The chimpanzee is a insect.,0,0,FF,xor,BA
"Either the goat is a mammal or the parrot is a bird, but not both.",animal_class,The parrot is a bird.,The goat is a mammal.,1,1,TT,xor,BA
"Either the hyena is a mammal or the chimpanzee is a mammal, but not both.",animal_class,The hyena is a mammal.,The chimpanzee is a mammal.,1,1,TT,xor,AB
"Either Tantalum has the symbol Ta or Iron has the symbol Fe, but not both.",element_symb,Iron has the symbol Fe.,Tantalum has the symbol Ta.,1,1,TT,xor,BA
"Either Narinder Singh Kapany lived in India or Fridtjof Nansen lived in Norway, but not both.",inventors,Narinder Singh Kapany lived in India.,Fridtjof Nansen lived in Norway.,1,1,TT,xor,AB
"Either the sparrow is a bird or the chicken is a mammal, but not both.",animal_class,The chicken is a mammal.,The sparrow is a bird.,0,1,FT,xor,BA
"Either Daniel Fahrenheit lived in Canada/the U.S or Otis Boykin lived in the U.S, but not both.",inventors,Daniel Fahrenheit lived in Canada/the U.S.,Otis Boykin lived in the U.S.,0,1,FT,xor,AB
"Either the city of Uberlandia is in Turkey or the city of Santo Domingo Oeste is in the Dominican Republic, but not both.",cities,The city of Uberlandia is in Turkey.,The city of Santo Domingo Oeste is in the Dominican Republic.,0,1,FT,xor,AB
"Either the Spanish word 'olor' means 'smell' or the Spanish word 'aceite' means 'oil', but not both.",sp_en_trans,The Spanish word 'olor' means 'smell'.,The Spanish word 'aceite' means 'oil'.,1,1,TT,xor,AB
"Either the Spanish word 'oscuro' means 'dark' or the Spanish word 'primero' means 'first', but not both.",sp_en_trans,The Spanish word 'oscuro' means 'dark'.,The Spanish word 'primero' means 'first'.,1,1,TT,xor,AB
"Either the city of Vijayawada is in India or the city of Irkutsk is in Kuwait, but not both.",cities,The city of Irkutsk is in Kuwait.,The city of Vijayawada is in India.,0,1,FT,xor,BA
"Either the chimpanzee is a insect or the hyena is a cnidarian, but not both.",animal_class,The hyena is a cnidarian.,The chimpanzee is a insect.,0,0,FF,xor,BA
"Either the city of Tolyatti is in Myanmar or the city of Weinan is in Colombia, but not both.",cities,The city of Weinan is in Colombia.,The city of Tolyatti is in Myanmar.,0,0,FF,xor,BA
"Either the Spanish word 'imaginar' means 'to imagine' or the Spanish word 'comer' means 'to eat', but not both.",sp_en_trans,The Spanish word 'imaginar' means 'to imagine'.,The Spanish word 'comer' means 'to eat'.,1,1,TT,xor,AB
"Either the city of Harbin is in Madagascar or the city of Sapporo is in Japan, but not both.",cities,The city of Sapporo is in Japan.,The city of Harbin is in Madagascar.,1,0,TF,xor,BA
"Either the Spanish word 'caliente' means 'corner' or the Spanish word 'conectar' means 'to connect', but not both.",sp_en_trans,The Spanish word 'conectar' means 'to connect'.,The Spanish word 'caliente' means 'corner'.,1,0,TF,xor,BA
"Either the city of Khulna is in Bangladesh or the city of Peshawar is in Sweden, but not both.",cities,The city of Peshawar is in Sweden.,The city of Khulna is in Bangladesh.,0,1,FT,xor,BA
"Either Charles Macintosh lived in the U.K or James Watt lived in Scotland, but not both.",inventors,Charles Macintosh lived in the U.K.,James Watt lived in Scotland.,1,1,TT,xor,AB
"Either the city of Algiers is in Algeria or the city of Siping is in China, but not both.",cities,The city of Algiers is in Algeria.,The city of Siping is in China.,1,1,TT,xor,AB
"Either the Spanish word 'delgado' means 'history' or the Spanish word 'hijo' means 'son', but not both.",sp_en_trans,The Spanish word 'delgado' means 'history'.,The Spanish word 'hijo' means 'son'.,0,1,FT,xor,AB
"Either Thallium has the symbol Tl or Osmium has the symbol P, but not both.",element_symb,Osmium has the symbol P.,Thallium has the symbol Tl.,0,1,FT,xor,BA
"Either the city of Pontianak is in Indonesia or the city of Homyel' is in Belarus, but not both.",cities,The city of Pontianak is in Indonesia.,The city of Homyel' is in Belarus.,1,1,TT,xor,AB
"Either the city of Malang is in Indonesia or the city of Asmara is in Eritrea, but not both.",cities,The city of Malang is in Indonesia.,The city of Asmara is in Eritrea.,1,1,TT,xor,AB
"Either Xenon has the symbol Hf or Neon has the symbol B, but not both.",element_symb,Xenon has the symbol Hf.,Neon has the symbol B.,0,0,FF,xor,AB
"Either the Spanish word 'pero' means 'but' or the Spanish word 'esquina' means 'corner', but not both.",sp_en_trans,The Spanish word 'pero' means 'but'.,The Spanish word 'esquina' means 'corner'.,1,1,TT,xor,AB
"Either James Watt lived in Finland or Charles Macintosh lived in Japan, but not both.",inventors,Charles Macintosh lived in Japan.,James Watt lived in Finland.,0,0,FF,xor,BA
"Either Garrett Morgan lived in Ukraine/the U.S or James Hargreaves lived in the U.K, but not both.",inventors,James Hargreaves lived in the U.K.,Garrett Morgan lived in Ukraine/the U.S.,1,0,TF,xor,BA
"Either the Spanish word 'vender' means 'to sell' or the Spanish word 'gato' means 'cat', but not both.",sp_en_trans,The Spanish word 'vender' means 'to sell'.,The Spanish word 'gato' means 'cat'.,1,1,TT,xor,AB
"Either the city of Warangal is in Ethiopia or the city of Ahmedabad is in Mali, but not both.",cities,The city of Warangal is in Ethiopia.,The city of Ahmedabad is in Mali.,0,0,FF,xor,AB
"Either the gorilla is a mammal or the jellyfish is a cnidarian, but not both.",animal_class,The jellyfish is a cnidarian.,The gorilla is a mammal.,1,1,TT,xor,BA
"Either Thallium has the symbol Tl or Zirconium has the symbol Zr, but not both.",element_symb,Thallium has the symbol Tl.,Zirconium has the symbol Zr.,1,1,TT,xor,AB
"Either the Spanish word 'fuerza' means 'force' or the Spanish word 'madre' means 'mother', but not both.",sp_en_trans,The Spanish word 'fuerza' means 'force'.,The Spanish word 'madre' means 'mother'.,1,1,TT,xor,AB
"Either the porcupine is a mammal or the raccoon is a bird, but not both.",animal_class,The porcupine is a mammal.,The raccoon is a bird.,1,0,TF,xor,AB
"Either the flamingo is a amphibian or the seagull is a bird, but not both.",animal_class,The flamingo is a amphibian.,The seagull is a bird.,0,1,FT,xor,AB
"Either the Spanish word 'lento' means 'slow' or the Spanish word 'cabeza' means 'head', but not both.",sp_en_trans,The Spanish word 'lento' means 'slow'.,The Spanish word 'cabeza' means 'head'.,1,1,TT,xor,AB
"Either the goldfish is a mollusk or the cow is a bird, but not both.",animal_class,The goldfish is a mollusk.,The cow is a bird.,0,0,FF,xor,AB
"Either Hydrogen has the symbol H or Cobalt has the symbol Co, but not both.",element_symb,Cobalt has the symbol Co.,Hydrogen has the symbol H.,1,1,TT,xor,BA
"Either the city of Kolhapur is in India or the city of Winnipeg is in Canada, but not both.",cities,The city of Kolhapur is in India.,The city of Winnipeg is in Canada.,1,1,TT,xor,AB
"Either the city of Siping is in the United States or the city of Nagoya is in Japan, but not both.",cities,The city of Siping is in the United States.,The city of Nagoya is in Japan.,0,1,FT,xor,AB
"Either the Spanish word 'mujer' means 'enough' or the Spanish word 'hueso' means 'bone', but not both.",sp_en_trans,The Spanish word 'mujer' means 'enough'.,The Spanish word 'hueso' means 'bone'.,0,1,FT,xor,AB
"Either the hummingbird is a crustacean or the moose is a mammal, but not both.",animal_class,The moose is a mammal.,The hummingbird is a crustacean.,1,0,TF,xor,BA
"Either the Spanish word 'prueba' means 'whale' or the Spanish word 'leer' means 'to read', but not both.",sp_en_trans,The Spanish word 'prueba' means 'whale'.,The Spanish word 'leer' means 'to read'.,0,1,FT,xor,AB
"Either the Spanish word 'uno' means 'mouth' or the Spanish word 'parecer' means 'wave', but not both.",sp_en_trans,The Spanish word 'uno' means 'mouth'.,The Spanish word 'parecer' means 'wave'.,0,0,FF,xor,AB
"Either the city of Huainan is in China or the city of Curitiba is in Brazil, but not both.",cities,The city of Huainan is in China.,The city of Curitiba is in Brazil.,1,1,TT,xor,AB
"Either the Spanish word 'imaginar' means 'to imagine' or the Spanish word 'oveja' means 'busy', but not both.",sp_en_trans,The Spanish word 'oveja' means 'busy'.,The Spanish word 'imaginar' means 'to imagine'.,0,1,FT,xor,BA
"Either the city of Khulna is in Nigeria or the city of Peshawar is in Sweden, but not both.",cities,The city of Peshawar is in Sweden.,The city of Khulna is in Nigeria.,0,0,FF,xor,BA
"Either the walrus is a mammal or the zebra is a mammal, but not both.",animal_class,The walrus is a mammal.,The zebra is a mammal.,1,1,TT,xor,AB
"Either Daniel Fahrenheit lived in Canada/the U.S or Jean-Bernard-Léon Foucault lived in Germany, but not both.",inventors,Daniel Fahrenheit lived in Canada/the U.S.,Jean-Bernard-Léon Foucault lived in Germany.,0,0,FF,xor,AB
"Either the city of Qujing is in China or the city of Ufa is in Russia, but not both.",cities,The city of Ufa is in Russia.,The city of Qujing is in China.,1,1,TT,xor,BA
"Either the Spanish word 'vender' means 'son' or the Spanish word 'desarrollar' means 'sand', but not both.",sp_en_trans,The Spanish word 'desarrollar' means 'sand'.,The Spanish word 'vender' means 'son'.,0,0,FF,xor,BA
"Either the city of Port Harcourt is in Malaysia or the city of Santiago de los Caballeros is in the Dominican Republic, but not both.",cities,The city of Santiago de los Caballeros is in the Dominican Republic.,The city of Port Harcourt is in Malaysia.,1,0,TF,xor,BA
"Either Scandium has the symbol Sc or Gallium has the symbol Pb, but not both.",element_symb,Gallium has the symbol Pb.,Scandium has the symbol Sc.,0,1,FT,xor,BA
"Either the zebra is a mammal or the walrus is a cnidarian, but not both.",animal_class,The walrus is a cnidarian.,The zebra is a mammal.,0,1,FT,xor,BA
"Either the Spanish word 'escribir' means 'to write' or the Spanish word 'amigo' means 'enough', but not both.",sp_en_trans,The Spanish word 'amigo' means 'enough'.,The Spanish word 'escribir' means 'to write'.,0,1,FT,xor,BA
"Either the city of Goyang-si is in South Korea or the city of Kano is in Nigeria, but not both.",cities,The city of Goyang-si is in South Korea.,The city of Kano is in Nigeria.,1,1,TT,xor,AB
"Either the city of Jiaxing is in North Korea or the city of Marseille is in Romania, but not both.",cities,The city of Marseille is in Romania.,The city of Jiaxing is in North Korea.,0,0,FF,xor,BA
"Either the city of Porto Velho is in Brazil or the city of Abu Ghurayb is in Iraq, but not both.",cities,The city of Porto Velho is in Brazil.,The city of Abu Ghurayb is in Iraq.,1,1,TT,xor,AB
"Either the city of Weinan is in China or the city of Tolyatti is in Russia, but not both.",cities,The city of Weinan is in China.,The city of Tolyatti is in Russia.,1,1,TT,xor,AB
"Either Tantalum has the symbol La or Barium has the symbol Ba, but not both.",element_symb,Tantalum has the symbol La.,Barium has the symbol Ba.,0,1,FT,xor,AB
"Either Charles Francis Richter lived in India or Igor Tamm lived in Russia, but not both.",inventors,Igor Tamm lived in Russia.,Charles Francis Richter lived in India.,1,0,TF,xor,BA
"Either Ami Argand lived in Switzerland or Leonardo da Vinci lived in Sweden/the U.S, but not both.",inventors,Ami Argand lived in Switzerland.,Leonardo da Vinci lived in Sweden/the U.S.,1,0,TF,xor,AB
"Either the moose is a mammal or the chimpanzee is a mammal, but not both.",animal_class,The moose is a mammal.,The chimpanzee is a mammal.,1,1,TT,xor,AB
"Either Argon has the symbol Ar or Rubidium has the symbol K, but not both.",element_symb,Argon has the symbol Ar.,Rubidium has the symbol K.,1,0,TF,xor,AB
"Either the deer is a mammal or the kangaroo is a reptile, but not both.",animal_class,The kangaroo is a reptile.,The deer is a mammal.,0,1,FT,xor,BA
"Either the Spanish word 'caliente' means 'hot' or the Spanish word 'pierna' means 'leg', but not both.",sp_en_trans,The Spanish word 'caliente' means 'hot'.,The Spanish word 'pierna' means 'leg'.,1,1,TT,xor,AB
"Either the Spanish word 'temprano' means 'nothing' or the Spanish word 'noche' means 'to write', but not both.",sp_en_trans,The Spanish word 'temprano' means 'nothing'.,The Spanish word 'noche' means 'to write'.,0,0,FF,xor,AB
"Either Frederick G. Creed lived in Canada or Ralph Benjamin lived in the U.K, but not both.",inventors,Frederick G. Creed lived in Canada.,Ralph Benjamin lived in the U.K.,1,1,TT,xor,AB
"Either the Spanish word 'ejemplo' means 'to see' or the Spanish word 'abrigo' means 'to eat', but not both.",sp_en_trans,The Spanish word 'ejemplo' means 'to see'.,The Spanish word 'abrigo' means 'to eat'.,0,0,FF,xor,AB
"Either Evangelista Torricelli lived in Finland or Edouard Benedictus lived in England, but not both.",inventors,Edouard Benedictus lived in England.,Evangelista Torricelli lived in Finland.,0,0,FF,xor,BA
"Either the narwhal is a mammal or the goat is a reptile, but not both.",animal_class,The goat is a reptile.,The narwhal is a mammal.,0,1,FT,xor,BA
"Either the slug is a mammal or the llama is a mammal, but not both.",animal_class,The slug is a mammal.,The llama is a mammal.,0,1,FT,xor,AB
"Either the Spanish word 'palabra' means 'word' or the Spanish word 'hielo' means 'ice', but not both.",sp_en_trans,The Spanish word 'hielo' means 'ice'.,The Spanish word 'palabra' means 'word'.,1,1,TT,xor,BA
"Either Henry Bessemer lived in the U.K or Georges Claude lived in France, but not both.",inventors,Henry Bessemer lived in the U.K.,Georges Claude lived in France.,1,1,TT,xor,AB
"Either the lion is a cnidarian or the hedgehog is a fish, but not both.",animal_class,The hedgehog is a fish.,The lion is a cnidarian.,0,0,FF,xor,BA
"Either the goat is a reptile or the rat is a arachnid, but not both.",animal_class,The rat is a arachnid.,The goat is a reptile.,0,0,FF,xor,BA
"Either the bison is a mammal or the camel is a mammal, but not both.",animal_class,The bison is a mammal.,The camel is a mammal.,1,1,TT,xor,AB
"Either the city of Weinan is in Colombia or the city of Tolyatti is in Myanmar, but not both.",cities,The city of Weinan is in Colombia.,The city of Tolyatti is in Myanmar.,0,0,FF,xor,AB
"Either the salmon is a crustacean or the panda is a mammal, but not both.",animal_class,The panda is a mammal.,The salmon is a crustacean.,1,0,TF,xor,BA
"Either Edouard Benedictus lived in England or Evangelista Torricelli lived in Italy, but not both.",inventors,Edouard Benedictus lived in England.,Evangelista Torricelli lived in Italy.,0,1,FT,xor,AB
"Either Sir Frank Whittle lived in the U.K or Michael Faraday lived in the U.K, but not both.",inventors,Sir Frank Whittle lived in the U.K.,Michael Faraday lived in the U.K.,1,1,TT,xor,AB
"Either the Spanish word 'olor' means 'fear' or the Spanish word 'aceite' means 'oil', but not both.",sp_en_trans,The Spanish word 'olor' means 'fear'.,The Spanish word 'aceite' means 'oil'.,0,1,FT,xor,AB
"Either the city of Vijayawada is in China or the city of Irkutsk is in Russia, but not both.",cities,The city of Irkutsk is in Russia.,The city of Vijayawada is in China.,1,0,TF,xor,BA
"Either the Spanish word 'noche' means 'night' or the Spanish word 'temprano' means 'early', but not both.",sp_en_trans,The Spanish word 'temprano' means 'early'.,The Spanish word 'noche' means 'night'.,1,1,TT,xor,BA
"Either the lion is a mammal or the tortoise is a fish, but not both.",animal_class,The tortoise is a fish.,The lion is a mammal.,0,1,FT,xor,BA
"Either the Spanish word 'invierno' means 'family' or the Spanish word 'mar' means 'sea', but not both.",sp_en_trans,The Spanish word 'invierno' means 'family'.,The Spanish word 'mar' means 'sea'.,0,1,FT,xor,AB
"Either the city of Sapporo is in Japan or the city of Harbin is in China, but not both.",cities,The city of Sapporo is in Japan.,The city of Harbin is in China.,1,1,TT,xor,AB
"Either Charles Townes lived in Croatia or Galileo Galilei lived in Italy, but not both.",inventors,Galileo Galilei lived in Italy.,Charles Townes lived in Croatia.,1,0,TF,xor,BA
"Either the city of Salta is in Cambodia or the city of Denpasar is in Indonesia, but not both.",cities,The city of Denpasar is in Indonesia.,The city of Salta is in Cambodia.,1,0,TF,xor,BA
"Either Joseph Glidden lived in China or Narinder Singh Kapany lived in India, but not both.",inventors,Narinder Singh Kapany lived in India.,Joseph Glidden lived in China.,1,0,TF,xor,BA
"Either the Spanish word 'delgado' means 'thin' or the Spanish word 'hijo' means 'cook', but not both.",sp_en_trans,The Spanish word 'delgado' means 'thin'.,The Spanish word 'hijo' means 'cook'.,1,0,TF,xor,AB
"Either the frog is a amphibian or the cheetah is a mammal, but not both.",animal_class,The frog is a amphibian.,The cheetah is a mammal.,1,1,TT,xor,AB
"Either Fluorine has the symbol F or Cobalt has the symbol Co, but not both.",element_symb,Fluorine has the symbol F.,Cobalt has the symbol Co.,1,1,TT,xor,AB
"Either the sparrow is a crustacean or the chicken is a bird, but not both.",animal_class,The chicken is a bird.,The sparrow is a crustacean.,1,0,TF,xor,BA
"Either Scandium has the symbol Sc or Gallium has the symbol Ga, but not both.",element_symb,Gallium has the symbol Ga.,Scandium has the symbol Sc.,1,1,TT,xor,BA
"Either the Spanish word 'desarrollar' means 'sand' or the Spanish word 'viejo' means 'old', but not both.",sp_en_trans,The Spanish word 'viejo' means 'old'.,The Spanish word 'desarrollar' means 'sand'.,1,0,TF,xor,BA
"Either the city of Agadir is in Somalia or the city of Kyiv is in Ukraine, but not both.",cities,The city of Kyiv is in Ukraine.,The city of Agadir is in Somalia.,1,0,TF,xor,BA
"Either the Spanish word 'caliente' means 'corner' or the Spanish word 'fuego' means 'woman', but not both.",sp_en_trans,The Spanish word 'caliente' means 'corner'.,The Spanish word 'fuego' means 'woman'.,0,0,FF,xor,AB
"Either the tuna is a fish or the leopard is a mammal, but not both.",animal_class,The tuna is a fish.,The leopard is a mammal.,1,1,TT,xor,AB
"Either the Spanish word 'fuerza' means 'force' or the Spanish word 'madre' means 'neighbor', but not both.",sp_en_trans,The Spanish word 'fuerza' means 'force'.,The Spanish word 'madre' means 'neighbor'.,1,0,TF,xor,AB
"Either the Spanish word 'abrigo' means 'coat' or the Spanish word 'ejemplo' means 'example', but not both.",sp_en_trans,The Spanish word 'ejemplo' means 'example'.,The Spanish word 'abrigo' means 'coat'.,1,1,TT,xor,BA
"Either Nicolas Appert lived in France or Marie Curie lived in Poland/France, but not both.",inventors,Marie Curie lived in Poland/France.,Nicolas Appert lived in France.,1,1,TT,xor,BA
"Either Charles Goodyear lived in the U.S or Richard Leach Maddox lived in the U.K, but not both.",inventors,Charles Goodyear lived in the U.S.,Richard Leach Maddox lived in the U.K.,1,1,TT,xor,AB
"Either the Spanish word 'veinte' means 'twenty' or the Spanish word 'presente' means 'present', but not both.",sp_en_trans,The Spanish word 'veinte' means 'twenty'.,The Spanish word 'presente' means 'present'.,1,1,TT,xor,AB
"Either the Spanish word 'ciudad' means 'to connect' or the Spanish word 'y' means 'and', but not both.",sp_en_trans,The Spanish word 'y' means 'and'.,The Spanish word 'ciudad' means 'to connect'.,1,0,TF,xor,BA
"Either Potassium has the symbol K or Aluminum has the symbol Al, but not both.",element_symb,Aluminum has the symbol Al.,Potassium has the symbol K.,1,1,TT,xor,BA
"Either the city of Onitsha is in Nigeria or the city of Asmara is in Eritrea, but not both.",cities,The city of Asmara is in Eritrea.,The city of Onitsha is in Nigeria.,1,1,TT,xor,BA
"Either Cobalt has the symbol Co or Hydrogen has the symbol H, but not both.",element_symb,Cobalt has the symbol Co.,Hydrogen has the symbol H.,1,1,TT,xor,AB
"Either Sodium has the symbol N or Thulium has the symbol Tm, but not both.",element_symb,Sodium has the symbol N.,Thulium has the symbol Tm.,0,1,FT,xor,AB
"Either Dysprosium has the symbol I or Copper has the symbol Cu, but not both.",element_symb,Dysprosium has the symbol I.,Copper has the symbol Cu.,0,1,FT,xor,AB
"Either the gorilla is a reptile or the panda is a bird, but not both.",animal_class,The gorilla is a reptile.,The panda is a bird.,0,0,FF,xor,AB
"Either the lion is a cnidarian or the hedgehog is a mammal, but not both.",animal_class,The hedgehog is a mammal.,The lion is a cnidarian.,1,0,TF,xor,BA
"Either Neon has the symbol B or Xenon has the symbol Xe, but not both.",element_symb,Xenon has the symbol Xe.,Neon has the symbol B.,1,0,TF,xor,BA
"Either the hamster is a mammal or the crocodile is a bird, but not both.",animal_class,The crocodile is a bird.,The hamster is a mammal.,0,1,FT,xor,BA
"Either the Spanish word 'aceite' means 'oil' or the Spanish word 'olor' means 'smell', but not both.",sp_en_trans,The Spanish word 'olor' means 'smell'.,The Spanish word 'aceite' means 'oil'.,1,1,TT,xor,BA
"Either the Spanish word 'concha' means 'giraffe' or the Spanish word 'papel' means 'paper', but not both.",sp_en_trans,The Spanish word 'papel' means 'paper'.,The Spanish word 'concha' means 'giraffe'.,1,0,TF,xor,BA
"Either the Spanish word 'escribir' means 'to write' or the Spanish word 'amigo' means 'friend', but not both.",sp_en_trans,The Spanish word 'amigo' means 'friend'.,The Spanish word 'escribir' means 'to write'.,1,1,TT,xor,BA
"Either Edouard Benedictus lived in France or Evangelista Torricelli lived in Finland, but not both.",inventors,Edouard Benedictus lived in France.,Evangelista Torricelli lived in Finland.,1,0,TF,xor,AB
"Either the salmon is a fish or the peacock is a bird, but not both.",animal_class,The peacock is a bird.,The salmon is a fish.,1,1,TT,xor,BA
"Either the Spanish word 'fuego' means 'woman' or the Spanish word 'caliente' means 'hot', but not both.",sp_en_trans,The Spanish word 'caliente' means 'hot'.,The Spanish word 'fuego' means 'woman'.,1,0,TF,xor,BA
"Either the city of Saint Petersburg is in Russia or the city of Luzhou is in Guinea, but not both.",cities,The city of Saint Petersburg is in Russia.,The city of Luzhou is in Guinea.,1,0,TF,xor,AB
"Either Alva J. Fisher lived in the U.S or Igor Tamm lived in Russia, but not both.",inventors,Igor Tamm lived in Russia.,Alva J. Fisher lived in the U.S.,1,1,TT,xor,BA
"Either the moose is a reptile or the camel is a crustacean, but not both.",animal_class,The moose is a reptile.,The camel is a crustacean.,0,0,FF,xor,AB
"Either the city of Siping is in the United States or the city of Algiers is in Algeria, but not both.",cities,The city of Algiers is in Algeria.,The city of Siping is in the United States.,1,0,TF,xor,BA
"Either Joseph Glidden lived in the U.S or Narinder Singh Kapany lived in Canada/the U.S, but not both.",inventors,Narinder Singh Kapany lived in Canada/the U.S.,Joseph Glidden lived in the U.S.,0,1,FT,xor,BA
"Either the hummingbird is a bird or the horse is a mammal, but not both.",animal_class,The horse is a mammal.,The hummingbird is a bird.,1,1,TT,xor,BA
"Either the camel is a mammal or the parrot is a bird, but not both.",animal_class,The parrot is a bird.,The camel is a mammal.,1,1,TT,xor,BA
"Either James West lived in China or David Schwarz lived in Croatia, but not both.",inventors,James West lived in China.,David Schwarz lived in Croatia.,0,1,FT,xor,AB
"Either the city of N'Djamena is in Chad or the city of Ufa is in Russia, but not both.",cities,The city of N'Djamena is in Chad.,The city of Ufa is in Russia.,1,1,TT,xor,AB
"Either Platinum has the symbol Pt or Europium has the symbol Eu, but not both.",element_symb,Platinum has the symbol Pt.,Europium has the symbol Eu.,1,1,TT,xor,AB
"Either Krypton has the symbol Zr or Nickel has the symbol Os, but not both.",element_symb,Nickel has the symbol Os.,Krypton has the symbol Zr.,0,0,FF,xor,BA
"Either the Spanish word 'perro' means 'dog' or the Spanish word 'lento' means 'slow', but not both.",sp_en_trans,The Spanish word 'perro' means 'dog'.,The Spanish word 'lento' means 'slow'.,1,1,TT,xor,AB
"Either the Spanish word 'huevo' means 'egg' or the Spanish word 'hermana' means 'sister', but not both.",sp_en_trans,The Spanish word 'huevo' means 'egg'.,The Spanish word 'hermana' means 'sister'.,1,1,TT,xor,AB
"Either the gorilla is a mammal or the panda is a mammal, but not both.",animal_class,The gorilla is a mammal.,The panda is a mammal.,1,1,TT,xor,AB
"Either the Spanish word 'veinte' means 'twenty' or the Spanish word 'problema' means 'problem', but not both.",sp_en_trans,The Spanish word 'problema' means 'problem'.,The Spanish word 'veinte' means 'twenty'.,1,1,TT,xor,BA
"Either the Spanish word 'roca' means 'rock' or the Spanish word 'abrigo' means 'coat', but not both.",sp_en_trans,The Spanish word 'abrigo' means 'coat'.,The Spanish word 'roca' means 'rock'.,1,1,TT,xor,BA
"Either Charles Francis Richter lived in India or Igor Tamm lived in Denmark, but not both.",inventors,Igor Tamm lived in Denmark.,Charles Francis Richter lived in India.,0,0,FF,xor,BA
"Either the jellyfish is a cnidarian or the iguana is a reptile, but not both.",animal_class,The jellyfish is a cnidarian.,The iguana is a reptile.,1,1,TT,xor,AB
"Either the city of Bucharest is in Romania or the city of Hegang is in China, but not both.",cities,The city of Hegang is in China.,The city of Bucharest is in Romania.,1,1,TT,xor,BA
"Either the peacock is a bird or the skunk is a mammal, but not both.",animal_class,The peacock is a bird.,The skunk is a mammal.,1,1,TT,xor,AB
"Either Dysprosium has the symbol I or Copper has the symbol La, but not both.",element_symb,Dysprosium has the symbol I.,Copper has the symbol La.,0,0,FF,xor,AB
"Either the city of Tolyatti is in Russia or the city of Weinan is in Colombia, but not both.",cities,The city of Weinan is in Colombia.,The city of Tolyatti is in Russia.,0,1,FT,xor,BA
"Either the jellyfish is a cnidarian or the gorilla is a mammal, but not both.",animal_class,The jellyfish is a cnidarian.,The gorilla is a mammal.,1,1,TT,xor,AB
"Either the city of Klang is in Malaysia or the city of Paranaque City is in the Philippines, but not both.",cities,The city of Paranaque City is in the Philippines.,The city of Klang is in Malaysia.,1,1,TT,xor,BA
"Either Zinc has the symbol Ac or Ytterbium has the symbol F, but not both.",element_symb,Ytterbium has the symbol F.,Zinc has the symbol Ac.,0,0,FF,xor,BA
"Either John Wesley Hyatt lived in the U.S or Narinder Singh Kapany lived in Canada/the U.S, but not both.",inventors,John Wesley Hyatt lived in the U.S.,Narinder Singh Kapany lived in Canada/the U.S.,1,0,TF,xor,AB
"Either the Spanish word 'siete' means 'seven' or the Spanish word 'historia' means 'history', but not both.",sp_en_trans,The Spanish word 'siete' means 'seven'.,The Spanish word 'historia' means 'history'.,1,1,TT,xor,AB
"Either the city of Seoul is in Zimbabwe or the city of Diyarbakir is in Kazakhstan, but not both.",cities,The city of Seoul is in Zimbabwe.,The city of Diyarbakir is in Kazakhstan.,0,0,FF,xor,AB
"Either the city of Nagoya is in the Dominican Republic or the city of Changshu is in Germany, but not both.",cities,The city of Changshu is in Germany.,The city of Nagoya is in the Dominican Republic.,0,0,FF,xor,BA
"Either Lutetium has the symbol V or Lead has the symbol Pb, but not both.",element_symb,Lutetium has the symbol V.,Lead has the symbol Pb.,0,1,FT,xor,AB
"Either the city of Quito is in Ecuador or the city of Gaziantep is in Turkey, but not both.",cities,The city of Gaziantep is in Turkey.,The city of Quito is in Ecuador.,1,1,TT,xor,BA
"Either the Spanish word 'hueso' means 'to eat' or the Spanish word 'mujer' means 'enough', but not both.",sp_en_trans,The Spanish word 'mujer' means 'enough'.,The Spanish word 'hueso' means 'to eat'.,0,0,FF,xor,BA
"Either Luther George Simjian lived in Turkey/the U.S or Richard Trevithick lived in the U.K, but not both.",inventors,Richard Trevithick lived in the U.K.,Luther George Simjian lived in Turkey/the U.S.,1,1,TT,xor,BA
"Either the Spanish word 'ciudad' means 'city' or the Spanish word 'y' means 'city', but not both.",sp_en_trans,The Spanish word 'y' means 'city'.,The Spanish word 'ciudad' means 'city'.,0,1,FT,xor,BA
"Either the axolotl is a fish or the chimpanzee is a mammal, but not both.",animal_class,The axolotl is a fish.,The chimpanzee is a mammal.,0,1,FT,xor,AB
"Either the bee is a mollusk or the frog is a bird, but not both.",animal_class,The bee is a mollusk.,The frog is a bird.,0,0,FF,xor,AB
"Either Germanium has the symbol Ra or Potassium has the symbol K, but not both.",element_symb,Germanium has the symbol Ra.,Potassium has the symbol K.,0,1,FT,xor,AB
"Either Uranium has the symbol Hg or Dysprosium has the symbol Dy, but not both.",element_symb,Dysprosium has the symbol Dy.,Uranium has the symbol Hg.,1,0,TF,xor,BA
"Either the hamster is a mammal or the crocodile is a reptile, but not both.",animal_class,The crocodile is a reptile.,The hamster is a mammal.,1,1,TT,xor,BA
"Either the city of Budapest is in Hungary or the city of Algiers is in Algeria, but not both.",cities,The city of Algiers is in Algeria.,The city of Budapest is in Hungary.,1,1,TT,xor,BA
"Either Osmium has the symbol Os or Boron has the symbol B, but not both.",element_symb,Osmium has the symbol Os.,Boron has the symbol B.,1,1,TT,xor,AB
"Either the Spanish word 'comer' means 'to eat' or the Spanish word 'imaginar' means 'to imagine', but not both.",sp_en_trans,The Spanish word 'imaginar' means 'to imagine'.,The Spanish word 'comer' means 'to eat'.,1,1,TT,xor,BA
"Either Arthur Fry lived in Croatia or Leon Theremin lived in Poland/France, but not both.",inventors,Leon Theremin lived in Poland/France.,Arthur Fry lived in Croatia.,0,0,FF,xor,BA
"Either Michael Faraday lived in the U.K or Emile Berliner lived in Germany/the U.S, but not both.",inventors,Michael Faraday lived in the U.K.,Emile Berliner lived in Germany/the U.S.,1,1,TT,xor,AB
"Either Francium has the symbol Fr or Rubidium has the symbol Rb, but not both.",element_symb,Francium has the symbol Fr.,Rubidium has the symbol Rb.,1,1,TT,xor,AB
"Either Candace Pert lived in the U.S or John Atanasoff lived in the U.S, but not both.",inventors,Candace Pert lived in the U.S.,John Atanasoff lived in the U.S.,1,1,TT,xor,AB
"Either the bison is a mammal or the bat is a mammal, but not both.",animal_class,The bison is a mammal.,The bat is a mammal.,1,1,TT,xor,AB
"Either Titanium has the symbol Ti or Aluminum has the symbol Al, but not both.",element_symb,Aluminum has the symbol Al.,Titanium has the symbol Ti.,1,1,TT,xor,BA
"Either Charles Townes lived in the U.S or Galileo Galilei lived in Italy, but not both.",inventors,Galileo Galilei lived in Italy.,Charles Townes lived in the U.S.,1,1,TT,xor,BA
"Either Charles Macintosh lived in Japan or James Watt lived in Scotland, but not both.",inventors,Charles Macintosh lived in Japan.,James Watt lived in Scotland.,0,1,FT,xor,AB
"Either Xenon has the symbol Xe or Neon has the symbol Ne, but not both.",element_symb,Xenon has the symbol Xe.,Neon has the symbol Ne.,1,1,TT,xor,AB
"Either Ralph H. Baer lived in the U.S or Herbert Akroyd Stuart lived in England, but not both.",inventors,Ralph H. Baer lived in the U.S.,Herbert Akroyd Stuart lived in England.,1,1,TT,xor,AB
"Either the Spanish word 'delgado' means 'history' or the Spanish word 'hijo' means 'cook', but not both.",sp_en_trans,The Spanish word 'delgado' means 'history'.,The Spanish word 'hijo' means 'cook'.,0,0,FF,xor,AB
"Either Chromium has the symbol Cr or Selenium has the symbol Se, but not both.",element_symb,Selenium has the symbol Se.,Chromium has the symbol Cr.,1,1,TT,xor,BA
"Either Georges Claude lived in Sweden/the U.S or Elisha Gray lived in the U.S, but not both.",inventors,Elisha Gray lived in the U.S.,Georges Claude lived in Sweden/the U.S.,1,0,TF,xor,BA
"Either the city of Luzhou is in Guinea or the city of Saint Petersburg is in Russia, but not both.",cities,The city of Saint Petersburg is in Russia.,The city of Luzhou is in Guinea.,1,0,TF,xor,BA
"Either Gideon Sundback lived in Sweden/the U.S or Grace Hopper lived in the U.S, but not both.",inventors,Grace Hopper lived in the U.S.,Gideon Sundback lived in Sweden/the U.S.,1,1,TT,xor,BA
"Either the city of Santiago de los Caballeros is in China or the city of Port Harcourt is in Nigeria, but not both.",cities,The city of Santiago de los Caballeros is in China.,The city of Port Harcourt is in Nigeria.,0,1,FT,xor,AB
"Either Willis Carrier lived in the U.S or Sergey Brin and Larry Page lived in the U.S, but not both.",inventors,Willis Carrier lived in the U.S.,Sergey Brin and Larry Page lived in the U.S.,1,1,TT,xor,AB
"Either Lead has the symbol Pb or Tellurium has the symbol Zn, but not both.",element_symb,Tellurium has the symbol Zn.,Lead has the symbol Pb.,0,1,FT,xor,BA
"Either Nickel has the symbol Ni or Krypton has the symbol Zr, but not both.",element_symb,Nickel has the symbol Ni.,Krypton has the symbol Zr.,1,0,TF,xor,AB
"Either the tiger is a mammal or the hedgehog is a mammal, but not both.",animal_class,The hedgehog is a mammal.,The tiger is a mammal.,1,1,TT,xor,BA
"Either Charles Macintosh lived in Japan or James Watt lived in Finland, but not both.",inventors,Charles Macintosh lived in Japan.,James Watt lived in Finland.,0,0,FF,xor,AB
"Either Hans Geiger lived in Germany or James Starley lived in the U.K, but not both.",inventors,James Starley lived in the U.K.,Hans Geiger lived in Germany.,1,1,TT,xor,BA
"Either the panda is a bird or the gorilla is a reptile, but not both.",animal_class,The gorilla is a reptile.,The panda is a bird.,0,0,FF,xor,BA
"Either the Spanish word 'vender' means 'to sell' or the Spanish word 'desarrollar' means 'to develop', but not both.",sp_en_trans,The Spanish word 'desarrollar' means 'to develop'.,The Spanish word 'vender' means 'to sell'.,1,1,TT,xor,BA
"Either the city of Jamshedpur is in India or the city of Pimpri is in Sweden, but not both.",cities,The city of Jamshedpur is in India.,The city of Pimpri is in Sweden.,1,0,TF,xor,AB
"Either the tuna is a fish or the leopard is a cnidarian, but not both.",animal_class,The tuna is a fish.,The leopard is a cnidarian.,1,0,TF,xor,AB
"Either the city of Quito is in France or the city of Gaziantep is in Turkey, but not both.",cities,The city of Gaziantep is in Turkey.,The city of Quito is in France.,1,0,TF,xor,BA
"Either the lion is a mammal or the walrus is a mammal, but not both.",animal_class,The walrus is a mammal.,The lion is a mammal.,1,1,TT,xor,BA
"Either James Hargreaves lived in the U.K or Garrett Morgan lived in the U.S, but not both.",inventors,James Hargreaves lived in the U.K.,Garrett Morgan lived in the U.S.,1,1,TT,xor,AB
"Either the city of Warangal is in India or the city of Ahmedabad is in Mali, but not both.",cities,The city of Warangal is in India.,The city of Ahmedabad is in Mali.,1,0,TF,xor,AB
"Either the city of Khulna is in Nigeria or the city of Osaka is in Japan, but not both.",cities,The city of Osaka is in Japan.,The city of Khulna is in Nigeria.,1,0,TF,xor,BA
"Either Sulfur has the symbol S or Lanthanum has the symbol La, but not both.",element_symb,Lanthanum has the symbol La.,Sulfur has the symbol S.,1,1,TT,xor,BA
"Either Daniel Fahrenheit lived in Canada/the U.S or Otis Boykin lived in Finland, but not both.",inventors,Daniel Fahrenheit lived in Canada/the U.S.,Otis Boykin lived in Finland.,0,0,FF,xor,AB
"Either Whitcomb Judson lived in Sweden/the U.S or Igor Tamm lived in Russia, but not both.",inventors,Whitcomb Judson lived in Sweden/the U.S.,Igor Tamm lived in Russia.,0,1,FT,xor,AB
"Either John Atanasoff lived in the U.S or Candace Pert lived in the U.S, but not both.",inventors,Candace Pert lived in the U.S.,John Atanasoff lived in the U.S.,1,1,TT,xor,BA
"Either the hummingbird is a crustacean or the moose is a reptile, but not both.",animal_class,The moose is a reptile.,The hummingbird is a crustacean.,0,0,FF,xor,BA
"Either the hummingbird is a bird or the moose is a mammal, but not both.",animal_class,The moose is a mammal.,The hummingbird is a bird.,1,1,TT,xor,BA
"Either the Spanish word 'tercero' means 'third' or the Spanish word 'imaginar' means 'to imagine', but not both.",sp_en_trans,The Spanish word 'imaginar' means 'to imagine'.,The Spanish word 'tercero' means 'third'.,1,1,TT,xor,BA
"Either the city of Oklahoma City is in the United States or the city of Shizuoka is in Japan, but not both.",cities,The city of Oklahoma City is in the United States.,The city of Shizuoka is in Japan.,1,1,TT,xor,AB
"Either James Starley lived in Austria/the U.S or Arthur Pitney lived in the U.S, but not both.",inventors,Arthur Pitney lived in the U.S.,James Starley lived in Austria/the U.S.,1,0,TF,xor,BA
"Either the Spanish word 'oveja' means 'sheep' or the Spanish word 'imaginar' means 'to imagine', but not both.",sp_en_trans,The Spanish word 'oveja' means 'sheep'.,The Spanish word 'imaginar' means 'to imagine'.,1,1,TT,xor,AB
"Either the deer is a mammal or the kangaroo is a mammal, but not both.",animal_class,The kangaroo is a mammal.,The deer is a mammal.,1,1,TT,xor,BA
"Either Igor Tamm lived in Denmark or Charles Francis Richter lived in the U.S, but not both.",inventors,Igor Tamm lived in Denmark.,Charles Francis Richter lived in the U.S.,0,1,FT,xor,AB
"Either Leonardo da Vinci lived in Italy or Ami Argand lived in China, but not both.",inventors,Ami Argand lived in China.,Leonardo da Vinci lived in Italy.,0,1,FT,xor,BA
"Either the slug is a mammal or the llama is a mollusk, but not both.",animal_class,The slug is a mammal.,The llama is a mollusk.,0,0,FF,xor,AB
"Either Iron has the symbol Fe or Thulium has the symbol Tm, but not both.",element_symb,Thulium has the symbol Tm.,Iron has the symbol Fe.,1,1,TT,xor,BA
"Either the peacock is a bird or the hummingbird is a bird, but not both.",animal_class,The hummingbird is a bird.,The peacock is a bird.,1,1,TT,xor,BA
"Either the raccoon is a mammal or the porcupine is a bird, but not both.",animal_class,The porcupine is a bird.,The raccoon is a mammal.,0,1,FT,xor,BA
"Either the goat is a mammal or the salmon is a crustacean, but not both.",animal_class,The salmon is a crustacean.,The goat is a mammal.,0,1,FT,xor,BA
"Either Antimony has the symbol Ca or Zinc has the symbol Zn, but not both.",element_symb,Zinc has the symbol Zn.,Antimony has the symbol Ca.,1,0,TF,xor,BA
"Either Clarence Birdseye lived in the U.S or Candace Pert lived in the U.S, but not both.",inventors,Clarence Birdseye lived in the U.S.,Candace Pert lived in the U.S.,1,1,TT,xor,AB
"Either the city of Kuala Lumpur is in Malaysia or the city of Pretoria is in South Africa, but not both.",cities,The city of Kuala Lumpur is in Malaysia.,The city of Pretoria is in South Africa.,1,1,TT,xor,AB
"Either Evangelista Torricelli lived in Italy or Edouard Benedictus lived in England, but not both.",inventors,Edouard Benedictus lived in England.,Evangelista Torricelli lived in Italy.,0,1,FT,xor,BA
"Either Argon has the symbol Ar or Beryllium has the symbol Be, but not both.",element_symb,Argon has the symbol Ar.,Beryllium has the symbol Be.,1,1,TT,xor,AB
"Either the hyena is a cnidarian or the chimpanzee is a mammal, but not both.",animal_class,The hyena is a cnidarian.,The chimpanzee is a mammal.,0,1,FT,xor,AB
"Either the Spanish word 'piel' means 'skin' or the Spanish word 'belleza' means 'rabbit', but not both.",sp_en_trans,The Spanish word 'piel' means 'skin'.,The Spanish word 'belleza' means 'rabbit'.,1,0,TF,xor,AB
"Either Phosphorus has the symbol P or Vanadium has the symbol Ta, but not both.",element_symb,Phosphorus has the symbol P.,Vanadium has the symbol Ta.,1,0,TF,xor,AB
"Either the Spanish word 'aceite' means 'son' or the Spanish word 'olor' means 'fear', but not both.",sp_en_trans,The Spanish word 'olor' means 'fear'.,The Spanish word 'aceite' means 'son'.,0,0,FF,xor,BA
"Either Iron has the symbol Os or Thulium has the symbol Tm, but not both.",element_symb,Thulium has the symbol Tm.,Iron has the symbol Os.,1,0,TF,xor,BA
"Either Ytterbium has the symbol Yb or Zinc has the symbol Ac, but not both.",element_symb,Ytterbium has the symbol Yb.,Zinc has the symbol Ac.,1,0,TF,xor,AB
"Either the Spanish word 'mar' means 'sea' or the Spanish word 'invierno' means 'family', but not both.",sp_en_trans,The Spanish word 'invierno' means 'family'.,The Spanish word 'mar' means 'sea'.,0,1,FT,xor,BA
"Either Charles Goodyear lived in the U.S or Igor Sikorsky lived in Ukraine/the U.S, but not both.",inventors,Charles Goodyear lived in the U.S.,Igor Sikorsky lived in Ukraine/the U.S.,1,1,TT,xor,AB
"Either the Spanish word 'invierno' means 'winter' or the Spanish word 'miedo' means 'fear', but not both.",sp_en_trans,The Spanish word 'miedo' means 'fear'.,The Spanish word 'invierno' means 'winter'.,1,1,TT,xor,BA
"Either Astatine has the symbol At or Copper has the symbol Cu, but not both.",element_symb,Copper has the symbol Cu.,Astatine has the symbol At.,1,1,TT,xor,BA
"Either Chromium has the symbol Rb or Radon has the symbol Np, but not both.",element_symb,Chromium has the symbol Rb.,Radon has the symbol Np.,0,0,FF,xor,AB
"Either the Spanish word 'uno' means 'one' or the Spanish word 'lugar' means 'place', but not both.",sp_en_trans,The Spanish word 'uno' means 'one'.,The Spanish word 'lugar' means 'place'.,1,1,TT,xor,AB
"Either the Spanish word 'ocupado' means 'busy' or the Spanish word 'hombro' means 'shoulder', but not both.",sp_en_trans,The Spanish word 'hombro' means 'shoulder'.,The Spanish word 'ocupado' means 'busy'.,1,1,TT,xor,BA
"Either the porcupine is a mammal or the raccoon is a mammal, but not both.",animal_class,The porcupine is a mammal.,The raccoon is a mammal.,1,1,TT,xor,AB
"Either the city of Jiaxing is in North Korea or the city of Marseille is in France, but not both.",cities,The city of Marseille is in France.,The city of Jiaxing is in North Korea.,1,0,TF,xor,BA
"Either Yvonne Brill lived in Canada or Alec Jeffreys lived in the U.K, but not both.",inventors,Yvonne Brill lived in Canada.,Alec Jeffreys lived in the U.K.,1,1,TT,xor,AB
"Either Narinder Singh Kapany lived in India or John Wesley Hyatt lived in England, but not both.",inventors,John Wesley Hyatt lived in England.,Narinder Singh Kapany lived in India.,0,1,FT,xor,BA
"Either the Spanish word 'higo' means 'fig' or the Spanish word 'roca' means 'present', but not both.",sp_en_trans,The Spanish word 'higo' means 'fig'.,The Spanish word 'roca' means 'present'.,1,0,TF,xor,AB
"Either the hyena is a cnidarian or the chimpanzee is a insect, but not both.",animal_class,The hyena is a cnidarian.,The chimpanzee is a insect.,0,0,FF,xor,AB
"Either the bat is a mammal or the bison is a mammal, but not both.",animal_class,The bison is a mammal.,The bat is a mammal.,1,1,TT,xor,BA
"Either Ernesto Blanco lived in the U.S or Ernest Swinton lived in the U.K, but not both.",inventors,Ernesto Blanco lived in the U.S.,Ernest Swinton lived in the U.K.,1,1,TT,xor,AB
"Either the city of Kolhapur is in the Republic of the Congo or the city of Winnipeg is in Morocco, but not both.",cities,The city of Kolhapur is in the Republic of the Congo.,The city of Winnipeg is in Morocco.,0,0,FF,xor,AB
"Either Barium has the symbol Ba or Tantalum has the symbol La, but not both.",element_symb,Tantalum has the symbol La.,Barium has the symbol Ba.,0,1,FT,xor,BA
"Either Antimony has the symbol Sb or Zinc has the symbol Ac, but not both.",element_symb,Zinc has the symbol Ac.,Antimony has the symbol Sb.,0,1,FT,xor,BA
"Either Evangelista Torricelli lived in Italy or Edouard Benedictus lived in France, but not both.",inventors,Edouard Benedictus lived in France.,Evangelista Torricelli lived in Italy.,1,1,TT,xor,BA
"Either Daniel Fahrenheit lived in Poland/Germany or Jean-Bernard-Léon Foucault lived in Germany, but not both.",inventors,Daniel Fahrenheit lived in Poland/Germany.,Jean-Bernard-Léon Foucault lived in Germany.,1,0,TF,xor,AB
"Either the Spanish word 'desarrollar' means 'to develop' or the Spanish word 'viejo' means 'to save', but not both.",sp_en_trans,The Spanish word 'viejo' means 'to save'.,The Spanish word 'desarrollar' means 'to develop'.,0,1,FT,xor,BA
"Either Alec Jeffreys lived in the U.K or Yvonne Brill lived in Canada, but not both.",inventors,Yvonne Brill lived in Canada.,Alec Jeffreys lived in the U.K.,1,1,TT,xor,BA
"Either the city of Jamshedpur is in India or the city of Pimpri is in India, but not both.",cities,The city of Jamshedpur is in India.,The city of Pimpri is in India.,1,1,TT,xor,AB
"Either Phosphorus has the symbol P or Vanadium has the symbol V, but not both.",element_symb,Phosphorus has the symbol P.,Vanadium has the symbol V.,1,1,TT,xor,AB
"Either Potassium has the symbol C or Germanium has the symbol Ra, but not both.",element_symb,Germanium has the symbol Ra.,Potassium has the symbol C.,0,0,FF,xor,BA
"Either Cerium has the symbol I or Cadmium has the symbol Pr, but not both.",element_symb,Cadmium has the symbol Pr.,Cerium has the symbol I.,0,0,FF,xor,BA
"Either the Spanish word 'ciudad' means 'city' or the Spanish word 'y' means 'and', but not both.",sp_en_trans,The Spanish word 'y' means 'and'.,The Spanish word 'ciudad' means 'city'.,1,1,TT,xor,BA
"Either the city of Mianzhu, Deyang, Sichuan is in China or the city of Zibo is in China, but not both.",cities,"The city of Mianzhu, Deyang, Sichuan is in China.",The city of Zibo is in China.,1,1,TT,xor,AB
"Either the city of Santiago de Queretaro is in Mexico or the city of Najran is in the United Arab Emirates, but not both.",cities,The city of Najran is in the United Arab Emirates.,The city of Santiago de Queretaro is in Mexico.,0,1,FT,xor,BA
"Either George Devol lived in Hungary or Guglielmo Marconi lived in Japan, but not both.",inventors,George Devol lived in Hungary.,Guglielmo Marconi lived in Japan.,0,0,FF,xor,AB
"Either the city of Lodz is in Niger or the city of Indore is in Argentina, but not both.",cities,The city of Lodz is in Niger.,The city of Indore is in Argentina.,0,0,FF,xor,AB
"Either the lion is a cnidarian or the tortoise is a fish, but not both.",animal_class,The tortoise is a fish.,The lion is a cnidarian.,0,0,FF,xor,BA
"Either the llama is a mammal or the mongoose is a mammal, but not both.",animal_class,The mongoose is a mammal.,The llama is a mammal.,1,1,TT,xor,BA
"Either the flamingo is a bird or the seagull is a reptile, but not both.",animal_class,The flamingo is a bird.,The seagull is a reptile.,1,0,TF,xor,AB
"Either Zinc has the symbol Zn or Ytterbium has the symbol F, but not both.",element_symb,Ytterbium has the symbol F.,Zinc has the symbol Zn.,0,1,FT,xor,BA
"Either the hedgehog is a mammal or the tiger is a mammal, but not both.",animal_class,The hedgehog is a mammal.,The tiger is a mammal.,1,1,TT,xor,AB
"Either the Spanish word 'guardar' means 'to save' or the Spanish word 'vecino' means 'neighbor', but not both.",sp_en_trans,The Spanish word 'vecino' means 'neighbor'.,The Spanish word 'guardar' means 'to save'.,1,1,TT,xor,BA
"Either the city of Chisinau is in Poland or the city of Krakow is in Chile, but not both.",cities,The city of Chisinau is in Poland.,The city of Krakow is in Chile.,0,0,FF,xor,AB
"Either Charles Macintosh lived in the U.K or James Watt lived in Finland, but not both.",inventors,Charles Macintosh lived in the U.K.,James Watt lived in Finland.,1,0,TF,xor,AB
"Either the city of Zhoushan is in China or the city of Baoji is in China, but not both.",cities,The city of Zhoushan is in China.,The city of Baoji is in China.,1,1,TT,xor,AB
"Either Daisuke Inoue lived in Sweden or Hans von Ohain lived in Germany, but not both.",inventors,Daisuke Inoue lived in Sweden.,Hans von Ohain lived in Germany.,0,1,FT,xor,AB
"Either the tortoise is a reptile or the lion is a cnidarian, but not both.",animal_class,The tortoise is a reptile.,The lion is a cnidarian.,1,0,TF,xor,AB
"Either John Boyd Dunlop lived in Scotland or Jacob Perkins lived in the U.S, but not both.",inventors,John Boyd Dunlop lived in Scotland.,Jacob Perkins lived in the U.S.,1,1,TT,xor,AB
"Either Tellurium has the symbol Zn or Lead has the symbol Er, but not both.",element_symb,Tellurium has the symbol Zn.,Lead has the symbol Er.,0,0,FF,xor,AB
"Either the city of Nagoya is in Japan or the city of Changshu is in China, but not both.",cities,The city of Changshu is in China.,The city of Nagoya is in Japan.,1,1,TT,xor,BA
"Either the city of Denpasar is in Indonesia or the city of Salta is in Cambodia, but not both.",cities,The city of Denpasar is in Indonesia.,The city of Salta is in Cambodia.,1,0,TF,xor,AB
"Either Hans von Ohain lived in Germany or Daisuke Inoue lived in Sweden, but not both.",inventors,Daisuke Inoue lived in Sweden.,Hans von Ohain lived in Germany.,0,1,FT,xor,BA
"Either the Spanish word 'concha' means 'shell' or the Spanish word 'papel' means 'paper', but not both.",sp_en_trans,The Spanish word 'papel' means 'paper'.,The Spanish word 'concha' means 'shell'.,1,1,TT,xor,BA
"Either the city of Marseille is in Romania or the city of Jiaxing is in North Korea, but not both.",cities,The city of Marseille is in Romania.,The city of Jiaxing is in North Korea.,0,0,FF,xor,AB
"Either Igor Tamm lived in Russia or Alva J. Fisher lived in the U.S, but not both.",inventors,Igor Tamm lived in Russia.,Alva J. Fisher lived in the U.S.,1,1,TT,xor,AB
"Either Chromium has the symbol Cr or Radon has the symbol Np, but not both.",element_symb,Chromium has the symbol Cr.,Radon has the symbol Np.,1,0,TF,xor,AB
"Either the peacock is a bird or the hamster is a mammal, but not both.",animal_class,The hamster is a mammal.,The peacock is a bird.,1,1,TT,xor,BA
"Either the Spanish word 'veinte' means 'twenty' or the Spanish word 'hermana' means 'sister', but not both.",sp_en_trans,The Spanish word 'hermana' means 'sister'.,The Spanish word 'veinte' means 'twenty'.,1,1,TT,xor,BA
"Either the tortoise is a reptile or the lion is a mammal, but not both.",animal_class,The tortoise is a reptile.,The lion is a mammal.,1,1,TT,xor,AB
"Either the city of Sapporo is in Tanzania or the city of Harbin is in China, but not both.",cities,The city of Sapporo is in Tanzania.,The city of Harbin is in China.,0,1,FT,xor,AB
"Either the Spanish word 'hueso' means 'bone' or the Spanish word 'coche' means 'car', but not both.",sp_en_trans,The Spanish word 'coche' means 'car'.,The Spanish word 'hueso' means 'bone'.,1,1,TT,xor,BA
"Either the bat is a mammal or the raccoon is a mammal, but not both.",animal_class,The raccoon is a mammal.,The bat is a mammal.,1,1,TT,xor,BA
"Either Georges Claude lived in France or Elisha Gray lived in the U.S, but not both.",inventors,Elisha Gray lived in the U.S.,Georges Claude lived in France.,1,1,TT,xor,BA
"Either the Spanish word 'oveja' means 'sheep' or the Spanish word 'imaginar' means 'star', but not both.",sp_en_trans,The Spanish word 'oveja' means 'sheep'.,The Spanish word 'imaginar' means 'star'.,1,0,TF,xor,AB
"Either the city of Ryazan' is in Russia or the city of Dortmund is in Germany, but not both.",cities,The city of Dortmund is in Germany.,The city of Ryazan' is in Russia.,1,1,TT,xor,BA
"Either Aluminum has the symbol Al or Potassium has the symbol K, but not both.",element_symb,Aluminum has the symbol Al.,Potassium has the symbol K.,1,1,TT,xor,AB
"Either the city of Agadir is in Morocco or the city of Kyiv is in Iran, but not both.",cities,The city of Kyiv is in Iran.,The city of Agadir is in Morocco.,0,1,FT,xor,BA
"Either James West lived in the U.S or David Schwarz lived in Croatia, but not both.",inventors,James West lived in the U.S.,David Schwarz lived in Croatia.,1,1,TT,xor,AB
"Either the city of Ganzhou is in China or the city of Yaounde is in Cameroon, but not both.",cities,The city of Ganzhou is in China.,The city of Yaounde is in Cameroon.,1,1,TT,xor,AB
"Either the rat is a arachnid or the goat is a reptile, but not both.",animal_class,The rat is a arachnid.,The goat is a reptile.,0,0,FF,xor,AB
"Either the panda is a mammal or the gorilla is a reptile, but not both.",animal_class,The gorilla is a reptile.,The panda is a mammal.,0,1,FT,xor,BA
"Either the Spanish word 'noche' means 'to write' or the Spanish word 'temprano' means 'nothing', but not both.",sp_en_trans,The Spanish word 'temprano' means 'nothing'.,The Spanish word 'noche' means 'to write'.,0,0,FF,xor,BA
"Either the city of Lodz is in Poland or the city of Indore is in Argentina, but not both.",cities,The city of Lodz is in Poland.,The city of Indore is in Argentina.,1,0,TF,xor,AB
"Either Argon has the symbol Ar or Neodymium has the symbol Nd, but not both.",element_symb,Argon has the symbol Ar.,Neodymium has the symbol Nd.,1,1,TT,xor,AB
"Either Argon has the symbol Pr or Rhenium has the symbol Pb, but not both.",element_symb,Argon has the symbol Pr.,Rhenium has the symbol Pb.,0,0,FF,xor,AB
"Either Edwin Link lived in Japan or Konrad Zuse lived in Finland, but not both.",inventors,Konrad Zuse lived in Finland.,Edwin Link lived in Japan.,0,0,FF,xor,BA
"Either Louis Pasteur lived in France or Paul Gottlieb Nipkow lived in Germany, but not both.",inventors,Louis Pasteur lived in France.,Paul Gottlieb Nipkow lived in Germany.,1,1,TT,xor,AB
"Either the city of Onitsha is in Vietnam or the city of Asmara is in Eritrea, but not both.",cities,The city of Asmara is in Eritrea.,The city of Onitsha is in Vietnam.,1,0,TF,xor,BA
"Either Neodymium has the symbol Nd or Argon has the symbol Ar, but not both.",element_symb,Argon has the symbol Ar.,Neodymium has the symbol Nd.,1,1,TT,xor,BA
"Either the chimpanzee is a mammal or the axolotl is a amphibian, but not both.",animal_class,The axolotl is a amphibian.,The chimpanzee is a mammal.,1,1,TT,xor,BA
"Either the city of Indore is in India or the city of Lodz is in Poland, but not both.",cities,The city of Lodz is in Poland.,The city of Indore is in India.,1,1,TT,xor,BA
"Either the Spanish word 'enviar' means 'city' or the Spanish word 'caer' means 'to fall', but not both.",sp_en_trans,The Spanish word 'enviar' means 'city'.,The Spanish word 'caer' means 'to fall'.,0,1,FT,xor,AB
"Either Michael Faraday lived in Croatia or Emile Berliner lived in Japan, but not both.",inventors,Michael Faraday lived in Croatia.,Emile Berliner lived in Japan.,0,0,FF,xor,AB
"Either Thallium has the symbol Tl or Osmium has the symbol Os, but not both.",element_symb,Osmium has the symbol Os.,Thallium has the symbol Tl.,1,1,TT,xor,BA
"Either Michael Faraday lived in the U.K or Sir Frank Whittle lived in the U.K, but not both.",inventors,Sir Frank Whittle lived in the U.K.,Michael Faraday lived in the U.K.,1,1,TT,xor,BA
"Either Radon has the symbol Rn or Chromium has the symbol Cr, but not both.",element_symb,Chromium has the symbol Cr.,Radon has the symbol Rn.,1,1,TT,xor,BA
"Either the chimpanzee is a mammal or the moose is a mammal, but not both.",animal_class,The moose is a mammal.,The chimpanzee is a mammal.,1,1,TT,xor,BA
"Either the Spanish word 'grupo' means 'group' or the Spanish word 'semilla' means 'seed', but not both.",sp_en_trans,The Spanish word 'semilla' means 'seed'.,The Spanish word 'grupo' means 'group'.,1,1,TT,xor,BA
"Either the shark is a cnidarian or the hippopotamus is a mollusk, but not both.",animal_class,The hippopotamus is a mollusk.,The shark is a cnidarian.,0,0,FF,xor,BA
"Either the Spanish word 'parecer' means 'to seem' or the Spanish word 'uno' means 'one', but not both.",sp_en_trans,The Spanish word 'uno' means 'one'.,The Spanish word 'parecer' means 'to seem'.,1,1,TT,xor,BA
"Either the city of Santiago de Queretaro is in Somalia or the city of Najran is in Saudi Arabia, but not both.",cities,The city of Najran is in Saudi Arabia.,The city of Santiago de Queretaro is in Somalia.,1,0,TF,xor,BA
"Either the Spanish word 'hijo' means 'son' or the Spanish word 'delgado' means 'thin', but not both.",sp_en_trans,The Spanish word 'delgado' means 'thin'.,The Spanish word 'hijo' means 'son'.,1,1,TT,xor,BA
"Either the Spanish word 'madre' means 'mother' or the Spanish word 'fuerza' means 'force', but not both.",sp_en_trans,The Spanish word 'fuerza' means 'force'.,The Spanish word 'madre' means 'mother'.,1,1,TT,xor,BA
"Either the goat is a mammal or the narwhal is a fish, but not both.",animal_class,The goat is a mammal.,The narwhal is a fish.,1,0,TF,xor,AB
"Either George Devol lived in the U.S or Guglielmo Marconi lived in Italy, but not both.",inventors,George Devol lived in the U.S.,Guglielmo Marconi lived in Italy.,1,1,TT,xor,AB
"Either Zirconium has the symbol Ru or Tellurium has the symbol Zn, but not both.",element_symb,Tellurium has the symbol Zn.,Zirconium has the symbol Ru.,0,0,FF,xor,BA
"Either the city of Xiamen is in Madagascar or the city of Tucson is in Armenia, but not both.",cities,The city of Xiamen is in Madagascar.,The city of Tucson is in Armenia.,0,0,FF,xor,AB
"Either the goldfish is a fish or the hamster is a mammal, but not both.",animal_class,The goldfish is a fish.,The hamster is a mammal.,1,1,TT,xor,AB
"Either the mongoose is a reptile or the llama is a mollusk, but not both.",animal_class,The mongoose is a reptile.,The llama is a mollusk.,0,0,FF,xor,AB
"Either Cobalt has the symbol H or Hydrogen has the symbol H, but not both.",element_symb,Cobalt has the symbol H.,Hydrogen has the symbol H.,0,1,FT,xor,AB
"Either the Spanish word 'fuego' means 'fire' or the Spanish word 'plata' means 'silver', but not both.",sp_en_trans,The Spanish word 'fuego' means 'fire'.,The Spanish word 'plata' means 'silver'.,1,1,TT,xor,AB
"Either the Spanish word 'semilla' means 'seed' or the Spanish word 'oferta' means 'open', but not both.",sp_en_trans,The Spanish word 'semilla' means 'seed'.,The Spanish word 'oferta' means 'open'.,1,0,TF,xor,AB
"Either the Spanish word 'ejemplo' means 'to see' or the Spanish word 'abrigo' means 'coat', but not both.",sp_en_trans,The Spanish word 'ejemplo' means 'to see'.,The Spanish word 'abrigo' means 'coat'.,0,1,FT,xor,AB
"Either the Spanish word 'papel' means 'neck' or the Spanish word 'concha' means 'shell', but not both.",sp_en_trans,The Spanish word 'papel' means 'neck'.,The Spanish word 'concha' means 'shell'.,0,1,FT,xor,AB
"Either Gallium has the symbol Ga or Fluorine has the symbol F, but not both.",element_symb,Gallium has the symbol Ga.,Fluorine has the symbol F.,1,1,TT,xor,AB
"Either Neon has the symbol Ne or Xenon has the symbol Xe, but not both.",element_symb,Xenon has the symbol Xe.,Neon has the symbol Ne.,1,1,TT,xor,BA
"Either the iguana is a reptile or the deer is a mammal, but not both.",animal_class,The iguana is a reptile.,The deer is a mammal.,1,1,TT,xor,AB
"Either the Spanish word 'prueba' means 'whale' or the Spanish word 'leer' means 'skin', but not both.",sp_en_trans,The Spanish word 'prueba' means 'whale'.,The Spanish word 'leer' means 'skin'.,0,0,FF,xor,AB
"Either the axolotl is a amphibian or the chimpanzee is a insect, but not both.",animal_class,The axolotl is a amphibian.,The chimpanzee is a insect.,1,0,TF,xor,AB
"Either the goat is a mammal or the narwhal is a mammal, but not both.",animal_class,The goat is a mammal.,The narwhal is a mammal.,1,1,TT,xor,AB
"Either Platinum has the symbol S or Europium has the symbol Eu, but not both.",element_symb,Platinum has the symbol S.,Europium has the symbol Eu.,0,1,FT,xor,AB
"Either Potassium has the symbol K or Germanium has the symbol Ge, but not both.",element_symb,Germanium has the symbol Ge.,Potassium has the symbol K.,1,1,TT,xor,BA
"Either the city of Winnipeg is in Morocco or the city of Kolhapur is in India, but not both.",cities,The city of Kolhapur is in India.,The city of Winnipeg is in Morocco.,1,0,TF,xor,BA
"Either the Spanish word 'temprano' means 'early' or the Spanish word 'noche' means 'night', but not both.",sp_en_trans,The Spanish word 'temprano' means 'early'.,The Spanish word 'noche' means 'night'.,1,1,TT,xor,AB
"Either the city of Port Harcourt is in Nigeria or the city of Santiago de los Caballeros is in the Dominican Republic, but not both.",cities,The city of Santiago de los Caballeros is in the Dominican Republic.,The city of Port Harcourt is in Nigeria.,1,1,TT,xor,BA
"Either Thulium has the symbol Mg or Iron has the symbol Fe, but not both.",element_symb,Thulium has the symbol Mg.,Iron has the symbol Fe.,0,1,FT,xor,AB
"Either the hippopotamus is a mollusk or the shark is a fish, but not both.",animal_class,The hippopotamus is a mollusk.,The shark is a fish.,0,1,FT,xor,AB
"Either the panda is a bird or the salmon is a crustacean, but not both.",animal_class,The panda is a bird.,The salmon is a crustacean.,0,0,FF,xor,AB
"Either the Spanish word 'lista' means 'voice' or the Spanish word 'cabeza' means 'head', but not both.",sp_en_trans,The Spanish word 'cabeza' means 'head'.,The Spanish word 'lista' means 'voice'.,1,0,TF,xor,BA
"Either Emile Berliner lived in Japan or Michael Faraday lived in Croatia, but not both.",inventors,Michael Faraday lived in Croatia.,Emile Berliner lived in Japan.,0,0,FF,xor,BA
"Either Thulium has the symbol Mg or Iron has the symbol Os, but not both.",element_symb,Thulium has the symbol Mg.,Iron has the symbol Os.,0,0,FF,xor,AB
"Either the shark is a cnidarian or the hippopotamus is a mammal, but not both.",animal_class,The hippopotamus is a mammal.,The shark is a cnidarian.,1,0,TF,xor,BA
"Either the crocodile is a reptile or the hamster is a bird, but not both.",animal_class,The crocodile is a reptile.,The hamster is a bird.,1,0,TF,xor,AB
"Either the Spanish word 'mar' means 'to save' or the Spanish word 'invierno' means 'winter', but not both.",sp_en_trans,The Spanish word 'invierno' means 'winter'.,The Spanish word 'mar' means 'to save'.,1,0,TF,xor,BA
"Either Karl Benz lived in Croatia or Joseph Henry lived in the U.S, but not both.",inventors,Karl Benz lived in Croatia.,Joseph Henry lived in the U.S.,0,1,FT,xor,AB
"Either Joseph Glidden lived in China or Narinder Singh Kapany lived in Canada/the U.S, but not both.",inventors,Narinder Singh Kapany lived in Canada/the U.S.,Joseph Glidden lived in China.,0,0,FF,xor,BA
"Either the parrot is a arachnid or the camel is a mammal, but not both.",animal_class,The parrot is a arachnid.,The camel is a mammal.,0,1,FT,xor,AB
"Either Igor Tamm lived in Russia or Willis Carrier lived in Switzerland, but not both.",inventors,Willis Carrier lived in Switzerland.,Igor Tamm lived in Russia.,0,1,FT,xor,BA
"Either Zirconium has the symbol Zr or Aluminum has the symbol Al, but not both.",element_symb,Zirconium has the symbol Zr.,Aluminum has the symbol Al.,1,1,TT,xor,AB
"Either the Spanish word 'perro' means 'class' or the Spanish word 'lento' means 'cook', but not both.",sp_en_trans,The Spanish word 'perro' means 'class'.,The Spanish word 'lento' means 'cook'.,0,0,FF,xor,AB
"Either Zirconium has the symbol Zr or Tellurium has the symbol Te, but not both.",element_symb,Tellurium has the symbol Te.,Zirconium has the symbol Zr.,1,1,TT,xor,BA
"Either the Spanish word 'semilla' means 'seed' or the Spanish word 'oferta' means 'offer', but not both.",sp_en_trans,The Spanish word 'semilla' means 'seed'.,The Spanish word 'oferta' means 'offer'.,1,1,TT,xor,AB
"Either the panda is a mammal or the gorilla is a mammal, but not both.",animal_class,The gorilla is a mammal.,The panda is a mammal.,1,1,TT,xor,BA
"Either Dysprosium has the symbol Dy or Copper has the symbol La, but not both.",element_symb,Dysprosium has the symbol Dy.,Copper has the symbol La.,1,0,TF,xor,AB
"Either Thulium has the symbol Mg or Sodium has the symbol N, but not both.",element_symb,Sodium has the symbol N.,Thulium has the symbol Mg.,0,0,FF,xor,BA
"Either the Spanish word 'hijo' means 'cook' or the Spanish word 'delgado' means 'thin', but not both.",sp_en_trans,The Spanish word 'delgado' means 'thin'.,The Spanish word 'hijo' means 'cook'.,1,0,TF,xor,BA
"Either Chlorine has the symbol Pt or Platinum has the symbol S, but not both.",element_symb,Chlorine has the symbol Pt.,Platinum has the symbol S.,0,0,FF,xor,AB
"Either the goat is a reptile or the narwhal is a mammal, but not both.",animal_class,The goat is a reptile.,The narwhal is a mammal.,0,1,FT,xor,AB
"Either Leonardo da Vinci lived in Italy or Ami Argand lived in Switzerland, but not both.",inventors,Ami Argand lived in Switzerland.,Leonardo da Vinci lived in Italy.,1,1,TT,xor,BA
"Either the Spanish word 'pierna' means 'to draw' or the Spanish word 'caliente' means 'corner', but not both.",sp_en_trans,The Spanish word 'caliente' means 'corner'.,The Spanish word 'pierna' means 'to draw'.,0,0,FF,xor,BA
"Either Narinder Singh Kapany lived in India or John Wesley Hyatt lived in the U.S, but not both.",inventors,John Wesley Hyatt lived in the U.S.,Narinder Singh Kapany lived in India.,1,1,TT,xor,BA
"Either the Spanish word 'concha' means 'giraffe' or the Spanish word 'papel' means 'neck', but not both.",sp_en_trans,The Spanish word 'papel' means 'neck'.,The Spanish word 'concha' means 'giraffe'.,0,0,FF,xor,BA
"Either James West lived in China or David Schwarz lived in Finland, but not both.",inventors,James West lived in China.,David Schwarz lived in Finland.,0,0,FF,xor,AB
"Either the Spanish word 'veinte' means 'twenty' or the Spanish word 'presente' means 'problem', but not both.",sp_en_trans,The Spanish word 'veinte' means 'twenty'.,The Spanish word 'presente' means 'problem'.,1,0,TF,xor,AB
"Either Arthur Pitney lived in Ukraine/the U.S or James Starley lived in the U.K, but not both.",inventors,Arthur Pitney lived in Ukraine/the U.S.,James Starley lived in the U.K.,0,1,FT,xor,AB
"Either the city of Tucson is in Armenia or the city of Xiamen is in Madagascar, but not both.",cities,The city of Xiamen is in Madagascar.,The city of Tucson is in Armenia.,0,0,FF,xor,BA
"Either Gallium has the symbol Ga or Scandium has the symbol Sc, but not both.",element_symb,Gallium has the symbol Ga.,Scandium has the symbol Sc.,1,1,TT,xor,AB
"Either George Devol lived in the U.S or Guglielmo Marconi lived in Japan, but not both.",inventors,George Devol lived in the U.S.,Guglielmo Marconi lived in Japan.,1,0,TF,xor,AB
"Either Rudolf Diesel lived in Germany or Willis Carrier lived in the U.S, but not both.",inventors,Willis Carrier lived in the U.S.,Rudolf Diesel lived in Germany.,1,1,TT,xor,BA
"Either Ami Argand lived in China or Leonardo da Vinci lived in Italy, but not both.",inventors,Ami Argand lived in China.,Leonardo da Vinci lived in Italy.,0,1,FT,xor,AB
"Either Europium has the symbol Eu or Platinum has the symbol Pt, but not both.",element_symb,Platinum has the symbol Pt.,Europium has the symbol Eu.,1,1,TT,xor,BA
"Either Astatine has the symbol Ca or Palladium has the symbol Ir, but not both.",element_symb,Astatine has the symbol Ca.,Palladium has the symbol Ir.,0,0,FF,xor,AB
"Either Lead has the symbol Er or Tellurium has the symbol Te, but not both.",element_symb,Tellurium has the symbol Te.,Lead has the symbol Er.,1,0,TF,xor,BA
"Either the moose is a mammal or the chimpanzee is a insect, but not both.",animal_class,The moose is a mammal.,The chimpanzee is a insect.,1,0,TF,xor,AB
"Either the Spanish word 'imaginar' means 'star' or the Spanish word 'oveja' means 'sheep', but not both.",sp_en_trans,The Spanish word 'oveja' means 'sheep'.,The Spanish word 'imaginar' means 'star'.,1,0,TF,xor,BA
"Either the Spanish word 'olor' means 'fear' or the Spanish word 'aceite' means 'son', but not both.",sp_en_trans,The Spanish word 'olor' means 'fear'.,The Spanish word 'aceite' means 'son'.,0,0,FF,xor,AB
"Either the city of Baoji is in Germany or the city of Zhoushan is in China, but not both.",cities,The city of Zhoushan is in China.,The city of Baoji is in Germany.,1,0,TF,xor,BA
"Either the city of Xiamen is in China or the city of Tucson is in Armenia, but not both.",cities,The city of Xiamen is in China.,The city of Tucson is in Armenia.,1,0,TF,xor,AB
"Either Rubidium has the symbol Rb or Argon has the symbol Pr, but not both.",element_symb,Argon has the symbol Pr.,Rubidium has the symbol Rb.,0,1,FT,xor,BA
"Either Sir Frank Whittle lived in the U.K or Michael Faraday lived in Croatia, but not both.",inventors,Sir Frank Whittle lived in the U.K.,Michael Faraday lived in Croatia.,1,0,TF,xor,AB
"Either Krypton has the symbol Kr or Nickel has the symbol Os, but not both.",element_symb,Nickel has the symbol Os.,Krypton has the symbol Kr.,0,1,FT,xor,BA
"Either Jean-Bernard-Léon Foucault lived in Germany or Daniel Fahrenheit lived in Canada/the U.S, but not both.",inventors,Daniel Fahrenheit lived in Canada/the U.S.,Jean-Bernard-Léon Foucault lived in Germany.,0,0,FF,xor,BA
"Either Ytterbium has the symbol Yb or Zinc has the symbol Zn, but not both.",element_symb,Ytterbium has the symbol Yb.,Zinc has the symbol Zn.,1,1,TT,xor,AB
"Either the goat is a mammal or the salmon is a fish, but not both.",animal_class,The salmon is a fish.,The goat is a mammal.,1,1,TT,xor,BA
"Either Leon Theremin lived in Russia or Arthur Fry lived in the U.S, but not both.",inventors,Leon Theremin lived in Russia.,Arthur Fry lived in the U.S.,1,1,TT,xor,AB
"Either Karl Benz lived in Germany or Joseph Henry lived in the U.S, but not both.",inventors,Karl Benz lived in Germany.,Joseph Henry lived in the U.S.,1,1,TT,xor,AB
"Either the city of Peshawar is in Pakistan or the city of Khulna is in Nigeria, but not both.",cities,The city of Peshawar is in Pakistan.,The city of Khulna is in Nigeria.,1,0,TF,xor,AB
"Either the city of Ashgabat is in Turkmenistan or the city of Dammam is in Saudi Arabia, but not both.",cities,The city of Ashgabat is in Turkmenistan.,The city of Dammam is in Saudi Arabia.,1,1,TT,xor,AB
"Either Chlorine has the symbol Cl or Platinum has the symbol S, but not both.",element_symb,Chlorine has the symbol Cl.,Platinum has the symbol S.,1,0,TF,xor,AB
"Either James Watt lived in Scotland or Charles Macintosh lived in the U.K, but not both.",inventors,Charles Macintosh lived in the U.K.,James Watt lived in Scotland.,1,1,TT,xor,BA
"Either the slug is a mollusk or the llama is a mammal, but not both.",animal_class,The slug is a mollusk.,The llama is a mammal.,1,1,TT,xor,AB
"Either the Spanish word 'lista' means 'list' or the Spanish word 'cabeza' means 'head', but not both.",sp_en_trans,The Spanish word 'cabeza' means 'head'.,The Spanish word 'lista' means 'list'.,1,1,TT,xor,BA
"Either the Spanish word 'conectar' means 'to sell' or the Spanish word 'caliente' means 'hot', but not both.",sp_en_trans,The Spanish word 'conectar' means 'to sell'.,The Spanish word 'caliente' means 'hot'.,0,1,FT,xor,AB
"Either the Spanish word 'viejo' means 'to save' or the Spanish word 'desarrollar' means 'to develop', but not both.",sp_en_trans,The Spanish word 'viejo' means 'to save'.,The Spanish word 'desarrollar' means 'to develop'.,0,1,FT,xor,AB
"Either the leopard is a mammal or the tuna is a insect, but not both.",animal_class,The tuna is a insect.,The leopard is a mammal.,0,1,FT,xor,BA
"Either the kangaroo is a mammal or the goldfish is a fish, but not both.",animal_class,The goldfish is a fish.,The kangaroo is a mammal.,1,1,TT,xor,BA
"Either the city of Lubumbashi is in the Democratic Republic of the Congo or the city of Hanoi is in Vietnam, but not both.",cities,The city of Hanoi is in Vietnam.,The city of Lubumbashi is in the Democratic Republic of the Congo.,1,1,TT,xor,BA
"Either Arthur Fry lived in the U.S or Leon Theremin lived in Poland/France, but not both.",inventors,Leon Theremin lived in Poland/France.,Arthur Fry lived in the U.S.,0,1,FT,xor,BA
"Either the Spanish word 'escribir' means 'to die' or the Spanish word 'amigo' means 'friend', but not both.",sp_en_trans,The Spanish word 'amigo' means 'friend'.,The Spanish word 'escribir' means 'to die'.,1,0,TF,xor,BA
"Either Vanadium has the symbol V or Phosphorus has the symbol Se, but not both.",element_symb,Phosphorus has the symbol Se.,Vanadium has the symbol V.,0,1,FT,xor,BA
"Either the city of Winnipeg is in Canada or the city of Kolhapur is in India, but not both.",cities,The city of Kolhapur is in India.,The city of Winnipeg is in Canada.,1,1,TT,xor,BA
"Either Arthur Pitney lived in Ukraine/the U.S or James Starley lived in Austria/the U.S, but not both.",inventors,Arthur Pitney lived in Ukraine/the U.S.,James Starley lived in Austria/the U.S.,0,0,FF,xor,AB
"Either the skunk is a mammal or the cassowary is a bird, but not both.",animal_class,The skunk is a mammal.,The cassowary is a bird.,1,1,TT,xor,AB
"Either Nickel has the symbol Ni or Ytterbium has the symbol Yb, but not both.",element_symb,Ytterbium has the symbol Yb.,Nickel has the symbol Ni.,1,1,TT,xor,BA
"Either Henry Ford lived in the U.S or John Ericsson lived in Sweden, but not both.",inventors,Henry Ford lived in the U.S.,John Ericsson lived in Sweden.,1,1,TT,xor,AB
"Either the porcupine is a bird or the raccoon is a bird, but not both.",animal_class,The porcupine is a bird.,The raccoon is a bird.,0,0,FF,xor,AB
"Either the hedgehog is a fish or the lion is a mammal, but not both.",animal_class,The hedgehog is a fish.,The lion is a mammal.,0,1,FT,xor,AB
"Either Archimedes lived in Turkey/the U.S or Ignazio Porro lived in Italy, but not both.",inventors,Ignazio Porro lived in Italy.,Archimedes lived in Turkey/the U.S.,1,0,TF,xor,BA
"Either Archimedes lived in Turkey/the U.S or Ignazio Porro lived in Austria/the U.S, but not both.",inventors,Ignazio Porro lived in Austria/the U.S.,Archimedes lived in Turkey/the U.S.,0,0,FF,xor,BA
"Either the Spanish word 'invierno' means 'family' or the Spanish word 'mar' means 'to save', but not both.",sp_en_trans,The Spanish word 'invierno' means 'family'.,The Spanish word 'mar' means 'to save'.,0,0,FF,xor,AB
"Either the skunk is a mammal or the peacock is a insect, but not both.",animal_class,The peacock is a insect.,The skunk is a mammal.,0,1,FT,xor,BA
"Either the city of Homyel' is in Belarus or the city of Pontianak is in Indonesia, but not both.",cities,The city of Pontianak is in Indonesia.,The city of Homyel' is in Belarus.,1,1,TT,xor,BA
"Either the Spanish word 'oveja' means 'busy' or the Spanish word 'imaginar' means 'to imagine', but not both.",sp_en_trans,The Spanish word 'oveja' means 'busy'.,The Spanish word 'imaginar' means 'to imagine'.,0,1,FT,xor,AB
"Either the Spanish word 'lista' means 'list' or the Spanish word 'cabeza' means 'south', but not both.",sp_en_trans,The Spanish word 'cabeza' means 'south'.,The Spanish word 'lista' means 'list'.,0,1,FT,xor,BA
"Either the Spanish word 'piel' means 'skin' or the Spanish word 'belleza' means 'beauty', but not both.",sp_en_trans,The Spanish word 'piel' means 'skin'.,The Spanish word 'belleza' means 'beauty'.,1,1,TT,xor,AB
"Either the city of Tucson is in the United States or the city of Xiamen is in Madagascar, but not both.",cities,The city of Xiamen is in Madagascar.,The city of Tucson is in the United States.,0,1,FT,xor,BA
"Either the city of Zhoushan is in China or the city of Baoji is in Germany, but not both.",cities,The city of Zhoushan is in China.,The city of Baoji is in Germany.,1,0,TF,xor,AB
"Either Scandium has the symbol Kr or Gallium has the symbol Ga, but not both.",element_symb,Gallium has the symbol Ga.,Scandium has the symbol Kr.,1,0,TF,xor,BA
"Either Zinc has the symbol Ac or Antimony has the symbol Sb, but not both.",element_symb,Zinc has the symbol Ac.,Antimony has the symbol Sb.,0,1,FT,xor,AB
"Either Ralph Benjamin lived in the U.K or Frederick G. Creed lived in the U.S, but not both.",inventors,Frederick G. Creed lived in the U.S.,Ralph Benjamin lived in the U.K.,0,1,FT,xor,BA
"Either the Spanish word 'cabeza' means 'south' or the Spanish word 'lista' means 'list', but not both.",sp_en_trans,The Spanish word 'cabeza' means 'south'.,The Spanish word 'lista' means 'list'.,0,1,FT,xor,AB
"Either the narwhal is a fish or the goat is a mammal, but not both.",animal_class,The goat is a mammal.,The narwhal is a fish.,1,0,TF,xor,BA
"Either the city of Kyiv is in Ukraine or the city of Agadir is in Somalia, but not both.",cities,The city of Kyiv is in Ukraine.,The city of Agadir is in Somalia.,1,0,TF,xor,AB
"Either James Hargreaves lived in Japan or Garrett Morgan lived in the U.S, but not both.",inventors,James Hargreaves lived in Japan.,Garrett Morgan lived in the U.S.,0,1,FT,xor,AB
"Either the city of Weinan is in China or the city of Tolyatti is in Myanmar, but not both.",cities,The city of Weinan is in China.,The city of Tolyatti is in Myanmar.,1,0,TF,xor,AB
"Either the otter is a mammal or the penguin is a bird, but not both.",animal_class,The otter is a mammal.,The penguin is a bird.,1,1,TT,xor,AB
"Either the iguana is a crustacean or the deer is a mammal, but not both.",animal_class,The iguana is a crustacean.,The deer is a mammal.,0,1,FT,xor,AB
"Either the city of Krakow is in Chile or the city of Chisinau is in Moldova, but not both.",cities,The city of Chisinau is in Moldova.,The city of Krakow is in Chile.,1,0,TF,xor,BA
"Either the city of Krakow is in Poland or the city of Chisinau is in Poland, but not both.",cities,The city of Chisinau is in Poland.,The city of Krakow is in Poland.,0,1,FT,xor,BA
"Either the city of Asmara is in Eritrea or the city of Onitsha is in Vietnam, but not both.",cities,The city of Asmara is in Eritrea.,The city of Onitsha is in Vietnam.,1,0,TF,xor,AB
"Either the peacock is a bird or the skunk is a insect, but not both.",animal_class,The peacock is a bird.,The skunk is a insect.,1,0,TF,xor,AB
"Either Igor Tamm lived in Denmark or Charles Francis Richter lived in India, but not both.",inventors,Igor Tamm lived in Denmark.,Charles Francis Richter lived in India.,0,0,FF,xor,AB
"Either the city of Onitsha is in Nigeria or the city of Asmara is in Nepal, but not both.",cities,The city of Asmara is in Nepal.,The city of Onitsha is in Nigeria.,0,1,FT,xor,BA
"Either the city of Saint Petersburg is in Kuwait or the city of Luzhou is in Guinea, but not both.",cities,The city of Saint Petersburg is in Kuwait.,The city of Luzhou is in Guinea.,0,0,FF,xor,AB
"Either the city of Irkutsk is in Russia or the city of Vijayawada is in India, but not both.",cities,The city of Irkutsk is in Russia.,The city of Vijayawada is in India.,1,1,TT,xor,AB
"Either Narinder Singh Kapany lived in Canada/the U.S or John Wesley Hyatt lived in the U.S, but not both.",inventors,John Wesley Hyatt lived in the U.S.,Narinder Singh Kapany lived in Canada/the U.S.,1,0,TF,xor,BA
"Either the city of Marseille is in Romania or the city of Jiaxing is in China, but not both.",cities,The city of Marseille is in Romania.,The city of Jiaxing is in China.,0,1,FT,xor,AB
"Either Archimedes lived in Ancient Greece or Ignazio Porro lived in Italy, but not both.",inventors,Ignazio Porro lived in Italy.,Archimedes lived in Ancient Greece.,1,1,TT,xor,BA
"Either the city of Santiago de Queretaro is in Mexico or the city of Najran is in Saudi Arabia, but not both.",cities,The city of Najran is in Saudi Arabia.,The city of Santiago de Queretaro is in Mexico.,1,1,TT,xor,BA
"Either Gallium has the symbol Pb or Scandium has the symbol Sc, but not both.",element_symb,Gallium has the symbol Pb.,Scandium has the symbol Sc.,0,1,FT,xor,AB
"Either the hippopotamus is a mollusk or the hummingbird is a crustacean, but not both.",animal_class,The hummingbird is a crustacean.,The hippopotamus is a mollusk.,0,0,FF,xor,BA
"Either Cadmium has the symbol Cd or Cerium has the symbol I, but not both.",element_symb,Cadmium has the symbol Cd.,Cerium has the symbol I.,1,0,TF,xor,AB
"Either Garrett Morgan lived in Ukraine/the U.S or James Hargreaves lived in Japan, but not both.",inventors,James Hargreaves lived in Japan.,Garrett Morgan lived in Ukraine/the U.S.,0,0,FF,xor,BA
"Either the Spanish word 'belleza' means 'beauty' or the Spanish word 'piel' means 'skin', but not both.",sp_en_trans,The Spanish word 'piel' means 'skin'.,The Spanish word 'belleza' means 'beauty'.,1,1,TT,xor,BA
"Either Palladium has the symbol Pd or Astatine has the symbol Ca, but not both.",element_symb,Astatine has the symbol Ca.,Palladium has the symbol Pd.,0,1,FT,xor,BA
"Either the city of Ahmedabad is in India or the city of Warangal is in Ethiopia, but not both.",cities,The city of Warangal is in Ethiopia.,The city of Ahmedabad is in India.,0,1,FT,xor,BA
"Either the Spanish word 'roca' means 'present' or the Spanish word 'higo' means 'fig', but not both.",sp_en_trans,The Spanish word 'higo' means 'fig'.,The Spanish word 'roca' means 'present'.,1,0,TF,xor,BA
"Either the tortoise is a fish or the lion is a cnidarian, but not both.",animal_class,The tortoise is a fish.,The lion is a cnidarian.,0,0,FF,xor,AB
"Either Henry Bessemer lived in Italy or Georges Claude lived in Sweden/the U.S, but not both.",inventors,Henry Bessemer lived in Italy.,Georges Claude lived in Sweden/the U.S.,0,0,FF,xor,AB
"Either Konrad Zuse lived in Germany or Edwin Link lived in Japan, but not both.",inventors,Konrad Zuse lived in Germany.,Edwin Link lived in Japan.,1,0,TF,xor,AB
"Either Niobium has the symbol Nb or Aluminum has the symbol Al, but not both.",element_symb,Aluminum has the symbol Al.,Niobium has the symbol Nb.,1,1,TT,xor,BA
"Either the city of Agadir is in Somalia or the city of Kyiv is in Iran, but not both.",cities,The city of Kyiv is in Iran.,The city of Agadir is in Somalia.,0,0,FF,xor,BA
"Either the city of Meizhou is in China or the city of San Pedro Sula is in Honduras, but not both.",cities,The city of San Pedro Sula is in Honduras.,The city of Meizhou is in China.,1,1,TT,xor,BA
"Either Charles Townes lived in the U.S or Galileo Galilei lived in Austria, but not both.",inventors,Galileo Galilei lived in Austria.,Charles Townes lived in the U.S.,0,1,FT,xor,BA
"Either the Spanish word 'primero' means 'to multiply' or the Spanish word 'oscuro' means 'to see', but not both.",sp_en_trans,The Spanish word 'oscuro' means 'to see'.,The Spanish word 'primero' means 'to multiply'.,0,0,FF,xor,BA
"Either Cerium has the symbol Ce or Cadmium has the symbol Cd, but not both.",element_symb,Cadmium has the symbol Cd.,Cerium has the symbol Ce.,1,1,TT,xor,BA
"Either the deer is a mammal or the iguana is a crustacean, but not both.",animal_class,The iguana is a crustacean.,The deer is a mammal.,0,1,FT,xor,BA
"Either the bee is a insect or the frog is a bird, but not both.",animal_class,The bee is a insect.,The frog is a bird.,1,0,TF,xor,AB
"Either the skunk is a insect or the peacock is a bird, but not both.",animal_class,The peacock is a bird.,The skunk is a insect.,1,0,TF,xor,BA
"Either Candace Pert lived in the U.S or Clarence Birdseye lived in Croatia, but not both.",inventors,Clarence Birdseye lived in Croatia.,Candace Pert lived in the U.S.,0,1,FT,xor,BA
"Either Alfred Nobel lived in Sweden or Charles Fritts lived in the U.S, but not both.",inventors,Charles Fritts lived in the U.S.,Alfred Nobel lived in Sweden.,1,1,TT,xor,BA
"Either the frog is a amphibian or the bee is a insect, but not both.",animal_class,The bee is a insect.,The frog is a amphibian.,1,1,TT,xor,BA
"Either the panda is a bird or the gorilla is a mammal, but not both.",animal_class,The gorilla is a mammal.,The panda is a bird.,1,0,TF,xor,BA
"Either Ralph Benjamin lived in the U.K or Frederick G. Creed lived in Canada, but not both.",inventors,Frederick G. Creed lived in Canada.,Ralph Benjamin lived in the U.K.,1,1,TT,xor,BA
"Either Sodium has the symbol N or Thulium has the symbol Mg, but not both.",element_symb,Sodium has the symbol N.,Thulium has the symbol Mg.,0,0,FF,xor,AB
"Either the city of Najran is in the United Arab Emirates or the city of Santiago de Queretaro is in Mexico, but not both.",cities,The city of Najran is in the United Arab Emirates.,The city of Santiago de Queretaro is in Mexico.,0,1,FT,xor,AB
"Either Cobalt has the symbol H or Fluorine has the symbol F, but not both.",element_symb,Fluorine has the symbol F.,Cobalt has the symbol H.,1,0,TF,xor,BA
"Either the chimpanzee is a insect or the moose is a mammal, but not both.",animal_class,The moose is a mammal.,The chimpanzee is a insect.,1,0,TF,xor,BA
"Either the mongoose is a reptile or the llama is a mammal, but not both.",animal_class,The mongoose is a reptile.,The llama is a mammal.,0,1,FT,xor,AB
"Either Joseph Henry lived in Scotland or Karl Benz lived in Germany, but not both.",inventors,Karl Benz lived in Germany.,Joseph Henry lived in Scotland.,1,0,TF,xor,BA
"Either Sergey Brin and Larry Page lived in the U.S or Willis Carrier lived in the U.S, but not both.",inventors,Willis Carrier lived in the U.S.,Sergey Brin and Larry Page lived in the U.S.,1,1,TT,xor,BA
"Either Xenon has the symbol Xe or Neon has the symbol B, but not both.",element_symb,Xenon has the symbol Xe.,Neon has the symbol B.,1,0,TF,xor,AB
"Either the llama is a mammal or the slug is a mammal, but not both.",animal_class,The slug is a mammal.,The llama is a mammal.,0,1,FT,xor,BA
"Either the city of Tangier is in Nepal or the city of Madurai is in India, but not both.",cities,The city of Tangier is in Nepal.,The city of Madurai is in India.,0,1,FT,xor,AB
"Either Aluminum has the symbol Al or Zirconium has the symbol Zr, but not both.",element_symb,Zirconium has the symbol Zr.,Aluminum has the symbol Al.,1,1,TT,xor,BA
"Either Platinum has the symbol Pt or Rhenium has the symbol Re, but not both.",element_symb,Platinum has the symbol Pt.,Rhenium has the symbol Re.,1,1,TT,xor,AB
"Either the city of Indianapolis is in the United States or the city of San Miguel de Tucuman is in Argentina, but not both.",cities,The city of San Miguel de Tucuman is in Argentina.,The city of Indianapolis is in the United States.,1,1,TT,xor,BA
"Either the city of Bhopal is in India or the city of Kisangani is in the Democratic Republic of the Congo, but not both.",cities,The city of Bhopal is in India.,The city of Kisangani is in the Democratic Republic of the Congo.,1,1,TT,xor,AB
"Either the city of Irkutsk is in Kuwait or the city of Vijayawada is in India, but not both.",cities,The city of Irkutsk is in Kuwait.,The city of Vijayawada is in India.,0,1,FT,xor,AB
"Either Narinder Singh Kapany lived in Canada/the U.S or Joseph Glidden lived in the U.S, but not both.",inventors,Narinder Singh Kapany lived in Canada/the U.S.,Joseph Glidden lived in the U.S.,0,1,FT,xor,AB
"Either Emile Berliner lived in Japan or Michael Faraday lived in the U.K, but not both.",inventors,Michael Faraday lived in the U.K.,Emile Berliner lived in Japan.,1,0,TF,xor,BA
"Either Tantalum has the symbol La or Promethium has the symbol Bi, but not both.",element_symb,Promethium has the symbol Bi.,Tantalum has the symbol La.,0,0,FF,xor,BA
"Either the city of Krasnoyarsk is in Russia or the city of Rohini is in India, but not both.",cities,The city of Rohini is in India.,The city of Krasnoyarsk is in Russia.,1,1,TT,xor,BA
"Either the city of Sapporo is in Japan or the city of Harbin is in Madagascar, but not both.",cities,The city of Sapporo is in Japan.,The city of Harbin is in Madagascar.,1,0,TF,xor,AB
"Either the gorilla is a mammal or the llama is a mollusk, but not both.",animal_class,The llama is a mollusk.,The gorilla is a mammal.,0,1,FT,xor,BA
"Either the city of Baoji is in China or the city of Zhoushan is in the Philippines, but not both.",cities,The city of Zhoushan is in the Philippines.,The city of Baoji is in China.,0,1,FT,xor,BA
"Either the city of Gaziantep is in Ghana or the city of Quito is in France, but not both.",cities,The city of Gaziantep is in Ghana.,The city of Quito is in France.,0,0,FF,xor,AB
"Either the city of Tucson is in the United States or the city of Xiamen is in China, but not both.",cities,The city of Xiamen is in China.,The city of Tucson is in the United States.,1,1,TT,xor,BA
"Either the Spanish word 'presente' means 'problem' or the Spanish word 'veinte' means 'shell', but not both.",sp_en_trans,The Spanish word 'veinte' means 'shell'.,The Spanish word 'presente' means 'problem'.,0,0,FF,xor,BA
"Either the llama is a mollusk or the mongoose is a mammal, but not both.",animal_class,The mongoose is a mammal.,The llama is a mollusk.,1,0,TF,xor,BA
"Either the Spanish word 'aceite' means 'oil' or the Spanish word 'olor' means 'fear', but not both.",sp_en_trans,The Spanish word 'olor' means 'fear'.,The Spanish word 'aceite' means 'oil'.,0,1,FT,xor,BA
"Either the city of Harbin is in Madagascar or the city of Sapporo is in Tanzania, but not both.",cities,The city of Sapporo is in Tanzania.,The city of Harbin is in Madagascar.,0,0,FF,xor,BA
"Either the Spanish word 'oferta' means 'open' or the Spanish word 'semilla' means 'seed', but not both.",sp_en_trans,The Spanish word 'semilla' means 'seed'.,The Spanish word 'oferta' means 'open'.,1,0,TF,xor,BA
"Either the city of Pimpri is in Sweden or the city of Jamshedpur is in India, but not both.",cities,The city of Jamshedpur is in India.,The city of Pimpri is in Sweden.,1,0,TF,xor,BA
"Either the llama is a mollusk or the slug is a mammal, but not both.",animal_class,The slug is a mammal.,The llama is a mollusk.,0,0,FF,xor,BA
"Either the llama is a mammal or the gorilla is a mammal, but not both.",animal_class,The llama is a mammal.,The gorilla is a mammal.,1,1,TT,xor,AB
"Either Chromium has the symbol Cr or Radon has the symbol Rn, but not both.",element_symb,Chromium has the symbol Cr.,Radon has the symbol Rn.,1,1,TT,xor,AB
"Either Chester Carlson lived in the U.S or Ignazio Porro lived in Italy, but not both.",inventors,Ignazio Porro lived in Italy.,Chester Carlson lived in the U.S.,1,1,TT,xor,BA
"Either Hydrogen has the symbol Cl or Cobalt has the symbol H, but not both.",element_symb,Cobalt has the symbol H.,Hydrogen has the symbol Cl.,0,0,FF,xor,BA
"Either John Wesley Hyatt lived in England or Narinder Singh Kapany lived in Canada/the U.S, but not both.",inventors,John Wesley Hyatt lived in England.,Narinder Singh Kapany lived in Canada/the U.S.,0,0,FF,xor,AB
"Either Iron has the symbol Fe or Tantalum has the symbol Ta, but not both.",element_symb,Iron has the symbol Fe.,Tantalum has the symbol Ta.,1,1,TT,xor,AB
"Either the city of Kisangani is in the Democratic Republic of the Congo or the city of Bhopal is in India, but not both.",cities,The city of Bhopal is in India.,The city of Kisangani is in the Democratic Republic of the Congo.,1,1,TT,xor,BA
"Either Argon has the symbol Pr or Rhenium has the symbol Re, but not both.",element_symb,Argon has the symbol Pr.,Rhenium has the symbol Re.,0,1,FT,xor,AB
"Either the city of Nagoya is in the Dominican Republic or the city of Siping is in China, but not both.",cities,The city of Siping is in China.,The city of Nagoya is in the Dominican Republic.,1,0,TF,xor,BA
"Either Radium has the symbol Ra or Tellurium has the symbol Te, but not both.",element_symb,Tellurium has the symbol Te.,Radium has the symbol Ra.,1,1,TT,xor,BA
"Either Nickel has the symbol Os or Krypton has the symbol Zr, but not both.",element_symb,Nickel has the symbol Os.,Krypton has the symbol Zr.,0,0,FF,xor,AB
"Either Sir Humphry Davy lived in the U.K or Ernesto Blanco lived in the U.S, but not both.",inventors,Sir Humphry Davy lived in the U.K.,Ernesto Blanco lived in the U.S.,1,1,TT,xor,AB
"Either Georges Claude lived in Sweden/the U.S or Elisha Gray lived in the U.K, but not both.",inventors,Elisha Gray lived in the U.K.,Georges Claude lived in Sweden/the U.S.,0,0,FF,xor,BA
"Either Paul Gottlieb Nipkow lived in Norway or Linus Torvalds lived in Canada/the U.S, but not both.",inventors,Linus Torvalds lived in Canada/the U.S.,Paul Gottlieb Nipkow lived in Norway.,0,0,FF,xor,BA
"Either the Spanish word 'elegir' means 'to connect' or the Spanish word 'suficiente' means 'tool', but not both.",sp_en_trans,The Spanish word 'elegir' means 'to connect'.,The Spanish word 'suficiente' means 'tool'.,0,0,FF,xor,AB
"Either Cobalt has the symbol Co or Hydrogen has the symbol Cl, but not both.",element_symb,Cobalt has the symbol Co.,Hydrogen has the symbol Cl.,1,0,TF,xor,AB
"Either the city of Ahmedabad is in Mali or the city of Warangal is in India, but not both.",cities,The city of Warangal is in India.,The city of Ahmedabad is in Mali.,1,0,TF,xor,BA
"Either Arthur Fry lived in Croatia or Leon Theremin lived in Russia, but not both.",inventors,Leon Theremin lived in Russia.,Arthur Fry lived in Croatia.,1,0,TF,xor,BA
"Either the goldfish is a fish or the kangaroo is a mammal, but not both.",animal_class,The goldfish is a fish.,The kangaroo is a mammal.,1,1,TT,xor,AB
"Either Vanadium has the symbol V or Francium has the symbol Fr, but not both.",element_symb,Vanadium has the symbol V.,Francium has the symbol Fr.,1,1,TT,xor,AB
"Either the Spanish word 'caer' means 'to fall' or the Spanish word 'enviar' means 'to send', but not both.",sp_en_trans,The Spanish word 'enviar' means 'to send'.,The Spanish word 'caer' means 'to fall'.,1,1,TT,xor,BA
"Either the city of Jamshedpur is in Kenya or the city of Pimpri is in India, but not both.",cities,The city of Jamshedpur is in Kenya.,The city of Pimpri is in India.,0,1,FT,xor,AB
"Either the horse is a mammal or the hummingbird is a bird, but not both.",animal_class,The horse is a mammal.,The hummingbird is a bird.,1,1,TT,xor,AB
"Either the Spanish word 'caliente' means 'hot' or the Spanish word 'fuego' means 'woman', but not both.",sp_en_trans,The Spanish word 'caliente' means 'hot'.,The Spanish word 'fuego' means 'woman'.,1,0,TF,xor,AB
"Either Joseph Henry lived in the U.S or Karl Benz lived in Germany, but not both.",inventors,Karl Benz lived in Germany.,Joseph Henry lived in the U.S.,1,1,TT,xor,BA
"Either Thulium has the symbol Mg or Sodium has the symbol Na, but not both.",element_symb,Sodium has the symbol Na.,Thulium has the symbol Mg.,1,0,TF,xor,BA
"Either the city of Kyiv is in Iran or the city of Agadir is in Somalia, but not both.",cities,The city of Kyiv is in Iran.,The city of Agadir is in Somalia.,0,0,FF,xor,AB
"Either the cheetah is a mammal or the dolphin is a mammal, but not both.",animal_class,The dolphin is a mammal.,The cheetah is a mammal.,1,1,TT,xor,BA
"Either the hedgehog is a mammal or the lion is a mammal, but not both.",animal_class,The hedgehog is a mammal.,The lion is a mammal.,1,1,TT,xor,AB
"Either the city of Rio de Janeiro is in Brazil or the city of Zhabei is in China, but not both.",cities,The city of Rio de Janeiro is in Brazil.,The city of Zhabei is in China.,1,1,TT,xor,AB
"Either the bee is a insect or the porcupine is a bird, but not both.",animal_class,The bee is a insect.,The porcupine is a bird.,1,0,TF,xor,AB
"Either Georges Claude lived in France or Henry Bessemer lived in the U.K, but not both.",inventors,Henry Bessemer lived in the U.K.,Georges Claude lived in France.,1,1,TT,xor,BA
"Either the shark is a fish or the lobster is a crustacean, but not both.",animal_class,The shark is a fish.,The lobster is a crustacean.,1,1,TT,xor,AB
"Either the city of Sapporo is in Tanzania or the city of Harbin is in Madagascar, but not both.",cities,The city of Sapporo is in Tanzania.,The city of Harbin is in Madagascar.,0,0,FF,xor,AB
"Either the Spanish word 'higo' means 'nothing' or the Spanish word 'roca' means 'rock', but not both.",sp_en_trans,The Spanish word 'higo' means 'nothing'.,The Spanish word 'roca' means 'rock'.,0,1,FT,xor,AB
"Either the Spanish word 'ejemplo' means 'example' or the Spanish word 'abrigo' means 'to eat', but not both.",sp_en_trans,The Spanish word 'ejemplo' means 'example'.,The Spanish word 'abrigo' means 'to eat'.,1,0,TF,xor,AB
"Either the hummingbird is a bird or the hippopotamus is a mammal, but not both.",animal_class,The hummingbird is a bird.,The hippopotamus is a mammal.,1,1,TT,xor,AB
"Either Zinc has the symbol Ac or Antimony has the symbol Ca, but not both.",element_symb,Zinc has the symbol Ac.,Antimony has the symbol Ca.,0,0,FF,xor,AB
"Either the city of Quito is in France or the city of Gaziantep is in Ghana, but not both.",cities,The city of Gaziantep is in Ghana.,The city of Quito is in France.,0,0,FF,xor,BA
"Either Galileo Galilei lived in Austria or Charles Townes lived in the U.S, but not both.",inventors,Galileo Galilei lived in Austria.,Charles Townes lived in the U.S.,0,1,FT,xor,AB
"Either Promethium has the symbol Bi or Tantalum has the symbol La, but not both.",element_symb,Promethium has the symbol Bi.,Tantalum has the symbol La.,0,0,FF,xor,AB
"Either the panda is a mammal or the salmon is a fish, but not both.",animal_class,The panda is a mammal.,The salmon is a fish.,1,1,TT,xor,AB
"Either the city of Najran is in Saudi Arabia or the city of Santiago de Queretaro is in Mexico, but not both.",cities,The city of Najran is in Saudi Arabia.,The city of Santiago de Queretaro is in Mexico.,1,1,TT,xor,AB
"Either Tellurium has the symbol Zn or Radium has the symbol Ra, but not both.",element_symb,Tellurium has the symbol Zn.,Radium has the symbol Ra.,0,1,FT,xor,AB
"Either the Spanish word 'primero' means 'first' or the Spanish word 'oscuro' means 'dark', but not both.",sp_en_trans,The Spanish word 'oscuro' means 'dark'.,The Spanish word 'primero' means 'first'.,1,1,TT,xor,BA
"Either James West lived in the U.S or David Schwarz lived in Finland, but not both.",inventors,James West lived in the U.S.,David Schwarz lived in Finland.,1,0,TF,xor,AB
"Either the city of Diyarbakir is in Turkey or the city of Seoul is in South Korea, but not both.",cities,The city of Seoul is in South Korea.,The city of Diyarbakir is in Turkey.,1,1,TT,xor,BA
"Either Narinder Singh Kapany lived in Canada/the U.S or Joseph Glidden lived in China, but not both.",inventors,Narinder Singh Kapany lived in Canada/the U.S.,Joseph Glidden lived in China.,0,0,FF,xor,AB
"Either Thallium has the symbol Fe or Osmium has the symbol Os, but not both.",element_symb,Osmium has the symbol Os.,Thallium has the symbol Fe.,1,0,TF,xor,BA
"Either the city of Al Mawsil al Jadidah is in Iraq or the city of Makassar is in Indonesia, but not both.",cities,The city of Al Mawsil al Jadidah is in Iraq.,The city of Makassar is in Indonesia.,1,1,TT,xor,AB
"Either Ralph H. Baer lived in the U.S or Hans Oersted lived in Finland, but not both.",inventors,Ralph H. Baer lived in the U.S.,Hans Oersted lived in Finland.,1,0,TF,xor,AB
"Either Tellurium has the symbol Te or Zirconium has the symbol Ru, but not both.",element_symb,Tellurium has the symbol Te.,Zirconium has the symbol Ru.,1,0,TF,xor,AB
"Either the peacock is a insect or the skunk is a insect, but not both.",animal_class,The peacock is a insect.,The skunk is a insect.,0,0,FF,xor,AB
"Either Xenon has the symbol Hf or Neon has the symbol Ne, but not both.",element_symb,Xenon has the symbol Hf.,Neon has the symbol Ne.,0,1,FT,xor,AB
"Either Potassium has the symbol C or Germanium has the symbol Ge, but not both.",element_symb,Germanium has the symbol Ge.,Potassium has the symbol C.,1,0,TF,xor,BA
"Either Elisha Gray lived in the U.K or Georges Claude lived in France, but not both.",inventors,Elisha Gray lived in the U.K.,Georges Claude lived in France.,0,1,FT,xor,AB
"Either the Spanish word 'enviar' means 'city' or the Spanish word 'caer' means 'sun', but not both.",sp_en_trans,The Spanish word 'enviar' means 'city'.,The Spanish word 'caer' means 'sun'.,0,0,FF,xor,AB
"Either the city of Nagoya is in Japan or the city of Siping is in the United States, but not both.",cities,The city of Siping is in the United States.,The city of Nagoya is in Japan.,0,1,FT,xor,BA
"Either Gallium has the symbol Pb or Scandium has the symbol Kr, but not both.",element_symb,Gallium has the symbol Pb.,Scandium has the symbol Kr.,0,0,FF,xor,AB
"Either Jean-Bernard-Léon Foucault lived in Germany or Daniel Fahrenheit lived in Poland/Germany, but not both.",inventors,Daniel Fahrenheit lived in Poland/Germany.,Jean-Bernard-Léon Foucault lived in Germany.,1,0,TF,xor,BA
"Either the Spanish word 'papel' means 'neck' or the Spanish word 'concha' means 'giraffe', but not both.",sp_en_trans,The Spanish word 'papel' means 'neck'.,The Spanish word 'concha' means 'giraffe'.,0,0,FF,xor,AB
"Either the city of Nagoya is in the Dominican Republic or the city of Changshu is in China, but not both.",cities,The city of Changshu is in China.,The city of Nagoya is in the Dominican Republic.,1,0,TF,xor,BA
"Either Michael Faraday lived in the U.K or Emile Berliner lived in Japan, but not both.",inventors,Michael Faraday lived in the U.K.,Emile Berliner lived in Japan.,1,0,TF,xor,AB
"Either Rubidium has the symbol Rb or Argon has the symbol Ar, but not both.",element_symb,Argon has the symbol Ar.,Rubidium has the symbol Rb.,1,1,TT,xor,BA
"Either the city of Seoul is in South Korea or the city of Laibin is in China, but not both.",cities,The city of Seoul is in South Korea.,The city of Laibin is in China.,1,1,TT,xor,AB
"Either the Spanish word 'clase' means 'class' or the Spanish word 'conectar' means 'to connect', but not both.",sp_en_trans,The Spanish word 'conectar' means 'to connect'.,The Spanish word 'clase' means 'class'.,1,1,TT,xor,BA
"Either the city of Seoul is in South Korea or the city of Diyarbakir is in Kazakhstan, but not both.",cities,The city of Seoul is in South Korea.,The city of Diyarbakir is in Kazakhstan.,1,0,TF,xor,AB
"Either the city of Tlaquepaque is in Mexico or the city of Vladivostok is in Russia, but not both.",cities,The city of Vladivostok is in Russia.,The city of Tlaquepaque is in Mexico.,1,1,TT,xor,BA
"Either the gorilla is a reptile or the panda is a mammal, but not both.",animal_class,The gorilla is a reptile.,The panda is a mammal.,0,1,FT,xor,AB
"Either the Spanish word 'pagar' means 'enough' or the Spanish word 'abrigo' means 'to eat', but not both.",sp_en_trans,The Spanish word 'abrigo' means 'to eat'.,The Spanish word 'pagar' means 'enough'.,0,0,FF,xor,BA
"Either the Spanish word 'bosque' means 'forest' or the Spanish word 'huevo' means 'egg', but not both.",sp_en_trans,The Spanish word 'bosque' means 'forest'.,The Spanish word 'huevo' means 'egg'.,1,1,TT,xor,AB
"Either the Spanish word 'isla' means 'island' or the Spanish word 'tres' means 'three', but not both.",sp_en_trans,The Spanish word 'tres' means 'three'.,The Spanish word 'isla' means 'island'.,1,1,TT,xor,BA
"Either the city of Klang is in Malaysia or the city of Paranaque City is in Italy, but not both.",cities,The city of Paranaque City is in Italy.,The city of Klang is in Malaysia.,0,1,FT,xor,BA
"Either Lead has the symbol Pb or Tellurium has the symbol Te, but not both.",element_symb,Tellurium has the symbol Te.,Lead has the symbol Pb.,1,1,TT,xor,BA
"Either the Spanish word 'hermana' means 'sister' or the Spanish word 'veinte' means 'twenty', but not both.",sp_en_trans,The Spanish word 'hermana' means 'sister'.,The Spanish word 'veinte' means 'twenty'.,1,1,TT,xor,AB
"Either Manganese has the symbol Mn or Terbium has the symbol Tb, but not both.",element_symb,Terbium has the symbol Tb.,Manganese has the symbol Mn.,1,1,TT,xor,BA
"Either the Spanish word 'higo' means 'fig' or the Spanish word 'ola' means 'wave', but not both.",sp_en_trans,The Spanish word 'ola' means 'wave'.,The Spanish word 'higo' means 'fig'.,1,1,TT,xor,BA
"Either Henry Bessemer lived in Italy or Georges Claude lived in France, but not both.",inventors,Henry Bessemer lived in Italy.,Georges Claude lived in France.,0,1,FT,xor,AB
"Either the squirrel is a mammal or the chicken is a bird, but not both.",animal_class,The squirrel is a mammal.,The chicken is a bird.,1,1,TT,xor,AB
"Either the city of Asmara is in Nepal or the city of Onitsha is in Vietnam, but not both.",cities,The city of Asmara is in Nepal.,The city of Onitsha is in Vietnam.,0,0,FF,xor,AB
"Either the shark is a fish or the hippopotamus is a mammal, but not both.",animal_class,The hippopotamus is a mammal.,The shark is a fish.,1,1,TT,xor,BA
"Either Iron has the symbol Fe or Thulium has the symbol Mg, but not both.",element_symb,Thulium has the symbol Mg.,Iron has the symbol Fe.,0,1,FT,xor,BA
"Either the city of Tolyatti is in Myanmar or the city of Weinan is in China, but not both.",cities,The city of Weinan is in China.,The city of Tolyatti is in Myanmar.,1,0,TF,xor,BA
"Either the hippopotamus is a mollusk or the hummingbird is a bird, but not both.",animal_class,The hummingbird is a bird.,The hippopotamus is a mollusk.,1,0,TF,xor,BA
"Either the Spanish word 'desarrollar' means 'sand' or the Spanish word 'vender' means 'son', but not both.",sp_en_trans,The Spanish word 'desarrollar' means 'sand'.,The Spanish word 'vender' means 'son'.,0,0,FF,xor,AB
"Either the Spanish word 'gato' means 'cat' or the Spanish word 'vender' means 'to sell', but not both.",sp_en_trans,The Spanish word 'vender' means 'to sell'.,The Spanish word 'gato' means 'cat'.,1,1,TT,xor,BA
"Either Copper has the symbol Cu or Dysprosium has the symbol Dy, but not both.",element_symb,Dysprosium has the symbol Dy.,Copper has the symbol Cu.,1,1,TT,xor,BA
"Either Ernest Swinton lived in the U.K or Ernesto Blanco lived in the U.S, but not both.",inventors,Ernesto Blanco lived in the U.S.,Ernest Swinton lived in the U.K.,1,1,TT,xor,BA
"Either Edwin Link lived in the U.S or Konrad Zuse lived in Finland, but not both.",inventors,Konrad Zuse lived in Finland.,Edwin Link lived in the U.S.,0,1,FT,xor,BA
"Either Argon has the symbol Ar or Rhenium has the symbol Re, but not both.",element_symb,Argon has the symbol Ar.,Rhenium has the symbol Re.,1,1,TT,xor,AB
"Either the lion is a mammal or the hedgehog is a mammal, but not both.",animal_class,The hedgehog is a mammal.,The lion is a mammal.,1,1,TT,xor,BA
"Either Vanadium has the symbol Ta or Phosphorus has the symbol Se, but not both.",element_symb,Phosphorus has the symbol Se.,Vanadium has the symbol Ta.,0,0,FF,xor,BA
"Either the chicken is a bird or the sparrow is a bird, but not both.",animal_class,The chicken is a bird.,The sparrow is a bird.,1,1,TT,xor,AB
"Either Leon Theremin lived in Poland/France or Arthur Fry lived in Croatia, but not both.",inventors,Leon Theremin lived in Poland/France.,Arthur Fry lived in Croatia.,0,0,FF,xor,AB
"Either Terbium has the symbol Tb or Manganese has the symbol Mn, but not both.",element_symb,Terbium has the symbol Tb.,Manganese has the symbol Mn.,1,1,TT,xor,AB
"Either Cobalt has the symbol H or Fluorine has the symbol Pt, but not both.",element_symb,Fluorine has the symbol Pt.,Cobalt has the symbol H.,0,0,FF,xor,BA
"Either the hippopotamus is a mollusk or the shark is a cnidarian, but not both.",animal_class,The hippopotamus is a mollusk.,The shark is a cnidarian.,0,0,FF,xor,AB
"Either Europium has the symbol Pm or Platinum has the symbol Pt, but not both.",element_symb,Platinum has the symbol Pt.,Europium has the symbol Pm.,1,0,TF,xor,BA
"Either Phosphorus has the symbol P or Iron has the symbol Fe, but not both.",element_symb,Phosphorus has the symbol P.,Iron has the symbol Fe.,1,1,TT,xor,AB
"Either Igor Tamm lived in Russia or Charles Francis Richter lived in India, but not both.",inventors,Igor Tamm lived in Russia.,Charles Francis Richter lived in India.,1,0,TF,xor,AB
"Either the Spanish word 'ejemplo' means 'example' or the Spanish word 'abrigo' means 'coat', but not both.",sp_en_trans,The Spanish word 'ejemplo' means 'example'.,The Spanish word 'abrigo' means 'coat'.,1,1,TT,xor,AB
"Either the city of Tlaquepaque is in Mexico or the city of Vladivostok is in Ghana, but not both.",cities,The city of Vladivostok is in Ghana.,The city of Tlaquepaque is in Mexico.,0,1,FT,xor,BA
"Either the city of Jamshedpur is in India or the city of Zapopan is in Mexico, but not both.",cities,The city of Jamshedpur is in India.,The city of Zapopan is in Mexico.,1,1,TT,xor,AB
"Either Joseph Glidden lived in the U.S or Narinder Singh Kapany lived in India, but not both.",inventors,Narinder Singh Kapany lived in India.,Joseph Glidden lived in the U.S.,1,1,TT,xor,BA
"Either Dysprosium has the symbol Dy or Copper has the symbol Cu, but not both.",element_symb,Dysprosium has the symbol Dy.,Copper has the symbol Cu.,1,1,TT,xor,AB
"Either Edwin Link lived in the U.S or Konrad Zuse lived in Germany, but not both.",inventors,Konrad Zuse lived in Germany.,Edwin Link lived in the U.S.,1,1,TT,xor,BA
"Either the Spanish word 'rana' means 'frog' or the Spanish word 'abrigo' means 'coat', but not both.",sp_en_trans,The Spanish word 'rana' means 'frog'.,The Spanish word 'abrigo' means 'coat'.,1,1,TT,xor,AB
"Either the city of Asmara is in Eritrea or the city of Malang is in Indonesia, but not both.",cities,The city of Malang is in Indonesia.,The city of Asmara is in Eritrea.,1,1,TT,xor,BA
"Either Phosphorus has the symbol Se or Vanadium has the symbol V, but not both.",element_symb,Phosphorus has the symbol Se.,Vanadium has the symbol V.,0,1,FT,xor,AB
"Either the Spanish word 'prueba' means 'test' or the Spanish word 'leer' means 'skin', but not both.",sp_en_trans,The Spanish word 'prueba' means 'test'.,The Spanish word 'leer' means 'skin'.,1,0,TF,xor,AB
"Either Hans Oersted lived in Finland or Ralph H. Baer lived in the U.S, but not both.",inventors,Ralph H. Baer lived in the U.S.,Hans Oersted lived in Finland.,1,0,TF,xor,BA
"Either Neon has the symbol B or Xenon has the symbol Hf, but not both.",element_symb,Xenon has the symbol Hf.,Neon has the symbol B.,0,0,FF,xor,BA
"Either the city of Luzhou is in Guinea or the city of Saint Petersburg is in Kuwait, but not both.",cities,The city of Saint Petersburg is in Kuwait.,The city of Luzhou is in Guinea.,0,0,FF,xor,BA
"Either the city of Agadir is in Morocco or the city of Kyiv is in Ukraine, but not both.",cities,The city of Kyiv is in Ukraine.,The city of Agadir is in Morocco.,1,1,TT,xor,BA
"Either the raccoon is a bird or the porcupine is a mammal, but not both.",animal_class,The porcupine is a mammal.,The raccoon is a bird.,1,0,TF,xor,BA
"Either the city of Onitsha is in Vietnam or the city of Asmara is in Nepal, but not both.",cities,The city of Asmara is in Nepal.,The city of Onitsha is in Vietnam.,0,0,FF,xor,BA
"Either Linus Torvalds lived in Canada/the U.S or Paul Gottlieb Nipkow lived in Norway, but not both.",inventors,Linus Torvalds lived in Canada/the U.S.,Paul Gottlieb Nipkow lived in Norway.,0,0,FF,xor,AB
"Either the crocodile is a bird or the hamster is a bird, but not both.",animal_class,The crocodile is a bird.,The hamster is a bird.,0,0,FF,xor,AB
"Either Osmium has the symbol Os or Thallium has the symbol Fe, but not both.",element_symb,Osmium has the symbol Os.,Thallium has the symbol Fe.,1,0,TF,xor,AB
"Either the Spanish word 'problema' means 'problem' or the Spanish word 'veinte' means 'twenty', but not both.",sp_en_trans,The Spanish word 'problema' means 'problem'.,The Spanish word 'veinte' means 'twenty'.,1,1,TT,xor,AB
"Either the Spanish word 'imaginar' means 'to imagine' or the Spanish word 'oveja' means 'sheep', but not both.",sp_en_trans,The Spanish word 'oveja' means 'sheep'.,The Spanish word 'imaginar' means 'to imagine'.,1,1,TT,xor,BA
"Either the city of Santiago de Queretaro is in Somalia or the city of Najran is in the United Arab Emirates, but not both.",cities,The city of Najran is in the United Arab Emirates.,The city of Santiago de Queretaro is in Somalia.,0,0,FF,xor,BA
"Either Henry Bessemer lived in the U.K or Georges Claude lived in Sweden/the U.S, but not both.",inventors,Henry Bessemer lived in the U.K.,Georges Claude lived in Sweden/the U.S.,1,0,TF,xor,AB
"Either Tantalum has the symbol La or Iron has the symbol Fe, but not both.",element_symb,Iron has the symbol Fe.,Tantalum has the symbol La.,1,0,TF,xor,BA
"Either the hummingbird is a crustacean or the hippopotamus is a mollusk, but not both.",animal_class,The hummingbird is a crustacean.,The hippopotamus is a mollusk.,0,0,FF,xor,AB
"Either the city of Chisinau is in Moldova or the city of Krakow is in Chile, but not both.",cities,The city of Chisinau is in Moldova.,The city of Krakow is in Chile.,1,0,TF,xor,AB
"Either Frederick G. Creed lived in the U.S or Ralph Benjamin lived in the U.K, but not both.",inventors,Frederick G. Creed lived in the U.S.,Ralph Benjamin lived in the U.K.,0,1,FT,xor,AB
"Either the city of Siping is in China or the city of Nagoya is in Japan, but not both.",cities,The city of Siping is in China.,The city of Nagoya is in Japan.,1,1,TT,xor,AB
"Either the salmon is a fish or the panda is a mammal, but not both.",animal_class,The panda is a mammal.,The salmon is a fish.,1,1,TT,xor,BA
"Either Marie Curie lived in Poland/Germany or Nicolas Appert lived in Poland/France, but not both.",inventors,Marie Curie lived in Poland/Germany.,Nicolas Appert lived in Poland/France.,0,0,FF,xor,AB
"Either the Spanish word 'caliente' means 'corner' or the Spanish word 'fuego' means 'fire', but not both.",sp_en_trans,The Spanish word 'caliente' means 'corner'.,The Spanish word 'fuego' means 'fire'.,0,1,FT,xor,AB
"Either Joseph Swan lived in the U.K or George Cayley lived in the U.K, but not both.",inventors,George Cayley lived in the U.K.,Joseph Swan lived in the U.K.,1,1,TT,xor,BA
"Either the city of Santo Domingo Oeste is in Cameroon or the city of Uberlandia is in Brazil, but not both.",cities,The city of Uberlandia is in Brazil.,The city of Santo Domingo Oeste is in Cameroon.,1,0,TF,xor,BA
"Either the city of Osaka is in Tajikistan or the city of Khulna is in Nigeria, but not both.",cities,The city of Osaka is in Tajikistan.,The city of Khulna is in Nigeria.,0,0,FF,xor,AB
"Either Willis Carrier lived in the U.S or Rudolf Diesel lived in Germany, but not both.",inventors,Willis Carrier lived in the U.S.,Rudolf Diesel lived in Germany.,1,1,TT,xor,AB
"Either the Spanish word 'familia' means 'dog' or the Spanish word 'vender' means 'son', but not both.",sp_en_trans,The Spanish word 'vender' means 'son'.,The Spanish word 'familia' means 'dog'.,0,0,FF,xor,BA
"Either the Spanish word 'fuerza' means 'voice' or the Spanish word 'madre' means 'neighbor', but not both.",sp_en_trans,The Spanish word 'fuerza' means 'voice'.,The Spanish word 'madre' means 'neighbor'.,0,0,FF,xor,AB
"Either Igor Tamm lived in Russia or Willis Carrier lived in the U.S, but not both.",inventors,Willis Carrier lived in the U.S.,Igor Tamm lived in Russia.,1,1,TT,xor,BA
"Either Ernesto Blanco lived in the U.S or Sir Humphry Davy lived in the U.K, but not both.",inventors,Sir Humphry Davy lived in the U.K.,Ernesto Blanco lived in the U.S.,1,1,TT,xor,BA
"Either the hamster is a mammal or the goldfish is a fish, but not both.",animal_class,The goldfish is a fish.,The hamster is a mammal.,1,1,TT,xor,BA
"Either the dog is a mammal or the iguana is a reptile, but not both.",animal_class,The dog is a mammal.,The iguana is a reptile.,1,1,TT,xor,AB
"Either the Spanish word 'familia' means 'dog' or the Spanish word 'vender' means 'to sell', but not both.",sp_en_trans,The Spanish word 'vender' means 'to sell'.,The Spanish word 'familia' means 'dog'.,1,0,TF,xor,BA
"Either Dysprosium has the symbol Dy or Uranium has the symbol U, but not both.",element_symb,Dysprosium has the symbol Dy.,Uranium has the symbol U.,1,1,TT,xor,AB
"Either Rubidium has the symbol K or Argon has the symbol Pr, but not both.",element_symb,Argon has the symbol Pr.,Rubidium has the symbol K.,0,0,FF,xor,BA
"Either Hans Oersted lived in Denmark or Ralph H. Baer lived in the U.S, but not both.",inventors,Ralph H. Baer lived in the U.S.,Hans Oersted lived in Denmark.,1,1,TT,xor,BA
"Either James Watt lived in Scotland or Charles Macintosh lived in Japan, but not both.",inventors,Charles Macintosh lived in Japan.,James Watt lived in Scotland.,0,1,FT,xor,BA
"Either the seagull is a reptile or the flamingo is a amphibian, but not both.",animal_class,The flamingo is a amphibian.,The seagull is a reptile.,0,0,FF,xor,BA
"Either the deer is a mammal or the iguana is a reptile, but not both.",animal_class,The iguana is a reptile.,The deer is a mammal.,1,1,TT,xor,BA
"Either the city of Laibin is in China or the city of Seoul is in South Korea, but not both.",cities,The city of Seoul is in South Korea.,The city of Laibin is in China.,1,1,TT,xor,BA
"Either Konrad Zuse lived in Finland or Edwin Link lived in Japan, but not both.",inventors,Konrad Zuse lived in Finland.,Edwin Link lived in Japan.,0,0,FF,xor,AB
"Either the Spanish word 'cabeza' means 'head' or the Spanish word 'lista' means 'voice', but not both.",sp_en_trans,The Spanish word 'cabeza' means 'head'.,The Spanish word 'lista' means 'voice'.,1,0,TF,xor,AB
"Either the leopard is a cnidarian or the tuna is a insect, but not both.",animal_class,The tuna is a insect.,The leopard is a cnidarian.,0,0,FF,xor,BA
"Either Evangelista Torricelli lived in Finland or Edouard Benedictus lived in France, but not both.",inventors,Edouard Benedictus lived in France.,Evangelista Torricelli lived in Finland.,1,0,TF,xor,BA
"Either Carbon has the symbol C or Europium has the symbol Eu, but not both.",element_symb,Carbon has the symbol C.,Europium has the symbol Eu.,1,1,TT,xor,AB
"Either the city of Kunming is in China or the city of N'Djamena is in Chad, but not both.",cities,The city of N'Djamena is in Chad.,The city of Kunming is in China.,1,1,TT,xor,BA
"Either Hans von Ohain lived in England or Daisuke Inoue lived in Japan, but not both.",inventors,Daisuke Inoue lived in Japan.,Hans von Ohain lived in England.,1,0,TF,xor,BA
"Either the city of San Pedro Sula is in Honduras or the city of Meizhou is in China, but not both.",cities,The city of San Pedro Sula is in Honduras.,The city of Meizhou is in China.,1,1,TT,xor,AB
"Either John Atanasoff lived in Croatia or Candace Pert lived in Germany, but not both.",inventors,Candace Pert lived in Germany.,John Atanasoff lived in Croatia.,0,0,FF,xor,BA
"Either the Spanish word 'parecer' means 'to seem' or the Spanish word 'uno' means 'mouth', but not both.",sp_en_trans,The Spanish word 'uno' means 'mouth'.,The Spanish word 'parecer' means 'to seem'.,0,1,FT,xor,BA
"Either Otis Boykin lived in Finland or Daniel Fahrenheit lived in Canada/the U.S, but not both.",inventors,Daniel Fahrenheit lived in Canada/the U.S.,Otis Boykin lived in Finland.,0,0,FF,xor,BA
"Either the city of Tangier is in Morocco or the city of Madurai is in Yemen, but not both.",cities,The city of Tangier is in Morocco.,The city of Madurai is in Yemen.,1,0,TF,xor,AB
"Either the city of Makassar is in Indonesia or the city of Al Mawsil al Jadidah is in Iraq, but not both.",cities,The city of Al Mawsil al Jadidah is in Iraq.,The city of Makassar is in Indonesia.,1,1,TT,xor,BA
"Either the Spanish word 'leer' means 'skin' or the Spanish word 'prueba' means 'whale', but not both.",sp_en_trans,The Spanish word 'prueba' means 'whale'.,The Spanish word 'leer' means 'skin'.,0,0,FF,xor,BA
"Either Percy Spencer lived in the U.S or James Murray Spangler lived in the U.S, but not both.",inventors,James Murray Spangler lived in the U.S.,Percy Spencer lived in the U.S.,1,1,TT,xor,BA
"Either the Spanish word 'abrigo' means 'coat' or the Spanish word 'pagar' means 'to pay', but not both.",sp_en_trans,The Spanish word 'abrigo' means 'coat'.,The Spanish word 'pagar' means 'to pay'.,1,1,TT,xor,AB
"Either the bee is a mollusk or the frog is a amphibian, but not both.",animal_class,The bee is a mollusk.,The frog is a amphibian.,0,1,FT,xor,AB
"Either Whitcomb Judson lived in the U.S or Igor Tamm lived in Russia, but not both.",inventors,Whitcomb Judson lived in the U.S.,Igor Tamm lived in Russia.,1,1,TT,xor,AB
"Either Fluorine has the symbol Pt or Cobalt has the symbol Co, but not both.",element_symb,Fluorine has the symbol Pt.,Cobalt has the symbol Co.,0,1,FT,xor,AB
"Either the Spanish word 'suficiente' means 'tool' or the Spanish word 'elegir' means 'to connect', but not both.",sp_en_trans,The Spanish word 'elegir' means 'to connect'.,The Spanish word 'suficiente' means 'tool'.,0,0,FF,xor,BA
"Either the city of Vijayawada is in China or the city of Irkutsk is in Kuwait, but not both.",cities,The city of Irkutsk is in Kuwait.,The city of Vijayawada is in China.,0,0,FF,xor,BA
"Either Tantalum has the symbol La or Promethium has the symbol Pm, but not both.",element_symb,Promethium has the symbol Pm.,Tantalum has the symbol La.,1,0,TF,xor,BA
"Either the camel is a mammal or the parrot is a arachnid, but not both.",animal_class,The parrot is a arachnid.,The camel is a mammal.,0,1,FT,xor,BA
"Either Nicolas Appert lived in Poland/France or Marie Curie lived in Poland/France, but not both.",inventors,Marie Curie lived in Poland/France.,Nicolas Appert lived in Poland/France.,1,0,TF,xor,BA
"Either Charles Francis Richter lived in the U.S or Igor Tamm lived in Denmark, but not both.",inventors,Igor Tamm lived in Denmark.,Charles Francis Richter lived in the U.S.,0,1,FT,xor,BA
"Either the axolotl is a amphibian or the chimpanzee is a mammal, but not both.",animal_class,The axolotl is a amphibian.,The chimpanzee is a mammal.,1,1,TT,xor,AB
"Either the Spanish word 'desarrollar' means 'sand' or the Spanish word 'viejo' means 'to save', but not both.",sp_en_trans,The Spanish word 'viejo' means 'to save'.,The Spanish word 'desarrollar' means 'sand'.,0,0,FF,xor,BA
"Either Mary Walton lived in the U.S or Fridtjof Nansen lived in Norway, but not both.",inventors,Mary Walton lived in the U.S.,Fridtjof Nansen lived in Norway.,1,1,TT,xor,AB
