candidate_id,model,saved_layer,method,C,cohort,planned_rows,status,valid_for_scoring,parameter_producer_sha,original_source_fit_sha256,reuse_source_id,fit_json,fit_json_sha256,failure,atomic_eligible,atomic_exclusion_reasons,pooled_atomic_auc,macro_atomic_auc,S_all_selected_seeds,S_atom_all_selected
llama/P15/L00/l2_logistic/C=0.001,llama,0,l2_logistic,0.001,P15,2778,new_successor_fit,True,5e1bf47a457558cbc0735bd8f9f13ca029cbf3a4,,,fits/49e670e0fad05fe270c32766/fit.json,c2e4ddc4af063ec0036c54b7bbec9fd0835028fbb7196eb8dcec8be65a412018,,False,atomic_retention_failed,0.5083816338327423,0.5171163520081135,,False
llama/P15/L00/l2_logistic/C=0.01,llama,0,l2_logistic,0.01,P15,2778,new_successor_fit,True,5e1bf47a457558cbc0735bd8f9f13ca029cbf3a4,,,fits/93f3d584997c2166499d5ff8/fit.json,141e387d57bbd2488cc82cad6e9289c22b320def3e5ff37d9a3b9a6c125c1eb5,,False,atomic_retention_failed,0.5072294521082973,0.5180852252919976,,False
llama/P15/L00/l2_logistic/C=0.1,llama,0,l2_logistic,0.1,P15,2778,new_successor_fit,True,5e1bf47a457558cbc0735bd8f9f13ca029cbf3a4,,,fits/0d5ba3388124342f81603cf8/fit.json,414f0b563bb7d604c86b10c2d2ce722cb10b703134d8fcf24cd2a7145729b89f,,False,atomic_retention_failed,0.5251449014982268,0.5285258626655017,,False
llama/P15/L00/l2_logistic/C=1,llama,0,l2_logistic,1.0,P15,2778,new_successor_fit,True,5e1bf47a457558cbc0735bd8f9f13ca029cbf3a4,,,fits/e127967d94411ff3b7011539/fit.json,07cca4132eb1a821e153706070afef1d92db20ebaab20e02425fd7f931408980,,False,atomic_retention_failed,0.5357684075676858,0.5394344165031717,,False
llama/P15/L00/l2_logistic/C=10,llama,0,l2_logistic,10.0,P15,2778,new_successor_fit,True,5e1bf47a457558cbc0735bd8f9f13ca029cbf3a4,,,fits/900feb27945440bab7e251ca/fit.json,816d6d0fc32086829282ea26b36c0d3067f8c47d9a66b21b99ffc7aa0b66c065,,False,atomic_retention_failed,0.538369604274399,0.5543650856592315,,False
llama/P15/L00/difference_of_means,llama,0,difference_of_means,,P15,2778,new_successor_fit,True,5e1bf47a457558cbc0735bd8f9f13ca029cbf3a4,,,fits/7ba72facec0c838798145b09/fit.json,8120e6b2ebe46850a0f6a1f32428256fc08d8bdee4384b265309ed6e5001e088,,False,atomic_retention_failed,0.5080730834726367,0.5165245114089398,,False
llama/P15/L00/mass_mean_covariance,llama,0,mass_mean_covariance,,P15,2778,new_successor_fit,True,5e1bf47a457558cbc0735bd8f9f13ca029cbf3a4,,,fits/1ea8e8e9b948bc3b23851a98/fit.json,5af966d6dbcd6f257162f32c78fae95390efb224e7ab1b9711ccf38074a2d6a1,,False,atomic_retention_failed,0.5145916980424627,0.5257725283304941,,False
llama/P15/L00/burger_t_g,llama,0,burger_t_g,,P15,700,new_successor_fit,True,5e1bf47a457558cbc0735bd8f9f13ca029cbf3a4,,,fits/cdddce22109235612c25fb76/fit.json,2e016d54c562a7bc39b11383145cd7bf8e3998fec55713c38899d1962d6a376c,,False,atomic_retention_failed,0.4969340249027481,0.5178747085273722,,False
llama/P15/L00/ttpd,llama,0,ttpd,,P15,700,new_successor_fit,True,5e1bf47a457558cbc0735bd8f9f13ca029cbf3a4,,,fits/7b1929b2cabbcfce1f051275/fit.json,e526d76d1f06f91322e9fce92d9d38ba336755aec51c021512e53fdf8d4c68a6,,False,atomic_retention_failed,0.5250824102860535,0.5300143110170192,,False
llama/P15/L00/r0,llama,0,r0,,P15,2778,exact_recoverability_reuse,True,3a5b7bb286876ff7bca4a57ddf2f337dc5d1733f,,llama_R0_L00,fits/88ab6ddb877ed76ab3c462ac/fit.json,38660ed43d90316f392dd691d5c6aedf75c4ebc8a561dc5944e18976d5b8e889,,False,atomic_retention_failed,0.5565740755206299,0.5889328391273507,,False
llama/P15/L01/l2_logistic/C=0.001,llama,1,l2_logistic,0.001,P15,2778,new_successor_fit,True,5e1bf47a457558cbc0735bd8f9f13ca029cbf3a4,,,fits/3bd2259dbd4c4877c39e38c7/fit.json,1b2a4d7f95ca1e5d17dcbedf6998130c5ef28380c836ea0ad6665e25b5342ff3,,False,atomic_retention_failed,0.5086589385867613,0.5263178455539675,,False
llama/P15/L01/l2_logistic/C=0.01,llama,1,l2_logistic,0.01,P15,2778,new_successor_fit,True,5e1bf47a457558cbc0735bd8f9f13ca029cbf3a4,,,fits/7c833d403277d3c58dacf03a/fit.json,84be0418b80cf597fd03a671f0ff80f49b0e79f22d8ca12c0477d274c94febf3,,False,atomic_retention_failed,0.5144979612242029,0.5293805149793537,,False
llama/P15/L01/l2_logistic/C=0.1,llama,1,l2_logistic,0.1,P15,2778,new_successor_fit,True,5e1bf47a457558cbc0735bd8f9f13ca029cbf3a4,,,fits/44c80b53ebbb6855fed5c688/fit.json,9266287d3fbcc12ce873767f29208fc6eb03a77d64f393799014c76398a87d37,,False,atomic_retention_failed,0.5356199909387742,0.5492530412747268,,False
llama/P15/L01/l2_logistic/C=1,llama,1,l2_logistic,1.0,P15,2778,new_successor_fit,True,5e1bf47a457558cbc0735bd8f9f13ca029cbf3a4,,,fits/ffcddab1741a6fa251f3f569/fit.json,e191dc64ec702b743421845320fa6a466e190f429a64283b51619c68639ee358,,False,atomic_retention_failed,0.5598158071521192,0.5996572067020634,,False
llama/P15/L01/l2_logistic/C=10,llama,1,l2_logistic,10.0,P15,2778,new_successor_fit,True,5e1bf47a457558cbc0735bd8f9f13ca029cbf3a4,,,fits/5af5025211c0f91580e23b2d/fit.json,7ffbdd2248dd78a166e220076a26aee99060fa48414cc1337c44cb7f8c4cfc38,,False,atomic_retention_failed,0.5755167242106579,0.6041254563943037,,False
llama/P15/L01/difference_of_means,llama,1,difference_of_means,,P15,2778,new_successor_fit,True,5e1bf47a457558cbc0735bd8f9f13ca029cbf3a4,,,fits/5364a5060985955e57dcdb2d/fit.json,4a9a2c15a3cf3dd7604b07d457c2255da0f02e506759563238da495e4d46ad0e,,False,atomic_retention_failed,0.5069209017481917,0.5249207825950686,,False
llama/P15/L01/mass_mean_covariance,llama,1,mass_mean_covariance,,P15,2778,new_successor_fit,True,5e1bf47a457558cbc0735bd8f9f13ca029cbf3a4,,,fits/c0530c5651c7d8e1e478a385/fit.json,87877cd4d7938b15ef293bfcbd394ca0ef0e53c3f4da3cdde1a020e408715323,,False,atomic_retention_failed,0.5197159774406724,0.5240580978671229,,False
llama/P15/L01/burger_t_g,llama,1,burger_t_g,,P15,700,new_successor_fit,True,5e1bf47a457558cbc0735bd8f9f13ca029cbf3a4,,,fits/14dabe8f2f4b5be83b583035/fit.json,3ff2ebbbeb0833b29d03296db7eb592a3320c76ebac5c7833ed8a16c35db1d85,,False,atomic_retention_failed,0.5029136527675796,0.5027847192652553,,False
llama/P15/L01/ttpd,llama,1,ttpd,,P15,700,new_successor_fit,True,5e1bf47a457558cbc0735bd8f9f13ca029cbf3a4,,,fits/04208b904965c5fa89818a20/fit.json,862c9d02d23bab10dad48a3414a547e446b6ad681f6c0b9a5a74776efb12faf0,,False,atomic_retention_failed,0.505460169663641,0.5120264190585513,,False
llama/P15/L01/r0,llama,1,r0,,P15,2778,exact_recoverability_reuse,True,3a5b7bb286876ff7bca4a57ddf2f337dc5d1733f,,llama_R0_L01,fits/8c73287ae14ffe82bbf09681/fit.json,d95b969f1adf7c0645194d59ea989b9c60fd7cf6553dcdd3b40bd6d9509b3627,,False,atomic_retention_failed,0.5980682404036932,0.6103213357756079,,False
llama/P15/L02/l2_logistic/C=0.001,llama,2,l2_logistic,0.001,P15,2778,new_successor_fit,True,5e1bf47a457558cbc0735bd8f9f13ca029cbf3a4,,,fits/a69aed350f9bb7d3a2f3c43d/fit.json,1209c5e0a5ea8e6c04a9f9e42035ea3b60b45010545ed2a3f08675c86a4d5e49,,False,atomic_retention_failed,0.508408973738068,0.5519197612982208,,False
llama/P15/L02/l2_logistic/C=0.01,llama,2,l2_logistic,0.01,P15,2778,new_successor_fit,True,5e1bf47a457558cbc0735bd8f9f13ca029cbf3a4,,,fits/db10926b36d2d1d23beba26e/fit.json,16410293e34ee22478f47ef1eaae8c4c087c29d9a67d835b11bcb8a89268eb65,,False,atomic_retention_failed,0.5246137261947539,0.5620962008044188,,False
llama/P15/L02/l2_logistic/C=0.1,llama,2,l2_logistic,0.1,P15,2778,new_successor_fit,True,5e1bf47a457558cbc0735bd8f9f13ca029cbf3a4,,,fits/b4dc5b2d53bc4a26c634fdce/fit.json,9bbffe7ca8d9de1e037639ecf6161a682424a223d25e2c87d8d94587878d023b,,False,atomic_retention_failed,0.5563592619787843,0.5924351732678022,,False
llama/P15/L02/l2_logistic/C=1,llama,2,l2_logistic,1.0,P15,2778,new_successor_fit,True,5e1bf47a457558cbc0735bd8f9f13ca029cbf3a4,,,fits/27fd47d53721b099cf98b78f/fit.json,98445730fda04b3c060dbfb42d2908286fdc1af60cc37cd34b85c7a89cc17f41,,False,atomic_retention_failed,0.5764736208970613,0.6180428433979921,,False
llama/P15/L02/l2_logistic/C=10,llama,2,l2_logistic,10.0,P15,2778,new_successor_fit,True,5e1bf47a457558cbc0735bd8f9f13ca029cbf3a4,,,fits/24864e8357142f9bde2ce653/fit.json,2f92b5fe78e80476e10c4a84e351509ce8682108334a0fd49acc3c3a09b65463,,False,atomic_retention_failed,0.6168898123701354,0.6443420833855867,,False
llama/P15/L02/difference_of_means,llama,2,difference_of_means,,P15,2778,new_successor_fit,True,5e1bf47a457558cbc0735bd8f9f13ca029cbf3a4,,,fits/2d39eec10d0ccbbd949d7943/fit.json,fa2ae9119d7f99128a7713c80098fde9899fad15396ed8dc4ae3ec331d9308c9,,False,atomic_retention_failed,0.5082918027152432,0.5489278348574412,,False
llama/P15/L02/mass_mean_covariance,llama,2,mass_mean_covariance,,P15,2778,new_successor_fit,True,5e1bf47a457558cbc0735bd8f9f13ca029cbf3a4,,,fits/9acde760e142608bb85fa574/fit.json,75b5be72c57c6739faa69dbf8cf52a19dbe81a5cc512505255ecab8dea15dab4,,False,atomic_retention_failed,0.5311987376775141,0.5597423503786552,,False
llama/P15/L02/burger_t_g,llama,2,burger_t_g,,P15,700,new_successor_fit,True,5e1bf47a457558cbc0735bd8f9f13ca029cbf3a4,,,fits/805923f17733bee214e4e549/fit.json,fc88030298702ee05fd071f9c6b95e719e69f9d830cc3a26b856d193a37325a3,,False,atomic_retention_failed,0.5150838163383274,0.5553229146406041,,False
llama/P15/L02/ttpd,llama,2,ttpd,,P15,700,new_successor_fit,True,5e1bf47a457558cbc0735bd8f9f13ca029cbf3a4,,,fits/ee46327351a693d8d2f4c106/fit.json,5bbd374fc3b90218b8eb17789303293371b7fa45b6a57efd0283f50dda67c535,,False,atomic_retention_failed,0.5057023231108125,0.5442058857744749,,False
llama/P15/L02/r0,llama,2,r0,,P15,2778,exact_recoverability_reuse,True,3a5b7bb286876ff7bca4a57ddf2f337dc5d1733f,,llama_R0_L02,fits/21d258bf240b4b6012bdd9df/fit.json,269b125c7d69b407dc8261adf6838351357c3462d66ff70b95d4ca89a175c27e,,False,atomic_retention_failed,0.6573606836538611,0.6305038890773071,,False
llama/P15/L03/l2_logistic/C=0.001,llama,3,l2_logistic,0.001,P15,2778,new_successor_fit,True,5e1bf47a457558cbc0735bd8f9f13ca029cbf3a4,,,fits/8d659b6173fe993b040ee85f/fit.json,9be8a9cb388e6b3fdee618cb3c1888917f60b68c1028a56d979be966c17c3e17,,False,atomic_retention_failed,0.5374869159024512,0.5632422272329513,,False
llama/P15/L03/l2_logistic/C=0.01,llama,3,l2_logistic,0.01,P15,2778,new_successor_fit,True,5e1bf47a457558cbc0735bd8f9f13ca029cbf3a4,,,fits/5892bbd594db094dd0d042d2/fit.json,5f6a49fbf77d0839c8d5503866894d4ed7174d8ffbe576a003c245d309c0d32c,,False,atomic_retention_failed,0.5617842803355778,0.5761744551695318,,False
llama/P15/L03/l2_logistic/C=0.1,llama,3,l2_logistic,0.1,P15,2778,new_successor_fit,True,5e1bf47a457558cbc0735bd8f9f13ca029cbf3a4,,,fits/1b644064039094a7ffc19e40/fit.json,f8949bf5e1830a66e0c95428fc2a23e29ac2c46114ce07c14dd96c1b1123280e,,False,atomic_retention_failed,0.6317549094658563,0.6519018232213651,,False
llama/P15/L03/l2_logistic/C=1,llama,3,l2_logistic,1.0,P15,2778,new_successor_fit,True,5e1bf47a457558cbc0735bd8f9f13ca029cbf3a4,,,fits/7782316fdae1bfa90487be38/fit.json,966c40cd3c66fc9be5bacb881a4e60e41782881fc48094f6470fdd421856b961,,False,atomic_retention_failed,0.7228124170038588,0.7351220781584831,,False
llama/P15/L03/l2_logistic/C=10,llama,3,l2_logistic,10.0,P15,2778,new_successor_fit,True,5e1bf47a457558cbc0735bd8f9f13ca029cbf3a4,,,fits/6808632fbb3094c26e5a6adb/fit.json,00f5f74246ab086a9a7788b5e6064eb7fdd1489f82c8d71f5d31b905d7d6dbae,,False,atomic_retention_failed,0.8143034573263135,0.8015382961352975,,False
llama/P15/L03/difference_of_means,llama,3,difference_of_means,,P15,2778,new_successor_fit,True,5e1bf47a457558cbc0735bd8f9f13ca029cbf3a4,,,fits/8debdd616e0a42e1118df878/fit.json,4be3dd57809e678c41c74eecfcf41a1bf9d24e07a13c7f150fa8eb7f3cc3dba1,,False,atomic_retention_failed,0.5335890265431423,0.5620192793438599,,False
llama/P15/L03/mass_mean_covariance,llama,3,mass_mean_covariance,,P15,2778,new_successor_fit,True,5e1bf47a457558cbc0735bd8f9f13ca029cbf3a4,,,fits/384034701fac922f665d610c/fit.json,b59354afca80cb2d719de89b540d29576b756d6713e0c48d0673064dab4922ed,,False,atomic_retention_failed,0.5741614460466496,0.5813996696321209,,False
llama/P15/L03/burger_t_g,llama,3,burger_t_g,,P15,700,new_successor_fit,True,5e1bf47a457558cbc0735bd8f9f13ca029cbf3a4,,,fits/d294b109682010d34f0fd304/fit.json,d45e1d08a542a6f280ffb9a646e61e82d2bf5747c4b4299c2e44e29c5ede1005,,False,atomic_retention_failed,0.5987126810292303,0.6271653860712161,,False
llama/P15/L03/ttpd,llama,3,ttpd,,P15,700,new_successor_fit,True,5e1bf47a457558cbc0735bd8f9f13ca029cbf3a4,,,fits/5631d1733afc78d2e06d4071/fit.json,eca57e4a8bcf06fd9675092138d83e93a8dd0f12fa40e188394c8aa6bb374f4c,,False,atomic_retention_failed,0.6088479745035854,0.6283895887141624,,False
llama/P15/L03/r0,llama,3,r0,,P15,2778,exact_recoverability_reuse,True,3a5b7bb286876ff7bca4a57ddf2f337dc5d1733f,,llama_R0_L03,fits/58c5829a0e88f5d55143703d/fit.json,6817841a158c0dcc9ad290a1bf4462e8ea33cd030f3fe49f8601227214406b1e,,False,atomic_retention_failed,0.8315002577762503,0.7783820588850262,,False
llama/P15/L04/l2_logistic/C=0.001,llama,4,l2_logistic,0.001,P15,2778,new_successor_fit,True,5e1bf47a457558cbc0735bd8f9f13ca029cbf3a4,,,fits/9ea865683f9156812c063ecf/fit.json,2da07253a25d781b90bc1b944d887ec6cbc4b3292d232460ac1f705b0fcdc80c,,False,atomic_retention_failed,0.6001109219016076,0.6396353942757609,,False
llama/P15/L04/l2_logistic/C=0.01,llama,4,l2_logistic,0.01,P15,2778,new_successor_fit,True,5e1bf47a457558cbc0735bd8f9f13ca029cbf3a4,,,fits/8d06fc6896cde0ac855a172f/fit.json,446dfcb033f940cd4af6dbbf703daae2f76abeaef99d8794fed6116e84d419bf,,False,atomic_retention_failed,0.7252651970816604,0.7281219731682538,,False
llama/P15/L04/l2_logistic/C=0.1,llama,4,l2_logistic,0.1,P15,2778,new_successor_fit,True,5e1bf47a457558cbc0735bd8f9f13ca029cbf3a4,,,fits/b41320606d14a455917738fc/fit.json,acefc4da27a5273dc11bc2ad749d38f24a16a5a3ac16f837b6a7247747f42444,,False,atomic_retention_failed,0.8684872439813152,0.8184882522940591,,False
llama/P15/L04/l2_logistic/C=1,llama,4,l2_logistic,1.0,P15,2778,new_successor_fit,True,5e1bf47a457558cbc0735bd8f9f13ca029cbf3a4,,,fits/ea046d5a040f7194aa4dc96b/fit.json,2c698eb1abdaac949f50d32df8e10bac1135b9467f8ebcfe58d2fe04b169870e,,False,atomic_retention_failed,0.9410942211251543,0.8943916157870045,,False
llama/P15/L04/l2_logistic/C=10,llama,4,l2_logistic,10.0,P15,2778,new_successor_fit,True,5e1bf47a457558cbc0735bd8f9f13ca029cbf3a4,,,fits/50e619be93ba63207b2dba77/fit.json,8f22e099c8280e8989f5f5c1d38e01ceccdb24bb3074547f1b55dbed688e96f1,,False,atomic_retention_failed,0.9667546751238107,0.9242898268209675,,False
llama/P15/L04/difference_of_means,llama,4,difference_of_means,,P15,2778,new_successor_fit,True,5e1bf47a457558cbc0735bd8f9f13ca029cbf3a4,,,fits/419ba699773bebe56804047f/fit.json,7e5c6d171e8b6d5c0be50930cc6b45a94d284a783bac0a61b2f06d4eaf988c67,,False,atomic_retention_failed,0.581918167757659,0.6304389222056256,,False
llama/P15/L04/mass_mean_covariance,llama,4,mass_mean_covariance,,P15,2778,new_successor_fit,True,5e1bf47a457558cbc0735bd8f9f13ca029cbf3a4,,,fits/3983f4a18d594925ff8161e8/fit.json,06285d688dbb8dfd68150625bdea7fd7b4a5c6d61f3b44168c49bd8e0875b31a,,False,atomic_retention_failed,0.8776539236669844,0.7914713445576969,,False
llama/P15/L04/burger_t_g,llama,4,burger_t_g,,P15,700,new_successor_fit,True,5e1bf47a457558cbc0735bd8f9f13ca029cbf3a4,,,fits/af9890aca223a3e14884e6e9/fit.json,ce7ca9f660c8dacac758a6c73912b2ed3d4f75d9cf8d4b349b2759c1139ba7eb,,False,atomic_retention_failed,0.6395897451920823,0.6997090658374925,,False
llama/P15/L04/ttpd,llama,4,ttpd,,P15,700,new_successor_fit,True,5e1bf47a457558cbc0735bd8f9f13ca029cbf3a4,,,fits/d9792168fee075a548e229ff/fit.json,8a376b4f7aa468367274ad3a1488dbecd6c5e83349e76d04e11ec9975812f9fc,,False,atomic_retention_failed,0.6684138168070115,0.7183921683989485,,False
llama/P15/L04/r0,llama,4,r0,,P15,2778,exact_recoverability_reuse,True,3a5b7bb286876ff7bca4a57ddf2f337dc5d1733f,,llama_R0_L04,fits/d5f069ed28258ec567483b84/fit.json,7d470c4e22800f19dccfce19d9adf696627bc6054348516b716c149bfc4196b8,,False,atomic_retention_failed,0.9615249418050587,0.9063259584442809,,False
llama/P15/L05/l2_logistic/C=0.001,llama,5,l2_logistic,0.001,P15,2778,new_successor_fit,True,5e1bf47a457558cbc0735bd8f9f13ca029cbf3a4,,,fits/b2c4327b40b5fb445f768eac/fit.json,240de388b847be7bbe4c48391786e2d61930eb518265bedd93e712d3df600375,,False,atomic_retention_failed,0.7885648893124404,0.7781661297094707,,False
llama/P15/L05/l2_logistic/C=0.01,llama,5,l2_logistic,0.01,P15,2778,new_successor_fit,True,5e1bf47a457558cbc0735bd8f9f13ca029cbf3a4,,,fits/02a3eb4c24b15716f6968fc9/fit.json,c0c386fecf893c02f41a23eba8c99f942c4186432fbc153a554ab0d2275f0bcb,,False,atomic_retention_failed,0.8761775687793903,0.8336502038867584,,False
llama/P15/L05/l2_logistic/C=0.1,llama,5,l2_logistic,0.1,P15,2778,new_successor_fit,True,5e1bf47a457558cbc0735bd8f9f13ca029cbf3a4,,,fits/007f607cc6ef1280acf55d47/fit.json,2ca43900ddf6e8ac6291ac0325aef4d3b60ac112bc7b44f36b73014f0b8c501f,,False,atomic_retention_failed,0.933841334812292,0.8849180484013661,,False
llama/P15/L05/l2_logistic/C=1,llama,5,l2_logistic,1.0,P15,2778,new_successor_fit,True,5e1bf47a457558cbc0735bd8f9f13ca029cbf3a4,,,fits/de9bcdbad0e5d9e25fc059b4/fit.json,cb55a18c1c2b3b5ef0a78a05562756b40f50ee2c222c8fc43895268a0bcc8e80,,False,atomic_retention_failed,0.9686216000874877,0.936226453456418,,False
llama/P15/L05/l2_logistic/C=10,llama,5,l2_logistic,10.0,P15,2778,new_successor_fit,True,5e1bf47a457558cbc0735bd8f9f13ca029cbf3a4,,,fits/d4125424fa0349c2a883ca16/fit.json,e100f3c108159fb3216ce953455c5111e48eceaf58c9523e28cb49aca3c57e73,,False,atomic_retention_failed,0.9813541845677951,0.9579139710384081,,False
llama/P15/L05/difference_of_means,llama,5,difference_of_means,,P15,2778,new_successor_fit,True,5e1bf47a457558cbc0735bd8f9f13ca029cbf3a4,,,fits/ea598bb2f19f9724b3d9efe8/fit.json,797685b71e74cbc9979397b4e78808f9e39ed3bf409084455e51e4408d251469,,False,atomic_retention_failed,0.730065303316721,0.7373740372359279,,False
llama/P15/L05/mass_mean_covariance,llama,5,mass_mean_covariance,,P15,2778,new_successor_fit,True,5e1bf47a457558cbc0735bd8f9f13ca029cbf3a4,,,fits/fb54ee271cc5b692c5c64af4/fit.json,6163bd77a260d8ba3a90a909cba74ef9856dce8cd584b063ee62d395f8405111,,False,atomic_retention_failed,0.9535182552453562,0.9058892516351017,,False
llama/P15/L05/burger_t_g,llama,5,burger_t_g,,P15,700,new_successor_fit,True,5e1bf47a457558cbc0735bd8f9f13ca029cbf3a4,,,fits/6f71e5cd51c7f0945dfa177e/fit.json,309080f0e15d50e5a15bc41989a75a8e9e8a7ac9eddadab0266c871f8fbf6224,,False,atomic_retention_failed,0.8248332265775126,0.8215710069869683,,False
llama/P15/L05/ttpd,llama,5,ttpd,,P15,700,new_successor_fit,True,5e1bf47a457558cbc0735bd8f9f13ca029cbf3a4,,,fits/a66fcfa6d86247aec76f9620/fit.json,a9e146e8da0c714299eead29fbbcf147562d6dfd0544c1591154634a810a1e67,,False,atomic_retention_failed,0.8494039900638972,0.8440455901653043,,False
llama/P15/L05/r0,llama,5,r0,,P15,2778,exact_recoverability_reuse,True,3a5b7bb286876ff7bca4a57ddf2f337dc5d1733f,,llama_R0_L05,fits/3911540efeaf9bfce6a13ab9/fit.json,a28b0ba28c174d5a636e40078b149c4b4b0a6c8d495b4c9cbf409e8405bc248e,,False,atomic_retention_failed,0.9795692793200956,0.9497953101086443,,False
llama/P15/L06/l2_logistic/C=0.001,llama,6,l2_logistic,0.001,P15,2778,new_successor_fit,True,5e1bf47a457558cbc0735bd8f9f13ca029cbf3a4,,,fits/cf2e30f01efa9db6131b5519/fit.json,ebc04f21ad6c5b14fa50b728804f4a38fc12157d7d83bcd980b0f5ff4747f101,,False,atomic_retention_failed,0.8130692558858911,0.8012138693269335,,False
llama/P15/L06/l2_logistic/C=0.01,llama,6,l2_logistic,0.01,P15,2778,new_successor_fit,True,5e1bf47a457558cbc0735bd8f9f13ca029cbf3a4,,,fits/9bb2758045053df57c3ad72d/fit.json,3784a914130f6ac8ff7dedbb01ea12b0903a9165742e4f2c47590952a36a1674,,False,atomic_retention_failed,0.9070247933884298,0.8647515104374083,,False
llama/P15/L06/l2_logistic/C=0.1,llama,6,l2_logistic,0.1,P15,2778,new_successor_fit,True,5e1bf47a457558cbc0735bd8f9f13ca029cbf3a4,,,fits/28dd61375f177b159802d894/fit.json,a222bf98b5dc6a86992d96d74a318435b7447d3985f6819fa4304313744fe429,,False,atomic_retention_failed,0.9611851458388664,0.9346329400082551,,False
llama/P15/L06/l2_logistic/C=1,llama,6,l2_logistic,1.0,P15,2778,new_successor_fit,True,5e1bf47a457558cbc0735bd8f9f13ca029cbf3a4,,,fits/f50db8307842a2a6dccec61e/fit.json,f9387d06ffd1e47ff8dcab61352c54f779f2936d14f34a124cea26852f23cb2e,,False,atomic_retention_failed,0.9851270915027575,0.9706708053234102,,False
llama/P15/L06/l2_logistic/C=10,llama,6,l2_logistic,10.0,P15,2778,new_successor_fit,True,5e1bf47a457558cbc0735bd8f9f13ca029cbf3a4,,,fits/a2f4078a0e93209f61597aa3/fit.json,ba05fb9a7603513127c87d233dbc6de4c3f7990b27445aa8483323a85ec1e25a,,False,atomic_retention_failed,0.9904974300488993,0.9770042679597772,,False
llama/P15/L06/difference_of_means,llama,6,difference_of_means,,P15,2778,new_successor_fit,True,5e1bf47a457558cbc0735bd8f9f13ca029cbf3a4,,,fits/72b4ed4c3990e9a0c4ac06f6/fit.json,22a92260e7ac2f738a1958ccf33d735e62aa41096e10c2e619bc3387bf45f954,,False,atomic_retention_failed,0.7167820150291365,0.7764683327662119,,False
llama/P15/L06/mass_mean_covariance,llama,6,mass_mean_covariance,,P15,2778,new_successor_fit,True,5e1bf47a457558cbc0735bd8f9f13ca029cbf3a4,,,fits/263900ee7d523515cd73c7da/fit.json,8779378d4be2a942c46f78e46cddeaf56d93c9b689aa1a70e6272a1018f4a02c,,False,atomic_retention_failed,0.9789092158915152,0.9583379318773831,,False
llama/P15/L06/burger_t_g,llama,6,burger_t_g,,P15,700,new_successor_fit,True,5e1bf47a457558cbc0735bd8f9f13ca029cbf3a4,,,fits/a572afda1dceb9b6942c1c38/fit.json,847aaf6ecfdc7db3c23b8b00a471ca9bfd48102d46016db3234f7df3a9fe9ed4,,False,atomic_retention_failed,0.7814955709353372,0.8226651840156227,,False
llama/P15/L06/ttpd,llama,6,ttpd,,P15,700,new_successor_fit,True,5e1bf47a457558cbc0735bd8f9f13ca029cbf3a4,,,fits/4ff99954c313e8220cf11dc3/fit.json,52f81d9c9bf3b26a6d881498c7d53509fde13bb073bb8e5bc5d16e79f968a70f,,False,atomic_retention_failed,0.8554070521332937,0.8662693023495827,,False
llama/P15/L06/r0,llama,6,r0,,P15,2778,exact_recoverability_reuse,True,3a5b7bb286876ff7bca4a57ddf2f337dc5d1733f,,llama_R0_L06,fits/b20199f760cbbf7a24133727/fit.json,0ea08e0238fd859f1ac69ac1843f9d91024d39e0d1dfaf84fc0b07f25ae13f95,,False,atomic_retention_failed,0.9889078098392413,0.9695761562565917,,False
llama/P15/L07/l2_logistic/C=0.001,llama,7,l2_logistic,0.001,P15,2778,new_successor_fit,True,5e1bf47a457558cbc0735bd8f9f13ca029cbf3a4,,,fits/5520ab6aac739f26d97edcaf/fit.json,124dd2bf99c362b05eb0eca2d3bb96dd332d6bf61af6b8e197ac83dc5ff1d5b6,,False,atomic_retention_failed,0.8978893593088472,0.894967863240903,,False
llama/P15/L07/l2_logistic/C=0.01,llama,7,l2_logistic,0.01,P15,2778,new_successor_fit,True,5e1bf47a457558cbc0735bd8f9f13ca029cbf3a4,,,fits/645cabadeeb861b0c59e688a/fit.json,9ea146617e1eb2b4a06777e5e1cc30a51488b122e73a74f87b5c0e7f0f52c799,,False,atomic_retention_failed,0.9665945413926167,0.9601440933835181,,False
llama/P15/L07/l2_logistic/C=0.1,llama,7,l2_logistic,0.1,P15,2778,new_successor_fit,True,5e1bf47a457558cbc0735bd8f9f13ca029cbf3a4,,,fits/e21f812596424354ed899910/fit.json,658b66d1882cdb7e92c99d83a4b0d5f637c9f21541c99f429bafa2d254fa5dcb,,False,atomic_retention_failed,0.9912980987048696,0.98557130698859,,False
llama/P15/L07/l2_logistic/C=1,llama,7,l2_logistic,1.0,P15,2778,new_successor_fit,True,5e1bf47a457558cbc0735bd8f9f13ca029cbf3a4,,,fits/39e1cd8e2ac2a91a43c11951/fit.json,58e240811757a6dfa35df1fc6341bbeb8f0ad121bdea849b9d79ff880ffc638a,,True,,0.9968480994860098,0.9937565573694697,,False
llama/P15/L07/l2_logistic/C=10,llama,7,l2_logistic,10.0,P15,2778,new_successor_fit,True,5e1bf47a457558cbc0735bd8f9f13ca029cbf3a4,,,fits/c54e34dceb51229e964cf324/fit.json,849c8bcf87fff4f0aea730a7b7d5c9cd3107c7c1f12e0f9dbe81414219e7bbcd,,True,,0.9982814916652346,0.9961080932956797,,False
llama/P15/L07/difference_of_means,llama,7,difference_of_means,,P15,2778,new_successor_fit,True,5e1bf47a457558cbc0735bd8f9f13ca029cbf3a4,,,fits/57d18cc488c1d2731676419c/fit.json,8193e8f42f31ed3600099827a06d574822a2d49c369991aebec3ad980e9c94a0,,False,atomic_retention_failed,0.7582332172038307,0.8166004667497815,,False
llama/P15/L07/mass_mean_covariance,llama,7,mass_mean_covariance,,P15,2778,new_successor_fit,True,5e1bf47a457558cbc0735bd8f9f13ca029cbf3a4,,,fits/ae3c8991b6469b58885613bc/fit.json,da36188af6fc14f00647eb8b87eb8c0c1d677babc2654dca5d33d96ff1eeb807,,True,,0.995758408973738,0.9905645547971369,,False
llama/P15/L07/burger_t_g,llama,7,burger_t_g,,P15,700,new_successor_fit,True,5e1bf47a457558cbc0735bd8f9f13ca029cbf3a4,,,fits/571980ede81d7522f158552b/fit.json,e6c2f9d985da922eb223b471026fac80b8417b472ae7ed0dc58ee7fbaa4b47ac,,False,atomic_retention_failed,0.8101790373228764,0.8483181136521626,,False
llama/P15/L07/ttpd,llama,7,ttpd,,P15,700,new_successor_fit,True,5e1bf47a457558cbc0735bd8f9f13ca029cbf3a4,,,fits/a3c5c8e62cb52ded409f8366/fit.json,1ea630302ab7e5c780b446a52d6979cef973d2fac4bc016dfd2e6df58372a609,,False,atomic_retention_failed,0.9383016450811604,0.9483914233198799,,False
llama/P15/L07/r0,llama,7,r0,,P15,2778,exact_recoverability_reuse,True,3a5b7bb286876ff7bca4a57ddf2f337dc5d1733f,,llama_R0_L07,fits/43008f8189401e84dd0c70ec/fit.json,f7b681cf6ca7801a1bb765d2833c446dd7a9d98c44b2a7858f7cf8a8ef4568d9,,True,,0.9978635816838257,0.994622203412655,,False
llama/P15/L08/l2_logistic/C=0.001,llama,8,l2_logistic,0.001,P15,2778,new_successor_fit,True,5e1bf47a457558cbc0735bd8f9f13ca029cbf3a4,,,fits/98249e3df5d2ba3c224d28b0/fit.json,511af6d7aa9122e9c930130512fe33246e55be840afcfc273dca7b1c50325a0b,,False,atomic_retention_failed,0.9892319830023902,0.9833440042271743,,False
llama/P15/L08/l2_logistic/C=0.01,llama,8,l2_logistic,0.01,P15,2778,new_successor_fit,True,5e1bf47a457558cbc0735bd8f9f13ca029cbf3a4,,,fits/32d32003ab7e2299c65eace6/fit.json,6952fbb7c6470a53ae38db8b5e70a77f2e04ffda529ed31e0d353954de95d573,,True,,0.9969223078004655,0.9917389436072288,,False
llama/P15/L08/l2_logistic/C=0.1,llama,8,l2_logistic,0.1,P15,2778,new_successor_fit,True,5e1bf47a457558cbc0735bd8f9f13ca029cbf3a4,,,fits/43800eb4721dade3beffae6a/fit.json,b882b2de60863eb101285803caee724041bc4b1a97897a68a5fb175d7e436ac3,,True,,0.9993360308706588,0.997573556134143,,False
llama/P15/L08/l2_logistic/C=1,llama,8,l2_logistic,1.0,P15,2778,new_successor_fit,True,5e1bf47a457558cbc0735bd8f9f13ca029cbf3a4,,,fits/af1a6e065903a8a10e252509/fit.json,766b43228beef756748d4b8230fb996975627bf04c59f6791ead918c446802e9,,True,,0.999722695245981,0.9993502065957607,,False
llama/P15/L08/l2_logistic/C=10,llama,8,l2_logistic,10.0,P15,2778,new_successor_fit,True,5e1bf47a457558cbc0735bd8f9f13ca029cbf3a4,,,fits/314c45207cc1a42810628437/fit.json,37257d998ab9f04737dc59934e04d4fa752e14a351b689aefa0dd48732f99495,,True,,0.9997734693558719,0.999727294346614,,False
llama/P15/L08/difference_of_means,llama,8,difference_of_means,,P15,2778,new_successor_fit,True,5e1bf47a457558cbc0735bd8f9f13ca029cbf3a4,,,fits/ddadc2a8bf6a1fb213d0f1aa/fit.json,b358a697afa636d9fa3111c99354d60048e1d5441c3dc91c48768c12bb8a928d,,False,atomic_retention_failed,0.9682544642159696,0.9703633321348326,,False
llama/P15/L08/mass_mean_covariance,llama,8,mass_mean_covariance,,P15,2778,new_successor_fit,True,5e1bf47a457558cbc0735bd8f9f13ca029cbf3a4,,,fits/3c4b630c2c35fec9219c46aa/fit.json,38744a1bb3aa93daab97eab5ef1143f0c89a03f228d2193e9bb8b18ab553b999,,True,,0.9997617522535893,0.9989924088597777,,False
llama/P15/L08/burger_t_g,llama,8,burger_t_g,,P15,700,new_successor_fit,True,5e1bf47a457558cbc0735bd8f9f13ca029cbf3a4,,,fits/b44606e90db38244809475a4/fit.json,f3ee5d80816cc8c9c13ffecc8182bff02b2fbc24fcae4b05b60ca488f932289e,,False,atomic_retention_failed,0.9864940867690482,0.9859320594438546,,False
llama/P15/L08/ttpd,llama,8,ttpd,,P15,700,new_successor_fit,True,5e1bf47a457558cbc0735bd8f9f13ca029cbf3a4,,,fits/082097e76b6e64bdc3bd8e75/fit.json,1bed84fe07e802ee0dfad20f8896cd970bb3fdc67ea416144867fa8ca652f442,,False,atomic_retention_failed,0.991751159993126,0.994482965888427,,False
llama/P15/L08/r0,llama,8,r0,,P15,2778,exact_recoverability_reuse,True,3a5b7bb286876ff7bca4a57ddf2f337dc5d1733f,,llama_R0_L08,fits/383f0528dcd04cfd39249396/fit.json,62073768bd64b81c42ade85db57db5b18084bd6770b44e3ab46418f5bed40abe,,True,,0.9997070724429377,0.9997047728385737,,False
llama/P15/L09/l2_logistic/C=0.001,llama,9,l2_logistic,0.001,P15,2778,new_successor_fit,True,5e1bf47a457558cbc0735bd8f9f13ca029cbf3a4,,,fits/f9701678eab3ae1e94ea372f/fit.json,3c13d9bfb9b57309124b3e19ade8c00ff487f5cca2ffea0e02ea6e0e67378cba,,True,,0.9983205486728429,0.9974292112700853,,False
llama/P15/L09/l2_logistic/C=0.01,llama,9,l2_logistic,0.01,P15,2778,new_successor_fit,True,5e1bf47a457558cbc0735bd8f9f13ca029cbf3a4,,,fits/016929906f71535b5229db03/fit.json,be50e55b2a44a08218d2dd5be0156de31b8fe145dae000619ad0e0ad05938192,,True,,0.9996953553406552,0.9987557376192558,,False
llama/P15/L09/l2_logistic/C=0.1,llama,9,l2_logistic,0.1,P15,2778,new_successor_fit,True,5e1bf47a457558cbc0735bd8f9f13ca029cbf3a4,,,fits/2952c30f0cc7f9084ed08b2e/fit.json,1d6220a849ae0dd7770aa292283b4b67df7e078022d6fea4d93792a7d5e5743b,,True,,0.9999726600946742,0.9998663399420806,,False
llama/P15/L09/l2_logistic/C=1,llama,9,l2_logistic,1.0,P15,2778,new_successor_fit,True,5e1bf47a457558cbc0735bd8f9f13ca029cbf3a4,,,fits/6b51a44da04aa4ecf72bf2a2/fit.json,e0a1cd331d5d8f64918d0c2258225676ca9471f9d93ba872e8fc40a36c89ae60,,True,,0.9999882828977175,0.9999554466473602,,False
llama/P15/L09/l2_logistic/C=10,llama,9,l2_logistic,10.0,P15,2778,new_successor_fit,True,5e1bf47a457558cbc0735bd8f9f13ca029cbf3a4,,,fits/ac0b622ba0309883336c8b17/fit.json,0aaa7b699889e57a6e3da523f2cd2f08763893557bc64050c8a7496d6709e342,,True,,0.9999921885984784,1.0,,False
llama/P15/L09/difference_of_means,llama,9,difference_of_means,,P15,2778,new_successor_fit,True,5e1bf47a457558cbc0735bd8f9f13ca029cbf3a4,,,fits/238c529ab092f3f2c273867e/fit.json,739adf4bf753bbc307e54a3036c5c607864357c9d0dadcc28c172e0b97aad453,,False,atomic_retention_failed,0.9943015825899483,0.9940307641788774,,False
llama/P15/L09/mass_mean_covariance,llama,9,mass_mean_covariance,,P15,2778,new_successor_fit,True,5e1bf47a457558cbc0735bd8f9f13ca029cbf3a4,,,fits/c02885a81838c9bebddaa55f/fit.json,18a4667bffb731235e33f50f6e19e8d0c959b522c066809a03a68a10236c340c,,True,,1.0,1.0,,False
llama/P15/L09/burger_t_g,llama,9,burger_t_g,,P15,700,new_successor_fit,True,5e1bf47a457558cbc0735bd8f9f13ca029cbf3a4,,,fits/cf3e0b5426dbf6b148483693/fit.json,2f8802a1b6d5c4c592545cd517be78a8d656706d1476303abfcf7512762a3049,,True,,0.9972855379712228,0.9970055260661113,,False
llama/P15/L09/ttpd,llama,9,ttpd,,P15,700,new_successor_fit,True,5e1bf47a457558cbc0735bd8f9f13ca029cbf3a4,,,fits/1be4a6840e9814f7b62fe801/fit.json,4fa312045bdc7c3b8df460365bad94ac1dde88b13d0fc0cf933411b1890b9876,,True,,0.9989884235029449,0.9996913580246914,11;23;37,False
llama/P15/L09/r0,llama,9,r0,,P15,2778,exact_recoverability_reuse,True,3a5b7bb286876ff7bca4a57ddf2f337dc5d1733f,,llama_R0_L09,fits/fe7bd6a0f43f3f52d1a1fa5d/fit.json,dbd61d431a9af0df7ce52faec1f7da2fdb6a85f0367a05f0a486e49fea43bbf2,,True,,0.9999960942992392,1.0,,False
llama/P15/L10/l2_logistic/C=0.001,llama,10,l2_logistic,0.001,P15,2778,new_successor_fit,True,5e1bf47a457558cbc0735bd8f9f13ca029cbf3a4,,,fits/175149351fa3b20bccf566c3/fit.json,f1852b4e7156042fce0ef880b5d90f0f164291643f7566cf5bf4aa4b927c5525,,True,,0.9990743489196832,0.9969270652546447,,False
llama/P15/L10/l2_logistic/C=0.01,llama,10,l2_logistic,0.01,P15,2778,new_successor_fit,True,5e1bf47a457558cbc0735bd8f9f13ca029cbf3a4,,,fits/16c74328fa365ef0bfedcc07/fit.json,d5a8f41e1d16ef95f8cb4b3f2d9c0e76e9383d68ceafd0581f8a986bc6cbc79c,,True,,0.9998554890718493,0.9985426653355665,,False
llama/P15/L10/l2_logistic/C=0.1,llama,10,l2_logistic,0.1,P15,2778,new_successor_fit,True,5e1bf47a457558cbc0735bd8f9f13ca029cbf3a4,,,fits/ff25e9ec43b46df5418c934b/fit.json,ae4fd61606f8ecb15b98390517858c2c6a3a6faf1c7fb3265839906b3a30254c,,True,,1.0,1.0,,False
llama/P15/L10/l2_logistic/C=1,llama,10,l2_logistic,1.0,P15,2778,new_successor_fit,True,5e1bf47a457558cbc0735bd8f9f13ca029cbf3a4,,,fits/86cf1265bc399a3bc818461b/fit.json,da5f72f8ac849bcdd1bf8e7d28d6dec7f319ae2ef3d14d6cefa3db275902f9a3,,True,,1.0,1.0,,False
llama/P15/L10/l2_logistic/C=10,llama,10,l2_logistic,10.0,P15,2778,new_successor_fit,True,5e1bf47a457558cbc0735bd8f9f13ca029cbf3a4,,,fits/4b8b89afdf858c9a62a08fbd/fit.json,5c202d7f5249e5202738ef5c739a13cc238311f87acc68c3a8e8019f85719135,,True,,1.0,1.0,,False
llama/P15/L10/difference_of_means,llama,10,difference_of_means,,P15,2778,new_successor_fit,True,5e1bf47a457558cbc0735bd8f9f13ca029cbf3a4,,,fits/02ab604be015713fd3b9b98e/fit.json,4967346a7c642743c08eb4617266c8a7b61acdcafc55b38d0ffd957eb5356ed9,,True,,0.9952389507725476,0.9911321812842886,,False
llama/P15/L10/mass_mean_covariance,llama,10,mass_mean_covariance,,P15,2778,new_successor_fit,True,5e1bf47a457558cbc0735bd8f9f13ca029cbf3a4,,,fits/92ea5ff814cbe20d09a45ea9/fit.json,4f46fdec799adff8ef6f824f14bf09de0809e3b082966758345e73bbbed3a536,,True,,1.0,1.0,,False
llama/P15/L10/burger_t_g,llama,10,burger_t_g,,P15,700,new_successor_fit,True,5e1bf47a457558cbc0735bd8f9f13ca029cbf3a4,,,fits/9e1e775c0ff53bf61fcd1c28/fit.json,51a3071efaaa41757f3e79381c69c0474838a8ec2f8f96e1b4b7c6413e12cf67,,True,,0.9965551719289475,0.9937533055677339,,False
llama/P15/L10/ttpd,llama,10,ttpd,,P15,700,new_successor_fit,True,5e1bf47a457558cbc0735bd8f9f13ca029cbf3a4,,,fits/a08b29d6a08f0d121d1b96fd/fit.json,4ba82598fb0027a35a918fa4203dccb9a71763623a7c8f8467651bed277ea8e5,,True,,0.9995977128216345,0.9994479303317576,,False
llama/P15/L10/r0,llama,10,r0,,P15,2778,exact_recoverability_reuse,True,3a5b7bb286876ff7bca4a57ddf2f337dc5d1733f,,llama_R0_L10,fits/bef380865cd70307a9910c16/fit.json,6e95b3fa9dd602f1c7d99112b75d0906884c36caaf002e6e8f719343955a0b26,,True,,1.0,1.0,,False
llama/P15/L11/l2_logistic/C=0.001,llama,11,l2_logistic,0.001,P15,2778,new_successor_fit,True,5e1bf47a457558cbc0735bd8f9f13ca029cbf3a4,,,fits/f637867a3bc959bedb94d538/fit.json,803a9054d2396343362ea8d55e61d3b8930a9b1c4bf414960418aba183fc0d1f,,True,,0.9987697042603384,0.9972553617579519,,False
llama/P15/L11/l2_logistic/C=0.01,llama,11,l2_logistic,0.01,P15,2778,new_successor_fit,True,5e1bf47a457558cbc0735bd8f9f13ca029cbf3a4,,,fits/9dd316fb8d28e5a8dee5691e/fit.json,82e36279a677a914735eaceecfa15d0e9205adb7bea5ad4d47fd41f395ca010f,,True,,0.9998554890718493,0.9990295207214344,,False
llama/P15/L11/l2_logistic/C=0.1,llama,11,l2_logistic,0.1,P15,2778,new_successor_fit,True,5e1bf47a457558cbc0735bd8f9f13ca029cbf3a4,,,fits/81efe3d42d6032073fddc00e/fit.json,7c3d83a2a512b7c812ad27e50302b50ef8d4bb40e83305dc5e6856d0c1752d0b,,True,,1.0,1.0,,False
llama/P15/L11/l2_logistic/C=1,llama,11,l2_logistic,1.0,P15,2778,new_successor_fit,True,5e1bf47a457558cbc0735bd8f9f13ca029cbf3a4,,,fits/bb618f810374c4edeb86caa5/fit.json,391e9d5f492d43bef6456e45db10a12c4b0a65ead9aef5cb97cf981e85ffe09b,,True,,1.0,1.0,,False
llama/P15/L11/l2_logistic/C=10,llama,11,l2_logistic,10.0,P15,2778,new_successor_fit,True,5e1bf47a457558cbc0735bd8f9f13ca029cbf3a4,,,fits/989514344507e88852984e40/fit.json,510673960a07d5100d70542010b5a53faf89ea953ec2a7237dccce9ea1c266ac,,True,,1.0,1.0,,False
llama/P15/L11/difference_of_means,llama,11,difference_of_means,,P15,2778,new_successor_fit,True,5e1bf47a457558cbc0735bd8f9f13ca029cbf3a4,,,fits/10d38b6b6a43076692d7f678/fit.json,df9502c470536f0e198dae0f5faba98a387e5c08d35dd3c403e25ef8831bc76e,,False,atomic_retention_failed,0.991981596338015,0.9882256480679642,,False
llama/P15/L11/mass_mean_covariance,llama,11,mass_mean_covariance,,P15,2778,new_successor_fit,True,5e1bf47a457558cbc0735bd8f9f13ca029cbf3a4,,,fits/200f00a101b3260d59d3eda0/fit.json,2702437bbeecd9942d30a2d63530032bb205d27d10d11f199885e8cf6cf4c8ec,,True,,1.0,1.0,,False
llama/P15/L11/burger_t_g,llama,11,burger_t_g,,P15,700,new_successor_fit,True,5e1bf47a457558cbc0735bd8f9f13ca029cbf3a4,,,fits/f2bfdf93c6e87879255d0cb5/fit.json,b7093f8d98cef1fa302efe0a31d45f38c3bce4acce7bb8c458ae9eaf2b6c06cf,,False,atomic_retention_failed,0.9939656923245168,0.9931207421643741,,False
llama/P15/L11/ttpd,llama,11,ttpd,,P15,700,new_successor_fit,True,5e1bf47a457558cbc0735bd8f9f13ca029cbf3a4,,,fits/4111f72ddacaf044ed29bc85/fit.json,cc652572c08f189faf3990475c691ce4702325bd5a15871914602380e3a98181,,True,,0.9987423643550126,0.9989827152179906,,False
llama/P15/L11/r0,llama,11,r0,,P15,2778,exact_recoverability_reuse,True,3a5b7bb286876ff7bca4a57ddf2f337dc5d1733f,,llama_R0_L11,fits/811cfabac15d9182089d50a8/fit.json,2a2cdca63d0cf773dc23bcfabc48b9dee8782124d488473e348d0e8baafefda2,,True,,1.0,1.0,,False
llama/P15/L12/l2_logistic/C=0.001,llama,12,l2_logistic,0.001,P15,2778,new_successor_fit,True,5e1bf47a457558cbc0735bd8f9f13ca029cbf3a4,,,fits/8d0ad9e3c155db3612a59dbf/fit.json,becb7cf1affbe7bd398f51796d380f53a551d7ef89036539b952039b5e885c7e,,True,,0.9999492258901092,1.0,,False
llama/P15/L12/l2_logistic/C=0.01,llama,12,l2_logistic,0.01,P15,2778,new_successor_fit,True,5e1bf47a457558cbc0735bd8f9f13ca029cbf3a4,,,fits/e164ff0e5246542137a39aab/fit.json,ae48714be1ed10b31df4854ef9d3c12fda843615295784ff27440dac116e02b0,,True,,1.0,1.0,,False
llama/P15/L12/l2_logistic/C=0.1,llama,12,l2_logistic,0.1,P15,2778,new_successor_fit,True,5e1bf47a457558cbc0735bd8f9f13ca029cbf3a4,,,fits/aaa77ff9696968c58f6bbf3c/fit.json,6341dc42983c8afd0ebf6d11ec9a5212f0646d645a685b88a17a7ed6e45acb8e,,True,,1.0,1.0,,False
llama/P15/L12/l2_logistic/C=1,llama,12,l2_logistic,1.0,P15,2778,new_successor_fit,True,5e1bf47a457558cbc0735bd8f9f13ca029cbf3a4,,,fits/065f394c1cc1c41d4ba96f71/fit.json,d4de70cfb1df8328044d5a28d464f9b9804566c99fecc96f0855ddd665e810da,,True,,1.0,1.0,,False
llama/P15/L12/l2_logistic/C=10,llama,12,l2_logistic,10.0,P15,2778,new_successor_fit,True,5e1bf47a457558cbc0735bd8f9f13ca029cbf3a4,,,fits/6ac047d56af8402caf4754ea/fit.json,5c66c73c75a159268fa2fc6ae612919cb9097db0b3b956be8eccd011b64f705e,,True,,1.0,1.0,,False
llama/P15/L12/difference_of_means,llama,12,difference_of_means,,P15,2778,new_successor_fit,True,5e1bf47a457558cbc0735bd8f9f13ca029cbf3a4,,,fits/049bb1854178f8dca4a18e67/fit.json,389238784f6c04f74876bc223744d2b9f92142cfd5e0879d2f9a999ef4fba43c,,True,,0.9971136871377463,0.9974260179863264,,False
llama/P15/L12/mass_mean_covariance,llama,12,mass_mean_covariance,,P15,2778,new_successor_fit,True,5e1bf47a457558cbc0735bd8f9f13ca029cbf3a4,,,fits/5e3ccb3b7edfde75b631cf19/fit.json,3050ea5674627d8e8993f2f0cc119159e854e3dad4b5e1264a870b06418b0c7b,,True,,1.0,1.0,,False
llama/P15/L12/burger_t_g,llama,12,burger_t_g,,P15,700,new_successor_fit,True,5e1bf47a457558cbc0735bd8f9f13ca029cbf3a4,,,fits/6ae60438a39b4fbb93eaf8b7/fit.json,89da1ddb71487bea9045916199944cc01bda57847aba142c144a2a2f524606b8,,True,,0.9977776562670875,0.9987049235368402,,False
llama/P15/L12/ttpd,llama,12,ttpd,,P15,700,new_successor_fit,True,5e1bf47a457558cbc0735bd8f9f13ca029cbf3a4,,,fits/d6db31bfa9b443ec884e7448/fit.json,5bfe225138cb6e561221a696e73e53ddc8f8ca4bc9caf29dcc59e9ee139fa7f8,,True,,0.9996602040338077,0.9999108932947205,,False
llama/P15/L12/r0,llama,12,r0,,P15,2778,exact_recoverability_reuse,True,3a5b7bb286876ff7bca4a57ddf2f337dc5d1733f,,llama_R0_L12,fits/fea6e0b394388448543e1062/fit.json,e8551a99b874150996c94467d619f9d507acc25adbc3938cb01adc8a1b504afd,,True,,1.0,1.0,,False
llama/P15/L13/l2_logistic/C=0.001,llama,13,l2_logistic,0.001,P15,2778,new_successor_fit,True,5e1bf47a457558cbc0735bd8f9f13ca029cbf3a4,,,fits/1bbaeadf73f6ec734b5d5379/fit.json,b04dd86f6a5dee1dc1dbf7879a6720536278fc12d708e3e078ab9ec24b203e73,,True,,0.9998906403786968,0.9998663399420806,,False
llama/P15/L13/l2_logistic/C=0.01,llama,13,l2_logistic,0.01,P15,2778,new_successor_fit,True,5e1bf47a457558cbc0735bd8f9f13ca029cbf3a4,,,fits/6c514f1779ebb4ef3dfb143e/fit.json,9ab5eadf43a08a7f5cd628911d71425553fe20c4ea8063fa5e84d3f003662fed,,True,,1.0,1.0,,False
llama/P15/L13/l2_logistic/C=0.1,llama,13,l2_logistic,0.1,P15,2778,new_successor_fit,True,5e1bf47a457558cbc0735bd8f9f13ca029cbf3a4,,,fits/9a309c9f6dd5331175aef52c/fit.json,f1e4a84718c76270520aa4655c4984e42e530de0e292d428caddcdb15b917822,,True,,1.0,1.0,,False
llama/P15/L13/l2_logistic/C=1,llama,13,l2_logistic,1.0,P15,2778,new_successor_fit,True,5e1bf47a457558cbc0735bd8f9f13ca029cbf3a4,,,fits/ea45588a6f810bf327262236/fit.json,5bf8d7599d2eaf3a5a4cab3f8916203518d33b603e4d0a110b1765b8fb2d6798,,True,,1.0,1.0,,False
llama/P15/L13/l2_logistic/C=10,llama,13,l2_logistic,10.0,P15,2778,new_successor_fit,True,5e1bf47a457558cbc0735bd8f9f13ca029cbf3a4,,,fits/ca3dc3f72ac01d86e3af37aa/fit.json,5c22e4672c1e2432421a69286297dcd5843fa204d047a9b1c7f30c679f7eb674,,True,,1.0,1.0,,False
llama/P15/L13/difference_of_means,llama,13,difference_of_means,,P15,2778,new_successor_fit,True,5e1bf47a457558cbc0735bd8f9f13ca029cbf3a4,,,fits/aeaa66bb8c1df3df4fb754aa/fit.json,59b65acda455c5f97ce74f2b5167fa2cf274ced2a1df98bcf6092a3c4a07ac6a,,False,atomic_retention_failed,0.9915480635535627,0.9942475536779455,,False
llama/P15/L13/mass_mean_covariance,llama,13,mass_mean_covariance,,P15,2778,new_successor_fit,True,5e1bf47a457558cbc0735bd8f9f13ca029cbf3a4,,,fits/6c0cf06d1309e92c4e49aa1b/fit.json,cf94f62a6dea13d90aa230c079df62f0b5024d49bc3d699761923f776433057e,,True,,1.0,1.0,,False
llama/P15/L13/burger_t_g,llama,13,burger_t_g,,P15,700,new_successor_fit,True,5e1bf47a457558cbc0735bd8f9f13ca029cbf3a4,,,fits/c872e64aaab5f51e2bb08ae6/fit.json,33c08ea82b36f1126b8072295eb74d32df872982f1136894112c24e9b4ac33f8,,False,atomic_retention_failed,0.9931259666609383,0.9958212288611754,,False
llama/P15/L13/ttpd,llama,13,ttpd,,P15,700,new_successor_fit,True,5e1bf47a457558cbc0735bd8f9f13ca029cbf3a4,,,fits/a03566a47b544b77b979e07f/fit.json,0d0543a109adcd2d81df03ffb33940a5cbae3799122a508833a2c33a3f47ea31,,True,,0.9974847287100251,0.9977723323680106,,False
llama/P15/L13/r0,llama,13,r0,,P15,2778,exact_recoverability_reuse,True,3a5b7bb286876ff7bca4a57ddf2f337dc5d1733f,,llama_R0_L13,fits/cead9ca2c1cf3ace9992272b/fit.json,2b7deca2b6c5dd602ff10375183a2a1b364efa83762c9c1477d5fcfd5c36a97e,,True,,1.0,1.0,,False
llama/P15/L14/l2_logistic/C=0.001,llama,14,l2_logistic,0.001,P15,2778,new_successor_fit,True,5e1bf47a457558cbc0735bd8f9f13ca029cbf3a4,,,fits/2a5671edb0af913206f94910/fit.json,bd80b4e8135a6d42630279ed95ab8b8e61900c6deac1048a51535196ddd8aa56,,True,,0.9998281491665234,0.9996060426853557,,False
llama/P15/L14/l2_logistic/C=0.01,llama,14,l2_logistic,0.01,P15,2778,new_successor_fit,True,5e1bf47a457558cbc0735bd8f9f13ca029cbf3a4,,,fits/b505b6ab1bbb86737b2535fa/fit.json,3ed8b9dfd604b9936e63a9155b48f9f20abd335b57f77d217d02762edb439623,,True,,0.9999921885984784,0.9999554466473602,,False
llama/P15/L14/l2_logistic/C=0.1,llama,14,l2_logistic,0.1,P15,2778,new_successor_fit,True,5e1bf47a457558cbc0735bd8f9f13ca029cbf3a4,,,fits/ed1c30757e30f04a0a0e8598/fit.json,0850edc3ff983a89185cbec45c5de461dfbaa33d6520f633b051e517095af837,,True,,1.0,1.0,,False
llama/P15/L14/l2_logistic/C=1,llama,14,l2_logistic,1.0,P15,2778,new_successor_fit,True,5e1bf47a457558cbc0735bd8f9f13ca029cbf3a4,,,fits/a56789f07145ab61417fd4be/fit.json,52d778109f49e8007fe5425a6e1fd52096adc6bd19e99de45a8baaa3ac023289,,True,,1.0,1.0,,False
llama/P15/L14/l2_logistic/C=10,llama,14,l2_logistic,10.0,P15,2778,new_successor_fit,True,5e1bf47a457558cbc0735bd8f9f13ca029cbf3a4,,,fits/15a5f1468b8015a3a4c1faf5/fit.json,7304402bac95a7b46c098abac9f929804fc281287e0cebf8cd697529c0439744,,True,,1.0,1.0,,False
llama/P15/L14/difference_of_means,llama,14,difference_of_means,,P15,2778,new_successor_fit,True,5e1bf47a457558cbc0735bd8f9f13ca029cbf3a4,,,fits/7b6aedfbd30022a0ed79b04f/fit.json,4032e0c612b4afeb099709d4bcdc70515fe712c7e122d26c75d514d6919b70bb,,False,atomic_retention_failed,0.9862597447233983,0.9906956991932898,,False
llama/P15/L14/mass_mean_covariance,llama,14,mass_mean_covariance,,P15,2778,new_successor_fit,True,5e1bf47a457558cbc0735bd8f9f13ca029cbf3a4,,,fits/db257836327c780b5f778891/fit.json,13a8f3d0e8c0d8b225f1cc06ab647074b20811b30f6eaf999dd5e2b8e9118e97,,True,,1.0,1.0,,False
llama/P15/L14/burger_t_g,llama,14,burger_t_g,,P15,700,new_successor_fit,True,5e1bf47a457558cbc0735bd8f9f13ca029cbf3a4,,,fits/684e9250d7dfa33875493af3/fit.json,3b9d8b47f17842f27318417a2dfa86aa04dc5a1655d8dec3a17900e7081eac66,,False,atomic_retention_failed,0.988939055445328,0.9928763616316436,,False
llama/P15/L14/ttpd,llama,14,ttpd,,P15,700,new_successor_fit,True,5e1bf47a457558cbc0735bd8f9f13ca029cbf3a4,,,fits/ee77fda31f70aabe6ae9a7ce/fit.json,315916e84248a8848ab09adf1c1bf75c710a02a670386b2d5f95283854f3301b,,True,,0.9965395491259041,0.9957228781465804,,False
llama/P15/L14/r0,llama,14,r0,,P15,2778,exact_recoverability_reuse,True,3a5b7bb286876ff7bca4a57ddf2f337dc5d1733f,,llama_R0_L14,fits/dbe0cfdcc03d9489d870aefd/fit.json,2569db951fc259822c052cbb5fb4002eac754ee03ef1fd287f8c7b3853fff270,,True,,1.0,1.0,,False
llama/P15/L15/l2_logistic/C=0.001,llama,15,l2_logistic,0.001,P15,2778,new_successor_fit,True,5e1bf47a457558cbc0735bd8f9f13ca029cbf3a4,,,fits/772613b03f9edfcf9a3dffdd/fit.json,d9cb3c79815dc66090d97ce064d71d2ea0a93844e41519aa96fcb77f76c9c0fa,,True,,0.9995469387117437,0.9991229786654319,,False
llama/P15/L15/l2_logistic/C=0.01,llama,15,l2_logistic,0.01,P15,2778,new_successor_fit,True,5e1bf47a457558cbc0735bd8f9f13ca029cbf3a4,,,fits/e47e61583c8bd6fdc21ea40e/fit.json,fd1be1123526450b0852d20df876edd4f9b1c1d467ea253ee20718665d5334fb,,True,,0.9999921885984784,0.9999108932947205,,False
llama/P15/L15/l2_logistic/C=0.1,llama,15,l2_logistic,0.1,P15,2778,new_successor_fit,True,5e1bf47a457558cbc0735bd8f9f13ca029cbf3a4,,,fits/19c8bed4430d487e88073512/fit.json,4e26966d88580e47050202cb50a5648577a3c909cd5579c9bbb9a6cc4a914a85,,True,,1.0,1.0,,False
llama/P15/L15/l2_logistic/C=1,llama,15,l2_logistic,1.0,P15,2778,new_successor_fit,True,5e1bf47a457558cbc0735bd8f9f13ca029cbf3a4,,,fits/be3371bbfaf5b266945332ca/fit.json,d6df47d81ded3e19d3cfceeb9bfbff4e5b786aa338decd6b0763d1fecaaf2ae9,,True,,1.0,1.0,,False
llama/P15/L15/l2_logistic/C=10,llama,15,l2_logistic,10.0,P15,2778,exact_recoverability_reuse,True,3a5b7bb286876ff7bca4a57ddf2f337dc5d1733f,,llama_reduced_LR_L15,fits/f86613d6e26303ffdaaf17b9/fit.json,e4ad0a4de59aaf9e6f901e9767bd38e72d02f8c1f52559f28fc3261caf9ae17d,,True,,1.0,1.0,,False
llama/P15/L15/difference_of_means,llama,15,difference_of_means,,P15,2778,new_successor_fit,True,5e1bf47a457558cbc0735bd8f9f13ca029cbf3a4,,,fits/250af0fd2511008ea9ca1585/fit.json,6b9b9cad9cc591aee3d80fdf1ce9e7f46461523e495b35e0cc2d505bd846f9ef,,False,atomic_retention_failed,0.9665554843850084,0.97581022689406,,False
llama/P15/L15/mass_mean_covariance,llama,15,mass_mean_covariance,,P15,2778,new_successor_fit,True,5e1bf47a457558cbc0735bd8f9f13ca029cbf3a4,,,fits/51d52062277fa3f70f42dc53/fit.json,2fccd410334ffee3f90a5f6407492ca6eb87f646f9aaea9fd52537a325418eaf,,True,,1.0,1.0,,False
llama/P15/L15/burger_t_g,llama,15,burger_t_g,,P15,700,new_successor_fit,True,5e1bf47a457558cbc0735bd8f9f13ca029cbf3a4,,,fits/43428e091e9381f7e5910ab6/fit.json,196f9e7f590d294b5d8a5a62bdd1bc9176ee1f7bd14afcb2ae6f4e21c64a96ae,,False,atomic_retention_failed,0.9754761049227453,0.9830211079384672,,False
llama/P15/L15/ttpd,llama,15,ttpd,,P15,700,new_successor_fit,True,5e1bf47a457558cbc0735bd8f9f13ca029cbf3a4,,,fits/8e3c42f4f9a3f6eef002049f/fit.json,575daf58e32130f650df065ba272d8b37fbb6728f990736222ff5dbc25b90aaa,,False,atomic_retention_failed,0.9931220609601775,0.9903632293316837,,False
llama/P15/L15/r0,llama,15,r0,,P15,2778,exact_recoverability_reuse,True,3a5b7bb286876ff7bca4a57ddf2f337dc5d1733f,,llama_R0_L15,fits/7fc75f30140074a9a22fbbbe/fit.json,593488f91294edc59ce1b36739c71802acfed632da4ec0cd3fbacd1b4e46cace,,True,,1.0,1.0,,False
llama/P15/L16/l2_logistic/C=0.001,llama,16,l2_logistic,0.001,P15,2778,new_successor_fit,True,5e1bf47a457558cbc0735bd8f9f13ca029cbf3a4,,,fits/22de474d967bea292b2aeba0/fit.json,e929ff862689607c92f2074d7f3ff295bab26c2335a6eef7a053d263e9daae62,,True,,0.9994688246965271,0.9990268491010384,,False
llama/P15/L16/l2_logistic/C=0.01,llama,16,l2_logistic,0.01,P15,2778,new_successor_fit,True,5e1bf47a457558cbc0735bd8f9f13ca029cbf3a4,,,fits/356da1761bf2cd295afed754/fit.json,2c0c7633a1507d8301f02127ca72d436ec717f41c8728f5a29d4e2fc776c4622,,True,,0.9999921885984784,0.9999108932947205,,False
llama/P15/L16/l2_logistic/C=0.1,llama,16,l2_logistic,0.1,P15,2778,new_successor_fit,True,5e1bf47a457558cbc0735bd8f9f13ca029cbf3a4,,,fits/fe2270ee14992273826b28a1/fit.json,3951b34605fcbbd6f491b8005ccb27002ddb6a65d511b8e0fe15f8f2a2aed604,,True,,1.0,1.0,,False
llama/P15/L16/l2_logistic/C=1,llama,16,l2_logistic,1.0,P15,2778,new_successor_fit,True,5e1bf47a457558cbc0735bd8f9f13ca029cbf3a4,,,fits/bc0c115a8226e5423e73c4e1/fit.json,15357f1c607be767b92beb7a3eed1c024ef15842a6e02d3f77b9e368c2a70d7f,,True,,1.0,1.0,,False
llama/P15/L16/l2_logistic/C=10,llama,16,l2_logistic,10.0,P15,2778,new_successor_fit,True,5e1bf47a457558cbc0735bd8f9f13ca029cbf3a4,,,fits/0f0cd2a1554030da985e22da/fit.json,82d2e25d6267b1e4b93fbc9ecba5a7b76f42b6a2726239e680aad5db362b3cc1,,True,,1.0,1.0,,False
llama/P15/L16/difference_of_means,llama,16,difference_of_means,,P15,2778,new_successor_fit,True,5e1bf47a457558cbc0735bd8f9f13ca029cbf3a4,,,fits/4d5288fe4088f19d0f6e9a99/fit.json,7346d2e618e63c06e82a9c7f1f007c995ad8403cf7716c34df35d7c9900db020,,False,atomic_retention_failed,0.9607828586605008,0.9619963561085582,,False
llama/P15/L16/mass_mean_covariance,llama,16,mass_mean_covariance,,P15,2778,new_successor_fit,True,5e1bf47a457558cbc0735bd8f9f13ca029cbf3a4,,,fits/befe6433376510bbd9a5cd40/fit.json,cec4d6948f2f9ea5e99ae62ceea32c96de61da63c0520aaf08dfb9d90f069e5a,,True,,1.0,1.0,,False
llama/P15/L16/burger_t_g,llama,16,burger_t_g,,P15,700,new_successor_fit,True,5e1bf47a457558cbc0735bd8f9f13ca029cbf3a4,,,fits/68e3b6418dd1f19667a011d4/fit.json,c731c5b521b3fd5a08cb6547277a80426780d87a15cdd239688a8f09162c88b1,,False,atomic_retention_failed,0.9736990110765673,0.9739282423015567,,False
llama/P15/L16/ttpd,llama,16,ttpd,,P15,700,new_successor_fit,True,5e1bf47a457558cbc0735bd8f9f13ca029cbf3a4,,,fits/4c3624526366dac844931af7/fit.json,37d3a3ab47b6beef8e3f58d33e88d16d72cbf41f808fa134dcc70b33626552d5,,False,atomic_retention_failed,0.9931533065662641,0.9885344352321603,,False
llama/P15/L16/r0,llama,16,r0,,P15,2778,exact_recoverability_reuse,True,3a5b7bb286876ff7bca4a57ddf2f337dc5d1733f,,llama_R0_L16,fits/a5fe293577268b976377fbd8/fit.json,fdf893afccf6f4b61620cc56546a909219e4bf6730ea5777014cac937e4e6a45,,True,,1.0,1.0,,False
llama/P15/L17/l2_logistic/C=0.001,llama,17,l2_logistic,0.001,P15,2778,new_successor_fit,True,5e1bf47a457558cbc0735bd8f9f13ca029cbf3a4,,,fits/2a89455e822df780a0b5a7b1/fit.json,5bdc9d7a04adb3fbedccec05f258fee1718a0d327fe6f1328ddd00a28d202202,,True,,0.9991407458326172,0.9980536982020769,,False
llama/P15/L17/l2_logistic/C=0.01,llama,17,l2_logistic,0.01,P15,2778,new_successor_fit,True,5e1bf47a457558cbc0735bd8f9f13ca029cbf3a4,,,fits/2d9edbd7d8c12d4cd138d514/fit.json,c8cf07b8d4b56c50dc1028e6b289078ac34c7ab7930569def021b5d0ee615632,,True,,0.9999921885984784,0.9999108932947205,,False
llama/P15/L17/l2_logistic/C=0.1,llama,17,l2_logistic,0.1,P15,2778,new_successor_fit,True,5e1bf47a457558cbc0735bd8f9f13ca029cbf3a4,,,fits/45dc54493664168324a0dad3/fit.json,c2bee57802135e5be6ccdeeacdb028777987992602da41a561451dcbe3da7d55,,True,,1.0,1.0,,False
llama/P15/L17/l2_logistic/C=1,llama,17,l2_logistic,1.0,P15,2778,new_successor_fit,True,5e1bf47a457558cbc0735bd8f9f13ca029cbf3a4,,,fits/89f247d1faff74a36c484320/fit.json,ed61cae56a1a543e1161a061486d8842746ba5414c00bea4994af9b59f9819e6,,True,,1.0,1.0,,False
llama/P15/L17/l2_logistic/C=10,llama,17,l2_logistic,10.0,P15,2778,new_successor_fit,True,5e1bf47a457558cbc0735bd8f9f13ca029cbf3a4,,,fits/51c2d3b2785e87423e497c99/fit.json,aae9bc24ea14232571e94ff0cf0017beb5a524208b020ccd299994634a517ff1,,True,,1.0,1.0,,False
llama/P15/L17/difference_of_means,llama,17,difference_of_means,,P15,2778,new_successor_fit,True,5e1bf47a457558cbc0735bd8f9f13ca029cbf3a4,,,fits/5f0b9f215efed1e2e7c0b1a9/fit.json,07cb6b6b458ca68bba4f19b2ab11e12b6da828200661c8b12171a73b021cc4e4,,False,atomic_retention_failed,0.9586972144542174,0.9576191850090409,,False
llama/P15/L17/mass_mean_covariance,llama,17,mass_mean_covariance,,P15,2778,new_successor_fit,True,5e1bf47a457558cbc0735bd8f9f13ca029cbf3a4,,,fits/705e4e77fadf1e26daaa524e/fit.json,4dd1e70af62925681cf181c52dcfa63e5791d3eda14a5e1cddfdfd10b7e74ed8,,True,,1.0,1.0,,False
llama/P15/L17/burger_t_g,llama,17,burger_t_g,,P15,700,new_successor_fit,True,5e1bf47a457558cbc0735bd8f9f13ca029cbf3a4,,,fits/0bda5ff4d80dfba0e8b6e72b/fit.json,de17192607ae87e14ad98cbbfee1a9bf4c3eea1c6b791dbc4a9391999ec3e4a4,,False,atomic_retention_failed,0.9737146338796107,0.9700219526174436,,False
llama/P15/L17/ttpd,llama,17,ttpd,,P15,700,new_successor_fit,True,5e1bf47a457558cbc0735bd8f9f13ca029cbf3a4,,,fits/5d0b29a14fb3854356fcbaeb/fit.json,22fa39cf17fece187e1707db93db6fe5f37ec365cd302e17e4c4cf7a421a5baf,,False,atomic_retention_failed,0.9930751925510475,0.9887579580655015,,False
llama/P15/L17/r0,llama,17,r0,,P15,2778,exact_recoverability_reuse,True,3a5b7bb286876ff7bca4a57ddf2f337dc5d1733f,,llama_R0_L17,fits/abdc600711696e5595b4b9eb/fit.json,8ed83626cdb38b2a170dcf777c53da7d9091f6ac14340403fa125c09d804e8b3,,True,,1.0,1.0,,False
llama/P15/L18/l2_logistic/C=0.001,llama,18,l2_logistic,0.001,P15,2778,new_successor_fit,True,5e1bf47a457558cbc0735bd8f9f13ca029cbf3a4,,,fits/a072d640e4d6eca029d6d479/fit.json,bed04f9cdbb6fc5ac4c657c33bce1a621b9386a0971c52e39f6d52aeac2a2632,,True,,0.9991407458326172,0.9982133615928005,,False
llama/P15/L18/l2_logistic/C=0.01,llama,18,l2_logistic,0.01,P15,2778,new_successor_fit,True,5e1bf47a457558cbc0735bd8f9f13ca029cbf3a4,,,fits/2ffb747f087a1d8574d8258c/fit.json,d7576c8298b06a001e767dc1a34a4fc5e374e3f01d9b90aeef69df71c8b30bde,,True,,1.0,1.0,,False
llama/P15/L18/l2_logistic/C=0.1,llama,18,l2_logistic,0.1,P15,2778,new_successor_fit,True,5e1bf47a457558cbc0735bd8f9f13ca029cbf3a4,,,fits/b5aace829b94a9615f5abc40/fit.json,d5cf96825af19da6fa6ca268350c2e4276bc349d1613a921432d028d9e69edf8,,True,,1.0,1.0,,False
llama/P15/L18/l2_logistic/C=1,llama,18,l2_logistic,1.0,P15,2778,new_successor_fit,True,5e1bf47a457558cbc0735bd8f9f13ca029cbf3a4,,,fits/1d0dde4d6108b4eddd2d469c/fit.json,525cf1464fefd182fcef6b58be582d01104e85c5c4c2af9ffb0789fb936678fe,,True,,1.0,1.0,,False
llama/P15/L18/l2_logistic/C=10,llama,18,l2_logistic,10.0,P15,2778,new_successor_fit,True,5e1bf47a457558cbc0735bd8f9f13ca029cbf3a4,,,fits/e727cac62b2a0e312834b798/fit.json,7fbda0584cdfa34f891254435a68233236c6d70b0494b062b85815cb2dbf37ed,,True,,1.0,1.0,,True
llama/P15/L18/difference_of_means,llama,18,difference_of_means,,P15,2778,new_successor_fit,True,5e1bf47a457558cbc0735bd8f9f13ca029cbf3a4,,,fits/c31da24b0a58b673863d251e/fit.json,a6c9bd21b429c348a943023986fab37a3ff5f30790b364c9c2ce84ee897f04ea,,False,atomic_retention_failed,0.9561311690543517,0.9572946748427718,,False
llama/P15/L18/mass_mean_covariance,llama,18,mass_mean_covariance,,P15,2778,new_successor_fit,True,5e1bf47a457558cbc0735bd8f9f13ca029cbf3a4,,,fits/1946552cc12f401e63537057/fit.json,1b58b4c6bf425cb293fa2eae2c95caf4e8396c1847d96ea5ccfa8669a8e7a618,,True,,1.0,1.0,,False
llama/P15/L18/burger_t_g,llama,18,burger_t_g,,P15,700,new_successor_fit,True,5e1bf47a457558cbc0735bd8f9f13ca029cbf3a4,,,fits/f8ba46107c7f8cf1ce6a42ff/fit.json,0159abfca828542a40cf2097a933eeb679db03d62cd9cd3b381265fc09ac3943,,False,atomic_retention_failed,0.9727577371932072,0.9686300369080282,,False
llama/P15/L18/ttpd,llama,18,ttpd,,P15,700,new_successor_fit,True,5e1bf47a457558cbc0735bd8f9f13ca029cbf3a4,,,fits/db77619b727305527e2b5967/fit.json,33008f5e32eaa6a5a6f34c68d377537e4cda80e60c704f7fa89e08a91b722d26,,False,atomic_retention_failed,0.9925830742551829,0.9884401273647162,,False
llama/P15/L18/r0,llama,18,r0,,P15,2778,exact_recoverability_reuse,True,3a5b7bb286876ff7bca4a57ddf2f337dc5d1733f,,llama_R0_L18,fits/c8b540c580f3db421d6f0ec4/fit.json,0de09d72c53b4a34569cc06907f1dcc19f11023be9c41eb37bd48801053c5fc8,,True,,1.0,1.0,,False
llama/P15/L19/l2_logistic/C=0.001,llama,19,l2_logistic,0.001,P15,2778,new_successor_fit,True,5e1bf47a457558cbc0735bd8f9f13ca029cbf3a4,,,fits/c0eb91c5fd816e195b17740a/fit.json,3597ba263da6213c3e64a33bbe8b47ad349833f29481f52c50036c290ce656e0,,True,,0.9990704432189224,0.9977277790153709,,False
llama/P15/L19/l2_logistic/C=0.01,llama,19,l2_logistic,0.01,P15,2778,new_successor_fit,True,5e1bf47a457558cbc0735bd8f9f13ca029cbf3a4,,,fits/5948ba77b4bb51975c96672b/fit.json,c79bd4a01e425d66d4eeb83e5d5c2896f9ee12a88a2948f30c93f96e7eeaafe9,,True,,1.0,1.0,,False
llama/P15/L19/l2_logistic/C=0.1,llama,19,l2_logistic,0.1,P15,2778,new_successor_fit,True,5e1bf47a457558cbc0735bd8f9f13ca029cbf3a4,,,fits/9d6f95e20dee60e38582065d/fit.json,0241f59f9604965d645aefd3543f6c517fb3bab50a7a786f06afbbf749e3a95f,,True,,1.0,1.0,,False
llama/P15/L19/l2_logistic/C=1,llama,19,l2_logistic,1.0,P15,2778,new_successor_fit,True,5e1bf47a457558cbc0735bd8f9f13ca029cbf3a4,,,fits/c80695e5a9dc6a817ae8afbc/fit.json,97d9a68b45733a510e15de35734fb043768e7c2f67f1a3b302c3242c5e576cc1,,True,,1.0,1.0,,False
llama/P15/L19/l2_logistic/C=10,llama,19,l2_logistic,10.0,P15,2778,new_successor_fit,True,5e1bf47a457558cbc0735bd8f9f13ca029cbf3a4,,,fits/e8aa7e9c00a7b9d241af7f28/fit.json,639ecf2aecc37fb848bbe7bdc690498a7ee7d1374d9591554779f5c3c5b07eb3,,True,,1.0,1.0,,False
llama/P15/L19/difference_of_means,llama,19,difference_of_means,,P15,2778,new_successor_fit,True,5e1bf47a457558cbc0735bd8f9f13ca029cbf3a4,,,fits/6bbe8700a79ff30b308de77d/fit.json,e76fe3ed3eb0814587867f12b6be1c3be179a8e78ff4be18a4cf0a0c238004c6,,False,atomic_retention_failed,0.9573419362902091,0.9591814384836772,,False
llama/P15/L19/mass_mean_covariance,llama,19,mass_mean_covariance,,P15,2778,new_successor_fit,True,5e1bf47a457558cbc0735bd8f9f13ca029cbf3a4,,,fits/82f1285666d8a02c1f8f0085/fit.json,80841a2f97d9390902a0fac3921a541cd694d2fc19b37e60048bac399b2a8741,,True,,1.0,1.0,,False
llama/P15/L19/burger_t_g,llama,19,burger_t_g,,P15,700,new_successor_fit,True,5e1bf47a457558cbc0735bd8f9f13ca029cbf3a4,,,fits/1348e82de7a8d56163de8f62/fit.json,6578523bd9ca0f9e3d55211286283b33db715d88124dc6ee47c72c23a50da270,,False,atomic_retention_failed,0.9738903904138481,0.9663548616286265,,False
llama/P15/L19/ttpd,llama,19,ttpd,,P15,700,new_successor_fit,True,5e1bf47a457558cbc0735bd8f9f13ca029cbf3a4,,,fits/ec54a86ab0e91a59c495cfa4/fit.json,4f6dd976902f5caf97ac07baa14c644f1a092bff18639f075d92cafd315c8840,,False,atomic_retention_failed,0.9911028136668281,0.9838622676310411,,False
llama/P15/L19/r0,llama,19,r0,,P15,2778,exact_recoverability_reuse,True,3a5b7bb286876ff7bca4a57ddf2f337dc5d1733f,,llama_R0_L19,fits/efd90e97492f10edb813c065/fit.json,4ea2d84364d5825215d6b6945cc2e650580a750a042237b9b7727dba99962b80,,True,,1.0,1.0,,False
llama/P15/L20/l2_logistic/C=0.001,llama,20,l2_logistic,0.001,P15,2778,new_successor_fit,True,5e1bf47a457558cbc0735bd8f9f13ca029cbf3a4,,,fits/7110fd734bef1221a4ca2a19/fit.json,e7bba18caf101ab34940aee1fbbdf5f36c14630eb25cf39443561a16fc227f9e,,True,,0.9989845178021841,0.9980842058364893,,False
llama/P15/L20/l2_logistic/C=0.01,llama,20,l2_logistic,0.01,P15,2778,new_successor_fit,True,5e1bf47a457558cbc0735bd8f9f13ca029cbf3a4,,,fits/c45bab611e226b344b502afc/fit.json,ca283dc8a49e250c945cb300fe49bd1c8cad39907aa441fd8511a8fbfd2f1dc1,,True,,1.0,1.0,,False
llama/P15/L20/l2_logistic/C=0.1,llama,20,l2_logistic,0.1,P15,2778,new_successor_fit,True,5e1bf47a457558cbc0735bd8f9f13ca029cbf3a4,,,fits/946f90a3e900ea61f778a7ed/fit.json,2ecee166690722d16e9e553d4f25d133fd7b32e0f430c4121fda281feadd5a6b,,True,,1.0,1.0,,False
llama/P15/L20/l2_logistic/C=1,llama,20,l2_logistic,1.0,P15,2778,new_successor_fit,True,5e1bf47a457558cbc0735bd8f9f13ca029cbf3a4,,,fits/ad95da037a2233a5f2a14591/fit.json,432ce19258a3640bcdb7022f4d47a23796b73f6ced318314857159697ab818eb,,True,,1.0,1.0,,False
llama/P15/L20/l2_logistic/C=10,llama,20,l2_logistic,10.0,P15,2778,new_successor_fit,True,5e1bf47a457558cbc0735bd8f9f13ca029cbf3a4,,,fits/d7460b86ebb3fb2b857790b8/fit.json,935d93d005774775eb574405f0965672233f4ba36b45028ea0f67528990345b7,,True,,1.0,1.0,,False
llama/P15/L20/difference_of_means,llama,20,difference_of_means,,P15,2778,new_successor_fit,True,5e1bf47a457558cbc0735bd8f9f13ca029cbf3a4,,,fits/fd749fc4f86b5e4adea46d57/fit.json,f041c3260f4da859b39ebf44d008b1cce70a83fde36d308aec1e5611e568e482,,False,atomic_retention_failed,0.9566389101532597,0.9589269404558168,,False
llama/P15/L20/mass_mean_covariance,llama,20,mass_mean_covariance,,P15,2778,new_successor_fit,True,5e1bf47a457558cbc0735bd8f9f13ca029cbf3a4,,,fits/23f5766bfb248c0b920e7304/fit.json,2203ad58e52251c97e9eafea32c2ef0129938a2715d798d1b340c202660e5b63,,True,,1.0,1.0,,False
llama/P15/L20/burger_t_g,llama,20,burger_t_g,,P15,700,new_successor_fit,True,5e1bf47a457558cbc0735bd8f9f13ca029cbf3a4,,,fits/aba9f52f1f066920474f8009/fit.json,cfb10c4cbbcb8e06849ffd643f3aa0d39d31513e6829a9e20c0224c65ee3ef26,,False,atomic_retention_failed,0.9720078426471277,0.9645129693768555,,False
llama/P15/L20/ttpd,llama,20,ttpd,,P15,700,new_successor_fit,True,5e1bf47a457558cbc0735bd8f9f13ca029cbf3a4,,,fits/4baf63a4dbc76308b92ac174/fit.json,e5bcfc908adddf824b6523def136ca92bd22f2342f2ce32ad93ebaaba3562c43,,False,atomic_retention_failed,0.9889820181536971,0.982606320101618,,False
llama/P15/L20/r0,llama,20,r0,,P15,2778,exact_recoverability_reuse,True,3a5b7bb286876ff7bca4a57ddf2f337dc5d1733f,,llama_R0_L20,fits/8f0d6b34f8748a1aee8c0c5d/fit.json,ba871972b91b006b926eb0ba69dff1cb8ff59b58e2a449938c57457b8f922b27,,True,,1.0,1.0,,False
llama/P15/L21/l2_logistic/C=0.001,llama,21,l2_logistic,0.001,P15,2778,new_successor_fit,True,5e1bf47a457558cbc0735bd8f9f13ca029cbf3a4,,,fits/cdc6c95322b63c3a39ae745f/fit.json,aea4c7087796cc3b402095d27a5035f727bf7e838a25f9587afa255bfc7e7e04,,True,,0.9989103094877283,0.997913015285044,,False
llama/P15/L21/l2_logistic/C=0.01,llama,21,l2_logistic,0.01,P15,2778,new_successor_fit,True,5e1bf47a457558cbc0735bd8f9f13ca029cbf3a4,,,fits/8881e2a4b97df4ba0395eda7/fit.json,81daaa50b3ecec633736eb93359c8abd3380afae2ea12290cb0f95a81a0a71e4,,True,,1.0,1.0,,False
llama/P15/L21/l2_logistic/C=0.1,llama,21,l2_logistic,0.1,P15,2778,new_successor_fit,True,5e1bf47a457558cbc0735bd8f9f13ca029cbf3a4,,,fits/6b04c45359a474c6bad13d0a/fit.json,bf98cdc625e357e0e86c54392bb7094e8ff10e550cfdeac935dc0d9390036fcc,,True,,1.0,1.0,,False
llama/P15/L21/l2_logistic/C=1,llama,21,l2_logistic,1.0,P15,2778,new_successor_fit,True,5e1bf47a457558cbc0735bd8f9f13ca029cbf3a4,,,fits/b82be6404ebf5b1612c5a97d/fit.json,cf0693432779493176450b4ceaf3d7890915a84eb457a065733e73a71db87116,,True,,1.0,1.0,,False
llama/P15/L21/l2_logistic/C=10,llama,21,l2_logistic,10.0,P15,2778,new_successor_fit,True,5e1bf47a457558cbc0735bd8f9f13ca029cbf3a4,,,fits/c32578e21a2b448727ece73a/fit.json,524e30ecf2a2d8c811b8ded42fecdbae47f617ff1beee721076e2627c99c9980,,True,,1.0,1.0,,False
llama/P15/L21/difference_of_means,llama,21,difference_of_means,,P15,2778,new_successor_fit,True,5e1bf47a457558cbc0735bd8f9f13ca029cbf3a4,,,fits/760c44c07a71cf2ad355444b/fit.json,8493e254554a1646bd2ad8b1966e77652df445eebd6bfd912fc1d46de7b8cd2e,,False,atomic_retention_failed,0.9562873970847849,0.9577715917484323,,False
llama/P15/L21/mass_mean_covariance,llama,21,mass_mean_covariance,,P15,2778,new_successor_fit,True,5e1bf47a457558cbc0735bd8f9f13ca029cbf3a4,,,fits/0dcae746fea410b8e3b8adcb/fit.json,d7ea75fc89413f0b037d2bdc1cb3b139f3956e2a77108d51c0ec51c4ee89b9b3,,True,,1.0,1.0,,False
llama/P15/L21/burger_t_g,llama,21,burger_t_g,,P15,700,new_successor_fit,True,5e1bf47a457558cbc0735bd8f9f13ca029cbf3a4,,,fits/ef26d493c992eeee4e873780/fit.json,6b80244d0779c0fe0e92afd8d01c23cf59e62edef1763d80fd373da92abd0c50,,False,atomic_retention_failed,0.9709259635363777,0.964996395312566,,False
llama/P15/L21/ttpd,llama,21,ttpd,,P15,700,new_successor_fit,True,5e1bf47a457558cbc0735bd8f9f13ca029cbf3a4,,,fits/9f2b8ff942bfaabc6896d3a0/fit.json,38c4a50f78b4585fbdbe7dc1bf7341f6130ed855524d7abf79952757c7bdcfab,,False,atomic_retention_failed,0.9869744879626302,0.9836768894640032,,False
llama/P15/L21/r0,llama,21,r0,,P15,2778,exact_recoverability_reuse,True,3a5b7bb286876ff7bca4a57ddf2f337dc5d1733f,,llama_R0_L21,fits/908b7cf7100435487a5f57a3/fit.json,8f63b891602cb2068b5d0c8eb1ee846069bbf17a8333850faf56badd655f0f7d,,True,,1.0,1.0,,False
llama/P15/L22/l2_logistic/C=0.001,llama,22,l2_logistic,0.001,P15,2778,new_successor_fit,True,5e1bf47a457558cbc0735bd8f9f13ca029cbf3a4,,,fits/994fea1fe4ce1f9fd21c75f5/fit.json,aaf4a6324e1a19b92626bfd6b35e1ac0d7f61228b0b5b4a74cfc1d26d85539e5,,True,,0.9988829695824025,0.9979575686376837,,False
llama/P15/L22/l2_logistic/C=0.01,llama,22,l2_logistic,0.01,P15,2778,new_successor_fit,True,5e1bf47a457558cbc0735bd8f9f13ca029cbf3a4,,,fits/8befdd690e73f9b685172967/fit.json,708dc6e8ea4583a28df6b673073418f9240f302e2577bfa064a2725c8902d517,,True,,1.0,1.0,,False
llama/P15/L22/l2_logistic/C=0.1,llama,22,l2_logistic,0.1,P15,2778,new_successor_fit,True,5e1bf47a457558cbc0735bd8f9f13ca029cbf3a4,,,fits/6c31696015f76c7e8a7261e3/fit.json,2a62bc01fdde70116e17a889ab0c4a65ff051723c184cc2b848d4fda2b65c829,,True,,1.0,1.0,,False
llama/P15/L22/l2_logistic/C=1,llama,22,l2_logistic,1.0,P15,2778,new_successor_fit,True,5e1bf47a457558cbc0735bd8f9f13ca029cbf3a4,,,fits/964c54b4fc2bbf5b863a4e7a/fit.json,a333574c5efa51b515db7762bd102c52899b1bde7890148105c5ab33e818bca1,,True,,1.0,1.0,,False
llama/P15/L22/l2_logistic/C=10,llama,22,l2_logistic,10.0,P15,2778,new_successor_fit,True,5e1bf47a457558cbc0735bd8f9f13ca029cbf3a4,,,fits/6ce5a0151e5ff9b02119740a/fit.json,ce0139534b95ea0d0d0c0097a14edd80a8ecaee6a6611fb8f288dd4816a1ae44,,True,,1.0,1.0,,False
llama/P15/L22/difference_of_means,llama,22,difference_of_means,,P15,2778,new_successor_fit,True,5e1bf47a457558cbc0735bd8f9f13ca029cbf3a4,,,fits/5d6178b79061a82072659244/fit.json,5c4f62371592956c8301627546f36154bd1b27e41d922fd1487b24a9880d29c8,,False,atomic_retention_failed,0.9531862706806855,0.953204271654244,,False
llama/P15/L22/mass_mean_covariance,llama,22,mass_mean_covariance,,P15,2778,new_successor_fit,True,5e1bf47a457558cbc0735bd8f9f13ca029cbf3a4,,,fits/b1f3ac85456e58291c086c0e/fit.json,f6c4a3049f2d50d2cf8cd51b3c1717842a2a0fb91f9f4054388a4580a7a14ab6,,True,,1.0,1.0,,False
llama/P15/L22/burger_t_g,llama,22,burger_t_g,,P15,700,new_successor_fit,True,5e1bf47a457558cbc0735bd8f9f13ca029cbf3a4,,,fits/67ef6a26d30ccf7e9097c590/fit.json,31c3a47392618d52f818052d09ce01d4364881f02556da6bcce3ba82aff31289,,False,atomic_retention_failed,0.9698518958271493,0.9643059754152302,,False
llama/P15/L22/ttpd,llama,22,ttpd,,P15,700,new_successor_fit,True,5e1bf47a457558cbc0735bd8f9f13ca029cbf3a4,,,fits/0f8c2d45bf32c50828438720/fit.json,9e404c10da647161734ce5703bceb014ee3fcdefbc369e4de53b6b7a7c64c548,,False,atomic_retention_failed,0.9863495758408973,0.9844412804366375,,False
llama/P15/L22/r0,llama,22,r0,,P15,2778,exact_recoverability_reuse,True,3a5b7bb286876ff7bca4a57ddf2f337dc5d1733f,,llama_R0_L22,fits/e598a1cc145488e3e49904a2/fit.json,b3512a9bbf68e25a296c5b602b9313ce7abda45ff3aedefe02dec8278adf2254,,True,,1.0,1.0,,False
llama/P15/L23/l2_logistic/C=0.001,llama,23,l2_logistic,0.001,P15,2778,new_successor_fit,True,5e1bf47a457558cbc0735bd8f9f13ca029cbf3a4,,,fits/bc80cf7d8d9befe3f30aa258/fit.json,0121fd0591fe1a3c1bc11ddc2f892541eef3a5719f0fef22633900f47531fd18,,True,,0.9988361011732725,0.9975804808868304,,False
llama/P15/L23/l2_logistic/C=0.01,llama,23,l2_logistic,0.01,P15,2778,new_successor_fit,True,5e1bf47a457558cbc0735bd8f9f13ca029cbf3a4,,,fits/d2531ca7d2d3f78307155f5f/fit.json,ef7fffcee0f51c22c2db60845d1c08eb381d97d705b47911a7b392d755ca48cd,,True,,0.9999921885984784,0.9999554466473602,,False
llama/P15/L23/l2_logistic/C=0.1,llama,23,l2_logistic,0.1,P15,2778,new_successor_fit,True,5e1bf47a457558cbc0735bd8f9f13ca029cbf3a4,,,fits/e455dfbd134c5d16486d0280/fit.json,357f538bda56ba34c005a44c86abad70976763da6815c26201d2d5c8978986b3,,True,,1.0,1.0,,False
llama/P15/L23/l2_logistic/C=1,llama,23,l2_logistic,1.0,P15,2778,new_successor_fit,True,5e1bf47a457558cbc0735bd8f9f13ca029cbf3a4,,,fits/5f735fa6ec9308742fac4fa0/fit.json,80407a320aeb01757f8ea91cdf1d37d13c5aba50ad475f2636784468e0ca4b93,,True,,1.0,1.0,,False
llama/P15/L23/l2_logistic/C=10,llama,23,l2_logistic,10.0,P15,2778,new_successor_fit,True,5e1bf47a457558cbc0735bd8f9f13ca029cbf3a4,,,fits/c5bf2330881114ec5fe5eebb/fit.json,b44a9a2273553cd7832b84d0670187a7e08fad04c6f108f58453cbd2315150d5,,True,,1.0,1.0,,False
llama/P15/L23/difference_of_means,llama,23,difference_of_means,,P15,2778,new_successor_fit,True,5e1bf47a457558cbc0735bd8f9f13ca029cbf3a4,,,fits/8a4fbbf8005668aa1ddf39a7/fit.json,3023b86341ae6a23d495405fda7a72be59314b268b87f3a5cca993d4c68f2264,,False,atomic_retention_failed,0.9534596697339437,0.9506177086440575,,False
llama/P15/L23/mass_mean_covariance,llama,23,mass_mean_covariance,,P15,2778,new_successor_fit,True,5e1bf47a457558cbc0735bd8f9f13ca029cbf3a4,,,fits/ae0a724ac7376f000b4a594d/fit.json,9c7d60cfd55aac46fc076c75105b90c75219eda58de26b13fd00f329dede608a,,True,,0.9999921885984784,1.0,,False
llama/P15/L23/burger_t_g,llama,23,burger_t_g,,P15,700,new_successor_fit,True,5e1bf47a457558cbc0735bd8f9f13ca029cbf3a4,,,fits/b7a92b5ba04e87f5afde717f/fit.json,a0161bc8e65bdd72af032953dc848598f0da713571b4f1b274450a49258167af,,False,atomic_retention_failed,0.9698479901263884,0.9634464884586329,,False
llama/P15/L23/ttpd,llama,23,ttpd,,P15,700,new_successor_fit,True,5e1bf47a457558cbc0735bd8f9f13ca029cbf3a4,,,fits/c907144e13a0a59f19bedab0/fit.json,adeefc6be429a62802a9f332d8e6e8f88dd26a5b9c6c24f677713f37c70a7212,,False,atomic_retention_failed,0.9859551000640535,0.984845555581758,,False
llama/P15/L23/r0,llama,23,r0,,P15,2778,exact_recoverability_reuse,True,3a5b7bb286876ff7bca4a57ddf2f337dc5d1733f,,llama_R0_L23,fits/b9bf277c073fa7e68bef971e/fit.json,88d57272cfe7c26634872935ebf32c19e26405c517c0a4d96a1b6d1a6287fce3,,True,,1.0,1.0,,False
llama/P15/L24/l2_logistic/C=0.001,llama,24,l2_logistic,0.001,P15,2778,new_successor_fit,True,5e1bf47a457558cbc0735bd8f9f13ca029cbf3a4,,,fits/bc9b0311a480480de641b775/fit.json,220a66385d19a239fab6192cc37aa8d0c9892479a327f027705fa651e8dbd235,,True,,0.998894686684685,0.9977657171565033,,False
llama/P15/L24/l2_logistic/C=0.01,llama,24,l2_logistic,0.01,P15,2778,new_successor_fit,True,5e1bf47a457558cbc0735bd8f9f13ca029cbf3a4,,,fits/260f46a8bf6cb5f760a63ffb/fit.json,e89c589b4f9239b2c9804187f4da114bfcd574bbb573ae56c580ecef9a9ccadb,,True,,1.0,1.0,,False
llama/P15/L24/l2_logistic/C=0.1,llama,24,l2_logistic,0.1,P15,2778,new_successor_fit,True,5e1bf47a457558cbc0735bd8f9f13ca029cbf3a4,,,fits/fc198a577025fc9efa636df2/fit.json,9bbfc58782b0665081882b9723047cabf1be4382dd431ac06e9e8e0ac4d67581,,True,,1.0,1.0,,False
llama/P15/L24/l2_logistic/C=1,llama,24,l2_logistic,1.0,P15,2778,new_successor_fit,True,5e1bf47a457558cbc0735bd8f9f13ca029cbf3a4,,,fits/ab833584079e8bbeafa95fc1/fit.json,342e6679bed4eeab4a3aa0e83fd1a6c3ab9fdb32d2796691a5c32622c871a650,,True,,1.0,1.0,,False
llama/P15/L24/l2_logistic/C=10,llama,24,l2_logistic,10.0,P15,2778,new_successor_fit,True,5e1bf47a457558cbc0735bd8f9f13ca029cbf3a4,,,fits/9473b9d41e806705de3d3689/fit.json,8eb623c4e58ec9615839af1ace7e5df5aad3a7b433a465f60fc0ed7cfea58f1e,,True,,1.0,1.0,,False
llama/P15/L24/difference_of_means,llama,24,difference_of_means,,P15,2778,new_successor_fit,True,5e1bf47a457558cbc0735bd8f9f13ca029cbf3a4,,,fits/9e4563b373c3ccf9a5b8bbe0/fit.json,4f4b6beacaf678831bc45aadda1e58cf58811d6e99ddd96ba93c494c054b3323,,False,atomic_retention_failed,0.9521278257745005,0.9467446312604494,,False
llama/P15/L24/mass_mean_covariance,llama,24,mass_mean_covariance,,P15,2778,new_successor_fit,True,5e1bf47a457558cbc0735bd8f9f13ca029cbf3a4,,,fits/9500167b3e5c5685568c0e1e/fit.json,74fd0782e12162c87c3190043818f88362b75ffa342fcaae6c93bbb987efc385,,True,,0.9999921885984784,1.0,,False
llama/P15/L24/burger_t_g,llama,24,burger_t_g,,P15,700,new_successor_fit,True,5e1bf47a457558cbc0735bd8f9f13ca029cbf3a4,,,fits/80900717e42a35cb0bc83bea/fit.json,651d4bee4107e16da55d4f6a15c9eaeb2590b24f02fbc48a4906bbb52022f165,,False,atomic_retention_failed,0.9679263853520599,0.9591440815953238,,False
llama/P15/L24/ttpd,llama,24,ttpd,,P15,700,new_successor_fit,True,5e1bf47a457558cbc0735bd8f9f13ca029cbf3a4,,,fits/3f9b230eb7163749cdd0a9dc/fit.json,553b38974b47a68894c5cfbafd08ec4f59a3cd83a4671343b43e081be63be852,,False,atomic_retention_failed,0.9839788154790733,0.9814745911105092,,False
llama/P15/L24/r0,llama,24,r0,,P15,2778,exact_recoverability_reuse,True,3a5b7bb286876ff7bca4a57ddf2f337dc5d1733f,,llama_R0_L24,fits/c4f5c915f22b60fdac4adba2/fit.json,cc13a6f8093acaa4b5124c0657162789c3bd1388142f6920a07fa569c84b206d,,True,,1.0,1.0,,False
llama/P15/L25/l2_logistic/C=0.001,llama,25,l2_logistic,0.001,P15,2778,new_successor_fit,True,5e1bf47a457558cbc0735bd8f9f13ca029cbf3a4,,,fits/03bb3eb78aa4f3efc4e502a4/fit.json,f3ad6fdc76c3a69280ed752bacf0377bc4c058541607777ae8d3f083b5d4fb83,,True,,0.9990235748097924,0.9981151211185079,,False
llama/P15/L25/l2_logistic/C=0.01,llama,25,l2_logistic,0.01,P15,2778,new_successor_fit,True,5e1bf47a457558cbc0735bd8f9f13ca029cbf3a4,,,fits/eba381c78fc74a0e807f1a33/fit.json,a6eab52aa094870ed6060ad7e0ae84e5f2c3d5cef743545466c7bc1ceadbee5f,,True,,0.9999921885984784,0.9998456790123458,,False
llama/P15/L25/l2_logistic/C=0.1,llama,25,l2_logistic,0.1,P15,2778,new_successor_fit,True,5e1bf47a457558cbc0735bd8f9f13ca029cbf3a4,,,fits/b075417511576ea93baf1189/fit.json,d35b2b52d710acafc2c2a8d852e3bb7102450b67043ef0398c95024bb778f777,,True,,1.0,1.0,,False
llama/P15/L25/l2_logistic/C=1,llama,25,l2_logistic,1.0,P15,2778,new_successor_fit,True,5e1bf47a457558cbc0735bd8f9f13ca029cbf3a4,,,fits/bab6a05111f74008fec886e0/fit.json,51cf9447a8a0ac25bc5b389510abbdf5234f3eafcc60fd289a73a2321f8ceb17,,True,,1.0,1.0,,False
llama/P15/L25/l2_logistic/C=10,llama,25,l2_logistic,10.0,P15,2778,new_successor_fit,True,5e1bf47a457558cbc0735bd8f9f13ca029cbf3a4,,,fits/c5068dc23c3409a57a3dea6a/fit.json,52a3f168f19f350a802bc594e2ec53260be5f85012af1ae86c6b566278df0743,,True,,1.0,1.0,,False
llama/P15/L25/difference_of_means,llama,25,difference_of_means,,P15,2778,new_successor_fit,True,5e1bf47a457558cbc0735bd8f9f13ca029cbf3a4,,,fits/c8967fd59e0756e1fde87ecc/fit.json,20367a4bf8e233253a0b7579be65e73fbea2d1d78ecbd4234851be57d4a68bfa,,False,atomic_retention_failed,0.9485580152791013,0.9421151425229752,,False
llama/P15/L25/mass_mean_covariance,llama,25,mass_mean_covariance,,P15,2778,new_successor_fit,True,5e1bf47a457558cbc0735bd8f9f13ca029cbf3a4,,,fits/788efc4b9afd21f73f20a744/fit.json,a81c40d92f01cea50190f1ccc21cfe482258a4c53c54f1b16d17d53112f9938d,,True,,1.0,1.0,,False
llama/P15/L25/burger_t_g,llama,25,burger_t_g,,P15,700,new_successor_fit,True,5e1bf47a457558cbc0735bd8f9f13ca029cbf3a4,,,fits/a4ceb98666270d295141af4e/fit.json,c610638a3d050cb32892eea1ff4715fe3a3ebfd10bb953c7289a8f9969df5548,,False,atomic_retention_failed,0.9637511912387321,0.9532382928521972,,False
llama/P15/L25/ttpd,llama,25,ttpd,,P15,700,new_successor_fit,True,5e1bf47a457558cbc0735bd8f9f13ca029cbf3a4,,,fits/1c6f78ed091f292936d1927d/fit.json,2a83e40a251ffb0a17ff5626bacbaf2dd02eb47b854376bf72c5a9549ffc776a,,False,atomic_retention_failed,0.9812995047571436,0.9778990250700236,,False
llama/P15/L25/r0,llama,25,r0,,P15,2778,exact_recoverability_reuse,True,3a5b7bb286876ff7bca4a57ddf2f337dc5d1733f,,llama_R0_L25,fits/bb40f7921b93b73af1e09e27/fit.json,bd837adb1390539b6edd11dd43b70fb6d214d2fd31ea0701dde040230d188978,,True,,1.0,1.0,,False
llama/P15/L26/l2_logistic/C=0.001,llama,26,l2_logistic,0.001,P15,2778,new_successor_fit,True,5e1bf47a457558cbc0735bd8f9f13ca029cbf3a4,,,fits/6a67b8e14418dc04bc926bde/fit.json,e4518ef28d2fe35baa34a5d7b506d3f9a9b86c6ca9cd6e2a1cd18face2fd9de3,,True,,0.9991524629348998,0.9983378878817069,,False
llama/P15/L26/l2_logistic/C=0.01,llama,26,l2_logistic,0.01,P15,2778,new_successor_fit,True,5e1bf47a457558cbc0735bd8f9f13ca029cbf3a4,,,fits/59f0393b407423840dbc88ef/fit.json,0f9cfeb8176d731d10f982f8292fad31c7aec8669781e79f206abcaa0e7ec8cf,,True,,0.9999804714961958,0.9998456790123458,,False
llama/P15/L26/l2_logistic/C=0.1,llama,26,l2_logistic,0.1,P15,2778,new_successor_fit,True,5e1bf47a457558cbc0735bd8f9f13ca029cbf3a4,,,fits/7b385593441d58ce3a1c19d0/fit.json,8718327edc9baa4fc852da8b3b99e5e3ae6134d1d08c49b1a62ae2dfc82d0f60,,True,,0.9999921885984784,0.9998456790123458,,False
llama/P15/L26/l2_logistic/C=1,llama,26,l2_logistic,1.0,P15,2778,new_successor_fit,True,5e1bf47a457558cbc0735bd8f9f13ca029cbf3a4,,,fits/6ca740cbe8d59e0c973e24dc/fit.json,d6cf8fcf5742249d97e803393f54374d88273d2e0226c7d7a9f6ec58a437e391,,True,,1.0,1.0,,False
llama/P15/L26/l2_logistic/C=10,llama,26,l2_logistic,10.0,P15,2778,new_successor_fit,True,5e1bf47a457558cbc0735bd8f9f13ca029cbf3a4,,,fits/b748565757c152eebc4878a5/fit.json,e58f8619f671594574a75e8d1a38f5a655c7bc80182ed4ecb97651c3d144090e,,True,,1.0,1.0,,False
llama/P15/L26/difference_of_means,llama,26,difference_of_means,,P15,2778,new_successor_fit,True,5e1bf47a457558cbc0735bd8f9f13ca029cbf3a4,,,fits/93e7a232fc3796109dbf4e59/fit.json,c5dab86e3cd7401ca573c9d928785d3f20589c5480425bd3769176b84f818f2a,,False,atomic_retention_failed,0.9490306050711619,0.942193446794213,,False
llama/P15/L26/mass_mean_covariance,llama,26,mass_mean_covariance,,P15,2778,new_successor_fit,True,5e1bf47a457558cbc0735bd8f9f13ca029cbf3a4,,,fits/acf73e5d4b0d45651b4df8e1/fit.json,243f5b3ddd5b71f3082013b5b87c214d6ca81d3c9fc7c0636c70697a561e9a19,,True,,0.9999726600946742,0.9998456790123458,,False
llama/P15/L26/burger_t_g,llama,26,burger_t_g,,P15,700,new_successor_fit,True,5e1bf47a457558cbc0735bd8f9f13ca029cbf3a4,,,fits/b2b7a24aaddd703c5da286b8/fit.json,996c94d416cb726d811b8d59d54bbab61f1ad8172734de1149de21fcec7d3a47,,False,atomic_retention_failed,0.9644073489665516,0.951335017727604,,False
llama/P15/L26/ttpd,llama,26,ttpd,,P15,700,new_successor_fit,True,5e1bf47a457558cbc0735bd8f9f13ca029cbf3a4,,,fits/16dde23351f2bc1670c12e19/fit.json,bfbfacc31615334c0c3f9c4e82c54edb0fbd8c67c7b7dea5b10ca8d6d202bb2f,,False,atomic_retention_failed,0.9791669921417301,0.9730790097799078,,False
llama/P15/L26/r0,llama,26,r0,,P15,2778,exact_recoverability_reuse,True,3a5b7bb286876ff7bca4a57ddf2f337dc5d1733f,,llama_R0_L26,fits/98411cf53b547353469994d9/fit.json,67cda3dbfc0add2378487b55bf158948ba9b2de2f43a7cd7bf506326a9935dcc,,True,,0.9999960942992392,1.0,,False
llama/P15/L27/l2_logistic/C=0.001,llama,27,l2_logistic,0.001,P15,2778,new_successor_fit,True,5e1bf47a457558cbc0735bd8f9f13ca029cbf3a4,,,fits/6ad2a39c14abfc94067e6714/fit.json,35eabb0332d1be3a85a0a4b3dd073574e2c38d94d39fd512d5680832d4094926,,True,,0.999238388351638,0.9983824412343466,,False
llama/P15/L27/l2_logistic/C=0.01,llama,27,l2_logistic,0.01,P15,2778,new_successor_fit,True,5e1bf47a457558cbc0735bd8f9f13ca029cbf3a4,,,fits/578ef277ea4c53db9bbfb8a5/fit.json,c1b0b6c8cda83341f5b3b087c3f2f30658f4f0842bcd484c886db027c6052f19,,True,,0.999976565795435,0.9998456790123458,,False
llama/P15/L27/l2_logistic/C=0.1,llama,27,l2_logistic,0.1,P15,2778,new_successor_fit,True,5e1bf47a457558cbc0735bd8f9f13ca029cbf3a4,,,fits/689882676e1ea1930652e59d/fit.json,b79db4631521992e578386296d80c32c879e2bd5132df4115254026c7529a901,,True,,0.9999882828977175,0.9998456790123458,,False
llama/P15/L27/l2_logistic/C=1,llama,27,l2_logistic,1.0,P15,2778,new_successor_fit,True,5e1bf47a457558cbc0735bd8f9f13ca029cbf3a4,,,fits/b0d36b13525dd7d3a8cb2696/fit.json,84b6692a3a1927e0e658184d78c3b958229e2bf921edac34cc86b6ee658f59f8,,True,,0.9999960942992392,0.9998456790123458,,False
llama/P15/L27/l2_logistic/C=10,llama,27,l2_logistic,10.0,P15,2778,new_successor_fit,True,5e1bf47a457558cbc0735bd8f9f13ca029cbf3a4,,,fits/54168997a7336786e8724924/fit.json,49d6d1431386d992bc6c6488d5f99b3c3467152d5989aec33169d75fb35ead32,,True,,0.9999921885984784,0.9998456790123458,,False
llama/P15/L27/difference_of_means,llama,27,difference_of_means,,P15,2778,new_successor_fit,True,5e1bf47a457558cbc0735bd8f9f13ca029cbf3a4,,,fits/2a8a62d9f4f92bdd82990a79/fit.json,eda38e8634f5a63956248775152c3954024edcbc879c8307c808d27a9c4ef732,,False,atomic_retention_failed,0.9490891905825743,0.940241076164306,,False
llama/P15/L27/mass_mean_covariance,llama,27,mass_mean_covariance,,P15,2778,new_successor_fit,True,5e1bf47a457558cbc0735bd8f9f13ca029cbf3a4,,,fits/a1c42233f1c58def0fa658f8/fit.json,c3a912b2efb39aa02aced8422f449aca115664fa4818e0d5fb3fb0a3eb313eaf,,True,,0.9999375087878267,0.999499506543511,,False
llama/P15/L27/burger_t_g,llama,27,burger_t_g,,P15,700,new_successor_fit,True,5e1bf47a457558cbc0735bd8f9f13ca029cbf3a4,,,fits/60d88b7db71cba518ffa0aea/fit.json,d004aaa92446273e47079ccd8b4fd42e645efed1d9cd3c799b287b4ba4ee8099,,False,atomic_retention_failed,0.9642784608414442,0.9505057897605749,,False
llama/P15/L27/ttpd,llama,27,ttpd,,P15,700,new_successor_fit,True,5e1bf47a457558cbc0735bd8f9f13ca029cbf3a4,,,fits/93ff988543405a10f92d8bfa/fit.json,ebc94fbdf4573d9217290eec56a190f223ea7511e9c17cc167dd0673a2fe505c,,False,atomic_retention_failed,0.9795888078238998,0.9730766527915368,,False
llama/P15/L27/r0,llama,27,r0,,P15,2778,exact_recoverability_reuse,True,3a5b7bb286876ff7bca4a57ddf2f337dc5d1733f,,llama_R0_L27,fits/67fe4057c0cc64d660baf10f/fit.json,a576e4b4f49263de231b6ef89cc6ba0dfbf73c7a88b210fef224f811129f809f,,True,,0.9999882828977175,0.9998456790123458,,False
llama/P15/L28/l2_logistic/C=0.001,llama,28,l2_logistic,0.001,P15,2778,new_successor_fit,True,5e1bf47a457558cbc0735bd8f9f13ca029cbf3a4,,,fits/569589c0664fea65c147f461/fit.json,87cce8732db22f07efd210204a6437857f8dcde476d6f4096457ea5ca4b061e2,,True,,0.9994532018934837,0.9989170814660241,,False
llama/P15/L28/l2_logistic/C=0.01,llama,28,l2_logistic,0.01,P15,2778,new_successor_fit,True,5e1bf47a457558cbc0735bd8f9f13ca029cbf3a4,,,fits/ef8ea57737d12d6dfd153413/fit.json,4c0a7ccfd77a0c6a4cf6e3c95097db96b96235314630f6edede3bb0d42cb60d0,,True,,0.9999804714961958,0.9998456790123458,,False
llama/P15/L28/l2_logistic/C=0.1,llama,28,l2_logistic,0.1,P15,2778,new_successor_fit,True,5e1bf47a457558cbc0735bd8f9f13ca029cbf3a4,,,fits/1e7c484820a94a79731ed15c/fit.json,006c1b993f16b37420c888ac6b08591d01defca2bc34035adfe33fa50a6a2cf6,,True,,0.9999882828977175,0.9998456790123458,,False
llama/P15/L28/l2_logistic/C=1,llama,28,l2_logistic,1.0,P15,2778,new_successor_fit,True,5e1bf47a457558cbc0735bd8f9f13ca029cbf3a4,,,fits/b5cc4d7eca764983de3b154f/fit.json,17ca15574fc030c11d3cc0c9a995ca4a7613d469405eb8b789b6513ebf3527b5,,True,,0.9999921885984784,0.9998456790123458,,False
llama/P15/L28/l2_logistic/C=10,llama,28,l2_logistic,10.0,P15,2778,new_successor_fit,True,5e1bf47a457558cbc0735bd8f9f13ca029cbf3a4,,,fits/c866f4696d19a618256e5141/fit.json,74d0e03868e5695ca9586292bae50554b24c1056e46c0b7b2c42e72ae6d8bddc,,True,,0.9999960942992392,0.9998456790123458,,False
llama/P15/L28/difference_of_means,llama,28,difference_of_means,,P15,2778,new_successor_fit,True,5e1bf47a457558cbc0735bd8f9f13ca029cbf3a4,,,fits/4601e361961051f44bc0a747/fit.json,119ba265635076db7181ff42325fc5f85e3ed636104aa81114573ae825ae145f,,False,atomic_retention_failed,0.9500617100720211,0.9399998100226737,,False
llama/P15/L28/mass_mean_covariance,llama,28,mass_mean_covariance,,P15,2778,new_successor_fit,True,5e1bf47a457558cbc0735bd8f9f13ca029cbf3a4,,,fits/701c9b54df04730b2998614a/fit.json,2f1fc780975db4b1e6f0ee5c443edc8150f1279e1ced7e36e0bbd5a9927fdd2f,,True,,0.9999414144885875,0.999924939012948,,False
llama/P15/L28/burger_t_g,llama,28,burger_t_g,,P15,700,new_successor_fit,True,5e1bf47a457558cbc0735bd8f9f13ca029cbf3a4,,,fits/09af49f37e046d6de2f7d25d/fit.json,da5d6cc4b5a99db529ebd29c967b3666987f7a2014f7c704a872fa079e005a07,,False,atomic_retention_failed,0.9655204736833882,0.9514556705882781,,False
llama/P15/L28/ttpd,llama,28,ttpd,,P15,700,new_successor_fit,True,5e1bf47a457558cbc0735bd8f9f13ca029cbf3a4,,,fits/cd8b065361b0a829caff9e18/fit.json,0505c53118c584026c4add66a8c0a859057fc508f53a29355afc610e3956e542,,False,atomic_retention_failed,0.9810925026168195,0.9749709461332629,,False
llama/P15/L28/r0,llama,28,r0,,P15,2778,exact_recoverability_reuse,True,3a5b7bb286876ff7bca4a57ddf2f337dc5d1733f,,llama_R0_L28,fits/91bcba96831514220bede93c/fit.json,3d68016a27674eed4ba0f137eabad94ac8251348f049c6042ba26fbdbf823b22,,True,,0.9999921885984784,0.9998456790123458,,False
llama/P15/L29/l2_logistic/C=0.001,llama,29,l2_logistic,0.001,P15,2778,new_successor_fit,True,5e1bf47a457558cbc0735bd8f9f13ca029cbf3a4,,,fits/7339db018d46ddfe2caf31aa/fit.json,46154865e97a90a68ad6388e8cbf20696001dad371e218083eb62be4847e08c5,,True,,0.9994727303972879,0.9986497613501853,,False
llama/P15/L29/l2_logistic/C=0.01,llama,29,l2_logistic,0.01,P15,2778,new_successor_fit,True,5e1bf47a457558cbc0735bd8f9f13ca029cbf3a4,,,fits/663d4ba5132014134131316b/fit.json,6e5e68ed4082a1522421fc5f253eae5c1a7efee3dd9652fe54fbd0773a9618be,,True,,0.9999609429923917,0.9998456790123458,,False
llama/P15/L29/l2_logistic/C=0.1,llama,29,l2_logistic,0.1,P15,2778,new_successor_fit,True,5e1bf47a457558cbc0735bd8f9f13ca029cbf3a4,,,fits/f3efbdd964b6c597c80c7a83/fit.json,0cebe1ce9e371de8d22ec1f76b9f344af39af801f79da5d37f5d270bea360485,,True,,0.9999882828977175,0.9998456790123458,,False
llama/P15/L29/l2_logistic/C=1,llama,29,l2_logistic,1.0,P15,2778,new_successor_fit,True,5e1bf47a457558cbc0735bd8f9f13ca029cbf3a4,,,fits/052cbec9c19d720d5bb8d26a/fit.json,0b14ad0faccae94890ef89ecdec373e2ad79abb0193857e3e0d58ced331146e6,,True,,0.9999921885984784,0.9998456790123458,,False
llama/P15/L29/l2_logistic/C=10,llama,29,l2_logistic,10.0,P15,2778,new_successor_fit,True,5e1bf47a457558cbc0735bd8f9f13ca029cbf3a4,,,fits/f93f9c16da17c6994c23a51c/fit.json,7c565a1dad7245a66499ee92246d897dfc0bc8ae6ae8255994d6db699baf0ace,,True,,0.9999921885984784,0.9998456790123458,,False
llama/P15/L29/difference_of_means,llama,29,difference_of_means,,P15,2778,new_successor_fit,True,5e1bf47a457558cbc0735bd8f9f13ca029cbf3a4,,,fits/03e45ead94e6a4cefd5ef32c/fit.json,cb6b1c4bce9f40b6d09ed674a55501a962f0013a077d6f00e1d51542ad38a5e7,,False,atomic_retention_failed,0.9492141730069209,0.9380190612368645,,False
llama/P15/L29/mass_mean_covariance,llama,29,mass_mean_covariance,,P15,2778,new_successor_fit,True,5e1bf47a457558cbc0735bd8f9f13ca029cbf3a4,,,fits/2610d2ea4f079b5975f7341d/fit.json,7882aa2660e3825db13977930c49b5a97adba5d9d7a83b02d7b1af9f9f50c914,,True,,0.9990235748097924,0.9984987802589604,,False
llama/P15/L29/burger_t_g,llama,29,burger_t_g,,P15,700,new_successor_fit,True,5e1bf47a457558cbc0735bd8f9f13ca029cbf3a4,,,fits/7701d2d6d942bf7a2d5f6840/fit.json,3bb16c5089df13007d15ec1aa4997e201accdd90e68b3505e47f7ba9bb9d47c0,,False,atomic_retention_failed,0.9646885594213314,0.9479878878864334,,False
llama/P15/L29/ttpd,llama,29,ttpd,,P15,700,new_successor_fit,True,5e1bf47a457558cbc0735bd8f9f13ca029cbf3a4,,,fits/017211c2afbc21dcfd799c78/fit.json,4e62bf9f6914e7905a586693ddb8807d4770b43c12bc5dbb991b266f9de11787,,False,atomic_retention_failed,0.977784374072396,0.9695853118667429,,False
llama/P15/L29/r0,llama,29,r0,,P15,2778,exact_recoverability_reuse,True,3a5b7bb286876ff7bca4a57ddf2f337dc5d1733f,,llama_R0_L29,fits/fc7686b5f3c99f72a8e1791c/fit.json,94bfc8ebd8d7b2b285b7f59ea235cc1c2be2e9e49696acf8b68085d4e9e85b8b,,True,,0.9999804714961958,0.9998456790123458,,False
llama/P15/L30/l2_logistic/C=0.001,llama,30,l2_logistic,0.001,P15,2778,new_successor_fit,True,5e1bf47a457558cbc0735bd8f9f13ca029cbf3a4,,,fits/dabbb02731eb0d653249d0b6/fit.json,11137fc4835ef9d7212c3651dcdecfac3a392d21f5f1602c87f97bc5e1bae865,,True,,0.999562561514787,0.9992267027836984,,False
llama/P15/L30/l2_logistic/C=0.01,llama,30,l2_logistic,0.01,P15,2778,new_successor_fit,True,5e1bf47a457558cbc0735bd8f9f13ca029cbf3a4,,,fits/b6195bb4f1745e6dbe3b8c91/fit.json,a9d7c9e196ef6aa0497969b9b0f89d20498282c1f5f4a56a947fa840fc6025b0,,True,,0.9999492258901092,0.999801125659706,,False
llama/P15/L30/l2_logistic/C=0.1,llama,30,l2_logistic,0.1,P15,2778,new_successor_fit,True,5e1bf47a457558cbc0735bd8f9f13ca029cbf3a4,,,fits/7b1f194d309cef8bfb13d4ab/fit.json,b7d888807cb145cdc2c63b2065cb2423cacbd6d313c4cb5ef15f8692b1b67926,,True,,0.999976565795435,0.9998456790123458,,False
llama/P15/L30/l2_logistic/C=1,llama,30,l2_logistic,1.0,P15,2778,new_successor_fit,True,5e1bf47a457558cbc0735bd8f9f13ca029cbf3a4,,,fits/a2bcd0f513db3467c253377f/fit.json,cee0e57ac28b2d17329c3fd737e4966d65f23cee11502f6f69a069ffa36bb28c,,True,,0.9999726600946742,0.9998456790123458,,False
llama/P15/L30/l2_logistic/C=10,llama,30,l2_logistic,10.0,P15,2778,new_successor_fit,True,5e1bf47a457558cbc0735bd8f9f13ca029cbf3a4,,,fits/9fab69dd628e0ac8ad37a5d4/fit.json,74cb3f99d52f85342931c16f3336703f33229b2f4f881b9854f1ed0944565e1e,,True,,0.9999648486931525,0.9998456790123458,,False
llama/P15/L30/difference_of_means,llama,30,difference_of_means,,P15,2778,new_successor_fit,True,5e1bf47a457558cbc0735bd8f9f13ca029cbf3a4,,,fits/95bcd9ac9e51bbba7ef4f664/fit.json,20ccef01676928c36a427026b42560e9486b25c1fd5716d3272aa5d37987d7e5,,False,atomic_retention_failed,0.9477885922292177,0.9394849038568106,,False
llama/P15/L30/mass_mean_covariance,llama,30,mass_mean_covariance,,P15,2778,new_successor_fit,True,5e1bf47a457558cbc0735bd8f9f13ca029cbf3a4,,,fits/0540db49eefd95fe776f58a1/fit.json,6cde4dfb1f55fec9289b9ccfa30ebeda437e81d779ef85e932111663bab6694d,,True,,0.9997187895452202,0.9990647872421711,,False
llama/P15/L30/burger_t_g,llama,30,burger_t_g,,P15,700,new_successor_fit,True,5e1bf47a457558cbc0735bd8f9f13ca029cbf3a4,,,fits/1720f956f74ddce513aab3f1/fit.json,2727e6f0a96c0fd245a6f50aefdb8649d4720417f67f6fefd0366f9968994adf,,False,atomic_retention_failed,0.9612163914449531,0.9477162420706495,,False
llama/P15/L30/ttpd,llama,30,ttpd,,P15,700,new_successor_fit,True,5e1bf47a457558cbc0735bd8f9f13ca029cbf3a4,,,fits/c840195c3499af21a9a28f55/fit.json,53951c37f8bd3f69128f7d15ac647b8e1ed242c3c9624d7ee9622eee2de35197,,False,atomic_retention_failed,0.9782452467621741,0.9719700336750634,,False
llama/P15/L30/r0,llama,30,r0,,P15,2778,exact_recoverability_reuse,True,3a5b7bb286876ff7bca4a57ddf2f337dc5d1733f,,llama_R0_L30,fits/0fa4433fe19c65e54b484262/fit.json,2ed8495b97a9eeba2a6ef58ab3f9767d09857beaca0cc7c299fc739f6bed1c37,,True,,0.9999687543939133,0.9998456790123458,,False
llama/P15/L31/l2_logistic/C=0.001,llama,31,l2_logistic,0.001,P15,2778,new_successor_fit,True,5e1bf47a457558cbc0735bd8f9f13ca029cbf3a4,,,fits/40bbef02f6700469e22d600c/fit.json,1fa213b07074f38d59725cee2403d1307a9c51419d21b653999123c75a34dec5,,True,,0.9997578465528285,0.9998973803898963,,False
llama/P15/L31/l2_logistic/C=0.01,llama,31,l2_logistic,0.01,P15,2778,new_successor_fit,True,5e1bf47a457558cbc0735bd8f9f13ca029cbf3a4,,,fits/b12ab2b15679ccbcadc32ffb/fit.json,d689faa805b518d3c935952c6db7398076642946f1aedf0a74da2e4ab0f6284b,,True,,0.9999687543939133,1.0,,False
llama/P15/L31/l2_logistic/C=0.1,llama,31,l2_logistic,0.1,P15,2778,new_successor_fit,True,5e1bf47a457558cbc0735bd8f9f13ca029cbf3a4,,,fits/a4d80f81e2933273c9edb5c5/fit.json,5ef4662f69810113f0b12edc5b31294034ba999828b95881b64d175d870af46a,,True,,0.9999804714961958,1.0,,False
llama/P15/L31/l2_logistic/C=1,llama,31,l2_logistic,1.0,P15,2778,new_successor_fit,True,5e1bf47a457558cbc0735bd8f9f13ca029cbf3a4,,,fits/895ee7415ee52e6a31df3285/fit.json,f1f067b508f38ae2cc98c518449ac63fe6ce72c368b259b09fd06442f0ae3aad,,True,,0.9999843771969567,1.0,,False
llama/P15/L31/l2_logistic/C=10,llama,31,l2_logistic,10.0,P15,2778,new_successor_fit,True,5e1bf47a457558cbc0735bd8f9f13ca029cbf3a4,,,fits/c597ba235e73992a4cb1eb00/fit.json,57ef2877b955635cbe7e829d72e6bb524f82f709632c08e7ab5c285b91afb35f,,True,,0.9999882828977175,1.0,,False
llama/P15/L31/difference_of_means,llama,31,difference_of_means,,P15,2778,new_successor_fit,True,5e1bf47a457558cbc0735bd8f9f13ca029cbf3a4,,,fits/6d4700b50a6860bdb04cb98b/fit.json,ff549949493018c50ed3238a4daaff667abb4f0bbcc44f2780cffbd2b0a78041,,False,atomic_retention_failed,0.9344818697370683,0.9319011259800307,,False
llama/P15/L31/mass_mean_covariance,llama,31,mass_mean_covariance,,P15,2778,new_successor_fit,True,5e1bf47a457558cbc0735bd8f9f13ca029cbf3a4,,,fits/c0ea38b6a73e93ed512731df/fit.json,d639fe968611e37507f133d213a681dfbb2b928062b60fba1a7508eb0094f1e6,,True,,0.996496586417535,0.9922480386473342,,False
llama/P15/L31/burger_t_g,llama,31,burger_t_g,,P15,700,new_successor_fit,True,5e1bf47a457558cbc0735bd8f9f13ca029cbf3a4,,,fits/bdd7c2849f03e0dbc99e803e/fit.json,393e31b04a34216e31e26e7b11b683d2d6726edd5ce37cc95408ccfd8483860d,,False,atomic_retention_failed,0.9531433079723164,0.9482168670685761,,False
llama/P15/L31/ttpd,llama,31,ttpd,,P15,700,new_successor_fit,True,5e1bf47a457558cbc0735bd8f9f13ca029cbf3a4,,,fits/0bc8062ce2bd24885443d6a7/fit.json,df16c2547949491045c11fc5e08851bf6b597306f5dd541089ff08497c69dc10,,False,atomic_retention_failed,0.9795263166117265,0.9751569429852609,,False
llama/P15/L31/r0,llama,31,r0,,P15,2778,exact_recoverability_reuse,True,3a5b7bb286876ff7bca4a57ddf2f337dc5d1733f,,llama_R0_L31,fits/216b337ca07170b79f9d15d1/fit.json,a023f13c73ac5f149468c88489b018cf65717380a9e68a75b645873c9ea02646,,True,,0.999976565795435,0.9998456790123458,,False
qwen/P15/L00/l2_logistic/C=0.001,qwen,0,l2_logistic,0.001,P15,2778,imported_valid_without_refit,True,b25581ca9c22d93c8c988c93c0c5491219d6cfec,b06598ca02d12a35e852aa797bb9f49e31601ae11f8949f268790ab519daf057,,fits/d3a852ceed40a94c6586df77/fit.json,ccccc9289cdd7c9e722d0a550442e90467ce14be9e5431f44f122a800d299c1c,,False,atomic_retention_failed,0.5058116827321157,0.5227922730207235,,False
qwen/P15/L00/l2_logistic/C=0.01,qwen,0,l2_logistic,0.01,P15,2778,imported_valid_without_refit,True,b25581ca9c22d93c8c988c93c0c5491219d6cfec,88d7bd882204f1382f123e30509daae9912b2ebab2322dd113e214b4d1e96992,,fits/c1b589269114bc4bb94ed35e/fit.json,619751aeb4558330a6d5ad8c748402c318f9154527c18fed64774a3bdb9730af,,False,atomic_retention_failed,0.5309292443250168,0.5273245334789769,,False
qwen/P15/L00/l2_logistic/C=0.1,qwen,0,l2_logistic,0.1,P15,2778,imported_valid_without_refit,True,b25581ca9c22d93c8c988c93c0c5491219d6cfec,43e7b967da43dd8b1df4836c617d7fc9b5266e277016c545224cacbb9a50a3ee,,fits/6f6e1792a381f214c2a1de40/fit.json,6e953b125cee8bafd672f6986a98f69f85b7c7ddbf1f7c48e9bccf0298320c29,,False,atomic_retention_failed,0.537354122076583,0.543760410766011,,False
qwen/P15/L00/l2_logistic/C=1,qwen,0,l2_logistic,1.0,P15,2778,imported_valid_without_refit,True,b25581ca9c22d93c8c988c93c0c5491219d6cfec,875a2ab36a30d6ab81f655f3e716edd5128cd14c8fecb1aa116673a25ea6ceff,,fits/942d91fc86d78a38f2a7aff1/fit.json,90c3b478712610f68c68893d3edceb577d6344a562b85fa3aae836bf4ace7f5b,,False,atomic_retention_failed,0.5542111265603274,0.574548127811305,,False
qwen/P15/L00/l2_logistic/C=10,qwen,0,l2_logistic,10.0,P15,2778,imported_valid_without_refit,True,b25581ca9c22d93c8c988c93c0c5491219d6cfec,f4997ab38611f53003253490a380ccbccbce93e37e3771100e572eeac11f729a,,fits/757f53035f8d656efb6fa7e1/fit.json,6052217662abeb001f8050d6bcd1d9e71d261195d62cc296165fc2ff808c86b9,,False,atomic_retention_failed,0.5489892046430971,0.5766867489476366,,False
qwen/P15/L00/difference_of_means,qwen,0,difference_of_means,,P15,2778,imported_valid_without_refit,True,b25581ca9c22d93c8c988c93c0c5491219d6cfec,a84dace93cad2a7d52d83ad5115faeb1b3a0d745cc282d2afec31d89fa250751,,fits/0ffef3c52bc1c1b3ba5a06cc/fit.json,7b2f933d94535bd98d57ea933c74538161b4c96e2e16c2a462e4985bd4a9db48,,False,atomic_retention_failed,0.501152181724445,0.5117149311377575,,False
qwen/P15/L00/mass_mean_covariance,qwen,0,mass_mean_covariance,,P15,2778,imported_valid_without_refit,True,b25581ca9c22d93c8c988c93c0c5491219d6cfec,d2578a4baba0d0e12808c0c7168c69d0e7efc968e440f38c8f3dc154e21223bb,,fits/17ba28b3b9fb15809ebbb1a4/fit.json,1394f98ae71727f4536dc993f95fe932ab697f46ff7c51d9efa3e55c85b12587,,False,atomic_retention_failed,0.5467824837132278,0.5501111954381489,,False
qwen/P15/L00/burger_t_g,qwen,0,burger_t_g,,P15,700,imported_valid_without_refit,True,b25581ca9c22d93c8c988c93c0c5491219d6cfec,8c6934f3c6da8284b7ea4b82a52a7193c4e4231497ae994f8a485d3a580df6cb,,fits/4f11c587cfd11a55c2c9dada/fit.json,50fa6e929fd352d96ad9216c005287b5c070d69ddcf5e78c59d043021710fbee,,False,atomic_retention_failed,0.5010701620084675,0.5299076914955896,,False
qwen/P15/L00/ttpd,qwen,0,ttpd,,P15,700,imported_valid_without_refit,True,b25581ca9c22d93c8c988c93c0c5491219d6cfec,e9a515f841e5d115f8e04e704a09556e2b8dee5fa9772a14c666169f000b35d7,,fits/63d5159a14299f6c86ccd602/fit.json,7b6b021402e3001e41f628a8ab7cb5e77a99c2d0df377fb66d2e92062136dbf2,,False,atomic_retention_failed,0.5031597119155119,0.524987300627483,,False
qwen/P15/L00/r0,qwen,0,r0,,P15,2778,imported_valid_without_refit,True,3a5b7bb286876ff7bca4a57ddf2f337dc5d1733f,d413938da4c5978aeb1ea71ffab930a967446b1128049fab93ff6e4097656165,qwen_R0_L00,fits/91e8bd5f722d80e61053ad47/fit.json,f5a9a576171835756a33bc7f273a18ff7f4618c0bf3ab371611d0631cf2a4344,,False,atomic_retention_failed,0.5197042603383899,0.5587347997191789,,False
qwen/P15/L01/l2_logistic/C=0.001,qwen,1,l2_logistic,0.001,P15,2778,imported_valid_without_refit,True,b25581ca9c22d93c8c988c93c0c5491219d6cfec,d1aa518dc413f0176f79bc66b8f3595c93dbc13623d6bd4cc11dde940605f570,,fits/3cb4e325c0e8d23bc5951905/fit.json,1b803bf97a852da688529ed02d1d390ae8b0a14cdcfa78a5c3c5354521209af8,,False,atomic_retention_failed,0.546477839053883,0.5568755480878188,,False
qwen/P15/L01/l2_logistic/C=0.01,qwen,1,l2_logistic,0.01,P15,2778,imported_valid_without_refit,True,b25581ca9c22d93c8c988c93c0c5491219d6cfec,a63cb68d3eb7ee91457773c99964afd4a620d4b71a3fca9e278e1afa7566b7b4,,fits/ea69ebe050b1385ec3669df5/fit.json,482ac34e8fb5cbe53ca5db0d452dac7a0007be049d6fde5bee020ad8b3fb64bf,,False,atomic_retention_failed,0.5576598603321408,0.5724040096989934,,False
qwen/P15/L01/l2_logistic/C=0.1,qwen,1,l2_logistic,0.1,P15,2778,continued_original_failure_passed,True,5e1bf47a457558cbc0735bd8f9f13ca029cbf3a4,cebbfc8828295bb1889079453ca18a7cc5d3b517e0b53b6bdc4e87c9466cce3f,,fits/06cf37f224f899be0b126423/fit.json,80c31b295e8f5856bdfe8aa49df6c56e527e871fa54fc28ec31809fbc88e6875,,False,atomic_retention_failed,0.5691230920651783,0.5927118335848192,,False
qwen/P15/L01/l2_logistic/C=1,qwen,1,l2_logistic,1.0,P15,2778,continued_original_failure_passed,True,5e1bf47a457558cbc0735bd8f9f13ca029cbf3a4,538f39eb13eb2c9a78f867a513d7e2d2b3436f7596535f30ca3d5db35294ee49,,fits/c08ab2a6717c7c825f695ace/fit.json,f2f680c951c959125f5a741c0f1cb5f7d6d65a60f8f64424133c5f1ad4088161,,False,atomic_retention_failed,0.5781999406333485,0.6070929814042453,,False
qwen/P15/L01/l2_logistic/C=10,qwen,1,l2_logistic,10.0,P15,2778,imported_valid_without_refit,True,b25581ca9c22d93c8c988c93c0c5491219d6cfec,99b487fa47541550c050d4b29d89e74b4075323255c5ceb5d7c32e95639c53d0,,fits/1940e48a5b2a849bd0b947ab/fit.json,0c2def70d9ebe61e9b21335fbf7daf0dd549184514e2d5ad121a66f829760da4,,False,atomic_retention_failed,0.5589838928900623,0.5926194126276997,,False
qwen/P15/L01/difference_of_means,qwen,1,difference_of_means,,P15,2778,imported_valid_without_refit,True,b25581ca9c22d93c8c988c93c0c5491219d6cfec,bcd92ca69fa1f7d597c882fbb706b9efcbdbdc7955bd2540f9951a2cfe0e4554,,fits/40a985d2891a67b4f98f302e/fit.json,3fbb263f26b6fb051c2f75be09ca14f719217345b3e1cb5ad16813a2a0da619e,,False,atomic_retention_failed,0.5083113312190474,0.5400632798368766,,False
qwen/P15/L01/mass_mean_covariance,qwen,1,mass_mean_covariance,,P15,2778,imported_valid_without_refit,True,b25581ca9c22d93c8c988c93c0c5491219d6cfec,afe31bd34490cde7409b459851d3094ae7e73610c86da63d2616fc33a6d54844,,fits/f49cca94d46af6bc8db071aa/fit.json,afb1f922d83a944196619686e7d89a8ae8925331e5b4c36d30c8d9714b842d48,,False,atomic_retention_failed,0.5754815729038104,0.5905369751463175,,False
qwen/P15/L01/burger_t_g,qwen,1,burger_t_g,,P15,700,imported_valid_without_refit,True,b25581ca9c22d93c8c988c93c0c5491219d6cfec,7e5f88e9514be33609507289b65c820d230a81665c7e80b4b3e0cbef8c4ae72f,,fits/af0783ddb441732a6e65bb13/fit.json,389bf7c86f161c04442f6a8193409c78fcc4e5892d76bdb3681c501ef73bba2f,,False,atomic_retention_failed,0.5079715352528551,0.5558672253567386,,False
qwen/P15/L01/ttpd,qwen,1,ttpd,,P15,700,imported_valid_without_refit,True,b25581ca9c22d93c8c988c93c0c5491219d6cfec,d464e4795cca730d7f7f7dbf3df20161f0e5fb89acd5a14950ca699f672f0547,,fits/6241d8e93520d6d948ca4a7d/fit.json,28bdace489f9ec4c8ca54609f14d98ebe31e4e7cb27d77d909beb17267a9ec0b,,False,atomic_retention_failed,0.5190676311143746,0.549978335666348,,False
qwen/P15/L01/r0,qwen,1,r0,,P15,2778,imported_valid_without_refit,True,3a5b7bb286876ff7bca4a57ddf2f337dc5d1733f,06f66b3742bc1fb68370461b3349a3a5079a22a261f2bac57aa6bf3045848d06,qwen_R0_L01,fits/d0aecbbc4c12405cc5cefb7e/fit.json,a01295e91c4b9097e33f1041acd8424090491f5ba5517efa36fcc08102cfe271,,False,atomic_retention_failed,0.5467043696980112,0.5687816516315889,,False
qwen/P15/L02/l2_logistic/C=0.001,qwen,2,l2_logistic,0.001,P15,2778,imported_valid_without_refit,True,b25581ca9c22d93c8c988c93c0c5491219d6cfec,d67cf5a46ab8bde5c5280802e97a46a00b2c673bbdf5e5bb9c7e5bbeafe071cc,,fits/ca769818e5c4ef3fe3b78255/fit.json,5cf34ba62b6d299d631d368042621f4ed272a0f9d4eabb7cffe6310a8fd19c40,,False,atomic_retention_failed,0.5582574325485479,0.5746869517694619,,False
qwen/P15/L02/l2_logistic/C=0.01,qwen,2,l2_logistic,0.01,P15,2778,imported_valid_without_refit,True,b25581ca9c22d93c8c988c93c0c5491219d6cfec,ef45d4112fad2fc60435cacf0f5dd18d638fe589d4fa780ed398f534db09afb1,,fits/537218e50c1933b905b500c5/fit.json,47f4c2238b7e7739c65f84da3b53323aabbb3d22f78049871e3b5ca27913fbda,,False,atomic_retention_failed,0.5718570825977597,0.58730131619076,,False
qwen/P15/L02/l2_logistic/C=0.1,qwen,2,l2_logistic,0.1,P15,2778,continued_original_failure_passed,True,5e1bf47a457558cbc0735bd8f9f13ca029cbf3a4,1d313f14a9b00a491d4bc0b7e93df9ed01da7f219cc12637835b7b724c982018,,fits/2c43b3b34734cffb262953c6/fit.json,946d2a432c4ba5b0fad3116efeeac22ff70ebab47150bb50920ee27c668970c7,,False,atomic_retention_failed,0.5856442062834913,0.6007193989320451,,False
qwen/P15/L02/l2_logistic/C=1,qwen,2,l2_logistic,1.0,P15,2778,continued_original_failure_passed,True,5e1bf47a457558cbc0735bd8f9f13ca029cbf3a4,0631f0f870770f380c00757b97def0b98c71832c8d4cdc27c2a5681770541d87,,fits/c167146a62d357309cbf3fc4/fit.json,5e1a0a612d93629044aac1876dd8e3e89f713c543735c7724b31cfe003ef14dc,,False,atomic_retention_failed,0.5893311878017153,0.598547350464474,,False
qwen/P15/L02/l2_logistic/C=10,qwen,2,l2_logistic,10.0,P15,2778,imported_valid_without_refit,True,b25581ca9c22d93c8c988c93c0c5491219d6cfec,9ef0e065a1e20d264c2f299d05150c6079bdb57b894df63825c794aff3584165,,fits/29380d7f629236be6fce3a2c/fit.json,e945472bdc1ca1a2a4b0b408a10516e24e1d5f16e18afe97b98811b469684810,,False,atomic_retention_failed,0.5715993063475449,0.5778064486719976,,False
qwen/P15/L02/difference_of_means,qwen,2,difference_of_means,,P15,2778,imported_valid_without_refit,True,b25581ca9c22d93c8c988c93c0c5491219d6cfec,0689e36ba490817fb970f035f938c1d132815f30fbeed93d0a9e56457be28acd,,fits/638a860fc58db58ec3a3f0f3/fit.json,07a9b792413c63411a7cdee78c84a377016227a48e01a84e8a9a8bd2114920be,,False,atomic_retention_failed,0.5152830070771298,0.5524522695193121,,False
qwen/P15/L02/mass_mean_covariance,qwen,2,mass_mean_covariance,,P15,2778,imported_valid_without_refit,True,b25581ca9c22d93c8c988c93c0c5491219d6cfec,2add2391616a3b361c8d0d629fd506879e725b0b996452d15f1d5b4eb68bca20,,fits/e4a9e0d3b9f415f4b947448c/fit.json,fc296f14230c50eddcc92b5f6bc70e2ff7b3841940ffe7fc3762eb4643e70dc5,,False,atomic_retention_failed,0.5853903357340374,0.5997644626435397,,False
qwen/P15/L02/burger_t_g,qwen,2,burger_t_g,,P15,700,imported_valid_without_refit,True,b25581ca9c22d93c8c988c93c0c5491219d6cfec,1691a4c78c86d439faaea764cc78a54d3fdf281a1393fb5135ae1f4979d57b74,,fits/592f46aaeaa1f3bd67f06ee9/fit.json,bb8f25681acb459284955cc443b5cd51a69c661a4003a582d8ab95601bce4e27,,False,atomic_retention_failed,0.5200596791076255,0.5547445452686238,,False
qwen/P15/L02/ttpd,qwen,2,ttpd,,P15,700,imported_valid_without_refit,True,b25581ca9c22d93c8c988c93c0c5491219d6cfec,03ec8633531789070045f001d7ed6bf981dc161b4040a5dd65423d3e54bd92b1,,fits/57dc0922c149bac2c7f69bba/fit.json,75522172e41a8d34d4ad7f511d09845c51cf36beb1359fffab6316bc501f9dab,,False,atomic_retention_failed,0.5229577090721618,0.5515223300457949,,False
qwen/P15/L02/r0,qwen,2,r0,,P15,2778,imported_valid_without_refit,True,3a5b7bb286876ff7bca4a57ddf2f337dc5d1733f,feb520d2a76e5b6a1ec39ebed4140c80b243387c9e233a66491f4e186296f197,qwen_R0_L02,fits/ff136430b369fbbcbaab63ea/fit.json,2663f4a7235f9219027cba3638936806dc03f550768f0e9440fcce2f5a20859b,,False,atomic_retention_failed,0.5602962083457014,0.5643429085918591,,False
qwen/P15/L03/l2_logistic/C=0.001,qwen,3,l2_logistic,0.001,P15,2778,new_successor_fit,True,5e1bf47a457558cbc0735bd8f9f13ca029cbf3a4,,,fits/34139ba88e9d4c5060220d4d/fit.json,8b7d73d5970ae998d91f5faae43bce5ec276f39c737c69b2a274c7eff103cd80,,False,atomic_retention_failed,0.5574020840819259,0.5843057948453593,,False
qwen/P15/L03/l2_logistic/C=0.01,qwen,3,l2_logistic,0.01,P15,2778,new_successor_fit,True,5e1bf47a457558cbc0735bd8f9f13ca029cbf3a4,,,fits/0bf3b7cbbd6f05ebff23d3f3/fit.json,a43b186ae0d13deb0e6b97f213474584cfe3dfff3b4366c62160a94f335be6a5,,False,atomic_retention_failed,0.5900185911356216,0.6066887153145443,,False
qwen/P15/L03/l2_logistic/C=0.1,qwen,3,l2_logistic,0.1,P15,2778,new_successor_fit,True,5e1bf47a457558cbc0735bd8f9f13ca029cbf3a4,,,fits/e8099983a9e1d82d763cbd77/fit.json,7f2de753ee44cf8f759dfcf3c065e77bd017351ab34bbb0b9ec25f33d6732bc4,,False,atomic_retention_failed,0.6297708134793545,0.6439892601251643,,False
qwen/P15/L03/l2_logistic/C=1,qwen,3,l2_logistic,1.0,P15,2778,new_successor_fit,True,5e1bf47a457558cbc0735bd8f9f13ca029cbf3a4,,,fits/3f515559785775251b18cedf/fit.json,a57f1d9b8ca417ecb6581dd8d78a9db49db220f0bf49220248989a677bb349b0,,False,atomic_retention_failed,0.6678240559921261,0.6651574302929166,,False
qwen/P15/L03/l2_logistic/C=10,qwen,3,l2_logistic,10.0,P15,2778,new_successor_fit,True,5e1bf47a457558cbc0735bd8f9f13ca029cbf3a4,,,fits/4511609cec26b00912459651/fit.json,ab464df7ea2ed0dc0b21f82b1e349d66d78523d510f0dcfa959bb4ff304c58b1,,False,atomic_retention_failed,0.6521504788389133,0.6290660039138891,,False
qwen/P15/L03/difference_of_means,qwen,3,difference_of_means,,P15,2778,new_successor_fit,True,5e1bf47a457558cbc0735bd8f9f13ca029cbf3a4,,,fits/0c00dc69f7b76947351c3ab4/fit.json,cd451c397aa17c4dd8284d506ed2193b917d53a93009db5317571c366464554d,,False,atomic_retention_failed,0.5177123529503663,0.5414753282169246,,False
qwen/P15/L03/mass_mean_covariance,qwen,3,mass_mean_covariance,,P15,2778,new_successor_fit,True,5e1bf47a457558cbc0735bd8f9f13ca029cbf3a4,,,fits/b1cbdc2520b22ea450ea3329/fit.json,6172dd3b368b30d8a6c245eb7e9b493d882340053ff820ac7492c813ff570d02,,False,atomic_retention_failed,0.6337858738614882,0.6377469851445186,,False
qwen/P15/L03/burger_t_g,qwen,3,burger_t_g,,P15,700,new_successor_fit,True,5e1bf47a457558cbc0735bd8f9f13ca029cbf3a4,,,fits/4eb4bba9710f80d8ce4466c2/fit.json,fc5062228ee23a091810f3d2811924c9fdbed3c3fb6d94d08ba152ec3be7e69f,,False,atomic_retention_failed,0.5153767438953897,0.5661958267505732,,False
qwen/P15/L03/ttpd,qwen,3,ttpd,,P15,700,new_successor_fit,True,5e1bf47a457558cbc0735bd8f9f13ca029cbf3a4,,,fits/bfe68458c2d57b50bce640e3/fit.json,4569abb0b96e2d38a394e98ad78fd9ee0a3a096f87b6470d22edab83d14d826b,,False,atomic_retention_failed,0.5185247387086191,0.5588006884609473,,False
qwen/P15/L03/r0,qwen,3,r0,,P15,2778,exact_recoverability_reuse,True,3a5b7bb286876ff7bca4a57ddf2f337dc5d1733f,,qwen_R0_L03,fits/7439bdcdf8905a52cbc231b3/fit.json,be6c318be575458b1f6d7dc0b396be133ecbf534a4a1d1eee3a9894c75f49801,,False,atomic_retention_failed,0.6444132856317081,0.6253593154096244,,False
qwen/P15/L04/l2_logistic/C=0.001,qwen,4,l2_logistic,0.001,P15,2778,new_successor_fit,True,5e1bf47a457558cbc0735bd8f9f13ca029cbf3a4,,,fits/a5ffe2453ffb75f7d8a08e05/fit.json,a48abe8cf1446238f66d211fe586cb718db30c562261b63cb8ee8f52ecfc2e13,,False,atomic_retention_failed,0.591252792576044,0.619530757797099,,False
qwen/P15/L04/l2_logistic/C=0.01,qwen,4,l2_logistic,0.01,P15,2778,new_successor_fit,True,5e1bf47a457558cbc0735bd8f9f13ca029cbf3a4,,,fits/32fe493e9d6d34911d291f5c/fit.json,adc3892c9db7f7e52bb6f8c43f9fc71280d8cac2916d41b7da29e73d4b2b3f4b,,False,atomic_retention_failed,0.6429369307441141,0.6796169405395597,,False
qwen/P15/L04/l2_logistic/C=0.1,qwen,4,l2_logistic,0.1,P15,2778,new_successor_fit,True,5e1bf47a457558cbc0735bd8f9f13ca029cbf3a4,,,fits/3f607820f332e667d917e5bc/fit.json,37711f800046c55075911eccdfeadcfdf3f5fddede779215a7b9fa82b8373fda,,False,atomic_retention_failed,0.7050961583527317,0.7279341331449096,,False
qwen/P15/L04/l2_logistic/C=1,qwen,4,l2_logistic,1.0,P15,2778,new_successor_fit,True,5e1bf47a457558cbc0735bd8f9f13ca029cbf3a4,,,fits/66bcf26d3fb0aa48253c2380/fit.json,49b18ff20dadfdd1e544ced8a4ffb76f1c55b1accb70013f1c10e2f1b4b0ec81,,False,atomic_retention_failed,0.7458013716821073,0.7436334069373982,,False
qwen/P15/L04/l2_logistic/C=10,qwen,4,l2_logistic,10.0,P15,2778,new_successor_fit,True,5e1bf47a457558cbc0735bd8f9f13ca029cbf3a4,,,fits/6244b443443051cbfbe18df9/fit.json,6c607124ed13a20ce713f30ebb855f88ab7afaaa0c955e5734db0be7dc0d835e,,False,atomic_retention_failed,0.7169890171694605,0.6845136223024995,,False
qwen/P15/L04/difference_of_means,qwen,4,difference_of_means,,P15,2778,new_successor_fit,True,5e1bf47a457558cbc0735bd8f9f13ca029cbf3a4,,,fits/7e5fa926341d97279f4b326b/fit.json,e7ccd1e750b3cbf0e20f187b9e6a56edd097a748ac4a665791d0a0b5c1ae0cef,,False,atomic_retention_failed,0.52765236138668,0.5654517972172879,,False
qwen/P15/L04/mass_mean_covariance,qwen,4,mass_mean_covariance,,P15,2778,new_successor_fit,True,5e1bf47a457558cbc0735bd8f9f13ca029cbf3a4,,,fits/95ca4718436d51066d7be1b8/fit.json,750f482f9f7a364f80fa7df94edd619acb987dcddd5f5af334570c4a0f590e63,,False,atomic_retention_failed,0.7065373619334782,0.7037451202234787,,False
qwen/P15/L04/burger_t_g,qwen,4,burger_t_g,,P15,700,new_successor_fit,True,5e1bf47a457558cbc0735bd8f9f13ca029cbf3a4,,,fits/05596d2067538eac50620a0c/fit.json,a5a22f55ea972ee0615a4ce19a42f21f086a2a47ff45a6a5a6987a9827a0ef65,,False,atomic_retention_failed,0.5294099267290537,0.5797188113884669,,False
qwen/P15/L04/ttpd,qwen,4,ttpd,,P15,700,new_successor_fit,True,5e1bf47a457558cbc0735bd8f9f13ca029cbf3a4,,,fits/7f85f44f82c13b80b3d30683/fit.json,0efdcf84f1594dd65ac17a60d199b471c324a349e0641a58fe6b333a1c2a0ddb,,False,atomic_retention_failed,0.5336358949522724,0.5879627730588359,,False
qwen/P15/L04/r0,qwen,4,r0,,P15,2778,exact_recoverability_reuse,True,3a5b7bb286876ff7bca4a57ddf2f337dc5d1733f,,qwen_R0_L04,fits/0ceff7e32aab5324ab9fde8d/fit.json,13de3b708bde3d16542f65257ac3ae47d137af3d00e0407e05c1ba6f8f23ebcb,,False,atomic_retention_failed,0.7216055554687621,0.6968411601806292,,False
qwen/P15/L05/l2_logistic/C=0.001,qwen,5,l2_logistic,0.001,P15,2778,new_successor_fit,True,5e1bf47a457558cbc0735bd8f9f13ca029cbf3a4,,,fits/c607b59758361b8ad4310ba7/fit.json,70060ee34cba7c5104114a7e0d3d02e871007d94ccc24667457b9d24eb75f548,,False,atomic_retention_failed,0.5917410051711478,0.62217104562392,,False
qwen/P15/L05/l2_logistic/C=0.01,qwen,5,l2_logistic,0.01,P15,2778,new_successor_fit,True,5e1bf47a457558cbc0735bd8f9f13ca029cbf3a4,,,fits/b4a13f51f6592a2f9ebbac0d/fit.json,2284dae854df1d3ed95cfc8d6d09f28a697548b004f89f4d9def0f3a1a69661d,,False,atomic_retention_failed,0.6555289099970316,0.6891931755643027,,False
qwen/P15/L05/l2_logistic/C=0.1,qwen,5,l2_logistic,0.1,P15,2778,new_successor_fit,True,5e1bf47a457558cbc0735bd8f9f13ca029cbf3a4,,,fits/f852ba01407dc1ed808f53f4/fit.json,e6f678a51e449fd134be9e7092a13e900a3c4f1bff637fe0cbe75351289ea68a,,False,atomic_retention_failed,0.7338967957630959,0.7579616626503348,,False
qwen/P15/L05/l2_logistic/C=1,qwen,5,l2_logistic,1.0,P15,2778,new_successor_fit,True,5e1bf47a457558cbc0735bd8f9f13ca029cbf3a4,,,fits/72726adb65f76eca4a3575de/fit.json,1a799aff0274fede4720a7309b606705918db519545323440524864d4f01de9f,,False,atomic_retention_failed,0.7657907481760378,0.7531623176366884,,False
qwen/P15/L05/l2_logistic/C=10,qwen,5,l2_logistic,10.0,P15,2778,new_successor_fit,True,5e1bf47a457558cbc0735bd8f9f13ca029cbf3a4,,,fits/e5d59058c082db1b10b29862/fit.json,228babf42cafdf4be215375d4605aaa422fc4f98ebe723e16bfac10a0ac55a5a,,False,atomic_retention_failed,0.7381188582855536,0.6944377234156313,,False
qwen/P15/L05/difference_of_means,qwen,5,difference_of_means,,P15,2778,new_successor_fit,True,5e1bf47a457558cbc0735bd8f9f13ca029cbf3a4,,,fits/86d138919af2802872e8974b/fit.json,ed8ea2663595953e31f0d23f4ec89a5bb7f6dfa440d98859f210e4c1c9fe0482,,False,atomic_retention_failed,0.5281288568795013,0.5646895881776096,,False
qwen/P15/L05/mass_mean_covariance,qwen,5,mass_mean_covariance,,P15,2778,new_successor_fit,True,5e1bf47a457558cbc0735bd8f9f13ca029cbf3a4,,,fits/dd10e71e086af6b9c75b603f/fit.json,eb126ef04e6ff5d7c831c2aeea986cccbfd27d7677cce329e3ef66de922e5ae6,,False,atomic_retention_failed,0.7382086894030527,0.7392390200328031,,False
qwen/P15/L05/burger_t_g,qwen,5,burger_t_g,,P15,700,new_successor_fit,True,5e1bf47a457558cbc0735bd8f9f13ca029cbf3a4,,,fits/7301ba6c426c0c6d6ead7e9a/fit.json,2bc95eba76196826ce964a35b26a9b998507ff2b1dba17d125a33ec675157771,,False,atomic_retention_failed,0.528042931462763,0.5763661438949661,,False
qwen/P15/L05/ttpd,qwen,5,ttpd,,P15,700,new_successor_fit,True,5e1bf47a457558cbc0735bd8f9f13ca029cbf3a4,,,fits/d6a60e2aafd6ffcf491cae81/fit.json,61f2203adbaaf626e14c3f34aab49037b96223ea31293b5e8c057f1bb4d10cb2,,False,atomic_retention_failed,0.5358465215829024,0.581877118611343,,False
qwen/P15/L05/r0,qwen,5,r0,,P15,2778,exact_recoverability_reuse,True,3a5b7bb286876ff7bca4a57ddf2f337dc5d1733f,,qwen_R0_L05,fits/f8979f0db65d3d9547d159b2/fit.json,783f74826e9cdb5e6fdac1739a7a71150bdf4db939de5327dd42bf86eba021c4,,False,atomic_retention_failed,0.7404818072458561,0.7046933830891642,,False
qwen/P15/L06/l2_logistic/C=0.001,qwen,6,l2_logistic,0.001,P15,2778,new_successor_fit,True,5e1bf47a457558cbc0735bd8f9f13ca029cbf3a4,,,fits/6f7e76aa8f7632144377c470/fit.json,ceed180f383d8387cd702fdb1f1836a375562e4f190ef718a7d00025246832d4,,False,atomic_retention_failed,0.7877798434595135,0.77455704257488,,False
qwen/P15/L06/l2_logistic/C=0.01,qwen,6,l2_logistic,0.01,P15,2778,new_successor_fit,True,5e1bf47a457558cbc0735bd8f9f13ca029cbf3a4,,,fits/5ecff9cad2837d4e32641bdd/fit.json,3e7f34544d4c19fa2fd386d40a5f15e71e4eb1efb5f91edb4f5343e87b0924bb,,False,atomic_retention_failed,0.884184255339093,0.8690066787123232,,False
qwen/P15/L06/l2_logistic/C=0.1,qwen,6,l2_logistic,0.1,P15,2778,new_successor_fit,True,5e1bf47a457558cbc0735bd8f9f13ca029cbf3a4,,,fits/8f44226e7b8b3c95a02bacbd/fit.json,c86c7a27f9da3715fa42d97b8326777986e4029d981c32f15ba61b671deab7fb,,False,atomic_retention_failed,0.9299200112484182,0.9177036428124297,,False
qwen/P15/L06/l2_logistic/C=1,qwen,6,l2_logistic,1.0,P15,2778,new_successor_fit,True,5e1bf47a457558cbc0735bd8f9f13ca029cbf3a4,,,fits/f91688f134f64e308af5987d/fit.json,ce9ea2be7dcf50bee5789b203bd9aa7e01a54f6c1c5d32380564a6d6e81aff2f,,False,atomic_retention_failed,0.9366846849661766,0.9168925915791526,,False
qwen/P15/L06/l2_logistic/C=10,qwen,6,l2_logistic,10.0,P15,2778,new_successor_fit,True,5e1bf47a457558cbc0735bd8f9f13ca029cbf3a4,,,fits/c68bcbd18db613fa26f3543e/fit.json,87feb3cdbab2d2acc4d8a8ea90546466c14794a8d9c32699a60e850a03190567,,False,atomic_retention_failed,0.9113913668390382,0.8735834490510772,,False
qwen/P15/L06/difference_of_means,qwen,6,difference_of_means,,P15,2778,new_successor_fit,True,5e1bf47a457558cbc0735bd8f9f13ca029cbf3a4,,,fits/de7fc164de28c8ba9bc4f63e/fit.json,020d9a839ee5347b0f1f86b866861c2fd6abec9b0508821ad01e5ac299c19bfb,,False,atomic_retention_failed,0.5987947007452077,0.6469006505749579,,False
qwen/P15/L06/mass_mean_covariance,qwen,6,mass_mean_covariance,,P15,2778,new_successor_fit,True,5e1bf47a457558cbc0735bd8f9f13ca029cbf3a4,,,fits/c2e0a09220b9eeb35211d80e/fit.json,1c0408192aacf7ca6ffb57632637b0b39db212795b5eb58f4f544db2bd458d21,,False,atomic_retention_failed,0.9140277148525988,0.8870551340338716,,False
qwen/P15/L06/burger_t_g,qwen,6,burger_t_g,,P15,700,new_successor_fit,True,5e1bf47a457558cbc0735bd8f9f13ca029cbf3a4,,,fits/7556d65a5bc2aed1c103d2d2/fit.json,a7a941a6444b7113a75e932de18eac58207203047209240adabda08d87191e25,,False,atomic_retention_failed,0.6483971004077551,0.6853403104558238,,False
qwen/P15/L06/ttpd,qwen,6,ttpd,,P15,700,new_successor_fit,True,5e1bf47a457558cbc0735bd8f9f13ca029cbf3a4,,,fits/30463162d4a01dcdc524f98a/fit.json,12f89a03affdca59898acb60d9bd91f9e06063216bb14d712880ed2b4159ab3e,,False,atomic_retention_failed,0.657571591494946,0.6886667144885792,,False
qwen/P15/L06/r0,qwen,6,r0,,P15,2778,exact_recoverability_reuse,True,3a5b7bb286876ff7bca4a57ddf2f337dc5d1733f,,qwen_R0_L06,fits/881f9849b21999023150b085/fit.json,4dd1bab81933ee48b751ce454481d6aa42810f39f3f9a00c55f227cfc2618931,,False,atomic_retention_failed,0.9242411223421706,0.8919887954276409,,False
qwen/P15/L07/l2_logistic/C=0.001,qwen,7,l2_logistic,0.001,P15,2778,new_successor_fit,True,5e1bf47a457558cbc0735bd8f9f13ca029cbf3a4,,,fits/31ebb8b1a22e12d26efa95d0/fit.json,afd2d31b76aad5a010f6947e20e4812e144b67afed0d596e10442fe45208768e,,False,atomic_retention_failed,0.877177428174163,0.8783705901342301,,False
qwen/P15/L07/l2_logistic/C=0.01,qwen,7,l2_logistic,0.01,P15,2778,new_successor_fit,True,5e1bf47a457558cbc0735bd8f9f13ca029cbf3a4,,,fits/471ecd8a93612e50232ea96b/fit.json,6da8dd75847e5e820a1bd304da720531ecd4b265e3fc2a0830275ad3eac8ee38,,False,atomic_retention_failed,0.9355246918402099,0.9316242045880921,,False
qwen/P15/L07/l2_logistic/C=0.1,qwen,7,l2_logistic,0.1,P15,2778,new_successor_fit,True,5e1bf47a457558cbc0735bd8f9f13ca029cbf3a4,,,fits/b5b8e11771021720af43e506/fit.json,c60293e184327063d7d5dbd769036c8fb6ab596a6db03dc86711bae57e45d3e5,,False,atomic_retention_failed,0.9577012607602056,0.9455881621018308,,False
qwen/P15/L07/l2_logistic/C=1,qwen,7,l2_logistic,1.0,P15,2778,new_successor_fit,True,5e1bf47a457558cbc0735bd8f9f13ca029cbf3a4,,,fits/2960fc7613eb2d043f69fbbb/fit.json,7386cf12af9ec0b0a15d6ecbe5dc9a9f5f35d1f79a5fcedf70f42e1dc53e22fc,,False,atomic_retention_failed,0.9531159680669906,0.9316123442526884,,False
qwen/P15/L07/l2_logistic/C=10,qwen,7,l2_logistic,10.0,P15,2778,new_successor_fit,True,5e1bf47a457558cbc0735bd8f9f13ca029cbf3a4,,,fits/ac291def01b3ecdcbc5842ec/fit.json,7f97c28cdb8ab4f360cd851226b644f7b24c504cfcae5d9b15ef4c824ed94f78,,False,atomic_retention_failed,0.9322360917995907,0.8994804091141434,,False
qwen/P15/L07/difference_of_means,qwen,7,difference_of_means,,P15,2778,new_successor_fit,True,5e1bf47a457558cbc0735bd8f9f13ca029cbf3a4,,,fits/c0e33a68a31646f22197b321/fit.json,b9cf51743394e52eb369d4b5095d2ba518b205f1e7e25bec10cebe31652e1620,,False,atomic_retention_failed,0.6366448468184162,0.691436562775346,,False
qwen/P15/L07/mass_mean_covariance,qwen,7,mass_mean_covariance,,P15,2778,new_successor_fit,True,5e1bf47a457558cbc0735bd8f9f13ca029cbf3a4,,,fits/6ca320ccdc34454edd251282/fit.json,3742620e9ffb30f27c72c49036f9f6aed2cf6cfaeaec0266cc50c39579eb609a,,False,atomic_retention_failed,0.9219367588932806,0.8919267866524052,,False
qwen/P15/L07/burger_t_g,qwen,7,burger_t_g,,P15,700,new_successor_fit,True,5e1bf47a457558cbc0735bd8f9f13ca029cbf3a4,,,fits/c77bd612b21f9350b009ea8e/fit.json,28d7fff2ef4ea30e6c93ecd9c55c310caa5790c3af51d2d96f123e715320e03e,,False,atomic_retention_failed,0.705779655985877,0.7760419389907833,,False
qwen/P15/L07/ttpd,qwen,7,ttpd,,P15,700,new_successor_fit,True,5e1bf47a457558cbc0735bd8f9f13ca029cbf3a4,,,fits/cbb8137aaddadffa8228de6e/fit.json,a2b58498a4248601dab05f1a7201fbb1a032a278662075722575f9e12e3482a4,,False,atomic_retention_failed,0.7624279398209627,0.7904285541153053,,False
qwen/P15/L07/r0,qwen,7,r0,,P15,2778,exact_recoverability_reuse,True,3a5b7bb286876ff7bca4a57ddf2f337dc5d1733f,,qwen_R0_L07,fits/040ddebda087bab35b947565/fit.json,e13cfb684633d285d940f7866271a6414892cda1a6e25bc6573a3cc27a8d2904,,False,atomic_retention_failed,0.9462731803340155,0.9234872890941572,,False
qwen/P15/L08/l2_logistic/C=0.001,qwen,8,l2_logistic,0.001,P15,2778,new_successor_fit,True,5e1bf47a457558cbc0735bd8f9f13ca029cbf3a4,,,fits/f3466406e7aa1b34ea83aa93/fit.json,0a67e9372cc5b1b5c26390306efae7c5bf8cbce61306834b087f80fa503580f1,,False,atomic_retention_failed,0.9236318330234811,0.9174604758050762,,False
qwen/P15/L08/l2_logistic/C=0.01,qwen,8,l2_logistic,0.01,P15,2778,new_successor_fit,True,5e1bf47a457558cbc0735bd8f9f13ca029cbf3a4,,,fits/e0133e1110158d2fd95575b1/fit.json,b73b20494b7bae04ec8bd7daff81f8ad4f983d2b0ecb3232e88ecc78893ff8e4,,False,atomic_retention_failed,0.9632629786436282,0.9507543208100451,,False
qwen/P15/L08/l2_logistic/C=0.1,qwen,8,l2_logistic,0.1,P15,2778,new_successor_fit,True,5e1bf47a457558cbc0735bd8f9f13ca029cbf3a4,,,fits/3697c8223aa86ff452ede509/fit.json,1f3b6d715db39edbd64f70adb3faa57ab7023a4e92793c45ea9a569e685b330f,,False,atomic_retention_failed,0.978846724679342,0.959753708197306,,False
qwen/P15/L08/l2_logistic/C=1,qwen,8,l2_logistic,1.0,P15,2778,new_successor_fit,True,5e1bf47a457558cbc0735bd8f9f13ca029cbf3a4,,,fits/74b08be6f4d68493e09ecc96/fit.json,aa2c79996e8fa22561ab8d95ddda490ff554405e930ae94178e032207290afb0,,False,atomic_retention_failed,0.9783819462888032,0.9545570445234691,,False
qwen/P15/L08/l2_logistic/C=10,qwen,8,l2_logistic,10.0,P15,2778,new_successor_fit,True,5e1bf47a457558cbc0735bd8f9f13ca029cbf3a4,,,fits/5d559791f4ad71ebc7cc397c/fit.json,8b3a408acbc9840c218fb4eb57335a925807e898001872623344271c57016e40,,False,atomic_retention_failed,0.973960693027543,0.9438517819697845,,False
qwen/P15/L08/difference_of_means,qwen,8,difference_of_means,,P15,2778,new_successor_fit,True,5e1bf47a457558cbc0735bd8f9f13ca029cbf3a4,,,fits/784371023ae6daab0c56665a/fit.json,01dbe8904001fa87c22f7dd23a32d9ce0570012cdfd67e2f3564506a44ccfb77,,False,atomic_retention_failed,0.66817166335984,0.7518665623797902,,False
qwen/P15/L08/mass_mean_covariance,qwen,8,mass_mean_covariance,,P15,2778,new_successor_fit,True,5e1bf47a457558cbc0735bd8f9f13ca029cbf3a4,,,fits/6848d963e9fd5964d867523e/fit.json,31fd54d4837356498b7d9d0dcaa1dad283019507a1515eba2482cb385544f8e0,,False,atomic_retention_failed,0.9513037229139653,0.9118104919490954,,False
qwen/P15/L08/burger_t_g,qwen,8,burger_t_g,,P15,700,new_successor_fit,True,5e1bf47a457558cbc0735bd8f9f13ca029cbf3a4,,,fits/8dd5bcaeeedc52ee8b562543/fit.json,6bca12483badccea981eb971f9820cdf6ba13d27cb34dd44434eec28c1fa9cce,,False,atomic_retention_failed,0.7896038057148214,0.8269721881159056,,False
qwen/P15/L08/ttpd,qwen,8,ttpd,,P15,700,new_successor_fit,True,5e1bf47a457558cbc0735bd8f9f13ca029cbf3a4,,,fits/e0fd0c9ba6e7cb68c513d99b/fit.json,b738918d705a03e6304e41f6e62e8d8172b32613c40f2875947724ad8bfb6cb9,,False,atomic_retention_failed,0.7976222093768064,0.8283213325979656,,False
qwen/P15/L08/r0,qwen,8,r0,,P15,2778,exact_recoverability_reuse,True,3a5b7bb286876ff7bca4a57ddf2f337dc5d1733f,,qwen_R0_L08,fits/9f4965f0b937789765992fe4/fit.json,b93c61d79a71390791081532a654b71235f9b8b9513a05ba3d2f585d40104df7,,False,atomic_retention_failed,0.9777257885609836,0.9536313398993392,,False
qwen/P15/L09/l2_logistic/C=0.001,qwen,9,l2_logistic,0.001,P15,2778,new_successor_fit,True,5e1bf47a457558cbc0735bd8f9f13ca029cbf3a4,,,fits/37aa808412d7bf233a410e81/fit.json,d7dcb9ff3ae0f59cbb72019a912b8984ac3a847e53fa4f252c0e44e5b6587505,,False,atomic_retention_failed,0.9658876095549064,0.944242709392077,,False
qwen/P15/L09/l2_logistic/C=0.01,qwen,9,l2_logistic,0.01,P15,2778,new_successor_fit,True,5e1bf47a457558cbc0735bd8f9f13ca029cbf3a4,,,fits/56427e176672b726de47faed/fit.json,f87e92fc82c1e7ba326d9c8094d57c99578320f3df10542ad20a3c2e41ad4bc2,,False,atomic_retention_failed,0.9928056991985502,0.9808239663886222,,False
qwen/P15/L09/l2_logistic/C=0.1,qwen,9,l2_logistic,0.1,P15,2778,new_successor_fit,True,5e1bf47a457558cbc0735bd8f9f13ca029cbf3a4,,,fits/1490ee0939da83fa1a8adcb6/fit.json,19fc44d34bd523f8f726800094751e06faf12ca0bc7fcc4d9bb705b500d73903,,True,,0.997535502819916,0.9907253527351628,,False
qwen/P15/L09/l2_logistic/C=1,qwen,9,l2_logistic,1.0,P15,2778,new_successor_fit,True,5e1bf47a457558cbc0735bd8f9f13ca029cbf3a4,,,fits/4607c552c007f3bb6a995361/fit.json,3392b10619fbab240c5f829269a0c63b5f75a88ba19321a3567ddc374ec70445,,True,,0.9978479588807824,0.9927610186467162,,False
qwen/P15/L09/l2_logistic/C=10,qwen,9,l2_logistic,10.0,P15,2778,new_successor_fit,True,5e1bf47a457558cbc0735bd8f9f13ca029cbf3a4,,,fits/2561de0e1716b7956cdecdd8/fit.json,2f0f9d202012474df1a96278b043f4512e1a10314a77ef10dd97c7968a91f3ad,,True,,0.9973909918917652,0.9910776558429089,,False
qwen/P15/L09/difference_of_means,qwen,9,difference_of_means,,P15,2778,new_successor_fit,True,5e1bf47a457558cbc0735bd8f9f13ca029cbf3a4,,,fits/294ba52fb78472a591a2ea65/fit.json,b788890755a435f8f80a0adc4f454404dd7aa71b4c97732fd378b2ef4c91c492,,False,atomic_retention_failed,0.7320415879017014,0.7959307854258902,,False
qwen/P15/L09/mass_mean_covariance,qwen,9,mass_mean_covariance,,P15,2778,new_successor_fit,True,5e1bf47a457558cbc0735bd8f9f13ca029cbf3a4,,,fits/68e1e4ba42b5408952a09095/fit.json,b2045a6db8b0ad928467dca6e1d08459b6b892e8704118285b56b29dcbe337d3,,False,atomic_retention_failed,0.9895952131731476,0.9765672309482409,,False
qwen/P15/L09/burger_t_g,qwen,9,burger_t_g,,P15,700,new_successor_fit,True,5e1bf47a457558cbc0735bd8f9f13ca029cbf3a4,,,fits/2985485e42facdecba096390/fit.json,09e9c2a83f0677cbd7970bb4fceeb9db9c445e43aeacb188d242afcfe4d688e8,,False,atomic_retention_failed,0.8720765829805184,0.892370349302136,,False
qwen/P15/L09/ttpd,qwen,9,ttpd,,P15,700,new_successor_fit,True,5e1bf47a457558cbc0735bd8f9f13ca029cbf3a4,,,fits/293cd28f7ee62760ad5fe013/fit.json,2817aec7c68bd11593f4ed2d9b6e156430d7a548bbee54a01543a19604d4a9b7,,False,atomic_retention_failed,0.88365308003562,0.8944737459955293,,False
qwen/P15/L09/r0,qwen,9,r0,,P15,2778,exact_recoverability_reuse,True,3a5b7bb286876ff7bca4a57ddf2f337dc5d1733f,,qwen_R0_L09,fits/4599e5a28da5abf6e932c165/fit.json,f22b6ce448f1d41dc2ee23ba6c328537b2bfe0bea426996ad453a90ce8f63900,,True,,0.9977151650549142,0.9937274778570184,,False
qwen/P15/L10/l2_logistic/C=0.001,qwen,10,l2_logistic,0.001,P15,2778,new_successor_fit,True,5e1bf47a457558cbc0735bd8f9f13ca029cbf3a4,,,fits/a829a1bba16c482e219748d9/fit.json,92e99739cf9e7597035b945774689bfbc6753f378253f19957ebc8a0693122c5,,False,atomic_retention_failed,0.990321673514662,0.9765984993125725,,False
qwen/P15/L10/l2_logistic/C=0.01,qwen,10,l2_logistic,0.01,P15,2778,new_successor_fit,True,5e1bf47a457558cbc0735bd8f9f13ca029cbf3a4,,,fits/e377caba48216760c3dd4dae/fit.json,f1d3cd1d9c1cb949d701ceef21ee3f1c08d6a2def1c6ebf6124de5479e7c0b13,,True,,0.9984533424987111,0.9944036445372861,,False
qwen/P15/L10/l2_logistic/C=0.1,qwen,10,l2_logistic,0.1,P15,2778,new_successor_fit,True,5e1bf47a457558cbc0735bd8f9f13ca029cbf3a4,,,fits/37ad1c1f9d56df4a7fed72c1/fit.json,18dd9f8a33fcc549e5f66fd27af393286cd665b78b4b1f99bef0b78d67db0f43,,True,,0.9992266712493556,0.9960003803263555,,False
qwen/P15/L10/l2_logistic/C=1,qwen,10,l2_logistic,1.0,P15,2778,new_successor_fit,True,5e1bf47a457558cbc0735bd8f9f13ca029cbf3a4,,,fits/784b549272f410a8643083e8/fit.json,fed93b5025214b02600385a0f90686d921e74efca74e0b0fa02504728b0faccb,,True,,0.9992266712493556,0.9960653650830805,,False
qwen/P15/L10/l2_logistic/C=10,qwen,10,l2_logistic,10.0,P15,2778,new_successor_fit,True,5e1bf47a457558cbc0735bd8f9f13ca029cbf3a4,,,fits/25ff2276526e5f47366ff504/fit.json,24d2357c44ed4c626bc9095da67d059277e3844d9c3169c4accee140ca143902,,True,,0.9991641800371823,0.9956887858013082,,False
qwen/P15/L10/difference_of_means,qwen,10,difference_of_means,,P15,2778,new_successor_fit,True,5e1bf47a457558cbc0735bd8f9f13ca029cbf3a4,,,fits/545aa23f94678b8ba09994d0/fit.json,9cd3258d2a3b48584c276bcef6bd64b227aba8a42550937f36589c3570cdd158,,False,atomic_retention_failed,0.7983291412145167,0.8310777149763824,,False
qwen/P15/L10/mass_mean_covariance,qwen,10,mass_mean_covariance,,P15,2778,new_successor_fit,True,5e1bf47a457558cbc0735bd8f9f13ca029cbf3a4,,,fits/745ed3fa683affb10c19a439/fit.json,a3d39a584e6ad4446f33adec0cd2f5ed635db2c2c511c3f64e849285e98e3ecd,,True,,0.9957388804699339,0.9863952619747955,,False
qwen/P15/L10/burger_t_g,qwen,10,burger_t_g,,P15,700,new_successor_fit,True,5e1bf47a457558cbc0735bd8f9f13ca029cbf3a4,,,fits/ddd15ba144aeee4efa19f893/fit.json,8fb07463123f1578232f4283a4958e49163f40471b5ac0feed001806dc1406db,,False,atomic_retention_failed,0.9122740552109859,0.920786883143835,,False
qwen/P15/L10/ttpd,qwen,10,ttpd,,P15,700,new_successor_fit,True,5e1bf47a457558cbc0735bd8f9f13ca029cbf3a4,,,fits/04eb4494840e73924ee0e94f/fit.json,7f8420fe78dd1190d8bf0b2b79c44e664355973131e25cc10d9962f318164ded,,False,atomic_retention_failed,0.9378329609898608,0.9336304432214136,,False
qwen/P15/L10/r0,qwen,10,r0,,P15,2778,exact_recoverability_reuse,True,3a5b7bb286876ff7bca4a57ddf2f337dc5d1733f,,qwen_R0_L10,fits/213fe7573b64ebc01962b235/fit.json,3bde887ce864451969411091fb532816bd313efa4bdd910b9db5c5104c88c582,,True,,0.9992188598478339,0.9963212623980502,,False
qwen/P15/L11/l2_logistic/C=0.001,qwen,11,l2_logistic,0.001,P15,2778,new_successor_fit,True,5e1bf47a457558cbc0735bd8f9f13ca029cbf3a4,,,fits/d2bafe319af5848920b4c5e9/fit.json,2fae9f89347e0585f626418b7a1140abbeee0b27496fc2d872288d48fc0d21fd,,True,,0.9989298379915325,0.9976818750915811,,False
qwen/P15/L11/l2_logistic/C=0.01,qwen,11,l2_logistic,0.01,P15,2778,new_successor_fit,True,5e1bf47a457558cbc0735bd8f9f13ca029cbf3a4,,,fits/f8b4efcf43461fb5ee70637b/fit.json,ce9726c2cdb00e11e8b1c3afd044388bc4600717dd28698fd73204ab0ce6a353,,True,,0.9997851864581543,0.9995081937835618,,False
qwen/P15/L11/l2_logistic/C=0.1,qwen,11,l2_logistic,0.1,P15,2778,new_successor_fit,True,5e1bf47a457558cbc0735bd8f9f13ca029cbf3a4,,,fits/95e722287c8961ab96a45e7c/fit.json,55fd5aa68d7fd407dbef3f94a8a0cb09b77fbe6f882d8410fff3c8612da4b592,,True,,0.9998398662688059,0.9998178151012362,,False
qwen/P15/L11/l2_logistic/C=1,qwen,11,l2_logistic,1.0,P15,2778,new_successor_fit,True,5e1bf47a457558cbc0735bd8f9f13ca029cbf3a4,,,fits/57cc513c94dafc7a4e4d5056/fit.json,9d4acab67c9b3478527d1da1dad03224038d9a7dcdd43cd8afa77c4974f9cde2,,True,,0.9998008092611976,0.9998578641522681,,False
qwen/P15/L11/l2_logistic/C=10,qwen,11,l2_logistic,10.0,P15,2778,new_successor_fit,True,5e1bf47a457558cbc0735bd8f9f13ca029cbf3a4,,,fits/b48a9d42cf85472403340596/fit.json,0acb9cf40d363b4ef1a1e82ff043022c1d4fc5319629cc02099d1c06137c8eec,,True,,0.9997734693558719,0.9998065543472162,,False
qwen/P15/L11/difference_of_means,qwen,11,difference_of_means,,P15,2778,new_successor_fit,True,5e1bf47a457558cbc0735bd8f9f13ca029cbf3a4,,,fits/4c92098c0b5a6f4e8003bcac/fit.json,412c74fb7001b9c2752d12a24bf2dbe305d3c59fbe53dd2685f1af5df5ea913c,,False,atomic_retention_failed,0.9162969269946414,0.9394717706610853,,False
qwen/P15/L11/mass_mean_covariance,qwen,11,mass_mean_covariance,,P15,2778,new_successor_fit,True,5e1bf47a457558cbc0735bd8f9f13ca029cbf3a4,,,fits/fa7151be639564896ccd1fc3/fit.json,5715f530d054a976d2fa9dab868c9aba52e645f08abed31eb275585b9f05f4d4,,True,,0.9987501757565342,0.9979667227504112,,False
qwen/P15/L11/burger_t_g,qwen,11,burger_t_g,,P15,700,new_successor_fit,True,5e1bf47a457558cbc0735bd8f9f13ca029cbf3a4,,,fits/7295fadc5101bf9eb980ae72/fit.json,6dd2f1fc4da6ef19e0cfac759a4c2958db1e68028243645c8f3401f68d960990,,False,atomic_retention_failed,0.970711149994532,0.9840258665022986,,False
qwen/P15/L11/ttpd,qwen,11,ttpd,,P15,700,new_successor_fit,True,5e1bf47a457558cbc0735bd8f9f13ca029cbf3a4,,,fits/663f6c3d92eff65fbd6e95e9/fit.json,6b1a034b38bcbcab61b2914e5c32eca365d0addbcabf3a95a35dedaf5216f8ef,,False,atomic_retention_failed,0.9802215313471543,0.9892026243113937,,False
qwen/P15/L11/r0,qwen,11,r0,,P15,2778,exact_recoverability_reuse,True,3a5b7bb286876ff7bca4a57ddf2f337dc5d1733f,,qwen_R0_L11,fits/f0ba6c09f8c01a18d3332e02/fit.json,2383ec08852f539ecf4d4d93348f3edf347c6c780529ed6713cfee0a1a5c88e4,,True,,0.9997734693558719,0.9998043021964123,,False
qwen/P15/L12/l2_logistic/C=0.001,qwen,12,l2_logistic,0.001,P15,2778,new_successor_fit,True,5e1bf47a457558cbc0735bd8f9f13ca029cbf3a4,,,fits/54e8c35442482f3ab0291008/fit.json,d52ce7e804616a4a8b772fd6d6d78ca2cc549bdae0d759d6eac90a3f88c0e4b3,,True,,0.9990509147151182,0.9981247877009244,,False
qwen/P15/L12/l2_logistic/C=0.01,qwen,12,l2_logistic,0.01,P15,2778,new_successor_fit,True,5e1bf47a457558cbc0735bd8f9f13ca029cbf3a4,,,fits/2cd00b5b1eddf58f23f3e488/fit.json,41cdd3bc7e64ed79ec39a1251e021af560ef3e0ebd7941298a4b36fa009a2158,,True,,0.9997617522535893,0.999501170924448,,False
qwen/P15/L12/l2_logistic/C=0.1,qwen,12,l2_logistic,0.1,P15,2778,new_successor_fit,True,5e1bf47a457558cbc0735bd8f9f13ca029cbf3a4,,,fits/bec9e4780aedad716343591c/fit.json,3befbc397c7d05db9cb381a72a5feb8c351f6a70b3982accb409a2a3c4873d11,,True,,0.9998281491665234,0.999679650741709,,False
qwen/P15/L12/l2_logistic/C=1,qwen,12,l2_logistic,1.0,P15,2778,new_successor_fit,True,5e1bf47a457558cbc0735bd8f9f13ca029cbf3a4,,,fits/bdc0c1b3d3057c5e44c0aad4/fit.json,8b3c8c8cb3d0ce32a461cd300575e2f6e55b070727c4dc8c7bb2e6aefe092a49,,True,,0.9997890921589152,0.9996706421384929,,False
qwen/P15/L12/l2_logistic/C=10,qwen,12,l2_logistic,10.0,P15,2778,new_successor_fit,True,5e1bf47a457558cbc0735bd8f9f13ca029cbf3a4,,,fits/bdc0b807682b5d80361dafa5/fit.json,f679d9ce4e774693e447ff4fc341678d48a82192e68206597437cc22e3501796,,True,,0.9997305066475027,0.9996638856860807,,False
qwen/P15/L12/difference_of_means,qwen,12,difference_of_means,,P15,2778,new_successor_fit,True,5e1bf47a457558cbc0735bd8f9f13ca029cbf3a4,,,fits/09f8b6f77b5706b9c881809d/fit.json,cf3b3744d94b7df98141e3e443f411d139ea420aac570cbf1a8f6a659603297e,,False,atomic_retention_failed,0.9454217375681545,0.9613131145496185,,False
qwen/P15/L12/mass_mean_covariance,qwen,12,mass_mean_covariance,,P15,2778,new_successor_fit,True,5e1bf47a457558cbc0735bd8f9f13ca029cbf3a4,,,fits/3afee152b2d9644de1803410/fit.json,e013e6a0ab4031bff507c3071f1f7b43f14da73803095ed251cf067d67c71adc,,True,,0.9996523926322861,0.9995278483115604,,False
qwen/P15/L12/burger_t_g,qwen,12,burger_t_g,,P15,700,new_successor_fit,True,5e1bf47a457558cbc0735bd8f9f13ca029cbf3a4,,,fits/54f7c392cc6f88f349ef44fb/fit.json,64ae3ae27ed01924e3b612840d7f7ed791f2948716ff3c7df014c5b7a4d28425,,False,atomic_retention_failed,0.9813385617647519,0.9891750133775192,,False
qwen/P15/L12/ttpd,qwen,12,ttpd,,P15,700,new_successor_fit,True,5e1bf47a457558cbc0735bd8f9f13ca029cbf3a4,,,fits/64be3510d535e550a6e1b68f/fit.json,2b89c8c7d920d133b3e4755f4bf90adc7ad459c9f7c0fefbb736e2cc60222a36,,False,atomic_retention_failed,0.9888765642331547,0.9946721359275299,,False
qwen/P15/L12/r0,qwen,12,r0,,P15,2778,exact_recoverability_reuse,True,3a5b7bb286876ff7bca4a57ddf2f337dc5d1733f,,qwen_R0_L12,fits/83785db69e5be7f4d6369e61/fit.json,af4239ada7561756e83d3c6299c3048c5b6e25ab0cfcf3a434c2b26a43b00b7f,,True,,0.999769563655111,0.9997504738338547,,False
qwen/P15/L13/l2_logistic/C=0.001,qwen,13,l2_logistic,0.001,P15,2778,new_successor_fit,True,5e1bf47a457558cbc0735bd8f9f13ca029cbf3a4,,,fits/05e16281e76c44cbe5a402f7/fit.json,569b5ca7e725da4083cd737925b61d5518f6cf67c1a23527b7c5c72979fb3a0e,,True,,0.9992657282569639,0.9983344880882615,,False
qwen/P15/L13/l2_logistic/C=0.01,qwen,13,l2_logistic,0.01,P15,2778,new_successor_fit,True,5e1bf47a457558cbc0735bd8f9f13ca029cbf3a4,,,fits/943713c257b758d0d13c99aa/fit.json,7126232c64fa8ddf0f4f80ada10ec2cdf085a35bb85ed8a2e061381d752cbf91,,True,,0.9997187895452202,0.999754711728761,,False
qwen/P15/L13/l2_logistic/C=0.1,qwen,13,l2_logistic,0.1,P15,2778,new_successor_fit,True,5e1bf47a457558cbc0735bd8f9f13ca029cbf3a4,,,fits/2fc258f788fac18847c6b833/fit.json,3fc2a013f7c74624f0c707e371a20f7de541ea0bbabbef3022574009d90f1641,,True,,0.9997344123482635,0.9998348098308243,,False
qwen/P15/L13/l2_logistic/C=1,qwen,13,l2_logistic,1.0,P15,2778,new_successor_fit,True,5e1bf47a457558cbc0735bd8f9f13ca029cbf3a4,,,fits/59b4433a0d87ec72ba79cc74/fit.json,64a088256ea20d5804fb8393bed249162a27685eceb259b1162b3c5ae447eb3b,,True,,0.9997148838444594,0.9997880043273806,,False
qwen/P15/L13/l2_logistic/C=10,qwen,13,l2_logistic,10.0,P15,2778,new_successor_fit,True,5e1bf47a457558cbc0735bd8f9f13ca029cbf3a4,,,fits/70a0259ef69b17fb37ce894f/fit.json,407a0d29c158ccee5ce971b31f59a4868b69042a472a28341cc4a4382c9c8113,,True,,0.9996797325376119,0.9997835000257724,,False
qwen/P15/L13/difference_of_means,qwen,13,difference_of_means,,P15,2778,new_successor_fit,True,5e1bf47a457558cbc0735bd8f9f13ca029cbf3a4,,,fits/d0f2e76eafe28d76d7a12bc8/fit.json,e98691362a5d3a5bee470aec1fc72f5b25e760dbca4cdeb03c6ead2675572503,,False,atomic_retention_failed,0.9759643175178491,0.9712578725795874,,False
qwen/P15/L13/mass_mean_covariance,qwen,13,mass_mean_covariance,,P15,2778,new_successor_fit,True,5e1bf47a457558cbc0735bd8f9f13ca029cbf3a4,,,fits/8020ae355ebb620ee62c0598/fit.json,2d75bfc298c13a835b0282ba6595073882f1872c1605e9f5b302c26523ad46ad,,True,,0.9982658688621913,0.99378122713487,,False
qwen/P15/L13/burger_t_g,qwen,13,burger_t_g,,P15,700,new_successor_fit,True,5e1bf47a457558cbc0735bd8f9f13ca029cbf3a4,,,fits/b3242014b72428fb03ed3966/fit.json,e362391f8d089549344c7b2cfd48858068f293365cdf97eeb143a0afd0d54bd1,,False,atomic_retention_failed,0.9912356074926963,0.9906767139164643,,False
qwen/P15/L13/ttpd,qwen,13,ttpd,,P15,700,new_successor_fit,True,5e1bf47a457558cbc0735bd8f9f13ca029cbf3a4,,,fits/b8c5354f5c9f813015e91c3d/fit.json,656ed4dce89fc6da490c1fc8b2f5e9a1e3a7088dc772580b6bfec03580419c66,,True,,0.9949616460185287,0.9954968300555622,,False
qwen/P15/L13/r0,qwen,13,r0,,P15,2778,exact_recoverability_reuse,True,3a5b7bb286876ff7bca4a57ddf2f337dc5d1733f,,qwen_R0_L13,fits/36c81010ee6daa7a263bb83a/fit.json,054ec8dfe10d3771bf264a8b16b672fe792b37fe9a7ff94ee86473313416f9df,,True,,0.9997070724429377,0.9997789957241645,,False
qwen/P15/L14/l2_logistic/C=0.001,qwen,14,l2_logistic,0.001,P15,2778,new_successor_fit,True,5e1bf47a457558cbc0735bd8f9f13ca029cbf3a4,,,fits/16bd5e8ed7a2c10f4af1d47a/fit.json,c65bc4155f24ceb46b02411fe7e978ccc94d0c191582aa915aa2cf18af73e28b,,True,,0.9995664672155478,0.9986906214433076,,False
qwen/P15/L14/l2_logistic/C=0.01,qwen,14,l2_logistic,0.01,P15,2778,new_successor_fit,True,5e1bf47a457558cbc0735bd8f9f13ca029cbf3a4,,,fits/05af3ff629be998958ea1abf/fit.json,8927386a5c8ba4639d4f8c9ccd321c629a0e5a5837db4e2bb54b81fa32ab0acb,,True,,0.9997578465528285,0.999923916536104,,False
qwen/P15/L14/l2_logistic/C=0.1,qwen,14,l2_logistic,0.1,P15,2778,new_successor_fit,True,5e1bf47a457558cbc0735bd8f9f13ca029cbf3a4,,,fits/49e121fb19dbe32d58610fd4/fit.json,1e97a3563a3e4afcb93b6d2fc9c1b6cac0e4783b1fd1accc9a300dc2913fb957,,True,,0.999746129450546,0.9999594612855276,,False
qwen/P15/L14/l2_logistic/C=1,qwen,14,l2_logistic,1.0,P15,2778,new_successor_fit,True,5e1bf47a457558cbc0735bd8f9f13ca029cbf3a4,,,fits/2dd835819a6bbf99bdaa793a/fit.json,d669d3274742f1286f2b3cef88f97b420385be126595571a116ad566906f2fa3,,True,,0.9997148838444594,0.9999527048331156,,False
qwen/P15/L14/l2_logistic/C=10,qwen,14,l2_logistic,10.0,P15,2778,new_successor_fit,True,5e1bf47a457558cbc0735bd8f9f13ca029cbf3a4,,,fits/19078ff7b1f8d2b4df8f664a/fit.json,d8f34481edaae3f666d2dcb37443ae7aa0a51e3e87e61f0bd13d5ab88aa6cad6,,True,,0.9996953553406552,0.9999527048331156,,False
qwen/P15/L14/difference_of_means,qwen,14,difference_of_means,,P15,2778,new_successor_fit,True,5e1bf47a457558cbc0735bd8f9f13ca029cbf3a4,,,fits/8b366b282f082ad4432e7492/fit.json,a4f0059590b19f4d9968b7e0b9bf5ff7e9516ae08e419f866cb74fa02594726d,,False,atomic_retention_failed,0.9893257198206502,0.9746155073344044,,False
qwen/P15/L14/mass_mean_covariance,qwen,14,mass_mean_covariance,,P15,2778,new_successor_fit,True,5e1bf47a457558cbc0735bd8f9f13ca029cbf3a4,,,fits/cf5fc2ec89b1d19c8de1e8cb/fit.json,c1ded3d6032b3f333791433cb8b93a9a5f650831685d698aaa952797d6412899,,True,,0.9995547501132653,0.9992465805839206,,False
qwen/P15/L14/burger_t_g,qwen,14,burger_t_g,,P15,700,new_successor_fit,True,5e1bf47a457558cbc0735bd8f9f13ca029cbf3a4,,,fits/816f498fe6da5933ee9aec20/fit.json,057f18839045c5182e1c920efef1a10e911b054777e9137e279f680c42c33765,,False,atomic_retention_failed,0.9938446156009311,0.9888498065514847,,False
qwen/P15/L14/ttpd,qwen,14,ttpd,,P15,700,new_successor_fit,True,5e1bf47a457558cbc0735bd8f9f13ca029cbf3a4,,,fits/6897f5910cd657fdc94dd0c4/fit.json,f59696e61bf6d407ca4023c12a7151ace9a05ceac7eab76bbde7853bc6a81273,,True,,0.995668577856239,0.9942021796470216,,False
qwen/P15/L14/r0,qwen,14,r0,,P15,2778,exact_recoverability_reuse,True,3a5b7bb286876ff7bca4a57ddf2f337dc5d1733f,,qwen_R0_L14,fits/b1c04ef28701739bdf66aa83/fit.json,0ff594b4b90083e0b53c0e9a3b46f1c99b59a1738c1ac33c954c9e966cd83843,,True,,0.9997148838444594,0.9999549569839197,,False
qwen/P15/L15/l2_logistic/C=0.001,qwen,15,l2_logistic,0.001,P15,2778,new_successor_fit,True,5e1bf47a457558cbc0735bd8f9f13ca029cbf3a4,,,fits/10b3f808005ff65e411613fd/fit.json,0fd89c5412f2c2de32073abae255cfd985495f2429ea4119473457c944efb7db,,True,,0.999609429923917,0.9993272935152216,,False
qwen/P15/L15/l2_logistic/C=0.01,qwen,15,l2_logistic,0.01,P15,2778,new_successor_fit,True,5e1bf47a457558cbc0735bd8f9f13ca029cbf3a4,,,fits/77c685eaa23d2ab18e570df5/fit.json,f3207f47d1f69451e9a8415f6c51c9a325bda363bc86a572db6eb05f28aab0da,,True,,0.9997383180490244,0.9999126557820839,,False
qwen/P15/L15/l2_logistic/C=0.1,qwen,15,l2_logistic,0.1,P15,2778,new_successor_fit,True,5e1bf47a457558cbc0735bd8f9f13ca029cbf3a4,,,fits/fa5bdcf1d82caa9cd58f8305/fit.json,24d16b39312e2fbf5a811c4f2511c57775d104a63267e4cdc00a9492a4a8c86a,,True,,0.9997109781436986,0.9999549569839197,,False
qwen/P15/L15/l2_logistic/C=1,qwen,15,l2_logistic,1.0,P15,2778,new_successor_fit,True,5e1bf47a457558cbc0735bd8f9f13ca029cbf3a4,,,fits/386c7aaf526f8f3ab7c9bc46/fit.json,f564d1044f50b68ff204f8235e5df825c6618c9114277cf94db88b40c83d2788,,True,,0.9996797325376119,0.9999482005315077,11,False
qwen/P15/L15/l2_logistic/C=10,qwen,15,l2_logistic,10.0,P15,2778,new_successor_fit,True,5e1bf47a457558cbc0735bd8f9f13ca029cbf3a4,,,fits/69897caba52f2349130efd9b/fit.json,882c43c6e11acc562d22a9084a8a0cc8d7104612c89655fb258e353a46f38af5,,True,,0.9996445812307644,0.9999436962298995,,False
qwen/P15/L15/difference_of_means,qwen,15,difference_of_means,,P15,2778,new_successor_fit,True,5e1bf47a457558cbc0735bd8f9f13ca029cbf3a4,,,fits/7671968e3dcd0fcebc93c792/fit.json,952f4535edc22ced002f12b5f0e35d440f435d81f71643ff2dd04f9befb9aa41,,False,atomic_retention_failed,0.9936805761689762,0.9758981273987418,,False
qwen/P15/L15/mass_mean_covariance,qwen,15,mass_mean_covariance,,P15,2778,new_successor_fit,True,5e1bf47a457558cbc0735bd8f9f13ca029cbf3a4,,,fits/e2f12d05788945ef85eb0ff4/fit.json,33b519ab69748b0dc12197a6b0b987e83545dbcd6700afc1564013be12fe6266,,True,,0.9992774453592463,0.9989734833580355,,False
qwen/P15/L15/burger_t_g,qwen,15,burger_t_g,,P15,700,new_successor_fit,True,5e1bf47a457558cbc0735bd8f9f13ca029cbf3a4,,,fits/dbff7e1aa434fe5f6a61f6fe/fit.json,94c2dbd0e9421156674f40ebc8101b43daa9a4a4dc4c51dd51d3df219950e250,,True,,0.9962075645612336,0.9882164227043079,,False
qwen/P15/L15/ttpd,qwen,15,ttpd,,P15,700,new_successor_fit,True,5e1bf47a457558cbc0735bd8f9f13ca029cbf3a4,,,fits/a8a83351b99f7d9c6e1c82bb/fit.json,4e82ca3995e9996e9adad2a9df2e7ded33e39fb4de71ac43302f34432da7a097,,True,,0.996797325376119,0.994105644241095,,False
qwen/P15/L15/r0,qwen,15,r0,,P15,2778,exact_recoverability_reuse,True,3a5b7bb286876ff7bca4a57ddf2f337dc5d1733f,,qwen_R0_L15,fits/179d06585b9decab87067e5d/fit.json,33b7c4b74c8b42136b1cf05748d79b65afe60e00a6f985691191c913f7cf9dcb,,True,,0.9996797325376119,0.9999482005315077,,False
qwen/P15/L16/l2_logistic/C=0.001,qwen,16,l2_logistic,0.001,P15,2778,new_successor_fit,True,5e1bf47a457558cbc0735bd8f9f13ca029cbf3a4,,,fits/e4cc7ddfbcfa08b8debf61f3/fit.json,273edce5e5d8c0ae7f821a181847eb0a3204073e9ea53d950565f1491a35e873,,True,,0.9997070724429377,0.9994654578747489,,False
qwen/P15/L16/l2_logistic/C=0.01,qwen,16,l2_logistic,0.01,P15,2778,new_successor_fit,True,5e1bf47a457558cbc0735bd8f9f13ca029cbf3a4,,,fits/1a5449f99454cca05a9e587d/fit.json,1877baefec14a63837e6d1d26f85b25a15591956b2043b8e394b7f27d492dfde,,True,,0.999816432064241,0.9999774784919598,,False
qwen/P15/L16/l2_logistic/C=0.1,qwen,16,l2_logistic,0.1,P15,2778,new_successor_fit,True,5e1bf47a457558cbc0735bd8f9f13ca029cbf3a4,,,fits/05ff2b82a25929094e6dbcf0/fit.json,718788956910e90e19bff757455f0e1f6456674adb2182dde54a4c6eb5159a2b,,True,,0.999792997859676,0.9999662177379397,,False
qwen/P15/L16/l2_logistic/C=1,qwen,16,l2_logistic,1.0,P15,2778,new_successor_fit,True,5e1bf47a457558cbc0735bd8f9f13ca029cbf3a4,,,fits/90b9fb9fcb351f307b2b5125/fit.json,c182a8abd1c960fb9cea8dba17edec77be43f22aaa5e47c9c4135b300062415b,,True,,0.9997734693558719,0.9999549569839197,,False
qwen/P15/L16/l2_logistic/C=10,qwen,16,l2_logistic,10.0,P15,2778,new_successor_fit,True,5e1bf47a457558cbc0735bd8f9f13ca029cbf3a4,,,fits/6683ee9200952e6463de87d6/fit.json,9c92c84404c4f612b66eff45af5a72149903429eef15e575dce7853b964f1b20,,True,,0.9997539408520677,0.9999504526823116,,False
qwen/P15/L16/difference_of_means,qwen,16,difference_of_means,,P15,2778,new_successor_fit,True,5e1bf47a457558cbc0735bd8f9f13ca029cbf3a4,,,fits/ed030d09299141f1df6847df/fit.json,dbdabcd30faf20ef63a3137f761dbaf00bfe446d61daecaa293157515b514a38,,False,atomic_retention_failed,0.9933915543126748,0.9699125144249029,,False
qwen/P15/L16/mass_mean_covariance,qwen,16,mass_mean_covariance,,P15,2778,new_successor_fit,True,5e1bf47a457558cbc0735bd8f9f13ca029cbf3a4,,,fits/e827a22434fbd9c57487c71c/fit.json,56f97f0fb39ef39c7e207c78e9a6f5951688890db1765cc53a03d8d0625d5705,,True,,0.999722695245981,0.9998726067310522,,False
qwen/P15/L16/burger_t_g,qwen,16,burger_t_g,,P15,700,new_successor_fit,True,5e1bf47a457558cbc0735bd8f9f13ca029cbf3a4,,,fits/654ac3706ca25aa39d6af7d8/fit.json,2fac3f62aff3b7e5510fe34d5289c22b097d7e9862d9fc5ec97b5523d3956865,,True,,0.9962583386711243,0.9855117879007949,,False
qwen/P15/L16/ttpd,qwen,16,ttpd,,P15,700,new_successor_fit,True,5e1bf47a457558cbc0735bd8f9f13ca029cbf3a4,,,fits/edaf8385fc292df17187e036/fit.json,28a9196ad0cd0f6045c979945570d6064a33efd8eab43ffdb5915ad4a4bc8257,,True,,0.9962309987657986,0.9922304844514341,,False
qwen/P15/L16/r0,qwen,16,r0,,P15,2778,exact_recoverability_reuse,True,3a5b7bb286876ff7bca4a57ddf2f337dc5d1733f,,qwen_R0_L16,fits/ed24c554eb1dbc126355aa45/fit.json,ab2536bdfe4b8c207bb159b9d52f208c0c007e987419c966b34253c9160dc9d6,,True,,0.9998398662688059,0.9999684698887437,,False
qwen/P15/L17/l2_logistic/C=0.001,qwen,17,l2_logistic,0.001,P15,2778,new_successor_fit,True,5e1bf47a457558cbc0735bd8f9f13ca029cbf3a4,,,fits/5977f9563f988abcfa71f0f2/fit.json,613aa127ef451f6eb0d768ca859633af76acd4726e9c9d52b6bd3762a436ad31,,True,,0.9997969035604368,0.9999396815917321,,False
qwen/P15/L17/l2_logistic/C=0.01,qwen,17,l2_logistic,0.01,P15,2778,new_successor_fit,True,5e1bf47a457558cbc0735bd8f9f13ca029cbf3a4,,,fits/eee4821d7fa97e15c351b765/fit.json,495ea630a1991e578625d7d237e02398c082722399dd87f9df11abd5269cfd5a,,True,,0.9998398662688059,0.9999797306427638,,True
qwen/P15/L17/l2_logistic/C=0.1,qwen,17,l2_logistic,0.1,P15,2778,new_successor_fit,True,5e1bf47a457558cbc0735bd8f9f13ca029cbf3a4,,,fits/3bebe3db1a091ec667732a37/fit.json,83bbefd4b9d24696b003749759bc67d4d334a88b65334a1263f637e0327d7698,,True,,0.9998359605680451,0.9999774784919598,,False
qwen/P15/L17/l2_logistic/C=1,qwen,17,l2_logistic,1.0,P15,2778,exact_recoverability_reuse,True,3a5b7bb286876ff7bca4a57ddf2f337dc5d1733f,,qwen_reduced_LR_L17,fits/0b4c1a53637be088b54eb840/fit.json,593b25a835158e077feb4f300664cda171f1f1e04f587a7d2b29445f1e45f2f1,,True,,0.9998320548672843,0.9999729741903518,,False
qwen/P15/L17/l2_logistic/C=10,qwen,17,l2_logistic,10.0,P15,2778,new_successor_fit,True,5e1bf47a457558cbc0735bd8f9f13ca029cbf3a4,,,fits/c44d8a48322b0062f3385271/fit.json,6d8dc3fa795a8d90ff411af212deb76fd00575d3cc563253251c300380204c7f,,True,,0.9998281491665234,0.9999729741903518,,False
qwen/P15/L17/difference_of_means,qwen,17,difference_of_means,,P15,2778,new_successor_fit,True,5e1bf47a457558cbc0735bd8f9f13ca029cbf3a4,,,fits/85102cf2ebad059c8471cf0e/fit.json,325df8736beb0f75fda93cd83e12413bb820578dd56995b79425e40f14298839,,True,,0.9962114702619944,0.9808067370241073,,False
qwen/P15/L17/mass_mean_covariance,qwen,17,mass_mean_covariance,,P15,2778,new_successor_fit,True,5e1bf47a457558cbc0735bd8f9f13ca029cbf3a4,,,fits/d2936c0b70369acf36a8b428/fit.json,1d2cd9ee6f4993a2475d9f81ae5630048216022d31e9e6f8b94b55b8370cbe87,,True,,0.9996953553406552,0.9999549569839197,,False
qwen/P15/L17/burger_t_g,qwen,17,burger_t_g,,P15,700,new_successor_fit,True,5e1bf47a457558cbc0735bd8f9f13ca029cbf3a4,,,fits/175d4ab045c5fec67164505e/fit.json,fb8ab5d4c3ef8c3c42cd24544f59a8a3b0480b129b26e05b0f39fb182cda1a5a,,True,,0.9980159040134982,0.9916517913687072,,False
qwen/P15/L17/ttpd,qwen,17,ttpd,,P15,700,new_successor_fit,True,5e1bf47a457558cbc0735bd8f9f13ca029cbf3a4,,,fits/4adfb3a6e1a1907ae74d851b/fit.json,28be591fd7668471f91c0698ff5f22e1fd428e8e0f4ef26659168d0ff82abdaf,,True,,0.9971214985392679,0.9964670911992032,,False
qwen/P15/L17/r0,qwen,17,r0,,P15,2778,exact_recoverability_reuse,True,3a5b7bb286876ff7bca4a57ddf2f337dc5d1733f,,qwen_R0_L17,fits/8fa3f2f9759522f376f42719/fit.json,b21cef5e81760fdaed91d8bcb9fb7963d60e952198346302ff82c0da0be402ca,,True,,0.9998398662688059,0.9999752263411559,,False
qwen/P15/L18/l2_logistic/C=0.001,qwen,18,l2_logistic,0.001,P15,2778,new_successor_fit,True,5e1bf47a457558cbc0735bd8f9f13ca029cbf3a4,,,fits/d2b953416c71e7149cd54c5c/fit.json,9945f512b18ffd69ffa65cd33573f37db21a5cc23c78e09590c9632ce07cc8c0,,True,,0.999769563655111,0.9999774784919598,,False
qwen/P15/L18/l2_logistic/C=0.01,qwen,18,l2_logistic,0.01,P15,2778,new_successor_fit,True,5e1bf47a457558cbc0735bd8f9f13ca029cbf3a4,,,fits/e5686a58a90372f12bbe8b5e/fit.json,8d5fbf192464ba52477e3620cce356b4e0159942584dd7f6e482d6f13d6478c8,,True,,0.999769563655111,0.9999774784919598,,False
qwen/P15/L18/l2_logistic/C=0.1,qwen,18,l2_logistic,0.1,P15,2778,new_successor_fit,True,5e1bf47a457558cbc0735bd8f9f13ca029cbf3a4,,,fits/ef211ad223b01754e8429479/fit.json,b7225238568be8708e090df9ceb3c4b05bcc123d691d18575e9a1a2954138726,,True,,0.999746129450546,0.9999752263411559,,False
qwen/P15/L18/l2_logistic/C=1,qwen,18,l2_logistic,1.0,P15,2778,new_successor_fit,True,5e1bf47a457558cbc0735bd8f9f13ca029cbf3a4,,,fits/5a099005244701b32bfac8fc/fit.json,dbe9bc47eb4789e4322abc80970bf37b592619eadd7db31a9ac6bc86d599635a,,True,,0.9996953553406552,0.9999594612855276,,False
qwen/P15/L18/l2_logistic/C=10,qwen,18,l2_logistic,10.0,P15,2778,new_successor_fit,True,5e1bf47a457558cbc0735bd8f9f13ca029cbf3a4,,,fits/91555416d68045a1d3d250ff/fit.json,e81d58a424ed01def01e23bec5626f047e3bfc769b184a0c2581f4e4cdf78492,,True,,0.9996797325376119,0.9999572091347236,23;37,False
qwen/P15/L18/difference_of_means,qwen,18,difference_of_means,,P15,2778,new_successor_fit,True,5e1bf47a457558cbc0735bd8f9f13ca029cbf3a4,,,fits/ca1759b0be81dc0ecb92a520/fit.json,574c8a4bbbef79a15996bf18791ef34e574bd6b4c80098dbf3b4cab36dcee168,,True,,0.9987033073474043,0.996268675147918,,False
qwen/P15/L18/mass_mean_covariance,qwen,18,mass_mean_covariance,,P15,2778,new_successor_fit,True,5e1bf47a457558cbc0735bd8f9f13ca029cbf3a4,,,fits/bbb49d727733ea4e1e61a7d4/fit.json,52e72d8c2595c1793542734a1ff4c9d00d2b1477d7518f9dea42571c58d70a88,,True,,0.9996367698292428,0.9996935120845535,,False
qwen/P15/L18/burger_t_g,qwen,18,burger_t_g,,P15,700,new_successor_fit,True,5e1bf47a457558cbc0735bd8f9f13ca029cbf3a4,,,fits/156cc8b3ed3d0a25ca377eba/fit.json,2c7fba2682e366c723878ff481c72673cb430ee363997dd87373e809a7290a1a,,True,,0.999261822556203,0.9991677552902953,,False
qwen/P15/L18/ttpd,qwen,18,ttpd,,P15,700,new_successor_fit,True,5e1bf47a457558cbc0735bd8f9f13ca029cbf3a4,,,fits/9a1598af5bd983c399bc5131/fit.json,fca85dc7a01f4352d3f08132b839b01f6f55cb4111ad1fa6a852f4ea854f2561,,True,,0.9987501757565342,0.9991822746123404,,False
qwen/P15/L18/r0,qwen,18,r0,,P15,2778,exact_recoverability_reuse,True,3a5b7bb286876ff7bca4a57ddf2f337dc5d1733f,,qwen_R0_L18,fits/980d881764ddd4078d0327f8/fit.json,2864df726c412941aea956f6fb75e9db1b0578d2ae83a86bb38f253495f41deb,,True,,0.9996055242231561,0.9999211747218594,,False
qwen/P15/L19/l2_logistic/C=0.001,qwen,19,l2_logistic,0.001,P15,2778,new_successor_fit,True,5e1bf47a457558cbc0735bd8f9f13ca029cbf3a4,,,fits/0a640a6af98d687ef4e30036/fit.json,769cb4838588c97c79d5e0aa566905beb27c845228493f1a79afa289f318e658,,True,,0.9996289584277211,0.9998370619816285,,False
qwen/P15/L19/l2_logistic/C=0.01,qwen,19,l2_logistic,0.01,P15,2778,new_successor_fit,True,5e1bf47a457558cbc0735bd8f9f13ca029cbf3a4,,,fits/5db7449af49111860ca7e1f9/fit.json,5997a61f04031d7ed0fa934db36da8ff3f2af6af1991f891b0275f4e4691246e,,True,,0.9996719211360903,0.999923916536104,,False
qwen/P15/L19/l2_logistic/C=0.1,qwen,19,l2_logistic,0.1,P15,2778,new_successor_fit,True,5e1bf47a457558cbc0735bd8f9f13ca029cbf3a4,,,fits/cc3b0b1a58f78a61f9a325e8/fit.json,1661e438d2b1fdef852b21263f39c988e29a81892e7bd3e903cdcd6d4626379c,,True,,0.9996484869315253,0.9999639655871357,,False
qwen/P15/L19/l2_logistic/C=1,qwen,19,l2_logistic,1.0,P15,2778,new_successor_fit,True,5e1bf47a457558cbc0735bd8f9f13ca029cbf3a4,,,fits/4ffade413ac5ec93daf47b18/fit.json,5b98123a04226cbe0a5342f6c1961becfc6bebbbf6975daac51fe888b036e51c,,True,,0.9996133356246778,0.9999527048331156,,False
qwen/P15/L19/l2_logistic/C=10,qwen,19,l2_logistic,10.0,P15,2778,new_successor_fit,True,5e1bf47a457558cbc0735bd8f9f13ca029cbf3a4,,,fits/53b4349e6d2257beb6d23c9f/fit.json,451c75db352c9ef01e209d7eff2971a4589f3a15cba106683f11eeae129b2e6c,,True,,0.9995938071208736,0.9999436962298995,,False
qwen/P15/L19/difference_of_means,qwen,19,difference_of_means,,P15,2778,new_successor_fit,True,5e1bf47a457558cbc0735bd8f9f13ca029cbf3a4,,,fits/799962db090c533af6f20629/fit.json,76b622d2860d31f09c09d88710472770984d4b24e6a19d570ca92cc38bbf37c8,,True,,0.9948757206017904,0.9932112441226696,,False
qwen/P15/L19/mass_mean_covariance,qwen,19,mass_mean_covariance,,P15,2778,new_successor_fit,True,5e1bf47a457558cbc0735bd8f9f13ca029cbf3a4,,,fits/145b2253efc61a646b388d85/fit.json,27eccfaa12c9e3b56ff62937a7b7c2dcb8e26288492a100979240a4aca38050e,,True,,0.9993789935790279,0.9996308434345398,,False
qwen/P15/L19/burger_t_g,qwen,19,burger_t_g,,P15,700,new_successor_fit,True,5e1bf47a457558cbc0735bd8f9f13ca029cbf3a4,,,fits/c0536ca2c6067cd705977841/fit.json,67d472ab44123a2224a9198f304c293108d365f40f71119b9ad2b51819d5d3c2,,True,,0.9961841303566686,0.9960633437611566,,False
qwen/P15/L19/ttpd,qwen,19,ttpd,,P15,700,new_successor_fit,True,5e1bf47a457558cbc0735bd8f9f13ca029cbf3a4,,,fits/79a0e1ed56fedd4cbb572a54/fit.json,54ccf1bf00fcfa7d0c96c0ac4bd959a249834eff47c775d440fc2b13646e0b96,,True,,0.9951256854504835,0.996544535427244,,False
qwen/P15/L19/r0,qwen,19,r0,,P15,2778,exact_recoverability_reuse,True,3a5b7bb286876ff7bca4a57ddf2f337dc5d1733f,,qwen_R0_L19,fits/7a94e69905954531d054a975/fit.json,09a8a18572760fc41e8810bf74928ee0c08b8e4662d491249b17c43384548cf5,,True,,0.9995235045071786,0.9999144182694473,,False
qwen/P15/L20/l2_logistic/C=0.001,qwen,20,l2_logistic,0.001,P15,2778,new_successor_fit,True,5e1bf47a457558cbc0735bd8f9f13ca029cbf3a4,,,fits/88447dda9608613356e56d9b/fit.json,90e1a97a88b794c07c51db9122e0e00dac68d3067a930ad65c74b66bdac32f65,,True,,0.9995703729163087,0.9997857521765766,,False
qwen/P15/L20/l2_logistic/C=0.01,qwen,20,l2_logistic,0.01,P15,2778,new_successor_fit,True,5e1bf47a457558cbc0735bd8f9f13ca029cbf3a4,,,fits/914132d1d5094a7874f9bec0/fit.json,945e8ecdeefb8baa5e0b73cb8dcb8f5ca1a905b6a92e9413fea23328620a2993,,True,,0.9996602040338077,0.999923916536104,,False
qwen/P15/L20/l2_logistic/C=0.1,qwen,20,l2_logistic,0.1,P15,2778,new_successor_fit,True,5e1bf47a457558cbc0735bd8f9f13ca029cbf3a4,,,fits/c21409eb53d15f4364bd118d/fit.json,e567c7371212c32b65b298497ef968793ad0397ddfab8be5eea9e0753be412e7,,True,,0.9996875439391335,0.999926168686908,,False
qwen/P15/L20/l2_logistic/C=1,qwen,20,l2_logistic,1.0,P15,2778,new_successor_fit,True,5e1bf47a457558cbc0735bd8f9f13ca029cbf3a4,,,fits/b1bc628d2d60273da712d31c/fit.json,ef7d0104419224afb6f17af7427fdda46448a8c4aade4c909456ecc5c397aeb9,,True,,0.999699261041416,0.999926168686908,,False
qwen/P15/L20/l2_logistic/C=10,qwen,20,l2_logistic,10.0,P15,2778,new_successor_fit,True,5e1bf47a457558cbc0735bd8f9f13ca029cbf3a4,,,fits/da663b230764c04e1a92693d/fit.json,f5e0b71d4480808f9c406d13e727fe6fd79ae5c7b711c4385e15b6b82ec01ec4,,True,,0.9996914496398944,0.9999662177379397,,False
qwen/P15/L20/difference_of_means,qwen,20,difference_of_means,,P15,2778,new_successor_fit,True,5e1bf47a457558cbc0735bd8f9f13ca029cbf3a4,,,fits/bba0a9771a705bbc28d72a8a/fit.json,c4946ce69fb0435cca414e1c6dc152cc73f933de7653dac027f3daf9e6cb4b1c,,False,atomic_retention_failed,0.9890093580590229,0.9861123259044227,,False
qwen/P15/L20/mass_mean_covariance,qwen,20,mass_mean_covariance,,P15,2778,new_successor_fit,True,5e1bf47a457558cbc0735bd8f9f13ca029cbf3a4,,,fits/d2e0091806d2216fcfef0dcd/fit.json,f1890eab7b6218329ee1949158085fe9da47cce17e7e8c6089d9fa1c1fd2bfbf,,True,,0.9997187895452202,0.9995274406639538,,False
qwen/P15/L20/burger_t_g,qwen,20,burger_t_g,,P15,700,new_successor_fit,True,5e1bf47a457558cbc0735bd8f9f13ca029cbf3a4,,,fits/9fabd907c9033261da457733/fit.json,5db1c6820e29e8a0b2cfdc833f52c56010b7b1e2269b574e2bf440cb289695ca,,False,atomic_retention_failed,0.9915441578528019,0.9927665953560041,,False
qwen/P15/L20/ttpd,qwen,20,ttpd,,P15,700,new_successor_fit,True,5e1bf47a457558cbc0735bd8f9f13ca029cbf3a4,,,fits/d497bb4545b099e90a48619d/fit.json,588b4b7f375f773eb772e0897a3bc38d838e6e9b6d844c7518803e80b4df9346,,False,atomic_retention_failed,0.9905091471511819,0.9931115491970806,,False
qwen/P15/L20/r0,qwen,20,r0,,P15,2778,exact_recoverability_reuse,True,3a5b7bb286876ff7bca4a57ddf2f337dc5d1733f,,qwen_R0_L20,fits/5cad2a6f93ce0db1c122a8dd/fit.json,6eb904105f527eeb66d71f4170a77bc2060a1c6c6b0b5f7b329d4b623831f468,,True,,0.9995039760033745,0.9998253115641678,,False
qwen/P15/L21/l2_logistic/C=0.001,qwen,21,l2_logistic,0.001,P15,2778,new_successor_fit,True,5e1bf47a457558cbc0735bd8f9f13ca029cbf3a4,,,fits/56544927f640b924dbd6b5b0/fit.json,ce3787adfda77fc7712babea6ab0d0ae16491bed7ccb28fcdc2bba5c93bb9835,,True,,0.999421956287397,0.9998167926243923,,False
qwen/P15/L21/l2_logistic/C=0.01,qwen,21,l2_logistic,0.01,P15,2778,new_successor_fit,True,5e1bf47a457558cbc0735bd8f9f13ca029cbf3a4,,,fits/ddc5f750b3b1c8d4682a0a30/fit.json,8cbac66ad04f468256a36cb0ae3c28f8cd94b8c0a8621b569383c7beb6af6566,,True,,0.9994766360980487,0.9997812478749685,,False
qwen/P15/L21/l2_logistic/C=0.1,qwen,21,l2_logistic,0.1,P15,2778,new_successor_fit,True,5e1bf47a457558cbc0735bd8f9f13ca029cbf3a4,,,fits/d8a6a48717eaa44e9c0b201f/fit.json,a476c051d5a06d1dbcd7d5e1a140fa236fc29b09ddd0eb2830c23abdf6d6a9fb,,True,,0.9994649189957662,0.9998258012276082,,False
qwen/P15/L21/l2_logistic/C=1,qwen,21,l2_logistic,1.0,P15,2778,new_successor_fit,True,5e1bf47a457558cbc0735bd8f9f13ca029cbf3a4,,,fits/000aadf9610a3985198dffc2/fit.json,53d94edd80ddf6cd8009c0b785ade8f0d72e86c4829b7f2b10b393f7e863d503,,True,,0.9994492961927229,0.9999527048331156,,False
qwen/P15/L21/l2_logistic/C=10,qwen,21,l2_logistic,10.0,P15,2778,new_successor_fit,True,5e1bf47a457558cbc0735bd8f9f13ca029cbf3a4,,,fits/8a22e59463d8fd4491dafc65/fit.json,dcff7f5915a82e730c7292a3439a1b4accaeeb46da5a4899b6761acfbe0f8bc8,,True,,0.9994024277835929,0.9999414440790956,,False
qwen/P15/L21/difference_of_means,qwen,21,difference_of_means,,P15,2778,new_successor_fit,True,5e1bf47a457558cbc0735bd8f9f13ca029cbf3a4,,,fits/6c85faa5d0050fe41ebf6391/fit.json,fa57694e94e01554576b9a2968f1ea6308d9c498297ce16c4ec68332b5033303,,False,atomic_retention_failed,0.9787178365542346,0.9736486507711504,,False
qwen/P15/L21/mass_mean_covariance,qwen,21,mass_mean_covariance,,P15,2778,new_successor_fit,True,5e1bf47a457558cbc0735bd8f9f13ca029cbf3a4,,,fits/85599d1e52502f99042fbdd0/fit.json,1e2cd4c89ab84aace5ab16d38e3233ed69d1cfa85ccb974c04bb22b6976e3147,,True,,0.9994141448858754,0.9992105732304267,,False
qwen/P15/L21/burger_t_g,qwen,21,burger_t_g,,P15,700,new_successor_fit,True,5e1bf47a457558cbc0735bd8f9f13ca029cbf3a4,,,fits/c7a854a9b59a3fa3c66ba67f/fit.json,3f6bdd9aef830f04bdcf4974521029fe8efb2583d1c93cc91591e979cbe2e731,,False,atomic_retention_failed,0.9797840928619412,0.9847862783850975,,False
qwen/P15/L21/ttpd,qwen,21,ttpd,,P15,700,new_successor_fit,True,5e1bf47a457558cbc0735bd8f9f13ca029cbf3a4,,,fits/b5ebc2e1d4185d1450e384e5/fit.json,143f2a063d8118293cffbd0ac00147a29dda8f45bcba6fc37a85854964896548,,False,atomic_retention_failed,0.980366042275305,0.9874320960137876,,False
qwen/P15/L21/r0,qwen,21,r0,,P15,2778,exact_recoverability_reuse,True,3a5b7bb286876ff7bca4a57ddf2f337dc5d1733f,,qwen_R0_L21,fits/463791cef80752d065669ef0/fit.json,f50fdeebcaa2d99221a9dd58cb973284bc9455ead16e4d9cfe3067daac65099e,,True,,0.999125123029574,0.999741981984419,,False
qwen/P15/L22/l2_logistic/C=0.001,qwen,22,l2_logistic,0.001,P15,2778,new_successor_fit,True,5e1bf47a457558cbc0735bd8f9f13ca029cbf3a4,,,fits/f40eefb3da85e881dad1ccbd/fit.json,0e9b0c995e773cd579d11a539e8d13f9c78aacce22a150c521b6d460f96b2191,,True,,0.9992696339577247,0.9997186773158966,,False
qwen/P15/L22/l2_logistic/C=0.01,qwen,22,l2_logistic,0.01,P15,2778,new_successor_fit,True,5e1bf47a457558cbc0735bd8f9f13ca029cbf3a4,,,fits/340f338f614e81d87fe88754/fit.json,c96faf89e621efeff1dc8641e79df1e591af405af8405ad76786b031aefeb4ba,,True,,0.9992969738630505,0.9997186773158966,,False
qwen/P15/L22/l2_logistic/C=0.1,qwen,22,l2_logistic,0.1,P15,2778,new_successor_fit,True,5e1bf47a457558cbc0735bd8f9f13ca029cbf3a4,,,fits/6ff5e4b68cb8616161480ca1/fit.json,c349b0325f4cb533e16e49b5e9c168da38b779a44da41a2edf47e93a670de21b,,True,,0.9992813510600072,0.9997609785177325,,False
qwen/P15/L22/l2_logistic/C=1,qwen,22,l2_logistic,1.0,P15,2778,new_successor_fit,True,5e1bf47a457558cbc0735bd8f9f13ca029cbf3a4,,,fits/5416e55963e5680fd366d33e/fit.json,ed296d4557ff9397df9f07cbdae60e17bf71ad153c7f98bf31467f172e8b9e56,,True,,0.9992657282569639,0.9997587263669283,,False
qwen/P15/L22/l2_logistic/C=10,qwen,22,l2_logistic,10.0,P15,2778,new_successor_fit,True,5e1bf47a457558cbc0735bd8f9f13ca029cbf3a4,,,fits/40ab9021ad9680f805e5fbf4/fit.json,7bf9e03cdc3d921a08b3b81adfc9882493f197f57f786e6e0f09e4005a61772d,,True,,0.9992422940523988,0.9997564742161243,,False
qwen/P15/L22/difference_of_means,qwen,22,difference_of_means,,P15,2778,new_successor_fit,True,5e1bf47a457558cbc0735bd8f9f13ca029cbf3a4,,,fits/4a08eb36b45b4a461f35a82f/fit.json,621d0614e6577b9bc44eac4ff7754b4aac309ed07f546dc3ce67825a7a4c3945,,False,atomic_retention_failed,0.970019840959865,0.9517336321556604,,False
qwen/P15/L22/mass_mean_covariance,qwen,22,mass_mean_covariance,,P15,2778,new_successor_fit,True,5e1bf47a457558cbc0735bd8f9f13ca029cbf3a4,,,fits/0fa8a5e3f445671821aa59f5/fit.json,17a382229a821622ca499d66f565240d726581af9235b629e77ae94f076474b5,,True,,0.9991758971394648,0.9983438882794612,,False
qwen/P15/L22/burger_t_g,qwen,22,burger_t_g,,P15,700,new_successor_fit,True,5e1bf47a457558cbc0735bd8f9f13ca029cbf3a4,,,fits/aae1442669654cc07c509a3b/fit.json,508fcdb397747e98b61d51ae0517671c1c9333a65dc9796be865a81de2e4f02a,,False,atomic_retention_failed,0.9721015794653877,0.9678981666731049,,False
qwen/P15/L22/ttpd,qwen,22,ttpd,,P15,700,new_successor_fit,True,5e1bf47a457558cbc0735bd8f9f13ca029cbf3a4,,,fits/bb853cbbec3aecb8b107dc74/fit.json,182fffe5458ff2264c6be861c6e873809f1e6aa37c01c7864fb4ae3457fcd643,,False,atomic_retention_failed,0.972761642893968,0.9713320874712352,,False
qwen/P15/L22/r0,qwen,22,r0,,P15,2778,exact_recoverability_reuse,True,3a5b7bb286876ff7bca4a57ddf2f337dc5d1733f,,qwen_R0_L22,fits/517cab8de8b62555bf8e8ee7/fit.json,3a45b2c2ea3ffe8c9eea1fc8c8cb17d27ffe6641823882dfe103b7da3e5f29f2,,True,,0.9988204783702291,0.9996168408662752,,False
qwen/P15/L23/l2_logistic/C=0.001,qwen,23,l2_logistic,0.001,P15,2778,new_successor_fit,True,5e1bf47a457558cbc0735bd8f9f13ca029cbf3a4,,,fits/290b7af12ef874caa76f805e/fit.json,71ad8a9c0fb52cbf6c2322296c17027ce32cfcff3f142f217fd8ee292b06252e,,True,,0.9992344826508772,0.9996741239632568,,False
qwen/P15/L23/l2_logistic/C=0.01,qwen,23,l2_logistic,0.01,P15,2778,new_successor_fit,True,5e1bf47a457558cbc0735bd8f9f13ca029cbf3a4,,,fits/33e67aff9a81c8e3709be501/fit.json,fd4b5e0a4d6764972e087a19e8e1099ec0540dcf3a9af521d8689a479e39fb56,,True,,0.9992266712493556,0.9996786282648648,,False
qwen/P15/L23/l2_logistic/C=0.1,qwen,23,l2_logistic,0.1,P15,2778,new_successor_fit,True,5e1bf47a457558cbc0735bd8f9f13ca029cbf3a4,,,fits/25a219fe41f9407c97484546/fit.json,1f19cfc678fc8a1cf39bdfb7714a40573736612737a60e4840858df1562c57a7,,True,,0.9991954256432689,0.9996651153600407,,False
qwen/P15/L23/l2_logistic/C=1,qwen,23,l2_logistic,1.0,P15,2778,new_successor_fit,True,5e1bf47a457558cbc0735bd8f9f13ca029cbf3a4,,,fits/3546ddfea159c6c198bb8398/fit.json,85fd7ce0e8d4f9bd6536018dae770cfc75ae2bed480635a1ed6dd0a772198043,,True,,0.9991602743364214,0.9996583589076288,,False
qwen/P15/L23/l2_logistic/C=10,qwen,23,l2_logistic,10.0,P15,2778,new_successor_fit,True,5e1bf47a457558cbc0735bd8f9f13ca029cbf3a4,,,fits/03356d8069dafaa7e97afa3d/fit.json,4ed6e51c705b21521a9dc709022dad6482e6d33594ff7c81b0a8f0a03e2c0f38,,True,,0.9991173116280523,0.9997429613113002,,False
qwen/P15/L23/difference_of_means,qwen,23,difference_of_means,,P15,2778,new_successor_fit,True,5e1bf47a457558cbc0735bd8f9f13ca029cbf3a4,,,fits/26e6b61a9955d6fe2639704a/fit.json,48ce20b2473aa3da8ee3b4bfc61b468b37080a37cde12ba633a8ce59add3bcbc,,False,atomic_retention_failed,0.96543454826665,0.9482001888969848,,False
qwen/P15/L23/mass_mean_covariance,qwen,23,mass_mean_covariance,,P15,2778,new_successor_fit,True,5e1bf47a457558cbc0735bd8f9f13ca029cbf3a4,,,fits/9dccbdfaea6b5dd94170b0ac/fit.json,8c6279c7a9d28bb6f7c37400caf782b5a882d6f62403009ecdb2d35d821c2256,,True,,0.9983049258697996,0.9968663815264958,,False
qwen/P15/L23/burger_t_g,qwen,23,burger_t_g,,P15,700,new_successor_fit,True,5e1bf47a457558cbc0735bd8f9f13ca029cbf3a4,,,fits/c0dadd3e89cc5fd77a2fe081/fit.json,a765602e8d61d35804ca90064026902bc13e7371e2b90117522a64ac8ee30af0,,False,atomic_retention_failed,0.9670866596884813,0.9650826962029961,,False
qwen/P15/L23/ttpd,qwen,23,ttpd,,P15,700,new_successor_fit,True,5e1bf47a457558cbc0735bd8f9f13ca029cbf3a4,,,fits/842ab0275e1a1db9bc527338/fit.json,f78ed1099b3e89b1b405dbacc853f733aac31503a5785b37941bab696756e050,,False,atomic_retention_failed,0.9678248371322783,0.9695703784873249,,False
qwen/P15/L23/r0,qwen,23,r0,,P15,2778,exact_recoverability_reuse,True,3a5b7bb286876ff7bca4a57ddf2f337dc5d1733f,,qwen_R0_L23,fits/b6a79d0a934c6008919f08a7/fit.json,8eff99698cab9ed39d4dd4d8525e663b7e633597709306a5fe99a129b18e9cc3,,True,,0.999031386211314,0.9996020551375281,,False
qwen/P15/L24/l2_logistic/C=0.001,qwen,24,l2_logistic,0.001,P15,2778,new_successor_fit,True,5e1bf47a457558cbc0735bd8f9f13ca029cbf3a4,,,fits/72189ef369721d3bbd232761/fit.json,b3b3de66b05e0340793b43ed50c34bcc7f96d8fb782fabe21345787b741686b0,,True,,0.9990899717227265,0.9996093012533809,,False
qwen/P15/L24/l2_logistic/C=0.01,qwen,24,l2_logistic,0.01,P15,2778,new_successor_fit,True,5e1bf47a457558cbc0735bd8f9f13ca029cbf3a4,,,fits/550d37ccb688953b9ab8f96c/fit.json,354c6ef5d935877af242929890b3e85516cc714351602d52a6c50185448c209e,,True,,0.9989728006999016,0.9996245766455683,,False
qwen/P15/L24/l2_logistic/C=0.1,qwen,24,l2_logistic,0.1,P15,2778,new_successor_fit,True,5e1bf47a457558cbc0735bd8f9f13ca029cbf3a4,,,fits/91adc64aa837d6aa7d245cc3/fit.json,d52a913beb9100c4ff47712bbc00f657c6abaa2fa3812c363e7d0f31e11059f7,,True,,0.9988439125747942,0.9995930465343121,,False
qwen/P15/L24/l2_logistic/C=1,qwen,24,l2_logistic,1.0,P15,2778,new_successor_fit,True,5e1bf47a457558cbc0735bd8f9f13ca029cbf3a4,,,fits/3318041346debd462fd8400f/fit.json,0558a456c3ad817dd46d75fdd52f3702041d03b0f9c3a881600701e75c55fe69,,True,,0.9987853270633817,0.9995349802768484,,False
qwen/P15/L24/l2_logistic/C=10,qwen,24,l2_logistic,10.0,P15,2778,new_successor_fit,True,5e1bf47a457558cbc0735bd8f9f13ca029cbf3a4,,,fits/cd5c9cd350cc739f68719564/fit.json,6ba11a05c3b24be454a9e6bd6dee1cf6208840939c5b256fc28a3dcc3f6db035,,True,,0.998754081457295,0.9996218348313238,,False
qwen/P15/L24/difference_of_means,qwen,24,difference_of_means,,P15,2778,new_successor_fit,True,5e1bf47a457558cbc0735bd8f9f13ca029cbf3a4,,,fits/8d63bc234e7acdd48524d4c2/fit.json,2ae319ac27a154c6ab472f546969f21ddeaf615e78b01c09963b2dc3067031e0,,False,atomic_retention_failed,0.952069240263088,0.9301842350843972,,False
qwen/P15/L24/mass_mean_covariance,qwen,24,mass_mean_covariance,,P15,2778,new_successor_fit,True,5e1bf47a457558cbc0735bd8f9f13ca029cbf3a4,,,fits/e34ba5f3874f7e0f98f4afcc/fit.json,720ad5b1d57d0f0bce5fc597b19b48fad2c9b16291e23ec6d7562f938b1cf1ba,,True,,0.9967074942586199,0.9962940417097486,,False
qwen/P15/L24/burger_t_g,qwen,24,burger_t_g,,P15,700,new_successor_fit,True,5e1bf47a457558cbc0735bd8f9f13ca029cbf3a4,,,fits/455badc8784a3228a56ee4d2/fit.json,708859bd10effd2387e49c2f6dd63156b236fd4b82db5907da78f370ae7b75f9,,False,atomic_retention_failed,0.952369979221672,0.9492120511129933,,False
qwen/P15/L24/ttpd,qwen,24,ttpd,,P15,700,new_successor_fit,True,5e1bf47a457558cbc0735bd8f9f13ca029cbf3a4,,,fits/fc2bab139afdaec906c8474b/fit.json,64209005e5d8704b4e8c3cbd9d6bad093d17835ce6e0d451ae1feacdb13850f4,,False,atomic_retention_failed,0.9519052008311332,0.9492579788314217,,False
qwen/P15/L24/r0,qwen,24,r0,,P15,2778,exact_recoverability_reuse,True,3a5b7bb286876ff7bca4a57ddf2f337dc5d1733f,,qwen_R0_L24,fits/ef0bfdf2deac385d948a2325/fit.json,ff43c2d4296046c4880d081e4c8e987f554d076b0cb83d4c08dcdbe05833adb0,,True,,0.9988048555671859,0.9995344906134077,,False
qwen/P15/L25/l2_logistic/C=0.001,qwen,25,l2_logistic,0.001,P15,2778,new_successor_fit,True,5e1bf47a457558cbc0735bd8f9f13ca029cbf3a4,,,fits/b9331d7e1716bdf0f40ee628/fit.json,4d93926689d797642c78d30e2d2bc00463e76d7428cbea3cd320b90a31ab86ee,,True,,0.9990470090143574,0.9996115534041848,,False
qwen/P15/L25/l2_logistic/C=0.01,qwen,25,l2_logistic,0.01,P15,2778,new_successor_fit,True,5e1bf47a457558cbc0735bd8f9f13ca029cbf3a4,,,fits/f67872841ecdf5afc55a77a2/fit.json,7c29030db201fd08acbb820a32d861f050dbcab23981e82d1abcf90e8822a386,,True,,0.9989142151884891,0.9996245766455683,,False
qwen/P15/L25/l2_logistic/C=0.1,qwen,25,l2_logistic,0.1,P15,2778,new_successor_fit,True,5e1bf47a457558cbc0735bd8f9f13ca029cbf3a4,,,fits/8bbdae33afbdd361e76e368e/fit.json,c9d64f44a24d3a1ec344217e1f35bce90019d817dcf99c3c12d605b727f1def1,,True,,0.9988400068740333,0.9996601213949923,,False
qwen/P15/L25/l2_logistic/C=1,qwen,25,l2_logistic,1.0,P15,2778,new_successor_fit,True,5e1bf47a457558cbc0735bd8f9f13ca029cbf3a4,,,fits/e70fd21c714a2048cca99c23/fit.json,3cd5b226e0708d915dfe87dc6d474dcf60fdf37c52b72a97f1c2b1e76239e385,,True,,0.9988048555671859,0.999651112791776,,False
qwen/P15/L25/l2_logistic/C=10,qwen,25,l2_logistic,10.0,P15,2778,new_successor_fit,True,5e1bf47a457558cbc0735bd8f9f13ca029cbf3a4,,,fits/df68bfe2d3cb203977c99bc7/fit.json,8cae27f3b83361efd73fe1871016c8267e97135575f09f614148a3448f44188e,,True,,0.9987579871580559,0.9996398520377561,,False
qwen/P15/L25/difference_of_means,qwen,25,difference_of_means,,P15,2778,new_successor_fit,True,5e1bf47a457558cbc0735bd8f9f13ca029cbf3a4,,,fits/6ce80bf8f9aa86352f0e8dd8/fit.json,7fb5430f3e6cf11d5c4c2425d5b580ebe479bcc36921f57203528d0038c336cd,,False,atomic_retention_failed,0.9574708244153166,0.9392019263267949,,False
qwen/P15/L25/mass_mean_covariance,qwen,25,mass_mean_covariance,,P15,2778,new_successor_fit,True,5e1bf47a457558cbc0735bd8f9f13ca029cbf3a4,,,fits/3bad7274a56af408a24a6263/fit.json,06a436eecd4392fb0c909bb024d54c8ead2118253f2e05f23deeb3a811637b32,,True,,0.9978752987861083,0.9959895124325797,,False
qwen/P15/L25/burger_t_g,qwen,25,burger_t_g,,P15,700,new_successor_fit,True,5e1bf47a457558cbc0735bd8f9f13ca029cbf3a4,,,fits/11ecbe9f261453d1ecd3be51/fit.json,71fdfff3c3f2dafd58738dbf712f696a2340e0b2ec7e7ab9d4154d0a221c0bad,,False,atomic_retention_failed,0.9582324360636786,0.958501824673295,,False
qwen/P15/L25/ttpd,qwen,25,ttpd,,P15,700,new_successor_fit,True,5e1bf47a457558cbc0735bd8f9f13ca029cbf3a4,,,fits/e4c1d18f7d9c6bb530f5aa62/fit.json,0c30e192bfebdaef2588d1c58c9bf1867e98ba97ed60fee06f868af7feef764f,,False,atomic_retention_failed,0.9576387695480323,0.9615434255248015,,False
qwen/P15/L25/r0,qwen,25,r0,,P15,2778,exact_recoverability_reuse,True,3a5b7bb286876ff7bca4a57ddf2f337dc5d1733f,,qwen_R0_L25,fits/d05b56afc0f281a977e0018f/fit.json,aefa8b2dca4197b2a177d8aeddcab8b899eea7a04bb3fa3aa45a4903f22fd5d1,,True,,0.9989767064006624,0.9995862900819,,False
qwen/P15/L26/l2_logistic/C=0.001,qwen,26,l2_logistic,0.001,P15,2778,new_successor_fit,True,5e1bf47a457558cbc0735bd8f9f13ca029cbf3a4,,,fits/658f92c6d5979fdd318ac20b/fit.json,fcb52874752c589b419e9c30f0c20184eaa87f8026690e6e91487eca0165be60,,True,,0.9989103094877283,0.9995467306943089,,False
qwen/P15/L26/l2_logistic/C=0.01,qwen,26,l2_logistic,0.01,P15,2778,new_successor_fit,True,5e1bf47a457558cbc0735bd8f9f13ca029cbf3a4,,,fits/7812c23c64acc6b261bb5c67/fit.json,2a3680f24a1ae0f15d3b24462d28f1268ac6e974c38067330a0a255f42fd6923,,True,,0.9988556296770766,0.9995777711421248,,False
qwen/P15/L26/l2_logistic/C=0.1,qwen,26,l2_logistic,0.1,P15,2778,new_successor_fit,True,5e1bf47a457558cbc0735bd8f9f13ca029cbf3a4,,,fits/60df3d049e963b6c821c0126/fit.json,42a1a33d9385c31aecb5b606fefefaf19af786127e454c293efbaec33d469814,,True,,0.9988087612679467,0.9995575017848886,,False
qwen/P15/L26/l2_logistic/C=1,qwen,26,l2_logistic,1.0,P15,2778,new_successor_fit,True,5e1bf47a457558cbc0735bd8f9f13ca029cbf3a4,,,fits/0a407f1bf8c4e0990032c3c2/fit.json,1b81e36e4e74a43e115dabc542a0cec14a7911bc1a48198fa2a6d7a5dfdf09a8,,True,,0.9987345529534909,0.9994746618685802,,False
qwen/P15/L26/l2_logistic/C=10,qwen,26,l2_logistic,10.0,P15,2778,new_successor_fit,True,5e1bf47a457558cbc0735bd8f9f13ca029cbf3a4,,,fits/0fb2d4c4f903d75382280129/fit.json,5cf9328002abade8cf27a106b3367fc5775b8258be3c00e6f3cc231e999f79da,,True,,0.9986798731428392,0.9995011980147881,,False
qwen/P15/L26/difference_of_means,qwen,26,difference_of_means,,P15,2778,new_successor_fit,True,5e1bf47a457558cbc0735bd8f9f13ca029cbf3a4,,,fits/623dceda656bb2c48f84d4a5/fit.json,e8cf62cf2b95dbd6b17b65f1d6063aba8ba91dcaca894f6b5ee65aab69e52abe,,False,atomic_retention_failed,0.9486673749004046,0.923933693998169,,False
qwen/P15/L26/mass_mean_covariance,qwen,26,mass_mean_covariance,,P15,2778,new_successor_fit,True,5e1bf47a457558cbc0735bd8f9f13ca029cbf3a4,,,fits/6be4c33dd3213c14b1168940/fit.json,ed16263c01131168a0fc065a16a6a27e601d8fac194aae4f10739040f4a93473,,True,,0.9982229061538221,0.9974589899092106,,False
qwen/P15/L26/burger_t_g,qwen,26,burger_t_g,,P15,700,new_successor_fit,True,5e1bf47a457558cbc0735bd8f9f13ca029cbf3a4,,,fits/4546bb2edef206ec00574121/fit.json,dbded80bdf504027219d5907d981201cf8a5715768ab8e3bbe10382873c3e9ac,,False,atomic_retention_failed,0.9551898951709916,0.9517543828211352,,False
qwen/P15/L26/ttpd,qwen,26,ttpd,,P15,700,new_successor_fit,True,5e1bf47a457558cbc0735bd8f9f13ca029cbf3a4,,,fits/ddd7560b6037d0825849d532/fit.json,31aa0b328ef862523b987ebf09a0da961ad8cd200512e28db368cfdebd28b015,,False,atomic_retention_failed,0.9548969676139293,0.9539833113976778,,False
qwen/P15/L26/r0,qwen,26,r0,,P15,2778,exact_recoverability_reuse,True,3a5b7bb286876ff7bca4a57ddf2f337dc5d1733f,,qwen_R0_L26,fits/a426c09df769448f4a824236/fit.json,093c9314d35d1977bbbcd931952c7457e443c660bf12b6e6db7e590bcc76b271,,True,,0.9987150244496867,0.9994606593003157,,False
qwen/P15/L27/l2_logistic/C=0.001,qwen,27,l2_logistic,0.001,P15,2778,new_successor_fit,True,5e1bf47a457558cbc0735bd8f9f13ca029cbf3a4,,,fits/a4636493813366c0e297e3bc/fit.json,4f378847944257d193647eef61baf510ca263b59a6530e2604246a78c4a6d52f,,True,,0.9984494367979503,0.9995525509698027,,False
qwen/P15/L27/l2_logistic/C=0.01,qwen,27,l2_logistic,0.01,P15,2778,new_successor_fit,True,5e1bf47a457558cbc0735bd8f9f13ca029cbf3a4,,,fits/63508f53c6827342e1f4b452/fit.json,d3dbe3db8132a094d4d473b3884059470fe34964e78bde021b7a75ab3d2ca969,,True,,0.998179943445453,0.9994839639688381,,False
qwen/P15/L27/l2_logistic/C=0.1,qwen,27,l2_logistic,0.1,P15,2778,new_successor_fit,True,5e1bf47a457558cbc0735bd8f9f13ca029cbf3a4,,,fits/f1f0ab301d58f7ca76514f30/fit.json,068c22b22d31defd915aeca9201ca3fb7085b8622da1c9160c8243a8aba8758f,,True,,0.9980159040134982,0.9993156404129191,,False
qwen/P15/L27/l2_logistic/C=1,qwen,27,l2_logistic,1.0,P15,2778,new_successor_fit,True,5e1bf47a457558cbc0735bd8f9f13ca029cbf3a4,,,fits/ee3c08abb0d43d7562b7b473/fit.json,fd72288adb41d3f6f2c41eea7400b266becc3525f4803542445868f5600c05b0,,True,,0.997902638691434,0.9992773538492509,,False
qwen/P15/L27/l2_logistic/C=10,qwen,27,l2_logistic,10.0,P15,2778,new_successor_fit,True,5e1bf47a457558cbc0735bd8f9f13ca029cbf3a4,,,fits/b48d2b4a6a23ba5e730e6a56/fit.json,1d0cafd873a06975887c78231ceab0ae95e9b4ee5b722ce2d31f46881eacba62,,True,,0.9978049961724132,0.9992525801904067,,False
qwen/P15/L27/difference_of_means,qwen,27,difference_of_means,,P15,2778,new_successor_fit,True,5e1bf47a457558cbc0735bd8f9f13ca029cbf3a4,,,fits/bc8631d51b5afd3da6aad435/fit.json,c7f1efc62d966bc9636635518daaf91bcaf2c65199cca0cc783164695d3160bf,,False,atomic_retention_failed,0.8784350638191505,0.7804978096582882,,False
qwen/P15/L27/mass_mean_covariance,qwen,27,mass_mean_covariance,,P15,2778,new_successor_fit,True,5e1bf47a457558cbc0735bd8f9f13ca029cbf3a4,,,fits/a6018f9d119b185fa12e7ede/fit.json,f4a13784db5d0803915ea9570100e4479dc275577a4313bfe6e142e6314d9886,,True,,0.9961919417581903,0.993975799188911,,False
qwen/P15/L27/burger_t_g,qwen,27,burger_t_g,,P15,700,new_successor_fit,True,5e1bf47a457558cbc0735bd8f9f13ca029cbf3a4,,,fits/6d2eed7d4e83a8ae57d2ff95/fit.json,e6de96610772f08cdfb716fffcd3d1cd666c53c8ad31c40f411291b430a57530,,False,atomic_retention_failed,0.9146760611788968,0.8649207564422776,,False
qwen/P15/L27/ttpd,qwen,27,ttpd,,P15,700,new_successor_fit,True,5e1bf47a457558cbc0735bd8f9f13ca029cbf3a4,,,fits/5ecb88d8937c175b15f8d018/fit.json,31b57fc759c6d0bc9049ce0499caeec507276ff7d1f1fc1257fdb0bac0491fd0,,False,atomic_retention_failed,0.91252792576044,0.8635759757694021,,False
qwen/P15/L27/r0,qwen,27,r0,,P15,2778,exact_recoverability_reuse,True,3a5b7bb286876ff7bca4a57ddf2f337dc5d1733f,,qwen_R0_L27,fits/d5e2f4cd748b4ada6817a609/fit.json,7434c1c728e71d059519d62bbff42a5a0b5dcfa5659125a7e7ad7e5ca414fcfb,,True,,0.9983244543736037,0.9992341713959909,,False
