fit_id,model,layer,sample_seed,fold,status,valid_for_scoring,parameter_producer_sha,fit_json,fit_json_sha256,failure
llama/B25_11/L00/repair/fold=0,llama,0,11,0,new_successor_fit,True,5e1bf47a457558cbc0735bd8f9f13ca029cbf3a4,fits/6eef5feb9e2c50beec2a58f0/fit.json,ee2273d9f612fa4033891541503388090dabe802bbc4d64a08109a66bf2fb8fa,
llama/B25_11/L00/repair/fold=1,llama,0,11,1,new_successor_fit,True,5e1bf47a457558cbc0735bd8f9f13ca029cbf3a4,fits/cc32ec69c64ca1cf226ea59f/fit.json,db07a9d392457900d4975d60b6a3ec6144d35ea3a603b00b13ca9289550cd832,
llama/B25_11/L00/repair/fold=2,llama,0,11,2,new_successor_fit,True,5e1bf47a457558cbc0735bd8f9f13ca029cbf3a4,fits/8ee68122735980aef199713c/fit.json,c33c27aa0c6f0fa9bafca4421da75fea1f33aa0f07319c812533ea62228fe119,
llama/B25_11/L00/repair/fold=3,llama,0,11,3,new_successor_fit,True,5e1bf47a457558cbc0735bd8f9f13ca029cbf3a4,fits/e80638e539f434ded02d5e87/fit.json,754a338b950f89f34048a59d9c89e309cdef30fa32ef3a217106462274c9a90e,
llama/B25_11/L00/repair/fold=4,llama,0,11,4,new_successor_fit,True,5e1bf47a457558cbc0735bd8f9f13ca029cbf3a4,fits/6f4b0bd9bb3b6837de731769/fit.json,1f53f186ba4fe672da2576eb3a8956c270c15e522760d6f8b9031d3c12085426,
llama/B25_23/L00/repair/fold=0,llama,0,23,0,new_successor_fit,True,5e1bf47a457558cbc0735bd8f9f13ca029cbf3a4,fits/304cbf04c29bf205d2f1c315/fit.json,00b1860e4d740cbf2890899d869427f8ace4bec7703b73387fac5c606ead0e52,
llama/B25_23/L00/repair/fold=1,llama,0,23,1,new_successor_fit,True,5e1bf47a457558cbc0735bd8f9f13ca029cbf3a4,fits/3ae8ab929a581cdc879095bb/fit.json,480508afde8bed2e1ccc51851b67ebf9f1b51fa6a0f754ff896dbad6a5b00cb0,
llama/B25_23/L00/repair/fold=2,llama,0,23,2,new_successor_fit,True,5e1bf47a457558cbc0735bd8f9f13ca029cbf3a4,fits/24244734fca0537bb3fdb0a4/fit.json,78723dbf600233ff570aae2fe15fc1be0dbf602fdccbd8e4300e46421e4825d6,
llama/B25_23/L00/repair/fold=3,llama,0,23,3,new_successor_fit,True,5e1bf47a457558cbc0735bd8f9f13ca029cbf3a4,fits/d5ae2c8c15b1176a7c6acf63/fit.json,b74bed889c70195540b62396bbe8d29ca9f777761c19c29b1d032ec392a8100f,
llama/B25_23/L00/repair/fold=4,llama,0,23,4,new_successor_fit,True,5e1bf47a457558cbc0735bd8f9f13ca029cbf3a4,fits/0a9327579904786cdb9d1aee/fit.json,04bafc1f1ee94431564ebb96a767fae21e3f7fa30e5a2d46b3c5008ca99e70e1,
llama/B25_37/L00/repair/fold=0,llama,0,37,0,new_successor_fit,True,5e1bf47a457558cbc0735bd8f9f13ca029cbf3a4,fits/cd94b7e058f862603247f559/fit.json,76c002072e6acef65f7a64f6b77ce067ed0e15f52da35d736c64f9c81eff5b49,
llama/B25_37/L00/repair/fold=1,llama,0,37,1,new_successor_fit,True,5e1bf47a457558cbc0735bd8f9f13ca029cbf3a4,fits/ce5a37443626a5c6a41b46ab/fit.json,f8aaf6cb7bf4242b1ae5f96911b9322c64d094262f9ef18e9f54ba4aa15058be,
llama/B25_37/L00/repair/fold=2,llama,0,37,2,new_successor_fit,True,5e1bf47a457558cbc0735bd8f9f13ca029cbf3a4,fits/0c6cab479708ca39f8c1d1fa/fit.json,51dfaa279fa6f3319928ade807695b0fd75337644220b320dc1f8c2bdaa36523,
llama/B25_37/L00/repair/fold=3,llama,0,37,3,new_successor_fit,True,5e1bf47a457558cbc0735bd8f9f13ca029cbf3a4,fits/072c7c4e6d7b51da1a0c4527/fit.json,327b5d6ff05ff39679066f5bb42fcf0d1128041c8704f2ee091c7655f6cf264f,
llama/B25_37/L00/repair/fold=4,llama,0,37,4,new_successor_fit,True,5e1bf47a457558cbc0735bd8f9f13ca029cbf3a4,fits/f59068d411c8cbeafbd06a11/fit.json,2db9bc22954261df4956d10dc49551d08b789d8d232abef38e61ded240197a72,
llama/B25_11/L01/repair/fold=0,llama,1,11,0,new_successor_fit,True,5e1bf47a457558cbc0735bd8f9f13ca029cbf3a4,fits/3709979cea9282415bf3028a/fit.json,d7000fda73d8b3552d8f07a041db92c434c6e82774581a9abce1ae1401286aa1,
llama/B25_11/L01/repair/fold=1,llama,1,11,1,new_successor_fit,True,5e1bf47a457558cbc0735bd8f9f13ca029cbf3a4,fits/0194ba6edf455780eb14066b/fit.json,351fb14a2943ead4972e967f4d44e58121f53a6103af638162ecb141920662f8,
llama/B25_11/L01/repair/fold=2,llama,1,11,2,new_successor_fit,True,5e1bf47a457558cbc0735bd8f9f13ca029cbf3a4,fits/10e3551f5dc9440e8b81dac8/fit.json,6a119d1007fb411bd0fe83784b99f96d11ef0030fddd6d9590348b36dbb69d95,
llama/B25_11/L01/repair/fold=3,llama,1,11,3,new_successor_fit,True,5e1bf47a457558cbc0735bd8f9f13ca029cbf3a4,fits/35dff0442dd59d38469db572/fit.json,0b4b2d13c0b7b8c1db46bba34b8f8b691e477666df01a519f0a889b980e848f6,
llama/B25_11/L01/repair/fold=4,llama,1,11,4,new_successor_fit,True,5e1bf47a457558cbc0735bd8f9f13ca029cbf3a4,fits/7c76a4866cea8efb3ff1e50e/fit.json,fa3b20fbd960315aa7c0cb76955a51ae00082b3f1c6442775c8456b1d8ce6bd7,
llama/B25_23/L01/repair/fold=0,llama,1,23,0,new_successor_fit,True,5e1bf47a457558cbc0735bd8f9f13ca029cbf3a4,fits/60d1dbe1a7eaf28796769bc6/fit.json,7bc9e81f536d706fdb35c95b434cc0b116dae69da4abab814f2e71c255010d0c,
llama/B25_23/L01/repair/fold=1,llama,1,23,1,new_successor_fit,True,5e1bf47a457558cbc0735bd8f9f13ca029cbf3a4,fits/d6103e137300a14cb36b3ae1/fit.json,99fdcc4b9ea0069fd61e77414ee05df1e8ae2b441438a1d828043807d58c6009,
llama/B25_23/L01/repair/fold=2,llama,1,23,2,new_successor_fit,True,5e1bf47a457558cbc0735bd8f9f13ca029cbf3a4,fits/73c86e921a7f5a944a2b90d0/fit.json,62fcb121f74ccf0063641b849603d7a38292be2995193f4e2d86eb5007b8362b,
llama/B25_23/L01/repair/fold=3,llama,1,23,3,new_successor_fit,True,5e1bf47a457558cbc0735bd8f9f13ca029cbf3a4,fits/4d97441acfcf4c92317a45d0/fit.json,4179fec06d209fcd62524310d18332089488334ca6f34e1b3ca22da3ba505f26,
llama/B25_23/L01/repair/fold=4,llama,1,23,4,new_successor_fit,True,5e1bf47a457558cbc0735bd8f9f13ca029cbf3a4,fits/00536023b6cc4c94ed7786a7/fit.json,4a73e3ed82f20043aca00efecf47b7580d6787dead6bdd5de2b71ea06805b816,
llama/B25_37/L01/repair/fold=0,llama,1,37,0,new_successor_fit,True,5e1bf47a457558cbc0735bd8f9f13ca029cbf3a4,fits/6a6b14e6556b3e34558dab54/fit.json,61820233f470bb1891da2f81e78e60d7a0ad3856cecc33e25647fa63ce5bb9b9,
llama/B25_37/L01/repair/fold=1,llama,1,37,1,new_successor_fit,True,5e1bf47a457558cbc0735bd8f9f13ca029cbf3a4,fits/de0c96843f4cc40395a2a06b/fit.json,826f1124587c2ec5f6314af9c4d7d484c0da20ed7ba2d9d0f8e275b85ddc23d8,
llama/B25_37/L01/repair/fold=2,llama,1,37,2,new_successor_fit,True,5e1bf47a457558cbc0735bd8f9f13ca029cbf3a4,fits/d0e5a4065a4ed5880e22633d/fit.json,e1998341dd3d9da08be882da2e430e2519c6b31bd6291784f5403281949fb08a,
llama/B25_37/L01/repair/fold=3,llama,1,37,3,new_successor_fit,True,5e1bf47a457558cbc0735bd8f9f13ca029cbf3a4,fits/90c46ac26025014bcc86604d/fit.json,56436b94a910c3dc52bbfc0dee1bacf17518a0f5dac1f4143ea806fe49089d95,
llama/B25_37/L01/repair/fold=4,llama,1,37,4,new_successor_fit,True,5e1bf47a457558cbc0735bd8f9f13ca029cbf3a4,fits/ad1895f96fd14f1715d6e7c9/fit.json,59793456bbe61bd6374d1e60d4b7611a83bdbcba22559d8bf24c26adfdcc4375,
llama/B25_11/L02/repair/fold=0,llama,2,11,0,new_successor_fit,True,5e1bf47a457558cbc0735bd8f9f13ca029cbf3a4,fits/b73dbbdf500fc0835ecbcc1b/fit.json,0e02d7902be09aad897999e4c7318984817cfc1beb9063acddb67dd1a404ebe2,
llama/B25_11/L02/repair/fold=1,llama,2,11,1,new_successor_fit,True,5e1bf47a457558cbc0735bd8f9f13ca029cbf3a4,fits/f6568b9e3b84baff076efad0/fit.json,8105066a48ff62d1b333ac2d700a1ed0fb94f14926aa75ba0d2ae3a86d1a471d,
llama/B25_11/L02/repair/fold=2,llama,2,11,2,new_successor_fit,True,5e1bf47a457558cbc0735bd8f9f13ca029cbf3a4,fits/d3c208e2fbaa97a0e14662b8/fit.json,90fc93937fb293aa51053775769b55042065bb6107ac7e4a3826eb8e3c323a92,
llama/B25_11/L02/repair/fold=3,llama,2,11,3,new_successor_fit,True,5e1bf47a457558cbc0735bd8f9f13ca029cbf3a4,fits/de621f0d0d0a939ebbd96d6e/fit.json,99cdfc6494c7792b96a91009ee6b9c6ac842d378c676cbd89a92d8d32e2774ce,
llama/B25_11/L02/repair/fold=4,llama,2,11,4,new_successor_fit,True,5e1bf47a457558cbc0735bd8f9f13ca029cbf3a4,fits/8458e170c93d9ba9a8d825da/fit.json,fad5db663bebf053eb74c519cbd739d419e9fbc73ab1172d5075f3b70d198ae0,
llama/B25_23/L02/repair/fold=0,llama,2,23,0,new_successor_fit,True,5e1bf47a457558cbc0735bd8f9f13ca029cbf3a4,fits/2c6260db6742e277fa2182fb/fit.json,a67e10fa06e5598b590b46d0ebf4c8984cb21a7896ed3e9792222d157d0c7559,
llama/B25_23/L02/repair/fold=1,llama,2,23,1,new_successor_fit,True,5e1bf47a457558cbc0735bd8f9f13ca029cbf3a4,fits/442d185f496d4729b3429c4c/fit.json,65910ac380f753dc942c85f122f39ad8b91505a4abe54a501b55dbd96e87fa00,
llama/B25_23/L02/repair/fold=2,llama,2,23,2,new_successor_fit,True,5e1bf47a457558cbc0735bd8f9f13ca029cbf3a4,fits/6696c294840b43ed2d41d133/fit.json,1d9b971e78715f0773141bcef26f314fccd0e16200a1e0ee566b55ba7f11e378,
llama/B25_23/L02/repair/fold=3,llama,2,23,3,new_successor_fit,True,5e1bf47a457558cbc0735bd8f9f13ca029cbf3a4,fits/6ecdef1502e78cd1c22f729c/fit.json,bb525ee0ae0763995bfe7ca1d1f61461393b3f0e13dbfbaa60427138aad9fbe0,
llama/B25_23/L02/repair/fold=4,llama,2,23,4,new_successor_fit,True,5e1bf47a457558cbc0735bd8f9f13ca029cbf3a4,fits/f8870b6ed559f21f33baa5c4/fit.json,0e3ec2549b8adb0f3ecce84c878033a435d9c44723e681f31c046798b4f2f9ac,
llama/B25_37/L02/repair/fold=0,llama,2,37,0,new_successor_fit,True,5e1bf47a457558cbc0735bd8f9f13ca029cbf3a4,fits/f3c2586802f73ac6d78c96ec/fit.json,685358f5c243171a47b6b7bdb6830b4dd816286a50080268b4f9eca2e638803c,
llama/B25_37/L02/repair/fold=1,llama,2,37,1,new_successor_fit,True,5e1bf47a457558cbc0735bd8f9f13ca029cbf3a4,fits/60892e6b91e408b40ec20efe/fit.json,21e2b25878c98804b3ece11ee57a0bd800831db54b4ea7e50a48320d1f9705ac,
llama/B25_37/L02/repair/fold=2,llama,2,37,2,new_successor_fit,True,5e1bf47a457558cbc0735bd8f9f13ca029cbf3a4,fits/fa24dce9828a1c346b8c7e54/fit.json,9689f3c6a1be30bc768aa4fb4224215fc3d30426ef6164dec2d57bc0f4e70a10,
llama/B25_37/L02/repair/fold=3,llama,2,37,3,new_successor_fit,True,5e1bf47a457558cbc0735bd8f9f13ca029cbf3a4,fits/a6bb96b031f52f96ada70a11/fit.json,45d7791fb127079e06d7c4ab97c9e9627eb81b0e204f609c797b5ffbf7e84582,
llama/B25_37/L02/repair/fold=4,llama,2,37,4,new_successor_fit,True,5e1bf47a457558cbc0735bd8f9f13ca029cbf3a4,fits/18f3235fb8519c943c0c03f7/fit.json,6dd7a24142f15a11d0246280cbfcc6634c8e4fc054b0caf6b52b9230e50c46a0,
llama/B25_11/L03/repair/fold=0,llama,3,11,0,new_successor_fit,True,5e1bf47a457558cbc0735bd8f9f13ca029cbf3a4,fits/4cdb8441830868171c58e33a/fit.json,c4243c579d7b9d4f4dd57112ec5b0acd19a623f4e0b4cfc051edc05a6278e72e,
llama/B25_11/L03/repair/fold=1,llama,3,11,1,new_successor_fit,True,5e1bf47a457558cbc0735bd8f9f13ca029cbf3a4,fits/356903446e7ff53813c94e23/fit.json,a73216dd14a62aa5d78b8f0a41e0dbd8cdc981035d94f267713dbbc6fec05f44,
llama/B25_11/L03/repair/fold=2,llama,3,11,2,new_successor_fit,True,5e1bf47a457558cbc0735bd8f9f13ca029cbf3a4,fits/1e5872b42ca78c950144383d/fit.json,19258c70a3c87b8caadab4db4a87adaba2bbefb1f43e6b6e57b528339ced9809,
llama/B25_11/L03/repair/fold=3,llama,3,11,3,new_successor_fit,True,5e1bf47a457558cbc0735bd8f9f13ca029cbf3a4,fits/76115f4d42eed0145544fe18/fit.json,a601dc9d49776aa964b87759784e73cffe5a397f622bf81201c46004efff34ec,
llama/B25_11/L03/repair/fold=4,llama,3,11,4,new_successor_fit,True,5e1bf47a457558cbc0735bd8f9f13ca029cbf3a4,fits/22b757b06cf81eb2772cb605/fit.json,af47cb62e5e1d20fdc326fcc0ce618739fe9bae10b9648686cf2d8cd5e195e7b,
llama/B25_23/L03/repair/fold=0,llama,3,23,0,new_successor_fit,True,5e1bf47a457558cbc0735bd8f9f13ca029cbf3a4,fits/382a68a6efe5a6fabf9c4da9/fit.json,4ef6112844b5925e84d80d436d088d7def1e488f290bf464a2b5d5643924e266,
llama/B25_23/L03/repair/fold=1,llama,3,23,1,new_successor_fit,True,5e1bf47a457558cbc0735bd8f9f13ca029cbf3a4,fits/1da79e6ac798c94c6c9c3786/fit.json,0e08450911fb86aeb5daa8ccef39cccb15aac011a1fbabf24465f68f749ff53a,
llama/B25_23/L03/repair/fold=2,llama,3,23,2,new_successor_fit,True,5e1bf47a457558cbc0735bd8f9f13ca029cbf3a4,fits/f9d66394b22613021e8d7a98/fit.json,1a83310687ee739fe6f54279368f53ed1e10f7123e2582aaa560f91af0c24dc4,
llama/B25_23/L03/repair/fold=3,llama,3,23,3,new_successor_fit,True,5e1bf47a457558cbc0735bd8f9f13ca029cbf3a4,fits/71d53573cb9f81178093ce6a/fit.json,7805ff5a65d257c04be2de4dba56578be3dc2d33f2d1e37d3cec704d36989f04,
llama/B25_23/L03/repair/fold=4,llama,3,23,4,new_successor_fit,True,5e1bf47a457558cbc0735bd8f9f13ca029cbf3a4,fits/fa909074c119d61ee69ccb4e/fit.json,8191923345f6ba964454f9c1abd406596f96f7890b4e70d36089fb9b86c6c35e,
llama/B25_37/L03/repair/fold=0,llama,3,37,0,new_successor_fit,True,5e1bf47a457558cbc0735bd8f9f13ca029cbf3a4,fits/911b7863e1ba48d16cf92688/fit.json,6869020ce08dc544d179dc265f286d0c50bb44327e6d54c56210adcaec895ace,
llama/B25_37/L03/repair/fold=1,llama,3,37,1,new_successor_fit,True,5e1bf47a457558cbc0735bd8f9f13ca029cbf3a4,fits/14782777ace6839596b92169/fit.json,949b03d6d418f135fb150895a43059b99404bb146d04ab2bb8eb146e3ca09bd8,
llama/B25_37/L03/repair/fold=2,llama,3,37,2,new_successor_fit,True,5e1bf47a457558cbc0735bd8f9f13ca029cbf3a4,fits/05edf1d7826bc19a2fe75e4f/fit.json,91383006c602bd1f157e0fc7f564ea27a45795c7a9e7257f85aeae41b6f448f4,
llama/B25_37/L03/repair/fold=3,llama,3,37,3,new_successor_fit,True,5e1bf47a457558cbc0735bd8f9f13ca029cbf3a4,fits/8a7fca6c84a2b995f05b3f62/fit.json,bf9754595b3df6f00ff945bd0e6df547a3db0680e84df2517a703d0a57b82304,
llama/B25_37/L03/repair/fold=4,llama,3,37,4,new_successor_fit,True,5e1bf47a457558cbc0735bd8f9f13ca029cbf3a4,fits/2b4136b92edac3002c9e9a9d/fit.json,b64d3d061a1e4302311ce59b24d2125892bb50e0c5fab7a68cdacf3d590796fa,
llama/B25_11/L04/repair/fold=0,llama,4,11,0,new_successor_fit,True,5e1bf47a457558cbc0735bd8f9f13ca029cbf3a4,fits/380753a3f890f075c2b864b7/fit.json,5c81fd8526adfc8e7b8ea6be3176b0af10dae47f0a91b103a66a011e739afc24,
llama/B25_11/L04/repair/fold=1,llama,4,11,1,new_successor_fit,True,5e1bf47a457558cbc0735bd8f9f13ca029cbf3a4,fits/1a214e552a94b02fe03748f7/fit.json,a1e6da2a99d5fc0249075474dc61328dd8f61f350244f55910a37293b70f1761,
llama/B25_11/L04/repair/fold=2,llama,4,11,2,new_successor_fit,True,5e1bf47a457558cbc0735bd8f9f13ca029cbf3a4,fits/2419ce56e9585f6cc76561df/fit.json,def2e523f55389510d165ba2c90efed36fd722aa73bb20eb8161dfc155391f3f,
llama/B25_11/L04/repair/fold=3,llama,4,11,3,new_successor_fit,True,5e1bf47a457558cbc0735bd8f9f13ca029cbf3a4,fits/5d224311e20a754afee17938/fit.json,7eefa9df28eca097ddc0b59df95fdf7fc578f3bf8fbeae3c0d778d935ac8a21e,
llama/B25_11/L04/repair/fold=4,llama,4,11,4,new_successor_fit,True,5e1bf47a457558cbc0735bd8f9f13ca029cbf3a4,fits/b986c4405963080ef60f4888/fit.json,24d3e51168699ecfd16cd12ad9c21c233a7e7af7b456ac213fa647a8d21aee03,
llama/B25_23/L04/repair/fold=0,llama,4,23,0,new_successor_fit,True,5e1bf47a457558cbc0735bd8f9f13ca029cbf3a4,fits/a07f5a83c9e0086f10600df0/fit.json,b9e625f1a4bffc8203810538301e55d40e68dd06eb3a31b8ea0117179a61f423,
llama/B25_23/L04/repair/fold=1,llama,4,23,1,new_successor_fit,True,5e1bf47a457558cbc0735bd8f9f13ca029cbf3a4,fits/fd8f9c9e6a451cb162ca72d7/fit.json,9e3a4fb996c2c0a06701bd080b6c06d17891c8fc5c17c6804778420e8192e3e0,
llama/B25_23/L04/repair/fold=2,llama,4,23,2,new_successor_fit,True,5e1bf47a457558cbc0735bd8f9f13ca029cbf3a4,fits/a6c89a6c705a41a2473ea7fa/fit.json,57398a4e186914ee5c0b02501c777a653c41319acb339d80b545afaa768c7eda,
llama/B25_23/L04/repair/fold=3,llama,4,23,3,new_successor_fit,True,5e1bf47a457558cbc0735bd8f9f13ca029cbf3a4,fits/4a1b603c49fe9e2762034246/fit.json,08ae214cb6923fca7a60b47ff80f33c5c722501563500fb6cb2456b92e2b5ac6,
llama/B25_23/L04/repair/fold=4,llama,4,23,4,new_successor_fit,True,5e1bf47a457558cbc0735bd8f9f13ca029cbf3a4,fits/7d79e22c67f21decefb34822/fit.json,b78959a855b13d0076ded421141ebce36f3e46ab13c8b1329e02c8626faab44b,
llama/B25_37/L04/repair/fold=0,llama,4,37,0,new_successor_fit,True,5e1bf47a457558cbc0735bd8f9f13ca029cbf3a4,fits/3a871c889e5b900760d719b9/fit.json,fe9a75c46077d0b66cce9f2f70f7c67fec6226fa3c1b92e2cd17b698bb865b75,
llama/B25_37/L04/repair/fold=1,llama,4,37,1,new_successor_fit,True,5e1bf47a457558cbc0735bd8f9f13ca029cbf3a4,fits/3441de082491111a194958af/fit.json,2373be9b04c92706b25ee91e675f90a7cf753d44910c76d94f0ac919b52a3408,
llama/B25_37/L04/repair/fold=2,llama,4,37,2,new_successor_fit,True,5e1bf47a457558cbc0735bd8f9f13ca029cbf3a4,fits/20d23647ff536c44371db6ac/fit.json,e4bac20ff79bb9430262268a658aa39070703d5bff82eb01a580e898cd747f8e,
llama/B25_37/L04/repair/fold=3,llama,4,37,3,new_successor_fit,True,5e1bf47a457558cbc0735bd8f9f13ca029cbf3a4,fits/558e26886587832f61ac6d40/fit.json,bc96efcdf134a8d13c9187f5b708dff8fe39de46a2b0afc5869cbba346fb5586,
llama/B25_37/L04/repair/fold=4,llama,4,37,4,new_successor_fit,True,5e1bf47a457558cbc0735bd8f9f13ca029cbf3a4,fits/7d446ee2ab63b9da7048a522/fit.json,bc2940ebd04c8da44998080dda073332171cea57508039b47dde022673b36cbf,
llama/B25_11/L05/repair/fold=0,llama,5,11,0,new_successor_fit,True,5e1bf47a457558cbc0735bd8f9f13ca029cbf3a4,fits/e701b6ac3acc28a8919dd46a/fit.json,899bb48a49be48fe45fb2ca2e51cd7f0f7f57712600b341bac354c17da095e99,
llama/B25_11/L05/repair/fold=1,llama,5,11,1,new_successor_fit,True,5e1bf47a457558cbc0735bd8f9f13ca029cbf3a4,fits/977a716e00d69b008f58e596/fit.json,41b8d55dc397abee36721cbd9a4535976c1ae5db448bf9e731811b47267d9888,
llama/B25_11/L05/repair/fold=2,llama,5,11,2,new_successor_fit,True,5e1bf47a457558cbc0735bd8f9f13ca029cbf3a4,fits/beeb7b814c451899d8429406/fit.json,97025f45a485525aab79892fa4686c5c6a85d7934adeb51ded17a6672b4ad144,
llama/B25_11/L05/repair/fold=3,llama,5,11,3,new_successor_fit,True,5e1bf47a457558cbc0735bd8f9f13ca029cbf3a4,fits/7c37019cb46eb20a5e02542e/fit.json,7efe480da3f22cace3032d710b0c23cf5dd4aef14c7a206fb9393a187f41a100,
llama/B25_11/L05/repair/fold=4,llama,5,11,4,new_successor_fit,True,5e1bf47a457558cbc0735bd8f9f13ca029cbf3a4,fits/f0c34d1201a7488241c96c3f/fit.json,b5bf4cdb99d28219d68801ef82bd1dcbffd8573a302abaa8c93341f41d12804d,
llama/B25_23/L05/repair/fold=0,llama,5,23,0,new_successor_fit,True,5e1bf47a457558cbc0735bd8f9f13ca029cbf3a4,fits/ee74725dd4b7052651c1925d/fit.json,cca0e3a4c6259962a16e97385c98718ee35664eb13b46932eac1592f70392462,
llama/B25_23/L05/repair/fold=1,llama,5,23,1,new_successor_fit,True,5e1bf47a457558cbc0735bd8f9f13ca029cbf3a4,fits/9e518961a2a7f62f9393a4eb/fit.json,6d8bf56f2728f75b2e3ed9d577b42ab48ef100f8ad84cec46c3a5b39a0c82f85,
llama/B25_23/L05/repair/fold=2,llama,5,23,2,new_successor_fit,True,5e1bf47a457558cbc0735bd8f9f13ca029cbf3a4,fits/317c36ac81257d72215138b3/fit.json,9211a1bdb3df66ae4758fd43453f1664725fae2135b289f94bf1abfd2c204b20,
llama/B25_23/L05/repair/fold=3,llama,5,23,3,new_successor_fit,True,5e1bf47a457558cbc0735bd8f9f13ca029cbf3a4,fits/8685570e68265f1c775c798b/fit.json,d12de5948f22eaaff624ef6aa926b04be3cce5fff7e74dc104f99b8f799d01a6,
llama/B25_23/L05/repair/fold=4,llama,5,23,4,new_successor_fit,True,5e1bf47a457558cbc0735bd8f9f13ca029cbf3a4,fits/a4ac5b5a99e168ae399877a0/fit.json,daedfc9df6c9409ff7cc1975db857918a2d992452e2ef66b6c7d25bc9970e876,
llama/B25_37/L05/repair/fold=0,llama,5,37,0,new_successor_fit,True,5e1bf47a457558cbc0735bd8f9f13ca029cbf3a4,fits/54072b10f3fca91d1b99961f/fit.json,d1610612be94fe81b9f839e8c9bc162a20bcde2c474c3ae23512c3ba5fef5962,
llama/B25_37/L05/repair/fold=1,llama,5,37,1,new_successor_fit,True,5e1bf47a457558cbc0735bd8f9f13ca029cbf3a4,fits/3a7b3f1b1f7826c27000a078/fit.json,fd82d4f70f143732f5eb51186ae1ab6dabea9b5348e11689b48c088ed9fa03f4,
llama/B25_37/L05/repair/fold=2,llama,5,37,2,new_successor_fit,True,5e1bf47a457558cbc0735bd8f9f13ca029cbf3a4,fits/cae86220fec971de4aa196bd/fit.json,7c9dd78c584dfdb1fee05479a4a71e12f6f9dfac6c798e21878bbc8bb2975a41,
llama/B25_37/L05/repair/fold=3,llama,5,37,3,new_successor_fit,True,5e1bf47a457558cbc0735bd8f9f13ca029cbf3a4,fits/d1fe5808681c37fc7bda455f/fit.json,65eafacfef8a508bee7f2acef403360b1c3d0a809ef0c3ab4d4957b160191f9e,
llama/B25_37/L05/repair/fold=4,llama,5,37,4,new_successor_fit,True,5e1bf47a457558cbc0735bd8f9f13ca029cbf3a4,fits/77c2cd082e148eeae5494561/fit.json,4a75d85bf677c2b1c8a45260db976b812d6814bcac1291f1dcb4df5eb629e3fb,
llama/B25_11/L06/repair/fold=0,llama,6,11,0,new_successor_fit,True,5e1bf47a457558cbc0735bd8f9f13ca029cbf3a4,fits/ea6a7d63bf70f47e2a8dce6b/fit.json,885af866c0d9f3281befdf9e2baff91026d9c5ce730b98f5e6f4919483df0310,
llama/B25_11/L06/repair/fold=1,llama,6,11,1,new_successor_fit,True,5e1bf47a457558cbc0735bd8f9f13ca029cbf3a4,fits/8e11cb63efbb33874e6d50ab/fit.json,a1baf7d1182b13b51bee0b839a1e4aaf6e9f8ff9cc8e20b06948341a79c923f5,
llama/B25_11/L06/repair/fold=2,llama,6,11,2,new_successor_fit,True,5e1bf47a457558cbc0735bd8f9f13ca029cbf3a4,fits/8b46d46405bf08a61eb9921c/fit.json,fec8bb8426306163591d53ed1fae0f3e4d4debd2124e1d9f4a3ed17839e520fb,
llama/B25_11/L06/repair/fold=3,llama,6,11,3,new_successor_fit,True,5e1bf47a457558cbc0735bd8f9f13ca029cbf3a4,fits/0a08ba1ada10aa0f83320759/fit.json,31e7282f73a696eacd458eb02d9cab8e035ef1e9ae3b15878a48645e097685db,
llama/B25_11/L06/repair/fold=4,llama,6,11,4,new_successor_fit,True,5e1bf47a457558cbc0735bd8f9f13ca029cbf3a4,fits/2eba7926699b58c3ff26618a/fit.json,d8b792b646391949fe42260ecfa631acf85110dabf79781210485efb9723810c,
llama/B25_23/L06/repair/fold=0,llama,6,23,0,new_successor_fit,True,5e1bf47a457558cbc0735bd8f9f13ca029cbf3a4,fits/238222358306b993394c377a/fit.json,1699d13a07d3d2cdbaecbc6f0d3d1157da2ae2b8c33ef47e98ec1bd754bbbfca,
llama/B25_23/L06/repair/fold=1,llama,6,23,1,new_successor_fit,True,5e1bf47a457558cbc0735bd8f9f13ca029cbf3a4,fits/29f534ca2c37b95ed48425f1/fit.json,4470b21089281a0f25b7ebc34e73682e0f4240165c828bbc2f41194b662d2237,
llama/B25_23/L06/repair/fold=2,llama,6,23,2,new_successor_fit,True,5e1bf47a457558cbc0735bd8f9f13ca029cbf3a4,fits/6d55fd059c05e3ab5a1e315c/fit.json,ed16014069138c4fe058a8509bd40da50cd4d955db518c5fed82a08176090d05,
llama/B25_23/L06/repair/fold=3,llama,6,23,3,new_successor_fit,True,5e1bf47a457558cbc0735bd8f9f13ca029cbf3a4,fits/088c1bca8a8b96813a811208/fit.json,518430bc2f8b0c097afd849ae389b22a4db87e177a49f98c360fd42007a14648,
llama/B25_23/L06/repair/fold=4,llama,6,23,4,new_successor_fit,True,5e1bf47a457558cbc0735bd8f9f13ca029cbf3a4,fits/b9985bf5481c186c63ca4e60/fit.json,ca7f6348851cf47d9a8d2c6e08d101550a9f780d6de2d57869b2eb77e8e16212,
llama/B25_37/L06/repair/fold=0,llama,6,37,0,new_successor_fit,True,5e1bf47a457558cbc0735bd8f9f13ca029cbf3a4,fits/3cf6f9a00c8339e19012e095/fit.json,a1796372596b9bda2b92f3bf843bbcac6094adab1680f1c9510d5e9735c6295d,
llama/B25_37/L06/repair/fold=1,llama,6,37,1,new_successor_fit,True,5e1bf47a457558cbc0735bd8f9f13ca029cbf3a4,fits/1f2815172ebccb2db63f732a/fit.json,e0842b8d92f9f712c4d2bd49c50a6d669fe455396c14c305adea71be069f5945,
llama/B25_37/L06/repair/fold=2,llama,6,37,2,new_successor_fit,True,5e1bf47a457558cbc0735bd8f9f13ca029cbf3a4,fits/03925fe376c1a7fe55517298/fit.json,025f554662b28d88e5ddf5dbf61fc7188a0b6ad7c067f114e4d6d9334da52922,
llama/B25_37/L06/repair/fold=3,llama,6,37,3,new_successor_fit,True,5e1bf47a457558cbc0735bd8f9f13ca029cbf3a4,fits/7f2392e800be08ca839231c2/fit.json,d7b7dd93ced5f77d0b10eed6cfd4fa8ca100248646cfdcccc2208650d5d3c92e,
llama/B25_37/L06/repair/fold=4,llama,6,37,4,new_successor_fit,True,5e1bf47a457558cbc0735bd8f9f13ca029cbf3a4,fits/a4b2b21c53802d730d8c5964/fit.json,4ca5a283bd208ab0513bd7ab7dcf569859e54d145be3cd5ff1c319cc247a4e0d,
llama/B25_11/L07/repair/fold=0,llama,7,11,0,new_successor_fit,True,5e1bf47a457558cbc0735bd8f9f13ca029cbf3a4,fits/3a86fc1c222f7ebd1eca1196/fit.json,7e395dadad92d75d8058444c5e3df444d4b92b935280b37bbb38da233059673b,
llama/B25_11/L07/repair/fold=1,llama,7,11,1,new_successor_fit,True,5e1bf47a457558cbc0735bd8f9f13ca029cbf3a4,fits/744f48a69c6bfe9d5fab887d/fit.json,e90eab50bb2af0aae66161ee35485d61aa76078bc50f1747e7fc5e46722540b3,
llama/B25_11/L07/repair/fold=2,llama,7,11,2,new_successor_fit,True,5e1bf47a457558cbc0735bd8f9f13ca029cbf3a4,fits/0a3f90e51d93a6e3257a3cbb/fit.json,ffb03cdc7a456dbf9ad3c3351058aa430048b9f27305f184046364c49da62d4a,
llama/B25_11/L07/repair/fold=3,llama,7,11,3,new_successor_fit,True,5e1bf47a457558cbc0735bd8f9f13ca029cbf3a4,fits/e15debf908b6ff4af480ce4d/fit.json,6226c4635a32146edad06c9a9662109014fb20bdb10515d2e021e75f73ced562,
llama/B25_11/L07/repair/fold=4,llama,7,11,4,new_successor_fit,True,5e1bf47a457558cbc0735bd8f9f13ca029cbf3a4,fits/906f62bb45d79d2e72482a32/fit.json,15548e11518558146fecdd4197c4e607a1f2f480f186177ca92398725b55b987,
llama/B25_23/L07/repair/fold=0,llama,7,23,0,new_successor_fit,True,5e1bf47a457558cbc0735bd8f9f13ca029cbf3a4,fits/8b4d12628f2821ffcf88bdbb/fit.json,dcebb643ca3327057313de90a6782217bfc396173a45aa5595e2a68bbbc9c8cb,
llama/B25_23/L07/repair/fold=1,llama,7,23,1,new_successor_fit,True,5e1bf47a457558cbc0735bd8f9f13ca029cbf3a4,fits/7fc1279289d67c2f699cd10f/fit.json,d1a672e3ffc7b77a7669d02013a964f2c60eaf7e290ed1bd9117b37211f1aaba,
llama/B25_23/L07/repair/fold=2,llama,7,23,2,new_successor_fit,True,5e1bf47a457558cbc0735bd8f9f13ca029cbf3a4,fits/e4fbb2f03299d3032908746e/fit.json,b290ad07d92b0f29614d070a613bdd0b0f42964783badd7535da7831135db427,
llama/B25_23/L07/repair/fold=3,llama,7,23,3,new_successor_fit,True,5e1bf47a457558cbc0735bd8f9f13ca029cbf3a4,fits/1d4dd14d8d0faa3e2b40bbfa/fit.json,03df5c75d1e683b200661b8c90c8e60c6aa4bbdc8f47b89052a61867a699c334,
llama/B25_23/L07/repair/fold=4,llama,7,23,4,new_successor_fit,True,5e1bf47a457558cbc0735bd8f9f13ca029cbf3a4,fits/d843441e4166faff4c979a0d/fit.json,7629f48719a01d567b43d3cc9acd3d656bb96fb372659b761572508ffbd417c7,
llama/B25_37/L07/repair/fold=0,llama,7,37,0,new_successor_fit,True,5e1bf47a457558cbc0735bd8f9f13ca029cbf3a4,fits/dda7f28c738c1410c8f50de3/fit.json,3d950703d5d2b2c69d419f9d785a53d94f3fe79844b7e7757b34b4fe50f3487f,
llama/B25_37/L07/repair/fold=1,llama,7,37,1,new_successor_fit,True,5e1bf47a457558cbc0735bd8f9f13ca029cbf3a4,fits/7070d8a482c0e9218e763a5b/fit.json,b773ac5f82f7ffba5b123168f4db531a2fcd7328ed815f56130dedd4489b0355,
llama/B25_37/L07/repair/fold=2,llama,7,37,2,new_successor_fit,True,5e1bf47a457558cbc0735bd8f9f13ca029cbf3a4,fits/00d19eebadb598aa4564cb00/fit.json,573e9185deac40347423c30159d17327c750c1bb4e6bb571e064d2a92c89a472,
llama/B25_37/L07/repair/fold=3,llama,7,37,3,new_successor_fit,True,5e1bf47a457558cbc0735bd8f9f13ca029cbf3a4,fits/f7e7db2825f890d9d02a9fec/fit.json,f938fdfc16da6b43c31d168ebe160b7ab3305ca2ff0643567db2efd92527b821,
llama/B25_37/L07/repair/fold=4,llama,7,37,4,new_successor_fit,True,5e1bf47a457558cbc0735bd8f9f13ca029cbf3a4,fits/c09cafe0cf19faa38e1fecdb/fit.json,4f76eaabd6b849801e506dda350c87eca56dd70db96a46e65bffd4a9d1c7a8f0,
llama/B25_11/L08/repair/fold=0,llama,8,11,0,new_successor_fit,True,5e1bf47a457558cbc0735bd8f9f13ca029cbf3a4,fits/742966516040f639e04060a8/fit.json,6d0edd4a1e3ab236f3bb25c2818b8a4bd7117fb68f545db8616a527dfb36b399,
llama/B25_11/L08/repair/fold=1,llama,8,11,1,new_successor_fit,True,5e1bf47a457558cbc0735bd8f9f13ca029cbf3a4,fits/5fe6347b96c348ac0d3fd9e0/fit.json,e8e83efc3becb7fd4fe517ead61ae69e2b7b97a2f363d1f916a7a206f67385c5,
llama/B25_11/L08/repair/fold=2,llama,8,11,2,new_successor_fit,True,5e1bf47a457558cbc0735bd8f9f13ca029cbf3a4,fits/053cf885b925851537562e3f/fit.json,734b3e68625c7f76282cdece077ea4ad2b2632f9e3bd434a156e83d2c4f15905,
llama/B25_11/L08/repair/fold=3,llama,8,11,3,new_successor_fit,True,5e1bf47a457558cbc0735bd8f9f13ca029cbf3a4,fits/98cb5fb185305103d52f9305/fit.json,163ca3a8d304795a13ed467129143407b5e9f32cc3eb5e56c9c2c7fd94cb8519,
llama/B25_11/L08/repair/fold=4,llama,8,11,4,new_successor_fit,True,5e1bf47a457558cbc0735bd8f9f13ca029cbf3a4,fits/bffaba5a7f9038bd87e30d30/fit.json,c5147a9cb049136af928083a2b805c4a6096d46b77483663a7d5675a3d5a541c,
llama/B25_23/L08/repair/fold=0,llama,8,23,0,new_successor_fit,True,5e1bf47a457558cbc0735bd8f9f13ca029cbf3a4,fits/2c6e90129681607617036d81/fit.json,7d2c3b5ba250a57a1ac6ec1090625a5e7d1d4a5719ddb05f3295b9ec4ecc536b,
llama/B25_23/L08/repair/fold=1,llama,8,23,1,new_successor_fit,True,5e1bf47a457558cbc0735bd8f9f13ca029cbf3a4,fits/93e0c509e9fbc45295fe3113/fit.json,5f91670cd49daf68755de6fc788b77b53597d660f8c33ee3590084c9f0469256,
llama/B25_23/L08/repair/fold=2,llama,8,23,2,new_successor_fit,True,5e1bf47a457558cbc0735bd8f9f13ca029cbf3a4,fits/6ceafafdd79f9dc377d079fa/fit.json,7e3d28955ea4f77fed6ab789e35587216537c86bb8ff32932d4304bfd4cd5ec8,
llama/B25_23/L08/repair/fold=3,llama,8,23,3,new_successor_fit,True,5e1bf47a457558cbc0735bd8f9f13ca029cbf3a4,fits/1a1d68860f4a7e3f88a3dd2f/fit.json,46b553682176ddb83ce1b4dff6512d028fc083488a0927458941a553cf22e331,
llama/B25_23/L08/repair/fold=4,llama,8,23,4,new_successor_fit,True,5e1bf47a457558cbc0735bd8f9f13ca029cbf3a4,fits/d71d0544b5c52a32d4aa39a6/fit.json,63843026b52256aa9a13da4464050ad7e6e18227a6e79a3209ead3300c7c1366,
llama/B25_37/L08/repair/fold=0,llama,8,37,0,new_successor_fit,True,5e1bf47a457558cbc0735bd8f9f13ca029cbf3a4,fits/0d57ef443d3e9469b10de128/fit.json,0b91ffa3b106b934f3875830c98b43ba61456b4068ecb85c6842c4015fe085a0,
llama/B25_37/L08/repair/fold=1,llama,8,37,1,new_successor_fit,True,5e1bf47a457558cbc0735bd8f9f13ca029cbf3a4,fits/ba74d23970ee9f4456724769/fit.json,dcfd28e22b57b4aecbc138073769d61ac7abbe38f72872e2bfb13602435e356f,
llama/B25_37/L08/repair/fold=2,llama,8,37,2,new_successor_fit,True,5e1bf47a457558cbc0735bd8f9f13ca029cbf3a4,fits/29d839b58bd7dbb67bc7b6b6/fit.json,cdee87e147a651739ea84b5c839f9835ed6f7714abe737c3c3040e958e54bb1c,
llama/B25_37/L08/repair/fold=3,llama,8,37,3,new_successor_fit,True,5e1bf47a457558cbc0735bd8f9f13ca029cbf3a4,fits/cda739b9937156b407670951/fit.json,012a995aeab1284627367be1b3317f2b1ffb6c54612861d188891daa2c6092ff,
llama/B25_37/L08/repair/fold=4,llama,8,37,4,new_successor_fit,True,5e1bf47a457558cbc0735bd8f9f13ca029cbf3a4,fits/a0868cbec93a64091db272d3/fit.json,1968b14f96678190cdebe68ef94c94d84a2fbf5df42697204fcfefb672cc10c3,
llama/B25_11/L09/repair/fold=0,llama,9,11,0,new_successor_fit,True,5e1bf47a457558cbc0735bd8f9f13ca029cbf3a4,fits/c53198684cf15949281a501b/fit.json,36ef3ce469c1a0e80ffebc9a7dd9704250031e5fe71741921835c846fc624f2a,
llama/B25_11/L09/repair/fold=1,llama,9,11,1,new_successor_fit,True,5e1bf47a457558cbc0735bd8f9f13ca029cbf3a4,fits/55ec28aa616ac084f295bee4/fit.json,c8dd2cf1e0d1f7948c2b3f16f83c5abffa044831386c1cc4a3e0a3fb851bb917,
llama/B25_11/L09/repair/fold=2,llama,9,11,2,new_successor_fit,True,5e1bf47a457558cbc0735bd8f9f13ca029cbf3a4,fits/705762b237bab4be11e7d20d/fit.json,76a4e9d91bc62185391d12b710d00e2f8da6e60cd80c1a1f3939aca74bcb7f62,
llama/B25_11/L09/repair/fold=3,llama,9,11,3,new_successor_fit,True,5e1bf47a457558cbc0735bd8f9f13ca029cbf3a4,fits/0808dde6bc3890f3a463f923/fit.json,dc7b6dd73d66d6115b0d1136b1beccc795e4f30c223ff80d1992f49e8e262245,
llama/B25_11/L09/repair/fold=4,llama,9,11,4,new_successor_fit,True,5e1bf47a457558cbc0735bd8f9f13ca029cbf3a4,fits/d038526e844a2c3c84aa3e81/fit.json,ef7ab5fad20677ba87dd1e2111f2e8fe4171d654842d1929ac689ea4623deb15,
llama/B25_23/L09/repair/fold=0,llama,9,23,0,new_successor_fit,True,5e1bf47a457558cbc0735bd8f9f13ca029cbf3a4,fits/70f97c6136f09ab1aff34bad/fit.json,3f43da4e302bbd510e652f1cf971d229e55156120238f1441b5e3b19fa8f23d8,
llama/B25_23/L09/repair/fold=1,llama,9,23,1,new_successor_fit,True,5e1bf47a457558cbc0735bd8f9f13ca029cbf3a4,fits/77c0a21c7478a03b98e6ca47/fit.json,88f9a0cacdfb54b768c7c2af9bdfef639373f2df41dfc100e177300470275fa8,
llama/B25_23/L09/repair/fold=2,llama,9,23,2,new_successor_fit,True,5e1bf47a457558cbc0735bd8f9f13ca029cbf3a4,fits/c3172b44320e68121ec38f9f/fit.json,42585d792de017672c84f4ff7056acb49050faca32d39f9f6f786e59e51a16ba,
llama/B25_23/L09/repair/fold=3,llama,9,23,3,new_successor_fit,True,5e1bf47a457558cbc0735bd8f9f13ca029cbf3a4,fits/fe53fcd43bc3fbe6569b6fd6/fit.json,137fd8222085eb9ae0c811b0935034fec9cd8853a733940f2bf357fcce69712e,
llama/B25_23/L09/repair/fold=4,llama,9,23,4,new_successor_fit,True,5e1bf47a457558cbc0735bd8f9f13ca029cbf3a4,fits/830abb5f59b4b7dcef847e9b/fit.json,0fda74e4f3a85f9ff6dce37c5434f59d4c3b73e2ae9f874bdf9c27292d8de261,
llama/B25_37/L09/repair/fold=0,llama,9,37,0,new_successor_fit,True,5e1bf47a457558cbc0735bd8f9f13ca029cbf3a4,fits/99973885512c06b72bad0a57/fit.json,a4194e33aa3de8bb2e11c0284f766e842bdc8545ba7623eae397fe5790878f06,
llama/B25_37/L09/repair/fold=1,llama,9,37,1,new_successor_fit,True,5e1bf47a457558cbc0735bd8f9f13ca029cbf3a4,fits/1a68fd24b50bac0b5f33693c/fit.json,88de0264c74fff6cc6603119193cd5d5e553170c833da74df8475c9d79d6a6cc,
llama/B25_37/L09/repair/fold=2,llama,9,37,2,new_successor_fit,True,5e1bf47a457558cbc0735bd8f9f13ca029cbf3a4,fits/88f0f2aafece2ea67ec3bef6/fit.json,fe0223a8cd675d100b40fee429fa79e797b0b131ca43948299a0cd90264bf02a,
llama/B25_37/L09/repair/fold=3,llama,9,37,3,new_successor_fit,True,5e1bf47a457558cbc0735bd8f9f13ca029cbf3a4,fits/4a743ab30b6f05893c669e97/fit.json,c8518d020c0c6cc8bc0040de3a91fad3c30bad53318355366f664758467757b5,
llama/B25_37/L09/repair/fold=4,llama,9,37,4,new_successor_fit,True,5e1bf47a457558cbc0735bd8f9f13ca029cbf3a4,fits/cf32ee175bde15d961403628/fit.json,5598f76aae78db7a58750810d7571816e0d1d982d6ba010a5a8f4198639c8700,
llama/B25_11/L10/repair/fold=0,llama,10,11,0,new_successor_fit,True,5e1bf47a457558cbc0735bd8f9f13ca029cbf3a4,fits/64df5c792e8ba4e29037acf3/fit.json,c9356aac3480040f8036242165256f1de48600f41598b1f6a64a405fda59af2c,
llama/B25_11/L10/repair/fold=1,llama,10,11,1,new_successor_fit,True,5e1bf47a457558cbc0735bd8f9f13ca029cbf3a4,fits/c340b2b12e8a5156d8382649/fit.json,fd3b64948c5cb66166ac883dcd851c9029d24e0dc0f673a4e70759ec79f821b4,
llama/B25_11/L10/repair/fold=2,llama,10,11,2,new_successor_fit,True,5e1bf47a457558cbc0735bd8f9f13ca029cbf3a4,fits/5cf052c7112dc4f55c8de49b/fit.json,f01f25ff465a8b95fc9208f2bfbfdf81a2b25c56db8ef6d738024e68c63a1953,
llama/B25_11/L10/repair/fold=3,llama,10,11,3,new_successor_fit,True,5e1bf47a457558cbc0735bd8f9f13ca029cbf3a4,fits/662043b42ea5038ad2815282/fit.json,750daff716a9953d6ee0d3e15cf311411988dc2533617ee510048bf8efaaf7a7,
llama/B25_11/L10/repair/fold=4,llama,10,11,4,new_successor_fit,True,5e1bf47a457558cbc0735bd8f9f13ca029cbf3a4,fits/9105f16e417094619bfb087b/fit.json,af918787e6bf66d62cdc81bfa62d8c8d7c79841d97c0f5f34c124e35cfdcccc5,
llama/B25_23/L10/repair/fold=0,llama,10,23,0,new_successor_fit,True,5e1bf47a457558cbc0735bd8f9f13ca029cbf3a4,fits/0c91ba796115deca6176b566/fit.json,c10686c856e3384f43e9b98b85590b0a853630dc40760839375ca52d6942f1b9,
llama/B25_23/L10/repair/fold=1,llama,10,23,1,new_successor_fit,True,5e1bf47a457558cbc0735bd8f9f13ca029cbf3a4,fits/82054f01c20a2d1f10e03cfe/fit.json,d936305ce1f545672e4a2947a628187c5b6681126789154d0127538c34c82174,
llama/B25_23/L10/repair/fold=2,llama,10,23,2,new_successor_fit,True,5e1bf47a457558cbc0735bd8f9f13ca029cbf3a4,fits/f17dd7708930b3233d263359/fit.json,56d9495562bacff8b47c0bbcb8439c9eab5808ae16e3acff6f2a0ac0cac581a0,
llama/B25_23/L10/repair/fold=3,llama,10,23,3,new_successor_fit,True,5e1bf47a457558cbc0735bd8f9f13ca029cbf3a4,fits/7801dda98d918d90997eb79b/fit.json,74926b78ee341951f6892732bd0eec112834050b409884bf6f43e62465fd16c0,
llama/B25_23/L10/repair/fold=4,llama,10,23,4,new_successor_fit,True,5e1bf47a457558cbc0735bd8f9f13ca029cbf3a4,fits/009be0ee0ae53e51ebdb85dd/fit.json,9024fe90771b2ed3a04e5e79d6f78d10d39b98f5001c2d35f7d10229e6108f29,
llama/B25_37/L10/repair/fold=0,llama,10,37,0,new_successor_fit,True,5e1bf47a457558cbc0735bd8f9f13ca029cbf3a4,fits/1bfb1e551d769bee6e66b8fc/fit.json,7851af3f973e552ca5366e4b538804cb8bb2cdb9efa28a0070d0bdae2b6366e7,
llama/B25_37/L10/repair/fold=1,llama,10,37,1,new_successor_fit,True,5e1bf47a457558cbc0735bd8f9f13ca029cbf3a4,fits/aa70d326a620fcaaaa7a3199/fit.json,4866788b6cc1002543408de8d2338441e98cd4d95675dec63f7affb3052e0c2e,
llama/B25_37/L10/repair/fold=2,llama,10,37,2,new_successor_fit,True,5e1bf47a457558cbc0735bd8f9f13ca029cbf3a4,fits/9cad9be8beef881224ac0c91/fit.json,543d158e59e9b60761c6ce47d59d39825109781994b1fa970d926bca41bab913,
llama/B25_37/L10/repair/fold=3,llama,10,37,3,new_successor_fit,True,5e1bf47a457558cbc0735bd8f9f13ca029cbf3a4,fits/a995b0a4fa6c2df88c8136e8/fit.json,53dc2ff83b6b69efae35ba73b5c22c280a6a6bb894fb9072562cc0575e785dec,
llama/B25_37/L10/repair/fold=4,llama,10,37,4,new_successor_fit,True,5e1bf47a457558cbc0735bd8f9f13ca029cbf3a4,fits/62b80bfe6238621e33f0c742/fit.json,35e482d43c9bf678a2f92dfdd4ba4d8b5d8b42c37bd86d586fd9e6df73abec9f,
llama/B25_11/L11/repair/fold=0,llama,11,11,0,new_successor_fit,True,5e1bf47a457558cbc0735bd8f9f13ca029cbf3a4,fits/797482dd46072d4a87c54f54/fit.json,2a864ee5a6461706414f2f7084e06febf028fb4c63ea229848fdc88d2efb99ed,
llama/B25_11/L11/repair/fold=1,llama,11,11,1,new_successor_fit,True,5e1bf47a457558cbc0735bd8f9f13ca029cbf3a4,fits/d8975d196b00ac4006529e76/fit.json,6456d2f3093da06b3c045e81ff2b00793dd96887b33ccb7140b00cb0e44b54da,
llama/B25_11/L11/repair/fold=2,llama,11,11,2,new_successor_fit,True,5e1bf47a457558cbc0735bd8f9f13ca029cbf3a4,fits/040e30b03a7bb8a2309d8219/fit.json,45b17e3b069f99f9479937b87cf9f9e26b835bf93d137f4793d93333e0d95971,
llama/B25_11/L11/repair/fold=3,llama,11,11,3,new_successor_fit,True,5e1bf47a457558cbc0735bd8f9f13ca029cbf3a4,fits/08558e8129d8cc711a2e74f3/fit.json,7c8ac5daf1a59af2d2e99f13eb059b6aa70bd7260197cb13a65db15505921cee,
llama/B25_11/L11/repair/fold=4,llama,11,11,4,new_successor_fit,True,5e1bf47a457558cbc0735bd8f9f13ca029cbf3a4,fits/0e1a68d0c09cfb8b5c1d416d/fit.json,5d9c9d8d67b2039a6593c14019d81c222916ef5973c9f41cfda341b6974c6ef1,
llama/B25_23/L11/repair/fold=0,llama,11,23,0,new_successor_fit,True,5e1bf47a457558cbc0735bd8f9f13ca029cbf3a4,fits/90861fbf44ebfad8bffbf9ec/fit.json,9db7017fba28af3dffeee1af35e8a58cfdb96aa316e1947ddd4b321bfab8850c,
llama/B25_23/L11/repair/fold=1,llama,11,23,1,new_successor_fit,True,5e1bf47a457558cbc0735bd8f9f13ca029cbf3a4,fits/2e97ba1b7191a386d7d3450a/fit.json,2b2c1f064ac070e5fb62fd7249a885ca8a15267e5e8474f22659d1ff9121ce93,
llama/B25_23/L11/repair/fold=2,llama,11,23,2,new_successor_fit,True,5e1bf47a457558cbc0735bd8f9f13ca029cbf3a4,fits/a0e4d00a7604b069b280ef59/fit.json,132bd729603977e969b63fccec2f6b28a2b26b637566c358161fbb15c04027f7,
llama/B25_23/L11/repair/fold=3,llama,11,23,3,new_successor_fit,True,5e1bf47a457558cbc0735bd8f9f13ca029cbf3a4,fits/0c7b12ea3b64dd57e5ce6942/fit.json,f005e6130ff2fe642618fe3dfa9635e883feebc549774af63ed99646f9ae1f6b,
llama/B25_23/L11/repair/fold=4,llama,11,23,4,new_successor_fit,True,5e1bf47a457558cbc0735bd8f9f13ca029cbf3a4,fits/e0c3d3b084c7e2c2df1e14b2/fit.json,c294f2321ab8c73aae225fac517dc58f09f496028f8add8702d0a19843972393,
llama/B25_37/L11/repair/fold=0,llama,11,37,0,new_successor_fit,True,5e1bf47a457558cbc0735bd8f9f13ca029cbf3a4,fits/e46ba00f027ba30c5649b2f5/fit.json,a9b90438af3f6a3f9446d69ebf7cbc9bee954f194df3c5d339fe2ca4dd06ae90,
llama/B25_37/L11/repair/fold=1,llama,11,37,1,new_successor_fit,True,5e1bf47a457558cbc0735bd8f9f13ca029cbf3a4,fits/b3dda3249d57de28eb1f6d9e/fit.json,1fd6d7dcd098c71a4d8d491db8204e119e41cb671f668ffba2d9e762631c3e04,
llama/B25_37/L11/repair/fold=2,llama,11,37,2,new_successor_fit,True,5e1bf47a457558cbc0735bd8f9f13ca029cbf3a4,fits/7684ac67f18a5255650ade85/fit.json,3d0ed69e7fb9558ccc434513aaf5c85f22b9693f0012e5bdd26a2e5a33888522,
llama/B25_37/L11/repair/fold=3,llama,11,37,3,new_successor_fit,True,5e1bf47a457558cbc0735bd8f9f13ca029cbf3a4,fits/e4eae285a5d73136249287bd/fit.json,8e13e0cdcaac881cc7b1137201dae1a7cbd7ec1020afe91f0d2a56d85af085b5,
llama/B25_37/L11/repair/fold=4,llama,11,37,4,new_successor_fit,True,5e1bf47a457558cbc0735bd8f9f13ca029cbf3a4,fits/b762ed8d2eaf468aa24efbf6/fit.json,c64135e2c915ed241bf91721b8b789dce9704328f7cfac4214b6fcc696805764,
llama/B25_11/L12/repair/fold=0,llama,12,11,0,new_successor_fit,True,5e1bf47a457558cbc0735bd8f9f13ca029cbf3a4,fits/1fdd62b87e82b4fca28f10ae/fit.json,6476a36e1c744bdc243fa7f708c601f456d08d5edfb0a43ec1e8a6400e19ae02,
llama/B25_11/L12/repair/fold=1,llama,12,11,1,new_successor_fit,True,5e1bf47a457558cbc0735bd8f9f13ca029cbf3a4,fits/ff4914e8b308741325d9c689/fit.json,5a7c269e70c850143098b8cd5b5870f512f8fd9349f354feed2726fbb580112a,
llama/B25_11/L12/repair/fold=2,llama,12,11,2,new_successor_fit,True,5e1bf47a457558cbc0735bd8f9f13ca029cbf3a4,fits/a02f9b29ada2a5f033df5ed6/fit.json,7640f0d73457ae20134461cdcfe019875b74155cf555fd28291f766fff59725d,
llama/B25_11/L12/repair/fold=3,llama,12,11,3,new_successor_fit,True,5e1bf47a457558cbc0735bd8f9f13ca029cbf3a4,fits/43d3099fe1e19de2ac57a796/fit.json,5b4c816167623be5e75550a672cf86c59bae2015ea2df1f5f9901f6d2598fe91,
llama/B25_11/L12/repair/fold=4,llama,12,11,4,new_successor_fit,True,5e1bf47a457558cbc0735bd8f9f13ca029cbf3a4,fits/b0982ac9cbc415682fb56169/fit.json,36321c635a97ca592712ab7b5d36228badfc6e6d60bc8e48ed872a7ce9a4497f,
llama/B25_23/L12/repair/fold=0,llama,12,23,0,new_successor_fit,True,5e1bf47a457558cbc0735bd8f9f13ca029cbf3a4,fits/a81b5c2ba63feb52c015ece3/fit.json,72bec000899380e4e4e9233ae0de737fcdc6185940f5049b88f8c7a6299dcebd,
llama/B25_23/L12/repair/fold=1,llama,12,23,1,new_successor_fit,True,5e1bf47a457558cbc0735bd8f9f13ca029cbf3a4,fits/943a067498c3b00b8667743b/fit.json,0cb049116407bbcb67382d19b137e9b964f5df9f96df32427d38f6142d55883c,
llama/B25_23/L12/repair/fold=2,llama,12,23,2,new_successor_fit,True,5e1bf47a457558cbc0735bd8f9f13ca029cbf3a4,fits/294531a114a5023d53026de4/fit.json,a0fa692beedd5361f0222893bec25def618fbac4bba02ebe029393d5bf7ae7b2,
llama/B25_23/L12/repair/fold=3,llama,12,23,3,new_successor_fit,True,5e1bf47a457558cbc0735bd8f9f13ca029cbf3a4,fits/3079ba63f65d639a207929ab/fit.json,309ad7ba6cef801d3c1dd651dad0a9e09dc22d947fc684a206a930eb8610cae0,
llama/B25_23/L12/repair/fold=4,llama,12,23,4,new_successor_fit,True,5e1bf47a457558cbc0735bd8f9f13ca029cbf3a4,fits/a3c1663af9b12b16ea30a993/fit.json,80ebe142d6da74cc8edd30536e57461dfca30bc606239568cc156a84c3ffa72a,
llama/B25_37/L12/repair/fold=0,llama,12,37,0,new_successor_fit,True,5e1bf47a457558cbc0735bd8f9f13ca029cbf3a4,fits/aac56d0f6051db71268ee63f/fit.json,312ceaccf6f145c4ae6f8728d5493e4e691bad736b81c318fadb4bdd0ce9c172,
llama/B25_37/L12/repair/fold=1,llama,12,37,1,new_successor_fit,True,5e1bf47a457558cbc0735bd8f9f13ca029cbf3a4,fits/1234d561a62afe4eb5f19e68/fit.json,51f45b76fbf1ad9cf0582916d6591bdd1270cd94716225046bf92dbd941c54fd,
llama/B25_37/L12/repair/fold=2,llama,12,37,2,new_successor_fit,True,5e1bf47a457558cbc0735bd8f9f13ca029cbf3a4,fits/042646dd58c5ab34b268cbc9/fit.json,219f05d3b013f5364614d2bc1d4ea81f019a969de7fdbf3f5fbe596e453f9142,
llama/B25_37/L12/repair/fold=3,llama,12,37,3,new_successor_fit,True,5e1bf47a457558cbc0735bd8f9f13ca029cbf3a4,fits/27401ddcdad7894c1bb0923c/fit.json,abb5df34430e384ca045fda6c9530c98b79f7de33f5436001c1f44acf20efc4c,
llama/B25_37/L12/repair/fold=4,llama,12,37,4,new_successor_fit,True,5e1bf47a457558cbc0735bd8f9f13ca029cbf3a4,fits/04b45ef2d55376b17eed4975/fit.json,d70d0f66d647f2f9d12e35f41b622dd5cce9b9be84e3450717af2c2099969d01,
llama/B25_11/L13/repair/fold=0,llama,13,11,0,new_successor_fit,True,5e1bf47a457558cbc0735bd8f9f13ca029cbf3a4,fits/be29ff800475ac35883e26a3/fit.json,997ff9275e93acf3cf65bdfce51b0c9cf25dc17aa62a68f860a539bcb3f43662,
llama/B25_11/L13/repair/fold=1,llama,13,11,1,new_successor_fit,True,5e1bf47a457558cbc0735bd8f9f13ca029cbf3a4,fits/7f3618dc104e95ca1c998c09/fit.json,dd07d87f2e979046c0d525307285f04482c00d15d3e733d53e510d557a93dd3e,
llama/B25_11/L13/repair/fold=2,llama,13,11,2,new_successor_fit,True,5e1bf47a457558cbc0735bd8f9f13ca029cbf3a4,fits/ced302bd9ad80395e6fe31b1/fit.json,f6943dedc1585572db2aa2eb82d2c2964f935f686c0970d9471aed89a6f8fcda,
llama/B25_11/L13/repair/fold=3,llama,13,11,3,new_successor_fit,True,5e1bf47a457558cbc0735bd8f9f13ca029cbf3a4,fits/d184f16fa24f18b139bdbd70/fit.json,6b38c5cb28353402c6ea4ad3c47e37673ccdb35631d18a7144d0cc09136c5b7f,
llama/B25_11/L13/repair/fold=4,llama,13,11,4,new_successor_fit,True,5e1bf47a457558cbc0735bd8f9f13ca029cbf3a4,fits/2859fc96c4becc95b0de8998/fit.json,27de4048e993f2c0722ac282b7f858e88c0f6d435d85592bd0ce1a63c3514579,
llama/B25_23/L13/repair/fold=0,llama,13,23,0,new_successor_fit,True,5e1bf47a457558cbc0735bd8f9f13ca029cbf3a4,fits/49a9ee796bc733778afedd24/fit.json,3580459e5bea56fff81506084e9a747426930718de9a713846f8c61b8df3e360,
llama/B25_23/L13/repair/fold=1,llama,13,23,1,new_successor_fit,True,5e1bf47a457558cbc0735bd8f9f13ca029cbf3a4,fits/d11502dc6e355eafa4ceaede/fit.json,b2e35fa3ec56920e22728cb7225e76ef49864be6b9a6b8ef9c3354bb9f95a2c2,
llama/B25_23/L13/repair/fold=2,llama,13,23,2,new_successor_fit,True,5e1bf47a457558cbc0735bd8f9f13ca029cbf3a4,fits/8033e4a7ca97e34a499c9c85/fit.json,9c6eed72f8975655a6a1f29757736ce94806df0ab4f04cb5f351b2584761a07b,
llama/B25_23/L13/repair/fold=3,llama,13,23,3,new_successor_fit,True,5e1bf47a457558cbc0735bd8f9f13ca029cbf3a4,fits/be9e9c2d90f1e07d99054094/fit.json,b096f4e288d8223458334adaea314c1b9c280d43e6998f39ca8568096e1986f6,
llama/B25_23/L13/repair/fold=4,llama,13,23,4,new_successor_fit,True,5e1bf47a457558cbc0735bd8f9f13ca029cbf3a4,fits/8364d60161b23aa2df08fab1/fit.json,3c7bfd0f479943c4a95a534aa06ebc6a78cb83a249796fc737113805124e1236,
llama/B25_37/L13/repair/fold=0,llama,13,37,0,new_successor_fit,True,5e1bf47a457558cbc0735bd8f9f13ca029cbf3a4,fits/2a4fee79977d1abb7f68c327/fit.json,8c7b18f96a5acc14724edb21ec2be4b0292c997a062064d92de3b5690e8531da,
llama/B25_37/L13/repair/fold=1,llama,13,37,1,new_successor_fit,True,5e1bf47a457558cbc0735bd8f9f13ca029cbf3a4,fits/955ebb56c99478d7112604f4/fit.json,e9bf20081703a08303041fa384655b8a1dc047364acb0e403d14d1961e7d0a86,
llama/B25_37/L13/repair/fold=2,llama,13,37,2,new_successor_fit,True,5e1bf47a457558cbc0735bd8f9f13ca029cbf3a4,fits/a26a6a348b2991b4d1884150/fit.json,3e9936e6ab44baf8b50c1d7c30b1ae4084610e44dabd8f4342f82df833eba773,
llama/B25_37/L13/repair/fold=3,llama,13,37,3,new_successor_fit,True,5e1bf47a457558cbc0735bd8f9f13ca029cbf3a4,fits/6a91973a303dcab8bf9a3c59/fit.json,ad8f655b4069ce24130e84833b3c37ed895f62497ac3a021149a994b179ca17e,
llama/B25_37/L13/repair/fold=4,llama,13,37,4,new_successor_fit,True,5e1bf47a457558cbc0735bd8f9f13ca029cbf3a4,fits/539f44612438e32d6f49291f/fit.json,a586bf8570f9f33b56b2434b9d8ccd83cef59ddebf92033a0ea1457e3143ca95,
llama/B25_11/L14/repair/fold=0,llama,14,11,0,new_successor_fit,True,5e1bf47a457558cbc0735bd8f9f13ca029cbf3a4,fits/acdf194af60a22ba36d5632e/fit.json,1e43d18acd12f1ffa0d585e335669d80d78918f69a2577bb2e54a641d1e5a1ac,
llama/B25_11/L14/repair/fold=1,llama,14,11,1,new_successor_fit,True,5e1bf47a457558cbc0735bd8f9f13ca029cbf3a4,fits/dd1ccb873c8c123a0fe67c88/fit.json,939dc00b8e50dffcf3df41c0034034cdb57993f16c4658061ea23e1c4a948dd0,
llama/B25_11/L14/repair/fold=2,llama,14,11,2,new_successor_fit,True,5e1bf47a457558cbc0735bd8f9f13ca029cbf3a4,fits/bb6d9b26c2c1fd111853858a/fit.json,3a85686c8ba09e173005544e30f38911062649b4ba89f84a11d61071428231fa,
llama/B25_11/L14/repair/fold=3,llama,14,11,3,new_successor_fit,True,5e1bf47a457558cbc0735bd8f9f13ca029cbf3a4,fits/6831d78d7b309488b8343153/fit.json,1a102245b9ea646ca18ae564da0bf929f14918591828f1c9534ebf4f2f8c5440,
llama/B25_11/L14/repair/fold=4,llama,14,11,4,new_successor_fit,True,5e1bf47a457558cbc0735bd8f9f13ca029cbf3a4,fits/db7bf3bc9d5b0f71c59bdffe/fit.json,c6181930ce30bdaa762c8d5104710c6b19ad32f19c7c61ae1078cd773b8b0ff6,
llama/B25_23/L14/repair/fold=0,llama,14,23,0,new_successor_fit,True,5e1bf47a457558cbc0735bd8f9f13ca029cbf3a4,fits/9093a8d7dc2953a18835ada6/fit.json,48ba4601fce3001499aab93a240729c22f60be1e0997115880aa29d16bdddb06,
llama/B25_23/L14/repair/fold=1,llama,14,23,1,new_successor_fit,True,5e1bf47a457558cbc0735bd8f9f13ca029cbf3a4,fits/4a07111fbf6afda165005534/fit.json,b414e95e0ebd71072e45dd5d259af143dde3facc89940875a8a0196998c19207,
llama/B25_23/L14/repair/fold=2,llama,14,23,2,new_successor_fit,True,5e1bf47a457558cbc0735bd8f9f13ca029cbf3a4,fits/1b921120e662db8713e27ffc/fit.json,54f3e33e142454d83986db53a7b1a0035b78be049a092bd1d879d7a49ee29d87,
llama/B25_23/L14/repair/fold=3,llama,14,23,3,new_successor_fit,True,5e1bf47a457558cbc0735bd8f9f13ca029cbf3a4,fits/f4ffb55512991e37426fda4e/fit.json,4b62f0a65ac457014e0e0d0261d393d4109ea6a413672251065d26a854c7144c,
llama/B25_23/L14/repair/fold=4,llama,14,23,4,new_successor_fit,True,5e1bf47a457558cbc0735bd8f9f13ca029cbf3a4,fits/94b590b976f65afea3927ed5/fit.json,c94fb123e643b8daf45693ba61a2e1523fff80e6a7329a1d52c3636a077b2683,
llama/B25_37/L14/repair/fold=0,llama,14,37,0,new_successor_fit,True,5e1bf47a457558cbc0735bd8f9f13ca029cbf3a4,fits/db6f706a6c1c7453c50f6c16/fit.json,e9f0c3fa3042c2d3106e3bd9c7ef3c84c9526dd31a61092d41a3ce8ab64589fe,
llama/B25_37/L14/repair/fold=1,llama,14,37,1,new_successor_fit,True,5e1bf47a457558cbc0735bd8f9f13ca029cbf3a4,fits/dee37e9c4b158ce742162c7d/fit.json,033c3ee454fd230c47a380be130a699c2ee9ee429deb873b6aba386162e7a097,
llama/B25_37/L14/repair/fold=2,llama,14,37,2,new_successor_fit,True,5e1bf47a457558cbc0735bd8f9f13ca029cbf3a4,fits/055fc426e51e3aa32a630b8f/fit.json,8b95feed4292d7a86b5c530b7c21acea3fd70d9d0e7a146538b9f1a2b5cb8ecf,
llama/B25_37/L14/repair/fold=3,llama,14,37,3,new_successor_fit,True,5e1bf47a457558cbc0735bd8f9f13ca029cbf3a4,fits/56f425463c87474717b35720/fit.json,eefc0195673e7922699847aa8c6cd2b68b9b6e3245914b7f3b368c64252701ef,
llama/B25_37/L14/repair/fold=4,llama,14,37,4,new_successor_fit,True,5e1bf47a457558cbc0735bd8f9f13ca029cbf3a4,fits/3c1ebee3b5cf0cb1bc030f7a/fit.json,d347db510662ef5bf568d5efcc97bcd72d9f5593fcadf082e48b059e53790d35,
llama/B25_11/L15/repair/fold=0,llama,15,11,0,new_successor_fit,True,5e1bf47a457558cbc0735bd8f9f13ca029cbf3a4,fits/89fe5276ec90b860ea8a168a/fit.json,76f26836667c992abd261194facb54b7036a0dbb4eb11fd6a3ad1b8687eac45b,
llama/B25_11/L15/repair/fold=1,llama,15,11,1,new_successor_fit,True,5e1bf47a457558cbc0735bd8f9f13ca029cbf3a4,fits/cd14c1ab4409cd4090dce534/fit.json,91d3c4477a66b849ded08f17a2bddae26c97c58e855d6f0aee1dd95156e5c6e6,
llama/B25_11/L15/repair/fold=2,llama,15,11,2,new_successor_fit,True,5e1bf47a457558cbc0735bd8f9f13ca029cbf3a4,fits/acacc15fdfc8fdb9fcc8049a/fit.json,bef6243a2679760f4376cde607b4720e52fbc4450b15fd9a3889681a1a6e4e93,
llama/B25_11/L15/repair/fold=3,llama,15,11,3,new_successor_fit,True,5e1bf47a457558cbc0735bd8f9f13ca029cbf3a4,fits/5f02aec00e2e45198bdeb7de/fit.json,1a73c2fb58181d30e835b193e2521c84db7b602c344daaf41db506458d3bf122,
llama/B25_11/L15/repair/fold=4,llama,15,11,4,new_successor_fit,True,5e1bf47a457558cbc0735bd8f9f13ca029cbf3a4,fits/36b0064c28ff41363a827872/fit.json,0ec6c2c95d320a1b9f84f71b9d61f47d92228663a6919054b1d740535390eaec,
llama/B25_23/L15/repair/fold=0,llama,15,23,0,new_successor_fit,True,5e1bf47a457558cbc0735bd8f9f13ca029cbf3a4,fits/f0b8ff225e66319c57a731c5/fit.json,83506556fb03deb2d66905be0faf4e960ffd21a80b8e46aca2b2c84b12f262a5,
llama/B25_23/L15/repair/fold=1,llama,15,23,1,new_successor_fit,True,5e1bf47a457558cbc0735bd8f9f13ca029cbf3a4,fits/951ffebb91397f118aefba70/fit.json,ad8e448b806598040792097aabdedc6a8b1b1e3e3a3e09b373b756cac767d12f,
llama/B25_23/L15/repair/fold=2,llama,15,23,2,new_successor_fit,True,5e1bf47a457558cbc0735bd8f9f13ca029cbf3a4,fits/b530b6332a2fd25965e80b6a/fit.json,3d56dd85e01503e26577cbbeb6a59fc6bcbd2473e9faa3471620fd390c37255a,
llama/B25_23/L15/repair/fold=3,llama,15,23,3,new_successor_fit,True,5e1bf47a457558cbc0735bd8f9f13ca029cbf3a4,fits/730d6089dae4176affd0d518/fit.json,387fa9f92b32035c43f0539c86ca226438fade2d9cdf4c01b51ab565337c88ad,
llama/B25_23/L15/repair/fold=4,llama,15,23,4,new_successor_fit,True,5e1bf47a457558cbc0735bd8f9f13ca029cbf3a4,fits/6617a29b8fba3efdca2048bf/fit.json,15a52b150afbcb43fa1e1559b91d57f513d859fe945d29019e08043f4ddcc8c8,
llama/B25_37/L15/repair/fold=0,llama,15,37,0,new_successor_fit,True,5e1bf47a457558cbc0735bd8f9f13ca029cbf3a4,fits/c16232cd45e9335227dd6ee1/fit.json,4d08159239411722d0e74d589d12026d86937e8134e957d4a4004a7c3302a524,
llama/B25_37/L15/repair/fold=1,llama,15,37,1,new_successor_fit,True,5e1bf47a457558cbc0735bd8f9f13ca029cbf3a4,fits/b4dad97cc56991c8b834e328/fit.json,c46eb729c66df32864ca39406d286f79598948867505cb161f823dc5c80b9fa0,
llama/B25_37/L15/repair/fold=2,llama,15,37,2,new_successor_fit,True,5e1bf47a457558cbc0735bd8f9f13ca029cbf3a4,fits/0c72462faaced53c37b6a33f/fit.json,74a3f93dc623dc5575ea7475c3ae498b4cffee675fd1c6ee27ede8dcb45ab5d8,
llama/B25_37/L15/repair/fold=3,llama,15,37,3,new_successor_fit,True,5e1bf47a457558cbc0735bd8f9f13ca029cbf3a4,fits/23a131bb82603827662fe540/fit.json,30b1302899267b7f056d441583814e16f0e996ee13af38e90c33afc5351ffb36,
llama/B25_37/L15/repair/fold=4,llama,15,37,4,new_successor_fit,True,5e1bf47a457558cbc0735bd8f9f13ca029cbf3a4,fits/c42f387b85e7c59396819c64/fit.json,72bc3451c3c6e1dc9c8df9af94cf66055846645ec53eb3e79e4645d3c089c931,
llama/B25_11/L16/repair/fold=0,llama,16,11,0,new_successor_fit,True,5e1bf47a457558cbc0735bd8f9f13ca029cbf3a4,fits/969834b1cab3b31570a9813f/fit.json,68cea97addc005539e6d3ff080c13a61dfb53482c51d4d3ffc1555e04acf9db1,
llama/B25_11/L16/repair/fold=1,llama,16,11,1,new_successor_fit,True,5e1bf47a457558cbc0735bd8f9f13ca029cbf3a4,fits/9e9de10f8dccbc0d6559187b/fit.json,2d0ce87d68a2fada5e7567d66c67d4991b44fbda97da68295056780a1a228725,
llama/B25_11/L16/repair/fold=2,llama,16,11,2,new_successor_fit,True,5e1bf47a457558cbc0735bd8f9f13ca029cbf3a4,fits/69aa2b994f48e9e2cffe9286/fit.json,77caaaa45dfa77aee76b569296a2b289d6b34796bf9b91a69fba2ed3d1cbf24c,
llama/B25_11/L16/repair/fold=3,llama,16,11,3,new_successor_fit,True,5e1bf47a457558cbc0735bd8f9f13ca029cbf3a4,fits/f7e04053c457ec59049cb4e0/fit.json,1b799b3205a7129a1eb3828e8bedac4dd1c826f7fb419b8910323b98f95e90cb,
llama/B25_11/L16/repair/fold=4,llama,16,11,4,new_successor_fit,True,5e1bf47a457558cbc0735bd8f9f13ca029cbf3a4,fits/b84b5160fb0d252091505a44/fit.json,a48d342582478395b0aadffd7fe2ddce2a5d6632b5285b43c1bc1ecbb717aa70,
llama/B25_23/L16/repair/fold=0,llama,16,23,0,new_successor_fit,True,5e1bf47a457558cbc0735bd8f9f13ca029cbf3a4,fits/53da09732a5c35dfed78fe4e/fit.json,094c4d27790312546be6c73a14fa4c60a8ad9cc31275e0d6da7776b241d2948f,
llama/B25_23/L16/repair/fold=1,llama,16,23,1,new_successor_fit,True,5e1bf47a457558cbc0735bd8f9f13ca029cbf3a4,fits/2494f0f5ffcba4633de5b030/fit.json,7381d88773f64aa30320cffc27fd3fb0d4c609ea9b92dffbe31960f6278cf3fd,
llama/B25_23/L16/repair/fold=2,llama,16,23,2,new_successor_fit,True,5e1bf47a457558cbc0735bd8f9f13ca029cbf3a4,fits/b655913d30844e53fdf9a05b/fit.json,a7d24528d7317b9c7c92f259eb07dcb6c9580e73983df88944536026838dbeea,
llama/B25_23/L16/repair/fold=3,llama,16,23,3,new_successor_fit,True,5e1bf47a457558cbc0735bd8f9f13ca029cbf3a4,fits/42dd5bfa11cefdd06bb021ce/fit.json,5134ea3ea8f5cca1d65544e8fd497bc042e3c6b58ab8c3a48e4df64452fc3e43,
llama/B25_23/L16/repair/fold=4,llama,16,23,4,new_successor_fit,True,5e1bf47a457558cbc0735bd8f9f13ca029cbf3a4,fits/370e9b0f9a44f95c1d7b7bdb/fit.json,9415d0d6747681381d7bda87818c79b31766a436bc54121cd6cf215b2dc983d8,
llama/B25_37/L16/repair/fold=0,llama,16,37,0,new_successor_fit,True,5e1bf47a457558cbc0735bd8f9f13ca029cbf3a4,fits/42a7f11afa32714096e9490a/fit.json,3668ad9b334087e2db2c295f21ad2085372a38fdc61075528eead532874089ad,
llama/B25_37/L16/repair/fold=1,llama,16,37,1,new_successor_fit,True,5e1bf47a457558cbc0735bd8f9f13ca029cbf3a4,fits/fb9487b7ddcadfda41f9ec7f/fit.json,c960653c6075d02fa858e27788066d2d3209ccccc269638554336c7411acd215,
llama/B25_37/L16/repair/fold=2,llama,16,37,2,new_successor_fit,True,5e1bf47a457558cbc0735bd8f9f13ca029cbf3a4,fits/ff94e542eccaed5b22fd55df/fit.json,f4f094fb6ca5e3de83483fc5708acdcb02fc042deb5e6644018aeebcd079206c,
llama/B25_37/L16/repair/fold=3,llama,16,37,3,new_successor_fit,True,5e1bf47a457558cbc0735bd8f9f13ca029cbf3a4,fits/ee5d262ac8c6df674732aafe/fit.json,06bb100a3ce6912104abdeb85a4295f5efc285af9a32c9e8a6bdbf0b502e6629,
llama/B25_37/L16/repair/fold=4,llama,16,37,4,new_successor_fit,True,5e1bf47a457558cbc0735bd8f9f13ca029cbf3a4,fits/c78baeeec017d0e5f0fa432d/fit.json,a38ff6d4b32c4a97af63b41cec4eaa6ef6b882207f4f90853b34f06db1d729bb,
llama/B25_11/L17/repair/fold=0,llama,17,11,0,new_successor_fit,True,5e1bf47a457558cbc0735bd8f9f13ca029cbf3a4,fits/1560f17b82b0250a5264b216/fit.json,e71aaf5a34d72dfde52e87dde5a59d227a20908477d78fe38e08ba7e8a40f69a,
llama/B25_11/L17/repair/fold=1,llama,17,11,1,new_successor_fit,True,5e1bf47a457558cbc0735bd8f9f13ca029cbf3a4,fits/72bd428123d16e7dad4efca3/fit.json,ded0d4c41ff7d844f59ddc643b7e77db3c316f3ea6b1801fe2bb8c94b2412091,
llama/B25_11/L17/repair/fold=2,llama,17,11,2,new_successor_fit,True,5e1bf47a457558cbc0735bd8f9f13ca029cbf3a4,fits/5906b8b4bce9d154641d329e/fit.json,53da4246a9e5cd97ee780bdc48da7b82d36fbcc0d77d5a983102eaf2e4f05fb0,
llama/B25_11/L17/repair/fold=3,llama,17,11,3,new_successor_fit,True,5e1bf47a457558cbc0735bd8f9f13ca029cbf3a4,fits/cbff29681c9e7343e895ac58/fit.json,04fbb9130a3b65f7856e3e53eafecf5c57c2f60fead1932dafdd12a7b69764ed,
llama/B25_11/L17/repair/fold=4,llama,17,11,4,new_successor_fit,True,5e1bf47a457558cbc0735bd8f9f13ca029cbf3a4,fits/3e73cdf995d493915df2da0d/fit.json,bb2f365f6af70cc90d03869e3c65e330f2f0fef33da9fc5d563c45655808f7f0,
llama/B25_23/L17/repair/fold=0,llama,17,23,0,new_successor_fit,True,5e1bf47a457558cbc0735bd8f9f13ca029cbf3a4,fits/0f6d73eafd33a7792a8ebea5/fit.json,7903264cdf86bc7ba76aedef184632f9c0f11be6feca729d3737ed28cf94fcc6,
llama/B25_23/L17/repair/fold=1,llama,17,23,1,new_successor_fit,True,5e1bf47a457558cbc0735bd8f9f13ca029cbf3a4,fits/5682f2cb84a49712923c3fd7/fit.json,fa3b547b5418857daa355962875497299c66c0abb48b6c87749620e8264ddeb5,
llama/B25_23/L17/repair/fold=2,llama,17,23,2,new_successor_fit,True,5e1bf47a457558cbc0735bd8f9f13ca029cbf3a4,fits/40d2d073d0cad12c316cad1d/fit.json,bbd1257339ae4ecce8b0f8d1b45a42eb20fa0678a9ea7e489ab8551a85a03704,
llama/B25_23/L17/repair/fold=3,llama,17,23,3,new_successor_fit,True,5e1bf47a457558cbc0735bd8f9f13ca029cbf3a4,fits/bcab9f55415f6d563a6b08ab/fit.json,6f6bce432faa9ff678b408d2e7c728592e8e22f54994b1a5aae58536b1011a35,
llama/B25_23/L17/repair/fold=4,llama,17,23,4,new_successor_fit,True,5e1bf47a457558cbc0735bd8f9f13ca029cbf3a4,fits/72ea243e7a4f5f8579671ed7/fit.json,cc824b8e5ef94e822254118b6d9b8f0f2f3d5b5034a52af3b25627e252db96a6,
llama/B25_37/L17/repair/fold=0,llama,17,37,0,new_successor_fit,True,5e1bf47a457558cbc0735bd8f9f13ca029cbf3a4,fits/d013c202d28cc5225a4780da/fit.json,bf11d2f91f21d195a4f65a072c9b26eb4feef47166891bcd193f06624ee854d7,
llama/B25_37/L17/repair/fold=1,llama,17,37,1,new_successor_fit,True,5e1bf47a457558cbc0735bd8f9f13ca029cbf3a4,fits/ab84a5ad7c0516fee7a383f1/fit.json,00d2c6bec838d43ea23afa3945e9c67aecdcd61109248a835d20e9c56b5c8f97,
llama/B25_37/L17/repair/fold=2,llama,17,37,2,new_successor_fit,True,5e1bf47a457558cbc0735bd8f9f13ca029cbf3a4,fits/f72d7527244b6801390aba3a/fit.json,bcc1b82eac9659825c3055d9ee65d140df1f966de1a464f19a04b2f12d6ebe4c,
llama/B25_37/L17/repair/fold=3,llama,17,37,3,new_successor_fit,True,5e1bf47a457558cbc0735bd8f9f13ca029cbf3a4,fits/6177bea1083f3e2bc3bf3495/fit.json,0aa2580a97e241edfadf4224ed46cb1a90f7ff7a6de61709ad93e1eef7832d2b,
llama/B25_37/L17/repair/fold=4,llama,17,37,4,new_successor_fit,True,5e1bf47a457558cbc0735bd8f9f13ca029cbf3a4,fits/6ba942feab2470929ceb19d8/fit.json,930b1fd04bd576ed0cab14bd6cde2a93d7c43fed712439adc5bf0815bb135d11,
llama/B25_11/L18/repair/fold=0,llama,18,11,0,new_successor_fit,True,5e1bf47a457558cbc0735bd8f9f13ca029cbf3a4,fits/7029127e53495d457dbeaeaf/fit.json,af6c8d6019e626cc786970e1d0bcd11d55067e92ef0ba18e4faed92d95c2e487,
llama/B25_11/L18/repair/fold=1,llama,18,11,1,new_successor_fit,True,5e1bf47a457558cbc0735bd8f9f13ca029cbf3a4,fits/2034bc7d3b3b0c8c18a2a95a/fit.json,6ce843d175fcb7001f3c836fa4f37a078d54b3a353996be4ae40f4280da05daf,
llama/B25_11/L18/repair/fold=2,llama,18,11,2,new_successor_fit,True,5e1bf47a457558cbc0735bd8f9f13ca029cbf3a4,fits/8a41a8d51bb51344441535f2/fit.json,77caae8d99b95e3db4d355f72935ea75c16c27cd1377a762c11ffba2f235970c,
llama/B25_11/L18/repair/fold=3,llama,18,11,3,new_successor_fit,True,5e1bf47a457558cbc0735bd8f9f13ca029cbf3a4,fits/1d4300747a47ac7135863864/fit.json,ff630d720b81471e5401a95fa99e0622240b7ed8cdb351f5d30744552f8ea3cf,
llama/B25_11/L18/repair/fold=4,llama,18,11,4,new_successor_fit,True,5e1bf47a457558cbc0735bd8f9f13ca029cbf3a4,fits/4b301315550fa970847cdc8b/fit.json,bd5243b5dedda56679b4cfda77b184fb6de1e0c52ff0a10f0379b50fe567bd6f,
llama/B25_23/L18/repair/fold=0,llama,18,23,0,new_successor_fit,True,5e1bf47a457558cbc0735bd8f9f13ca029cbf3a4,fits/4b13c31c4b58a25e403d5886/fit.json,08ec7f366b8257bd6f43da660fcb5c39295e09ff15af08916b1b94f04d9c5794,
llama/B25_23/L18/repair/fold=1,llama,18,23,1,new_successor_fit,True,5e1bf47a457558cbc0735bd8f9f13ca029cbf3a4,fits/949f0f82fc378ee2194ad946/fit.json,9ba4cf9619709384c6464d8437641258539fc4666bbe6d89eaf503949bb570cf,
llama/B25_23/L18/repair/fold=2,llama,18,23,2,new_successor_fit,True,5e1bf47a457558cbc0735bd8f9f13ca029cbf3a4,fits/7b0e8a17a20bb30e4c93a797/fit.json,d694098130a600d29558d545ff25fdf0d7c2df16bbff5dc1c4ff81286687d9d4,
llama/B25_23/L18/repair/fold=3,llama,18,23,3,new_successor_fit,True,5e1bf47a457558cbc0735bd8f9f13ca029cbf3a4,fits/9db7a030bc0862f7fe219e07/fit.json,54985b483b69a4aaaa025c7dcd3ba90f14fa319c12d125ad83351ca5f2136154,
llama/B25_23/L18/repair/fold=4,llama,18,23,4,new_successor_fit,True,5e1bf47a457558cbc0735bd8f9f13ca029cbf3a4,fits/ca128bb69e79ab799b46ea6d/fit.json,7104f82792a7da6fe8d014b8b0c38468abc5ea3e13021b55c7e77dc7aa054409,
llama/B25_37/L18/repair/fold=0,llama,18,37,0,new_successor_fit,True,5e1bf47a457558cbc0735bd8f9f13ca029cbf3a4,fits/e5c423b7b29aa4c12541e13c/fit.json,843da217ddd27c3d70f27ccbd1c29683eb5b67b4bd64d3ea703df0b52356abb7,
llama/B25_37/L18/repair/fold=1,llama,18,37,1,new_successor_fit,True,5e1bf47a457558cbc0735bd8f9f13ca029cbf3a4,fits/1320bd14f995c5bde7f654d8/fit.json,901c7c5f92121effa7520dd734b379900212313cf658d08cc54cddaf69c3fdce,
llama/B25_37/L18/repair/fold=2,llama,18,37,2,new_successor_fit,True,5e1bf47a457558cbc0735bd8f9f13ca029cbf3a4,fits/41d6b86ec07afa5174563a04/fit.json,985f3c24dc84c1f294f9b724d87280717144e665e52e3552e5775adc3d568064,
llama/B25_37/L18/repair/fold=3,llama,18,37,3,new_successor_fit,True,5e1bf47a457558cbc0735bd8f9f13ca029cbf3a4,fits/8e472414b7d7081f06e373bd/fit.json,02d42b51ef597819aa7cc5e398c1b75a9810c689e3c837e5780ae8d24e482008,
llama/B25_37/L18/repair/fold=4,llama,18,37,4,new_successor_fit,True,5e1bf47a457558cbc0735bd8f9f13ca029cbf3a4,fits/e99244373899d5bbb50c21c2/fit.json,1027a59b48e628e25b075786e3cc9dd83cfc251ac03c3b9eee1ce9a2f1d97b2c,
llama/B25_11/L19/repair/fold=0,llama,19,11,0,new_successor_fit,True,5e1bf47a457558cbc0735bd8f9f13ca029cbf3a4,fits/6d3f87080c3f4ddcb0fca82e/fit.json,21897b5d85cbb6dd7f2dafdd05926c3e2387e2dedcc62affe86ab9b415caeac2,
llama/B25_11/L19/repair/fold=1,llama,19,11,1,new_successor_fit,True,5e1bf47a457558cbc0735bd8f9f13ca029cbf3a4,fits/1b155267f6d17f7ca9286ba9/fit.json,a56533d3b99d598f89ead13d2771ab4c4e04da0f5dae5bac593021f149289a9a,
llama/B25_11/L19/repair/fold=2,llama,19,11,2,new_successor_fit,True,5e1bf47a457558cbc0735bd8f9f13ca029cbf3a4,fits/a1f2cf8cf92899c2de5f7c4a/fit.json,c17cb59d49687e6dcf23a7c715224786b9343102b35c8d661b1de190112fca69,
llama/B25_11/L19/repair/fold=3,llama,19,11,3,new_successor_fit,True,5e1bf47a457558cbc0735bd8f9f13ca029cbf3a4,fits/0383a141528b9258b4a3e574/fit.json,f35eded5d73bbc83a50088847b9cf5ba5e6cf2930603034146ce6368dc961408,
llama/B25_11/L19/repair/fold=4,llama,19,11,4,new_successor_fit,True,5e1bf47a457558cbc0735bd8f9f13ca029cbf3a4,fits/6d055ecd84599c184573ff72/fit.json,8efda7b7000c4bcd98becfda9202c29246b1b23d6667821c89f386634c5d2453,
llama/B25_23/L19/repair/fold=0,llama,19,23,0,new_successor_fit,True,5e1bf47a457558cbc0735bd8f9f13ca029cbf3a4,fits/f39cef521067fb505d6219ba/fit.json,42b6ddfefe81298f9876ef3e0611eb9f2f80661578fdd3b089c4639858708d86,
llama/B25_23/L19/repair/fold=1,llama,19,23,1,new_successor_fit,True,5e1bf47a457558cbc0735bd8f9f13ca029cbf3a4,fits/f50228627b4d436a538e6b43/fit.json,ced83dc9b4c4d29ecbc298f5a1404c5f9d7352021f322c033c812876da579227,
llama/B25_23/L19/repair/fold=2,llama,19,23,2,new_successor_fit,True,5e1bf47a457558cbc0735bd8f9f13ca029cbf3a4,fits/9b2cebe65a663c9c23689c67/fit.json,a95a390e68e84ecf1edda0dfc836f74728b19a4e9689daa499ee9541a8be5cf6,
llama/B25_23/L19/repair/fold=3,llama,19,23,3,new_successor_fit,True,5e1bf47a457558cbc0735bd8f9f13ca029cbf3a4,fits/5034a47af3b2ec2bdac075ab/fit.json,7daf86e01e59d6fdcccb16a367b9d1f1f7822670f245860e5a0518d8ac2a59fb,
llama/B25_23/L19/repair/fold=4,llama,19,23,4,new_successor_fit,True,5e1bf47a457558cbc0735bd8f9f13ca029cbf3a4,fits/03dd4a101e0d7d523912a520/fit.json,2a7d58c42584a409ca3ae111bf605a5581b44071938cb3f2dedd16e3ff44f9c4,
llama/B25_37/L19/repair/fold=0,llama,19,37,0,new_successor_fit,True,5e1bf47a457558cbc0735bd8f9f13ca029cbf3a4,fits/a8759a2f45c0dc7c90a1816a/fit.json,150828bf01040a6fd8de4b028f0099aaf65a60180449751c6cefbf1f9ac39b1e,
llama/B25_37/L19/repair/fold=1,llama,19,37,1,new_successor_fit,True,5e1bf47a457558cbc0735bd8f9f13ca029cbf3a4,fits/1ac3247deed43df51b6c1b7f/fit.json,8136ac4f90c8c7e637246309d3ae706f712e1edaba1cba7ea87a26e13b7e3988,
llama/B25_37/L19/repair/fold=2,llama,19,37,2,new_successor_fit,True,5e1bf47a457558cbc0735bd8f9f13ca029cbf3a4,fits/5360f62f9f71712e61415533/fit.json,37e220a1d49d8a71e2a9041c79da0ff9fda458f87a09de94d268af25cf8eb58c,
llama/B25_37/L19/repair/fold=3,llama,19,37,3,new_successor_fit,True,5e1bf47a457558cbc0735bd8f9f13ca029cbf3a4,fits/5dc7b080d779640256a637c2/fit.json,1c3fb7251e32165f6382069061fd85052021b766d0c74ccd85a5491779f74013,
llama/B25_37/L19/repair/fold=4,llama,19,37,4,new_successor_fit,True,5e1bf47a457558cbc0735bd8f9f13ca029cbf3a4,fits/2f6fcc72b1b6929f99c268af/fit.json,d53ab648f60ca15c04fa02e2026326f49adeba78c515065bea6d3707ec21ad17,
llama/B25_11/L20/repair/fold=0,llama,20,11,0,new_successor_fit,True,5e1bf47a457558cbc0735bd8f9f13ca029cbf3a4,fits/9259ce8373bb2ccd8c4ab002/fit.json,717c0e6829b9949b46f5841c06948b362ec6489473f6158d4ef02f84e8b5bda6,
llama/B25_11/L20/repair/fold=1,llama,20,11,1,new_successor_fit,True,5e1bf47a457558cbc0735bd8f9f13ca029cbf3a4,fits/d3787c10cc3440ee178c40b5/fit.json,21cf045b18281d020bd8e6cd23f37d6b68e57408a1ef2cdb6435f17b0fbe8413,
llama/B25_11/L20/repair/fold=2,llama,20,11,2,new_successor_fit,True,5e1bf47a457558cbc0735bd8f9f13ca029cbf3a4,fits/a1c6d3414d17fad3e4e549c3/fit.json,ae38e973c302db0c3997814ae1993843488fe262b0187fada3dee3fb7c02e038,
llama/B25_11/L20/repair/fold=3,llama,20,11,3,new_successor_fit,True,5e1bf47a457558cbc0735bd8f9f13ca029cbf3a4,fits/c1871903edfc55df6a74c04a/fit.json,d487dc241a31c47be923513bbc1971e017b899b5cd5d4f982d95a229fa7d96dc,
llama/B25_11/L20/repair/fold=4,llama,20,11,4,new_successor_fit,True,5e1bf47a457558cbc0735bd8f9f13ca029cbf3a4,fits/5d8c73a3f36963ec4a588350/fit.json,8045002341ffeba4d31ba3d964402015f56fc8de3370ef6c4b1d10a96a13b108,
llama/B25_23/L20/repair/fold=0,llama,20,23,0,new_successor_fit,True,5e1bf47a457558cbc0735bd8f9f13ca029cbf3a4,fits/006ad2c06f9728d36554d666/fit.json,e22c1583d332b13a63d75d3eb8e986ff79778a4974e4f017ce7642bd1fa6141f,
llama/B25_23/L20/repair/fold=1,llama,20,23,1,new_successor_fit,True,5e1bf47a457558cbc0735bd8f9f13ca029cbf3a4,fits/60fdfcddc560264e3bf35466/fit.json,7eca2346964c8a74b0307ea421c4d9718d5502c0779299153c069c6be29e6500,
llama/B25_23/L20/repair/fold=2,llama,20,23,2,new_successor_fit,True,5e1bf47a457558cbc0735bd8f9f13ca029cbf3a4,fits/e8f9cdf1e94ed78e70166e8e/fit.json,222c61934246526665c3728cce4eece733bed0b2c732d34563c76d1b2bee7bca,
llama/B25_23/L20/repair/fold=3,llama,20,23,3,new_successor_fit,True,5e1bf47a457558cbc0735bd8f9f13ca029cbf3a4,fits/ce6942bd7e5a04c8c91d17d7/fit.json,89e839cf2e99129af46b5e7ff770c679fde1bfd2bbbd0a05801a153d752953c6,
llama/B25_23/L20/repair/fold=4,llama,20,23,4,new_successor_fit,True,5e1bf47a457558cbc0735bd8f9f13ca029cbf3a4,fits/aa91c711177dd98374c5bbbc/fit.json,0c0ec924f867fbfae4b4f05949603882edd9e96e1bc18b2845f47224fdceb80b,
llama/B25_37/L20/repair/fold=0,llama,20,37,0,new_successor_fit,True,5e1bf47a457558cbc0735bd8f9f13ca029cbf3a4,fits/0d62b1a6663da6a30c58ef90/fit.json,3f584d586c0809b3fdd31b8d2ac21c6e430e918f08f1863515a3d29a70153d80,
llama/B25_37/L20/repair/fold=1,llama,20,37,1,new_successor_fit,True,5e1bf47a457558cbc0735bd8f9f13ca029cbf3a4,fits/7d9330f4dff2619a768315bf/fit.json,b1f811db382d3684582217505d7daaf2d95a13d5f4fa2fe86d0a177c873e214e,
llama/B25_37/L20/repair/fold=2,llama,20,37,2,new_successor_fit,True,5e1bf47a457558cbc0735bd8f9f13ca029cbf3a4,fits/dd3112d582b9c94f5c0ac059/fit.json,7fbf6664fc13a5f8b9611a8a9c6c9d6483d1e3c4716c92c003b949313b8e5de7,
llama/B25_37/L20/repair/fold=3,llama,20,37,3,new_successor_fit,True,5e1bf47a457558cbc0735bd8f9f13ca029cbf3a4,fits/57c2b50bbe7b7b9cf4bf11d6/fit.json,d8ad4d5e6e15e7a75a43cb34474e2c33b6b522da168f477fc3730402719b87af,
llama/B25_37/L20/repair/fold=4,llama,20,37,4,new_successor_fit,True,5e1bf47a457558cbc0735bd8f9f13ca029cbf3a4,fits/92abe0e74ca635ad471a77c2/fit.json,42f905d2dfc0ac553af0f049f801400f2f9d2a7d6e22766b0fd6afbe039921d1,
llama/B25_11/L21/repair/fold=0,llama,21,11,0,new_successor_fit,True,5e1bf47a457558cbc0735bd8f9f13ca029cbf3a4,fits/7ba44147c9aa519a925e4f23/fit.json,585df9b759152c3f46a43379eafc2951f91df453d66dee470f5b3e2b41fc57c0,
llama/B25_11/L21/repair/fold=1,llama,21,11,1,new_successor_fit,True,5e1bf47a457558cbc0735bd8f9f13ca029cbf3a4,fits/c5b97ed9ec33780d4c448118/fit.json,9a89110ea043af89b989195552f3a3993fedcd509c23a3ceef7d229bee8a6462,
llama/B25_11/L21/repair/fold=2,llama,21,11,2,new_successor_fit,True,5e1bf47a457558cbc0735bd8f9f13ca029cbf3a4,fits/7c9100f3bc1f751d57cc0029/fit.json,c5c5315161f6d2f1ea7b9c9cfd93565051f996198cec0bd19780cb1e6cd3ef0e,
llama/B25_11/L21/repair/fold=3,llama,21,11,3,new_successor_fit,True,5e1bf47a457558cbc0735bd8f9f13ca029cbf3a4,fits/486514ad20325056a70337cc/fit.json,6b74fba31ed3f68088d15b424504bb3cb79ccaf363036a82d64a45099f259a64,
llama/B25_11/L21/repair/fold=4,llama,21,11,4,new_successor_fit,True,5e1bf47a457558cbc0735bd8f9f13ca029cbf3a4,fits/7bfa27ed0e5dd8e3bcb217bd/fit.json,22faf43201b19ed5f9de7bffbdfc297e8464558b9b310c055a59bfa8e7c2792a,
llama/B25_23/L21/repair/fold=0,llama,21,23,0,new_successor_fit,True,5e1bf47a457558cbc0735bd8f9f13ca029cbf3a4,fits/8fdbf61ac1304eded23b2cda/fit.json,63a666649e49b714f00e522ab28055caa8cbae141f126c706df9caedf7af244d,
llama/B25_23/L21/repair/fold=1,llama,21,23,1,new_successor_fit,True,5e1bf47a457558cbc0735bd8f9f13ca029cbf3a4,fits/f561c650c8079142720558bc/fit.json,279a787b86650e7a840e0049152804c2a85029ae698f71644d14f61843028b17,
llama/B25_23/L21/repair/fold=2,llama,21,23,2,new_successor_fit,True,5e1bf47a457558cbc0735bd8f9f13ca029cbf3a4,fits/3832f2b17604f86c54628ec9/fit.json,6c3a03cc66d8d8b2461600a131905bf1663c8c09553d4426cd8d6647c5c0c88c,
llama/B25_23/L21/repair/fold=3,llama,21,23,3,new_successor_fit,True,5e1bf47a457558cbc0735bd8f9f13ca029cbf3a4,fits/3936e0a19d80796453210909/fit.json,691a2990cc5b63baf19d08ca1baf14929a03ffb3b6bfc9e90a41d73a9d2efd7b,
llama/B25_23/L21/repair/fold=4,llama,21,23,4,new_successor_fit,True,5e1bf47a457558cbc0735bd8f9f13ca029cbf3a4,fits/0ef27f05ad29e029118338a3/fit.json,a7c43aad64249dd55eb4906a3c219d9b23576d45ac843eed33d80039d68bc875,
llama/B25_37/L21/repair/fold=0,llama,21,37,0,new_successor_fit,True,5e1bf47a457558cbc0735bd8f9f13ca029cbf3a4,fits/ceb80640f9b6bbb4fbf46093/fit.json,7fd028a4d83f32bdde0110a4f278eb380f22aba3ee9cc3ce5b7b647989b76967,
llama/B25_37/L21/repair/fold=1,llama,21,37,1,new_successor_fit,True,5e1bf47a457558cbc0735bd8f9f13ca029cbf3a4,fits/dd88177c4d30f987909dc0e3/fit.json,ba1c2341bf949518826d555b7c7c6fab14a73755388d79c3f48631661879deac,
llama/B25_37/L21/repair/fold=2,llama,21,37,2,new_successor_fit,True,5e1bf47a457558cbc0735bd8f9f13ca029cbf3a4,fits/55bad733122a4c0791485737/fit.json,9638defa758268861d19ba82fe95451e7751893036075e56a1057c47f72b6ffa,
llama/B25_37/L21/repair/fold=3,llama,21,37,3,new_successor_fit,True,5e1bf47a457558cbc0735bd8f9f13ca029cbf3a4,fits/353f9fcd06ac15df1c360426/fit.json,10db12a0ee031612b846327930538ee9e8d95e961c17267800c7f43e103bb412,
llama/B25_37/L21/repair/fold=4,llama,21,37,4,new_successor_fit,True,5e1bf47a457558cbc0735bd8f9f13ca029cbf3a4,fits/bbdcbc0a98650232c15eadeb/fit.json,a36a079e4ef5bcb100ac6648f7bf7caafe6a7ab417c2ece65b8ad9ef9304255a,
llama/B25_11/L22/repair/fold=0,llama,22,11,0,new_successor_fit,True,5e1bf47a457558cbc0735bd8f9f13ca029cbf3a4,fits/0ad4bee95f3a351668ab4614/fit.json,823f26d61b614e1e9091ed13f4573b454612b66141fa2d290a86bdc29789d5fe,
llama/B25_11/L22/repair/fold=1,llama,22,11,1,new_successor_fit,True,5e1bf47a457558cbc0735bd8f9f13ca029cbf3a4,fits/2f22e1dd4b96044d18d537c1/fit.json,d9e902e5442eca006e2cbf735186a0cbe57c14354700e6e203b207b17b913603,
llama/B25_11/L22/repair/fold=2,llama,22,11,2,new_successor_fit,True,5e1bf47a457558cbc0735bd8f9f13ca029cbf3a4,fits/92a471d08cd9b126a41acd9f/fit.json,a6cf474283028d6187ff04df4343dc93d73722dbcd325bd468f7de6b2991c25c,
llama/B25_11/L22/repair/fold=3,llama,22,11,3,new_successor_fit,True,5e1bf47a457558cbc0735bd8f9f13ca029cbf3a4,fits/7463a175d49df46335c0024e/fit.json,967032b27f60dd4433ed4018ca0c795c925159b84e1f2ecd662d875cd4e26eae,
llama/B25_11/L22/repair/fold=4,llama,22,11,4,new_successor_fit,True,5e1bf47a457558cbc0735bd8f9f13ca029cbf3a4,fits/ca144d39d70c8778706c75cf/fit.json,09bb8ff731d1050a6575c8fd426e9cbab2206265af2c94198786a53c0714ab82,
llama/B25_23/L22/repair/fold=0,llama,22,23,0,new_successor_fit,True,5e1bf47a457558cbc0735bd8f9f13ca029cbf3a4,fits/d3a7065eadd9c13aff101fe6/fit.json,7a8a992b6b6b98aa9dc26791abe71cc7a7d841c6bac7914363a68af6bb8f5d5a,
llama/B25_23/L22/repair/fold=1,llama,22,23,1,new_successor_fit,True,5e1bf47a457558cbc0735bd8f9f13ca029cbf3a4,fits/6974d898e344b0f53fed428f/fit.json,c392d2339ca5607d2d0c157fded51eb9356f89586ae927d402b3157d9afbde92,
llama/B25_23/L22/repair/fold=2,llama,22,23,2,new_successor_fit,True,5e1bf47a457558cbc0735bd8f9f13ca029cbf3a4,fits/90089ba65f05cc69998ff427/fit.json,1fde33a6e711601f956c995a953a22b636e1cc547d33a57c878bb09a70279e63,
llama/B25_23/L22/repair/fold=3,llama,22,23,3,new_successor_fit,True,5e1bf47a457558cbc0735bd8f9f13ca029cbf3a4,fits/100a0f4f762d36844a2ed154/fit.json,600375ba443897ecb6189b8be0e38d01efb999a63ca34f41f6d58ceabbd81248,
llama/B25_23/L22/repair/fold=4,llama,22,23,4,new_successor_fit,True,5e1bf47a457558cbc0735bd8f9f13ca029cbf3a4,fits/100077d628af2eda357e7b05/fit.json,a140304cfcbd54d531e8cde38ba44d4b4d0cc26cc7d8330793cc601dc21abbfb,
llama/B25_37/L22/repair/fold=0,llama,22,37,0,new_successor_fit,True,5e1bf47a457558cbc0735bd8f9f13ca029cbf3a4,fits/74b62415dbfae2ac652f3a53/fit.json,206e7e1a2770394853b9b0aeb7967f29d2135076a7622b882d785a133ebeb712,
llama/B25_37/L22/repair/fold=1,llama,22,37,1,new_successor_fit,True,5e1bf47a457558cbc0735bd8f9f13ca029cbf3a4,fits/0c6aa1326bf062bcb98e6313/fit.json,c1c2c1c3c44648afa89e7265f8d48feb28e5667103c94626eea432b46cd90bb8,
llama/B25_37/L22/repair/fold=2,llama,22,37,2,new_successor_fit,True,5e1bf47a457558cbc0735bd8f9f13ca029cbf3a4,fits/74278e619e4db10f7b604b76/fit.json,2d9af41f1ced9ccc0db0104c35094ca49b0ee23499d1a98b863fe686bc8a7d48,
llama/B25_37/L22/repair/fold=3,llama,22,37,3,new_successor_fit,True,5e1bf47a457558cbc0735bd8f9f13ca029cbf3a4,fits/93786aaf2f516de1123cba06/fit.json,1d7dc408051d2bf4ae7ad4441adcc2adb867a74b321a49894c7f475072ceed77,
llama/B25_37/L22/repair/fold=4,llama,22,37,4,new_successor_fit,True,5e1bf47a457558cbc0735bd8f9f13ca029cbf3a4,fits/032512f4cbfd0f031d0a7a8f/fit.json,6642d0468156ae35e6e25a9faae325bed96aee0626bf7de1bb56b70367ea3416,
llama/B25_11/L23/repair/fold=0,llama,23,11,0,new_successor_fit,True,5e1bf47a457558cbc0735bd8f9f13ca029cbf3a4,fits/459842a839a444d96c36312d/fit.json,2fc28b46494965b4c9c6f96364411e4e399ab2c14cc287a3b4d7f3c13a3db1b7,
llama/B25_11/L23/repair/fold=1,llama,23,11,1,new_successor_fit,True,5e1bf47a457558cbc0735bd8f9f13ca029cbf3a4,fits/2baa117b60732f87186bdf41/fit.json,e3e214408f08ed4af0a7fee199c1183a21399aee304fedf9faaccff4249b525c,
llama/B25_11/L23/repair/fold=2,llama,23,11,2,new_successor_fit,True,5e1bf47a457558cbc0735bd8f9f13ca029cbf3a4,fits/4f53b8ccb2dfed9f2ae01c96/fit.json,198023d05c5f26c5c7edf114dbbd73cc7db75416d25ebb3eec3e2aa1205910f1,
llama/B25_11/L23/repair/fold=3,llama,23,11,3,new_successor_fit,True,5e1bf47a457558cbc0735bd8f9f13ca029cbf3a4,fits/02cdcc1cb30e2f8a78d25d92/fit.json,a1770dfa81370caa4579965b934e21215797df0585c527e10f660a09b09a4f92,
llama/B25_11/L23/repair/fold=4,llama,23,11,4,new_successor_fit,True,5e1bf47a457558cbc0735bd8f9f13ca029cbf3a4,fits/77c7003653d831f3e5959074/fit.json,399728adeb1e3bc411e6cbd06a4f74d6495b15696800f841aee83884a1c9753f,
llama/B25_23/L23/repair/fold=0,llama,23,23,0,new_successor_fit,True,5e1bf47a457558cbc0735bd8f9f13ca029cbf3a4,fits/9f70bc4e59a32511b7af533c/fit.json,a48fecd6c79d907bad2e4e971eca740dded44d469a02e745797d8333eca4cca3,
llama/B25_23/L23/repair/fold=1,llama,23,23,1,new_successor_fit,True,5e1bf47a457558cbc0735bd8f9f13ca029cbf3a4,fits/552bda9f6f39623af86a791b/fit.json,aa9664ca7b68c0693fbe43d87a6ad40e046748e834ff2b87ec756f77fd62a564,
llama/B25_23/L23/repair/fold=2,llama,23,23,2,new_successor_fit,True,5e1bf47a457558cbc0735bd8f9f13ca029cbf3a4,fits/5d10ba59aa0fb3777ed481fb/fit.json,e6d361f4105f7ba589878c80dfbbd2f799b220da534b38f833bf131e8b012dad,
llama/B25_23/L23/repair/fold=3,llama,23,23,3,new_successor_fit,True,5e1bf47a457558cbc0735bd8f9f13ca029cbf3a4,fits/76b3ced495885ee1b7fd4f1f/fit.json,f4d5a678fd78675e64f50267ef66f38aea0a6103e136cc38eefbdcf075eda969,
llama/B25_23/L23/repair/fold=4,llama,23,23,4,new_successor_fit,True,5e1bf47a457558cbc0735bd8f9f13ca029cbf3a4,fits/608afc9eb6c1044c9541674b/fit.json,feb3138960c09f9a244ff497ae210782d57c681a96d1812c1e1dab500f7a12ba,
llama/B25_37/L23/repair/fold=0,llama,23,37,0,new_successor_fit,True,5e1bf47a457558cbc0735bd8f9f13ca029cbf3a4,fits/d86e02a9a11632643e833955/fit.json,8025fa8c4437f4842b2e817256dc92437fb99293529ce4c2b4fd5a29c078bf43,
llama/B25_37/L23/repair/fold=1,llama,23,37,1,new_successor_fit,True,5e1bf47a457558cbc0735bd8f9f13ca029cbf3a4,fits/64736ba34b61d563d8e51c05/fit.json,e67f222783e62d5de6c3bd2009a62035631d8eae4837f0e361b815e9f8160911,
llama/B25_37/L23/repair/fold=2,llama,23,37,2,new_successor_fit,True,5e1bf47a457558cbc0735bd8f9f13ca029cbf3a4,fits/c0f6b11cb64a5a1dd6861a15/fit.json,40db71f01865364a250156b14403c419f7afc285cab88fd6a18ce35b9f0f7085,
llama/B25_37/L23/repair/fold=3,llama,23,37,3,new_successor_fit,True,5e1bf47a457558cbc0735bd8f9f13ca029cbf3a4,fits/78e96e9ff1b9db1fac2079c4/fit.json,2497e44f18229ee0d2a5da388338d0a66450b6287bd1729b9cf52cba1f11b1fb,
llama/B25_37/L23/repair/fold=4,llama,23,37,4,new_successor_fit,True,5e1bf47a457558cbc0735bd8f9f13ca029cbf3a4,fits/b8b67873336b723735413cdf/fit.json,bd49723ad91233f59f7e883c6b70c8fe30de97f6ba82d76b0d4d220994bda318,
llama/B25_11/L24/repair/fold=0,llama,24,11,0,new_successor_fit,True,5e1bf47a457558cbc0735bd8f9f13ca029cbf3a4,fits/eb629ceb279975b15fd41fc5/fit.json,f13cb43a0e7a727e2f017e6cd7082325d4ce0dd5188416b02823bf8fdffdcc78,
llama/B25_11/L24/repair/fold=1,llama,24,11,1,new_successor_fit,True,5e1bf47a457558cbc0735bd8f9f13ca029cbf3a4,fits/b9003b76c6ff1e15a1b63bf2/fit.json,5a408e9c1aec3c16eb955412ae053489bb8628164846f9214755a8421a9b3530,
llama/B25_11/L24/repair/fold=2,llama,24,11,2,new_successor_fit,True,5e1bf47a457558cbc0735bd8f9f13ca029cbf3a4,fits/f3b6ac68e23b459e27e088a9/fit.json,78af0feacf8eff6357eb3f3a9adcac25a3d6fdc64d085ff1dd3471832b608273,
llama/B25_11/L24/repair/fold=3,llama,24,11,3,new_successor_fit,True,5e1bf47a457558cbc0735bd8f9f13ca029cbf3a4,fits/8d1fd32324cb320aff36a119/fit.json,a6cda48e6d28020c93cc78e5ef2b6e011d8f39c9f60d5aec096d439a65e225b9,
llama/B25_11/L24/repair/fold=4,llama,24,11,4,new_successor_fit,True,5e1bf47a457558cbc0735bd8f9f13ca029cbf3a4,fits/f9f5fb784cce73a831b24b94/fit.json,e0faa845cdf6f25d10bdc300058a9a9084f2a406105f030b9a90f1b1ad34c070,
llama/B25_23/L24/repair/fold=0,llama,24,23,0,new_successor_fit,True,5e1bf47a457558cbc0735bd8f9f13ca029cbf3a4,fits/d9211e5cbb770e209f16d7f3/fit.json,847d5c1095a191a35153e1d251030ea0ba5fe00f44abd40608051997afd6e6cb,
llama/B25_23/L24/repair/fold=1,llama,24,23,1,new_successor_fit,True,5e1bf47a457558cbc0735bd8f9f13ca029cbf3a4,fits/9017768a03feee0f185e955b/fit.json,5b6bbaaee2ac113e0601683a12373596878473e40ea40b7ad6f2b9918fc0eb34,
llama/B25_23/L24/repair/fold=2,llama,24,23,2,new_successor_fit,True,5e1bf47a457558cbc0735bd8f9f13ca029cbf3a4,fits/de22b01da9256cfebf7e4b04/fit.json,943e54860ee29204b93a6613633ff099fe1c75be999cdb9bab73916e91917c3b,
llama/B25_23/L24/repair/fold=3,llama,24,23,3,new_successor_fit,True,5e1bf47a457558cbc0735bd8f9f13ca029cbf3a4,fits/353bdeb2ad09eee4cb859ed0/fit.json,efe5216e70ad67f4c6393a75a4f231adcfcd5a4a7c52f2bf767b97bdd1e6095c,
llama/B25_23/L24/repair/fold=4,llama,24,23,4,new_successor_fit,True,5e1bf47a457558cbc0735bd8f9f13ca029cbf3a4,fits/c7ff42b398216190f58dbbaa/fit.json,6cb4101925f9635b8e25cc00b1350d9596ca86070cd062c3f67721877f2a6eaf,
llama/B25_37/L24/repair/fold=0,llama,24,37,0,new_successor_fit,True,5e1bf47a457558cbc0735bd8f9f13ca029cbf3a4,fits/a0f9614487c61a07359ca1ba/fit.json,f094e89c0a429161db1c128cc2fb13603a578803980cc9a90bd278dc2fca3a50,
llama/B25_37/L24/repair/fold=1,llama,24,37,1,new_successor_fit,True,5e1bf47a457558cbc0735bd8f9f13ca029cbf3a4,fits/c2c9f1330b516398bf0c6046/fit.json,f3e22f763690302b0d49851aebf25d47c9443cdfa3e9110a6df9dddfe2b2892e,
llama/B25_37/L24/repair/fold=2,llama,24,37,2,new_successor_fit,True,5e1bf47a457558cbc0735bd8f9f13ca029cbf3a4,fits/72175b4da937147f337ba97d/fit.json,3c720823b89bafdfb6c0367e9fcd6bcfd05b53c1a91eea2eb300b99afda4708f,
llama/B25_37/L24/repair/fold=3,llama,24,37,3,new_successor_fit,True,5e1bf47a457558cbc0735bd8f9f13ca029cbf3a4,fits/cae9409d525904d846ee86ae/fit.json,2db23206b9fe1489ced9794886261e6605470d7a2e1e51cab81c60394c361b76,
llama/B25_37/L24/repair/fold=4,llama,24,37,4,new_successor_fit,True,5e1bf47a457558cbc0735bd8f9f13ca029cbf3a4,fits/4e7cdffbf7e55f48f7118064/fit.json,4212543289ca9ac59c5dba2a4f1c98827469536dd5040aa3925446516d29886e,
llama/B25_11/L25/repair/fold=0,llama,25,11,0,new_successor_fit,True,5e1bf47a457558cbc0735bd8f9f13ca029cbf3a4,fits/48c03a7a539b7ebccd103989/fit.json,36f3ec2ec6f01fbe0c5f314d92baa090daccb895e0320d4e548235111b70a58e,
llama/B25_11/L25/repair/fold=1,llama,25,11,1,new_successor_fit,True,5e1bf47a457558cbc0735bd8f9f13ca029cbf3a4,fits/03816fa3a3928082c42cdfaa/fit.json,65fbd79b3481650892bb2e9310dfe0679ec2e54d469f0011e60e1d483efde4d5,
llama/B25_11/L25/repair/fold=2,llama,25,11,2,new_successor_fit,True,5e1bf47a457558cbc0735bd8f9f13ca029cbf3a4,fits/7237fc4c8bb03f16e0be2e0c/fit.json,9c19b7ad4dbee37eb4f7f7ee177988e4d87432cacb8a5cab92daff86545f2341,
llama/B25_11/L25/repair/fold=3,llama,25,11,3,new_successor_fit,True,5e1bf47a457558cbc0735bd8f9f13ca029cbf3a4,fits/8e78bb129c05eda75b3daebd/fit.json,a55ca295c6ebd16198b9938f39ab2d429c07e65cadc96e9116402499588aa174,
llama/B25_11/L25/repair/fold=4,llama,25,11,4,new_successor_fit,True,5e1bf47a457558cbc0735bd8f9f13ca029cbf3a4,fits/424fece98dc6a0751697c054/fit.json,5261e9bd117875355e266311876ea154afa6ce3dfcec4892622ccf50f4a629c3,
llama/B25_23/L25/repair/fold=0,llama,25,23,0,new_successor_fit,True,5e1bf47a457558cbc0735bd8f9f13ca029cbf3a4,fits/85298e40ac6ecc27d046ab9d/fit.json,0698df87752f99dcfb1c5815d20d9780a4bfda18fbd2927c64393ce1deb36c14,
llama/B25_23/L25/repair/fold=1,llama,25,23,1,new_successor_fit,True,5e1bf47a457558cbc0735bd8f9f13ca029cbf3a4,fits/76531df8ced04833eb3cec91/fit.json,11d7b7b062cf508ec173f5368ac36757056dd88d3f9bccc52e8646f8ce4f5f86,
llama/B25_23/L25/repair/fold=2,llama,25,23,2,new_successor_fit,True,5e1bf47a457558cbc0735bd8f9f13ca029cbf3a4,fits/3224edcfbbf2f67b62e64c0f/fit.json,1e6cb07a571b7a9ab1dc8cb62214edfe1de049f59738acd15cd3da2af97d410a,
llama/B25_23/L25/repair/fold=3,llama,25,23,3,new_successor_fit,True,5e1bf47a457558cbc0735bd8f9f13ca029cbf3a4,fits/b88149bb0a9ad9ba3133ba9c/fit.json,c98a96dea2119be934c5c707b8ce7b914e8bb35294c7919d8af81f44254d6208,
llama/B25_23/L25/repair/fold=4,llama,25,23,4,new_successor_fit,True,5e1bf47a457558cbc0735bd8f9f13ca029cbf3a4,fits/b5e57a2b4e47059b65680e34/fit.json,89dd71f9d152c44d1859765d6ff0b805bc37204fc7ef2bc455514095b9f46cf1,
llama/B25_37/L25/repair/fold=0,llama,25,37,0,new_successor_fit,True,5e1bf47a457558cbc0735bd8f9f13ca029cbf3a4,fits/3cec1736f0a899238d4bb760/fit.json,5c4dc79c148d9bb3858a23743c3ead3e0c20cc3ac39064d94acbb33880f157d0,
llama/B25_37/L25/repair/fold=1,llama,25,37,1,new_successor_fit,True,5e1bf47a457558cbc0735bd8f9f13ca029cbf3a4,fits/14a87393f7490aba97e0412b/fit.json,ad1efafafc31ee1a1e904958b5a95d068e89e19f74801479bd6354c2a5c7496f,
llama/B25_37/L25/repair/fold=2,llama,25,37,2,new_successor_fit,True,5e1bf47a457558cbc0735bd8f9f13ca029cbf3a4,fits/1cb78911ae7ef6d20753d54c/fit.json,62cbf2f75cb22af780f6aadcb3f5aa6d793fb06ee4e7e1b3139cde04c892d824,
llama/B25_37/L25/repair/fold=3,llama,25,37,3,new_successor_fit,True,5e1bf47a457558cbc0735bd8f9f13ca029cbf3a4,fits/25ef5133c70898c58a15369d/fit.json,9c6b839faebfc37f3ad4e3f2e5ec5c7de445ab877c09a17bef09617e6fbc8453,
llama/B25_37/L25/repair/fold=4,llama,25,37,4,new_successor_fit,True,5e1bf47a457558cbc0735bd8f9f13ca029cbf3a4,fits/55296aba5f52d04631ac6200/fit.json,2b713b76ef49f46fbcad2f406ddc281ebdef4da5f010384e0d010f5ab68e93ce,
llama/B25_11/L26/repair/fold=0,llama,26,11,0,new_successor_fit,True,5e1bf47a457558cbc0735bd8f9f13ca029cbf3a4,fits/183180e16d05c6610769ec79/fit.json,2b14128159d6590436c00fcf11ef649b6778f8c5479541fff355f3151314545e,
llama/B25_11/L26/repair/fold=1,llama,26,11,1,new_successor_fit,True,5e1bf47a457558cbc0735bd8f9f13ca029cbf3a4,fits/6bdce4d9b922d2f474c78ac4/fit.json,cac610ae0ab3a11e0b765aec35703850081dfa9fb2950a243a784105d8cab9cb,
llama/B25_11/L26/repair/fold=2,llama,26,11,2,new_successor_fit,True,5e1bf47a457558cbc0735bd8f9f13ca029cbf3a4,fits/041d9d64027615bf55015667/fit.json,9489c49cb347a2e0795490bb2a7e1bb3c53a88d0cd8196eadbd4521c074065e2,
llama/B25_11/L26/repair/fold=3,llama,26,11,3,new_successor_fit,True,5e1bf47a457558cbc0735bd8f9f13ca029cbf3a4,fits/46d6a0bc30c962286996466c/fit.json,c1b5f8dab9e4c6c0a989048fbda0a5b197607feb692dd6a6050e34ae64f9ba9b,
llama/B25_11/L26/repair/fold=4,llama,26,11,4,new_successor_fit,True,5e1bf47a457558cbc0735bd8f9f13ca029cbf3a4,fits/8f2d65bc537a1e51a2113164/fit.json,c0b55bc0303b944328d3e7abfd68592a42167dfa2b557e833ec378328bd9da92,
llama/B25_23/L26/repair/fold=0,llama,26,23,0,new_successor_fit,True,5e1bf47a457558cbc0735bd8f9f13ca029cbf3a4,fits/7ba376c22fefd814422e001b/fit.json,df9d8266d93edec2f40dbe53f0924d95076b22cb4bed22b8af1794a5b323400e,
llama/B25_23/L26/repair/fold=1,llama,26,23,1,new_successor_fit,True,5e1bf47a457558cbc0735bd8f9f13ca029cbf3a4,fits/ba0c7c74cd0d545073720990/fit.json,d543f1d4509cc5b254e77ce0d5c106a4622af4f018ecf69d54fbb99eb1a491c9,
llama/B25_23/L26/repair/fold=2,llama,26,23,2,new_successor_fit,True,5e1bf47a457558cbc0735bd8f9f13ca029cbf3a4,fits/50df83ed5687383fa7ae3fbc/fit.json,9458060807173a84a146250e3bf9d6c91986ae5d8a67341526e1dbb07b3b71c0,
llama/B25_23/L26/repair/fold=3,llama,26,23,3,new_successor_fit,True,5e1bf47a457558cbc0735bd8f9f13ca029cbf3a4,fits/a1ec6d60769b31fd309e3bf5/fit.json,29ee7b8446b5343b8dc5186d0625919c5c95001440e59df501da6d9c58bada68,
llama/B25_23/L26/repair/fold=4,llama,26,23,4,new_successor_fit,True,5e1bf47a457558cbc0735bd8f9f13ca029cbf3a4,fits/dd524aeb177f9287428bca59/fit.json,d08ed1d07de9b35c5003037dacfcde65153a4602b83b4d6d3b18bbd42c88701c,
llama/B25_37/L26/repair/fold=0,llama,26,37,0,new_successor_fit,True,5e1bf47a457558cbc0735bd8f9f13ca029cbf3a4,fits/6b27e335442037965e08e0c6/fit.json,8c9190b5b541164ded6e222f55bf6b5f115297b9f969e8ba3a329c87709aa551,
llama/B25_37/L26/repair/fold=1,llama,26,37,1,new_successor_fit,True,5e1bf47a457558cbc0735bd8f9f13ca029cbf3a4,fits/6c9dc880579445744c0610bc/fit.json,5e22900d94d2e90e43c74fcedfbd65eef442ce448cf273c87d5f2472e2d2bca9,
llama/B25_37/L26/repair/fold=2,llama,26,37,2,new_successor_fit,True,5e1bf47a457558cbc0735bd8f9f13ca029cbf3a4,fits/8a29a0f6f8951dfa9f8ef64b/fit.json,102acbd402a553fc588b83279f242cc83296e83bdda5f4ceb785ba9ee3c3d59d,
llama/B25_37/L26/repair/fold=3,llama,26,37,3,new_successor_fit,True,5e1bf47a457558cbc0735bd8f9f13ca029cbf3a4,fits/ea462a32d14d70a6c366258e/fit.json,eae567f850a679311d53b6a5845766f5c64d96dd206cc2349155d15b9599e6c7,
llama/B25_37/L26/repair/fold=4,llama,26,37,4,new_successor_fit,True,5e1bf47a457558cbc0735bd8f9f13ca029cbf3a4,fits/b1a0b3e06ae5b55e5b6c12e4/fit.json,27a2128b4f234e168e4036051ea433692b918a41bdb134dd8d2140aec735efd8,
llama/B25_11/L27/repair/fold=0,llama,27,11,0,new_successor_fit,True,5e1bf47a457558cbc0735bd8f9f13ca029cbf3a4,fits/a4732f5b4c512cf69b722dc4/fit.json,da6711bc75909769a52e5b6e9558880cadcbc3202f2f3ff50161643937b986b5,
llama/B25_11/L27/repair/fold=1,llama,27,11,1,new_successor_fit,True,5e1bf47a457558cbc0735bd8f9f13ca029cbf3a4,fits/13eb03cb3aea8eddfcf0193b/fit.json,23106f3596d02ff785552cb4ef1c5e6dafe878adaee64d6da78b169951652c0c,
llama/B25_11/L27/repair/fold=2,llama,27,11,2,new_successor_fit,True,5e1bf47a457558cbc0735bd8f9f13ca029cbf3a4,fits/e87cf3aea3dc17d8739347b1/fit.json,18b2e7c27e90e68524fbfcbb233117ff31ca99279a6baf4d048389669e4fc92b,
llama/B25_11/L27/repair/fold=3,llama,27,11,3,new_successor_fit,True,5e1bf47a457558cbc0735bd8f9f13ca029cbf3a4,fits/5ec9cef6d9ad9adbc7edaf3a/fit.json,49af01d1d88779bc57feed62f78bff25e6603382d9283d935f34b5d6d76d7150,
llama/B25_11/L27/repair/fold=4,llama,27,11,4,new_successor_fit,True,5e1bf47a457558cbc0735bd8f9f13ca029cbf3a4,fits/994854df4b7cf02741fd38c5/fit.json,e922ffdced7c6f3d988ee8878602a07bc6884912001eb802e9e384b45a329cea,
llama/B25_23/L27/repair/fold=0,llama,27,23,0,new_successor_fit,True,5e1bf47a457558cbc0735bd8f9f13ca029cbf3a4,fits/82d253e78fce85b0c53cf00c/fit.json,1a9605507f76bac5ec950407d5b1933cbd7c1c19a6b905ac392fa6b30d7fd00e,
llama/B25_23/L27/repair/fold=1,llama,27,23,1,new_successor_fit,True,5e1bf47a457558cbc0735bd8f9f13ca029cbf3a4,fits/03269195164d9f20f663fd81/fit.json,0c2436c4695c18c1f7fd5191f009e25c342d07448ab24a7809d22fbe67f03381,
llama/B25_23/L27/repair/fold=2,llama,27,23,2,new_successor_fit,True,5e1bf47a457558cbc0735bd8f9f13ca029cbf3a4,fits/085ee8f377b0f1c7e5f7b8b6/fit.json,32512f522a755ae405abf10f7ddfa3e323f3baa56177dd2bbbfaa493fcb260fe,
llama/B25_23/L27/repair/fold=3,llama,27,23,3,new_successor_fit,True,5e1bf47a457558cbc0735bd8f9f13ca029cbf3a4,fits/0e89a7ffb0b89b66804e8ef2/fit.json,71545e23240a509d2425d57357bf1b68161bd88e4e75b716e2a2a7dac2d0da33,
llama/B25_23/L27/repair/fold=4,llama,27,23,4,new_successor_fit,True,5e1bf47a457558cbc0735bd8f9f13ca029cbf3a4,fits/b8a20a04f0c08a0524f97c58/fit.json,64afecd3b05d506f169468805acdfdc4665477daae18287d0b7c5c7bd82e3c71,
llama/B25_37/L27/repair/fold=0,llama,27,37,0,new_successor_fit,True,5e1bf47a457558cbc0735bd8f9f13ca029cbf3a4,fits/4214897152a8acf146d14767/fit.json,b286a857c95518e8b616cdc24b7667150becf9466ffeaba7148bbc08601d6bce,
llama/B25_37/L27/repair/fold=1,llama,27,37,1,new_successor_fit,True,5e1bf47a457558cbc0735bd8f9f13ca029cbf3a4,fits/ecf1cd15335ed24f25b71ba5/fit.json,3d88b606c4f2f60f874e6a2531a999f43adae4b6968f5260f86be67410031151,
llama/B25_37/L27/repair/fold=2,llama,27,37,2,new_successor_fit,True,5e1bf47a457558cbc0735bd8f9f13ca029cbf3a4,fits/c19867765f6e293f6eb54324/fit.json,280672d23c3bd932359ede0e9f03c554569b4298e9a24ebd7e561a6f993c72c9,
llama/B25_37/L27/repair/fold=3,llama,27,37,3,new_successor_fit,True,5e1bf47a457558cbc0735bd8f9f13ca029cbf3a4,fits/12b97530b2634c34e84ac777/fit.json,3e6fe117881afa391fe88cf119af4e701ceb865856dfe0128d286d8b3f02b316,
llama/B25_37/L27/repair/fold=4,llama,27,37,4,new_successor_fit,True,5e1bf47a457558cbc0735bd8f9f13ca029cbf3a4,fits/1e850f1c734f02c79ade07b6/fit.json,8809ec49592d1a651757769eb80c483e4e279f88968dd36cba9ccf39cfb78da6,
llama/B25_11/L28/repair/fold=0,llama,28,11,0,new_successor_fit,True,5e1bf47a457558cbc0735bd8f9f13ca029cbf3a4,fits/5798a0f7e2fcfe52014a3633/fit.json,555bf909d44d21230cd86908286c6e6ded94d1e1af7d4cb60107152fbb990d1e,
llama/B25_11/L28/repair/fold=1,llama,28,11,1,new_successor_fit,True,5e1bf47a457558cbc0735bd8f9f13ca029cbf3a4,fits/9156f877ff0e20967a04d16a/fit.json,ce73533d3790b33ff00ccb1829ec48a073dc02704c5103d6b129b019508907cb,
llama/B25_11/L28/repair/fold=2,llama,28,11,2,new_successor_fit,True,5e1bf47a457558cbc0735bd8f9f13ca029cbf3a4,fits/0532f111a15172de878d54c3/fit.json,802e1723e650051ce27de43e54cade06e968b5804a4d04fb1c954db5ad74256a,
llama/B25_11/L28/repair/fold=3,llama,28,11,3,new_successor_fit,True,5e1bf47a457558cbc0735bd8f9f13ca029cbf3a4,fits/d5f2a085a365fc53de7ca5fb/fit.json,e282fd0b5891a63976d9847e7d145909e5b0007360a9082185f1663caf1b4bdd,
llama/B25_11/L28/repair/fold=4,llama,28,11,4,new_successor_fit,True,5e1bf47a457558cbc0735bd8f9f13ca029cbf3a4,fits/cf246803b2e2f7cde266d522/fit.json,25697aab989357da141d37b24421f60bc8d72fdbcde13929babd7ef2d6071af2,
llama/B25_23/L28/repair/fold=0,llama,28,23,0,new_successor_fit,True,5e1bf47a457558cbc0735bd8f9f13ca029cbf3a4,fits/10badaf792243c5662c0d862/fit.json,490f39e4ab04ffe3798a01fe6797883ebaf9112924eba1fd840871db9a234cb0,
llama/B25_23/L28/repair/fold=1,llama,28,23,1,new_successor_fit,True,5e1bf47a457558cbc0735bd8f9f13ca029cbf3a4,fits/ae641d0d648e1eada92fe25b/fit.json,e40448f3fb84bc4501944e49fa8d8437adcb93f9c27003abbd53ed312504603c,
llama/B25_23/L28/repair/fold=2,llama,28,23,2,new_successor_fit,True,5e1bf47a457558cbc0735bd8f9f13ca029cbf3a4,fits/75d512f70683b0f8caa7dc92/fit.json,b2c778a772b2824ec0a00e5aa4a99a09294dd5d50f191d0679737fe0623c0802,
llama/B25_23/L28/repair/fold=3,llama,28,23,3,new_successor_fit,True,5e1bf47a457558cbc0735bd8f9f13ca029cbf3a4,fits/313978d8aa1c11958e764cca/fit.json,b114b88c0bee58b8b39e1ed9bca4a2b62faae0b6ec2f255ce61e396ea088ffa2,
llama/B25_23/L28/repair/fold=4,llama,28,23,4,new_successor_fit,True,5e1bf47a457558cbc0735bd8f9f13ca029cbf3a4,fits/5c36a02e7dd0c78ac26577d7/fit.json,bcbb26d4f261332d7f726aa9a3deece4d9ecf81851a194fcd57e8522c24716d1,
llama/B25_37/L28/repair/fold=0,llama,28,37,0,new_successor_fit,True,5e1bf47a457558cbc0735bd8f9f13ca029cbf3a4,fits/bbdc17b3e380a257f1666de3/fit.json,34a92320bb41cbd449c49919469556384a003b89ed7f79d4560fae5687c1edb8,
llama/B25_37/L28/repair/fold=1,llama,28,37,1,new_successor_fit,True,5e1bf47a457558cbc0735bd8f9f13ca029cbf3a4,fits/dcee31c3bb52172ac051e98d/fit.json,95a5ba842cbbe745e3b25b182c374e794560d68ef2dc0257da52063957d5c27a,
llama/B25_37/L28/repair/fold=2,llama,28,37,2,new_successor_fit,True,5e1bf47a457558cbc0735bd8f9f13ca029cbf3a4,fits/9148d9769d1b8fcdcdd436b2/fit.json,c75b7717ac35a979f7b99fbaea1fb480c7bf18a38abc6c0641e7ed2f9d48c02b,
llama/B25_37/L28/repair/fold=3,llama,28,37,3,new_successor_fit,True,5e1bf47a457558cbc0735bd8f9f13ca029cbf3a4,fits/fbb9c59f7a1b1da78b04f172/fit.json,3d4395fb4babe9b6c0a6aae992a44d1dec88a9b92e873b4c393449f8837b6667,
llama/B25_37/L28/repair/fold=4,llama,28,37,4,new_successor_fit,True,5e1bf47a457558cbc0735bd8f9f13ca029cbf3a4,fits/22bbc6e2bec7dda0b63a8d74/fit.json,5d1b179d4329bf2521b7a8354362a2f104a5f26e79f49af25c4a353db90913a2,
llama/B25_11/L29/repair/fold=0,llama,29,11,0,new_successor_fit,True,5e1bf47a457558cbc0735bd8f9f13ca029cbf3a4,fits/16665533c362198d077ac6cc/fit.json,a64d628d432c0b5d1a50e397fe63be1605f6a72233309f7554ebc9adef77cc54,
llama/B25_11/L29/repair/fold=1,llama,29,11,1,new_successor_fit,True,5e1bf47a457558cbc0735bd8f9f13ca029cbf3a4,fits/81ec6c5fc53d1a2213b0c261/fit.json,334aef24a58dbfb775839619e298dad692f64cb62e364c64ab55dced9e965385,
llama/B25_11/L29/repair/fold=2,llama,29,11,2,new_successor_fit,True,5e1bf47a457558cbc0735bd8f9f13ca029cbf3a4,fits/b8bdb263ea2a83527bcc9039/fit.json,ac88678b2ad49c97e5b88e6e10f1575e57f9652d935ff40410f7e213b2e51eaa,
llama/B25_11/L29/repair/fold=3,llama,29,11,3,new_successor_fit,True,5e1bf47a457558cbc0735bd8f9f13ca029cbf3a4,fits/84179f5b46ebd61b4e40cfb2/fit.json,d7e465b299c1acea004b598fc891738250373e3c3b6d77197522ab098e72344f,
llama/B25_11/L29/repair/fold=4,llama,29,11,4,new_successor_fit,True,5e1bf47a457558cbc0735bd8f9f13ca029cbf3a4,fits/430207117e22bb9bbeb29672/fit.json,8c3ae2e9e671767d4fa9145dde3fd57e0bd79134decae9f63a4019f91964bd29,
llama/B25_23/L29/repair/fold=0,llama,29,23,0,new_successor_fit,True,5e1bf47a457558cbc0735bd8f9f13ca029cbf3a4,fits/ab3dfb40e85fddd582ebbd47/fit.json,91692a03cbaadcb2ad8ecefa484a4345a5fc571e74169731a3222f66295d8701,
llama/B25_23/L29/repair/fold=1,llama,29,23,1,new_successor_fit,True,5e1bf47a457558cbc0735bd8f9f13ca029cbf3a4,fits/629c3cd71bd6cbd7a68ba1c2/fit.json,f0cace6864b3fa3c5ee8381196645d53451e672a853d92a504721def5ded9068,
llama/B25_23/L29/repair/fold=2,llama,29,23,2,new_successor_fit,True,5e1bf47a457558cbc0735bd8f9f13ca029cbf3a4,fits/471f54e3d9b30a820bc8d5bf/fit.json,4ba543bd44788dabd460b38b5cfce1f41dca56b6e643262d7e5e86d593a89f8e,
llama/B25_23/L29/repair/fold=3,llama,29,23,3,new_successor_fit,True,5e1bf47a457558cbc0735bd8f9f13ca029cbf3a4,fits/de66b834e03fe552444763c0/fit.json,a086921963dba2b59f32899994d076cd99808a6abd02b26aff81806dbc0e0c4d,
llama/B25_23/L29/repair/fold=4,llama,29,23,4,new_successor_fit,True,5e1bf47a457558cbc0735bd8f9f13ca029cbf3a4,fits/5b6d9ebeeb9be01f6ed54f1f/fit.json,f03606fafeb99f64d5615c7954d7325d6ba1b280b30b15d552be6bac2487ea45,
llama/B25_37/L29/repair/fold=0,llama,29,37,0,new_successor_fit,True,5e1bf47a457558cbc0735bd8f9f13ca029cbf3a4,fits/63da232712a4ea9abb716185/fit.json,e3c6e1f83b6a9a39ae0d0a83db2d632bd649674de922406d1a86a973186a74f7,
llama/B25_37/L29/repair/fold=1,llama,29,37,1,new_successor_fit,True,5e1bf47a457558cbc0735bd8f9f13ca029cbf3a4,fits/6876e37ab17f7539da13a1cf/fit.json,c95b31ecd90778e1641c8ce282fe7343dfb91150161970d01f85dbfed7604ea5,
llama/B25_37/L29/repair/fold=2,llama,29,37,2,new_successor_fit,True,5e1bf47a457558cbc0735bd8f9f13ca029cbf3a4,fits/d81326d8a88f2730fd769048/fit.json,b055d96b10cd7c754d3d731672e43c1ec70ec73002fe20d6bc31c502e58d5df6,
llama/B25_37/L29/repair/fold=3,llama,29,37,3,new_successor_fit,True,5e1bf47a457558cbc0735bd8f9f13ca029cbf3a4,fits/582a0c68d5b407c1f82a1387/fit.json,ae8fbf2f29724877816b5194706bdf7b77de949d5f07e2f7bb9ea92828d1cc13,
llama/B25_37/L29/repair/fold=4,llama,29,37,4,new_successor_fit,True,5e1bf47a457558cbc0735bd8f9f13ca029cbf3a4,fits/21df0ffd91943925721d2bc6/fit.json,b9cb689be5f2a2cf62bf2b17642fb851fe4e28da2d6b2f5b992d2d791ad15d90,
llama/B25_11/L30/repair/fold=0,llama,30,11,0,new_successor_fit,True,5e1bf47a457558cbc0735bd8f9f13ca029cbf3a4,fits/84bd6267c84c35d45f721066/fit.json,1fd5a6b7d8a9e8657e50e06508a4d4b1d7ce82dfa2563b1d7c654a6a3645d40e,
llama/B25_11/L30/repair/fold=1,llama,30,11,1,new_successor_fit,True,5e1bf47a457558cbc0735bd8f9f13ca029cbf3a4,fits/ca5b78c5b2e2bbf6278ddc65/fit.json,ba26bcda4741f070800dfd5d7d4166daf523a5b011c6b66621a8b3f1e5e582ee,
llama/B25_11/L30/repair/fold=2,llama,30,11,2,new_successor_fit,True,5e1bf47a457558cbc0735bd8f9f13ca029cbf3a4,fits/947683d0470ed0a2040eaa08/fit.json,4df4981ed0f3d4e152ae72b83d17fbba2de6c9657a6dc238761404ee0451e135,
llama/B25_11/L30/repair/fold=3,llama,30,11,3,new_successor_fit,True,5e1bf47a457558cbc0735bd8f9f13ca029cbf3a4,fits/9f4e3d6e9a42de580c4b923b/fit.json,fb1a4e9c232156d6b8b9eb8b01c0af31d19cbb04338a1809f837e76faf0e42da,
llama/B25_11/L30/repair/fold=4,llama,30,11,4,new_successor_fit,True,5e1bf47a457558cbc0735bd8f9f13ca029cbf3a4,fits/4773a1eaa2becf3e11c4f720/fit.json,e45f85e04c27f2994260eac8e4e97cc35abd717a57d609bdfa5a6fb224145e45,
llama/B25_23/L30/repair/fold=0,llama,30,23,0,new_successor_fit,True,5e1bf47a457558cbc0735bd8f9f13ca029cbf3a4,fits/0ee57463fd99cde41115baec/fit.json,617c76c63691d979a1286d1feab087a7c582402c03b3f88e11539177d95a06eb,
llama/B25_23/L30/repair/fold=1,llama,30,23,1,new_successor_fit,True,5e1bf47a457558cbc0735bd8f9f13ca029cbf3a4,fits/615c23417a7bcfa19a37a61b/fit.json,4e363297cce43660442bb4ade0c62a210750a2880476bc30df9cc611b43df08b,
llama/B25_23/L30/repair/fold=2,llama,30,23,2,new_successor_fit,True,5e1bf47a457558cbc0735bd8f9f13ca029cbf3a4,fits/05cb5eacd9ac6279cee708ca/fit.json,86b8f0c5c75be898bb9c87ee8c62e6b34b0c3bb4184616ad84a6886a897d9707,
llama/B25_23/L30/repair/fold=3,llama,30,23,3,new_successor_fit,True,5e1bf47a457558cbc0735bd8f9f13ca029cbf3a4,fits/5de2a9a92efd303e589c240e/fit.json,320df552f22ba17917e1c50d391d1c418875f855228c76b97b51d9c3569c14bd,
llama/B25_23/L30/repair/fold=4,llama,30,23,4,new_successor_fit,True,5e1bf47a457558cbc0735bd8f9f13ca029cbf3a4,fits/9c7fa81fbc610e2628dd2c59/fit.json,d6d1c31c44425314dce3ded3f8d20c68708f88e9f5a18127d8f1ba4de8b21a16,
llama/B25_37/L30/repair/fold=0,llama,30,37,0,new_successor_fit,True,5e1bf47a457558cbc0735bd8f9f13ca029cbf3a4,fits/9ef1e8b23f706dc3eb478a8b/fit.json,1c941f5b3b61bf099d18fd5d38fc8ec34fe9709947b33b171498782ed28faeb8,
llama/B25_37/L30/repair/fold=1,llama,30,37,1,new_successor_fit,True,5e1bf47a457558cbc0735bd8f9f13ca029cbf3a4,fits/7d291e2051da919398ea98c6/fit.json,b29e606994066b5a99d88f317860e106179a53226564e4dbb1a61de7739e5ffb,
llama/B25_37/L30/repair/fold=2,llama,30,37,2,new_successor_fit,True,5e1bf47a457558cbc0735bd8f9f13ca029cbf3a4,fits/e0d474a961a058c555cb150f/fit.json,36eb120f57898315a50b1a574a1507d5dca2e0637f541119ea7eb570608ccb4a,
llama/B25_37/L30/repair/fold=3,llama,30,37,3,new_successor_fit,True,5e1bf47a457558cbc0735bd8f9f13ca029cbf3a4,fits/b94b32ac4e27e15f97944c9b/fit.json,1095d52af7540c18bb2439e0ea42112390d0f90207135e6a114d40789a400c0b,
llama/B25_37/L30/repair/fold=4,llama,30,37,4,new_successor_fit,True,5e1bf47a457558cbc0735bd8f9f13ca029cbf3a4,fits/aaa19dfa0d555d519e740aa2/fit.json,4282e532e8c1b8b45fc047d66120c948de01720878308d8b43646b032c5d4ed2,
llama/B25_11/L31/repair/fold=0,llama,31,11,0,new_successor_fit,True,5e1bf47a457558cbc0735bd8f9f13ca029cbf3a4,fits/63f95df0b590fdb20ca2c790/fit.json,fe89588505857648fb7f11c6cc11d4c487285cf759867272216e82e0ed5c229c,
llama/B25_11/L31/repair/fold=1,llama,31,11,1,new_successor_fit,True,5e1bf47a457558cbc0735bd8f9f13ca029cbf3a4,fits/df90ea4b6eb8ae5d0ae30d82/fit.json,1ef6d4d68399c1c831ca9103e70d9e3108ba7a2eee58f0fce2252ef312bc611a,
llama/B25_11/L31/repair/fold=2,llama,31,11,2,new_successor_fit,True,5e1bf47a457558cbc0735bd8f9f13ca029cbf3a4,fits/6e125c162967c63fff1b7a31/fit.json,525feb3c226dfcf1eb8f2b600c8b1bfbf71797c99778620d2cafd4f479acccf3,
llama/B25_11/L31/repair/fold=3,llama,31,11,3,new_successor_fit,True,5e1bf47a457558cbc0735bd8f9f13ca029cbf3a4,fits/e51dc3c1f87b3df5ebe606cb/fit.json,5b83e65b19d470bf58d055df4d12886fa19a85b8d9a0be777224d2072a5dfa13,
llama/B25_11/L31/repair/fold=4,llama,31,11,4,new_successor_fit,True,5e1bf47a457558cbc0735bd8f9f13ca029cbf3a4,fits/76a270eea73d9dc8de17d724/fit.json,bb5958ce8ac11eb67a795157d2a81a275ca388c3bbce7c54e077ff79f385481b,
llama/B25_23/L31/repair/fold=0,llama,31,23,0,new_successor_fit,True,5e1bf47a457558cbc0735bd8f9f13ca029cbf3a4,fits/7419aae0b01f29930489700c/fit.json,2419c6f5e1169bc20b0d48dcdf996abcb12aacdac0f55663fe7b2095c207f2d5,
llama/B25_23/L31/repair/fold=1,llama,31,23,1,new_successor_fit,True,5e1bf47a457558cbc0735bd8f9f13ca029cbf3a4,fits/0b0452d88a4831b8224c7310/fit.json,01ddb327a0169c35e7539e98e9ea1112cfe05bd079a55194cb16ad510967fc8e,
llama/B25_23/L31/repair/fold=2,llama,31,23,2,new_successor_fit,True,5e1bf47a457558cbc0735bd8f9f13ca029cbf3a4,fits/48d459ebe584b2e1890a0339/fit.json,5631b237b78681d77c3ff9c8d77838ccaaf8f676e15aff66ee16ebe57eff6484,
llama/B25_23/L31/repair/fold=3,llama,31,23,3,new_successor_fit,True,5e1bf47a457558cbc0735bd8f9f13ca029cbf3a4,fits/2516bf1a356479a51f88ac05/fit.json,14d2d69621750699210a534243c815c2d0c074fc586780ac6bf759aa894df990,
llama/B25_23/L31/repair/fold=4,llama,31,23,4,new_successor_fit,True,5e1bf47a457558cbc0735bd8f9f13ca029cbf3a4,fits/c79df8dab3073f6242dc3ab2/fit.json,ac1e90089a27080960caad216ad49d3e3ecfedc98362084ca2b0bf0212cf9cbe,
llama/B25_37/L31/repair/fold=0,llama,31,37,0,new_successor_fit,True,5e1bf47a457558cbc0735bd8f9f13ca029cbf3a4,fits/6731a4f667de11657a53fa92/fit.json,fb8204bab966e8556d18ccc5251d7925d91a28cb67ed8682edeac81a70d73601,
llama/B25_37/L31/repair/fold=1,llama,31,37,1,new_successor_fit,True,5e1bf47a457558cbc0735bd8f9f13ca029cbf3a4,fits/c315e4d76330d9ae4a04ee28/fit.json,c668eb09e2c7485dfc2164a602084ffb9dccd15e774fce95f2150ed31d484f5e,
llama/B25_37/L31/repair/fold=2,llama,31,37,2,new_successor_fit,True,5e1bf47a457558cbc0735bd8f9f13ca029cbf3a4,fits/e0c356b668635f751077d1f8/fit.json,d1c650da056aef010a2cd038ce75d29e9b5c001c031c6f08d907016f7eda8c61,
llama/B25_37/L31/repair/fold=3,llama,31,37,3,new_successor_fit,True,5e1bf47a457558cbc0735bd8f9f13ca029cbf3a4,fits/e57563d27585f10559ef06ff/fit.json,ec3695a2f532c7236bb3680c37701a587c0dc0a21351fff63fa928e6df2517cc,
llama/B25_37/L31/repair/fold=4,llama,31,37,4,new_successor_fit,True,5e1bf47a457558cbc0735bd8f9f13ca029cbf3a4,fits/92039f3011299882ec3ab8f9/fit.json,44ec013f6728890f3cb9b156649e9e51b704ef04f854b719c030742fbe23f9ce,
qwen/B25_11/L00/repair/fold=0,qwen,0,11,0,imported_valid_without_refit,True,b25581ca9c22d93c8c988c93c0c5491219d6cfec,fits/9d7ab9224a8ae9cde4cf9d59/fit.json,fa61d3b12327a67acd3c6738acaa75ec6a136f31d3bc9c2061e55a83c9c5c992,
qwen/B25_11/L00/repair/fold=1,qwen,0,11,1,imported_valid_without_refit,True,b25581ca9c22d93c8c988c93c0c5491219d6cfec,fits/26e7d403249408fd0ce4f2a0/fit.json,e6d5f47ef21850f5336dbbbbe8039c0ed9ab216bbc204251b58e67622290157b,
qwen/B25_11/L00/repair/fold=2,qwen,0,11,2,imported_valid_without_refit,True,b25581ca9c22d93c8c988c93c0c5491219d6cfec,fits/7894396936093b041ff55026/fit.json,492e756071db9b594195441aaaee0d5200621e409c9c2841bcf5acfe10c71736,
qwen/B25_11/L00/repair/fold=3,qwen,0,11,3,imported_valid_without_refit,True,b25581ca9c22d93c8c988c93c0c5491219d6cfec,fits/9a6bf4c1cbd30182e2e51e11/fit.json,3b730692011ecbbcdadb4922dc41a9777a68faccf1841ac2b3c3955103051159,
qwen/B25_11/L00/repair/fold=4,qwen,0,11,4,imported_valid_without_refit,True,b25581ca9c22d93c8c988c93c0c5491219d6cfec,fits/0f5c021e0b81500d731773e4/fit.json,5e5dfd4629d566645017749ef4b959b208a266ea354c292e29155bcad3be2719,
qwen/B25_23/L00/repair/fold=0,qwen,0,23,0,imported_valid_without_refit,True,b25581ca9c22d93c8c988c93c0c5491219d6cfec,fits/61de102294117fb8a0e270be/fit.json,1f50bb3e803e6b8a145bad4c37ae364c2fc23c43aadd19ab131f33fd18f283fe,
qwen/B25_23/L00/repair/fold=1,qwen,0,23,1,imported_valid_without_refit,True,b25581ca9c22d93c8c988c93c0c5491219d6cfec,fits/03a7b44470ab88eb26612ac5/fit.json,165697bcbd3df6e655c9738fd5ca49e8194193f728f65006e1706ceb3e74f58f,
qwen/B25_23/L00/repair/fold=2,qwen,0,23,2,imported_valid_without_refit,True,b25581ca9c22d93c8c988c93c0c5491219d6cfec,fits/7650565d01d1542e5430c6ec/fit.json,4a8d064493906ad23ee3064b7e145a1763fbf60c4be303839f474465d6750429,
qwen/B25_23/L00/repair/fold=3,qwen,0,23,3,imported_valid_without_refit,True,b25581ca9c22d93c8c988c93c0c5491219d6cfec,fits/30460e7b2ec82cd1b3c9655e/fit.json,f4a46f5b54b01a13dcb1b681ebe3d3dc244eaeb4a8ac22ff29f8d68921c4994a,
qwen/B25_23/L00/repair/fold=4,qwen,0,23,4,imported_valid_without_refit,True,b25581ca9c22d93c8c988c93c0c5491219d6cfec,fits/c7a7733ec267abc07baeb36e/fit.json,4c17e60ca5c587f58f262cd07b708a1abbee36db53eff2294d2a24921945441f,
qwen/B25_37/L00/repair/fold=0,qwen,0,37,0,imported_valid_without_refit,True,b25581ca9c22d93c8c988c93c0c5491219d6cfec,fits/b0d92250d6204a6e06e80c1a/fit.json,6fdf488d4bf2f1edc3a8ec181338ed3ba8e6c0e99485762614e0cc3cf34419f2,
qwen/B25_37/L00/repair/fold=1,qwen,0,37,1,imported_valid_without_refit,True,b25581ca9c22d93c8c988c93c0c5491219d6cfec,fits/b2b0cf1ee9b7be578d9fdc37/fit.json,48441701aebfc8d06aba4bc93abfde2bc1083544709e5392bfd3a5ac475c05e3,
qwen/B25_37/L00/repair/fold=2,qwen,0,37,2,imported_valid_without_refit,True,b25581ca9c22d93c8c988c93c0c5491219d6cfec,fits/3f4625b7a7a3949d40a75840/fit.json,f0974bb69fc445cc13f47a18fbc0e3757f58747df6ff1cf34c623fcf1f328576,
qwen/B25_37/L00/repair/fold=3,qwen,0,37,3,imported_valid_without_refit,True,b25581ca9c22d93c8c988c93c0c5491219d6cfec,fits/044eb500a09200bcea9fdb2c/fit.json,3fd4c7645956fc2615fada2755f8f1e72fb35b9b80f7a6f1fd6d25af663ec182,
qwen/B25_37/L00/repair/fold=4,qwen,0,37,4,imported_valid_without_refit,True,b25581ca9c22d93c8c988c93c0c5491219d6cfec,fits/7a3855bed9d1802798b56baf/fit.json,e4e7f698738e137b5e472f048c9ce021eb53ce66d4fd9a7ae19578ff4d2df56f,
qwen/B25_11/L01/repair/fold=0,qwen,1,11,0,imported_valid_without_refit,True,b25581ca9c22d93c8c988c93c0c5491219d6cfec,fits/a036accf7c82058b2adb8bab/fit.json,0b6d945d94b3e14d65e7f5af8fe62acff03cfb435920a733b463b0675d56c5cf,
qwen/B25_11/L01/repair/fold=1,qwen,1,11,1,imported_valid_without_refit,True,b25581ca9c22d93c8c988c93c0c5491219d6cfec,fits/ec01c0b921af3618f0bdd5b0/fit.json,797b4acfb759234d38a839d67a84bac54d2a07dfaefd504d0b84ef710297ae3d,
qwen/B25_11/L01/repair/fold=2,qwen,1,11,2,imported_valid_without_refit,True,b25581ca9c22d93c8c988c93c0c5491219d6cfec,fits/b7f53ed540fac7a7e404c473/fit.json,2aefac8ea4c54d9cf8ac56afd7e7f6af67bac133fd290f1cb2cf44ad0608e7f6,
qwen/B25_11/L01/repair/fold=3,qwen,1,11,3,imported_valid_without_refit,True,b25581ca9c22d93c8c988c93c0c5491219d6cfec,fits/e045bae569a8f4b60f7cd978/fit.json,a69e57eca471d3742bd11aa3286ae87389ae8103611426db76f9cfcc07e00766,
qwen/B25_11/L01/repair/fold=4,qwen,1,11,4,imported_valid_without_refit,True,b25581ca9c22d93c8c988c93c0c5491219d6cfec,fits/3eabe470141dabfc2981de2d/fit.json,87b6a55b9b8f284ac1c3b959bfe996d21cf0338f69f4a610957f3c0cefc35e49,
qwen/B25_23/L01/repair/fold=0,qwen,1,23,0,imported_valid_without_refit,True,b25581ca9c22d93c8c988c93c0c5491219d6cfec,fits/3e7ea44487ef7fd314f3d838/fit.json,90696f45f632dc6695a8fc84d556aa603794c900f654309f349092ee4dc752e9,
qwen/B25_23/L01/repair/fold=1,qwen,1,23,1,imported_valid_without_refit,True,b25581ca9c22d93c8c988c93c0c5491219d6cfec,fits/13583b85eda6ec0f047c190b/fit.json,6904d123eb09c582cc71993bd0208ae842e78c30279c4dc29a7b36d1494b00cf,
qwen/B25_23/L01/repair/fold=2,qwen,1,23,2,imported_valid_without_refit,True,b25581ca9c22d93c8c988c93c0c5491219d6cfec,fits/301acd8c55af67c9cb91a98e/fit.json,c350246bd97bf913dba6c31d52aa404d35d766d0fbfe3a1cd7a9a7f6141d511b,
qwen/B25_23/L01/repair/fold=3,qwen,1,23,3,imported_valid_without_refit,True,b25581ca9c22d93c8c988c93c0c5491219d6cfec,fits/63eaa9a13428b4ce0cc32855/fit.json,c1a5fdc56376279d39fa22392108cbeff2c07c0a881d724d894e6b774e1f05e0,
qwen/B25_23/L01/repair/fold=4,qwen,1,23,4,imported_valid_without_refit,True,b25581ca9c22d93c8c988c93c0c5491219d6cfec,fits/6319ea45a60921b4e8e9b2aa/fit.json,e8ac64b2a67d97b930d6e80b2bb8ee85622e8a5382888fedcd430e85caf1e24b,
qwen/B25_37/L01/repair/fold=0,qwen,1,37,0,imported_valid_without_refit,True,b25581ca9c22d93c8c988c93c0c5491219d6cfec,fits/4159a3a154e3a61237fb3c66/fit.json,8eb605b15f587fc221d92330875d0109ffe3ec390b2c190f4aec444a48dadfe0,
qwen/B25_37/L01/repair/fold=1,qwen,1,37,1,imported_valid_without_refit,True,b25581ca9c22d93c8c988c93c0c5491219d6cfec,fits/130dea2e29fbe438d5cccb4b/fit.json,484e318cb79051476a3796bcb52c00c4bb52f885dc54b4bfc7107bebb288287f,
qwen/B25_37/L01/repair/fold=2,qwen,1,37,2,imported_valid_without_refit,True,b25581ca9c22d93c8c988c93c0c5491219d6cfec,fits/0c6bb4fc133695c1da80766c/fit.json,f1788b27e6f2b35853e6a7390a3bad2a1a3134fae00c3c80f8f0f76679f37b04,
qwen/B25_37/L01/repair/fold=3,qwen,1,37,3,imported_valid_without_refit,True,b25581ca9c22d93c8c988c93c0c5491219d6cfec,fits/127a6cd5477f91267964a6f0/fit.json,7bd263a826acf3927740edd784915e677c97bdda438de2e1c4a3853ab1f6f4ae,
qwen/B25_37/L01/repair/fold=4,qwen,1,37,4,imported_valid_without_refit,True,b25581ca9c22d93c8c988c93c0c5491219d6cfec,fits/a3403e50407968edcdd5ccea/fit.json,629236f351e185e71f35b8cc2d56dfb6b244260eca2c40623bc02c46c36cfaf9,
qwen/B25_11/L02/repair/fold=0,qwen,2,11,0,imported_valid_without_refit,True,b25581ca9c22d93c8c988c93c0c5491219d6cfec,fits/96350959161ce70dd046de76/fit.json,e9137b29e60fc5e75f405aae82ef1915ae457bd973b45e2eaf80238a16a7ae80,
qwen/B25_11/L02/repair/fold=1,qwen,2,11,1,imported_valid_without_refit,True,b25581ca9c22d93c8c988c93c0c5491219d6cfec,fits/44b7519af622fe230f23b54e/fit.json,5dbbf0ec39b740853d18c2d626dc8c7f46e97b52a4235627ed2d23c1186b7dbe,
qwen/B25_11/L02/repair/fold=2,qwen,2,11,2,imported_valid_without_refit,True,b25581ca9c22d93c8c988c93c0c5491219d6cfec,fits/e6fdc951081d8904cf069e9d/fit.json,9b001a279b819e2679706d70934a5546c1b666745ebc163274afae8090f094db,
qwen/B25_11/L02/repair/fold=3,qwen,2,11,3,imported_valid_without_refit,True,b25581ca9c22d93c8c988c93c0c5491219d6cfec,fits/a863e83188b490aec95c946f/fit.json,09b4715e576db1c0d5285e75a37b842bc7ff78caf37d95b205a0aadf43e4541b,
qwen/B25_11/L02/repair/fold=4,qwen,2,11,4,imported_valid_without_refit,True,b25581ca9c22d93c8c988c93c0c5491219d6cfec,fits/2e7dab8cc2278d67480c530f/fit.json,b301570a1178bd7c0027379a4ce33b160e57709dfb82e2dec49406766f4440e9,
qwen/B25_23/L02/repair/fold=0,qwen,2,23,0,imported_valid_without_refit,True,b25581ca9c22d93c8c988c93c0c5491219d6cfec,fits/fd6d2c2a6ca0d684529dbfd8/fit.json,abd820f17c192e9713c5b8d2648118f76cde768749d64aaa0998563fdb9a06a2,
qwen/B25_23/L02/repair/fold=1,qwen,2,23,1,imported_valid_without_refit,True,b25581ca9c22d93c8c988c93c0c5491219d6cfec,fits/3c1061ef4789c4e279e5ba27/fit.json,2cffd3784f9ee16ce7d6d67ec3d20291669672d0ce3f4ee579c2666461bf8260,
qwen/B25_23/L02/repair/fold=2,qwen,2,23,2,imported_valid_without_refit,True,b25581ca9c22d93c8c988c93c0c5491219d6cfec,fits/f789b80dbac58f4da52e3bf4/fit.json,999ac40d9d9447e36137e53b35e5166689a419f0580023f3b371dcd05da4221b,
qwen/B25_23/L02/repair/fold=3,qwen,2,23,3,imported_valid_without_refit,True,b25581ca9c22d93c8c988c93c0c5491219d6cfec,fits/be0f3b8843582d7b86b48eec/fit.json,c7083e86adbb99a5d6481ce83e685ce90804b98756f2e430bae1921ae8c465fc,
qwen/B25_23/L02/repair/fold=4,qwen,2,23,4,imported_valid_without_refit,True,b25581ca9c22d93c8c988c93c0c5491219d6cfec,fits/edf09ef275f681fa5992f55f/fit.json,76ba3731f0500b370a91092bac140a63d55558251d0eb73bdf5c9ff3c2a6b06e,
qwen/B25_37/L02/repair/fold=0,qwen,2,37,0,imported_valid_without_refit,True,b25581ca9c22d93c8c988c93c0c5491219d6cfec,fits/b4d10b68bae38866aea140de/fit.json,4aae981f3ebbcd79af75e589bde2a55ba76f7f765dde6377fb2ed812627271d9,
qwen/B25_37/L02/repair/fold=1,qwen,2,37,1,imported_valid_without_refit,True,b25581ca9c22d93c8c988c93c0c5491219d6cfec,fits/733d8788f4bda5a046517253/fit.json,41370045762164abc7b0a91ef030318c26e768d2ab913228fb4a5ca7e4e904e1,
qwen/B25_37/L02/repair/fold=2,qwen,2,37,2,interrupted_original_fold_rerun,True,5e1bf47a457558cbc0735bd8f9f13ca029cbf3a4,fits/aa8dc4c8fbf8ade3eb29444b/fit.json,4fe12a3a6e023cc973b282dff20ec89f82007169bd4a68d857c9f67df2c9fccf,
qwen/B25_37/L02/repair/fold=3,qwen,2,37,3,new_successor_fit,True,5e1bf47a457558cbc0735bd8f9f13ca029cbf3a4,fits/167a54227dce560ff3fdaa75/fit.json,bd4ff6eac8c2fe9e0ef6a4c8ec3a11a4b33d0d34498da0c32cb2ea689aa36add,
qwen/B25_37/L02/repair/fold=4,qwen,2,37,4,new_successor_fit,True,5e1bf47a457558cbc0735bd8f9f13ca029cbf3a4,fits/5c5fb1ac779620d3a7e62236/fit.json,45eb57d83dbfb557ede3af15ad5bd22d51caac821c0ff6afd428f571629a6637,
qwen/B25_11/L03/repair/fold=0,qwen,3,11,0,new_successor_fit,True,5e1bf47a457558cbc0735bd8f9f13ca029cbf3a4,fits/f60fbd6ddaf41802ad997dd6/fit.json,d1e267d510d27ff9f3829d247e3b0bad452ef1204b0d85b8c80361268a99a823,
qwen/B25_11/L03/repair/fold=1,qwen,3,11,1,new_successor_fit,True,5e1bf47a457558cbc0735bd8f9f13ca029cbf3a4,fits/6e1108a1a217eb2161b59ac2/fit.json,3cb3c863c8fb702ca037e66f0d4e9e9e7874dba2cf3fde91ed6f0e4061f06df7,
qwen/B25_11/L03/repair/fold=2,qwen,3,11,2,new_successor_fit,True,5e1bf47a457558cbc0735bd8f9f13ca029cbf3a4,fits/6f05931f7c1d361f9f7731c6/fit.json,9701febd7e8864c1f4eb805bc98cbbeb92ec351e401cc2a793dfea826384bf2a,
qwen/B25_11/L03/repair/fold=3,qwen,3,11,3,new_successor_fit,True,5e1bf47a457558cbc0735bd8f9f13ca029cbf3a4,fits/89b4ff7f01d088905bd50909/fit.json,8a6986adbbf63b2ffd47cfc2288c36cf3829ae384fca368de933bc239c6441ab,
qwen/B25_11/L03/repair/fold=4,qwen,3,11,4,new_successor_fit,True,5e1bf47a457558cbc0735bd8f9f13ca029cbf3a4,fits/602cd76f5126eb7ee512b0c7/fit.json,4d90b687bc2186912a364590655ed25a19f62860176edbe01663f60cb382ed33,
qwen/B25_23/L03/repair/fold=0,qwen,3,23,0,new_successor_fit,True,5e1bf47a457558cbc0735bd8f9f13ca029cbf3a4,fits/df553a7cfee7d99bc90f19bf/fit.json,ff06c09a890a4713957cd6f89238311d7b4dbb1437152f8ea3a5a71f3d8a1bbb,
qwen/B25_23/L03/repair/fold=1,qwen,3,23,1,new_successor_fit,True,5e1bf47a457558cbc0735bd8f9f13ca029cbf3a4,fits/6a70ae8bc6d2d4f2825cd852/fit.json,6369167d84da207a58837abbbe65f6e62d0e5e1378e3e79bb633207b944a7f73,
qwen/B25_23/L03/repair/fold=2,qwen,3,23,2,new_successor_fit,True,5e1bf47a457558cbc0735bd8f9f13ca029cbf3a4,fits/2f84b3e133463ebfbf618238/fit.json,e26ece485ca8ca206e82e179dde666860568784567bc2890df43c0053081036d,
qwen/B25_23/L03/repair/fold=3,qwen,3,23,3,new_successor_fit,True,5e1bf47a457558cbc0735bd8f9f13ca029cbf3a4,fits/9050a8710061e179fd3f2a19/fit.json,0d059452ae7f0953321c141353914330064f32f9e3792ef7ccda01ef31d5b734,
qwen/B25_23/L03/repair/fold=4,qwen,3,23,4,new_successor_fit,True,5e1bf47a457558cbc0735bd8f9f13ca029cbf3a4,fits/fb3dd46810ba158cc66e2013/fit.json,433b61a0decf1a2754af78e18903d6364740a480df99f83a1e6463c979ac7039,
qwen/B25_37/L03/repair/fold=0,qwen,3,37,0,new_successor_fit,True,5e1bf47a457558cbc0735bd8f9f13ca029cbf3a4,fits/a7a23026b78285627dacb958/fit.json,41d8942500808f2d74ce2174119d085167bef6a2e924dbc2031ba9ad563f6c51,
qwen/B25_37/L03/repair/fold=1,qwen,3,37,1,new_successor_fit,True,5e1bf47a457558cbc0735bd8f9f13ca029cbf3a4,fits/e9250533b7d3e286c7de229e/fit.json,10be08284f5bf6f422b6e244888ccf8ea768290fc61dca8aeebe6d391f0ee11d,
qwen/B25_37/L03/repair/fold=2,qwen,3,37,2,new_successor_fit,True,5e1bf47a457558cbc0735bd8f9f13ca029cbf3a4,fits/a50830dcef573c4b1e3e76e0/fit.json,1f118981d9f0677b4912e8358fb0aeaf5983dac965ddb779078670005ce6b52d,
qwen/B25_37/L03/repair/fold=3,qwen,3,37,3,new_successor_fit,True,5e1bf47a457558cbc0735bd8f9f13ca029cbf3a4,fits/b8d0cbd03eab4137d4b4ee34/fit.json,f50d8ed6c56dbbbdd882f7918ff0bdc2d2203f3de343b3f6f60ee73a64101f8c,
qwen/B25_37/L03/repair/fold=4,qwen,3,37,4,new_successor_fit,True,5e1bf47a457558cbc0735bd8f9f13ca029cbf3a4,fits/c7068001af0e4148508522e3/fit.json,e29cdc395c5e065f1fe7ec22bf4e461beb0496402abc45b810244bd51867484f,
qwen/B25_11/L04/repair/fold=0,qwen,4,11,0,new_successor_fit,True,5e1bf47a457558cbc0735bd8f9f13ca029cbf3a4,fits/3e3f1529dffe36d1f72d53b8/fit.json,15f776cf05991203be6b8216736b3c1684b5301edacd68a613594db23444d0c2,
qwen/B25_11/L04/repair/fold=1,qwen,4,11,1,new_successor_fit,True,5e1bf47a457558cbc0735bd8f9f13ca029cbf3a4,fits/54a13cb703e11118e5f18e69/fit.json,8d606575ca60c44119d4d35e9cf51caf32c21b2bb0bb8d61bdf2eb9b6e7ec599,
qwen/B25_11/L04/repair/fold=2,qwen,4,11,2,new_successor_fit,True,5e1bf47a457558cbc0735bd8f9f13ca029cbf3a4,fits/133203346516e18d22962773/fit.json,ecced288d9afb3051da01b4e0abf3adf6279bcbe9c6f410a99d94b5fc1c8bfeb,
qwen/B25_11/L04/repair/fold=3,qwen,4,11,3,new_successor_fit,True,5e1bf47a457558cbc0735bd8f9f13ca029cbf3a4,fits/34c3462ca94f47258fbcb3f8/fit.json,8a17e0a11996acc1f2d3029b8d14dfcf986336952ab5dedddb8d4432dbad4c56,
qwen/B25_11/L04/repair/fold=4,qwen,4,11,4,new_successor_fit,True,5e1bf47a457558cbc0735bd8f9f13ca029cbf3a4,fits/f2b156f960159e58adc77757/fit.json,6417530766bb452835fbd57c4a1248b2b00853ff4b0b9d0d07f2f5c6b336222b,
qwen/B25_23/L04/repair/fold=0,qwen,4,23,0,new_successor_fit,True,5e1bf47a457558cbc0735bd8f9f13ca029cbf3a4,fits/377819ded90f9bcafc3e583d/fit.json,5032ae0d7177db7843f2c3fc2170ae615d52fc731a3a447f7e6e64a8b5cee5c9,
qwen/B25_23/L04/repair/fold=1,qwen,4,23,1,new_successor_fit,True,5e1bf47a457558cbc0735bd8f9f13ca029cbf3a4,fits/1bae976d272fe49bd6ee6ca0/fit.json,8adbca9375d0db1df315b00745558849fb3f1888fb105a097801fee7908b2481,
qwen/B25_23/L04/repair/fold=2,qwen,4,23,2,new_successor_fit,True,5e1bf47a457558cbc0735bd8f9f13ca029cbf3a4,fits/9ca32a3d6126034d63c737aa/fit.json,397ccfba7818ae1f71446239b207b8772abc01fd11d46ad46ead95aeb5e3fb55,
qwen/B25_23/L04/repair/fold=3,qwen,4,23,3,new_successor_fit,True,5e1bf47a457558cbc0735bd8f9f13ca029cbf3a4,fits/ae00f7e73e9f8e2c916d9167/fit.json,14dc1caf2fa79720bb2a729e0afa6813cdd19575a159192d44042dc65d2fa3c0,
qwen/B25_23/L04/repair/fold=4,qwen,4,23,4,new_successor_fit,True,5e1bf47a457558cbc0735bd8f9f13ca029cbf3a4,fits/324b1f470cf61c55fc4e2692/fit.json,e9efc798c6e242a7f0a95f5ea9d83cbe1493bb5fb7c409df90f0b5a820f0bd4e,
qwen/B25_37/L04/repair/fold=0,qwen,4,37,0,new_successor_fit,True,5e1bf47a457558cbc0735bd8f9f13ca029cbf3a4,fits/c0212211830232e4e0febc21/fit.json,24bf6abea50d9f556f92ed503e7ead5af9e2809614689855a04ab30b24a8da0c,
qwen/B25_37/L04/repair/fold=1,qwen,4,37,1,new_successor_fit,True,5e1bf47a457558cbc0735bd8f9f13ca029cbf3a4,fits/6c98f71bbde2897d04bbd7f3/fit.json,2f3aacef1022ab7e17a5760af3b05d2bad2305172d5bdada9f9ad925050e1edb,
qwen/B25_37/L04/repair/fold=2,qwen,4,37,2,new_successor_fit,True,5e1bf47a457558cbc0735bd8f9f13ca029cbf3a4,fits/2e1be6ef8d5e3f7b30c24c13/fit.json,6f5f408cf3fd5a2512905b6cf63af1b71c1bd3b173d8e556c46246528129b4b3,
qwen/B25_37/L04/repair/fold=3,qwen,4,37,3,new_successor_fit,True,5e1bf47a457558cbc0735bd8f9f13ca029cbf3a4,fits/f365d9964c879f980d6bfcaf/fit.json,aeaf13faf834de36e6f65764740d2cde6de6f1b4b1fcbceee32fd445f0ecf402,
qwen/B25_37/L04/repair/fold=4,qwen,4,37,4,new_successor_fit,True,5e1bf47a457558cbc0735bd8f9f13ca029cbf3a4,fits/8c4ad3da976016f4d3690d19/fit.json,10e784a96eb2b1abcad37a4349c734e79d9c8c7ace6e5bd1a0d789b6efaa9ef6,
qwen/B25_11/L05/repair/fold=0,qwen,5,11,0,new_successor_fit,True,5e1bf47a457558cbc0735bd8f9f13ca029cbf3a4,fits/7efccbeccfc620222b380995/fit.json,8615488ba4ddba218a27d7f119241929cb4d3bb25a84a2987bcf1c880bb16c06,
qwen/B25_11/L05/repair/fold=1,qwen,5,11,1,new_successor_fit,True,5e1bf47a457558cbc0735bd8f9f13ca029cbf3a4,fits/7ee0c887131b1f02cc054ee5/fit.json,41090681d1961b4f487030176d7fbabd6b33f94fff4763a865729bf98c59fc6c,
qwen/B25_11/L05/repair/fold=2,qwen,5,11,2,new_successor_fit,True,5e1bf47a457558cbc0735bd8f9f13ca029cbf3a4,fits/23ef9aa07d91696ecd08eb4a/fit.json,9efa4268c80c06b1fb0f7aed1a03a8dafa9d33c93ac8db0acde84fa0554f6acf,
qwen/B25_11/L05/repair/fold=3,qwen,5,11,3,new_successor_fit,True,5e1bf47a457558cbc0735bd8f9f13ca029cbf3a4,fits/95161eb3417a9e9fdd79a939/fit.json,b0273fe9cb34719ad1fe0ada360820f65ccbdbebf4260381b8f2d8a8997a96bb,
qwen/B25_11/L05/repair/fold=4,qwen,5,11,4,new_successor_fit,True,5e1bf47a457558cbc0735bd8f9f13ca029cbf3a4,fits/af0a201595cfcf3cfe917bb3/fit.json,ab6e43b710ac0ec2f42fa7f908cdec6d0d00daae4b72fc9a320c6a11216451f6,
qwen/B25_23/L05/repair/fold=0,qwen,5,23,0,new_successor_fit,True,5e1bf47a457558cbc0735bd8f9f13ca029cbf3a4,fits/97fbfa26e0dbddadbcd20464/fit.json,9c7a1feb94b26c271d29e9b3b9b8c8e5ddf6d13bef934bc9c91563de58e5e22d,
qwen/B25_23/L05/repair/fold=1,qwen,5,23,1,new_successor_fit,True,5e1bf47a457558cbc0735bd8f9f13ca029cbf3a4,fits/33b371a1c1dcf40d9e0fdd43/fit.json,57d3403a8b3dbb93ef3ae9951955ec3386b472998d5637594af430055c268c68,
qwen/B25_23/L05/repair/fold=2,qwen,5,23,2,new_successor_fit,True,5e1bf47a457558cbc0735bd8f9f13ca029cbf3a4,fits/2c4c6a683a0a032c7613f1ea/fit.json,4de212b1e71deb9556f0b0a87112ee144eb3a0169e7f45509bb509100a9ea7a3,
qwen/B25_23/L05/repair/fold=3,qwen,5,23,3,new_successor_fit,True,5e1bf47a457558cbc0735bd8f9f13ca029cbf3a4,fits/30ef5d66ae0358a70e067f66/fit.json,ed69547cead65753265e475a2f82a80a6d8ef69a5ae10d0149508f8fb06ba6e3,
qwen/B25_23/L05/repair/fold=4,qwen,5,23,4,new_successor_fit,True,5e1bf47a457558cbc0735bd8f9f13ca029cbf3a4,fits/2bc24a710ce6b58ae821ee52/fit.json,8076fe5dcf04a3b5b7260c4c6c4cf2a2050a839a80e3ed8775be8720947043d0,
qwen/B25_37/L05/repair/fold=0,qwen,5,37,0,new_successor_fit,True,5e1bf47a457558cbc0735bd8f9f13ca029cbf3a4,fits/5c237b467016e33a42e30fe1/fit.json,003c02295c0d511ae5f89a6a8745151af77810670320cbb995b8015a93838714,
qwen/B25_37/L05/repair/fold=1,qwen,5,37,1,new_successor_fit,True,5e1bf47a457558cbc0735bd8f9f13ca029cbf3a4,fits/2866ff1d97240c56c2f6cf08/fit.json,d4d9b92b7f86c7d7055f5974c4706e44ee803fbc11814b4b054689d1c48dedcf,
qwen/B25_37/L05/repair/fold=2,qwen,5,37,2,new_successor_fit,True,5e1bf47a457558cbc0735bd8f9f13ca029cbf3a4,fits/0132621f001ee982d3063a76/fit.json,1b68387a3877b6c5b6b3aef684a096bf93e8c8e6427befa9c45ff233d73a6800,
qwen/B25_37/L05/repair/fold=3,qwen,5,37,3,new_successor_fit,True,5e1bf47a457558cbc0735bd8f9f13ca029cbf3a4,fits/76c2432a22ffb8405a5f16cd/fit.json,91727892816931d7ffbcfbd5a064ceb5695305e47afd3139c258246e7beed01f,
qwen/B25_37/L05/repair/fold=4,qwen,5,37,4,new_successor_fit,True,5e1bf47a457558cbc0735bd8f9f13ca029cbf3a4,fits/bb716d0762333a7831849bb8/fit.json,d6036abaadc627c5526d80efba33ccb59c40459ab7daa0b22d25f2d17c3343e8,
qwen/B25_11/L06/repair/fold=0,qwen,6,11,0,new_successor_fit,True,5e1bf47a457558cbc0735bd8f9f13ca029cbf3a4,fits/c0f4ce113e8422c1eee61169/fit.json,b27deb06ec75d0d3d0f971f9e54d97b04c39da3f78ce106bf6faebf43fe160d9,
qwen/B25_11/L06/repair/fold=1,qwen,6,11,1,new_successor_fit,True,5e1bf47a457558cbc0735bd8f9f13ca029cbf3a4,fits/aa1c861c1a312d147d3dc2f9/fit.json,aec793c3ff0225e6f8329fa131d023c4e4ec05cd7b3461af7a5b9dd8e5706579,
qwen/B25_11/L06/repair/fold=2,qwen,6,11,2,new_successor_fit,True,5e1bf47a457558cbc0735bd8f9f13ca029cbf3a4,fits/7fe4c5c840bf90c9b5682e44/fit.json,8551e5074a382ba8462e7016e42d2ac948a21a88b122018f8c0b9aa1126dcdf8,
qwen/B25_11/L06/repair/fold=3,qwen,6,11,3,new_successor_fit,True,5e1bf47a457558cbc0735bd8f9f13ca029cbf3a4,fits/1216817aac52a8b252e2dd48/fit.json,b7048167c215f47533239797cc1c89b23104d1ad68563faa254b2afc5f3f6bf1,
qwen/B25_11/L06/repair/fold=4,qwen,6,11,4,new_successor_fit,True,5e1bf47a457558cbc0735bd8f9f13ca029cbf3a4,fits/cf787417ba6514121fd8e9c7/fit.json,3a25b059327b03363769c84ff1e8be2fd7917761af099de143903d2d4abf7af2,
qwen/B25_23/L06/repair/fold=0,qwen,6,23,0,new_successor_fit,True,5e1bf47a457558cbc0735bd8f9f13ca029cbf3a4,fits/994e7a6bcda5ea7b245a064a/fit.json,21e5cc7e9222e5653d87b3a9904a3f390a032bc5802a7655247483063573d1d5,
qwen/B25_23/L06/repair/fold=1,qwen,6,23,1,new_successor_fit,True,5e1bf47a457558cbc0735bd8f9f13ca029cbf3a4,fits/4411bd4c6e9bf3f94d4e7d65/fit.json,a67b51ebcddceb2190eff4ca54be765cd355d8f73f1e0b54271e32d7103bb172,
qwen/B25_23/L06/repair/fold=2,qwen,6,23,2,new_successor_fit,True,5e1bf47a457558cbc0735bd8f9f13ca029cbf3a4,fits/cfc42d799634c8b689add73b/fit.json,6846012fe682b75be12946481ffbbfbad8598b8ad491bd68bb58ca9f0a6e1722,
qwen/B25_23/L06/repair/fold=3,qwen,6,23,3,new_successor_fit,True,5e1bf47a457558cbc0735bd8f9f13ca029cbf3a4,fits/869153677af88b234e207ca4/fit.json,1e761cfa89c898fbf9685e1bfe6d8806105c721a264ae539fcd2ef0224c32cb9,
qwen/B25_23/L06/repair/fold=4,qwen,6,23,4,new_successor_fit,True,5e1bf47a457558cbc0735bd8f9f13ca029cbf3a4,fits/868ecaaeb35b13f904d25b0b/fit.json,ef953d4f489bd54e108a94f2cb5440806a3af5493675dd28b72ee3481f704b25,
qwen/B25_37/L06/repair/fold=0,qwen,6,37,0,new_successor_fit,True,5e1bf47a457558cbc0735bd8f9f13ca029cbf3a4,fits/fd84f010d2678ed61f14d021/fit.json,a9c5b16436b5f3abc90febe2b75feae62d3dc90c5b21788066094c62a80a3a32,
qwen/B25_37/L06/repair/fold=1,qwen,6,37,1,new_successor_fit,True,5e1bf47a457558cbc0735bd8f9f13ca029cbf3a4,fits/e334c7832bebb94155a097a2/fit.json,151e988710da4a304f561df17dbdfa59738147cebc68b16220e131cd4796561b,
qwen/B25_37/L06/repair/fold=2,qwen,6,37,2,new_successor_fit,True,5e1bf47a457558cbc0735bd8f9f13ca029cbf3a4,fits/a1b0a9a75aaa2d831865be46/fit.json,bc2f8c6ef4bfbdd8a2ab1242ab22a3f98ba934f4073e518b45f4f6a6f7704a8a,
qwen/B25_37/L06/repair/fold=3,qwen,6,37,3,new_successor_fit,True,5e1bf47a457558cbc0735bd8f9f13ca029cbf3a4,fits/7115e6ea24d1f2dc69f046ee/fit.json,d70c91d48c111d4d2f820976da77bb13e102d1c2d56af02755f0ee90809ca25e,
qwen/B25_37/L06/repair/fold=4,qwen,6,37,4,new_successor_fit,True,5e1bf47a457558cbc0735bd8f9f13ca029cbf3a4,fits/726c6665eea89fb34f8ac7fa/fit.json,9b80f7be9197454f7636d8e41bd287e0243748c766a45b8462bcf16e0eb619fb,
qwen/B25_11/L07/repair/fold=0,qwen,7,11,0,new_successor_fit,True,5e1bf47a457558cbc0735bd8f9f13ca029cbf3a4,fits/1bd94034d0fa47c4d780bb0d/fit.json,355b8df11bab169635fb9f0a0ead92d39111d013f2192973e792f7c659cc5e2e,
qwen/B25_11/L07/repair/fold=1,qwen,7,11,1,new_successor_fit,True,5e1bf47a457558cbc0735bd8f9f13ca029cbf3a4,fits/acf24737369159867b93e211/fit.json,eb1710586f64820094b18efa4f057ef0d895d29c9b5d1e6bddc30f15c7558bf7,
qwen/B25_11/L07/repair/fold=2,qwen,7,11,2,new_successor_fit,True,5e1bf47a457558cbc0735bd8f9f13ca029cbf3a4,fits/d6bdea9534437d05a820fba8/fit.json,6e1d708671c604de2c99f4e284b34f6dbcb1ce2a6353c4e9b61a7873267d4b2a,
qwen/B25_11/L07/repair/fold=3,qwen,7,11,3,new_successor_fit,True,5e1bf47a457558cbc0735bd8f9f13ca029cbf3a4,fits/fa763d97928cbf07d45ebe6f/fit.json,9c7a5c38042c0432b22b0b49b0c7db1c52e43a5b419fd01de6fd99dc1a5be8ae,
qwen/B25_11/L07/repair/fold=4,qwen,7,11,4,new_successor_fit,True,5e1bf47a457558cbc0735bd8f9f13ca029cbf3a4,fits/0f57ffefdd5bd481ad58e4c7/fit.json,1b7c84a06130e770947ab90f3358f1f66009ca616d0a0c5e940360067f2cc73b,
qwen/B25_23/L07/repair/fold=0,qwen,7,23,0,new_successor_fit,True,5e1bf47a457558cbc0735bd8f9f13ca029cbf3a4,fits/d2b787204a438319c48fcf90/fit.json,b731821fd7ee1d484560f19b50b41087011f4f7010737e1c228745aac014464c,
qwen/B25_23/L07/repair/fold=1,qwen,7,23,1,new_successor_fit,True,5e1bf47a457558cbc0735bd8f9f13ca029cbf3a4,fits/5034c2a9b63f6941f8e8b304/fit.json,174eea02d38890a8e9529056030ae14203f1e2df2a8f882e1802551f4885a99b,
qwen/B25_23/L07/repair/fold=2,qwen,7,23,2,new_successor_fit,True,5e1bf47a457558cbc0735bd8f9f13ca029cbf3a4,fits/306d41dbf4252a16cc9dc062/fit.json,096dcb58d7ec199d09d8f04bcc6f8763db8a3390406a84f9f38a0363bf15ec5f,
qwen/B25_23/L07/repair/fold=3,qwen,7,23,3,new_successor_fit,True,5e1bf47a457558cbc0735bd8f9f13ca029cbf3a4,fits/c3408cf75f5a294b8204fe3b/fit.json,9711d79a63c6da3eb9c1ffce9c6bae2126de19d9de7c004bafa6ae2cefdfb4fa,
qwen/B25_23/L07/repair/fold=4,qwen,7,23,4,new_successor_fit,True,5e1bf47a457558cbc0735bd8f9f13ca029cbf3a4,fits/0a06d404068758beb24b53d7/fit.json,53362acc2a72a25899ee97709a953bc344292c217bd7084fbaa552ac324bf592,
qwen/B25_37/L07/repair/fold=0,qwen,7,37,0,new_successor_fit,True,5e1bf47a457558cbc0735bd8f9f13ca029cbf3a4,fits/5cd434f6762fc1c9acccf820/fit.json,ca475551b31a26a413c6fe2881e71a197b777fe25962b2e18d815ff15c7fd571,
qwen/B25_37/L07/repair/fold=1,qwen,7,37,1,new_successor_fit,True,5e1bf47a457558cbc0735bd8f9f13ca029cbf3a4,fits/082667c11224f848ad0acbd5/fit.json,6491ea5f54de1ee67134d2d7a7987bc37228b032ff123ec8e83082c2bdef9906,
qwen/B25_37/L07/repair/fold=2,qwen,7,37,2,new_successor_fit,True,5e1bf47a457558cbc0735bd8f9f13ca029cbf3a4,fits/a7fd8bcfc97c47569b46dbb0/fit.json,c24bb2f55bcce4c87804f960a1111a45ed0fb93897d7d12ae9713c7f047bcf99,
qwen/B25_37/L07/repair/fold=3,qwen,7,37,3,new_successor_fit,True,5e1bf47a457558cbc0735bd8f9f13ca029cbf3a4,fits/aa7c1ab826f91671e0dcf1c3/fit.json,f6dfacc909a12c6cde7d0e1821f35842c19f4fd99b34767b98c1742feff39ab2,
qwen/B25_37/L07/repair/fold=4,qwen,7,37,4,new_successor_fit,True,5e1bf47a457558cbc0735bd8f9f13ca029cbf3a4,fits/116345a96b281a5b38945100/fit.json,55f363c347ebc5ae36d639fd5fb95b04a262713ee540450c92039b5da588ebd6,
qwen/B25_11/L08/repair/fold=0,qwen,8,11,0,new_successor_fit,True,5e1bf47a457558cbc0735bd8f9f13ca029cbf3a4,fits/524e3e7620d746f731847913/fit.json,c36f023d8c5ba6cbb4d7810cc944199591196eda28927d30fab94806c84f2f1c,
qwen/B25_11/L08/repair/fold=1,qwen,8,11,1,new_successor_fit,True,5e1bf47a457558cbc0735bd8f9f13ca029cbf3a4,fits/6e7678f71d38a503f389d5f2/fit.json,c3feeb062301d23a01313124c0085b6518feef41a575e13a2ce411b6599fba7c,
qwen/B25_11/L08/repair/fold=2,qwen,8,11,2,new_successor_fit,True,5e1bf47a457558cbc0735bd8f9f13ca029cbf3a4,fits/d08ba531ada42761c8d8a11b/fit.json,1e596425a07f4cfd288b288dbbc4d6f2a8c508bb62de2a2c95c0d56c58b69086,
qwen/B25_11/L08/repair/fold=3,qwen,8,11,3,new_successor_fit,True,5e1bf47a457558cbc0735bd8f9f13ca029cbf3a4,fits/0e0ea0a9376982aa839e5877/fit.json,e2132d02a8d9b24319f26d81a04d7d11235f1d55032b9719aa083075caeafb01,
qwen/B25_11/L08/repair/fold=4,qwen,8,11,4,new_successor_fit,True,5e1bf47a457558cbc0735bd8f9f13ca029cbf3a4,fits/45f348a447d22e9ab2c0725d/fit.json,fb98a29c1e7505579e8070b2eec7a7b59d91423b5367aedc46dd46d398eae2c1,
qwen/B25_23/L08/repair/fold=0,qwen,8,23,0,new_successor_fit,True,5e1bf47a457558cbc0735bd8f9f13ca029cbf3a4,fits/cf5e642b437e773d7bcbd100/fit.json,0089299b282879e1cf5599625bd057f2056b0f42304d19fba2fd62750dde012a,
qwen/B25_23/L08/repair/fold=1,qwen,8,23,1,new_successor_fit,True,5e1bf47a457558cbc0735bd8f9f13ca029cbf3a4,fits/c75e0acccd2d81ab9c1b18fe/fit.json,089815bf036b7cea1bd7b29bff95ac525b41f084ac607e68f1c9f47166170b8c,
qwen/B25_23/L08/repair/fold=2,qwen,8,23,2,new_successor_fit,True,5e1bf47a457558cbc0735bd8f9f13ca029cbf3a4,fits/c0fc2f65c6acf827ffe51b23/fit.json,e7491635f49abf52a6885f2e2bf5685401eb09261e70e7f34b54a223bfd2819e,
qwen/B25_23/L08/repair/fold=3,qwen,8,23,3,new_successor_fit,True,5e1bf47a457558cbc0735bd8f9f13ca029cbf3a4,fits/098ee4875b866b64eecfb516/fit.json,c18e86032e4263bd993e2bcedb17d48ec692b583362ff0ef3c255b23624362bb,
qwen/B25_23/L08/repair/fold=4,qwen,8,23,4,new_successor_fit,True,5e1bf47a457558cbc0735bd8f9f13ca029cbf3a4,fits/4f8e8e5d2b4eda24d51eaa34/fit.json,3b829046d1eedc92456189d0beacf2fc01c23df6ab4ad0968ac835f50182a565,
qwen/B25_37/L08/repair/fold=0,qwen,8,37,0,new_successor_fit,True,5e1bf47a457558cbc0735bd8f9f13ca029cbf3a4,fits/6f6d62c4f9ef0d75dc91dda4/fit.json,45b1d7f76634757cdf1ec95015f103f6ea1dbb256fd38a9cd6590860d44d89d2,
qwen/B25_37/L08/repair/fold=1,qwen,8,37,1,new_successor_fit,True,5e1bf47a457558cbc0735bd8f9f13ca029cbf3a4,fits/83542426b16070067aac4a26/fit.json,2b5910bff525c63c0de189c8392081ba916023af716eacad7c34327154171a9a,
qwen/B25_37/L08/repair/fold=2,qwen,8,37,2,new_successor_fit,True,5e1bf47a457558cbc0735bd8f9f13ca029cbf3a4,fits/1ec8b9e168ece44ffae5b8bd/fit.json,ec958f523ad4910999bba7133f33f91ec9b87c582be18c4af1b4c18ffd4b42b3,
qwen/B25_37/L08/repair/fold=3,qwen,8,37,3,new_successor_fit,True,5e1bf47a457558cbc0735bd8f9f13ca029cbf3a4,fits/954c69a53f3619f97de71a55/fit.json,687d2a095c45570887f4cef0d986869665f7a49471c14936299aef42232ad03a,
qwen/B25_37/L08/repair/fold=4,qwen,8,37,4,new_successor_fit,True,5e1bf47a457558cbc0735bd8f9f13ca029cbf3a4,fits/2a0e6b1997c5a570e3841699/fit.json,0c0a1a09c8c2a74f4f3d9a903804daf55322b0591b7aad8d52f96994689adfb2,
qwen/B25_11/L09/repair/fold=0,qwen,9,11,0,new_successor_fit,True,5e1bf47a457558cbc0735bd8f9f13ca029cbf3a4,fits/8f4781bcbd405f86925855a4/fit.json,2f731299ce1b216e501e0eda338095c8d2a6062a576f94d2e22f277b25820d2a,
qwen/B25_11/L09/repair/fold=1,qwen,9,11,1,new_successor_fit,True,5e1bf47a457558cbc0735bd8f9f13ca029cbf3a4,fits/34748f36f10529b046dcba09/fit.json,19ec4876d6559797a1f7591433ac63d2f0b97e2c9b64b919bc28c808b082fd3b,
qwen/B25_11/L09/repair/fold=2,qwen,9,11,2,new_successor_fit,True,5e1bf47a457558cbc0735bd8f9f13ca029cbf3a4,fits/0cd24b7eff78ab91be3f3218/fit.json,842fde7cd9a78447d99fd16a7faa34ee85d8b7a9a26de706d1639ee2b201d7c6,
qwen/B25_11/L09/repair/fold=3,qwen,9,11,3,new_successor_fit,True,5e1bf47a457558cbc0735bd8f9f13ca029cbf3a4,fits/1885bd9e85f5336204c73935/fit.json,2799bf892f554997de446a971b6c215fa8596522430be8dabe0ae9a907dc683b,
qwen/B25_11/L09/repair/fold=4,qwen,9,11,4,new_successor_fit,True,5e1bf47a457558cbc0735bd8f9f13ca029cbf3a4,fits/4d3aa7e964c0354c16d617cd/fit.json,907c3ab50ba595904ca8ec3415ef3666e47cc2db2bcd7cb0cfa0196fbe8bcdac,
qwen/B25_23/L09/repair/fold=0,qwen,9,23,0,new_successor_fit,True,5e1bf47a457558cbc0735bd8f9f13ca029cbf3a4,fits/771a3d6bc01ed82345513aab/fit.json,0bd4b1c0ba9e4610b9084459925a4db0ce1cda79d302971265b4d84e7d82a454,
qwen/B25_23/L09/repair/fold=1,qwen,9,23,1,new_successor_fit,True,5e1bf47a457558cbc0735bd8f9f13ca029cbf3a4,fits/caa5dfe112bc33567557208d/fit.json,2d6959a4f1948db2c23e7eebf48eb5727bffab821621e3645b2e42cd14bdd8e5,
qwen/B25_23/L09/repair/fold=2,qwen,9,23,2,new_successor_fit,True,5e1bf47a457558cbc0735bd8f9f13ca029cbf3a4,fits/e7a745bd7a117e9e01bfa086/fit.json,91f72619d8089711d75cbac7d26290c1c5b7fb4287aafa54deab7c47ed4be525,
qwen/B25_23/L09/repair/fold=3,qwen,9,23,3,new_successor_fit,True,5e1bf47a457558cbc0735bd8f9f13ca029cbf3a4,fits/6782f0bbbf00a70e7f2cb5e5/fit.json,acd987ac8825d42dc3de76334cb034456ba6e42181e61b6f1984c181fe51bb09,
qwen/B25_23/L09/repair/fold=4,qwen,9,23,4,new_successor_fit,True,5e1bf47a457558cbc0735bd8f9f13ca029cbf3a4,fits/54dd9250b8dfc2abd4b702f7/fit.json,0c459a5cd96433e1ebcef941578d426b162c4bb78582a3c0fc05ab341a00238e,
qwen/B25_37/L09/repair/fold=0,qwen,9,37,0,new_successor_fit,True,5e1bf47a457558cbc0735bd8f9f13ca029cbf3a4,fits/62c8bca0b8685e3beb79118e/fit.json,56d98e8df747c72fbeb2d8e5d0176170e399b18b76702a92701a9be6dcdcb014,
qwen/B25_37/L09/repair/fold=1,qwen,9,37,1,new_successor_fit,True,5e1bf47a457558cbc0735bd8f9f13ca029cbf3a4,fits/e61b36344879f325d74b4e55/fit.json,99a12a3803f07d3b6367e2ea7049eb8688c80d17e5b6772204e0021c6728e17b,
qwen/B25_37/L09/repair/fold=2,qwen,9,37,2,new_successor_fit,True,5e1bf47a457558cbc0735bd8f9f13ca029cbf3a4,fits/a7afb554600944abcb51782b/fit.json,6cd56592b25e6d6012d5f1220fb31ca4249b8c2e1c698c62719e7c27cf75e6b9,
qwen/B25_37/L09/repair/fold=3,qwen,9,37,3,new_successor_fit,True,5e1bf47a457558cbc0735bd8f9f13ca029cbf3a4,fits/86700acd1f76636b75c63461/fit.json,f9f74bfbf464a2c95b2c6a515fc2d36b28b46e1394e06c53ec2d4c0de4f6d66e,
qwen/B25_37/L09/repair/fold=4,qwen,9,37,4,new_successor_fit,True,5e1bf47a457558cbc0735bd8f9f13ca029cbf3a4,fits/3bb7461c20574a1919e3b0dc/fit.json,c984df55147ab8ad801c0eded06ca16196993ed64d83f16c81732948751c386f,
qwen/B25_11/L10/repair/fold=0,qwen,10,11,0,new_successor_fit,True,5e1bf47a457558cbc0735bd8f9f13ca029cbf3a4,fits/2cc06d0953d24655dd41fb77/fit.json,428db47c6ab55c14a12d1e0b9c6e27e90f570cbc5f6231ae159a60d43c16a2e3,
qwen/B25_11/L10/repair/fold=1,qwen,10,11,1,new_successor_fit,True,5e1bf47a457558cbc0735bd8f9f13ca029cbf3a4,fits/e661448df82788cadebc7576/fit.json,47e71bb09064f8809e7009e32edbe551a0244377e789b2f114591c1a10f0958a,
qwen/B25_11/L10/repair/fold=2,qwen,10,11,2,new_successor_fit,True,5e1bf47a457558cbc0735bd8f9f13ca029cbf3a4,fits/1035f0824389f88e24b3aa64/fit.json,2545a749cd60a531101352157a28bcd56ce45032faeb7417ba54f40382993308,
qwen/B25_11/L10/repair/fold=3,qwen,10,11,3,new_successor_fit,True,5e1bf47a457558cbc0735bd8f9f13ca029cbf3a4,fits/e3d92a28ec964320102219e6/fit.json,7cc58b4131a893bb1b567848966c65ad7149623efce1dcbaba5f528c28e9684f,
qwen/B25_11/L10/repair/fold=4,qwen,10,11,4,new_successor_fit,True,5e1bf47a457558cbc0735bd8f9f13ca029cbf3a4,fits/144ce50c892477cf5f311f1d/fit.json,d0d25f4aa70901dc49e56eb25bcbe1a3276ea7fe4afd6e39e54138a95f53dbc7,
qwen/B25_23/L10/repair/fold=0,qwen,10,23,0,new_successor_fit,True,5e1bf47a457558cbc0735bd8f9f13ca029cbf3a4,fits/8c69c96d9b6f9bd5ff4eeeff/fit.json,78d0a224556de8be854ba7add7736e5701339db89e74d93bb20e5112b2a7e9e6,
qwen/B25_23/L10/repair/fold=1,qwen,10,23,1,new_successor_fit,True,5e1bf47a457558cbc0735bd8f9f13ca029cbf3a4,fits/d61ae83a64449a7360db53f5/fit.json,3407400659e1457f99e7b6f67472bbb51682a1c05aa9613975a069304ebc44dd,
qwen/B25_23/L10/repair/fold=2,qwen,10,23,2,new_successor_fit,True,5e1bf47a457558cbc0735bd8f9f13ca029cbf3a4,fits/230638552c094dfc6bdd6cf2/fit.json,08cfa419190188a54410ac3023d1e48ef9db3e8df2a07eb54c114d68fa41f61e,
qwen/B25_23/L10/repair/fold=3,qwen,10,23,3,new_successor_fit,True,5e1bf47a457558cbc0735bd8f9f13ca029cbf3a4,fits/f777c0d8c0ed66f4f51f089a/fit.json,a6354a42302ced4b2cbda461f227113c34d3c5e21199a4a08ba43227a2034af1,
qwen/B25_23/L10/repair/fold=4,qwen,10,23,4,new_successor_fit,True,5e1bf47a457558cbc0735bd8f9f13ca029cbf3a4,fits/6e2991e23004c445f3894e4f/fit.json,ff70c5396d2550872d445af7dcd20c02ed3b9765fad955748762ed057d1ca1de,
qwen/B25_37/L10/repair/fold=0,qwen,10,37,0,new_successor_fit,True,5e1bf47a457558cbc0735bd8f9f13ca029cbf3a4,fits/e5f76229b79e4af48ca234f6/fit.json,6dfa1985cdfcb0377190dcc0c638e4a9ffc64e8954c6d6bee7d15b95c403224e,
qwen/B25_37/L10/repair/fold=1,qwen,10,37,1,new_successor_fit,True,5e1bf47a457558cbc0735bd8f9f13ca029cbf3a4,fits/7a5dba6552358dfe9b173432/fit.json,2802c60d432233d17934dcb98af2282db5279846593781e79005cd79e8cfd9e6,
qwen/B25_37/L10/repair/fold=2,qwen,10,37,2,new_successor_fit,True,5e1bf47a457558cbc0735bd8f9f13ca029cbf3a4,fits/6a933517215dfbe8a92e6437/fit.json,d44a3aa84603c97ade8b4792d17c6b42434ec36b2097c2654583d8d553431509,
qwen/B25_37/L10/repair/fold=3,qwen,10,37,3,new_successor_fit,True,5e1bf47a457558cbc0735bd8f9f13ca029cbf3a4,fits/5472a6d45aae19a7e6e79e40/fit.json,b4be6255ebb9e2352309d5591c6b34d8f7a7664871ce619beabb433a04a720ea,
qwen/B25_37/L10/repair/fold=4,qwen,10,37,4,new_successor_fit,True,5e1bf47a457558cbc0735bd8f9f13ca029cbf3a4,fits/8e868fa4cd7d28e9c3b4f095/fit.json,f1b3ff22844d4317b2e0c43f6596cd0bfbfa737f2f965f7981e3d6da722c3810,
qwen/B25_11/L11/repair/fold=0,qwen,11,11,0,new_successor_fit,True,5e1bf47a457558cbc0735bd8f9f13ca029cbf3a4,fits/776b969aa3a642bb45a2b749/fit.json,8cce9940ea024d849b805a9a0c8199e7668ab11978dfe5cbd014114c2fd6e4a4,
qwen/B25_11/L11/repair/fold=1,qwen,11,11,1,new_successor_fit,True,5e1bf47a457558cbc0735bd8f9f13ca029cbf3a4,fits/5a8988884bb89e720bfb4f44/fit.json,e2485efd58a7d0f712bc9d7e0e445b8e6fa26a40015e714fddc1c9f9b32931b3,
qwen/B25_11/L11/repair/fold=2,qwen,11,11,2,new_successor_fit,True,5e1bf47a457558cbc0735bd8f9f13ca029cbf3a4,fits/ed255d53d5cda1e232d9a9ec/fit.json,da5e70d876d2ea5ab41c4c3046a08501216983e6f7d125c30538571527e4986e,
qwen/B25_11/L11/repair/fold=3,qwen,11,11,3,new_successor_fit,True,5e1bf47a457558cbc0735bd8f9f13ca029cbf3a4,fits/b53c21e2481227f99a5181b9/fit.json,b43cf9c9e264b1c461e28f8ec596719251055bbb2315a809984be6e316a8a089,
qwen/B25_11/L11/repair/fold=4,qwen,11,11,4,new_successor_fit,True,5e1bf47a457558cbc0735bd8f9f13ca029cbf3a4,fits/d7378e6c047e9a88c17eb42d/fit.json,2d1657b77debb12e860bc0426a23e172c6f2421994963c84924c4ba191ed8435,
qwen/B25_23/L11/repair/fold=0,qwen,11,23,0,new_successor_fit,True,5e1bf47a457558cbc0735bd8f9f13ca029cbf3a4,fits/707cc6c518482438ca6c87a6/fit.json,58ed700697ec79b47dc748ccd2c9088cc3334035fbbd481ae80e4be69b486ffc,
qwen/B25_23/L11/repair/fold=1,qwen,11,23,1,new_successor_fit,True,5e1bf47a457558cbc0735bd8f9f13ca029cbf3a4,fits/64fe1a2df2efa8facb20dfa0/fit.json,b8ca9140ea1ffca0237901896cde065cd4fa0b6f08a0a033462a664696f8c02b,
qwen/B25_23/L11/repair/fold=2,qwen,11,23,2,new_successor_fit,True,5e1bf47a457558cbc0735bd8f9f13ca029cbf3a4,fits/c04e9f6ad7730d0d576b9bbd/fit.json,e262f691164b6b9e022b05dffe1f7dcbb9da83169006a967d2b8a70d943f8162,
qwen/B25_23/L11/repair/fold=3,qwen,11,23,3,new_successor_fit,True,5e1bf47a457558cbc0735bd8f9f13ca029cbf3a4,fits/eb2a3112945b246750578834/fit.json,aad7548b07ebb6189789d1740971f1eac4c66e2df09cb688f10239989e884144,
qwen/B25_23/L11/repair/fold=4,qwen,11,23,4,new_successor_fit,True,5e1bf47a457558cbc0735bd8f9f13ca029cbf3a4,fits/28353059331274405262ffb8/fit.json,ef9f1e8b65d02a1ac98316ff01fb746e76350cb90e394719806f11387e1d975d,
qwen/B25_37/L11/repair/fold=0,qwen,11,37,0,new_successor_fit,True,5e1bf47a457558cbc0735bd8f9f13ca029cbf3a4,fits/bd7c9f944d8e91ad38c8ccd5/fit.json,c860a80e8b07be672e6bc33f81d5dec0f647a2bac835d0d9d8a533b3438e8c58,
qwen/B25_37/L11/repair/fold=1,qwen,11,37,1,new_successor_fit,True,5e1bf47a457558cbc0735bd8f9f13ca029cbf3a4,fits/e58ac53cffb4d20cea1ebc77/fit.json,18433ce6e42f9e648192318bf9dfd03b950ebddf67d8aae309a42295a3eda0d1,
qwen/B25_37/L11/repair/fold=2,qwen,11,37,2,new_successor_fit,True,5e1bf47a457558cbc0735bd8f9f13ca029cbf3a4,fits/7f52eb7de3c6d214b5fd9e25/fit.json,9a94bedf7dff927315bc77094f0bf67104056557991c8fdc3f1dac3895b3c545,
qwen/B25_37/L11/repair/fold=3,qwen,11,37,3,new_successor_fit,True,5e1bf47a457558cbc0735bd8f9f13ca029cbf3a4,fits/9225ced1e60a68a674700055/fit.json,6436e45ad83bbb7d44343e6a12f27cf92a486e937e1c1b2acdf5f267090e9500,
qwen/B25_37/L11/repair/fold=4,qwen,11,37,4,new_successor_fit,True,5e1bf47a457558cbc0735bd8f9f13ca029cbf3a4,fits/993966ef6c4a53b64aaab3b6/fit.json,c8ee427a9e5ed5922afdffd70493eee6a03108c01a5917f91983eb17a0298eab,
qwen/B25_11/L12/repair/fold=0,qwen,12,11,0,new_successor_fit,True,5e1bf47a457558cbc0735bd8f9f13ca029cbf3a4,fits/568f571b85f561c8d7c45987/fit.json,612c31db978ae7e62c348580e1b82cce52609916302fefc7f303d3ebe47dc3ce,
qwen/B25_11/L12/repair/fold=1,qwen,12,11,1,new_successor_fit,True,5e1bf47a457558cbc0735bd8f9f13ca029cbf3a4,fits/67719058d8e6cdd6824cb7fd/fit.json,9434bd6db46aae00ee88e47af2ebd52c98acb19be7cfd961056ecda4202e9a12,
qwen/B25_11/L12/repair/fold=2,qwen,12,11,2,new_successor_fit,True,5e1bf47a457558cbc0735bd8f9f13ca029cbf3a4,fits/76cd0e6c18d223dd1b6d4a08/fit.json,4dc547284fd3d33ea03dc28c87e7d1a38403b60ee416e6170c98ca7ee6688db7,
qwen/B25_11/L12/repair/fold=3,qwen,12,11,3,new_successor_fit,True,5e1bf47a457558cbc0735bd8f9f13ca029cbf3a4,fits/dbd13e2421c5fb39f8bd123e/fit.json,2585388360221983c72504066015cd56853a179235e12cf520accbb6cb50e609,
qwen/B25_11/L12/repair/fold=4,qwen,12,11,4,new_successor_fit,True,5e1bf47a457558cbc0735bd8f9f13ca029cbf3a4,fits/96f1fe61c7d50a356308819f/fit.json,71f4ca80c44838c5c27c0fdd5590831e1c58bd3faae88783dbf73211721f8c6d,
qwen/B25_23/L12/repair/fold=0,qwen,12,23,0,new_successor_fit,True,5e1bf47a457558cbc0735bd8f9f13ca029cbf3a4,fits/b805b382d1b9dd554fe44ef9/fit.json,945fd718e737aa377ed526e7e658fa3c7809af9cddd292f23131ad662954c84c,
qwen/B25_23/L12/repair/fold=1,qwen,12,23,1,new_successor_fit,True,5e1bf47a457558cbc0735bd8f9f13ca029cbf3a4,fits/bd1da5c9c6e9d577c33fac50/fit.json,5734ad7b663474f56907662269dc780bf928c0f090a49cc448cc24a58391f396,
qwen/B25_23/L12/repair/fold=2,qwen,12,23,2,new_successor_fit,True,5e1bf47a457558cbc0735bd8f9f13ca029cbf3a4,fits/20d331259d961d31c29b2515/fit.json,ee7d547fe32326e13b869ad0423399464d3a36d6f96feb9ef302fac384e59309,
qwen/B25_23/L12/repair/fold=3,qwen,12,23,3,new_successor_fit,True,5e1bf47a457558cbc0735bd8f9f13ca029cbf3a4,fits/798b85a221ed95f294a79307/fit.json,342d3c952cdca5ffd9d12fe9cd221688069f06364b348840e88c27127225e7b3,
qwen/B25_23/L12/repair/fold=4,qwen,12,23,4,new_successor_fit,True,5e1bf47a457558cbc0735bd8f9f13ca029cbf3a4,fits/9029df237cd2ac90a051c0c5/fit.json,f2d2c4997c59a7a35b575df2ed825cc3fdf1a55d4cf84b765c44bcecf82ddc28,
qwen/B25_37/L12/repair/fold=0,qwen,12,37,0,new_successor_fit,True,5e1bf47a457558cbc0735bd8f9f13ca029cbf3a4,fits/adc1333e0669e4e3bbded3c7/fit.json,05bd2451c5e92797f6a53753cc38bcf7771be447a56286adfc8445a340d4e8fd,
qwen/B25_37/L12/repair/fold=1,qwen,12,37,1,new_successor_fit,True,5e1bf47a457558cbc0735bd8f9f13ca029cbf3a4,fits/27600a7f7c248e98baf37fa1/fit.json,eeb7e4d053d7d682a07d55ec6d614fa050bd5979d26b39e9d279b7a63192633a,
qwen/B25_37/L12/repair/fold=2,qwen,12,37,2,new_successor_fit,True,5e1bf47a457558cbc0735bd8f9f13ca029cbf3a4,fits/9db785f31c0e8672dd4f26e5/fit.json,7aef1697d2b7397ed487102f2ecfd450eabdba603293a4ca9d7f68ad18c72a3f,
qwen/B25_37/L12/repair/fold=3,qwen,12,37,3,new_successor_fit,True,5e1bf47a457558cbc0735bd8f9f13ca029cbf3a4,fits/2140f012200e1d5c160f4dcc/fit.json,e264575d55a5172e7859b52f14d924e6311d89df6de31e2d8fccaec4da7af20a,
qwen/B25_37/L12/repair/fold=4,qwen,12,37,4,new_successor_fit,True,5e1bf47a457558cbc0735bd8f9f13ca029cbf3a4,fits/31bb1ca943d24fd17dae499c/fit.json,cf47ad023f68953ee413a57c989ab0e450f5197f3d55cfd99b0c2fde233908dd,
qwen/B25_11/L13/repair/fold=0,qwen,13,11,0,new_successor_fit,True,5e1bf47a457558cbc0735bd8f9f13ca029cbf3a4,fits/a58334e5e7902d5cf768bec5/fit.json,996f4b55632e1ab147e7640fab31d20d8cd7a08c747d6bc7a4309ff7211af9db,
qwen/B25_11/L13/repair/fold=1,qwen,13,11,1,new_successor_fit,True,5e1bf47a457558cbc0735bd8f9f13ca029cbf3a4,fits/ebf41da154793b4f6a976515/fit.json,6d0938be9e21b5ea961f1c29f47563aa141672ea9fb7fff17ec263a7bd21d3ba,
qwen/B25_11/L13/repair/fold=2,qwen,13,11,2,new_successor_fit,True,5e1bf47a457558cbc0735bd8f9f13ca029cbf3a4,fits/67f39411efaa20259ee8f501/fit.json,877c2e5cb423bb5612fcf8decdb93a311459162872cad9a17881b14ddbeeb7af,
qwen/B25_11/L13/repair/fold=3,qwen,13,11,3,new_successor_fit,True,5e1bf47a457558cbc0735bd8f9f13ca029cbf3a4,fits/a5d069f241f9202e1bdc11f2/fit.json,5673f3add5cf8838f9b6e2f73d59c508e61717b11c6873518d0883fa97c42ae6,
qwen/B25_11/L13/repair/fold=4,qwen,13,11,4,new_successor_fit,True,5e1bf47a457558cbc0735bd8f9f13ca029cbf3a4,fits/aec1b0b097f628745db76413/fit.json,11fdfdb647a7a8edadab4e35656f5c9962a15c40ee1fe89f9c944bee6bdb1443,
qwen/B25_23/L13/repair/fold=0,qwen,13,23,0,new_successor_fit,True,5e1bf47a457558cbc0735bd8f9f13ca029cbf3a4,fits/91d9bc5f9d59e68abbecdabd/fit.json,e93a158060160d647940a35b34942a86d3a1bfbfe673488bc9eac78e615ecabe,
qwen/B25_23/L13/repair/fold=1,qwen,13,23,1,new_successor_fit,True,5e1bf47a457558cbc0735bd8f9f13ca029cbf3a4,fits/9fc449afbc65b2a34ae92b9a/fit.json,9578a12d6543a8a013051780f6d592293a468eb30864d5cbd679c4200e3474af,
qwen/B25_23/L13/repair/fold=2,qwen,13,23,2,new_successor_fit,True,5e1bf47a457558cbc0735bd8f9f13ca029cbf3a4,fits/87e799101654a83cfaac7409/fit.json,c4699c61a9f7617136cb9807f114cb67e83cdf565b5e51c84a1a2a7ae3d6510c,
qwen/B25_23/L13/repair/fold=3,qwen,13,23,3,new_successor_fit,True,5e1bf47a457558cbc0735bd8f9f13ca029cbf3a4,fits/2ddf2f019bf2e3bd65397503/fit.json,91dd973b53e97d9c814dbd8e417048e4511f6af68f8834694b6500b2d11109cd,
qwen/B25_23/L13/repair/fold=4,qwen,13,23,4,new_successor_fit,True,5e1bf47a457558cbc0735bd8f9f13ca029cbf3a4,fits/8d56c5d3ad78cbf9986ded39/fit.json,74be220a99dfdd3ced3c3a2613718145c56d6b73cf9edcb8d555b60d0f73c674,
qwen/B25_37/L13/repair/fold=0,qwen,13,37,0,new_successor_fit,True,5e1bf47a457558cbc0735bd8f9f13ca029cbf3a4,fits/73b1d290aff78e7c76868e5e/fit.json,d1fa073e305bf560d00fb778ab7d715973e90df5b7ce197dccd54a8c539d6d89,
qwen/B25_37/L13/repair/fold=1,qwen,13,37,1,new_successor_fit,True,5e1bf47a457558cbc0735bd8f9f13ca029cbf3a4,fits/2f0bf7c5a8f42b23d2037998/fit.json,64f631ac9e24e576a400efe3c42d94342fec7ac6299816997e303d2a57476c8b,
qwen/B25_37/L13/repair/fold=2,qwen,13,37,2,new_successor_fit,True,5e1bf47a457558cbc0735bd8f9f13ca029cbf3a4,fits/371c28a644e8c62a1f8e9dab/fit.json,4a16acea9c897df22f30221d5914d294c5d06258e1be94b4f98819dd3faa7b91,
qwen/B25_37/L13/repair/fold=3,qwen,13,37,3,new_successor_fit,True,5e1bf47a457558cbc0735bd8f9f13ca029cbf3a4,fits/24c25ce412e5335168c6e1fe/fit.json,4a289fabd2ae3068e4f0c730af5d9f7c9a1b1574059d91ee831c875e682f5faa,
qwen/B25_37/L13/repair/fold=4,qwen,13,37,4,new_successor_fit,True,5e1bf47a457558cbc0735bd8f9f13ca029cbf3a4,fits/f6753df36169ff376fe4cf15/fit.json,cd235aa09a120718278fe5c0c2caf04f5724044562c3835c2b612425187ff650,
qwen/B25_11/L14/repair/fold=0,qwen,14,11,0,new_successor_fit,True,5e1bf47a457558cbc0735bd8f9f13ca029cbf3a4,fits/4260fa85b6a76b209b23c8a1/fit.json,b5856b82c7d41a633a5a7f4981086a037415f480ea9ab67e55b6c5ac43228bfc,
qwen/B25_11/L14/repair/fold=1,qwen,14,11,1,new_successor_fit,True,5e1bf47a457558cbc0735bd8f9f13ca029cbf3a4,fits/7e74ce85b8b99be73a10aef3/fit.json,d29dd65a2915c007ddf53d5e36f12c323d3effe1b6dd76051c30651d63f1d8dd,
qwen/B25_11/L14/repair/fold=2,qwen,14,11,2,new_successor_fit,True,5e1bf47a457558cbc0735bd8f9f13ca029cbf3a4,fits/9053560e6aa6dcb9b5bd561f/fit.json,723b4905de9ce6ea8a2e65e28cd8183bc8577f1b386380be72412dd839297d25,
qwen/B25_11/L14/repair/fold=3,qwen,14,11,3,new_successor_fit,True,5e1bf47a457558cbc0735bd8f9f13ca029cbf3a4,fits/e5b5ccdfc7d981a5a1d423b8/fit.json,c3e3d712f30ea5b78ec3b0935b3232731f8881ead33fd89a70f36ddba62a3c4c,
qwen/B25_11/L14/repair/fold=4,qwen,14,11,4,new_successor_fit,True,5e1bf47a457558cbc0735bd8f9f13ca029cbf3a4,fits/7d2d848311aa414293546d7f/fit.json,39cab8dcca0704821e5cef5f6280163d97cb5843b9b1509e026f1af854f54e88,
qwen/B25_23/L14/repair/fold=0,qwen,14,23,0,new_successor_fit,True,5e1bf47a457558cbc0735bd8f9f13ca029cbf3a4,fits/dac8403d2e12ba809fb317c0/fit.json,6e0f391aacbda1c45ee466dac472fd7f317653fafaeafa3610a3ebbc3a969f06,
qwen/B25_23/L14/repair/fold=1,qwen,14,23,1,new_successor_fit,True,5e1bf47a457558cbc0735bd8f9f13ca029cbf3a4,fits/80603d8fea6a6436d80c7b74/fit.json,ef1a97c78d176dc1dad5b5e1bec319087d9509ec0299ed478a10ee307318122c,
qwen/B25_23/L14/repair/fold=2,qwen,14,23,2,new_successor_fit,True,5e1bf47a457558cbc0735bd8f9f13ca029cbf3a4,fits/4b7dc2438a540164454b8833/fit.json,cda47d05dbfb69f05e65c1b3c459fc68c763e8e1579333cc1330b8546cb36dba,
qwen/B25_23/L14/repair/fold=3,qwen,14,23,3,new_successor_fit,True,5e1bf47a457558cbc0735bd8f9f13ca029cbf3a4,fits/345c8537372f336964c8472d/fit.json,d25cd2ba096e9bccd104d3f5f33033d4bbaa2b4195bdc13ce4b56b52e66d6083,
qwen/B25_23/L14/repair/fold=4,qwen,14,23,4,new_successor_fit,True,5e1bf47a457558cbc0735bd8f9f13ca029cbf3a4,fits/f6101555f4d716e07d96a135/fit.json,f6a3a58c9dcc7459dbec25afdefd86806ddcc7f8fdd9ed55bafc0f6e381d3df7,
qwen/B25_37/L14/repair/fold=0,qwen,14,37,0,new_successor_fit,True,5e1bf47a457558cbc0735bd8f9f13ca029cbf3a4,fits/483abfa7ee39f65801f4c24e/fit.json,203c41a19f90b6974698dcb9b75f80c8afead14074c5be3126754889752cbc04,
qwen/B25_37/L14/repair/fold=1,qwen,14,37,1,new_successor_fit,True,5e1bf47a457558cbc0735bd8f9f13ca029cbf3a4,fits/380127fcea6f83283b12db39/fit.json,fefddaeea6664cb8adacc4497345d916f7312dec40ded34e3c892bec95896980,
qwen/B25_37/L14/repair/fold=2,qwen,14,37,2,new_successor_fit,True,5e1bf47a457558cbc0735bd8f9f13ca029cbf3a4,fits/048d5a241880d01a27098cb6/fit.json,b90e36bbecfd78384ec7781ff00b97700e72c0fec98d9f90593fe2e6019a14fc,
qwen/B25_37/L14/repair/fold=3,qwen,14,37,3,new_successor_fit,True,5e1bf47a457558cbc0735bd8f9f13ca029cbf3a4,fits/74e2910b9cf3e82192d5334e/fit.json,09118578f647bae84f48e3aa33f3f80c69765b9fe5ac14162b8675265c21b9b3,
qwen/B25_37/L14/repair/fold=4,qwen,14,37,4,new_successor_fit,True,5e1bf47a457558cbc0735bd8f9f13ca029cbf3a4,fits/503a4b5deeb152a5e45fa505/fit.json,bd0b3e30ee2812f41b672cb89489114eec34b5bcaeac7740e46373e5188ceab6,
qwen/B25_11/L15/repair/fold=0,qwen,15,11,0,new_successor_fit,True,5e1bf47a457558cbc0735bd8f9f13ca029cbf3a4,fits/5680cc920115fb9d2ec8dd61/fit.json,beccf84b418d03b76258083d96482b181c1a689b2970135ea987587d94fdafe6,
qwen/B25_11/L15/repair/fold=1,qwen,15,11,1,new_successor_fit,True,5e1bf47a457558cbc0735bd8f9f13ca029cbf3a4,fits/930d7e749ce10eb0b61d594c/fit.json,35cd033c17814c9e59f0f32e20a87d9d1f66e4edca1d22239b8cb15132f1363c,
qwen/B25_11/L15/repair/fold=2,qwen,15,11,2,new_successor_fit,True,5e1bf47a457558cbc0735bd8f9f13ca029cbf3a4,fits/8a4a8f5b3e0105f812f872d2/fit.json,e22d64ed6580de3b5e2266ea42d518536bba6a2da3b37ebc4beff6ad6043cab3,
qwen/B25_11/L15/repair/fold=3,qwen,15,11,3,new_successor_fit,True,5e1bf47a457558cbc0735bd8f9f13ca029cbf3a4,fits/ad726b26204de051849d7b3a/fit.json,3f9ec07a131530bce14580d6a1587a5a3e8d72c1ed17ba311c4fc7d7d5dabe39,
qwen/B25_11/L15/repair/fold=4,qwen,15,11,4,new_successor_fit,True,5e1bf47a457558cbc0735bd8f9f13ca029cbf3a4,fits/28d0854a1aaaf581908e84d7/fit.json,28025e05f8b6ea9ad152be9946671951dff66ec204820396262d665ad131d99b,
qwen/B25_23/L15/repair/fold=0,qwen,15,23,0,new_successor_fit,True,5e1bf47a457558cbc0735bd8f9f13ca029cbf3a4,fits/33b69203c42facb60cfa0ec8/fit.json,47ab82ffae4f4f26aaf718b7b39e5e54a25474852416b0ef1e6ab86a5832aee8,
qwen/B25_23/L15/repair/fold=1,qwen,15,23,1,new_successor_fit,True,5e1bf47a457558cbc0735bd8f9f13ca029cbf3a4,fits/a29ef0a6c3968e0d1c8d3b68/fit.json,8be15e80a140fe9768df20f7804554d334899b35eb2f2301ffe3e376fc716a30,
qwen/B25_23/L15/repair/fold=2,qwen,15,23,2,new_successor_fit,True,5e1bf47a457558cbc0735bd8f9f13ca029cbf3a4,fits/8cca14e5d4b321c6899a13e5/fit.json,e63782cab5b8dd8a3ba4461aa5351240502805d1e546e342f38d5f04a652e2b9,
qwen/B25_23/L15/repair/fold=3,qwen,15,23,3,new_successor_fit,True,5e1bf47a457558cbc0735bd8f9f13ca029cbf3a4,fits/498916490ef8da69a9d3f7d1/fit.json,be0b26fb353701b546af0fdc32dcb9cc8b7cdae0f992a359ca572443385d08fe,
qwen/B25_23/L15/repair/fold=4,qwen,15,23,4,new_successor_fit,True,5e1bf47a457558cbc0735bd8f9f13ca029cbf3a4,fits/d68b05e714b152adb8441363/fit.json,81a4c5f2a6d28e0f31bc64088e3815f4f65a002bd8536a6157c3de5ffd113d1f,
qwen/B25_37/L15/repair/fold=0,qwen,15,37,0,new_successor_fit,True,5e1bf47a457558cbc0735bd8f9f13ca029cbf3a4,fits/3fb3ada9fb1a8ae61ad21304/fit.json,a43d7aa5945d8c9816d33d477e696c539caf6ae319f2dcf8636131465f58c283,
qwen/B25_37/L15/repair/fold=1,qwen,15,37,1,new_successor_fit,True,5e1bf47a457558cbc0735bd8f9f13ca029cbf3a4,fits/a5ecb1522125964fdc06af54/fit.json,b6e31eb95303b3f124404ea5339efcccaea0e424b991fd2a2551eba056a5ecc0,
qwen/B25_37/L15/repair/fold=2,qwen,15,37,2,new_successor_fit,True,5e1bf47a457558cbc0735bd8f9f13ca029cbf3a4,fits/1f312f74aeaea0f20d7f4f9f/fit.json,da4bd338771afe253fb7886420b19c1d945eaa22de65451c83edffe901eaba6e,
qwen/B25_37/L15/repair/fold=3,qwen,15,37,3,new_successor_fit,True,5e1bf47a457558cbc0735bd8f9f13ca029cbf3a4,fits/8deb844c8210f87fc090b4ba/fit.json,d9a37a54db3e35f1d1d7bb50bceb83221a32a72d609bea6efdad462e4548e344,
qwen/B25_37/L15/repair/fold=4,qwen,15,37,4,new_successor_fit,True,5e1bf47a457558cbc0735bd8f9f13ca029cbf3a4,fits/4ed3b2aeed060e6ebaacc4b0/fit.json,69458e5da73531f66fd5d3beaf2847ad0ec1b69c34254c939a394ea304eac304,
qwen/B25_11/L16/repair/fold=0,qwen,16,11,0,new_successor_fit,True,5e1bf47a457558cbc0735bd8f9f13ca029cbf3a4,fits/3f8f8a9b94bc9db439872314/fit.json,d7d975ad5ac8f9fe8b8c537f84c31f7fc05c4a21abb4b6128bd1e35172920738,
qwen/B25_11/L16/repair/fold=1,qwen,16,11,1,new_successor_fit,True,5e1bf47a457558cbc0735bd8f9f13ca029cbf3a4,fits/0b49c0223a08f1bf892fa6d7/fit.json,c92a151ec4e9a6ae5b60055e76d08ff8e7051de19dd204e5428bcc4f17b16bfb,
qwen/B25_11/L16/repair/fold=2,qwen,16,11,2,new_successor_fit,True,5e1bf47a457558cbc0735bd8f9f13ca029cbf3a4,fits/80c4165ec1ca59b0f739d7c2/fit.json,5d35d8a4e357f3693ecb2a358072bc064b3cf6504bf3945db0c0132370be09c9,
qwen/B25_11/L16/repair/fold=3,qwen,16,11,3,new_successor_fit,True,5e1bf47a457558cbc0735bd8f9f13ca029cbf3a4,fits/1f835e430457e672591b5174/fit.json,90bf730f4b5d6f947a1f3659fcb737741ae02b1730cda5e6623b49f3dddc6b3a,
qwen/B25_11/L16/repair/fold=4,qwen,16,11,4,new_successor_fit,True,5e1bf47a457558cbc0735bd8f9f13ca029cbf3a4,fits/d4723de366130bab7b14f0c0/fit.json,93001638f92f5bfc114a2aa59fc77c07131da4665b2a806f6070ceddd2a937cc,
qwen/B25_23/L16/repair/fold=0,qwen,16,23,0,new_successor_fit,True,5e1bf47a457558cbc0735bd8f9f13ca029cbf3a4,fits/2ae1667a8e9fd574d921cbbe/fit.json,10dfe4063913c9698b72b51d51ea363d529003be71fe285e98b304844bbbd401,
qwen/B25_23/L16/repair/fold=1,qwen,16,23,1,new_successor_fit,True,5e1bf47a457558cbc0735bd8f9f13ca029cbf3a4,fits/ca4efbb545145c79e7728a53/fit.json,939d6339f05aac3a47f5e21111c58169dfea14954442b38cd4bd73a638961958,
qwen/B25_23/L16/repair/fold=2,qwen,16,23,2,new_successor_fit,True,5e1bf47a457558cbc0735bd8f9f13ca029cbf3a4,fits/ba489f7fc18322c134b514ee/fit.json,d5e4d9afdd50fbd1cd7051e058c92e623135a0e97c1d29abdc583b3526bfc927,
qwen/B25_23/L16/repair/fold=3,qwen,16,23,3,new_successor_fit,True,5e1bf47a457558cbc0735bd8f9f13ca029cbf3a4,fits/6a15a2bd141fa522dc427360/fit.json,0c895848cdd2cc3a14c14910e3691ca6e92025a3b5a7100075367e26502f3086,
qwen/B25_23/L16/repair/fold=4,qwen,16,23,4,new_successor_fit,True,5e1bf47a457558cbc0735bd8f9f13ca029cbf3a4,fits/d92ff749abff8a77af989614/fit.json,55c26246c367ecbdefd0f88687183e0f1d22510f7851f6be0fb18e25e1fcc477,
qwen/B25_37/L16/repair/fold=0,qwen,16,37,0,new_successor_fit,True,5e1bf47a457558cbc0735bd8f9f13ca029cbf3a4,fits/fa84234cdcd9ca1158aa7d0a/fit.json,7969f2bb8d1fbd003a19ac4974e9822576ca881cd0ee2ac610eb443d23aaf39b,
qwen/B25_37/L16/repair/fold=1,qwen,16,37,1,new_successor_fit,True,5e1bf47a457558cbc0735bd8f9f13ca029cbf3a4,fits/9976af077ee18fb532c5328f/fit.json,0ea5783a63f7cfd8616a64c76e87f1b98e6325f69b19e3dd66ab7046fca46aa7,
qwen/B25_37/L16/repair/fold=2,qwen,16,37,2,new_successor_fit,True,5e1bf47a457558cbc0735bd8f9f13ca029cbf3a4,fits/7244559c1b9dcec70d325c92/fit.json,18d585ff099a1edde426cd23c6c10dc902b9d388af0455e810c8100e5d2b8346,
qwen/B25_37/L16/repair/fold=3,qwen,16,37,3,new_successor_fit,True,5e1bf47a457558cbc0735bd8f9f13ca029cbf3a4,fits/890acc8e783c70e0d38a25bd/fit.json,ff8f606ad55dd38780f53aeb91d709c261ae50d84ac0577ca32fb37cfb47a72b,
qwen/B25_37/L16/repair/fold=4,qwen,16,37,4,new_successor_fit,True,5e1bf47a457558cbc0735bd8f9f13ca029cbf3a4,fits/f5002bdf224192c40515d21d/fit.json,ca4dd0a64ffbee48b6a357a4c8a21a5db76da4fc30a4086f2b1ec9975d9bf2c7,
qwen/B25_11/L17/repair/fold=0,qwen,17,11,0,new_successor_fit,True,5e1bf47a457558cbc0735bd8f9f13ca029cbf3a4,fits/82a1bf16f67c8380872abe8f/fit.json,54594d3e71e6c33a0ed3e7f96a2c81ab497ba398ca126ff0198f51180fb591ef,
qwen/B25_11/L17/repair/fold=1,qwen,17,11,1,new_successor_fit,True,5e1bf47a457558cbc0735bd8f9f13ca029cbf3a4,fits/12d9ff9931a0939d55da0b4a/fit.json,338977b75d51c39eb13b7de0ec9eaad4a157959febdd06174721dc7c6b439396,
qwen/B25_11/L17/repair/fold=2,qwen,17,11,2,new_successor_fit,True,5e1bf47a457558cbc0735bd8f9f13ca029cbf3a4,fits/5c860a395eb8d953d88243b4/fit.json,7f233e1e6a7a5fe441a30c322b3795767205fa96fca4da0b8347103e312bdd9d,
qwen/B25_11/L17/repair/fold=3,qwen,17,11,3,new_successor_fit,True,5e1bf47a457558cbc0735bd8f9f13ca029cbf3a4,fits/793032acc82f4081dee8484e/fit.json,a00d041bed37d019519f9e537bb5f5bd375ba2ce77858c6f87ad523862148676,
qwen/B25_11/L17/repair/fold=4,qwen,17,11,4,new_successor_fit,True,5e1bf47a457558cbc0735bd8f9f13ca029cbf3a4,fits/0cb32c265f2da5207ff7b2e7/fit.json,87b75d559f5c5fca617194106df819481dc1627b438c439af2712927b5cbbc00,
qwen/B25_23/L17/repair/fold=0,qwen,17,23,0,new_successor_fit,True,5e1bf47a457558cbc0735bd8f9f13ca029cbf3a4,fits/aebf8925fcabc6bcce15141b/fit.json,902f2e297a8564780b8ef1568809be267bcacd4379aba75c7bae4ec7104fb740,
qwen/B25_23/L17/repair/fold=1,qwen,17,23,1,new_successor_fit,True,5e1bf47a457558cbc0735bd8f9f13ca029cbf3a4,fits/924ce0b6739c17fb160b842c/fit.json,293f2186c5f14ab19db32760b7ef586ec6da23b66c9c63e75c785f89f55735fa,
qwen/B25_23/L17/repair/fold=2,qwen,17,23,2,new_successor_fit,True,5e1bf47a457558cbc0735bd8f9f13ca029cbf3a4,fits/07c31f4868e17ee874a69f97/fit.json,4a5cac85e127758ed32d3393d245edf63160545c7a695dbaf222b376d53b0ff6,
qwen/B25_23/L17/repair/fold=3,qwen,17,23,3,new_successor_fit,True,5e1bf47a457558cbc0735bd8f9f13ca029cbf3a4,fits/14f716a7fa3c98e45c341950/fit.json,2cf3c1e88e40209ec20308dc217b40619d3b1735f79f4a6f6cea945974cc212f,
qwen/B25_23/L17/repair/fold=4,qwen,17,23,4,new_successor_fit,True,5e1bf47a457558cbc0735bd8f9f13ca029cbf3a4,fits/e9724ee36e928a0a519858e2/fit.json,07d197b190ba18be590355e2f31b0fce02976ca9c1586b59bbad927ed1b4d843,
qwen/B25_37/L17/repair/fold=0,qwen,17,37,0,new_successor_fit,True,5e1bf47a457558cbc0735bd8f9f13ca029cbf3a4,fits/da17d5e7c36e602540b4ba2d/fit.json,49ae053fdb0aa0232464ff05e997980c2f1eef791e624bb87d61f01412197060,
qwen/B25_37/L17/repair/fold=1,qwen,17,37,1,new_successor_fit,True,5e1bf47a457558cbc0735bd8f9f13ca029cbf3a4,fits/9e66fc635b1c5e6e837cb054/fit.json,52b07db2654c24720d43a90ba09f344727843fbea261472bddad4d6d64d7154b,
qwen/B25_37/L17/repair/fold=2,qwen,17,37,2,new_successor_fit,True,5e1bf47a457558cbc0735bd8f9f13ca029cbf3a4,fits/156aff2b857b05c0445e1e33/fit.json,10dd08b634594043466f84da42cd81eebb216e7eac91a7fecc89e9ae39336e63,
qwen/B25_37/L17/repair/fold=3,qwen,17,37,3,new_successor_fit,True,5e1bf47a457558cbc0735bd8f9f13ca029cbf3a4,fits/55f6ac65b1891c24e35f171e/fit.json,2fef2af80db986a73bf0155e41a8f5d73944face15c07c0b17f58c1fc4757340,
qwen/B25_37/L17/repair/fold=4,qwen,17,37,4,new_successor_fit,True,5e1bf47a457558cbc0735bd8f9f13ca029cbf3a4,fits/770856b50362fe50c5420e66/fit.json,d650fd0c0792bb517909cfd4805ec11016e1d93f3056de8c7de3b5a21b9e55db,
qwen/B25_11/L18/repair/fold=0,qwen,18,11,0,new_successor_fit,True,5e1bf47a457558cbc0735bd8f9f13ca029cbf3a4,fits/228c88e6b5e1fd5ed7d6853e/fit.json,8d6f246835f9d2036b5c6c41d82a0a171a1966271254076f18bb1f73dd6e2585,
qwen/B25_11/L18/repair/fold=1,qwen,18,11,1,new_successor_fit,True,5e1bf47a457558cbc0735bd8f9f13ca029cbf3a4,fits/f6ab6ed8ccb054669499518d/fit.json,2e6e331e0be05a9db352d30dbe4432c531ca7b5d08c193296aa6889d33e08bf4,
qwen/B25_11/L18/repair/fold=2,qwen,18,11,2,new_successor_fit,True,5e1bf47a457558cbc0735bd8f9f13ca029cbf3a4,fits/d60635c74dd5a5515e84e0d3/fit.json,ce5243b8906da20f5c23ff34e03696cdb1a15258e753eae724fa67da9fe3c1fe,
qwen/B25_11/L18/repair/fold=3,qwen,18,11,3,new_successor_fit,True,5e1bf47a457558cbc0735bd8f9f13ca029cbf3a4,fits/17b35bcf8b4aa3ad64d36515/fit.json,62e6c8f31fe2d4cf078fb48c01a76d5a948df7213274b7ca5d4ff527cd3b17af,
qwen/B25_11/L18/repair/fold=4,qwen,18,11,4,new_successor_fit,True,5e1bf47a457558cbc0735bd8f9f13ca029cbf3a4,fits/31399770b57b6dace0d4e01e/fit.json,49c9e43fffd3f0d49432bf2b56fb55f033f71be723619b0f0441a08ecf07e6f1,
qwen/B25_23/L18/repair/fold=0,qwen,18,23,0,new_successor_fit,True,5e1bf47a457558cbc0735bd8f9f13ca029cbf3a4,fits/dc20e24ded7e7cd051b064f9/fit.json,e00622430308a4fc349212e9ea678a0da35f0c71b9194fc959b25ba0a7d635b3,
qwen/B25_23/L18/repair/fold=1,qwen,18,23,1,new_successor_fit,True,5e1bf47a457558cbc0735bd8f9f13ca029cbf3a4,fits/1218bb7cda782274b4029a58/fit.json,fa059d4a10b22a66c54d447c7c1d4ac435fed2269056b9b87a3a0c08b16462a0,
qwen/B25_23/L18/repair/fold=2,qwen,18,23,2,new_successor_fit,True,5e1bf47a457558cbc0735bd8f9f13ca029cbf3a4,fits/bb53f65fd9ddce9d9e95d0ea/fit.json,8cb0d464550eec04b8213b7de4f2ee00b37fd3aecc90709b0d8aa210d532887f,
qwen/B25_23/L18/repair/fold=3,qwen,18,23,3,new_successor_fit,True,5e1bf47a457558cbc0735bd8f9f13ca029cbf3a4,fits/69e737f006975069d5633e1a/fit.json,21d12a23db7ec128e8ec7310066c6da005fc4e29f733184d1a9835d25abe837b,
qwen/B25_23/L18/repair/fold=4,qwen,18,23,4,new_successor_fit,True,5e1bf47a457558cbc0735bd8f9f13ca029cbf3a4,fits/de692e217c86a470caa1b35a/fit.json,9d487a38d247e095c516cfe96278409800d4fd75eb0d05a758535999f4c114a4,
qwen/B25_37/L18/repair/fold=0,qwen,18,37,0,new_successor_fit,True,5e1bf47a457558cbc0735bd8f9f13ca029cbf3a4,fits/79347e89e9f802a35bb55f8f/fit.json,d6823158e59dc35590ef5ea3150cc929c871a40bccae7461576a98d9934da300,
qwen/B25_37/L18/repair/fold=1,qwen,18,37,1,new_successor_fit,True,5e1bf47a457558cbc0735bd8f9f13ca029cbf3a4,fits/a87f7a261af79c9f29baebd4/fit.json,512c2be5eaf6246cb19019369593d0014577563ba257366aaacd4fd116bcabdb,
qwen/B25_37/L18/repair/fold=2,qwen,18,37,2,new_successor_fit,True,5e1bf47a457558cbc0735bd8f9f13ca029cbf3a4,fits/93775d49a63d80f26091731c/fit.json,55c633feb8d696445a7e25680f87df8f6d2057e125ecc73d319fcc0cf91e77c4,
qwen/B25_37/L18/repair/fold=3,qwen,18,37,3,new_successor_fit,True,5e1bf47a457558cbc0735bd8f9f13ca029cbf3a4,fits/9eec0ee55ea79728e9f57b8c/fit.json,249bf393aa4482dd4c57bc10cd8c6e3d53122fc1e380e02ee7ce6f0265a3b02b,
qwen/B25_37/L18/repair/fold=4,qwen,18,37,4,new_successor_fit,True,5e1bf47a457558cbc0735bd8f9f13ca029cbf3a4,fits/34322a6bb28bf62a17a2a02c/fit.json,dd6ea7c090616475a38fc7c7c24fdb9bf73047c23ed4485540a0c6f4b27ad201,
qwen/B25_11/L19/repair/fold=0,qwen,19,11,0,new_successor_fit,True,5e1bf47a457558cbc0735bd8f9f13ca029cbf3a4,fits/709ac0823ec24d1ec12e6345/fit.json,a9d323d2d00e9206de66c1c939fb72a92f4d03cad1572b6e2cdf0506409eebcc,
qwen/B25_11/L19/repair/fold=1,qwen,19,11,1,new_successor_fit,True,5e1bf47a457558cbc0735bd8f9f13ca029cbf3a4,fits/7ea7a45434b9c708a1f0dc82/fit.json,160b55e059a2591541fc5e61e976ceb7462f2888242140c910e34ca9048f4166,
qwen/B25_11/L19/repair/fold=2,qwen,19,11,2,new_successor_fit,True,5e1bf47a457558cbc0735bd8f9f13ca029cbf3a4,fits/71cb837e102dd1e371e9f200/fit.json,b1a243287758c7ef04561a945e33a6ed3dcfd77f0b40fedf6cf310bc96b0fd05,
qwen/B25_11/L19/repair/fold=3,qwen,19,11,3,new_successor_fit,True,5e1bf47a457558cbc0735bd8f9f13ca029cbf3a4,fits/c228b2a323a2633d49e1095e/fit.json,26d3c3030050086f4546f9edf0b538326cf58fb20214f6fc01e1aa3e3edf29ef,
qwen/B25_11/L19/repair/fold=4,qwen,19,11,4,new_successor_fit,True,5e1bf47a457558cbc0735bd8f9f13ca029cbf3a4,fits/ea7c509e7981d0e3bdc96763/fit.json,13a3685bec5c605b0f74b4d37ae6a6e727ec3e4df7eb32458a9bb24983aa0554,
qwen/B25_23/L19/repair/fold=0,qwen,19,23,0,new_successor_fit,True,5e1bf47a457558cbc0735bd8f9f13ca029cbf3a4,fits/4f9af7733bc89245a2574676/fit.json,249d26a8b2785749fc1eeabd23b5b1947123a9b62d2cca3a9626b79e3b608c79,
qwen/B25_23/L19/repair/fold=1,qwen,19,23,1,new_successor_fit,True,5e1bf47a457558cbc0735bd8f9f13ca029cbf3a4,fits/50fbf0c4a98525d9a3076df0/fit.json,38735744d5f11a481ea7e3e5819110362eff84ba8cc0a10ae9cd8e97272eefda,
qwen/B25_23/L19/repair/fold=2,qwen,19,23,2,new_successor_fit,True,5e1bf47a457558cbc0735bd8f9f13ca029cbf3a4,fits/40b7cec8c774e09964068b5b/fit.json,87ba2745a4d258068961462f1fc10d2c689faddbc0892fe2d3ae9a7dcea83292,
qwen/B25_23/L19/repair/fold=3,qwen,19,23,3,new_successor_fit,True,5e1bf47a457558cbc0735bd8f9f13ca029cbf3a4,fits/76464d466265a529f7526291/fit.json,4bcf6ea2c7b2e3a65dcfcffd3848a517b740fd1dd02b083fd2b5268c66493d9b,
qwen/B25_23/L19/repair/fold=4,qwen,19,23,4,new_successor_fit,True,5e1bf47a457558cbc0735bd8f9f13ca029cbf3a4,fits/f199689e030705e75f5464f9/fit.json,2d2b246a108cfb7742e15debbbf93a3fc4b3f9f493ed1dde2c4c4fde488d514c,
qwen/B25_37/L19/repair/fold=0,qwen,19,37,0,new_successor_fit,True,5e1bf47a457558cbc0735bd8f9f13ca029cbf3a4,fits/144eef88170a52fc574c0786/fit.json,012aebe3a0c886d626d9a964dabb319133c35597f4ba7bfcf4170da8cfd86160,
qwen/B25_37/L19/repair/fold=1,qwen,19,37,1,new_successor_fit,True,5e1bf47a457558cbc0735bd8f9f13ca029cbf3a4,fits/1bc9527770a275e16fccf2ea/fit.json,a217a35d0cf43b5d231f38999e5c1213ed894feec4127d708867b9a24d71aa13,
qwen/B25_37/L19/repair/fold=2,qwen,19,37,2,new_successor_fit,True,5e1bf47a457558cbc0735bd8f9f13ca029cbf3a4,fits/4d5723d8d6dadab33cf93b46/fit.json,1356f0b8af8b36a9c13569138df34b7aad12e7ddf524bf5857a512d7f3ce1df0,
qwen/B25_37/L19/repair/fold=3,qwen,19,37,3,new_successor_fit,True,5e1bf47a457558cbc0735bd8f9f13ca029cbf3a4,fits/a6278621c547f6cf5bee1c02/fit.json,f79adeac462fe4609cd92d634ebdce97b7f3637bb229d13b814f45eacc3fcb22,
qwen/B25_37/L19/repair/fold=4,qwen,19,37,4,new_successor_fit,True,5e1bf47a457558cbc0735bd8f9f13ca029cbf3a4,fits/a8bc2a386d01162692fb05f1/fit.json,818ddd51b23025b7281fd24d70edc682f0d4a998a02943d03e6e833b53cd73c9,
qwen/B25_11/L20/repair/fold=0,qwen,20,11,0,new_successor_fit,True,5e1bf47a457558cbc0735bd8f9f13ca029cbf3a4,fits/f522c7c3302fb28ecd318af8/fit.json,99cd7a0642e068bb12bc0a7159dd9371165eeb097baadee852e4b19d1175e62b,
qwen/B25_11/L20/repair/fold=1,qwen,20,11,1,new_successor_fit,True,5e1bf47a457558cbc0735bd8f9f13ca029cbf3a4,fits/ca46c663beebd1994b0e9e33/fit.json,e17603097a30dd532b3188fb9c423a494b691ac87409e8e48f5f1ec73878a3a7,
qwen/B25_11/L20/repair/fold=2,qwen,20,11,2,new_successor_fit,True,5e1bf47a457558cbc0735bd8f9f13ca029cbf3a4,fits/d2e46821757dbf5452df2d54/fit.json,002316ae9198b548302f573faf1928d3521afc14319eaf6b6ccb16e770a4ca0f,
qwen/B25_11/L20/repair/fold=3,qwen,20,11,3,new_successor_fit,True,5e1bf47a457558cbc0735bd8f9f13ca029cbf3a4,fits/630ff090cfa30ace2d76f0b7/fit.json,3b98c201aa018eda6d7572a5073ec941ee5096d6e9a322babdad8e6854d539ad,
qwen/B25_11/L20/repair/fold=4,qwen,20,11,4,new_successor_fit,True,5e1bf47a457558cbc0735bd8f9f13ca029cbf3a4,fits/5a9f77ff31f3d4a423d64231/fit.json,9d18c2364499b6c0bb223cf8909cbe72fd8e085c581ec220f5a21c752761079e,
qwen/B25_23/L20/repair/fold=0,qwen,20,23,0,new_successor_fit,True,5e1bf47a457558cbc0735bd8f9f13ca029cbf3a4,fits/684b0569214d81b40d6043fd/fit.json,2423e8dabd458955247f3c3afa12416d53ec448548b248ddb1add5ef676661cd,
qwen/B25_23/L20/repair/fold=1,qwen,20,23,1,new_successor_fit,True,5e1bf47a457558cbc0735bd8f9f13ca029cbf3a4,fits/8d89c6b4e20b2d5527df2e29/fit.json,1baa9b479e79bb127d265f6a5dae1e5e83786e7a9cef053e1e5dd41a51f2a489,
qwen/B25_23/L20/repair/fold=2,qwen,20,23,2,new_successor_fit,True,5e1bf47a457558cbc0735bd8f9f13ca029cbf3a4,fits/daad42cf3c68e7b82894cb53/fit.json,afcb65ab8bb6cb026e52ea76a3711212e62359b50fa928c385dbbe118aaf58a2,
qwen/B25_23/L20/repair/fold=3,qwen,20,23,3,new_successor_fit,True,5e1bf47a457558cbc0735bd8f9f13ca029cbf3a4,fits/6fc4f54593ba704d9361b9b8/fit.json,0bae237aa393673fd132707970febf873d830e477cba301c786db9f6afe887c4,
qwen/B25_23/L20/repair/fold=4,qwen,20,23,4,new_successor_fit,True,5e1bf47a457558cbc0735bd8f9f13ca029cbf3a4,fits/6000544aafadd46e563e1cae/fit.json,ad16f4b3e2e21d36793ef77ca16734347d2179f57a7cfa2cfe4241667d5ddd5e,
qwen/B25_37/L20/repair/fold=0,qwen,20,37,0,new_successor_fit,True,5e1bf47a457558cbc0735bd8f9f13ca029cbf3a4,fits/8780ebe08cedf8d936cdb672/fit.json,ad185adbdec6eddfe1fe8cb85594d317af3a5517c82c99fc3f1cfccbe279840f,
qwen/B25_37/L20/repair/fold=1,qwen,20,37,1,new_successor_fit,True,5e1bf47a457558cbc0735bd8f9f13ca029cbf3a4,fits/0995dab243d2056579789196/fit.json,77a0e77017e687f20c43d3dd5f78faf89334c5923255e437856fc5318ee6c952,
qwen/B25_37/L20/repair/fold=2,qwen,20,37,2,new_successor_fit,True,5e1bf47a457558cbc0735bd8f9f13ca029cbf3a4,fits/592b91a6a652ab76862f222d/fit.json,58c0974934e0ad87f33f70e0f09ce498905b31478d3a6c700493684ce414b2c4,
qwen/B25_37/L20/repair/fold=3,qwen,20,37,3,new_successor_fit,True,5e1bf47a457558cbc0735bd8f9f13ca029cbf3a4,fits/a63186a627b45ed587a6881c/fit.json,b5db2e9161e54e1a6d6289b5fe537f22a40fe0110cd8accc7dd06e21446efd19,
qwen/B25_37/L20/repair/fold=4,qwen,20,37,4,new_successor_fit,True,5e1bf47a457558cbc0735bd8f9f13ca029cbf3a4,fits/05992f88e2fd93504df280fb/fit.json,463e1870015ff6a2c9c4685d44655bced2e6e782b25713c648b3ec489845938a,
qwen/B25_11/L21/repair/fold=0,qwen,21,11,0,new_successor_fit,True,5e1bf47a457558cbc0735bd8f9f13ca029cbf3a4,fits/e4a1fb92b6c2cb7d5153258f/fit.json,5dab32fc689dd801cc8744119ea49743b3e6fe2a894401ee051d23a5d38100aa,
qwen/B25_11/L21/repair/fold=1,qwen,21,11,1,new_successor_fit,True,5e1bf47a457558cbc0735bd8f9f13ca029cbf3a4,fits/01cc6049100223db5a9ad646/fit.json,71b82f2a71af4f2050df9522b9e77a8b3473c027a2cff7bbfb32e0b4186fd541,
qwen/B25_11/L21/repair/fold=2,qwen,21,11,2,new_successor_fit,True,5e1bf47a457558cbc0735bd8f9f13ca029cbf3a4,fits/e4e75918a1a44e78545df79d/fit.json,677ccfd5ade202d1e3fb78006761fab03e7152cc6646488f730218eefe83d2f7,
qwen/B25_11/L21/repair/fold=3,qwen,21,11,3,new_successor_fit,True,5e1bf47a457558cbc0735bd8f9f13ca029cbf3a4,fits/e124a568213c3d7dd920130b/fit.json,ca31d72b0cd5e361ef27952b8ebc0f738e63f1bd0dd7bf06cd0bda89714254bc,
qwen/B25_11/L21/repair/fold=4,qwen,21,11,4,new_successor_fit,True,5e1bf47a457558cbc0735bd8f9f13ca029cbf3a4,fits/e204015b09110d6d19f3a065/fit.json,63ae81772e7765737f2f4a005cf118aab2d308ff4fd1ea517502f799312328ea,
qwen/B25_23/L21/repair/fold=0,qwen,21,23,0,new_successor_fit,True,5e1bf47a457558cbc0735bd8f9f13ca029cbf3a4,fits/0d5179414002863af9e29d67/fit.json,e06343375706b9153cb77fd5afd2817ab389b2f2d0cad097274b6f9d2bd2e1a4,
qwen/B25_23/L21/repair/fold=1,qwen,21,23,1,new_successor_fit,True,5e1bf47a457558cbc0735bd8f9f13ca029cbf3a4,fits/91c8226ce3c23a1c87a5e26a/fit.json,297aa07d317cd5be6b787a0e98fd02e0ea0e272ef3ff4e558a99ff1e59d6cb54,
qwen/B25_23/L21/repair/fold=2,qwen,21,23,2,new_successor_fit,True,5e1bf47a457558cbc0735bd8f9f13ca029cbf3a4,fits/de1b4050850eb8ed39882d52/fit.json,01edc0ccb1008c5448e6b75aa0150f7c7179a02ea362ef94cc34ef2e665683f5,
qwen/B25_23/L21/repair/fold=3,qwen,21,23,3,new_successor_fit,True,5e1bf47a457558cbc0735bd8f9f13ca029cbf3a4,fits/3c4b37c99c42e7ea48744c12/fit.json,b11aa8f80e28ebd592584714e4bcc36cf8d97fe765bfa2b962547bc0c2934ec6,
qwen/B25_23/L21/repair/fold=4,qwen,21,23,4,new_successor_fit,True,5e1bf47a457558cbc0735bd8f9f13ca029cbf3a4,fits/538af2762b1930fd58134e5d/fit.json,f1edbd6e6c1968dc1555555a6cf9a3dbee7889c41d427e7c48a26743192be291,
qwen/B25_37/L21/repair/fold=0,qwen,21,37,0,new_successor_fit,True,5e1bf47a457558cbc0735bd8f9f13ca029cbf3a4,fits/3f19106237268b6e26bb94f4/fit.json,9251894ff48e1b0bea4ea9621c295078254c66bf0b0e4c72a4b82e7b85d478b4,
qwen/B25_37/L21/repair/fold=1,qwen,21,37,1,new_successor_fit,True,5e1bf47a457558cbc0735bd8f9f13ca029cbf3a4,fits/20903bd6690e79a734fedc80/fit.json,3af365f1c77dc173a4fd6becd5a713dff9451ed0a76b46dce58b9e04e283fb29,
qwen/B25_37/L21/repair/fold=2,qwen,21,37,2,new_successor_fit,True,5e1bf47a457558cbc0735bd8f9f13ca029cbf3a4,fits/190024774e4adcd1bb41fd7c/fit.json,0a85ac7ce12793cbca55d25040600507265502c576358b1c26e53c5e866b3549,
qwen/B25_37/L21/repair/fold=3,qwen,21,37,3,new_successor_fit,True,5e1bf47a457558cbc0735bd8f9f13ca029cbf3a4,fits/580c505f2cc0e9cda4f2eab8/fit.json,545096ce9c1da69110a4e1a73bf7787aa9224e3ea1916ff7dbe3888b4fd3358c,
qwen/B25_37/L21/repair/fold=4,qwen,21,37,4,new_successor_fit,True,5e1bf47a457558cbc0735bd8f9f13ca029cbf3a4,fits/09a687109d36d30e334ba19e/fit.json,4c59239ff1551a9cf25b9f7ee9442e77108c43d531135a9d6951b8aca94d6eeb,
qwen/B25_11/L22/repair/fold=0,qwen,22,11,0,new_successor_fit,True,5e1bf47a457558cbc0735bd8f9f13ca029cbf3a4,fits/f6b2319e87e824555d89b813/fit.json,72337f1c18ea085f51fa684f8a882555434ec6b2e0ab338f5037927f8d0b2e4a,
qwen/B25_11/L22/repair/fold=1,qwen,22,11,1,new_successor_fit,True,5e1bf47a457558cbc0735bd8f9f13ca029cbf3a4,fits/a3e4ef70bba5224aca46c4b3/fit.json,89c66d8e709e3c09c0e594e1cff5fd75b2ce833c2b8fe6814a2fb9dc34434c8d,
qwen/B25_11/L22/repair/fold=2,qwen,22,11,2,new_successor_fit,True,5e1bf47a457558cbc0735bd8f9f13ca029cbf3a4,fits/760936f976cb9533122da2fd/fit.json,a735a95dc6d14d0e7c8bbf3630dd20fb12a597f1418a4004af69e7e20d5ba119,
qwen/B25_11/L22/repair/fold=3,qwen,22,11,3,new_successor_fit,True,5e1bf47a457558cbc0735bd8f9f13ca029cbf3a4,fits/f862c4505e33ee52ba6c3ea7/fit.json,89fff92c29177146e2fa7de0f8741cc8d10e0bffa45ee0650e2a14c10e36a7b0,
qwen/B25_11/L22/repair/fold=4,qwen,22,11,4,new_successor_fit,True,5e1bf47a457558cbc0735bd8f9f13ca029cbf3a4,fits/39557355e360b0be8837b0df/fit.json,c47bc8c1cce6f1de006c44662804af49fe7f93716a8b8c9850d2c24bf68947c0,
qwen/B25_23/L22/repair/fold=0,qwen,22,23,0,new_successor_fit,True,5e1bf47a457558cbc0735bd8f9f13ca029cbf3a4,fits/a770a1f8f885bf1664f122f4/fit.json,263cd12988d8bed8be3085015192d7dff2b24750b866a941baa6fefd68ac8c12,
qwen/B25_23/L22/repair/fold=1,qwen,22,23,1,new_successor_fit,True,5e1bf47a457558cbc0735bd8f9f13ca029cbf3a4,fits/e0cb66255610c6fd365bb1d7/fit.json,1a5175eb4d2e36de9d9176f50d2010eff49e6e1bfe995aa52776be6eb14c508a,
qwen/B25_23/L22/repair/fold=2,qwen,22,23,2,new_successor_fit,True,5e1bf47a457558cbc0735bd8f9f13ca029cbf3a4,fits/29386de1872ceef35e122c38/fit.json,9696c597473505bf2e6c5a63b4002e243b66f9d6e7aa929840e21d429d021dd9,
qwen/B25_23/L22/repair/fold=3,qwen,22,23,3,new_successor_fit,True,5e1bf47a457558cbc0735bd8f9f13ca029cbf3a4,fits/33899a5375263125ab319d6c/fit.json,a172db512fdfe67d7499812d3af253865c928746ab1b4ced5e822a78024a5ac7,
qwen/B25_23/L22/repair/fold=4,qwen,22,23,4,new_successor_fit,True,5e1bf47a457558cbc0735bd8f9f13ca029cbf3a4,fits/d2a9ce75b9ba60f386c1225b/fit.json,642e65e3f98f2eeac67916a8fd02f086d6889061bb2b7cfb25e72969348ce7e7,
qwen/B25_37/L22/repair/fold=0,qwen,22,37,0,new_successor_fit,True,5e1bf47a457558cbc0735bd8f9f13ca029cbf3a4,fits/30052f231cc62d24c46d30d8/fit.json,243da823b12d50fbddf039ee89196a77790ca16fbe7590ed46020ece00af5145,
qwen/B25_37/L22/repair/fold=1,qwen,22,37,1,new_successor_fit,True,5e1bf47a457558cbc0735bd8f9f13ca029cbf3a4,fits/8dfb2037fca6b301b7a80a02/fit.json,3a30a04e555dec9b583a0afbe42fbc294ae158548f2f697b6941564ac2dbd264,
qwen/B25_37/L22/repair/fold=2,qwen,22,37,2,new_successor_fit,True,5e1bf47a457558cbc0735bd8f9f13ca029cbf3a4,fits/50df065567914866babb431a/fit.json,cdc2c2edf9e36ea19fb5740ee7dcfa876f8f4bb1f8db43126e2120bb260b7aae,
qwen/B25_37/L22/repair/fold=3,qwen,22,37,3,new_successor_fit,True,5e1bf47a457558cbc0735bd8f9f13ca029cbf3a4,fits/47e36c7c732a36387cb8e093/fit.json,81e30bd8cc1642284e803e3592f768ee72a6e90e63bfaf9ecbc275aafd035552,
qwen/B25_37/L22/repair/fold=4,qwen,22,37,4,new_successor_fit,True,5e1bf47a457558cbc0735bd8f9f13ca029cbf3a4,fits/795e619c24e7b53927b8ba90/fit.json,36c868257ee674299163b1d1b425415864ad2d8bce5d2d1e4039569424acdb2c,
qwen/B25_11/L23/repair/fold=0,qwen,23,11,0,new_successor_fit,True,5e1bf47a457558cbc0735bd8f9f13ca029cbf3a4,fits/87a59a646a971945a9b85512/fit.json,256927da7606fb859c4b2a61a08a645d060de1ae6de14ae0e022efecb6383300,
qwen/B25_11/L23/repair/fold=1,qwen,23,11,1,new_successor_fit,True,5e1bf47a457558cbc0735bd8f9f13ca029cbf3a4,fits/ab78fdede0d3238b25a43d53/fit.json,224864a070a713a6b01afb0856b8c0e6149c3afad680ecd9682b853100846455,
qwen/B25_11/L23/repair/fold=2,qwen,23,11,2,new_successor_fit,True,5e1bf47a457558cbc0735bd8f9f13ca029cbf3a4,fits/170f94185b517935ae0c6577/fit.json,0a307bfbede78ad5fc30f96684636c9fed95498c403145cb31ef3624fffcdab4,
qwen/B25_11/L23/repair/fold=3,qwen,23,11,3,new_successor_fit,True,5e1bf47a457558cbc0735bd8f9f13ca029cbf3a4,fits/bd227a89731e153550f4d147/fit.json,73b5aa8c23e9dc1c824b651f04379ffaf7e1de0da2f1a719571bcd01f527d4fc,
qwen/B25_11/L23/repair/fold=4,qwen,23,11,4,new_successor_fit,True,5e1bf47a457558cbc0735bd8f9f13ca029cbf3a4,fits/419e83018b6a19d2c7422c86/fit.json,702c7778e17c73530fb7003c52bc12196820bca0301f3e440a8191a6fab9f6d2,
qwen/B25_23/L23/repair/fold=0,qwen,23,23,0,new_successor_fit,True,5e1bf47a457558cbc0735bd8f9f13ca029cbf3a4,fits/e674b008385c8998b1e4f269/fit.json,a915f8b84bd3f296007897ca4f17167e41303a51b5ef26ac33d90cca5394bd17,
qwen/B25_23/L23/repair/fold=1,qwen,23,23,1,new_successor_fit,True,5e1bf47a457558cbc0735bd8f9f13ca029cbf3a4,fits/4cd85dbf26eeb915572bf48e/fit.json,5a99699ccc3f5cd092542d42406a56e92691f6e58f3f084a87fe9ee3ab8f77c9,
qwen/B25_23/L23/repair/fold=2,qwen,23,23,2,new_successor_fit,True,5e1bf47a457558cbc0735bd8f9f13ca029cbf3a4,fits/f5bbdd3efb0fa2265e5419bc/fit.json,8f1d175b319c9cd721cb15d9fa3f7b71ebda26ef731e0143eb4cba43d01871e3,
qwen/B25_23/L23/repair/fold=3,qwen,23,23,3,new_successor_fit,True,5e1bf47a457558cbc0735bd8f9f13ca029cbf3a4,fits/0935fd16afd4227f04e624f1/fit.json,917e7b9a7c30b3e31b4e6c2243347cb77af3f5441a46709011c420aa26d0986a,
qwen/B25_23/L23/repair/fold=4,qwen,23,23,4,new_successor_fit,True,5e1bf47a457558cbc0735bd8f9f13ca029cbf3a4,fits/af83d6a8a58e9fd63aa5eda1/fit.json,f3e7a1dd43c3d0e6362e5c1d5d51c56a5a3cc997143b12071144a76afbea3b0a,
qwen/B25_37/L23/repair/fold=0,qwen,23,37,0,new_successor_fit,True,5e1bf47a457558cbc0735bd8f9f13ca029cbf3a4,fits/fb87e28a5266b7dd68ed8ad5/fit.json,fb6eaa3b6ceb1fcb9829a32aa2a12d7f08ab6d0cd7a98901f4fb10b5d96bb4cc,
qwen/B25_37/L23/repair/fold=1,qwen,23,37,1,new_successor_fit,True,5e1bf47a457558cbc0735bd8f9f13ca029cbf3a4,fits/8b23135e9fdbf5a3a69ca8b0/fit.json,dafadb01c0656302027ade6aa3bd317ee36ca96d230e9a4f5bb17ef339c9caca,
qwen/B25_37/L23/repair/fold=2,qwen,23,37,2,new_successor_fit,True,5e1bf47a457558cbc0735bd8f9f13ca029cbf3a4,fits/283b80b88864838b114cb0b0/fit.json,bf965d758d1962c374b2e9d21bdcf6c38c52fd62394ccc138476cbe6bf81abf0,
qwen/B25_37/L23/repair/fold=3,qwen,23,37,3,new_successor_fit,True,5e1bf47a457558cbc0735bd8f9f13ca029cbf3a4,fits/1219e641af4afc293c40d936/fit.json,835077cbbe5dcc5762274c3025f65079f06baeac30b56d3fa50b329b4e205381,
qwen/B25_37/L23/repair/fold=4,qwen,23,37,4,new_successor_fit,True,5e1bf47a457558cbc0735bd8f9f13ca029cbf3a4,fits/4c69a8055a57e3ed471f58bf/fit.json,9a6d679b133e129a4951b72e1ab23e420671c224ee891cd210cfc7477c01b902,
qwen/B25_11/L24/repair/fold=0,qwen,24,11,0,new_successor_fit,True,5e1bf47a457558cbc0735bd8f9f13ca029cbf3a4,fits/6c9b9cb55c238e7f2db42d41/fit.json,7b8f52b498ea5634a68e422f3381d84ee5fac8fb0406cbed56b826c539f700c8,
qwen/B25_11/L24/repair/fold=1,qwen,24,11,1,new_successor_fit,True,5e1bf47a457558cbc0735bd8f9f13ca029cbf3a4,fits/e45423f082f61ac916dc3a06/fit.json,c87bdae41a4061f461cdb8e55abb4be5e99e261eef343279e62d83b1ee1d2825,
qwen/B25_11/L24/repair/fold=2,qwen,24,11,2,new_successor_fit,True,5e1bf47a457558cbc0735bd8f9f13ca029cbf3a4,fits/89772cf0a52ff97306559c2f/fit.json,5e5296916290e82d0763bc30856415c9a02d726ab7c50534f7e5f0b2f2be38e3,
qwen/B25_11/L24/repair/fold=3,qwen,24,11,3,new_successor_fit,True,5e1bf47a457558cbc0735bd8f9f13ca029cbf3a4,fits/854a7207360f155bbe0e1c4f/fit.json,759ea94867b551e77fc5724f1b006f5b3163df3c3a9c63c2e68e4946c313aa45,
qwen/B25_11/L24/repair/fold=4,qwen,24,11,4,new_successor_fit,True,5e1bf47a457558cbc0735bd8f9f13ca029cbf3a4,fits/7d53abb18d1172a0494a2d92/fit.json,c6827819b736909587b52fe60796d0914bef9f4b5add2a97f7818bfdeb556e54,
qwen/B25_23/L24/repair/fold=0,qwen,24,23,0,new_successor_fit,True,5e1bf47a457558cbc0735bd8f9f13ca029cbf3a4,fits/4b34aab65942ee2dc5d4d3ef/fit.json,86332eb50f8975d3956b30d2e4395456157c16e76a540b35c1a9470bcf396ece,
qwen/B25_23/L24/repair/fold=1,qwen,24,23,1,new_successor_fit,True,5e1bf47a457558cbc0735bd8f9f13ca029cbf3a4,fits/3c0a0bcd67e73e5445b2265d/fit.json,c0a540afc8390697f54b6b70fc2b63be502b62fe0195ecab26b81c4a2a8af30e,
qwen/B25_23/L24/repair/fold=2,qwen,24,23,2,new_successor_fit,True,5e1bf47a457558cbc0735bd8f9f13ca029cbf3a4,fits/e42c88e19b9a4fa4c2449afc/fit.json,e816173cbe8338c10a5052ccdbe988203ece0c7a1d186ffd1911df57e98cfe96,
qwen/B25_23/L24/repair/fold=3,qwen,24,23,3,new_successor_fit,True,5e1bf47a457558cbc0735bd8f9f13ca029cbf3a4,fits/6d579b250a8e5fec42b9ad75/fit.json,40f8ee607fdcc1e748117cf9a6f189d133879ed9e303e23a846d8d4fe3188304,
qwen/B25_23/L24/repair/fold=4,qwen,24,23,4,new_successor_fit,True,5e1bf47a457558cbc0735bd8f9f13ca029cbf3a4,fits/b8371be84a9d7e25fcadcebf/fit.json,93a39219a6f5c6659edcd3d6d2543ce1bb9a9c1e73cfc056ea9c0e196964c85d,
qwen/B25_37/L24/repair/fold=0,qwen,24,37,0,new_successor_fit,True,5e1bf47a457558cbc0735bd8f9f13ca029cbf3a4,fits/c6a3ae381b4523bdcc727e51/fit.json,4d3fa4712844a88bb0567031b87a6c2322c643758b8e4bc754b6a82990b47774,
qwen/B25_37/L24/repair/fold=1,qwen,24,37,1,new_successor_fit,True,5e1bf47a457558cbc0735bd8f9f13ca029cbf3a4,fits/4f22200ab41a6bc4c9634524/fit.json,c8091fa75dd74b34f020351a23e73c4f1dbbb5207abc944e9611351d3ae0f465,
qwen/B25_37/L24/repair/fold=2,qwen,24,37,2,new_successor_fit,True,5e1bf47a457558cbc0735bd8f9f13ca029cbf3a4,fits/35ed3c03882aa3438c1d7f9a/fit.json,e85ed837ac92a5a16f29c5fc5852d589ff30f7738f807e0c73371d452de0186e,
qwen/B25_37/L24/repair/fold=3,qwen,24,37,3,new_successor_fit,True,5e1bf47a457558cbc0735bd8f9f13ca029cbf3a4,fits/d43b6ce810c97e570070e6f2/fit.json,b80197cf74bf4aef29aa9994eaa9b7cf47aea1f95090cc3d4028360d2ecd3e27,
qwen/B25_37/L24/repair/fold=4,qwen,24,37,4,new_successor_fit,True,5e1bf47a457558cbc0735bd8f9f13ca029cbf3a4,fits/8451714116ec8df43c272060/fit.json,e90dd7f2ae3cc159d2400e71fef0176e07ae48d0f2d19a9945352a041e951173,
qwen/B25_11/L25/repair/fold=0,qwen,25,11,0,new_successor_fit,True,5e1bf47a457558cbc0735bd8f9f13ca029cbf3a4,fits/0c064d3476bf26f64d458f97/fit.json,f18d3f0a0640454e1179928fa8047742cb372f9297b7114e1e1ddc8c6232d1f1,
qwen/B25_11/L25/repair/fold=1,qwen,25,11,1,new_successor_fit,True,5e1bf47a457558cbc0735bd8f9f13ca029cbf3a4,fits/f88aab7419b0c72aac94f022/fit.json,3ef2dc73113ca2e28561bb1e9995b21c2be68913e83ae170c47ecabe3263a8aa,
qwen/B25_11/L25/repair/fold=2,qwen,25,11,2,new_successor_fit,True,5e1bf47a457558cbc0735bd8f9f13ca029cbf3a4,fits/a745067d3b60a41921f3d28c/fit.json,edacc4f16a0c7f61ee890db8bbcbab0bf4de78ecfe768597f2841477121be714,
qwen/B25_11/L25/repair/fold=3,qwen,25,11,3,new_successor_fit,True,5e1bf47a457558cbc0735bd8f9f13ca029cbf3a4,fits/ec1f98a2328cd61b683c96a2/fit.json,fe224567d5f7bef990e0aa3c4c50d325156f7dfed2e42b821805d3d75f7c547b,
qwen/B25_11/L25/repair/fold=4,qwen,25,11,4,new_successor_fit,True,5e1bf47a457558cbc0735bd8f9f13ca029cbf3a4,fits/09aeb203c914b7ca8769b2ff/fit.json,30a14d41a10d40433bda9f135a5a9932b4fa8dcc556df7ac0b6d1a96c25f296a,
qwen/B25_23/L25/repair/fold=0,qwen,25,23,0,new_successor_fit,True,5e1bf47a457558cbc0735bd8f9f13ca029cbf3a4,fits/9bfbe0835d439ea0655a7aae/fit.json,49d34a62780a6fc794bdeed9e5be7022877887e89e9a3762a962ce6c55a54f6a,
qwen/B25_23/L25/repair/fold=1,qwen,25,23,1,new_successor_fit,True,5e1bf47a457558cbc0735bd8f9f13ca029cbf3a4,fits/f2aa7e7e30dee3c3dc65536d/fit.json,7d460dad30eba376cf88f3dcbfcd02efad44b0a1013517d19913cf3c46f36f01,
qwen/B25_23/L25/repair/fold=2,qwen,25,23,2,new_successor_fit,True,5e1bf47a457558cbc0735bd8f9f13ca029cbf3a4,fits/4359575befc0488a47a5e823/fit.json,a5cce9ef77daeb7fb54eed4a6a1c485d99449673589d67144ca29b8a3714962a,
qwen/B25_23/L25/repair/fold=3,qwen,25,23,3,new_successor_fit,True,5e1bf47a457558cbc0735bd8f9f13ca029cbf3a4,fits/b4907cf883683f8de257fc5e/fit.json,67d3af3959e9cef6169c94ffc56e41231f231013778bef97e14a647b10201462,
qwen/B25_23/L25/repair/fold=4,qwen,25,23,4,new_successor_fit,True,5e1bf47a457558cbc0735bd8f9f13ca029cbf3a4,fits/ffebf6f5cdc2c7182a7c6f6b/fit.json,8910d640dcdc38303a83a566d73c15daf1185ac0b15c8e5738d6d5019fca4116,
qwen/B25_37/L25/repair/fold=0,qwen,25,37,0,new_successor_fit,True,5e1bf47a457558cbc0735bd8f9f13ca029cbf3a4,fits/a362e3bda19a0f26aae217c5/fit.json,16d3508a5d3833d160e7803227c51f119ed0f4f159ac2ed6e043542be013829b,
qwen/B25_37/L25/repair/fold=1,qwen,25,37,1,new_successor_fit,True,5e1bf47a457558cbc0735bd8f9f13ca029cbf3a4,fits/6c918fc87826bfd79bed735a/fit.json,f635a362a439974705ca4ccd4249b34316a75ec8a7ca24a05cbb6052acd5f9e9,
qwen/B25_37/L25/repair/fold=2,qwen,25,37,2,new_successor_fit,True,5e1bf47a457558cbc0735bd8f9f13ca029cbf3a4,fits/015c3a8f1c9f37505be8b657/fit.json,f0be94b1809fec31cbc35b215834411a6f07d43a28b92bde720eb4d0c062d050,
qwen/B25_37/L25/repair/fold=3,qwen,25,37,3,new_successor_fit,True,5e1bf47a457558cbc0735bd8f9f13ca029cbf3a4,fits/f250b106b88d76393c56c511/fit.json,67a37fb81e25a7f35e874de5e57f46aec3ec61bf7d6951af5a4113713e7adb74,
qwen/B25_37/L25/repair/fold=4,qwen,25,37,4,new_successor_fit,True,5e1bf47a457558cbc0735bd8f9f13ca029cbf3a4,fits/1599368fe75dd3362d6e8bc5/fit.json,892139ab330d71f1011826e1338edc52247fd100b6762b6e88ce15faeb86e61f,
qwen/B25_11/L26/repair/fold=0,qwen,26,11,0,new_successor_fit,True,5e1bf47a457558cbc0735bd8f9f13ca029cbf3a4,fits/8e74b676c0a1914782f6725a/fit.json,9abbdf0e789e8ae881da6beecb3a17ea3bcb3d4c416b28a821d0835f5ccbd0c7,
qwen/B25_11/L26/repair/fold=1,qwen,26,11,1,new_successor_fit,True,5e1bf47a457558cbc0735bd8f9f13ca029cbf3a4,fits/2cd7edfb28b10edf687e2566/fit.json,1399fe51cef0819c03654290ecc92caa76b924257f8d0b441d4144a9713684c8,
qwen/B25_11/L26/repair/fold=2,qwen,26,11,2,new_successor_fit,True,5e1bf47a457558cbc0735bd8f9f13ca029cbf3a4,fits/d63d19729f1b882aa71b4110/fit.json,db96d775f406a1ba8bd4767d74825dd61605369dc65d2272dacd85cfc12ab670,
qwen/B25_11/L26/repair/fold=3,qwen,26,11,3,new_successor_fit,True,5e1bf47a457558cbc0735bd8f9f13ca029cbf3a4,fits/b2595dc2463cb40579b76622/fit.json,475e116a8e5d7b67c81184bf3bcc9043b0778f539c69d0e971f612e27979923f,
qwen/B25_11/L26/repair/fold=4,qwen,26,11,4,new_successor_fit,True,5e1bf47a457558cbc0735bd8f9f13ca029cbf3a4,fits/2a48505746528129d7d7326b/fit.json,ff3dc77b591d0ba085b5de08f2851a2703f88d012cfbe03e3696d4be83b3775f,
qwen/B25_23/L26/repair/fold=0,qwen,26,23,0,new_successor_fit,True,5e1bf47a457558cbc0735bd8f9f13ca029cbf3a4,fits/6d5ec5b81c6d0ab799685df0/fit.json,afb8eb8d1032c4c27ea58e6f0f2d633412b32be76dff60723c2ffcc5a3897e69,
qwen/B25_23/L26/repair/fold=1,qwen,26,23,1,new_successor_fit,True,5e1bf47a457558cbc0735bd8f9f13ca029cbf3a4,fits/e234e57ee7d234306f838513/fit.json,eb7a163ce212b47cb41ee926c58a8c8a357b6c3a720980b72c93c5501b519aee,
qwen/B25_23/L26/repair/fold=2,qwen,26,23,2,new_successor_fit,True,5e1bf47a457558cbc0735bd8f9f13ca029cbf3a4,fits/f0fda9542e0ffd171accb4c7/fit.json,0faf47949bab653dce84875ab457f8142aa3147b149e6be9a56aceeda753b329,
qwen/B25_23/L26/repair/fold=3,qwen,26,23,3,new_successor_fit,True,5e1bf47a457558cbc0735bd8f9f13ca029cbf3a4,fits/5e50d2db10c86060a1332245/fit.json,1df5460f9ec6b15829d93ef3eb4634cfc822c524f27c19efda8818fa539ac76c,
qwen/B25_23/L26/repair/fold=4,qwen,26,23,4,new_successor_fit,True,5e1bf47a457558cbc0735bd8f9f13ca029cbf3a4,fits/fe17d5c5cff2459265313694/fit.json,cefd5d6b61f73ab9f6773b52876dda8c6e4beb82b68a4ddfc493f8670fee8bf5,
qwen/B25_37/L26/repair/fold=0,qwen,26,37,0,new_successor_fit,True,5e1bf47a457558cbc0735bd8f9f13ca029cbf3a4,fits/9cf8495abf2e7505283d39d8/fit.json,fccd92cded75c9f304ad53a5b9e27571e42dfafbd06df20eb8f9e3ff6175057a,
qwen/B25_37/L26/repair/fold=1,qwen,26,37,1,new_successor_fit,True,5e1bf47a457558cbc0735bd8f9f13ca029cbf3a4,fits/38b7ff820cd89e1e26bd9b7c/fit.json,57476ec61c4f23146c10bae5f6cc2bd24078a06784b311ee96d56b81f66b9a18,
qwen/B25_37/L26/repair/fold=2,qwen,26,37,2,new_successor_fit,True,5e1bf47a457558cbc0735bd8f9f13ca029cbf3a4,fits/4bdb7a8702117276d3438dbb/fit.json,c96f37fada440f969b9ce5b6dda4a240c42b879895ce1fb2a210099f4af3e753,
qwen/B25_37/L26/repair/fold=3,qwen,26,37,3,new_successor_fit,True,5e1bf47a457558cbc0735bd8f9f13ca029cbf3a4,fits/a364ad285b6031d27f9e022b/fit.json,befd5e41c13908ffc52a167df3b8c7e96673c96337ffcb139832a447176c6c0e,
qwen/B25_37/L26/repair/fold=4,qwen,26,37,4,new_successor_fit,True,5e1bf47a457558cbc0735bd8f9f13ca029cbf3a4,fits/9dc6976c5e43a7b8365c8da5/fit.json,17a27f2840d35ed88a9fd0dd579b2f4d1e4fdb90edf44cf4b3703858284bcc4d,
qwen/B25_11/L27/repair/fold=0,qwen,27,11,0,new_successor_fit,True,5e1bf47a457558cbc0735bd8f9f13ca029cbf3a4,fits/d270a95ab432ee9a7be9932a/fit.json,dae8b09aef42516f98dffba18674dc4c880e1c4e9e4816c74b4cf3c2ff2fd469,
qwen/B25_11/L27/repair/fold=1,qwen,27,11,1,new_successor_fit,True,5e1bf47a457558cbc0735bd8f9f13ca029cbf3a4,fits/7cf2dbf5f16988519ee4164f/fit.json,d4056282e9af1f954ef2236acd083fe157f4d0dfa83336322c4517b13aedb09a,
qwen/B25_11/L27/repair/fold=2,qwen,27,11,2,new_successor_fit,True,5e1bf47a457558cbc0735bd8f9f13ca029cbf3a4,fits/064b037d11ba7fb68186e4c4/fit.json,603eb26c112760c0659b583b8793cfa928a150890f6da8de6b1be537fbe9a398,
qwen/B25_11/L27/repair/fold=3,qwen,27,11,3,new_successor_fit,True,5e1bf47a457558cbc0735bd8f9f13ca029cbf3a4,fits/afa04fb684afd46325e577e5/fit.json,fd7362867ca68ef96e162c782181f0809b6a93c021b01be62ca7a972a0f5bbb8,
qwen/B25_11/L27/repair/fold=4,qwen,27,11,4,new_successor_fit,True,5e1bf47a457558cbc0735bd8f9f13ca029cbf3a4,fits/d9ea55aba2a69dba3fd5df3c/fit.json,f7ce1c14ef7a37cfa88c644a2b00baf86f90ef3ddd981f02e724a47d7ad44a06,
qwen/B25_23/L27/repair/fold=0,qwen,27,23,0,new_successor_fit,True,5e1bf47a457558cbc0735bd8f9f13ca029cbf3a4,fits/fd446030f8d16ecc4df79f6e/fit.json,49bbe2afe826b50adf1dad8dfb6dcb60b6b4446a66ef5ed0e0d010694be890e7,
qwen/B25_23/L27/repair/fold=1,qwen,27,23,1,new_successor_fit,True,5e1bf47a457558cbc0735bd8f9f13ca029cbf3a4,fits/ae2ef47ece179d7bc14024ee/fit.json,d7a5819b54038cf4d0cbd78af249a0867bd51db97ccb14a4fa94e5315bc2ba74,
qwen/B25_23/L27/repair/fold=2,qwen,27,23,2,new_successor_fit,True,5e1bf47a457558cbc0735bd8f9f13ca029cbf3a4,fits/c42e24053a790a9513237724/fit.json,f33ec381dbba2a3adb83445bae76031deaf5edf65af30692198c25e7068f958a,
qwen/B25_23/L27/repair/fold=3,qwen,27,23,3,new_successor_fit,True,5e1bf47a457558cbc0735bd8f9f13ca029cbf3a4,fits/fdd7d39523e55e1e0c57504d/fit.json,3952e7ead8fb73053105a3683b3047ccd23c0b2526a26c2c927d35b40ae38859,
qwen/B25_23/L27/repair/fold=4,qwen,27,23,4,new_successor_fit,True,5e1bf47a457558cbc0735bd8f9f13ca029cbf3a4,fits/16b3a9f3183aa4e575d65a13/fit.json,2903dd92a7dd2adcce6459a4a0b1fec45c730011098e4c7a5a9f5364b89d7f10,
qwen/B25_37/L27/repair/fold=0,qwen,27,37,0,new_successor_fit,True,5e1bf47a457558cbc0735bd8f9f13ca029cbf3a4,fits/cef33f97459a8a64f8b53e63/fit.json,93a71f4514efae2ceb622ed6dbd5eefe1c9d06dbe58cb3301849914d0cc54abe,
qwen/B25_37/L27/repair/fold=1,qwen,27,37,1,new_successor_fit,True,5e1bf47a457558cbc0735bd8f9f13ca029cbf3a4,fits/0cdcc0654e16de9f985d8b8b/fit.json,f85fdfae9efc0af7376cac70391c937cfd30822376f5ad5e5b68ec6b37f94a73,
qwen/B25_37/L27/repair/fold=2,qwen,27,37,2,new_successor_fit,True,5e1bf47a457558cbc0735bd8f9f13ca029cbf3a4,fits/14b4c93adcaa649614d62861/fit.json,cb5ecf5b0001cc0e1d40f310a2e38f0de72f5e49a200910338587f0ccce087c1,
qwen/B25_37/L27/repair/fold=3,qwen,27,37,3,new_successor_fit,True,5e1bf47a457558cbc0735bd8f9f13ca029cbf3a4,fits/9eef4e561ea3e26fed2d2cc4/fit.json,e8531edb03a1d39ec63ef55b2f543621151c08ded48e1e85da01490df19b81a4,
qwen/B25_37/L27/repair/fold=4,qwen,27,37,4,new_successor_fit,True,5e1bf47a457558cbc0735bd8f9f13ca029cbf3a4,fits/f77ab73b57783d0f84b1d3b9/fit.json,82e750aafd0111b97f7b928946a438a650d26abac91e7ec8db74c180f4934050,
