model,layer,method,metric,scope,topic,rows,full_auroc,P15_auroc,P10_auroc,original_P15_minus_full,original_trigger,P10_minus_full,P10_minus_full_ci_low,P10_minus_full_ci_high,P10_minus_full_trigger,P10_minus_full_valid_bootstrap,P10_minus_P15,P10_minus_P15_ci_low,P10_minus_P15_ci_high,P10_minus_P15_trigger,P10_minus_P15_valid_bootstrap
llama,10,l2_logistic,atomic_auroc,pooled,all,1012,0.9999921885984784,1.0,1.0,7.811401521617967e-06,False,7.811401521617967e-06,0.0,3.5016242844129725e-05,False,2000,0.0,0.0,0.0,False,2000
llama,10,l2_logistic,atomic_auroc,topic,cities,596,1.0,1.0,1.0,0.0,False,0.0,0.0,0.0,False,2000,0.0,0.0,0.0,False,2000
llama,10,l2_logistic,atomic_auroc,topic,sp_en_trans,146,1.0,1.0,1.0,0.0,False,0.0,0.0,0.0,False,2000,0.0,0.0,0.0,False,2000
llama,10,l2_logistic,atomic_auroc,topic,inventors,134,1.0,1.0,1.0,0.0,False,0.0,0.0,0.0,False,2000,0.0,0.0,0.0,False,2000
llama,10,l2_logistic,atomic_auroc,topic,element_symb,72,1.0,1.0,1.0,0.0,False,0.0,0.0,0.0,False,2000,0.0,0.0,0.0,False,2000
llama,10,l2_logistic,atomic_auroc,topic,animal_class,64,1.0,1.0,1.0,0.0,False,0.0,0.0,0.0,False,2000,0.0,0.0,0.0,False,2000
llama,10,l2_logistic,atomic_auroc,topic_macro,all,1012,1.0,1.0,1.0,0.0,False,0.0,0.0,0.0,False,2000,0.0,0.0,0.0,False,2000
llama,10,l2_logistic,and_auroc,pooled,all,3864,0.9442001123070526,0.9460790407320248,0.9448713112634257,0.0018789284249721705,False,0.0006711989563731313,-0.001907107204637104,0.003916039053949264,False,2000,-0.0012077294685990392,-0.001993381530997784,-0.00043053871592617983,False,2000
llama,10,l2_logistic,and_auroc,topic,cities,2384,0.9772682912181133,0.9844930033181688,0.9836737834632073,0.007224712100055486,False,0.006405492245094013,0.002597482448235047,0.012435165303053667,False,2000,-0.0008192198549614726,-0.0018193114657249349,-0.0002538826906014233,False,2000
llama,10,l2_logistic,and_auroc,topic,sp_en_trans,544,0.9473399653979239,0.9456999711649365,0.9438797577854672,-0.0016399942329873296,False,-0.0034602076124566894,-0.011454575726775034,0.003765724963301557,False,2000,-0.0018202133794693598,-0.00565368903897665,0.0019299768518519337,False,2000
llama,10,l2_logistic,and_auroc,topic,inventors,392,0.9844509232264335,0.984277384423157,0.9854921560460919,-0.00017353880327641846,False,0.0010412328196583998,-0.006629427385600214,0.008349473426189991,False,2000,0.0012147716229348182,-0.001603190104166663,0.00537113282143061,False,2000
llama,10,l2_logistic,and_auroc,topic,element_symb,288,0.9964634773662552,0.9962062757201646,0.996141975308642,-0.0002572016460905546,False,-0.0003215020576131655,-0.004758840830449818,0.0016582324106112782,False,2000,-6.43004115226109e-05,-0.0010961538461539105,0.0009769205342102635,False,2000
llama,10,l2_logistic,and_auroc,topic,animal_class,256,0.9972330729166666,0.998291015625,0.997802734375,0.0010579427083333703,False,0.0005696614583333703,-0.0007927070947284537,0.0030998192148760477,False,2000,-0.00048828125,-0.0027636054421767975,0.00031887755102033566,False,2000
llama,10,l2_logistic,and_auroc,topic_macro,all,3864,0.9805511460250786,0.9817935300502854,0.9813980813956817,0.0012423840252067109,False,0.0008469353706030969,-0.0018075424709184135,0.0031184677480025707,False,2000,-0.000395448654603614,-0.001424577443375899,0.000743690441470906,False,2000
llama,10,l2_logistic,or_auroc,pooled,all,3864,0.8225087766675668,0.8084318163308172,0.8070172618511803,-0.014076960336749655,False,-0.015491514816386553,-0.02000946316707,-0.011009396334139597,False,2000,-0.001414554479636898,-0.0024237745292892132,-0.0003372122913688081,False,2000
llama,10,l2_logistic,or_auroc,topic,cities,2384,0.8919924778163146,0.8694766001531462,0.8699448598411483,-0.022515877663168427,False,-0.0220476179751663,-0.02831546395394853,-0.015438793956637257,False,2000,0.00046825968800212614,-0.0011990680541201283,0.0019464582143967307,False,2000
llama,10,l2_logistic,or_auroc,topic,sp_en_trans,544,0.8465253748558247,0.8496071222606689,0.8493367935409458,0.0030817474048442373,False,0.0028114186851211365,-0.004839772622138291,0.0106032191982549,False,2000,-0.0002703287197231008,-0.0035525107952758123,0.0035544217687074635,False,2000
llama,10,l2_logistic,or_auroc,topic,inventors,392,0.7973413855338054,0.8022004720255449,0.8020616409829238,0.004859086491739495,False,0.00472025544911836,-0.013009413033921013,0.025682630670611332,False,2000,-0.00013883104262113477,-0.0064341666666666245,0.007218838745196087,False,2000
llama,10,l2_logistic,or_auroc,topic,element_symb,288,0.8221450617283951,0.8124356995884774,0.8141718106995884,-0.009709362139917688,False,-0.007973251028806638,-0.021734411766815908,0.0021158854166666297,False,2000,0.0017361111111110494,-0.0023138895863769465,0.005850365068867083,False,2000
llama,10,l2_logistic,or_auroc,topic,animal_class,256,0.8240559895833334,0.8080240885416666,0.8095703125,-0.01603190104166674,False,-0.01448567708333337,-0.047953881766381774,0.00743880876788061,False,2000,0.0015462239583333703,-0.004686556665405181,0.0099919073604471,False,2000
llama,10,l2_logistic,or_auroc,topic_macro,all,3864,0.8364120579035348,0.8283487965139009,0.8290170835129214,-0.008063261389633869,False,-0.007394974390613429,-0.016221487051547957,-0.0008097731233545016,False,2000,0.0006682869990204399,-0.0013978589692016264,0.003170105764474488,False,2000
llama,10,l2_logistic,and_tt_vs_mixed_auroc,pooled,all,2898,0.9182280347551749,0.9215865300121309,0.919928179211193,0.0033584952569559734,False,0.0017001444560180712,-0.0020670187708434567,0.006557673598177161,False,2000,-0.0016583508009379022,-0.002746656276425266,-0.000555565385371044,False,2000
llama,10,l2_logistic,and_tt_vs_mixed_auroc,topic,cities,1788,0.9659854848880681,0.9767592112967884,0.9755303815143462,0.010773726408720319,False,0.00954489662627811,0.003878437212475075,0.018556831061654868,False,2000,-0.001228829782442209,-0.002728967198587401,-0.0003808240359021391,False,2000
llama,10,l2_logistic,and_tt_vs_mixed_auroc,topic,sp_en_trans,408,0.9213884083044983,0.918739186851211,0.9160629325259516,-0.002649221453287276,False,-0.0053254757785466955,-0.017273020048247646,0.005410502254471672,False,2000,-0.0026762543252594195,-0.008325309039453308,0.002952308308678512,False,2000
llama,10,l2_logistic,and_tt_vs_mixed_auroc,topic,inventors,294,0.9766763848396501,0.9764160766347355,0.9782382340691379,-0.0002603082049146277,False,0.0015618492294877662,-0.009944141078400378,0.01252421013928499,False,2000,0.0018221574344023939,-0.0024047851562499917,0.00805669923214592,False,2000
llama,10,l2_logistic,and_tt_vs_mixed_auroc,topic,element_symb,216,0.9946952160493827,0.9943094135802469,0.9942129629629629,-0.0003858024691357764,False,-0.0004822530864198038,-0.007138261245674671,0.002487348615916969,False,2000,-9.645061728402737e-05,-0.0016442307692308145,0.0014653808013153939,False,2000
llama,10,l2_logistic,and_tt_vs_mixed_auroc,topic,animal_class,192,0.995849609375,0.9974365234375,0.9967041015625,0.0015869140625,False,0.0008544921875,-0.0011890606420926792,0.004649728822314125,False,2000,-0.000732421875,-0.004145408163265254,0.0004783163265306145,False,2000
llama,10,l2_logistic,and_tt_vs_mixed_auroc,topic_macro,all,2898,0.9709190206913199,0.9727320823600962,0.9721497225269797,0.0018130616687763723,False,0.0012307018356598753,-0.002730395470677255,0.004623672319037431,False,2000,-0.000582359833116497,-0.0021285279395621805,0.0011246640997100367,False,2000
llama,10,l2_logistic,or_mixed_vs_ff_auroc,pooled,all,2898,0.7453410790907415,0.7247244833661253,0.7236421348627667,-0.02061659572461627,False,-0.021698944227974803,-0.028013328946970683,-0.015416279078008374,False,2000,-0.0010823485033585323,-0.002380603780379195,0.0002889548602386072,False,2000
llama,10,l2_logistic,or_mixed_vs_ff_auroc,topic,cities,1788,0.8381688887887933,0.8050017454168731,0.805678798252331,-0.03316714337192017,False,-0.032490090536462235,-0.04147211010226463,-0.022817112528577016,False,2000,0.0006770528354579364,-0.0017907161389979804,0.0028879370406111847,False,2000
llama,10,l2_logistic,or_mixed_vs_ff_auroc,topic,sp_en_trans,408,0.769869160899654,0.7744106833910035,0.7740051903114187,0.004541522491349537,False,0.004136029411764719,-0.007259658933207491,0.01581686251577936,False,2000,-0.00040549307958481773,-0.005328766192913717,0.005331632653061247,False,2000
llama,10,l2_logistic,or_mixed_vs_ff_auroc,topic,inventors,294,0.7149625156184923,0.7201166180758017,0.7200645564348188,0.005154102457309406,False,0.005102040816326481,-0.01792707087430569,0.035000322356675294,False,2000,-5.206164098292554e-05,-0.009014470874466126,0.011102449885123137,False,2000
llama,10,l2_logistic,or_mixed_vs_ff_auroc,topic,element_symb,216,0.7332175925925926,0.7186535493827161,0.7212577160493827,-0.014564043209876476,False,-0.011959876543209846,-0.032601617650223805,0.003173828125,False,2000,0.0026041666666666297,-0.0034708343795653127,0.008775547603300573,False,2000
llama,10,l2_logistic,or_mixed_vs_ff_auroc,topic,animal_class,192,0.7373046875,0.713623046875,0.71630859375,-0.023681640625,False,-0.02099609375,-0.07193082264957261,0.011741973840665887,False,2000,0.002685546875,-0.006859589312401784,0.014987861040670757,False,2000
llama,10,l2_logistic,or_mixed_vs_ff_auroc,topic_macro,all,2898,0.7587045690799064,0.7463611286282789,0.7474629709595902,-0.012343440451627496,False,-0.01124159812031611,-0.024249641068947912,-0.001537452288710587,False,2000,0.0011018423313113868,-0.0019280130931038086,0.004824591726276923,False,2000
llama,10,difference_of_means,atomic_auroc,pooled,all,1012,0.9931728350700683,0.995207705166461,0.9946921526660314,0.0020348700963926936,False,0.0015193175959631322,0.000927953171306381,0.002211159493253653,False,2000,-0.0005155525004295614,-0.0008312988737472187,-0.0002811739912255557,False,2000
llama,10,difference_of_means,atomic_auroc,topic,cities,596,0.9975226341155804,0.9987050132876898,0.9984122336831674,0.0011823791721093935,False,0.0008895995675870516,0.0003150195937120043,0.0016440700869330138,False,2000,-0.00029277960452234186,-0.000686905995225473,-4.504301608043715e-05,False,2000
llama,10,difference_of_means,atomic_auroc,topic,sp_en_trans,146,0.9977481703884407,0.9990617376618502,0.9988740851942203,0.0013135672734095882,False,0.0011259148057796153,0.0,0.003565396884969041,False,2000,-0.0001876524676299729,-0.0011259148057797264,0.0,False,2000
llama,10,difference_of_means,atomic_auroc,topic,inventors,134,0.9763867231009133,0.980396524838494,0.9799509913120963,0.004009801737580698,False,0.0035642682111829416,0.0007318628074149431,0.0071166207529843595,False,2000,-0.0004455335263977567,-0.0016570512820512306,0.0,False,2000
llama,10,difference_of_means,atomic_auroc,topic,element_symb,72,0.9652777777777778,0.9714506172839507,0.9691358024691358,0.006172839506172867,False,0.0038580246913579863,0.0,0.010802469135802406,False,2000,-0.0023148148148148806,-0.00925925925925919,0.0,False,2000
llama,10,difference_of_means,atomic_auroc,topic,animal_class,64,1.0,1.0,1.0,0.0,False,0.0,0.0,0.0,False,2000,0.0,0.0,0.0,False,2000
llama,10,difference_of_means,atomic_auroc,topic_macro,all,1012,0.9873870610765424,0.9899227786143969,0.9892746225317239,0.0025357175378545316,False,0.0018875614551815412,0.0007316731106769031,0.0033261017253553723,False,2000,-0.0006481560826729904,-0.001926172828384476,-3.6034412864369145e-05,False,2000
llama,10,difference_of_means,and_auroc,pooled,all,3864,0.9625832479599695,0.9616198506287623,0.962128161493541,-0.0009633973312072053,False,-0.0004550864664285559,-0.0010127640666561938,6.988330136724604e-05,False,2000,0.0005083108647786494,0.00020151769814514552,0.0008014879213250169,False,2000
llama,10,difference_of_means,and_auroc,topic,cities,2384,0.9879641307448613,0.9879941594222482,0.9879265948981277,3.0028677386884084e-05,False,-3.7535846733605105e-05,-0.00022485084324255777,0.0001357719912879417,False,2000,-6.756452412048919e-05,-0.00021045124595797936,3.426499781260525e-05,False,2000
llama,10,difference_of_means,and_auroc,topic,sp_en_trans,544,0.9311923298731257,0.9294261822376009,0.9301831026528259,-0.0017661476355248507,False,-0.0010092272202998354,-0.00406083016719927,0.001019682234615328,False,2000,0.0007569204152250153,-0.0006070493462216803,0.0023762836146125894,False,2000
llama,10,difference_of_means,and_auroc,topic,inventors,392,0.9870540052755796,0.987227544078856,0.987227544078856,0.00017353880327641846,False,0.00017353880327641846,-0.0013377661651843454,0.0015067579201101732,False,2000,0.0,-0.0011577657215541797,0.0012829253343637226,False,2000
llama,10,difference_of_means,and_auroc,topic,element_symb,288,0.9914480452674898,0.9911908436213992,0.9913194444444444,-0.0002572016460905546,False,-0.00012860082304533282,-0.0010816657652785722,0.0005558390022675482,False,2000,0.0001286008230452218,0.0,0.0008333333333333526,False,2000
llama,10,difference_of_means,and_auroc,topic,animal_class,256,0.99658203125,0.9967447916666666,0.9967447916666666,0.00016276041666662966,False,0.00016276041666662966,0.0,0.0011581987382744585,False,2000,0.0,0.0,0.0,False,2000
llama,10,difference_of_means,and_auroc,topic_macro,all,3864,0.9788481084822113,0.9785167042053542,0.9786802955481843,-0.0003314042768570724,False,-0.0001678129340270118,-0.0008937656677499267,0.00035928841195410037,False,2000,0.0001635913428300606,-0.0002130208663990274,0.0005820087896302254,False,2000
llama,10,difference_of_means,or_auroc,pooled,all,3864,0.8317583912371922,0.8304324250178963,0.8312215035142392,-0.0013259662192959265,False,-0.0005368877229530167,-0.0015993842565457245,0.00046954933756621824,False,2000,0.0007890784963429098,0.00014267223133143382,0.0014231676845272156,False,2000
llama,10,difference_of_means,or_auroc,topic,cities,2384,0.907076257826224,0.9027127156434395,0.9047039923126586,-0.004363542182784563,False,-0.002372265513565397,-0.003257012112812424,-0.0015256985127205277,False,2000,0.0019912766692191664,0.0014013541024181981,0.0025629767879257162,False,2000
llama,10,difference_of_means,or_auroc,topic,sp_en_trans,544,0.8240880911188004,0.8246828143021915,0.8247368800461361,0.0005947231833910438,False,0.000648788927335664,-0.0018344446878623244,0.003734613226019398,False,2000,5.406574394462016e-05,-0.0017952383958254575,0.0022759386266861803,False,2000
llama,10,difference_of_means,or_auroc,topic,inventors,392,0.8365958628349299,0.8307649590448424,0.8333333333333334,-0.005830903790087549,False,-0.003262529501596556,-0.007080013053461898,0.00014316489594137633,False,2000,0.0025683742884909933,-0.0002567958175893642,0.006175561170760724,False,2000
llama,10,difference_of_means,or_auroc,topic,element_symb,288,0.8218878600823045,0.8183513374485597,0.8203446502057613,-0.003536522633744821,False,-0.0015432098765432167,-0.004898059223689533,0.00016351393711415562,False,2000,0.001993312757201604,-0.0001532884778179949,0.005722408219029859,False,2000
llama,10,difference_of_means,or_auroc,topic,animal_class,256,0.8074544270833334,0.8042805989583334,0.806884765625,-0.003173828125,False,-0.0005696614583333703,-0.006756957105544065,0.0034017757493622464,False,2000,0.0026041666666666297,0.0,0.00762298488257061,False,2000
llama,10,difference_of_means,or_auroc,topic_macro,all,3864,0.8394204997891184,0.8361584850794733,0.8380007243045778,-0.0032620147096450447,False,-0.0014197754845405308,-0.003066486625305406,-8.298583838342415e-05,False,2000,0.0018422392251045139,0.0008338989839209665,0.0031944269739981874,False,2000
llama,10,difference_of_means,and_tt_vs_mixed_auroc,pooled,all,2898,0.9444830232029799,0.9430765059647047,0.9438116456412433,-0.001406517238275229,False,-0.0006713775617366302,-0.0014810608074365989,9.204241006355018e-05,False,2000,0.0007351396765385987,0.0002958598400534779,0.0011588351052279836,False,2000
llama,10,difference_of_means,and_tt_vs_mixed_auroc,topic,cities,1788,0.9820362821494527,0.982081325165533,0.9819785707850998,4.5043016080326126e-05,False,-5.771136435295254e-05,-0.00033727626486373117,0.00020148750476086077,False,2000,-0.00010275438043327867,-0.00031567686893702593,4.95933346558175e-05,False,2000
llama,10,difference_of_means,and_tt_vs_mixed_auroc,topic,sp_en_trans,408,0.8971399221453287,0.8944096020761245,0.895544982698962,-0.0027303200692041507,False,-0.0015949394463666833,-0.0060912452507987935,0.0014191937869822257,False,2000,0.0011353806228374674,-0.0009105740193325717,0.0035644254219189923,False,2000
llama,10,difference_of_means,and_tt_vs_mixed_auroc,topic,inventors,294,0.9805810079133694,0.9808413161182841,0.9808413161182841,0.0002603082049146277,False,0.0002603082049146277,-0.002006649247776515,0.002260136880165371,False,2000,0.0,-0.0017366485823313265,0.0019243880015455271,False,2000
llama,10,difference_of_means,and_tt_vs_mixed_auroc,topic,element_symb,216,0.9871720679012346,0.9867862654320988,0.9869791666666666,-0.0003858024691357764,False,-0.00019290123456794372,-0.00162249864791775,0.0008337585034013777,False,2000,0.0001929012345678327,0.0,0.0012499999999999734,False,2000
llama,10,difference_of_means,and_tt_vs_mixed_auroc,topic,animal_class,192,0.994873046875,0.9951171875,0.9951171875,0.000244140625,False,0.000244140625,0.0,0.0017372981074118517,False,2000,0.0,0.0,0.0,False,2000
llama,10,difference_of_means,and_tt_vs_mixed_auroc,topic_macro,all,2898,0.9683604653968771,0.967847139258408,0.9680922447538023,-0.0005133261384691057,False,-0.0002682206430748568,-0.0013406485016247886,0.0005226883911698565,False,2000,0.00024510549539424886,-0.0003195312995984856,0.0008724055927849861,False,2000
llama,10,difference_of_means,or_mixed_vs_ff_auroc,pooled,all,2898,0.7540421965887805,0.7507919361821603,0.7523597340637578,-0.0032502604066201313,False,-0.0016824625250226877,-0.003029117003836812,-0.00038695059439880345,False,2000,0.0015677978815974436,0.0007269869645096349,0.0024150335718543105,False,2000
llama,10,difference_of_means,or_mixed_vs_ff_auroc,topic,cities,1788,0.8606383158416288,0.8540944101617044,0.857081325165533,-0.006543905679924356,False,-0.003556990676095717,-0.0048802082322843025,-0.002288586828305012,False,2000,0.0029869150038286385,0.0021044729883834185,0.0038444651818885203,False,2000
llama,10,difference_of_means,or_mixed_vs_ff_auroc,topic,sp_en_trans,408,0.7365916955017301,0.737348615916955,0.7374567474048442,0.0007569204152249043,False,0.0008650519031141446,-0.002868323699226702,0.005294648642074619,False,2000,0.00010813148788924032,-0.002662820512820538,0.0034139079400293247,False,2000
llama,10,difference_of_means,or_mixed_vs_ff_auroc,topic,inventors,294,0.7647334443981675,0.7572365680966264,0.7605685131195336,-0.0074968763015410556,False,-0.004164931278633932,-0.00956870867799787,0.0006733107125855094,False,2000,0.0033319450229071235,-0.000517136524545303,0.008131114552205828,False,2000
llama,10,difference_of_means,or_mixed_vs_ff_auroc,topic,element_symb,216,0.7328317901234568,0.7276234567901234,0.7306134259259259,-0.00520833333333337,False,-0.0022183641975308532,-0.007151153846153854,0.00031947900044784153,False,2000,0.002989969135802517,-0.00022993271672688552,0.008583612328544736,False,2000
llama,10,difference_of_means,or_mixed_vs_ff_auroc,topic,animal_class,192,0.7119140625,0.707275390625,0.711181640625,-0.004638671875,False,-0.000732421875,-0.009770901171602522,0.0051272515190972185,False,2000,0.00390625,0.0,0.011434477323855914,False,2000
llama,10,difference_of_means,or_mixed_vs_ff_auroc,topic_macro,all,2898,0.7613418616729967,0.7567156883180818,0.7593803304481674,-0.0046261733549148865,False,-0.001961531224829227,-0.004303254777340138,-5.816295671368699e-05,False,2000,0.0026646421300856593,0.0012224577745006044,0.004623703725497338,False,2000
llama,10,mass_mean_covariance,atomic_auroc,pooled,all,1012,1.0,1.0,1.0,0.0,False,0.0,0.0,0.0,False,2000,0.0,0.0,0.0,False,2000
llama,10,mass_mean_covariance,atomic_auroc,topic,cities,596,1.0,1.0,1.0,0.0,False,0.0,0.0,0.0,False,2000,0.0,0.0,0.0,False,2000
llama,10,mass_mean_covariance,atomic_auroc,topic,sp_en_trans,146,1.0,1.0,1.0,0.0,False,0.0,0.0,0.0,False,2000,0.0,0.0,0.0,False,2000
llama,10,mass_mean_covariance,atomic_auroc,topic,inventors,134,1.0,1.0,1.0,0.0,False,0.0,0.0,0.0,False,2000,0.0,0.0,0.0,False,2000
llama,10,mass_mean_covariance,atomic_auroc,topic,element_symb,72,1.0,1.0,1.0,0.0,False,0.0,0.0,0.0,False,2000,0.0,0.0,0.0,False,2000
llama,10,mass_mean_covariance,atomic_auroc,topic,animal_class,64,1.0,1.0,1.0,0.0,False,0.0,0.0,0.0,False,2000,0.0,0.0,0.0,False,2000
llama,10,mass_mean_covariance,atomic_auroc,topic_macro,all,1012,1.0,1.0,1.0,0.0,False,0.0,0.0,0.0,False,2000,0.0,0.0,0.0,False,2000
llama,10,mass_mean_covariance,and_auroc,pooled,all,3864,0.9654223588196043,0.9690937706735708,0.9662528737603002,0.0036714118539665774,False,0.00083051494069597,-0.0030378044922066,0.004562054945995748,False,2000,-0.0028408969132706074,-0.004405917468539538,-0.0014337032679561498,False,2000
llama,10,mass_mean_covariance,and_auroc,topic,cities,2384,0.9866766512018978,0.9930389772232482,0.9924102517904599,0.00636232602135034,False,0.005733600588562093,0.0026476171227086177,0.009125453607488851,False,2000,-0.0006287254327882463,-0.001491791788260141,0.00011407526928030855,False,2000
llama,10,mass_mean_covariance,and_auroc,topic,sp_en_trans,544,0.9163062283737025,0.9295162918108419,0.9252991637831603,0.013210063437139485,False,0.008992935409457892,0.00026239639377635405,0.0174477371807819,False,2000,-0.004217128027681594,-0.009912323050132732,-6.328436202927188e-05,False,2000
llama,10,mass_mean_covariance,and_auroc,topic,inventors,392,0.9678606136332084,0.9606761071775649,0.961057892544773,-0.007184506455643502,False,-0.006802721088435382,-0.016989398643586368,0.00115251154218957,False,2000,0.0003817853672081206,-0.006491757102678086,0.007535303192120482,False,2000
llama,10,mass_mean_covariance,and_auroc,topic,element_symb,288,0.9918338477366255,0.9926054526748971,0.9946630658436214,0.0007716049382715529,False,0.002829218106995879,-0.0008151358380484002,0.009066775198641545,False,2000,0.002057613168724326,-0.001990715706425072,0.005454237488695583,False,2000
llama,10,mass_mean_covariance,and_auroc,topic,animal_class,256,0.9982096354166666,0.9986979166666666,0.998291015625,0.00048828125,False,8.138020833337034e-05,-0.001479344729344792,0.0015854141894570128,False,2000,-0.00040690104166662966,-0.003200018289894813,0.0007407407407407085,False,2000
llama,10,mass_mean_covariance,and_auroc,topic_macro,all,3864,0.9721773952724202,0.9749069491106438,0.9743442779174029,0.0027295538382235973,False,0.0021668826449826595,-0.0009000228892032669,0.0048539820956914085,False,2000,-0.0005626711932409378,-0.0026634104117828294,0.0011152014789913467,False,2000
llama,10,mass_mean_covariance,or_auroc,pooled,all,3864,0.726717004802341,0.7450812082867173,0.7443971497441657,0.018364203484376285,False,0.017680144941824683,0.010860507660612542,0.02522171245819687,False,2000,-0.0006840585425516021,-0.006382746007824946,0.00409522102836235,False,2000
llama,10,mass_mean_covariance,or_auroc,topic,cities,2384,0.7299614882212513,0.7679214900229719,0.7673969265648695,0.037960001801720655,False,0.03743543834361818,0.02886010712819621,0.046499000745687386,False,2000,-0.0005245634581024783,-0.009041186911526874,0.007352883923176847,False,2000
llama,10,mass_mean_covariance,or_auroc,topic,sp_en_trans,544,0.8596633506343714,0.8685841983852365,0.8696474913494809,0.008920847750865102,False,0.009984140715109557,0.002533119658119737,0.01905674218660623,False,2000,0.0010632929642444555,-0.0038356704059828634,0.008378950212979396,False,2000
llama,10,mass_mean_covariance,or_auroc,topic,inventors,392,0.7338955990559489,0.7186935998889352,0.7368110509509926,-0.015201999167013702,False,0.002915451895043719,-0.021667805851396604,0.029937602987777284,False,2000,0.01811745106205742,0.003395262667181004,0.03452734910836756,False,2000
llama,10,mass_mean_covariance,or_auroc,topic,element_symb,288,0.7802854938271605,0.7658822016460906,0.7719907407407407,-0.014403292181069949,False,-0.008294753086419804,-0.024721125740423826,0.005898536494553054,False,2000,0.006108539094650145,-0.002207249699708516,0.01870823773296297,False,2000
llama,10,mass_mean_covariance,or_auroc,topic,animal_class,256,0.537841796875,0.5887044270833334,0.6072591145833334,0.05086263020833337,False,0.06941731770833337,0.01571338829649508,0.11203108815542673,False,2000,0.0185546875,-0.0031716858745693796,0.04573412698412696,False,2000
llama,10,mass_mean_covariance,or_auroc,topic_macro,all,3864,0.7283295457227464,0.7419571834053135,0.7506210648378834,0.013627637682567029,False,0.022291519115136937,0.010285467201773604,0.03320314009766874,False,2000,0.008663881432569909,0.0031695379525447263,0.016297653675279352,False,2000
llama,10,mass_mean_covariance,and_tt_vs_mixed_auroc,pooled,all,2898,0.9492410700890312,0.9545563657094848,0.9505613209366922,0.0053152956204535196,False,0.0013202508476609642,-0.0042720302052813046,0.006772937309997257,False,2000,-0.003995044772792555,-0.006187655593736777,-0.0019819060592629833,False,2000
llama,10,mass_mean_covariance,and_tt_vs_mixed_auroc,topic,cities,1788,0.9800417210936444,0.9895753569659025,0.9886266384397099,0.009533635872258084,False,0.00858491734606548,0.003966380579927889,0.013629459674483717,False,2000,-0.0009487185261926045,-0.002242502344998759,0.00015794977301819929,False,2000
llama,10,mass_mean_covariance,and_tt_vs_mixed_auroc,topic,sp_en_trans,408,0.875,0.8945447664359861,0.8881650086505191,0.019544766435986127,False,0.013165008650519061,0.00022137797879408794,0.025941284630178314,False,2000,-0.006379757785467066,-0.014833234009004237,-0.00015724945018308464,False,2000
llama,10,mass_mean_covariance,and_tt_vs_mixed_auroc,topic,inventors,294,0.9521553519366931,0.9421074552269888,0.9426280716368179,-0.010047896709704296,False,-0.009527280299875152,-0.02388525436314131,0.001972771819526526,False,2000,0.0005206164098291444,-0.009319783654317609,0.010804692816635167,False,2000
llama,10,mass_mean_covariance,and_tt_vs_mixed_auroc,topic,element_symb,216,0.9877507716049383,0.9889081790123457,0.9919945987654321,0.0011574074074074403,False,0.004243827160493763,-0.0012227037570727128,0.013600162797962369,False,2000,0.0030864197530863224,-0.0029860735596376614,0.008181356233043318,False,2000
llama,10,mass_mean_covariance,and_tt_vs_mixed_auroc,topic,animal_class,192,0.997314453125,0.998046875,0.9974365234375,0.000732421875,False,0.0001220703125,-0.002219017094017078,0.0023781212841854638,False,2000,-0.0006103515625,-0.004800027434842274,0.0011111111111111738,False,2000
llama,10,mass_mean_covariance,and_tt_vs_mixed_auroc,topic_macro,all,2898,0.9584524595520552,0.9626365265282446,0.9617701681859957,0.004184066976189449,False,0.0033177086339405415,-0.0010271893406796767,0.007299010105360623,False,2000,-0.0008663583422489074,-0.0039392668056071195,0.0016348069618328594,False,2000
llama,10,mass_mean_covariance,or_mixed_vs_ff_auroc,pooled,all,2898,0.6241785939328472,0.6403071940811611,0.6389998028196786,0.016128600148313854,False,0.01482120888683136,0.006791449701495774,0.0241547171073721,False,2000,-0.0013073912614824934,-0.008274632801468155,0.004098318220459304,False,2000
llama,10,mass_mean_covariance,or_mixed_vs_ff_auroc,topic,cities,1788,0.6250056303770101,0.6716138912661592,0.668749436962299,0.046608260889149156,False,0.04374380658528898,0.033393800132721196,0.0555721592040142,False,2000,-0.0028644543038601755,-0.01383273540521009,0.006485512799301508,False,2000
llama,10,mass_mean_covariance,or_mixed_vs_ff_auroc,topic,sp_en_trans,408,0.7896031574394463,0.802984429065744,0.8045253027681661,0.013381271626297653,False,0.014922145328719827,0.0037543517643352925,0.028514688025571222,False,2000,0.0015408737024221741,-0.00576338252314818,0.01254387696829755,False,2000
llama,10,mass_mean_covariance,or_mixed_vs_ff_auroc,topic,inventors,294,0.6353602665556018,0.615472719700125,0.6339025406080799,-0.01988754685547689,False,-0.001457725947521915,-0.034944661458333276,0.03739594623127461,False,2000,0.018429820907954975,0.0005149852150844684,0.04019892593468117,False,2000
llama,10,mass_mean_covariance,or_mixed_vs_ff_auroc,topic,element_symb,216,0.6717785493827161,0.6500771604938271,0.6586612654320988,-0.02170138888888895,False,-0.013117283950617287,-0.03707920211077389,0.007126386450626591,False,2000,0.008584104938271664,-0.003910156249999999,0.026016131391856104,False,2000
llama,10,mass_mean_covariance,or_mixed_vs_ff_auroc,topic,animal_class,192,0.41796875,0.4521484375,0.469482421875,0.0341796875,False,0.051513671875,-0.01995037629120735,0.12360709821428571,False,2000,0.017333984375,-0.009090378360366172,0.0531628016091178,False,2000
llama,10,mass_mean_covariance,or_mixed_vs_ff_auroc,topic_macro,all,2898,0.6279432707509549,0.638459327605171,0.6470641935291288,0.010516056854216083,False,0.0191209227781739,0.0029035540540926635,0.03643809227036732,False,2000,0.008604865923957816,0.0016894645535191683,0.01863464320473016,False,2000
llama,10,burger_t_g,atomic_auroc,pooled,all,1012,0.9959849396178663,0.9965512662281867,0.997348029183396,0.0005663266103204112,False,0.0013630895655297737,0.0007990456368533072,0.00207342573203285,False,2000,0.0007967629552093625,0.00044659201524624713,0.0012589792285747495,False,2000
llama,10,burger_t_g,atomic_auroc,topic,cities,596,0.9987725778118103,0.998997792892212,0.999369397774875,0.00022521508040174165,False,0.0005968199630647097,0.0001576505562812497,0.0012949867123102088,False,2000,0.0003716048826629681,5.630377010046317e-05,0.0008558173055267515,False,2000
llama,10,burger_t_g,atomic_auroc,topic,sp_en_trans,146,0.9984987802589604,0.9984987802589604,0.9990617376618502,0.0,False,0.0005629574028898077,0.0,0.0022518296115594527,False,2000,0.0005629574028898077,0.0,0.0022518296115594527,False,2000
llama,10,burger_t_g,atomic_auroc,topic,inventors,134,0.9971040320784139,0.9975495656048118,0.9977723323680107,0.0004455335263978677,False,0.000668300289596746,-0.0016810358885181009,0.003665322734925038,False,2000,0.00022276676319887834,0.0,0.0021301775147929414,False,2000
llama,10,burger_t_g,atomic_auroc,topic,element_symb,72,0.970679012345679,0.9737654320987654,0.9745370370370371,0.0030864197530864335,False,0.0038580246913580973,0.0,0.010802469135802517,False,2000,0.0007716049382716639,0.0,0.00462962962962965,False,2000
llama,10,burger_t_g,atomic_auroc,topic,animal_class,64,1.0,1.0,1.0,0.0,False,0.0,0.0,0.0,False,2000,0.0,0.0,0.0,False,2000
llama,10,burger_t_g,atomic_auroc,topic_macro,all,1012,0.9930108804989727,0.99376231417095,0.9941481009683546,0.0007514336719772752,False,0.0011372204693819166,0.00010518176011997671,0.0026356902144650854,False,2000,0.0003857867974046414,5.3152869947281634e-05,0.001264027820714086,False,2000
llama,10,burger_t_g,and_auroc,pooled,all,3864,0.9582327785136319,0.9598387979430377,0.9617155831036468,0.0016060194294058583,False,0.003482804590014932,0.0019345598857936296,0.005109056708100931,False,2000,0.0018767851606090735,0.0009497467699807222,0.0027703064062770473,False,2000
llama,10,burger_t_g,and_auroc,topic,cities,2384,0.986192438779034,0.9866194090356291,0.986787381949762,0.000426970256595105,False,0.0005949431707280572,0.00010344334610114249,0.0011785372132693621,False,2000,0.00016797291413295223,-0.0001919097026302552,0.0005109141393143252,False,2000
llama,10,burger_t_g,and_auroc,topic,sp_en_trans,544,0.9406538350634371,0.9397707612456747,0.9392481257208766,-0.0008830738177624253,False,-0.0014057093425605682,-0.005153360418241351,0.0016111118205722785,False,2000,-0.0005226355247981429,-0.004285279849021745,0.002823770976359529,False,2000
llama,10,burger_t_g,and_auroc,topic,inventors,392,0.979244759128141,0.9832361516034985,0.9816743023740109,0.003991392475357514,False,0.0024295432458698585,-0.0006164440989054442,0.0060766782407406916,False,2000,-0.0015618492294876551,-0.004528297493367517,0.00041536070840310894,False,2000
llama,10,burger_t_g,and_auroc,topic,element_symb,288,0.9946630658436214,0.9943415637860082,0.9945344650205762,-0.0003215020576131655,False,-0.0001286008230452218,-0.0009768032698471401,0.000657560032559964,False,2000,0.00019290123456794372,-0.0008333333333332444,0.002331166298017794,False,2000
llama,10,burger_t_g,and_auroc,topic,animal_class,256,0.9978841145833334,0.99853515625,0.99853515625,0.0006510416666666297,False,0.0006510416666666297,0.0,0.0032570381841716244,False,2000,0.0,-0.0007721324921829753,0.0011111111111110656,False,2000
llama,10,burger_t_g,and_auroc,topic_macro,all,3864,0.9797276426795133,0.9805006083841621,0.9801558862630451,0.0007729657046487981,False,0.0004282435835317733,-0.000632787722906325,0.001428786810656104,False,2000,-0.0003447221211170248,-0.0014077827973250662,0.0005710580539549536,False,2000
llama,10,burger_t_g,or_auroc,pooled,all,3864,0.8660731253223827,0.8640684587214428,0.8655826749939631,-0.0020046666009398972,False,-0.0004904503284195449,-0.0023315699755777964,0.0010970270276446817,False,2000,0.0015142162725203523,0.00028358520878700997,0.0027023831655017478,False,2000
llama,10,burger_t_g,or_auroc,topic,cities,2384,0.9287306878068555,0.9288479873278982,0.9310062985150819,0.00011729952104266861,False,0.00227561070822635,0.001255185539226053,0.0032560114545011525,False,2000,0.0021583111871836813,0.0013475543059886437,0.002962576287698789,False,2000
llama,10,burger_t_g,or_auroc,topic,sp_en_trans,544,0.8343786043829297,0.8330990484429066,0.8345408016147635,-0.0012795559400230472,False,0.00016219723183386048,-0.0024306802196187556,0.002708337270093203,False,2000,0.0014417531718569077,-0.001112976346458175,0.00461890529709657,False,2000
llama,10,burger_t_g,or_auroc,topic,inventors,392,0.8529085103429127,0.8585311675690684,0.8586352908510343,0.005622657226155736,False,0.005726780508121587,-0.0005040590054795092,0.012300571955052547,False,2000,0.00010412328196585108,-0.004908372317595289,0.003917192853681636,False,2000
llama,10,burger_t_g,or_auroc,topic,element_symb,288,0.8411136831275721,0.8412422839506173,0.8433641975308642,0.0001286008230452218,False,0.0022505144032921587,-0.0005320649092970419,0.006197686292442772,False,2000,0.002121913580246937,0.0,0.005767012687427855,False,2000
llama,10,burger_t_g,or_auroc,topic,animal_class,256,0.834228515625,0.83837890625,0.8468424479166666,0.004150390625,False,0.01261393229166663,0.00419487847222223,0.027014728387721867,False,2000,0.00846354166666663,0.0,0.021113425925925883,False,2000
llama,10,burger_t_g,or_auroc,topic_macro,all,3864,0.858272000257054,0.860019878708098,0.8628778072856822,0.0017478784510440715,False,0.004605807028628228,0.0022871562911953138,0.008052190240040483,False,2000,0.0028579285775841567,0.0007279864742564424,0.005593912527428725,False,2000
llama,10,burger_t_g,and_tt_vs_mixed_auroc,pooled,all,2898,0.9382536253316701,0.9406031788897034,0.9433556661479967,0.002349553558033235,False,0.005102040816326592,0.002858050498309117,0.007458580778921053,False,2000,0.002752487258293357,0.0014073053167118293,0.004025896703861997,False,2000
llama,10,burger_t_g,and_tt_vs_mixed_auroc,topic,cities,1788,0.9793787442007117,0.9800191995856042,0.9802584906085311,0.0006404553848925465,False,0.0008797464078194039,0.00015623525054314915,0.0017106980483160416,False,2000,0.00023929102292685744,-0.00029086238989293187,0.0007393363329166256,False,2000
llama,10,burger_t_g,and_tt_vs_mixed_auroc,topic,sp_en_trans,408,0.9114132785467128,0.9100886678200693,0.9093587802768166,-0.0013246107266435825,False,-0.002054498269896232,-0.0076605286416018435,0.0024421708612417247,False,2000,-0.0007298875432526497,-0.006427919773532617,0.004270892433927034,False,2000
llama,10,burger_t_g,and_tt_vs_mixed_auroc,topic,inventors,294,0.9690233236151603,0.9749062890462308,0.972615576842982,0.005882965431070475,False,0.003592253227821751,-0.000924666148358222,0.009006618923611168,False,2000,-0.0022907122032487237,-0.006669753086419794,0.0006514967374330357,False,2000
llama,10,burger_t_g,and_tt_vs_mixed_auroc,topic,element_symb,216,0.9919945987654321,0.9915123456790124,0.9918016975308642,-0.0004822530864196928,False,-0.0001929012345678327,-0.0014652049047707088,0.000986340048840053,False,2000,0.0002893518518518601,-0.0012499999999999762,0.0034967494470266383,False,2000
llama,10,burger_t_g,and_tt_vs_mixed_auroc,topic,animal_class,192,0.996826171875,0.997802734375,0.997802734375,0.0009765625,False,0.0009765625,0.0,0.004885557276257381,False,2000,0.0,-0.001158198738274571,0.0016666666666667052,False,2000
llama,10,burger_t_g,and_tt_vs_mixed_auroc,topic_macro,all,2898,0.9697272234006034,0.9708658473011834,0.9703674559268389,0.0011386239005800602,False,0.0006402325262355735,-0.0009619398692130243,0.002127476286575539,False,2000,-0.0004983913743444868,-0.0020600968775454837,0.0008713373807317391,False,2000
llama,10,burger_t_g,or_mixed_vs_ff_auroc,pooled,all,2898,0.8021691978618795,0.799145051845565,0.8008601991521246,-0.0030241460163145106,False,-0.0013089987097548716,-0.004024612725588966,0.000933701886044738,False,2000,0.001715147306559639,-4.999883253803127e-05,0.003389830516369441,False,2000
llama,10,burger_t_g,or_mixed_vs_ff_auroc,topic,cities,1788,0.8931044772757983,0.8932790189631098,0.8965164857438854,0.00017454168731145803,False,0.003412008468087091,0.0018827783088390781,0.004884017181751677,False,2000,0.003237466780775633,0.002021331458983022,0.004443864431548132,False,2000
llama,10,burger_t_g,or_mixed_vs_ff_auroc,topic,sp_en_trans,408,0.7519733996539792,0.7500270328719724,0.7521085640138409,-0.0019463667820068808,False,0.0001351643598616059,-0.0037233495000583037,0.0038480929768028678,False,2000,0.0020815311418684868,-0.001804694270709406,0.00691839035295195,False,2000
llama,10,burger_t_g,or_mixed_vs_ff_auroc,topic,inventors,294,0.7859745939192003,0.7931591003748438,0.7931070387338609,0.007184506455643502,False,0.007132444814660577,-0.0023518041728116225,0.016406587577160556,False,2000,-5.206164098292554e-05,-0.007555194463575099,0.005573223900881502,False,2000
llama,10,burger_t_g,or_mixed_vs_ff_auroc,topic,element_symb,216,0.761670524691358,0.7618634259259259,0.7650462962962963,0.00019290123456794372,False,0.0033757716049382935,-0.0007980973639456184,0.009296529438664212,False,2000,0.00318287037037035,0.0,0.00865051903114189,False,2000
llama,10,burger_t_g,or_mixed_vs_ff_auroc,topic,animal_class,192,0.751708984375,0.7576904296875,0.7703857421875,0.0059814453125,False,0.0186767578125,0.006292317708333345,0.040174574478551724,False,2000,0.0126953125,0.0,0.031670138888888824,False,2000
llama,10,burger_t_g,or_mixed_vs_ff_auroc,topic_macro,all,2898,0.7888863959830672,0.7912038015646704,0.7954328253950768,0.0023174055816032046,False,0.006546429412009558,0.002998926701281457,0.01156849825330901,False,2000,0.004229023830406353,0.0010585277318761383,0.008258399186222195,False,2000
llama,10,ttpd,atomic_auroc,pooled,all,1012,0.9994766360980487,0.9996172413254386,0.9995977128216345,0.00014060522738990056,False,0.00012107672358574462,1.1623882424618982e-05,0.00027512555025110963,False,2000,-1.952850380415594e-05,-0.00010400536280158746,6.001207238598698e-05,False,2000
llama,10,ttpd,atomic_auroc,topic,cities,596,1.0,1.0,1.0,0.0,False,0.0,0.0,0.0,False,2000,0.0,0.0,0.0,False,2000
llama,10,ttpd,atomic_auroc,topic,sp_en_trans,146,1.0,1.0,1.0,0.0,False,0.0,0.0,0.0,False,2000,0.0,0.0,0.0,False,2000
llama,10,ttpd,atomic_auroc,topic,inventors,134,1.0,0.9997772332368011,1.0,-0.00022276676319887834,False,0.0,0.0,0.0,False,2000,0.00022276676319887834,0.0,0.001224489795918382,False,2000
llama,10,ttpd,atomic_auroc,topic,element_symb,72,0.9907407407407407,0.996141975308642,0.9922839506172839,0.005401234567901314,False,0.0015432098765432167,0.0,0.006172839506172867,False,2000,-0.0038580246913580973,-0.012345679012345623,0.0,False,2000
llama,10,ttpd,atomic_auroc,topic,animal_class,64,1.0,1.0,1.0,0.0,False,0.0,0.0,0.0,False,2000,0.0,0.0,0.0,False,2000
llama,10,ttpd,atomic_auroc,topic_macro,all,1012,0.9981481481481481,0.9991838417090886,0.9984567901234568,0.001035693560940465,False,0.00030864197530866555,0.0,0.0012345679012346622,False,2000,-0.0007270515856317994,-0.0024691358024691024,9.467455621303689e-05,False,2000
llama,10,ttpd,and_auroc,pooled,all,3864,0.9503912886305541,0.9504934508985279,0.9540791321779709,0.00010216226797377104,False,0.0036878435474168025,0.002133982852315855,0.005337321048430309,False,2000,0.0035856812794430315,0.002532501426318759,0.004594205840699998,False,2000
llama,10,ttpd,and_auroc,topic,cities,2384,0.9834795354563608,0.9836831674248908,0.9842368211642119,0.00020363196853001586,False,0.000757285707851052,0.0001627910438601221,0.0015007272295373185,False,2000,0.0005536537393210361,0.00014698315885561253,0.0010806441601134329,False,2000
llama,10,ttpd,and_auroc,topic,sp_en_trans,544,0.9400951557093425,0.9393382352941176,0.9385993367935409,-0.0007569204152249043,False,-0.0014958189158016388,-0.004911250838791695,0.0016351046612320301,False,2000,-0.0007388985005767346,-0.0036324025480716504,0.002038013089718335,False,2000
llama,10,ttpd,and_auroc,topic,inventors,392,0.9774399555740664,0.981951964459253,0.980216576426489,0.004512008885186658,False,0.0027766208524225844,-0.0005900495638631098,0.006792845397921095,False,2000,-0.0017353880327640736,-0.004529693161231849,8.255830411277449e-05,False,2000
llama,10,ttpd,and_auroc,topic,element_symb,288,0.9944701646090535,0.9944701646090535,0.994727366255144,0.0,False,0.0002572016460905546,-0.000514403292181001,0.0013907877604166514,False,2000,0.0002572016460905546,-0.0006121824303642082,0.001481481481481528,False,2000
llama,10,ttpd,and_auroc,topic,animal_class,256,0.99853515625,0.9990234375,0.9990234375,0.00048828125,False,0.00048828125,0.0,0.002774474831549689,False,2000,0.0,0.0,0.0,False,2000
llama,10,ttpd,and_auroc,topic_macro,all,3864,0.9788039935197647,0.979693393857463,0.9793607076278772,0.0008894003376983539,False,0.0005567141081125326,-0.0004697582598263389,0.001560849164912087,False,2000,-0.0003326862295858213,-0.0011901162638803448,0.00038483807109153276,False,2000
llama,10,ttpd,or_auroc,pooled,all,3864,0.8703946606998186,0.8683114077388989,0.8696830969312741,-0.0020832529609197126,False,-0.000711563768544532,-0.0024677607002562855,0.0007516483548408818,False,2000,0.0013716891923751806,0.00038383908742844753,0.0022947520283029318,False,2000
llama,10,ttpd,or_auroc,topic,cities,2384,0.9278373346545952,0.92739347326697,0.9304610903412759,-0.00044386138762519955,False,0.0026237556866807177,0.0015928861675142542,0.003596931692919647,False,2000,0.0030676170743059172,0.0020539349975085943,0.004128018234222891,False,2000
llama,10,ttpd,or_auroc,topic,sp_en_trans,544,0.8363790369088812,0.8356581603229527,0.8365051903114187,-0.0007208765859284538,False,0.00012615340253752105,-0.0024690579341941606,0.0026594338715879282,False,2000,0.0008470299884659749,-0.0016049998700817525,0.0031762775854078796,False,2000
llama,10,ttpd,or_auroc,topic,inventors,392,0.8382965431070387,0.8432944606413995,0.8466611134249619,0.004997917534360741,False,0.008364570317923148,0.0012987347634843438,0.017952299967606077,False,2000,0.003366652783562407,-0.0010908131417738053,0.00864545186519072,False,2000
llama,10,ttpd,or_auroc,topic,element_symb,288,0.8374485596707819,0.8368698559670782,0.8394418724279835,-0.0005787037037037202,False,0.001993312757201604,-0.0004894075520833345,0.0058679289940828504,False,2000,0.002572016460905324,-0.0004617125782291953,0.007894709976807046,False,2000
llama,10,ttpd,or_auroc,topic,animal_class,256,0.834228515625,0.837646484375,0.8474934895833334,0.00341796875,False,0.01326497395833337,0.003146923783287395,0.029263925674360765,False,2000,0.00984700520833337,0.0017830018012431337,0.021046310461730333,False,2000
llama,10,ttpd,or_auroc,topic_macro,all,3864,0.8548379979932594,0.8561724869146801,0.8601125512177946,0.001334488921420629,False,0.005274553224535183,0.002753790674939882,0.00905020834347584,False,2000,0.003940064303114554,0.0020533640078816444,0.006855186352156218,False,2000
llama,10,ttpd,and_tt_vs_mixed_auroc,pooled,all,2898,0.9269280806210323,0.927163303884881,0.9323441096665509,0.00023522326384872727,False,0.005416029045518633,0.0032075479146041,0.007752356654323216,False,2000,0.005180805781669906,0.0036842373858923414,0.006601438859663402,False,2000
llama,10,ttpd,and_tt_vs_mixed_auroc,topic,cities,1788,0.9753671005810549,0.9756795865051123,0.9764861380118013,0.00031248592405741515,False,0.0011190374307463724,0.00024418656579013043,0.0022252346280967642,False,2000,0.0008065515066889573,0.000203555823947979,0.0015899158591736427,False,2000
llama,10,ttpd,and_tt_vs_mixed_auroc,topic,sp_en_trans,408,0.9104400951557093,0.9092776816608996,0.9083044982698962,-0.001162413494809722,False,-0.002135596885813107,-0.007223170824792566,0.002347748369491893,False,2000,-0.0009731833910033849,-0.005309456917289718,0.0031932620983536725,False,2000
llama,10,ttpd,and_tt_vs_mixed_auroc,topic,inventors,294,0.9664202415660141,0.9730841316118284,0.9704810495626822,0.006663890045814247,False,0.004060807996668081,-0.0009213956093733711,0.010092516172904084,False,2000,-0.002603082049146166,-0.006794539741847882,0.0001238374561691076,False,2000
llama,10,ttpd,and_tt_vs_mixed_auroc,topic,element_symb,216,0.9917052469135802,0.9917052469135802,0.9920910493827161,0.0,False,0.00038580246913588745,-0.0007716049382715557,0.0020861816406249774,False,2000,0.00038580246913588745,-0.0009182736455463109,0.0022222222222222365,False,2000
llama,10,ttpd,and_tt_vs_mixed_auroc,topic,animal_class,192,0.997802734375,0.99853515625,0.99853515625,0.000732421875,False,0.000732421875,0.0,0.004161712247324536,False,2000,0.0,0.0,0.0,False,2000
llama,10,ttpd,and_tt_vs_mixed_auroc,topic_macro,all,2898,0.9683470837182717,0.969656360588284,0.9691795782954191,0.0013092768700122548,False,0.0008324945771474024,-0.000691856988641118,0.002345861106075574,False,2000,-0.0004767822928648524,-0.0017585815735458338,0.0006025805864244474,False,2000
llama,10,ttpd,or_mixed_vs_ff_auroc,pooled,all,2898,0.8071297832302423,0.8039100643407961,0.8059000853019217,-0.003219718889446166,False,-0.0012296979283206166,-0.0038877881186630604,0.0008595429125382464,False,2000,0.0019900209611255493,0.0005284310793200158,0.003400604524230069,False,2000
llama,10,ttpd,or_mixed_vs_ff_auroc,topic,cities,1788,0.8917602247646502,0.8910944326832124,0.8956958582946715,-0.0006657920814377993,False,0.003935633530021243,0.002389329251271327,0.0053953975393793065,False,2000,0.004601425611459042,0.003080902496262833,0.006192027351334442,False,2000
llama,10,ttpd,or_mixed_vs_ff_auroc,topic,sp_en_trans,408,0.754838884083045,0.7537305363321799,0.7550010813148789,-0.0011083477508651018,False,0.00016219723183386048,-0.003707662471780074,0.0038788726679453564,False,2000,0.0012705449826989623,-0.002407499805122681,0.004764416378111925,False,2000
llama,10,ttpd,or_mixed_vs_ff_auroc,topic,inventors,294,0.7673885880882966,0.7728029987505206,0.7771241149521033,0.005414410662224034,False,0.009735526863806743,0.000343776717622485,0.021501633474156807,False,2000,0.004321116201582709,-0.0019914067609745484,0.012074038741707021,False,2000
llama,10,ttpd,or_mixed_vs_ff_auroc,topic,element_symb,216,0.7561728395061729,0.7553047839506173,0.7591628086419753,-0.0008680555555555802,False,0.002989969135802406,-0.0007341113281249977,0.00880189349112428,False,2000,0.0038580246913579863,-0.0006925688673438457,0.011842064965210678,False,2000
llama,10,ttpd,or_mixed_vs_ff_auroc,topic,animal_class,192,0.751708984375,0.756591796875,0.7713623046875,0.0048828125,False,0.0196533203125,0.0046475413223140225,0.043474236968449945,False,2000,0.0147705078125,0.0026745027018645895,0.031569465692595555,False,2000
llama,10,ttpd,or_mixed_vs_ff_auroc,topic_macro,all,2898,0.7843739041634329,0.7859049097183061,0.7916692335782258,0.0015310055548731771,False,0.007295329414792939,0.0036917542103244187,0.01257406496542052,False,2000,0.005764323859919762,0.002879355769402456,0.01002886553757924,False,2000
llama,10,r0,atomic_auroc,pooled,all,1012,0.9999960942992392,1.0,0.9999960942992392,3.905700760808983e-06,False,0.0,0.0,0.0,False,2000,-3.905700760808983e-06,-2.3250046500056243e-05,0.0,False,2000
llama,10,r0,atomic_auroc,topic,cities,596,1.0,1.0,1.0,0.0,False,0.0,0.0,0.0,False,2000,0.0,0.0,0.0,False,2000
llama,10,r0,atomic_auroc,topic,sp_en_trans,146,1.0,1.0,1.0,0.0,False,0.0,0.0,0.0,False,2000,0.0,0.0,0.0,False,2000
llama,10,r0,atomic_auroc,topic,inventors,134,1.0,1.0,1.0,0.0,False,0.0,0.0,0.0,False,2000,0.0,0.0,0.0,False,2000
llama,10,r0,atomic_auroc,topic,element_symb,72,1.0,1.0,1.0,0.0,False,0.0,0.0,0.0,False,2000,0.0,0.0,0.0,False,2000
llama,10,r0,atomic_auroc,topic,animal_class,64,1.0,1.0,1.0,0.0,False,0.0,0.0,0.0,False,2000,0.0,0.0,0.0,False,2000
llama,10,r0,atomic_auroc,topic_macro,all,1012,1.0,1.0,1.0,0.0,False,0.0,0.0,0.0,False,2000,0.0,0.0,0.0,False,2000
llama,10,r0,and_auroc,pooled,all,3864,0.962311767807312,0.9477818642684968,0.9446741309420218,-0.014529903538815225,False,-0.017637636865290185,-0.02141282973557225,-0.013810265037806269,False,2000,-0.0031077333264749596,-0.00460930730032851,-0.0018027153319702756,False,2000
llama,10,r0,and_auroc,topic,cities,2384,0.9821451361049802,0.9811579433358858,0.9780678047535396,-0.0009871927690944249,False,-0.004077331351440616,-0.0065956370520905945,-0.002194078801602107,False,2000,-0.0030901385823461913,-0.005937847570109294,-0.0012651409035869929,False,2000
llama,10,r0,and_auroc,topic,sp_en_trans,544,0.9522239042675894,0.9438437139561707,0.9458982122260668,-0.008380190311418678,False,-0.006325692041522557,-0.014717889050730895,0.002078290126880604,False,2000,0.002054498269896121,-0.0020119416873448483,0.0070144675925925765,False,2000
llama,10,r0,and_auroc,topic,inventors,392,0.9873663751214772,0.9823337498264612,0.9840691378592253,-0.005032625295016024,False,-0.0032972372622518398,-0.011635451144762879,0.002743009691655889,False,2000,0.0017353880327641846,-0.0013965224496007677,0.006745887631891572,False,2000
llama,10,r0,and_auroc,topic,element_symb,288,0.9958204732510288,0.9946630658436214,0.9955632716049383,-0.0011574074074074403,False,-0.0002572016460905546,-0.004437881142426564,0.0024493921829086946,False,2000,0.0009002057613168857,-0.0004729493837576981,0.0031709033725661746,False,2000
llama,10,r0,and_auroc,topic,animal_class,256,0.99853515625,0.9982096354166666,0.9982096354166666,-0.00032552083333337034,False,-0.00032552083333337034,-0.003945242232994928,0.0007927188839476962,False,2000,0.0,-0.0008004081632653287,0.0007807437959946467,False,2000
llama,10,r0,and_auroc,topic_macro,all,3864,0.9832182089990151,0.9800416216757611,0.9803616123720873,-0.0031765873232539876,False,-0.002856596626927832,-0.005297442253241175,-0.0005482361826131799,False,2000,0.0003199906963261556,-0.0009751917563975393,0.0018250043692298835,False,2000
llama,10,r0,or_auroc,pooled,all,3864,0.7565598177939523,0.7511059244113525,0.7742392483143226,-0.005453893382599828,False,0.017679430520370243,0.012943456943281717,0.02338507416373278,False,2000,0.02313332390297007,0.020356860840830167,0.026353856460641173,False,2000
llama,10,r0,or_auroc,topic,cities,2384,0.7812870666486494,0.780845082053361,0.8114339819527648,-0.00044198459528843603,False,0.030146915304115396,0.022910985156421683,0.03776813402601253,False,2000,0.030588899899403832,0.02548462458578456,0.0353471941696536,False,2000
llama,10,r0,or_auroc,topic,sp_en_trans,544,0.8562752306805075,0.8471921856978085,0.8445249423298731,-0.009083044982698962,False,-0.011750288350634408,-0.02168365699566963,-0.0027725640944887085,False,2000,-0.0026672433679354457,-0.008954256463509433,0.0020791632031904035,False,2000
llama,10,r0,or_auroc,topic,inventors,392,0.7362210190198528,0.7618353463834513,0.7807510759405804,0.025614327363598477,False,0.044530056920727534,0.027487686093630417,0.06873481027701243,False,2000,0.018915729557129057,0.0050325393824826705,0.03741549395506928,False,2000
llama,10,r0,or_auroc,topic,element_symb,288,0.7963605967078189,0.7878729423868313,0.7997685185185185,-0.008487654320987637,False,0.003407921810699599,-0.008241692279727703,0.02168404126356431,False,2000,0.011895576131687235,0.003987605090985011,0.019531311535129176,False,2000
llama,10,r0,or_auroc,topic,animal_class,256,0.7138671875,0.7388509114583334,0.7648111979166666,0.02498372395833337,False,0.05094401041666663,0.023312959565674356,0.07509284979423869,False,2000,0.02596028645833326,0.008216624885248259,0.048595216198474026,False,2000
llama,10,r0,or_auroc,topic_macro,all,3864,0.7768022201113658,0.7833192935959572,0.8002579433316808,0.006517073484591407,False,0.023455723220314972,0.016097308430219972,0.032012503279011936,False,2000,0.016938649735723565,0.01174883791253,0.022937268801829298,False,2000
llama,10,r0,and_tt_vs_mixed_auroc,pooled,all,2898,0.9443260290883839,0.9242232809948175,0.9197610045908723,-0.02010274809356638,False,-0.024565024497511634,-0.02966277705690688,-0.019289120726997924,False,2000,-0.004462276403945253,-0.006613422205613212,-0.0026314454565171154,False,2000
llama,10,r0,and_tt_vs_mixed_auroc,topic,cities,1788,0.9733035674068735,0.9718382617900094,0.9672635804693482,-0.0014653056168640877,False,-0.006039986937525277,-0.009748373417248055,-0.003247861831541026,False,2000,-0.004574681320661189,-0.008765422453288004,-0.001870584453681582,False,2000
llama,10,r0,and_tt_vs_mixed_auroc,topic,sp_en_trans,408,0.9284439878892734,0.9161440311418685,0.9191987456747405,-0.012299956747404917,False,-0.009245242214532934,-0.022015641259105094,0.00386628039696269,False,2000,0.0030547145328719827,-0.0030242361106907673,0.010521701388888867,False,2000
llama,10,r0,and_tt_vs_mixed_auroc,topic,inventors,294,0.9810495626822158,0.9735006247396918,0.976103706788838,-0.007548937942523981,False,-0.004945855893377815,-0.017453176717144366,0.004114514537483942,False,2000,0.002603082049146166,-0.002094783674401096,0.010118831447837354,False,2000
llama,10,r0,and_tt_vs_mixed_auroc,topic,element_symb,216,0.9937307098765432,0.9919945987654321,0.9933449074074074,-0.0017361111111111605,False,-0.0003858024691357764,-0.006656821713639846,0.0036740882743630378,False,2000,0.001350308641975384,-0.0007094240756365472,0.004756355058849262,False,2000
llama,10,r0,and_tt_vs_mixed_auroc,topic,animal_class,192,0.997802734375,0.997314453125,0.997314453125,-0.00048828125,False,-0.00048828125,-0.005917863349492391,0.0011890783259214915,False,2000,0.0,-0.001200612244897939,0.0011711156939919701,False,2000
llama,10,r0,and_tt_vs_mixed_auroc,topic_macro,all,2898,0.9748661124459812,0.9701583939124003,0.9706450786930668,-0.0047077185335808736,False,-0.004221033752914383,-0.007917247240190984,-0.0007083181331599628,False,2000,0.0004866847806664909,-0.0014570572959987844,0.0027242130499398297,False,2000
llama,10,r0,or_mixed_vs_ff_auroc,pooled,all,2898,0.6563088058159622,0.6505766452768883,0.679566974868082,-0.005732160539073883,False,0.02325816905211986,0.01694944032865684,0.031089584402442257,False,2000,0.028990329591193742,0.02490415544062969,0.03367520956912719,False,2000
llama,10,r0,or_mixed_vs_ff_auroc,topic,cities,1788,0.6800256745191658,0.6814206004234044,0.7236132381424261,0.0013949259042385087,False,0.04358756362326022,0.03323906700055543,0.05465688128675079,False,2000,0.04219263771902171,0.0350906490880575,0.04930836217614597,False,2000
llama,10,r0,or_mixed_vs_ff_auroc,topic,sp_en_trans,408,0.7844128460207612,0.7707882785467128,0.7667874134948097,-0.013624567474048388,False,-0.0176254325259515,-0.03252548549350455,-0.00415884614173312,False,2000,-0.004000865051903113,-0.013431384695263986,0.0031187448047854957,False,2000
llama,10,r0,or_mixed_vs_ff_auroc,topic,inventors,294,0.64618908788005,0.6766451478550604,0.6976780508121616,0.03045605997501033,False,0.05148896293211158,0.028587278681163782,0.07987050284874235,False,2000,0.02103290295710125,0.0047756689214665,0.03950208188829432,False,2000
llama,10,r0,or_mixed_vs_ff_auroc,topic,element_symb,216,0.6962770061728395,0.683641975308642,0.7005208333333334,-0.012635030864197483,False,0.004243827160493874,-0.0112965960080836,0.027484279557411142,False,2000,0.016878858024691357,0.005859375,0.027349484281645936,False,2000
llama,10,r0,or_mixed_vs_ff_auroc,topic,animal_class,192,0.5888671875,0.6187744140625,0.6539306640625,0.0299072265625,False,0.0650634765625,0.028621917517006844,0.10269034249441955,False,2000,0.03515625,0.011831430288461597,0.06702232247674446,False,2000
llama,10,r0,or_mixed_vs_ff_auroc,topic_macro,all,2898,0.6791543604185633,0.686254083239264,0.7085060399690462,0.007099722820700705,False,0.0293516795504829,0.019560336466030427,0.04067770649168866,False,2000,0.022251956729782196,0.01568405997019234,0.02991236963851514,False,2000
llama,15,l2_logistic,atomic_auroc,pooled,all,1012,1.0,0.9999960942992392,1.0,-3.905700760808983e-06,False,0.0,0.0,0.0,False,2000,3.905700760808983e-06,0.0,2.3341853109704047e-05,False,2000
llama,15,l2_logistic,atomic_auroc,topic,cities,596,1.0,1.0,1.0,0.0,False,0.0,0.0,0.0,False,2000,0.0,0.0,0.0,False,2000
llama,15,l2_logistic,atomic_auroc,topic,sp_en_trans,146,1.0,1.0,1.0,0.0,False,0.0,0.0,0.0,False,2000,0.0,0.0,0.0,False,2000
llama,15,l2_logistic,atomic_auroc,topic,inventors,134,1.0,1.0,1.0,0.0,False,0.0,0.0,0.0,False,2000,0.0,0.0,0.0,False,2000
llama,15,l2_logistic,atomic_auroc,topic,element_symb,72,1.0,1.0,1.0,0.0,False,0.0,0.0,0.0,False,2000,0.0,0.0,0.0,False,2000
llama,15,l2_logistic,atomic_auroc,topic,animal_class,64,1.0,1.0,1.0,0.0,False,0.0,0.0,0.0,False,2000,0.0,0.0,0.0,False,2000
llama,15,l2_logistic,atomic_auroc,topic_macro,all,1012,1.0,1.0,1.0,0.0,False,0.0,0.0,0.0,False,2000,0.0,0.0,0.0,False,2000
llama,15,l2_logistic,and_auroc,pooled,all,3864,0.9735231836906155,0.9741597332064521,0.9716378254725541,0.0006365495158365819,False,-0.0018853582180614614,-0.0037102106613501385,0.00018804658826092875,False,2000,-0.0025219077338980433,-0.0038437386664850943,-0.001056991794832543,False,2000
llama,15,l2_logistic,and_auroc,topic,cities,2384,0.9920001726648949,0.991339541762383,0.9909322778253232,-0.0006606309025118939,False,-0.0010678948395717036,-0.00218016027067357,-8.329872198311624e-05,False,2000,-0.0004072639370598097,-0.001221141358664346,0.00041059479621221857,False,2000
llama,15,l2_logistic,and_auroc,topic,sp_en_trans,544,0.990484429065744,0.9897635524798154,0.9903943194925029,-0.0007208765859285649,False,-9.01095732410706e-05,-0.0027830676695803054,0.002761732187184699,False,2000,0.0006307670126874942,-0.002222453062480778,0.005278854809670821,False,2000
llama,15,l2_logistic,and_auroc,topic,inventors,392,0.9733097320560877,0.9764334305150631,0.9773011245314452,0.0031236984589754213,False,0.003991392475357514,-0.003389449944218678,0.014455698846048172,False,2000,0.0008676940163820923,-0.0030251606310446014,0.0058967879622060584,False,2000
llama,15,l2_logistic,and_auroc,topic,element_symb,288,0.996656378600823,0.9953703703703703,0.9962062757201646,-0.001286008230452662,False,-0.00045010288065838733,-0.0038651542487317557,0.002307005318467252,False,2000,0.0008359053497942748,-0.0009546756440016623,0.0032057940904893657,False,2000
llama,15,l2_logistic,and_auroc,topic,animal_class,256,0.9984537760416666,0.998291015625,0.9984537760416666,-0.00016276041666662966,False,0.0,-0.0014822373393802407,0.0011095085470085918,False,2000,0.00016276041666662966,-0.002082033451753795,0.002721648330113896,False,2000
llama,15,l2_logistic,and_auroc,topic_macro,all,3864,0.9901808976858433,0.9902395821505264,0.9906575547222205,5.8684464683156357e-05,False,0.000476657036377226,-0.0012458175954682322,0.002663909114573789,False,2000,0.00041797257169406965,-0.0007932516891102804,0.0018962388124111544,False,2000
llama,15,l2_logistic,or_auroc,pooled,all,3864,0.7603608971418855,0.7662580890369171,0.7753901812772999,0.005897191895031573,False,0.015029284135414378,0.011024424349045108,0.019829718194300586,False,2000,0.009132092240382805,0.006047206876156111,0.012335627078309505,False,2000
llama,15,l2_logistic,or_auroc,topic,cities,2384,0.7091281548879179,0.7252451090791706,0.7423379952854976,0.016116954191252697,False,0.03320984039757968,0.027543185735050164,0.039218070118411205,False,2000,0.017092886206326985,0.013358542901904668,0.021202124596612713,False,2000
llama,15,l2_logistic,or_auroc,topic,sp_en_trans,544,0.8610149942329873,0.8628892733564014,0.861411476355248,0.001874279123414091,False,0.00039648212226062185,-0.0037674145945142735,0.00515890591464212,False,2000,-0.0014777970011534691,-0.0051191203799445025,0.0016523493605478492,False,2000
llama,15,l2_logistic,or_auroc,topic,inventors,392,0.8611689573788699,0.8616548660280439,0.8692558656115508,0.0004859086491739717,False,0.008086908232680878,-0.00797017489711935,0.022277782345315328,False,2000,0.007600999583506907,-0.00401037973940867,0.01614152892561982,False,2000
llama,15,l2_logistic,or_auroc,topic,element_symb,288,0.7859439300411523,0.8013760288065843,0.7971322016460906,0.015432098765432056,False,0.011188271604938294,0.0036137065120166374,0.02187277497164584,False,2000,-0.004243827160493763,-0.012592837639151444,0.005021409635224402,False,2000
llama,15,l2_logistic,or_auroc,topic,animal_class,256,0.8579915364583334,0.858154296875,0.8378092447916666,0.00016276041666662966,False,-0.02018229166666674,-0.07146588701221912,0.011364097710144664,False,2000,-0.02034505208333337,-0.05968020140632111,0.005258733393737467,False,2000
llama,15,l2_logistic,or_auroc,topic_macro,all,3864,0.8150495145998521,0.82186391482904,0.8215893567380107,0.006814400229187889,False,0.006539842138158614,-0.004250501913279361,0.014184907279937403,False,2000,-0.00027455809102927553,-0.008502250516050183,0.005609146509111578,False,2000
llama,15,l2_logistic,and_tt_vs_mixed_auroc,pooled,all,2898,0.9603099588921895,0.9612647831659444,0.9574937095190943,0.0009548242737549284,False,-0.0028162493730952143,-0.005542610216056859,0.00028434295293674485,False,2000,-0.0037710736468501427,-0.005761158632686841,-0.001599454841521041,False,2000
llama,15,l2_logistic,and_tt_vs_mixed_auroc,topic,cities,1788,0.9880002589973425,0.9870093126435746,0.9863984167379848,-0.000990946353767841,False,-0.0016018422593576664,-0.0032702404060103,-0.0001249480829747271,False,2000,-0.0006108959055898255,-0.0018317120379966272,0.0006158921943183264,False,2000
llama,15,l2_logistic,and_tt_vs_mixed_auroc,topic,sp_en_trans,408,0.985726643598616,0.9846453287197232,0.9855914792387543,-0.0010813148788927363,False,-0.0001351643598616059,-0.0041746015043704595,0.004142598280777048,False,2000,0.0009461505190311303,-0.0033336795937212197,0.00791828221450618,False,2000
llama,15,l2_logistic,and_tt_vs_mixed_auroc,topic,inventors,294,0.9599645980841316,0.9646501457725948,0.9659516867971678,0.0046855476884631875,False,0.005987088713036215,-0.005084174916328018,0.02168354826907231,False,2000,0.0013015410245730274,-0.004537740946567012,0.008845181943309034,False,2000
llama,15,l2_logistic,and_tt_vs_mixed_auroc,topic,element_symb,216,0.9949845679012346,0.9930555555555556,0.9943094135802469,-0.0019290123456789932,False,-0.0006751543209876365,-0.005797731373097528,0.003460507977700934,False,2000,0.0012538580246913567,-0.0014320134660025462,0.00480869113573405,False,2000
llama,15,l2_logistic,and_tt_vs_mixed_auroc,topic,animal_class,192,0.9976806640625,0.9974365234375,0.9976806640625,-0.000244140625,False,0.0,-0.0022233560090703097,0.0016642628205127794,False,2000,0.000244140625,-0.0031230501776307483,0.0040824724951709504,False,2000
llama,15,l2_logistic,and_tt_vs_mixed_auroc,topic_macro,all,2898,0.985271346528765,0.9853593732257897,0.9859863320833308,8.802669702467902e-05,False,0.000714985554565728,-0.001868726393202455,0.003995863671861001,False,2000,0.000626958857541049,-0.0011898775336653595,0.0028443582186166816,False,2000
llama,15,l2_logistic,or_mixed_vs_ff_auroc,pooled,all,2898,0.6500654767262923,0.6593179489817351,0.6701762620612202,0.00925247225544279,False,0.020110785334927828,0.01471812672085232,0.02696211562996799,False,2000,0.010858313079485038,0.006999616649801976,0.015036148246856156,False,2000
llama,15,l2_logistic,or_mixed_vs_ff_auroc,topic,cities,1788,0.5777245394351606,0.6010554141705329,0.6220243457501914,0.02333087473537232,False,0.04429980631503083,0.03599958169340302,0.05355116923952367,False,2000,0.020968931579658512,0.015890781209146533,0.026404581438017823,False,2000
llama,15,l2_logistic,or_mixed_vs_ff_auroc,topic,sp_en_trans,408,0.7915224913494809,0.7943339100346021,0.792117214532872,0.0028114186851211365,False,0.0005947231833910438,-0.0056511218917714105,0.007738358871963125,False,2000,-0.0022166955017300927,-0.00767868056991686,0.0024785240408218795,False,2000
llama,15,l2_logistic,or_mixed_vs_ff_auroc,topic,inventors,294,0.7947209496043315,0.7965951686797168,0.8078925447730112,0.0018742190753853194,False,0.013171595168679717,-0.006646452224794211,0.033565188405294044,False,2000,0.011297376093294398,-0.0029893424479166537,0.023762619928859172,False,2000
llama,15,l2_logistic,or_mixed_vs_ff_auroc,topic,element_symb,216,0.6789158950617284,0.7020640432098766,0.6956983024691358,0.02314814814814814,False,0.01678240740740733,0.005420559768024846,0.03280916245746887,False,2000,-0.006365740740740811,-0.018889256458727112,0.007532114452836658,False,2000
llama,15,l2_logistic,or_mixed_vs_ff_auroc,topic,animal_class,192,0.7872314453125,0.7872314453125,0.7569580078125,0.0,False,-0.0302734375,-0.10719883051832857,0.017046146565217045,False,2000,-0.0302734375,-0.08952030210948173,0.007888100090606307,False,2000
llama,15,l2_logistic,or_mixed_vs_ff_auroc,topic_macro,all,2898,0.7260230641526404,0.7362559962814457,0.734938083067542,0.010232932128805272,False,0.008915018914901651,-0.007239639657654467,0.020185014698814382,False,2000,-0.001317913213903621,-0.013627221166128778,0.00742500954134057,False,2000
llama,15,difference_of_means,atomic_auroc,pooled,all,1012,0.9629583339842834,0.966332859441641,0.9654423596681717,0.0033745254573576133,False,0.00248402568388828,0.0017039542590927548,0.003445020325831365,False,2000,-0.0008904997734693332,-0.0013733109312479951,-0.0004782062534018585,False,2000
llama,15,difference_of_means,atomic_auroc,topic,cities,596,0.9664316922661141,0.9690104049367145,0.9683910634656097,0.0025787126706003916,False,0.0019593711994955187,0.001013467861808004,0.0031758141525156033,False,2000,-0.0006193414711048728,-0.0011035538939687672,-0.00027025809648217604,False,2000
llama,15,difference_of_means,atomic_auroc,topic,sp_en_trans,146,0.9354475511352974,0.9536498404954025,0.9461437417902046,0.01820228936010504,False,0.010696190654907123,0.0043827611395178545,0.020458810283355108,False,2000,-0.007506098705197917,-0.014878000396746693,-0.0021923499357887526,True,2000
llama,15,difference_of_means,atomic_auroc,topic,inventors,134,0.9596792158609936,0.9614613499665849,0.9607930496769882,0.0017821341055913598,False,0.0011138338159946137,0.0,0.0035706794705595178,False,2000,-0.000668300289596746,-0.002771478961955176,0.0,False,2000
llama,15,difference_of_means,atomic_auroc,topic,element_symb,72,0.9945987654320988,0.996141975308642,0.9945987654320988,0.0015432098765432167,False,0.0,0.0,0.0,False,2000,-0.0015432098765432167,-0.006172839506172867,0.0,False,2000
llama,15,difference_of_means,atomic_auroc,topic,animal_class,64,1.0,1.0,1.0,0.0,False,0.0,0.0,0.0,False,2000,0.0,0.0,0.0,False,2000
llama,15,difference_of_means,atomic_auroc,topic_macro,all,1012,0.9712314449389009,0.9760527141414688,0.9739853240729802,0.004821269202567868,False,0.002753879134079318,0.0014821527503261823,0.004847786408946804,False,2000,-0.0020673900684885504,-0.0037740476121955247,-0.0008235363649695906,False,2000
llama,15,difference_of_means,and_auroc,pooled,all,3864,0.9226595910365827,0.9198665603607542,0.9211064387947996,-0.0027930306758284784,False,-0.0015531522417830956,-0.0019520697020241422,-0.0011942923360073578,False,2000,0.0012398784340453828,0.0009177322427538298,0.0015931883294417718,False,2000
llama,15,difference_of_means,and_auroc,topic,cities,2384,0.9927433824302209,0.9927762262961128,0.9927781030884495,3.2843865891973856e-05,False,3.4720658228626355e-05,-0.00017245770975570784,0.00026660166702335836,False,2000,1.8767923366524997e-06,-0.0003272544577125752,0.0002473192699403406,False,2000
llama,15,difference_of_means,and_auroc,topic,sp_en_trans,544,0.973669982698962,0.9743908592848904,0.9742466839677048,0.0007208765859284538,False,0.0005767012687427631,-0.00012401579248227378,0.00202568901909717,False,2000,-0.00014417531718569077,-0.0008900899708284366,0.0007900704782875491,False,2000
llama,15,difference_of_means,and_auroc,topic,inventors,392,0.9443981674302374,0.9449881993613772,0.9446064139941691,0.0005900319311398228,False,0.00020824656393170216,-0.0010570045088589524,0.0024040733940635293,False,2000,-0.0003817853672081206,-0.0018263300462625254,0.0005093433615276223,False,2000
llama,15,difference_of_means,and_auroc,topic,element_symb,288,0.9989068930041153,0.9988425925925926,0.9988425925925926,-6.430041152272192e-05,False,-6.430041152272192e-05,-0.0006121824303642054,0.0,False,2000,0.0,0.0,0.0,False,2000
llama,15,difference_of_means,and_auroc,topic,animal_class,256,0.9911295572916666,0.9912109375,0.9912109375,8.138020833337034e-05,False,8.138020833337034e-05,0.0,0.000514403292181001,False,2000,0.0,0.0,0.0,False,2000
llama,15,difference_of_means,and_auroc,topic_macro,all,3864,0.9801695965710404,0.9804417630069946,0.9803369462285833,0.0002721664359541798,False,0.00016734965754283682,-0.0001397941307074435,0.0006942564674694812,False,2000,-0.00010481677841134296,-0.000443968719647253,0.00016782599155090448,False,2000
llama,15,difference_of_means,or_auroc,pooled,all,3864,0.7726696643790891,0.7734591000861593,0.7729782944473735,0.0007894357070701297,False,0.0003086300682844101,-0.00025606324461238114,0.0008241099773242665,False,2000,-0.0004808056387857196,-0.0008299313274923753,-7.044680159236099e-05,False,2000
llama,15,difference_of_means,or_auroc,topic,cities,2384,0.8158904253562151,0.8143796075251866,0.8144978454423975,-0.001510817831028577,False,-0.001392579913817693,-0.0022862955721506513,-0.0005706371547399477,False,2000,0.00011823791721088384,-0.00041336203785313774,0.0007294772088909023,False,2000
llama,15,difference_of_means,or_auroc,topic,sp_en_trans,544,0.8325043252595156,0.8330089388696655,0.8328106978085352,0.0005046136101499732,False,0.00030637254901966227,-0.0005282843388208808,0.0012825729871063583,False,2000,-0.00019824106113031092,-0.0010579949139709111,0.0009589621258422101,False,2000
llama,15,difference_of_means,or_auroc,topic,inventors,392,0.8452380952380952,0.8455157573233375,0.8453769262807164,0.00027766208524226954,False,0.00013883104262113477,-0.001770867793005615,0.002950370161347947,False,2000,-0.00013883104262113477,-0.0015272243340093278,0.0018521817298432844,False,2000
llama,15,difference_of_means,or_auroc,topic,element_symb,288,0.7896090534979424,0.7909593621399177,0.790380658436214,0.001350308641975273,False,0.0007716049382715529,-0.0005046136101499732,0.0028938772191613874,False,2000,-0.0005787037037037202,-0.001953125,0.0002162629757784834,False,2000
llama,15,difference_of_means,or_auroc,topic,animal_class,256,0.758544921875,0.759765625,0.7588704427083334,0.001220703125,False,0.00032552083333337034,-0.004596665561981803,0.004464285714285698,False,2000,-0.0008951822916666297,-0.003989177939646283,0.0013007284079084025,False,2000
llama,15,difference_of_means,or_auroc,topic_macro,all,3864,0.8083573642453536,0.8087258581716213,0.8083873141352391,0.00036849392626769895,False,2.9949889885472203e-05,-0.0010462941162340173,0.0011173714701617511,False,2000,-0.00033854403638222674,-0.0010017944979393788,0.00041863618665115217,False,2000
llama,15,difference_of_means,and_tt_vs_mixed_auroc,pooled,all,2898,0.8869540569851129,0.882887212856157,0.8846805893119692,-0.00406684412895586,False,-0.0022734676731436254,-0.0028487063817097093,-0.001738738482020158,False,2000,0.0017933764558122345,0.0013267229230029792,0.002315127228064706,False,2000
llama,15,difference_of_means,and_tt_vs_mixed_auroc,topic,cities,1788,0.9891221116165938,0.9891727850096842,0.9891741926039368,5.067339309039465e-05,False,5.2080987342995044e-05,-0.00025868656463350905,0.0003999025005350958,False,2000,1.407594252600397e-06,-0.0004926462293095735,0.00037097890491045955,False,2000
llama,15,difference_of_means,and_tt_vs_mixed_auroc,topic,sp_en_trans,408,0.9607482698961938,0.9617755190311419,0.9615862889273357,0.001027249134948116,False,0.00083801903114189,-0.00022604325088711462,0.0029169249311294873,False,2000,-0.00018923010380622607,-0.0012978407782645335,0.0011898569643053315,False,2000
llama,15,difference_of_means,and_tt_vs_mixed_auroc,topic,inventors,294,0.9171699291961682,0.918054977092878,0.9174822990420658,0.0008850478967097342,False,0.00031236984589755323,-0.001571115192327288,0.003367416501843694,False,2000,-0.0005726780508121809,-0.00273949506939368,0.0007640150422913237,False,2000
llama,15,difference_of_means,and_tt_vs_mixed_auroc,topic,element_symb,216,0.9983603395061729,0.9982638888888888,0.9982638888888888,-9.645061728402737e-05,False,-9.645061728402737e-05,-0.0009182736455464191,0.0,False,2000,0.0,0.0,0.0,False,2000
llama,15,difference_of_means,and_tt_vs_mixed_auroc,topic,animal_class,192,0.9866943359375,0.98681640625,0.98681640625,0.0001220703125,False,0.0001220703125,0.0,0.0007716049382715557,False,2000,0.0,0.0,0.0,False,2000
llama,15,difference_of_means,and_tt_vs_mixed_auroc,topic_macro,all,2898,0.9704189972305258,0.9708167152545186,0.9706646151424454,0.0003977180239927991,False,0.00024561791191957116,-0.00021532665097484803,0.0009826948989405942,False,2000,-0.00015210011207322793,-0.0006659530794709906,0.0002519232903170767,False,2000
llama,15,difference_of_means,or_mixed_vs_ff_auroc,pooled,all,2898,0.6816143281509202,0.6819395685180184,0.6815736061280214,0.0003252403670982451,False,-4.07220228987315e-05,-0.0008211451452311613,0.0006436540919995562,False,2000,-0.0003659623899969766,-0.0008249352563580337,0.0001694820830262948,False,2000
llama,15,difference_of_means,or_mixed_vs_ff_auroc,topic,cities,1788,0.723866605107878,0.7216172694923652,0.7217889959911715,-0.002249335615512882,False,-0.0020776091167065136,-0.0034258323883429253,-0.0008542558782007215,False,2000,0.00017172649880636826,-0.0006228532740689518,0.0010942158133363548,False,2000
llama,15,difference_of_means,or_mixed_vs_ff_auroc,topic,sp_en_trans,408,0.7487835207612457,0.7495134083044983,0.7492160467128027,0.0007298875432526497,False,0.0004325259515570723,-0.000792426508231267,0.0019138059262876054,False,2000,-0.0002973615916955774,-0.001586992370956422,0.001438443188763426,False,2000
llama,15,difference_of_means,or_mixed_vs_ff_auroc,topic,inventors,294,0.7762911286963765,0.7764473136193253,0.7762911286963765,0.00015618492294877662,False,0.0,-0.002656304253472247,0.003951264004596468,False,2000,-0.00015618492294877662,-0.002096068609721444,0.0025289658317576946,False,2000
llama,15,difference_of_means,or_mixed_vs_ff_auroc,topic,element_symb,216,0.6844135802469136,0.6864390432098766,0.685570987654321,0.0020254629629630205,False,0.0011574074074074403,-0.0007569204152249043,0.004340815828741973,False,2000,-0.0008680555555555802,-0.0029296875,0.000324394463667832,False,2000
llama,15,difference_of_means,or_mixed_vs_ff_auroc,topic,animal_class,192,0.6400146484375,0.64208984375,0.6407470703125,0.0020751953125,False,0.000732421875,-0.006668185763888823,0.006698112550170975,False,2000,-0.0013427734375,-0.005983766909469316,0.001951092611862551,False,2000
llama,15,difference_of_means,or_mixed_vs_ff_auroc,topic_macro,all,2898,0.7146738966499828,0.715221375675213,0.7147228458734343,0.0005474790252302242,False,4.894922345144437e-05,-0.001499673359342113,0.001673444981170188,False,2000,-0.0004985298017787798,-0.0014989871925582376,0.0006279287492782383,False,2000
llama,15,mass_mean_covariance,atomic_auroc,pooled,all,1012,1.0,1.0,1.0,0.0,False,0.0,0.0,0.0,False,2000,0.0,0.0,0.0,False,2000
llama,15,mass_mean_covariance,atomic_auroc,topic,cities,596,1.0,1.0,1.0,0.0,False,0.0,0.0,0.0,False,2000,0.0,0.0,0.0,False,2000
llama,15,mass_mean_covariance,atomic_auroc,topic,sp_en_trans,146,1.0,1.0,1.0,0.0,False,0.0,0.0,0.0,False,2000,0.0,0.0,0.0,False,2000
llama,15,mass_mean_covariance,atomic_auroc,topic,inventors,134,1.0,1.0,1.0,0.0,False,0.0,0.0,0.0,False,2000,0.0,0.0,0.0,False,2000
llama,15,mass_mean_covariance,atomic_auroc,topic,element_symb,72,1.0,1.0,1.0,0.0,False,0.0,0.0,0.0,False,2000,0.0,0.0,0.0,False,2000
llama,15,mass_mean_covariance,atomic_auroc,topic,animal_class,64,1.0,1.0,1.0,0.0,False,0.0,0.0,0.0,False,2000,0.0,0.0,0.0,False,2000
llama,15,mass_mean_covariance,atomic_auroc,topic_macro,all,1012,1.0,1.0,1.0,0.0,False,0.0,0.0,0.0,False,2000,0.0,0.0,0.0,False,2000
llama,15,mass_mean_covariance,and_auroc,pooled,all,3864,0.9387344309704558,0.9469695670748871,0.9494132456595324,0.008235136104431273,False,0.01067881468907661,0.0060778876010059435,0.01431581861088976,False,2000,0.002443678584645337,-0.0008101024708926651,0.005302312106382678,False,2000
llama,15,mass_mean_covariance,and_auroc,topic,cities,2384,0.9953605693437233,0.9943452246895785,0.9958795024248157,-0.0010153446541447675,False,0.0005189330810924098,-0.00035966360207389527,0.0016375389372490278,False,2000,0.0015342777352371773,0.0002176316410352208,0.0035706710297297357,False,2000
llama,15,mass_mean_covariance,and_auroc,topic,sp_en_trans,544,0.9593605824682814,0.9701376874279123,0.97520184544406,0.010777104959630912,False,0.01584126297577859,0.005577680821368769,0.024501206689141776,False,2000,0.00506415801614768,-0.0018090645808627264,0.012411854075592891,False,2000
llama,15,mass_mean_covariance,and_auroc,topic,inventors,392,0.8594682771067611,0.8581840899625156,0.8512078300708038,-0.0012841871442454966,False,-0.008260447035957297,-0.03373333333333328,0.010382283165367025,False,2000,-0.0069762598917118,-0.032766865760727355,0.014327463406540487,False,2000
llama,15,mass_mean_covariance,and_auroc,topic,element_symb,288,0.9998070987654321,0.9997427983539094,0.9998713991769548,-6.43004115226109e-05,False,6.430041152272192e-05,-0.0008650519031141446,0.000793234469443571,False,2000,0.00012860082304533282,-0.0008650519031141446,0.001088618747959454,False,2000
llama,15,mass_mean_covariance,and_auroc,topic,animal_class,256,0.99951171875,0.9951171875,0.99755859375,-0.00439453125,False,-0.001953125,-0.007729655662800131,0.0004253539651154704,False,2000,0.00244140625,0.0,0.006804120825284846,False,2000
llama,15,mass_mean_covariance,and_auroc,topic_macro,all,3864,0.9627016492868397,0.9635053975867832,0.9639438341733267,0.000803748299943563,False,0.0012421848864870855,-0.004342501942148355,0.0053278593850928785,False,2000,0.00043843658654352247,-0.0048704221486883,0.0048531266828333265,False,2000
llama,15,mass_mean_covariance,or_auroc,pooled,all,3864,0.6764738871814217,0.6638507745042986,0.6879003439224881,-0.012623112677123016,False,0.01142645674106646,-0.0002684079055889049,0.025223787998309245,False,2000,0.024049569418189476,0.018913744563416823,0.029777543706647595,False,2000
llama,15,mass_mean_covariance,or_auroc,topic,cities,2384,0.590415409215801,0.5840587135714608,0.6292406122847319,-0.006356695644340271,False,0.03882520306893089,0.019428840809984714,0.06179853492035647,False,2000,0.04518189871327116,0.036929617727748276,0.05366181862728317,False,2000
llama,15,mass_mean_covariance,or_auroc,topic,sp_en_trans,544,0.8593209342560554,0.8547974336793541,0.858437860438293,-0.004523500576701256,False,-0.0008830738177624253,-0.010978615574112078,0.009408630161775415,False,2000,0.0036404267589388306,-0.00635374173328816,0.016875817586293845,False,2000
llama,15,mass_mean_covariance,or_auroc,topic,inventors,392,0.5829862557267805,0.5183256976259891,0.52273358322921,-0.06466055810079141,False,-0.06025267249757049,-0.0991754169285657,-0.02806169296194018,False,2000,0.004407885603220918,-0.013826137424284044,0.022666096713605307,False,2000
llama,15,mass_mean_covariance,or_auroc,topic,element_symb,288,0.8162937242798354,0.7785493827160493,0.7957818930041153,-0.03774434156378603,False,-0.020511831275720094,-0.04584637097101492,0.00594971623779316,False,2000,0.01723251028806594,0.005965842664864099,0.03143641782805219,False,2000
llama,15,mass_mean_covariance,or_auroc,topic,animal_class,256,0.793701171875,0.7869466145833334,0.8221842447916666,-0.00675455729166663,False,0.02848307291666663,-0.00689362356757463,0.06274498155381944,False,2000,0.03523763020833326,0.00861762472041811,0.06711209933635011,False,2000
llama,15,mass_mean_covariance,or_auroc,topic_macro,all,3864,0.7285434990706945,0.7045355684352373,0.7256756387496034,-0.024007930635457142,False,-0.002867860321091098,-0.014975223903842972,0.009003931064979173,False,2000,0.021140070314366044,0.01425938411438949,0.029909511340824514,False,2000
llama,15,mass_mean_covariance,and_tt_vs_mixed_auroc,pooled,all,2898,0.9104860280596171,0.921844257551792,0.9251743545559371,0.01135822949217491,False,0.014688326496320014,0.008240652188812727,0.019822645507130386,False,2000,0.003330097004145105,-0.0014159895861398319,0.00757533049059029,False,2000
llama,15,mass_mean_covariance,and_tt_vs_mixed_auroc,topic,cities,1788,0.9930943425971803,0.991534728165398,0.9938248840142336,-0.001559614431782319,False,0.0007305414170533098,-0.0005431058817462641,0.0023164799716229897,False,2000,0.002290155848835629,0.0003318384136842351,0.005355338244304905,False,2000
llama,15,mass_mean_covariance,and_tt_vs_mixed_auroc,topic,sp_en_trans,408,0.9391490051903114,0.9552335640138409,0.9628298010380623,0.016084558823529438,False,0.023680795847750846,0.008313951717812431,0.03656718194776609,False,2000,0.007596237024221408,-0.002713596871294194,0.018617781113389444,False,2000
llama,15,mass_mean_covariance,and_tt_vs_mixed_auroc,topic,inventors,294,0.7911807580174927,0.7885776759683465,0.7798833819241983,-0.002603082049146166,False,-0.011297376093294398,-0.049309872411242614,0.01593102808725529,False,2000,-0.008694294044148232,-0.04527350769393533,0.021940074640967477,False,2000
llama,15,mass_mean_covariance,and_tt_vs_mixed_auroc,topic,element_symb,216,0.9997106481481481,0.9996141975308642,0.9998070987654321,-9.645061728391635e-05,False,9.645061728391635e-05,-0.001297577854671328,0.0011898517041654634,False,2000,0.0001929012345678327,-0.001297577854671328,0.0016329281219391268,False,2000
llama,15,mass_mean_covariance,and_tt_vs_mixed_auroc,topic,animal_class,192,0.999267578125,0.99267578125,0.996337890625,-0.006591796875,False,-0.0029296875,-0.01159448349420025,0.0006380309476732611,False,2000,0.003662109375,0.0,0.01020618123792727,False,2000
llama,15,mass_mean_covariance,and_tt_vs_mixed_auroc,topic_macro,all,2898,0.9444804664156266,0.9455271893856899,0.9465366112733852,0.001046722970063363,False,0.002056144857758624,-0.006088552803506067,0.008085576286156831,False,2000,0.001009421887695261,-0.006792037774538709,0.007505088523851164,False,2000
llama,15,mass_mean_covariance,or_mixed_vs_ff_auroc,pooled,all,2898,0.5526364294930323,0.5430383558590418,0.5758694151888859,-0.009598073633990456,False,0.023232985695853636,0.010163174208938131,0.03832838837811834,False,2000,0.03283105932984409,0.02698907840520963,0.040132930972281454,False,2000
llama,15,mass_mean_covariance,or_mixed_vs_ff_auroc,topic,cities,1788,0.4386739336065943,0.433399677942435,0.49561112112067024,-0.005274255664159289,False,0.05693718751407595,0.03619582452426584,0.08045080316472475,False,2000,0.06221144317823524,0.05273705885648916,0.07294487803785958,False,2000
llama,15,mass_mean_covariance,or_mixed_vs_ff_auroc,topic,sp_en_trans,408,0.788981401384083,0.7821961505190311,0.7876567906574394,-0.006785250865051884,False,-0.0013246107266435825,-0.016467923361168174,0.014112945242663178,False,2000,0.005460640138408301,-0.009530612599932238,0.025313726379440713,False,2000
llama,15,mass_mean_covariance,or_mixed_vs_ff_auroc,topic,inventors,294,0.5290503956684715,0.488390254060808,0.4901082882132445,-0.04066014160766346,False,-0.03894210745522697,-0.0768412046401401,-0.009965471651271299,False,2000,0.0017180341524364873,-0.014979062374673684,0.017574811560426635,False,2000
llama,15,mass_mean_covariance,or_mixed_vs_ff_auroc,topic,element_symb,216,0.7244405864197531,0.6678240740740741,0.6936728395061729,-0.05661651234567899,True,-0.030767746913580196,-0.06876955645652226,0.008924574356689738,False,2000,0.025848765432098797,0.008948763997296147,0.047154626742078334,False,2000
llama,15,mass_mean_covariance,or_mixed_vs_ff_auroc,topic,animal_class,192,0.6922607421875,0.682373046875,0.734375,-0.0098876953125,False,0.0421142578125,-0.011876736111111081,0.09346045669244252,False,2000,0.052001953125,0.01233650416171228,0.1002219494478202,False,2000
llama,15,mass_mean_covariance,or_mixed_vs_ff_auroc,topic_macro,all,2898,0.6346814118532804,0.6108366406942697,0.6402848078995054,-0.023844771159010736,False,0.005603396046224951,-0.010382208681729793,0.020752952599687707,False,2000,0.029448167205235687,0.019800632400706054,0.04138656319427535,False,2000
llama,15,burger_t_g,atomic_auroc,pooled,all,1012,0.9727108687840772,0.9753628396006812,0.9763002077832805,0.0026519708166039546,False,0.0035893389992033287,0.0025776435682446945,0.004733120704173321,False,2000,0.000937368182599374,0.0005612946159026855,0.0013424698869848233,False,2000
llama,15,burger_t_g,atomic_auroc,topic,cities,596,0.975744335840728,0.9786383496238908,0.9795617314535381,0.0028940137831628965,False,0.003817395612810137,0.0022183685419575605,0.005552396288455417,False,2000,0.0009233818296472407,0.0004729516688437574,0.0014754402954822346,False,2000
llama,15,burger_t_g,atomic_auroc,topic,sp_en_trans,146,0.9538374929630324,0.9634077688121598,0.9635954212797898,0.009570275849127396,False,0.00975792831675737,0.0031997522987427113,0.020266561598190413,False,2000,0.0001876524676299729,-0.0022450428232234977,0.0027781657475690756,False,2000
llama,15,burger_t_g,atomic_auroc,topic,inventors,134,0.974381822232123,0.9759411895745155,0.9759411895745155,0.0015593673423924814,False,0.0015593673423924814,-0.0028114186851211365,0.007257376758023059,False,2000,0.0,-0.00210039907582438,0.0020110340198300903,False,2000
llama,15,burger_t_g,atomic_auroc,topic,element_symb,72,0.9969135802469136,0.9976851851851852,0.9976851851851852,0.0007716049382716639,False,0.0007716049382716639,0.0,0.004629629629629539,False,2000,0.0,0.0,0.0,False,2000
llama,15,burger_t_g,atomic_auroc,topic,animal_class,64,1.0,1.0,1.0,0.0,False,0.0,0.0,0.0,False,2000,0.0,0.0,0.0,False,2000
llama,15,burger_t_g,atomic_auroc,topic_macro,all,1012,0.9801754462565594,0.9831344986391504,0.9833567054986057,0.0029590523825909765,False,0.0031812592420462638,0.0014384940750280268,0.005508456584726906,False,2000,0.0002222068594552873,-0.00042974917217550865,0.0009095729698206877,False,2000
llama,15,burger_t_g,and_auroc,pooled,all,3864,0.936348977734341,0.9358985350073656,0.936710117779521,-0.00045044272697536414,False,0.0003611400451799529,-0.00021849589636536716,0.0010899297722826468,False,2000,0.000811582772155317,0.00021419994985568959,0.0014890835816004588,False,2000
llama,15,burger_t_g,and_auroc,topic,cities,2384,0.9795926985270934,0.9812086167289762,0.9815079651066769,0.0016159182018827822,False,0.0019152665795835189,0.0008999843926321943,0.0031586097588830377,False,2000,0.00029934837770073663,4.173431146855811e-05,0.000637968927542476,False,2000
llama,15,burger_t_g,and_auroc,topic,sp_en_trans,544,0.9737060265282583,0.9737420703575548,0.9752559111880046,3.604382929645045e-05,False,0.001549884659746259,-2.400532219848927e-05,0.003018191526770283,False,2000,0.0015138408304498085,-0.0003813032387366216,0.0034265696909927834,False,2000
llama,15,burger_t_g,and_auroc,topic,inventors,392,0.9373871997778703,0.9402679439122588,0.9400249895876718,0.0028807441343884355,False,0.0026377898098014496,-0.00012850924944204087,0.006161504075444441,False,2000,-0.00024295432458698585,-0.0023724442522107783,0.0014574974279834673,False,2000
llama,15,burger_t_g,and_auroc,topic,element_symb,288,0.9982638888888888,0.9981352880658436,0.9985210905349794,-0.0001286008230452218,False,0.0002572016460905546,0.0,0.0012257653061224546,False,2000,0.0003858024691357764,0.0,0.0017691060957398842,False,2000
llama,15,burger_t_g,and_auroc,topic,animal_class,256,0.9886067708333334,0.9886881510416666,0.9891764322916666,8.138020833325932e-05,False,0.0005696614583332593,-0.00034024146848818935,0.0025888532763532752,False,2000,0.00048828125,0.0,0.0021920694282960692,False,2000
llama,15,burger_t_g,and_auroc,topic_macro,all,3864,0.9755113169110888,0.9764084140212601,0.9768972777417998,0.0008970971101712744,False,0.0013859608307109639,0.0005718923653119601,0.0021724442139152474,False,2000,0.0004888637205396895,-0.00013986148797363594,0.0011251920610200637,False,2000
llama,15,burger_t_g,or_auroc,pooled,all,3864,0.7750836944733785,0.7764610990373886,0.7747972114701793,0.0013774045640100319,False,-0.0002864830031992227,-0.001418236553533142,0.0008209720341597664,False,2000,-0.0016638875672092546,-0.002394653494208607,-0.0009523949095539393,False,2000
llama,15,burger_t_g,or_auroc,topic,cities,2384,0.8188200981937751,0.8180815804092909,0.8144893998768824,-0.0007385177844841939,False,-0.0043306983168927005,-0.005748978217954831,-0.002918969177820982,False,2000,-0.0035921805324085065,-0.004788159216877358,-0.0024285712181850694,False,2000
llama,15,burger_t_g,or_auroc,topic,sp_en_trans,544,0.8400194636678201,0.8406502306805075,0.8405781430219147,0.0006307670126873832,False,0.0005586793540945934,-0.0007185121319427001,0.0018814884185915882,False,2000,-7.208765859278987e-05,-0.0015465504838606315,0.0014883646035107913,False,2000
llama,15,burger_t_g,or_auroc,topic,inventors,392,0.8150770512286547,0.8172289323892823,0.8183742884909065,0.002151881160627589,False,0.0032972372622518398,-0.001867258979206063,0.010670593010545208,False,2000,0.0011453561016242508,-0.004416197927340501,0.006977839910381719,False,2000
llama,15,burger_t_g,or_auroc,topic,element_symb,288,0.7824074074074074,0.7840149176954733,0.7836291152263375,0.0016075102880658276,False,0.0012217078189300512,-0.0014289259332542048,0.003578091636368929,False,2000,-0.0003858024691357764,-0.003508397108843625,0.0032470711495761386,False,2000
llama,15,burger_t_g,or_auroc,topic,animal_class,256,0.7537434895833334,0.7594401041666666,0.7572428385416666,0.005696614583333259,False,0.0034993489583332593,-0.002292198129251724,0.00861000968081383,False,2000,-0.002197265625,-0.005357067701675528,0.0006379909582175728,False,2000
llama,15,burger_t_g,or_auroc,topic_macro,all,3864,0.802013502016198,0.8038831530682442,0.8028627570315416,0.0018696510520461729,False,0.0008492550153436085,-0.0008223667704305466,0.0026801312528106514,False,2000,-0.0010203960367025644,-0.002427785831843257,0.00054394425141792,False,2000
llama,15,burger_t_g,and_tt_vs_mixed_auroc,pooled,all,2898,0.9055495544153389,0.9048310250376143,0.906130914873826,-0.0007185293777246526,False,0.0005813604584871124,-0.00026173039684796725,0.0016393893628741764,False,2000,0.001299889836211765,0.0004120171008229256,0.0022633834389241764,False,2000
llama,15,burger_t_g,and_tt_vs_mixed_auroc,topic,cities,1788,0.9694031237331652,0.9718241858474843,0.9722718008197829,0.002421062114319139,False,0.0028686770866177547,0.0013499765889482956,0.004719297971664443,False,2000,0.0004476149722986156,6.259601781229696e-05,0.0009522209923536002,False,2000
llama,15,burger_t_g,and_tt_vs_mixed_auroc,topic,sp_en_trans,408,0.9608293685121108,0.9608834342560554,0.9630730968858131,5.406574394462016e-05,False,0.0022437283737023472,-0.00010095306798892366,0.004340388499149669,False,2000,0.002189662629757727,-0.0006518225052068033,0.00505942841880342,False,2000
llama,15,burger_t_g,and_tt_vs_mixed_auroc,topic,inventors,294,0.9065493544356518,0.9108704706372345,0.910506039150354,0.004321116201582709,False,0.00395668471470223,-0.00018285884334590105,0.00943561320754716,False,2000,-0.00036443148688047877,-0.0035586663783160055,0.0021862461419753093,False,2000
llama,15,burger_t_g,and_tt_vs_mixed_auroc,topic,element_symb,216,0.9973958333333334,0.9972029320987654,0.9977816358024691,-0.00019290123456794372,False,0.0003858024691357764,0.0,0.0018386479591836846,False,2000,0.0005787037037037202,0.0,0.002653659143609882,False,2000
llama,15,burger_t_g,and_tt_vs_mixed_auroc,topic,animal_class,192,0.98291015625,0.9830322265625,0.9837646484375,0.0001220703125,False,0.0008544921875,-0.0005103622027323923,0.00388327991452986,False,2000,0.000732421875,0.0,0.003288104142444051,False,2000
llama,15,burger_t_g,and_tt_vs_mixed_auroc,topic_macro,all,2898,0.9634175672528521,0.9647626498804079,0.965479444219184,0.001345082627555838,False,0.002061876966331866,0.0008502261496661806,0.003249075106166962,False,2000,0.0007167943387760278,-0.00024856345255237224,0.0016753178009333621,False,2000
llama,15,burger_t_g,or_mixed_vs_ff_auroc,pooled,all,2898,0.6845114857537218,0.685761008877401,0.6835561256638761,0.0012495231236792081,False,-0.0009553600898456471,-0.002594031479772524,0.0006794794947858116,False,2000,-0.0022048832135248553,-0.0032910425774871437,-0.0011619498678821479,False,2000
llama,15,burger_t_g,or_mixed_vs_ff_auroc,topic,cities,1788,0.7282554839872077,0.7271716364127742,0.7217749200486464,-0.001083847574433583,False,-0.0064805639385613345,-0.008566352722981951,-0.004378196712278261,False,2000,-0.005396716364127752,-0.007182298731957576,-0.0036493972683535885,False,2000
llama,15,burger_t_g,or_mixed_vs_ff_auroc,topic,sp_en_trans,408,0.7600291955017301,0.7609753460207612,0.760867214532872,0.0009461505190311303,False,0.00083801903114189,-0.0010777681979139975,0.002822232627887492,False,2000,-0.00010813148788924032,-0.002319825725790897,0.0022325469052661842,False,2000
llama,15,burger_t_g,or_mixed_vs_ff_auroc,topic,inventors,294,0.7396397334443982,0.7417742607246981,0.7439608496459809,0.002134527280299947,False,0.004321116201582709,-0.0029766083657469964,0.014262771159906663,False,2000,0.0021865889212827616,-0.006248391551519105,0.010989189508506617,False,2000
llama,15,burger_t_g,or_mixed_vs_ff_auroc,topic,element_symb,216,0.6736111111111112,0.6760223765432098,0.6754436728395061,0.002411265432098686,False,0.0018325617283949658,-0.0021433888998812546,0.005367137454553341,False,2000,-0.0005787037037037202,-0.005262595663265329,0.004870606724364153,False,2000
llama,15,burger_t_g,or_mixed_vs_ff_auroc,topic,animal_class,192,0.63330078125,0.6414794921875,0.63818359375,0.0081787109375,False,0.0048828125,-0.0034694586167800857,0.012199999999999989,False,2000,-0.0032958984375,-0.008035601552513292,0.0009569864373264106,False,2000
llama,15,burger_t_g,or_mixed_vs_ff_auroc,topic_macro,all,2898,0.7069672610588894,0.7094846223777888,0.7080460501634012,0.002517361318899347,False,0.001078789104511757,-0.0013588126846116376,0.0035453588588315616,False,2000,-0.00143857221438759,-0.0035319445746214095,0.0009087146453610599,False,2000
llama,15,ttpd,atomic_auroc,pooled,all,1012,0.9927666421909419,0.9934735740286522,0.9932470433845241,0.0007069318377103118,False,0.0004804011935821695,0.00017299842372471563,0.0008142452782311402,False,2000,-0.00022653064412814228,-0.0009163543617218938,0.00037647106463187507,False,2000
llama,15,ttpd,atomic_auroc,topic,cities,596,0.9998085671816584,0.9999324354758795,0.9997973064276384,0.00012386829422106338,False,-1.126075402002602e-05,-6.756452412048919e-05,0.0,False,2000,-0.0001351290482410894,-0.0003828656366829969,0.0,False,2000
llama,15,ttpd,atomic_auroc,topic,sp_en_trans,146,0.9981234753237005,0.99981234753237,0.9983111277913305,0.001688872208669534,False,0.0001876524676299729,0.0,0.0011259148057797264,False,2000,-0.0015012197410395611,-0.004632588669750853,0.0,False,2000
llama,15,ttpd,atomic_auroc,topic,inventors,134,0.9648028514145689,0.9556694141234128,0.9712630875473379,-0.009133437291156121,True,0.006460236132769026,0.001007029330829523,0.013061224489795853,False,2000,0.015593673423925147,0.005918367346938844,0.02579881656804739,False,2000
llama,15,ttpd,atomic_auroc,topic,element_symb,72,1.0,1.0,1.0,0.0,False,0.0,0.0,0.0,False,2000,0.0,0.0,0.0,False,2000
llama,15,ttpd,atomic_auroc,topic,animal_class,64,1.0,1.0,1.0,0.0,False,0.0,0.0,0.0,False,2000,0.0,0.0,0.0,False,2000
llama,15,ttpd,atomic_auroc,topic_macro,all,1012,0.9925469787839856,0.9910828394263325,0.9938743043532614,-0.0014641393576531048,False,0.001327325569275839,0.0002293397925344054,0.0026324897112717724,False,2000,0.0027914649269289438,0.0008700079379181686,0.004935695867944683,False,2000
llama,15,ttpd,and_auroc,pooled,all,3864,0.932455738018795,0.9318113298669605,0.9326464885471096,-0.0006444081518345302,False,0.00019075052831463157,-0.0004451336694179353,0.0009527591736571136,False,2000,0.0008351586801491617,-5.0367806766643536e-05,0.0018193171516497904,False,2000
llama,15,ttpd,and_auroc,topic,cities,2384,0.9726532588622134,0.973194713451346,0.9750170788102638,0.0005414545891325728,False,0.0023638199480503497,0.0012806712121456287,0.003666140098608053,False,2000,0.0018223653589177768,0.0010251791486919847,0.002789032579668568,False,2000
llama,15,ttpd,and_auroc,topic,sp_en_trans,544,0.978607987312572,0.9789504036908881,0.9795451268742791,0.0003424163783161127,False,0.0009371395617070455,-0.0007299335446408955,0.0023726851851852086,False,2000,0.0005947231833909328,-0.0015609678835113773,0.002276747881813364,False,2000
llama,15,ttpd,and_auroc,topic,inventors,392,0.9364500902401777,0.9381507705122866,0.9379078161876996,0.001700680272108901,False,0.001457725947521915,-0.0005483347068905936,0.004251786377007163,False,2000,-0.00024295432458698585,-0.0029426348306449525,0.001961671948091051,False,2000
llama,15,ttpd,and_auroc,topic,element_symb,288,0.9978780864197531,0.9975565843621399,0.9979423868312757,-0.0003215020576131655,False,6.43004115226109e-05,0.0,0.00043830813061584983,False,2000,0.0003858024691357764,0.0,0.0014793447293446806,False,2000
llama,15,ttpd,and_auroc,topic,animal_class,256,0.9874674479166666,0.9874674479166666,0.9883626302083334,0.0,False,0.0008951822916667407,0.0,0.003858024691357989,False,2000,0.0008951822916667407,-0.0003963535473642282,0.003703703703703656,False,2000
llama,15,ttpd,and_auroc,topic_macro,all,3864,0.9746113741502767,0.9750639839866654,0.9757550077823703,0.00045260983638872876,False,0.001143633632093688,0.0004181209523042739,0.0019999121368330652,False,2000,0.0006910237957049592,-0.0001565738448662729,0.001479694665747266,False,2000
llama,15,ttpd,or_auroc,pooled,all,3864,0.7802711086535014,0.7815577816928073,0.778237865194387,0.0012866730393059633,False,-0.0020332434591143755,-0.0028525018362164757,-0.0013076272617782083,False,2000,-0.003319916498420339,-0.004753584167994698,-0.0018155330386942963,False,2000
llama,15,ttpd,or_auroc,topic,cities,2384,0.8083269522393887,0.8062906325540892,0.80366593847124,-0.0020363196852994925,False,-0.004661013768148647,-0.0057833552001026745,-0.003549768980771212,False,2000,-0.002624694082849155,-0.0044011706814551434,-0.0007873241532724757,False,2000
llama,15,ttpd,or_auroc,topic,sp_en_trans,544,0.8409385813148789,0.8416774798154556,0.8416955017301038,0.0007388985005767346,False,0.0007569204152249043,-0.0003858024074706451,0.0023143562376924443,False,2000,1.8021914648169712e-05,-0.0012627882112009436,0.0013554626124544042,False,2000
llama,15,ttpd,or_auroc,topic,inventors,392,0.8087602387893933,0.8066777731500764,0.8093155629598778,-0.0020824656393169105,False,0.0005553241704845391,-0.0046779263248793975,0.0036626989372874888,False,2000,0.0026377898098014496,-0.0025411124128387947,0.007235811525699083,False,2000
llama,15,ttpd,or_auroc,topic,element_symb,288,0.7814429012345679,0.7838220164609053,0.7825360082304527,0.0023791152263373805,False,0.0010931069958847184,-0.001667087542087578,0.0034604445696982305,False,2000,-0.001286008230452662,-0.005185644322007954,0.0014474442493351105,False,2000
llama,15,ttpd,or_auroc,topic,animal_class,256,0.76806640625,0.7732747395833334,0.7689615885416666,0.00520833333333337,False,0.0008951822916666297,-0.0024116455934638124,0.004657391993658315,False,2000,-0.004313151041666741,-0.009259259259259193,0.0012995736700125219,False,2000
llama,15,ttpd,or_auroc,topic_macro,all,3864,0.8015070159656459,0.8023485283127719,0.8012349199866682,0.0008415123471260388,False,-0.00027209597897770443,-0.0018442751716233746,0.0007861631398723335,False,2000,-0.0011136083261037433,-0.002740231295907128,0.0004638741920420072,False,2000
llama,15,ttpd,and_tt_vs_mixed_auroc,pooled,all,2898,0.8994546463828127,0.8984885699711517,0.899817393876265,-0.000966076411661021,False,0.00036274749345233115,-0.0005475445966202752,0.0014803646146546749,False,2000,0.0013288239051133521,3.656908768979729e-05,0.0027741829409021475,False,2000
llama,15,ttpd,and_tt_vs_mixed_auroc,topic,cities,1788,0.9590249313094005,0.9598371131930994,0.962562215665961,0.0008121818836989148,False,0.0035372843565605327,0.0019165869695715403,0.005482630322012491,False,2000,0.002725102472861618,0.0015377687230379744,0.004169013881805681,False,2000
llama,15,ttpd,and_tt_vs_mixed_auroc,topic,sp_en_trans,408,0.9680201124567474,0.9685337370242214,0.9694258217993079,0.000513624567474058,False,0.0014057093425605682,-0.0010949003169614501,0.003559027777777814,False,2000,0.0008920847750865102,-0.0023414518252670657,0.003415121822720153,False,2000
llama,15,ttpd,and_tt_vs_mixed_auroc,topic,inventors,294,0.9051957517700958,0.9076947105372761,0.9072782174094127,0.002498958767180315,False,0.0020824656393169105,-0.0008488388565023319,0.005915895061728403,False,2000,-0.0004164931278634043,-0.0044214729709410126,0.0029018031189083993,False,2000
llama,15,ttpd,and_tt_vs_mixed_auroc,topic,element_symb,216,0.9968171296296297,0.9963348765432098,0.9969135802469136,-0.0004822530864198038,False,9.645061728391635e-05,0.0,0.0006574621959237748,False,2000,0.0005787037037037202,0.0,0.0022190170940170778,False,2000
llama,15,ttpd,and_tt_vs_mixed_auroc,topic,animal_class,192,0.981201171875,0.981201171875,0.9825439453125,0.0,False,0.0013427734375,0.0,0.0057870370370369795,False,2000,0.0013427734375,-0.0005945303210463937,0.005555555555555538,False,2000
llama,15,ttpd,and_tt_vs_mixed_auroc,topic_macro,all,2898,0.9620518194081746,0.9627203218345614,0.9637447560868191,0.000668502426386719,False,0.0016929366786444522,0.0005961240619632823,0.0029808401346679385,False,2000,0.0010244342522577332,-0.00023486076729972992,0.0022141632676574174,False,2000
llama,15,ttpd,or_mixed_vs_ff_auroc,pooled,all,2898,0.6872420045522936,0.688354894572826,0.6845430989030773,0.0011128900205323866,False,-0.0026989056492162655,-0.0038930338282130244,-0.0016427631092476446,False,2000,-0.003811795669748652,-0.005738468953505493,-0.0018975894215905763,False,2000
llama,15,ttpd,or_mixed_vs_ff_auroc,topic,cities,1788,0.7129267825773614,0.7102044952930048,0.7060126796090266,-0.0027222872843566392,False,-0.006914102968334834,-0.00860275539568607,-0.005259667772285853,False,2000,-0.004191815683978195,-0.0067873890310418735,-0.0015228163312687487,False,2000
llama,15,ttpd,or_mixed_vs_ff_auroc,topic,sp_en_trans,408,0.7614078719723183,0.7625162197231834,0.7625432525951558,0.0011083477508651018,False,0.0011353806228374674,-0.0005787036112059662,0.003471534356538722,False,2000,2.703287197236559e-05,-0.0018941823168014127,0.002033193918681715,False,2000
llama,15,ttpd,or_mixed_vs_ff_auroc,topic,inventors,294,0.7352665556018325,0.7327155351936693,0.7358912952936276,-0.0025510204081632404,False,0.0006247396917951065,-0.006910333456607576,0.005007901278028546,False,2000,0.003175760099958347,-0.004219376929012392,0.009620494001810812,False,2000
llama,15,ttpd,or_mixed_vs_ff_auroc,topic,element_symb,216,0.6721643518518519,0.675733024691358,0.673804012345679,0.0035686728395061262,False,0.001639660493827133,-0.0025006313131313686,0.005190666854547505,False,2000,-0.0019290123456789932,-0.007778466483011931,0.0021711663740027224,False,2000
llama,15,ttpd,or_mixed_vs_ff_auroc,topic,animal_class,192,0.6546630859375,0.662353515625,0.656005859375,0.0076904296875,False,0.0013427734375,-0.003617468390195716,0.006986087990487475,False,2000,-0.00634765625,-0.013888888888888843,0.0020727663624044183,False,2000
llama,15,ttpd,or_mixed_vs_ff_auroc,topic_macro,all,2898,0.7072857295881729,0.7087045581052431,0.7068514198436977,0.001418828517070203,False,-0.0004343097444752253,-0.0026760936506401906,0.0011277081179716373,False,2000,-0.0018531382615454284,-0.004319268986192781,0.0004055453739328833,False,2000
llama,15,r0,atomic_auroc,pooled,all,1012,1.0,1.0,1.0,0.0,False,0.0,0.0,0.0,False,2000,0.0,0.0,0.0,False,2000
llama,15,r0,atomic_auroc,topic,cities,596,1.0,1.0,1.0,0.0,False,0.0,0.0,0.0,False,2000,0.0,0.0,0.0,False,2000
llama,15,r0,atomic_auroc,topic,sp_en_trans,146,1.0,1.0,1.0,0.0,False,0.0,0.0,0.0,False,2000,0.0,0.0,0.0,False,2000
llama,15,r0,atomic_auroc,topic,inventors,134,1.0,1.0,1.0,0.0,False,0.0,0.0,0.0,False,2000,0.0,0.0,0.0,False,2000
llama,15,r0,atomic_auroc,topic,element_symb,72,1.0,1.0,1.0,0.0,False,0.0,0.0,0.0,False,2000,0.0,0.0,0.0,False,2000
llama,15,r0,atomic_auroc,topic,animal_class,64,1.0,1.0,1.0,0.0,False,0.0,0.0,0.0,False,2000,0.0,0.0,0.0,False,2000
llama,15,r0,atomic_auroc,topic_macro,all,1012,1.0,1.0,1.0,0.0,False,0.0,0.0,0.0,False,2000,0.0,0.0,0.0,False,2000
llama,15,r0,and_auroc,pooled,all,3864,0.9591908176839313,0.9563345607093919,0.9584188853024932,-0.002856256974539395,False,-0.000771932381438134,-0.002130241312463849,0.0006042891912545671,False,2000,0.002084324593101261,0.001594848860041509,0.0025593774459944504,False,2000
llama,15,r0,and_auroc,topic,cities,2384,0.9860985991621999,0.9842386979565485,0.9846919433058571,-0.001859901205651382,False,-0.0014066558563428089,-0.0023826085359883397,-0.0006326923806925501,False,2000,0.0004532453493085731,0.00014629511190365763,0.0007772287693220913,False,2000
llama,15,r0,and_auroc,topic,sp_en_trans,544,0.9874026816608996,0.9888985005767013,0.9892048731257209,0.0014958189158016388,False,0.001802191464821301,-0.0004179526748970819,0.004513818392190625,False,2000,0.00030637254901966227,-0.000592628895324368,0.0016895987622048427,False,2000
llama,15,r0,and_auroc,topic,inventors,392,0.9792100513674857,0.9760863529085103,0.9775787866166875,-0.0031236984589754213,False,-0.0016312647507982225,-0.009020020624799605,0.006164285672830263,False,2000,0.0014924337081771988,-0.0011115017126375221,0.0042427014630712695,False,2000
llama,15,r0,and_auroc,topic,element_symb,288,0.9965920781893004,0.9957561728395061,0.996141975308642,-0.0008359053497942748,False,-0.00045010288065838733,-0.0036736595017484663,0.0024284110933399084,False,2000,0.00038580246913588745,0.0,0.0019729097420069703,False,2000
llama,15,r0,and_auroc,topic,animal_class,256,0.9989420572916666,0.9983723958333334,0.9982096354166666,-0.0005696614583332593,False,-0.000732421875,-0.0045024353780863755,0.0005558390022676564,False,2000,-0.00016276041666674068,-0.001600009144947462,0.0,False,2000
llama,15,r0,and_auroc,topic_macro,all,3864,0.9896490935343104,0.9886704240229198,0.9891654427547149,-0.0009786695113905841,False,-0.0004836507795955569,-0.0022694325367500546,0.0013231686885491836,False,2000,0.0004950187317950272,-0.0002117188831264688,0.0011525237193665077,False,2000
llama,15,r0,or_auroc,pooled,all,3864,0.7179664136185875,0.7325913352108329,0.7306048863569793,0.014624921592245377,False,0.012638472738391804,0.009415883608059153,0.016520777228722684,False,2000,-0.001986448853853573,-0.0028461415278798865,-0.001180389216277822,False,2000
llama,15,r0,or_auroc,topic,cities,2384,0.6183674158821675,0.6486654129693857,0.6448498941489123,0.030297997087218254,False,0.02648247826674477,0.022293855593940082,0.03080003121748173,False,2000,-0.0038155188204734847,-0.004748176493067749,-0.0029736860683814374,False,2000
llama,15,r0,or_auroc,topic,sp_en_trans,544,0.8651960784313726,0.8701881487889274,0.8687283737024222,0.004992070357554779,False,0.0035322952710495903,-0.0032468201038972216,0.011354456018518514,False,2000,-0.0014597750865051884,-0.0037269161522633654,0.0006887808975765959,False,2000
llama,15,r0,or_auroc,topic,inventors,392,0.8280577537137304,0.8403095932250452,0.8392336526447314,0.01225183951131481,False,0.011175898931001016,-0.00045326278659619797,0.024941886390556035,False,2000,-0.0010759405803137945,-0.004758262674631383,0.0018478114816981163,False,2000
llama,15,r0,or_auroc,topic,element_symb,288,0.7897376543209876,0.8166152263374485,0.8179655349794238,0.026877572016460904,False,0.028227880658436177,0.013191780093482638,0.0547201485339506,False,2000,0.001350308641975273,-0.0013776012453928011,0.004325259515570945,False,2000
llama,15,r0,or_auroc,topic,animal_class,256,0.863037109375,0.8597819010416666,0.858642578125,-0.0032552083333333703,False,-0.00439453125,-0.044537894862166014,0.01744050559963389,False,2000,-0.0011393229166666297,-0.008631317032459654,0.0037046983506944992,False,2000
llama,15,r0,or_auroc,topic_macro,all,3864,0.7928792023446516,0.8071120564724946,0.8058840067200979,0.014232854127843031,False,0.013004804375446266,0.0038056694083235003,0.020559889086707306,False,2000,-0.0012280497523967648,-0.003143356643822648,0.00014845979417728563,False,2000
llama,15,r0,and_tt_vs_mixed_auroc,pooled,all,2898,0.9389126791233191,0.934703307914218,0.9377799639074281,-0.004209371209101143,False,-0.0011327152158909781,-0.003155655173215058,0.0009313234867955932,False,2000,0.0030766559932101645,0.0023688004614952963,0.0037587932334471525,False,2000
llama,15,r0,and_tt_vs_mixed_auroc,topic,cities,1788,0.9791478987432999,0.9763580469348228,0.9770379149587857,-0.0027898518084771284,False,-0.0021099837845142133,-0.0035739128039825653,-0.0009490385710389847,False,2000,0.0006798680239629151,0.0002194426678554323,0.0011658431539832426,False,2000
llama,15,r0,and_tt_vs_mixed_auroc,topic,sp_en_trans,408,0.9811040224913494,0.9833477508650519,0.9838073096885813,0.0022437283737024583,False,0.002703287197231896,-0.0006269290123456256,0.006770727588285989,False,2000,0.0004595588235294379,-0.000888943342986609,0.002534398143307207,False,2000
llama,15,r0,and_tt_vs_mixed_auroc,topic,inventors,294,0.9688150770512286,0.9641295293627655,0.9663681799250312,-0.0046855476884630765,False,-0.0024468971261973893,-0.013530030937199516,0.009246428509245341,False,2000,0.002238650562265687,-0.0016672525689562317,0.006364052194606903,False,2000
llama,15,r0,and_tt_vs_mixed_auroc,topic,element_symb,216,0.9948881172839507,0.9936342592592593,0.9942129629629629,-0.0012538580246913567,False,-0.0006751543209877475,-0.005510489252622647,0.0036426166400097544,False,2000,0.0005787037037036091,0.0,0.0029593646130104552,False,2000
llama,15,r0,and_tt_vs_mixed_auroc,topic,animal_class,192,0.9984130859375,0.99755859375,0.997314453125,-0.0008544921875,False,-0.0010986328125,-0.006753653067129673,0.0008337585034013777,False,2000,-0.000244140625,-0.00240001371742119,0.0,False,2000
llama,15,r0,and_tt_vs_mixed_auroc,topic_macro,all,2898,0.9844736403014658,0.9830056360343798,0.9837481641320721,-0.0014680042670859317,False,-0.0007254761693936684,-0.003404148805124868,0.0019847530328237738,False,2000,0.0007425280976922632,-0.00031757832468969625,0.0017287855790499795,False,2000
llama,15,r0,or_mixed_vs_ff_auroc,pooled,all,2898,0.6017761231776895,0.6197741856667053,0.6170281282015011,0.01799806248901581,False,0.015252005023811632,0.011085871687834616,0.020075019872925804,False,2000,-0.002746057465204177,-0.0039985851337227705,-0.0016365821007914981,False,2000
llama,15,r0,or_mixed_vs_ff_auroc,topic,cities,1788,0.47563595108328455,0.5120898270348182,0.506876097923517,0.036453875951533654,False,0.031240146840232408,0.025627303526049864,0.037261646860739524,False,2000,-0.005213729111301246,-0.006455279770343231,-0.004113636825784016,False,2000
llama,15,r0,or_mixed_vs_ff_auroc,topic,sp_en_trans,408,0.7977941176470589,0.805282223183391,0.8030925605536332,0.007488105536332168,False,0.00529844290657433,-0.004870230155845779,0.017031684027777827,False,2000,-0.002189662629757838,-0.0055903742283951565,0.0010331713463650049,False,2000
llama,15,r0,or_mixed_vs_ff_auroc,topic,inventors,294,0.755466472303207,0.7723865056226572,0.7708767180341525,0.016920033319450245,False,0.015410245730945515,0.00048256714876029915,0.03300498086734687,False,2000,-0.0015097875885047296,-0.006848090277777788,0.002771692702935249,False,2000
llama,15,r0,or_mixed_vs_ff_auroc,topic,element_symb,216,0.6846064814814815,0.7249228395061729,0.7269483024691358,0.04031635802469136,False,0.042341820987654266,0.019787670140223902,0.08208022280092596,False,2000,0.0020254629629629095,-0.002066401868089149,0.0064878892733564175,False,2000
llama,15,r0,or_mixed_vs_ff_auroc,topic,animal_class,192,0.7945556640625,0.7896728515625,0.7879638671875,-0.0048828125,False,-0.006591796875,-0.06680684229324896,0.02616075839945078,False,2000,-0.001708984375,-0.012946975548689533,0.005557047526041639,False,2000
llama,15,r0,or_mixed_vs_ff_auroc,topic_macro,all,2898,0.7016117373155064,0.7208708493819078,0.7191515092335876,0.019259112066401407,False,0.017539771918081204,0.004293040908505977,0.02847237769112903,False,2000,-0.001719340148320203,-0.004587150243949132,0.0003597534969447997,False,2000
llama,20,l2_logistic,atomic_auroc,pooled,all,1012,1.0,1.0,1.0,0.0,False,0.0,0.0,0.0,False,2000,0.0,0.0,0.0,False,2000
llama,20,l2_logistic,atomic_auroc,topic,cities,596,1.0,1.0,1.0,0.0,False,0.0,0.0,0.0,False,2000,0.0,0.0,0.0,False,2000
llama,20,l2_logistic,atomic_auroc,topic,sp_en_trans,146,1.0,1.0,1.0,0.0,False,0.0,0.0,0.0,False,2000,0.0,0.0,0.0,False,2000
llama,20,l2_logistic,atomic_auroc,topic,inventors,134,1.0,1.0,1.0,0.0,False,0.0,0.0,0.0,False,2000,0.0,0.0,0.0,False,2000
llama,20,l2_logistic,atomic_auroc,topic,element_symb,72,1.0,1.0,1.0,0.0,False,0.0,0.0,0.0,False,2000,0.0,0.0,0.0,False,2000
llama,20,l2_logistic,atomic_auroc,topic,animal_class,64,1.0,1.0,1.0,0.0,False,0.0,0.0,0.0,False,2000,0.0,0.0,0.0,False,2000
llama,20,l2_logistic,atomic_auroc,topic_macro,all,1012,1.0,1.0,1.0,0.0,False,0.0,0.0,0.0,False,2000,0.0,0.0,0.0,False,2000
llama,20,l2_logistic,and_auroc,pooled,all,3864,0.9531971788925611,0.9541227118866871,0.9552122046045891,0.0009255329941260104,False,0.0020150257120280513,0.00033131569133868497,0.003926580985547558,False,2000,0.0010894927179020408,-0.000355678351459876,0.0026140980950542353,False,2000
llama,20,l2_logistic,and_auroc,topic,cities,2384,0.9711433794273531,0.9745403735567467,0.973525028902602,0.003396994129393649,False,0.0023816494752488815,0.0008340857275158875,0.004596361669968796,False,2000,-0.0010153446541447675,-0.002108834861898473,-4.993473574255745e-05,False,2000
llama,20,l2_logistic,and_auroc,topic,sp_en_trans,544,0.9894932237600923,0.9911512399077278,0.9903402537485583,0.0016580161476354993,False,0.0008470299884659749,-0.001972834849244001,0.0035458200284083584,False,2000,-0.0008109861591695244,-0.003665260878108778,0.0009092436041112787,False,2000
llama,20,l2_logistic,and_auroc,topic,inventors,392,0.9348535332500347,0.9426974871581285,0.9463070942662779,0.007843953908093781,False,0.011453561016243174,0.0027733016471780335,0.024224469368148194,False,2000,0.003609607108149393,-0.0037488199562231567,0.01309916379026952,False,2000
llama,20,l2_logistic,and_auroc,topic,element_symb,288,0.9917695473251029,0.992798353909465,0.9902263374485597,0.0010288065843621075,False,-0.0015432098765432167,-0.008078673854494258,0.002667138671875036,False,2000,-0.002572016460905324,-0.006576923076923144,0.0005338888888888308,False,2000
llama,20,l2_logistic,and_auroc,topic,animal_class,256,0.9959309895833334,0.9972330729166666,0.9978841145833334,0.0013020833333332593,False,0.001953125,0.0,0.00833405420991923,False,2000,0.0006510416666667407,0.0,0.004437869822485174,False,2000
llama,20,l2_logistic,and_auroc,topic_macro,all,3864,0.9766381346691831,0.9796841054897468,0.9796565657898662,0.0030459708205636815,False,0.0030184311206830072,0.000597442810260021,0.005770027615581566,False,2000,-2.7539699880674284e-05,-0.0017559520736701167,0.002216474630972351,False,2000
llama,20,l2_logistic,or_auroc,pooled,all,3864,0.7721163449626858,0.7681012963891711,0.7739934873340221,-0.004015048573514646,False,0.0018771423713362934,-0.0018310370379292368,0.005814992435318169,False,2000,0.005892190944850939,0.003772827766301101,0.00807297730909049,False,2000
llama,20,l2_logistic,or_auroc,topic,cities,2384,0.7080527528789995,0.7051596774920048,0.7111344458958305,-0.0028930753869946813,False,0.003081693016831033,-0.001253046685831874,0.007511478270586351,False,2000,0.005974768403825714,0.0034475354047343366,0.008782743572810425,False,2000
llama,20,l2_logistic,or_auroc,topic,sp_en_trans,544,0.8563112745098039,0.8552660034602076,0.8596633506343714,-0.0010452710495962858,False,0.003352076124567449,-0.0005378593801267261,0.008929030281442277,False,2000,0.004397347174163735,0.001481417181069894,0.00761588640085668,False,2000
llama,20,l2_logistic,or_auroc,topic,inventors,392,0.9293349993058447,0.9288143828960156,0.931452172705817,-0.0005206164098291444,False,0.0021171733999723052,-0.007921438713736786,0.01581372588957367,False,2000,0.0026377898098014496,-0.0091166466991392,0.014735114644970392,False,2000
llama,20,l2_logistic,or_auroc,topic,element_symb,288,0.8054269547325102,0.8157793209876543,0.8173868312757202,0.010352366255144019,False,0.011959876543209957,-0.00040065254443628624,0.024930555555555605,False,2000,0.0016075102880659387,-0.0050934534741352375,0.00734817654872597,False,2000
llama,20,l2_logistic,or_auroc,topic,animal_class,256,0.9176432291666666,0.916015625,0.9230143229166666,-0.0016276041666666297,False,0.00537109375,-0.009035659013605387,0.023056267313019328,False,2000,0.00699869791666663,0.00046156968842581136,0.014323318544238753,False,2000
llama,20,l2_logistic,or_auroc,topic_macro,all,3864,0.8433538421187651,0.8442070019671764,0.8485302246856812,0.0008531598484112779,False,0.0051763825669161045,0.0007550145045598784,0.010406949090791413,False,2000,0.004323222718504827,0.0013306871145265825,0.0076880017427135875,False,2000
llama,20,l2_logistic,and_tt_vs_mixed_auroc,pooled,all,2898,0.9303010429124391,0.93174613890925,0.9331231862625328,0.0014450959968108634,False,0.0028221433500936755,0.00031353512274658046,0.005619308400983946,False,2000,0.001377047353282812,-0.0007726683851208144,0.003693172558156424,False,2000
llama,20,l2_logistic,and_tt_vs_mixed_auroc,topic,cities,1788,0.9567150691410297,0.96181056033512,0.960287543353903,0.0050954911940903624,False,0.0035724742128733222,0.001251128591273995,0.006894542504953196,False,2000,-0.0015230169812170402,-0.0031632522928478736,-7.490210361389169e-05,False,2000
llama,20,l2_logistic,and_tt_vs_mixed_auroc,topic,sp_en_trans,408,0.9842398356401384,0.9867268598615917,0.9855103806228374,0.0024870242214533045,False,0.0012705449826989623,-0.002959252273865945,0.0053187300426125956,False,2000,-0.0012164792387543422,-0.005497891317163062,0.0013638654061668113,False,2000
llama,20,l2_logistic,and_tt_vs_mixed_auroc,topic,inventors,294,0.9028529779258643,0.9145147855060392,0.9198771345272803,0.011661807580174877,False,0.017024156601415985,0.004138117628167612,0.036332251911815897,False,2000,0.0053623490212411085,-0.005436801717214612,0.019502137586805506,False,2000
llama,20,l2_logistic,and_tt_vs_mixed_auroc,topic,element_symb,216,0.9876543209876543,0.9891975308641975,0.9853395061728395,0.0015432098765432167,False,-0.0023148148148147696,-0.012118010781741498,0.004000708007812499,False,2000,-0.0038580246913579863,-0.009865384615384665,0.0008008333333333488,False,2000
llama,20,l2_logistic,and_tt_vs_mixed_auroc,topic,animal_class,192,0.993896484375,0.995849609375,0.996826171875,0.001953125,False,0.0029296875,0.0,0.01250108131487895,False,2000,0.0009765625,0.0,0.006656804733727761,False,2000
llama,20,l2_logistic,and_tt_vs_mixed_auroc,topic_macro,all,2898,0.9650717376139373,0.9696198691883897,0.969568147310372,0.004548131574452441,False,0.004496409696434722,0.0008961642153898719,0.008655014978226041,False,2000,-5.172187801771866e-05,-0.0026339281105054514,0.0033024893460320724,False,2000
llama,20,l2_logistic,or_mixed_vs_ff_auroc,pooled,all,2898,0.6666179074024065,0.6619986368838651,0.6708433530942307,-0.004619270518541385,False,0.004225445691824259,-0.0006998942560664495,0.009558425326169975,False,2000,0.008844716210365644,0.005884274247794349,0.012072597132876593,False,2000
llama,20,l2_logistic,or_mixed_vs_ff_auroc,topic,cities,1788,0.5755343227782532,0.5717507094275033,0.5815714945272735,-0.003783613350749948,False,0.006037171749020298,0.0002597927512312554,0.012184407536562374,False,2000,0.009820785099770246,0.006429860390765404,0.013743681486670689,False,2000
llama,20,l2_logistic,or_mixed_vs_ff_auroc,topic,sp_en_trans,408,0.7844669117647058,0.7828990051903114,0.7894950259515571,-0.0015679065743944287,False,0.005028114186851229,-0.0008067890701901447,0.013393545422163308,False,2000,0.006596020761245658,0.002222125771604952,0.011423829601284859,False,2000
llama,20,l2_logistic,or_mixed_vs_ff_auroc,topic,inventors,294,0.8940024989587672,0.8932215743440233,0.8971782590587255,-0.0007809246147438831,False,0.003175760099958347,-0.011882158070605015,0.02372058883436056,False,2000,0.00395668471470223,-0.013674970048708693,0.022102671967455533,False,2000
llama,20,l2_logistic,or_mixed_vs_ff_auroc,topic,element_symb,216,0.7081404320987654,0.7236689814814815,0.7260802469135802,0.015528549382716084,False,0.01793981481481477,-0.0006009788166545349,0.037395833333333295,False,2000,0.002411265432098686,-0.007640180211202913,0.01102226482308901,False,2000
llama,20,l2_logistic,or_mixed_vs_ff_auroc,topic,animal_class,192,0.87646484375,0.8740234375,0.884521484375,-0.00244140625,False,0.008056640625,-0.013553488520408188,0.03458440096952905,False,2000,0.010498046875,0.0006923545326386615,0.02148497781635802,False,2000
llama,20,l2_logistic,or_mixed_vs_ff_auroc,topic_macro,all,2898,0.7677218018700983,0.7691127415886638,0.7757693021652272,0.0013909397185655203,False,0.008047500295128907,0.0013653295385939429,0.01593033343470789,False,2000,0.006656560576563386,0.002141741508070988,0.011697595384173204,False,2000
llama,20,difference_of_means,atomic_auroc,pooled,all,1012,0.9528425690137324,0.9563264540923933,0.9552055179740349,0.00348388507866082,False,0.0023629489603024245,0.0016313038204558538,0.003260102624220809,False,2000,-0.0011209361183583955,-0.0016087225477851657,-0.0007057848271875252,False,2000
llama,20,difference_of_means,atomic_auroc,topic,cities,596,0.9630985090761678,0.9647538399171208,0.9643146705103374,0.0016553308409530398,False,0.0012161614341695826,0.0005514954281337748,0.0020049772532769543,False,2000,-0.0004391694067834573,-0.0008335773163371973,-0.00018017206432141553,False,2000
llama,20,difference_of_means,atomic_auroc,topic,sp_en_trans,146,0.8768999812347532,0.9061737661850253,0.8966034903358979,0.029273784950272108,False,0.01970350910114471,0.009452160493827133,0.033968984517422585,False,2000,-0.009570275849127396,-0.01755109520660115,-0.0037321326710463465,True,2000
llama,20,difference_of_means,atomic_auroc,topic,inventors,134,0.9280463354867454,0.9296057028291379,0.9278235687235464,0.0015593673423924814,False,-0.00022276676319898936,-0.0022956841138659367,0.002130256410256342,False,2000,-0.0017821341055914708,-0.004682903650534026,-0.00024395426913831445,False,2000
llama,20,difference_of_means,atomic_auroc,topic,element_symb,72,0.9884259259259259,0.9915123456790124,0.9907407407407407,0.0030864197530864335,False,0.0023148148148147696,0.0,0.009259259259259193,False,2000,-0.0007716049382716639,-0.0038773148148148824,0.0,False,2000
llama,20,difference_of_means,atomic_auroc,topic,animal_class,64,1.0,1.0,1.0,0.0,False,0.0,0.0,0.0,False,2000,0.0,0.0,0.0,False,2000
llama,20,difference_of_means,atomic_auroc,topic_macro,all,1012,0.9512941503447184,0.9584091309220593,0.9558964940621045,0.007114980577340835,False,0.004602343717386104,0.0023795893737822483,0.00768169079729563,False,2000,-0.002512636859954731,-0.004369045430779608,-0.0012262402545733606,False,2000
llama,20,difference_of_means,and_auroc,pooled,all,3864,0.918648471781067,0.9130509796861404,0.915773282637987,-0.005597492094926659,False,-0.002875189143080048,-0.003496399214619611,-0.0022682679620384615,False,2000,0.0027223029518466113,0.0020826055299232454,0.0034129197687326413,False,2000
llama,20,difference_of_means,and_auroc,topic,cities,2384,0.9704330135279191,0.9657034968394818,0.9686162785460114,-0.004729516688437352,False,-0.0018167349819077083,-0.0026405698701880225,-0.0011345241514868604,False,2000,0.0029127817065296435,0.0018872937184649858,0.003985091069180082,False,2000
llama,20,difference_of_means,and_auroc,topic,sp_en_trans,544,0.9555038927335641,0.9561526816608996,0.9561887254901961,0.0006487889273355529,False,0.0006848327566320034,-0.000525363765396411,0.0020549193331243216,False,2000,3.604382929645045e-05,-0.000808980672554091,0.0008600802120216327,False,2000
llama,20,difference_of_means,and_auroc,topic,inventors,392,0.933534638345134,0.9339511314729974,0.933534638345134,0.0004164931278634043,False,0.0,-0.0016148685398821722,0.0014432702910495004,False,2000,-0.0004164931278634043,-0.0020734245398471825,0.0019458943234944531,False,2000
llama,20,difference_of_means,and_auroc,topic,element_symb,288,0.9977494855967078,0.9976208847736625,0.9976851851851852,-0.00012860082304533282,False,-6.43004115226109e-05,-0.0007927070947284509,0.0009539366279810525,False,2000,6.430041152272192e-05,0.0,0.0005206174124176937,False,2000
llama,20,difference_of_means,and_auroc,topic,animal_class,256,0.9991048177083334,0.9991048177083334,0.9991861979166666,0.0,False,8.138020833325932e-05,0.0,0.0012251275510204184,False,2000,8.138020833325932e-05,0.0,0.0005787037037037202,False,2000
llama,20,difference_of_means,and_auroc,topic_macro,all,3864,0.9712651695823317,0.9705066024910749,0.9710422050966386,-0.0007585670912567677,False,-0.0002229644856930335,-0.0006554002370785684,0.00026921027469525773,False,2000,0.0005356026055637342,8.748457136652788e-05,0.0010360719508629125,False,2000
llama,20,difference_of_means,or_auroc,pooled,all,3864,0.8127744271411568,0.8128640870336793,0.8128769466198578,8.965989252252005e-05,False,0.00010251947870099087,-0.0004449787188434723,0.0006002321484595696,False,2000,1.2859586178470828e-05,-0.0003351399096199775,0.00042553602611313505,False,2000
llama,20,difference_of_means,or_auroc,topic,cities,2384,0.8747682161464199,0.8728398120204796,0.8734863669804663,-0.0019284041259403084,False,-0.0012818491659535303,-0.0019846111871621303,-0.0006070825271888376,False,2000,0.0006465549599867781,0.0002140062858641767,0.0011488733314415711,False,2000
llama,20,difference_of_means,or_auroc,topic,sp_en_trans,544,0.8203215109573241,0.8205918396770473,0.8206098615916955,0.0002703287197232118,False,0.00028835063437138153,-0.0005384996279643534,0.0013631542877573536,False,2000,1.8021914648169712e-05,-0.0007607036093048164,0.0008209562887807349,False,2000
llama,20,difference_of_means,or_auroc,topic,inventors,392,0.9107663473552686,0.9120158267388588,0.9115299180896849,0.001249479383590213,False,0.0007635707344162412,-0.002226669739229775,0.0040741213532802245,False,2000,-0.0004859086491739717,-0.0037035570191190745,0.0017220959664243428,False,2000
llama,20,difference_of_means,or_auroc,topic,element_symb,288,0.8222736625514403,0.8238168724279835,0.8231738683127572,0.0015432098765432167,False,0.0009002057613168857,-0.0011116780045352076,0.003858796296296253,False,2000,-0.000643004115226331,-0.002618371819143983,0.0011343562260550302,False,2000
llama,20,difference_of_means,or_auroc,topic,animal_class,256,0.8893229166666666,0.8907877604166666,0.89013671875,0.00146484375,False,0.0008138020833333703,-0.0035966574839301517,0.00561569110065901,False,2000,-0.0006510416666666297,-0.004490929705215471,0.002307005318467252,False,2000
llama,20,difference_of_means,or_auroc,topic_macro,all,3864,0.8634905307354239,0.8640104222562073,0.8637873467449207,0.0005198915207833554,False,0.0002968160094968253,-0.0008884242976173379,0.0015805378800820443,False,2000,-0.00022307551128653014,-0.0012889076588480015,0.000674565224234585,False,2000
llama,20,difference_of_means,and_tt_vs_mixed_auroc,pooled,all,2898,0.8845659246685441,0.876768193099546,0.8805344444015791,-0.007797731568998101,False,-0.004031480266964982,-0.004812243670428237,-0.0032472163989172836,False,2000,0.003766251302033119,0.002956438037726994,0.004572520155217449,False,2000
llama,20,difference_of_means,and_tt_vs_mixed_auroc,topic,cities,1788,0.9562308567181659,0.9494392144497995,0.9536338453222828,-0.006791642268366371,False,-0.0025970113958830865,-0.0037122035398087145,-0.0016445791437896071,False,2000,0.004194630872483285,0.002751200964826886,0.0057205524808516504,False,2000
llama,20,difference_of_means,and_tt_vs_mixed_auroc,topic,sp_en_trans,408,0.9363375865051903,0.9373648356401384,0.9372837370242214,0.001027249134948116,False,0.0009461505190311303,-0.0007692901234567645,0.0028938618379347647,False,2000,-8.109861591698575e-05,-0.0013778988868274472,0.0009732617175410819,False,2000
llama,20,difference_of_means,and_tt_vs_mixed_auroc,topic,inventors,294,0.9015514369012911,0.9024885464389838,0.9017076218242399,0.0009371095376926597,False,0.00015618492294877662,-0.0021810421335003633,0.0022910395230187628,False,2000,-0.0007809246147438831,-0.0033099353195882864,0.002603977220139731,False,2000
llama,20,difference_of_means,and_tt_vs_mixed_auroc,topic,element_symb,216,0.9966242283950617,0.9964313271604939,0.9965277777777778,-0.0001929012345678327,False,-9.645061728391635e-05,-0.0011890606420926764,0.0014309049419715246,False,2000,9.645061728391635e-05,0.0,0.000780926118626435,False,2000
llama,20,difference_of_means,and_tt_vs_mixed_auroc,topic,animal_class,192,0.9986572265625,0.9986572265625,0.998779296875,0.0,False,0.0001220703125,0.0,0.0018376913265306274,False,2000,0.0001220703125,0.0,0.0008680555555555802,False,2000
llama,20,difference_of_means,and_tt_vs_mixed_auroc,topic_macro,all,2898,0.9578802670164418,0.9568762300503831,0.9575864557647045,-0.0010040369660586634,False,-0.00029381125173733036,-0.0009334477791489021,0.00042368136659838557,False,2000,0.0007102257143213331,4.117870972673854e-05,0.0014445701885626625,False,2000
llama,20,difference_of_means,or_mixed_vs_ff_auroc,pooled,all,2898,0.7387644723926118,0.7382447307845633,0.7385056732207691,-0.0005197416080484629,False,-0.000258799171842683,-0.0009905603056851342,0.00041189424203518773,False,2000,0.00026094243620577995,-0.00020735208744834254,0.0008345347458681956,False,2000
llama,20,difference_of_means,or_mixed_vs_ff_auroc,topic,cities,1788,0.8121523242196298,0.8092597180307194,0.8102295504706996,-0.002892606188910407,False,-0.0019227737489302399,-0.002976916780743305,-0.0009106237907830941,False,2000,0.0009698324399801672,0.0003210094287961568,0.0017233099971623027,False,2000
llama,20,difference_of_means,or_mixed_vs_ff_auroc,topic,sp_en_trans,408,0.7347534602076125,0.7351319204152249,0.7351319204152249,0.00037846020761245214,False,0.00037846020761245214,-0.0008062348830959465,0.0018845629351170621,False,2000,0.0,-0.001114573205476349,0.001096642698959258,False,2000
llama,20,difference_of_means,or_mixed_vs_ff_auroc,topic,inventors,294,0.867451062057476,0.8690129112869638,0.8683881715951687,0.0015618492294877662,False,0.0009371095376926597,-0.0033841172410944533,0.005788338619761675,False,2000,-0.0006247396917951065,-0.005454222365942274,0.0026035077598409043,False,2000
llama,20,difference_of_means,or_mixed_vs_ff_auroc,topic,element_symb,216,0.7334104938271605,0.7357253086419753,0.7347608024691358,0.0023148148148147696,False,0.001350308641975273,-0.001667517006802649,0.005788194444444382,False,2000,-0.0009645061728394966,-0.003927557728716086,0.0017015343390825424,False,2000
llama,20,difference_of_means,or_mixed_vs_ff_auroc,topic,animal_class,192,0.8341064453125,0.836181640625,0.835205078125,0.0020751953125,False,0.0010986328125,-0.00539498622589534,0.008423536650988515,False,2000,-0.0009765625,-0.006736394557823208,0.003460507977700934,False,2000
llama,20,difference_of_means,or_mixed_vs_ff_auroc,topic_macro,all,2898,0.7963747571248758,0.7970622997999767,0.7967431046150458,0.0006875426751008495,False,0.0003683474901700068,-0.0013697232692854917,0.0023401283948217898,False,2000,-0.00031919518493084276,-0.0018931153625994818,0.0010192088077577988,False,2000
llama,20,mass_mean_covariance,atomic_auroc,pooled,all,1012,1.0,1.0,1.0,0.0,False,0.0,0.0,0.0,False,2000,0.0,0.0,0.0,False,2000
llama,20,mass_mean_covariance,atomic_auroc,topic,cities,596,1.0,1.0,1.0,0.0,False,0.0,0.0,0.0,False,2000,0.0,0.0,0.0,False,2000
llama,20,mass_mean_covariance,atomic_auroc,topic,sp_en_trans,146,1.0,1.0,1.0,0.0,False,0.0,0.0,0.0,False,2000,0.0,0.0,0.0,False,2000
llama,20,mass_mean_covariance,atomic_auroc,topic,inventors,134,1.0,1.0,1.0,0.0,False,0.0,0.0,0.0,False,2000,0.0,0.0,0.0,False,2000
llama,20,mass_mean_covariance,atomic_auroc,topic,element_symb,72,1.0,1.0,1.0,0.0,False,0.0,0.0,0.0,False,2000,0.0,0.0,0.0,False,2000
llama,20,mass_mean_covariance,atomic_auroc,topic,animal_class,64,1.0,1.0,1.0,0.0,False,0.0,0.0,0.0,False,2000,0.0,0.0,0.0,False,2000
llama,20,mass_mean_covariance,atomic_auroc,topic_macro,all,1012,1.0,1.0,1.0,0.0,False,0.0,0.0,0.0,False,2000,0.0,0.0,0.0,False,2000
llama,20,mass_mean_covariance,and_auroc,pooled,all,3864,0.9520076671710482,0.9477414994563252,0.9474525159780358,-0.00426616771472299,False,-0.004555151193012419,-0.0102438159966706,0.00015682281455379853,False,2000,-0.0002889834782894285,-0.003088806382193937,0.002062931384257832,False,2000
llama,20,mass_mean_covariance,and_auroc,topic,cities,2384,0.9820146990375809,0.9748453523114574,0.972013272675405,-0.00716934672612346,False,-0.010001426362175825,-0.014089408720317904,-0.006679053488576108,False,2000,-0.002832079636052365,-0.005076084797424649,-0.0008366018125751512,False,2000
llama,20,mass_mean_covariance,and_auroc,topic,sp_en_trans,544,0.9528186274509803,0.9432850346020761,0.951935553633218,-0.009533592848904204,False,-0.0008830738177623143,-0.013550338189385997,0.012656436292747708,False,2000,0.00865051903114189,-0.0007735470009204909,0.016420230446727215,False,2000
llama,20,mass_mean_covariance,and_auroc,topic,inventors,392,0.854053866444537,0.7825905872553103,0.7976190476190477,-0.07146327918922668,False,-0.056434818825489286,-0.07631714876033058,-0.03664731626157407,False,2000,0.015028460363737395,-0.0032425063775510603,0.03709885421005136,False,2000
llama,20,mass_mean_covariance,and_auroc,topic,element_symb,288,0.9818029835390947,0.9727366255144033,0.9732510288065843,-0.009066358024691357,False,-0.008551954732510358,-0.018243298746482818,0.0002907869302404781,False,2000,0.0005144032921809982,-0.005777994791666632,0.006288513984103395,False,2000
llama,20,mass_mean_covariance,and_auroc,topic,animal_class,256,0.9979654947916666,0.9974772135416666,0.997314453125,-0.00048828125,False,-0.0006510416666666297,-0.004064936380314907,0.0010905007266482384,False,2000,-0.00016276041666662966,-0.002401035156249959,0.0036579789666209006,False,2000
llama,20,mass_mean_covariance,and_auroc,topic_macro,all,3864,0.9537311342527719,0.9341869626449828,0.938426671171851,-0.019544171607789096,False,-0.015304463080920927,-0.02024849346875427,-0.00990615540892024,False,2000,0.004239708526868169,9.866080573430752e-05,0.00916838353160277,False,2000
llama,20,mass_mean_covariance,or_auroc,pooled,all,3864,0.4419804048483498,0.3939252029314141,0.39920549190060395,-0.048055201916935686,False,-0.042774912947745825,-0.054212787034287,-0.032651029513371774,False,2000,0.005280288969189861,-0.0007681311922889968,0.011232862154635443,False,2000
llama,20,mass_mean_covariance,or_auroc,topic,cities,2384,0.24861961923637074,0.18582683963184843,0.18346020449529302,-0.06279277960452231,False,-0.06515941474107773,-0.07844796651995159,-0.05314662910408856,False,2000,-0.0023666351365554117,-0.008613676345454766,0.003777233209781161,False,2000
llama,20,mass_mean_covariance,or_auroc,topic,sp_en_trans,544,0.8554462226066898,0.8594110438292965,0.8505803056516724,0.003964821222606663,False,-0.004865916955017369,-0.01687410930807513,0.008094918628808895,False,2000,-0.008830738177624031,-0.01682681327884469,0.0002651020474523613,False,2000
llama,20,mass_mean_covariance,or_auroc,topic,inventors,392,0.5713591559072608,0.5524781341107872,0.5892336526447314,-0.018881021796473663,False,0.017874496737470547,-0.03147526748971191,0.07262783260233911,False,2000,0.03675551853394421,0.003401041666666646,0.0754932445166942,False,2000
llama,20,mass_mean_covariance,or_auroc,topic,element_symb,288,0.8341049382716049,0.8329475308641975,0.8306327160493827,-0.0011574074074074403,False,-0.00347222222222221,-0.037744743441358045,0.024908868067651798,False,2000,-0.0023148148148147696,-0.016741287895728076,0.014243984630889371,False,2000
llama,20,mass_mean_covariance,or_auroc,topic,animal_class,256,0.6299641927083334,0.6687825520833334,0.63623046875,0.038818359375,False,0.00626627604166663,-0.02518684476912514,0.039822916101346195,False,2000,-0.03255208333333337,-0.06361473122836764,-0.002858649540587726,False,2000
llama,20,mass_mean_covariance,or_auroc,topic_macro,all,3864,0.6278988257460519,0.6198892201038926,0.618027469518216,-0.008009605642159356,False,-0.00987135622783597,-0.024657678300931567,0.0032251629369562653,False,2000,-0.0018617505856766137,-0.012417751824366653,0.008996957112490421,False,2000
llama,20,mass_mean_covariance,and_tt_vs_mixed_auroc,pooled,all,2898,0.9297566537642152,0.9233681185139462,0.9228649872047118,-0.006388535250269056,False,-0.006891666559503462,-0.014779800375512023,-0.00023709369712356776,False,2000,-0.0005031313092344059,-0.004627978906295069,0.0029074748778912893,False,2000
llama,20,mass_mean_covariance,and_tt_vs_mixed_auroc,topic,cities,1788,0.9730220485563713,0.9622849195982163,0.958081843160218,-0.01073712895815504,False,-0.014940205396153261,-0.02104095959492883,-0.010005304339035908,False,2000,-0.004203076437998221,-0.007493646608275772,-0.001220964249803597,False,2000
llama,20,mass_mean_covariance,and_tt_vs_mixed_auroc,topic,sp_en_trans,408,0.9292820069204152,0.9155222750865052,0.927984429065744,-0.013759731833909994,False,-0.0012975778546712169,-0.020326320239334048,0.018984654439121566,False,2000,0.012462153979238777,-0.001247824146126275,0.024161294363305,False,2000
llama,20,mass_mean_covariance,and_tt_vs_mixed_auroc,topic,inventors,294,0.7854019158683881,0.6961162015826738,0.7143377759266972,-0.0892857142857143,False,-0.07106413994169092,-0.09937398142928279,-0.04338462373130346,False,2000,0.018221574344023383,-0.006353996073738105,0.04694016722746021,False,2000
llama,20,mass_mean_covariance,and_tt_vs_mixed_auroc,topic,element_symb,216,0.972704475308642,0.9591049382716049,0.9598765432098766,-0.01359953703703709,False,-0.012827932098765427,-0.027364948119724012,0.00043618039536071854,False,2000,0.0007716049382716639,-0.0086669921875,0.009432770976155252,False,2000
llama,20,mass_mean_covariance,and_tt_vs_mixed_auroc,topic,animal_class,192,0.9969482421875,0.9962158203125,0.9959716796875,-0.000732421875,False,-0.0009765625,-0.0060974045704724695,0.0016357510899722523,False,2000,-0.000244140625,-0.0036015527343750465,0.0054869684499313535,False,2000
llama,20,mass_mean_covariance,and_tt_vs_mixed_auroc,topic_macro,all,2898,0.9314717377682633,0.9058488309703001,0.9112504542100073,-0.025622906797963196,False,-0.02022128355825603,-0.027438549256143085,-0.0123411653302678,False,2000,0.005401623239707165,-0.00032026198866467456,0.012021853703301395,False,2000
llama,20,mass_mean_covariance,or_mixed_vs_ff_auroc,pooled,all,2898,0.38210974370844747,0.3529774228531993,0.35791282486529585,-0.029132320855248195,False,-0.024196918843151616,-0.03354530173477245,-0.015921779136884504,False,2000,0.004935402012096579,-0.001524761950351451,0.011667096610499333,False,2000
llama,20,mass_mean_covariance,or_mixed_vs_ff_auroc,topic,cities,1788,0.2054186748344669,0.1739392369713076,0.17129014458808162,-0.03147943786315932,False,-0.03412853024638529,-0.044982075944090774,-0.02415200980385027,False,2000,-0.0026490923832259705,-0.008287188979016992,0.003168232864891511,False,2000
llama,20,mass_mean_covariance,or_mixed_vs_ff_auroc,topic,sp_en_trans,408,0.7831693339100346,0.7891165657439446,0.7758704584775087,0.005947231833909994,False,-0.007298875432525942,-0.02531116396211264,0.012142377943213288,False,2000,-0.013246107266435936,-0.025240219918266932,0.0003976530711784892,False,2000
llama,20,mass_mean_covariance,or_mixed_vs_ff_auroc,topic,inventors,294,0.5410766347355269,0.5284256559766763,0.5564868804664723,-0.012650978758850573,False,0.015410245730945404,-0.0308664363156607,0.06947447766394445,False,2000,0.028061224489795977,-0.010418468858131451,0.07781579160099278,False,2000
llama,20,mass_mean_covariance,or_mixed_vs_ff_auroc,topic,element_symb,216,0.7567515432098766,0.7554012345679012,0.7493248456790124,-0.001350308641975384,False,-0.007426697530864224,-0.05796068744593431,0.03489703856749319,False,2000,-0.0060763888888888395,-0.025796897082932965,0.016976221783914055,False,2000
llama,20,mass_mean_covariance,or_mixed_vs_ff_auroc,topic,animal_class,192,0.492919921875,0.549072265625,0.49951171875,0.05615234375,False,0.006591796875,-0.03155221193415638,0.05437682662616173,False,2000,-0.049560546875,-0.09197432322304569,-0.012206542968750003,False,2000
llama,20,mass_mean_covariance,or_mixed_vs_ff_auroc,topic_macro,all,2898,0.5558672217129811,0.559190991776966,0.550496809592215,0.0033237700639848766,False,-0.005370412120766055,-0.022454295954754736,0.009515011899104617,False,2000,-0.008694182184750932,-0.02158929969937288,0.004735087491751701,False,2000
llama,20,burger_t_g,atomic_auroc,pooled,all,1012,0.969558968270087,0.9719922198440845,0.9726718117764689,0.0024332515739974303,False,0.003112843506381857,0.0021046303921329417,0.004299086764841837,False,2000,0.0006795919323844268,0.0003370964431057721,0.0010815314551587212,False,2000
llama,20,burger_t_g,atomic_auroc,topic,cities,596,0.9773321021575605,0.9791225620467546,0.9795729922075582,0.0017904598891941292,False,0.0022408900499977236,0.0012274221881897196,0.0035921805324085065,False,2000,0.0004504301608035943,0.00016862979145077785,0.0009233818296473517,False,2000
llama,20,burger_t_g,atomic_auroc,topic,sp_en_trans,146,0.8883467817601801,0.9027960217676863,0.9065490711202853,0.014449240007506137,False,0.01820228936010515,0.008724788907728048,0.03128888888888892,False,2000,0.003753049352599014,0.0005478451424396624,0.008103749999999996,False,2000
llama,20,burger_t_g,atomic_auroc,topic,inventors,134,0.9494319447538427,0.9509913120962352,0.9527734462018267,0.0015593673423924814,False,0.003341501447983952,-0.007106508875739636,0.013493565467724518,False,2000,0.0017821341055914708,-0.004639657628804439,0.007551280814783361,False,2000
llama,20,burger_t_g,atomic_auroc,topic,element_symb,72,0.9884259259259259,0.9891975308641975,0.9891975308641975,0.0007716049382715529,False,0.0007716049382715529,0.0,0.00462962962962965,False,2000,0.0,0.0,0.0,False,2000
llama,20,burger_t_g,atomic_auroc,topic,animal_class,64,1.0,1.0,1.0,0.0,False,0.0,0.0,0.0,False,2000,0.0,0.0,0.0,False,2000
llama,20,burger_t_g,atomic_auroc,topic_macro,all,1012,0.9607073509195019,0.9644214853549749,0.9656186080787734,0.003714134435472971,False,0.004911257159271543,0.001926107033818672,0.00838377901183775,False,2000,0.0011971227237985715,-0.00028644497972011294,0.0026082904841066676,False,2000
llama,20,burger_t_g,and_auroc,pooled,all,3864,0.9616280664754875,0.9665039929015085,0.9654530789421418,0.004875926426020971,False,0.003825012466654343,0.0015206357873645215,0.006712174569814277,False,2000,-0.0010509139593666283,-0.0021085790445357355,1.0396437948818661e-05,False,2000
llama,20,burger_t_g,and_auroc,topic,cities,2384,0.9767427893638425,0.9833819422548534,0.9847538774529676,0.006639152891010913,False,0.008011088089125096,0.004628576580229379,0.012265977810661388,False,2000,0.0013719351981141825,0.0005811701623476606,0.002333558321398732,False,2000
llama,20,burger_t_g,and_auroc,topic,sp_en_trans,544,0.9585676182237601,0.9588559688581315,0.9624243079584776,0.00028835063437138153,False,0.0038566897347174223,0.001422820658876406,0.007011040683280128,False,2000,0.0035683391003460407,0.0009178492440303721,0.0066273144183811175,False,2000
llama,20,burger_t_g,and_auroc,topic,inventors,392,0.9270095793419408,0.9286408440927392,0.929855615715674,0.0016312647507983336,False,0.0028460363737331518,-8.149790698178393e-05,0.006494778409083182,False,2000,0.0012147716229348182,-0.0008265041454575461,0.003907552083333325,False,2000
llama,20,burger_t_g,and_auroc,topic,element_symb,288,0.9969778806584362,0.9959490740740741,0.996849279835391,-0.0010288065843621075,False,-0.0001286008230452218,-0.001217606930137602,0.0,False,2000,0.0009002057613168857,0.0,0.0034686477768815695,False,2000
llama,20,burger_t_g,and_auroc,topic,animal_class,256,0.9988606770833334,0.998779296875,0.9989420572916666,-8.138020833337034e-05,False,8.138020833325932e-05,0.0,0.000685871056241405,False,2000,0.00016276041666662966,0.0,0.001512503149407969,False,2000
llama,20,burger_t_g,and_auroc,topic_macro,all,3864,0.9716317089342625,0.9731214252309595,0.9745650276508353,0.001489716296696919,False,0.0029333187165727637,0.001781769914404724,0.0041061578008731075,False,2000,0.0014436024198758446,0.0006407281882831267,0.0023950244303782525,False,2000
llama,20,burger_t_g,or_auroc,pooled,all,3864,0.8175681950999262,0.8185305207989518,0.8175767681573785,0.0009623256990256568,False,8.573057452276878e-06,-0.00098897512131704,0.0009538009118763845,False,2000,-0.0009537526415733799,-0.0015878551878953206,-0.0003288199836694403,False,2000
llama,20,burger_t_g,or_auroc,topic,cities,2384,0.8806378841793914,0.8807626908697807,0.8781361199945948,0.0001248066903892786,False,-0.002501764184796529,-0.0037383513183900986,-0.0014412047120076238,False,2000,-0.0026265708751858075,-0.003568042423802939,-0.0017335999485686556,False,2000
llama,20,burger_t_g,or_auroc,topic,sp_en_trans,544,0.8279447808535179,0.8290981833910035,0.8298911476355249,0.0011534025374856371,False,0.0019463667820069919,0.0004959778851572171,0.0040009494604715395,False,2000,0.0007929642445213547,-0.0009450493151536759,0.002713313352069625,False,2000
llama,20,burger_t_g,or_auroc,topic,inventors,392,0.8839372483687352,0.885499097598223,0.8874427321949188,0.0015618492294877662,False,0.003505483826183542,-0.000981478201169575,0.009244110491819767,False,2000,0.0019436345966957758,-0.0033575022713069973,0.006132122238429747,False,2000
llama,20,burger_t_g,or_auroc,topic,element_symb,288,0.8143004115226338,0.8162937242798354,0.8160365226337448,0.001993312757201604,False,0.0017361111111110494,-9.275498744874544e-05,0.004613690025464314,False,2000,-0.0002572016460905546,-0.0027011290627362433,0.001836801660523625,False,2000
llama,20,burger_t_g,or_auroc,topic,animal_class,256,0.869140625,0.872314453125,0.8714192708333334,0.003173828125,False,0.0022786458333333703,-0.004245560257523084,0.0122461993674115,False,2000,-0.0008951822916666297,-0.0041551246537395725,0.004793258273880266,False,2000
llama,20,burger_t_g,or_auroc,topic_macro,all,3864,0.8551921899848557,0.8567936298527685,0.8565851586584232,0.001601439867912835,False,0.0013929686735675295,-0.0003264546258443496,0.0035895123192227012,False,2000,-0.00020847119434530548,-0.0015811592379421507,0.0012916550717744152,False,2000
llama,20,burger_t_g,and_tt_vs_mixed_auroc,pooled,all,2898,0.94394131313521,0.9507402835110099,0.9493557347324563,0.0067989703757999065,False,0.005414421597246255,0.002237460421798129,0.009385277672900096,False,2000,-0.0013845487785536514,-0.0029054008771681626,0.0001660414697543103,False,2000
llama,20,burger_t_g,and_tt_vs_mixed_auroc,topic,cities,1788,0.9651141840457637,0.9750729133822801,0.9771308161794514,0.009958729336516425,False,0.012016632133687755,0.006942864870344123,0.01839896671599208,False,2000,0.0020579027971713293,0.0008717552435214937,0.0035003374820979896,False,2000
llama,20,burger_t_g,and_tt_vs_mixed_auroc,topic,sp_en_trans,408,0.9400140570934256,0.9403654844290658,0.945393598615917,0.00035142733564019757,False,0.005379541522491427,0.00202144047994115,0.009516216594725423,False,2000,0.005028114186851229,0.0011573978420569646,0.009252550149733583,False,2000
llama,20,burger_t_g,and_tt_vs_mixed_auroc,topic,inventors,294,0.8911391087047064,0.8934818825489379,0.8953040399833403,0.0023427738442315382,False,0.004164931278633932,-0.00027560424804687616,0.009010291230741018,False,2000,0.0018221574344023939,-0.00120244954970595,0.005900184310018918,False,2000
llama,20,burger_t_g,and_tt_vs_mixed_auroc,topic,element_symb,216,0.9954668209876543,0.9939236111111112,0.9952739197530864,-0.0015432098765431057,False,-0.0001929012345678327,-0.0018264103952065098,0.0,False,2000,0.001350308641975273,0.0,0.0052029716653223534,False,2000
llama,20,burger_t_g,and_tt_vs_mixed_auroc,topic,animal_class,192,0.998291015625,0.9981689453125,0.9984130859375,-0.0001220703125,False,0.0001220703125,0.0,0.0010288065843621075,False,2000,0.000244140625,0.0,0.002268754724111898,False,2000
llama,20,burger_t_g,and_tt_vs_mixed_auroc,topic_macro,all,2898,0.9580050372913099,0.9602025673567791,0.9623030920938589,0.0021975300654691887,False,0.004298054802548967,0.0025972127263548276,0.005973743140431339,False,2000,0.0021005247370797786,0.000912120630004129,0.003493292185320534,False,2000
llama,20,burger_t_g,or_mixed_vs_ff_auroc,pooled,all,2898,0.7452382024013134,0.7460226371582029,0.7447661484253437,0.000784434756889496,False,-0.00047205397596972176,-0.0018977051294665453,0.0008712410749661404,False,2000,-0.0012564887328592178,-0.002173625631954684,-0.00038003198108827753,False,2000
llama,20,burger_t_g,or_mixed_vs_ff_auroc,topic,cities,1788,0.8209582338633394,0.821146851493176,0.8172069951803973,0.00018861762983657382,False,-0.0037512386829421374,-0.005607450567980768,-0.0021608402473195097,False,2000,-0.003939856312778711,-0.005352063635704299,-0.002600399922852982,False,2000
llama,20,burger_t_g,or_mixed_vs_ff_auroc,topic,sp_en_trans,408,0.7440798010380623,0.7457017733564014,0.7466479238754326,0.0016219723183391599,False,0.0025681228373702902,0.0005395008444361027,0.005511515938028219,False,2000,0.0009461505190311303,-0.0014954888369348024,0.0036141529124345704,False,2000
llama,20,burger_t_g,or_mixed_vs_ff_auroc,topic,inventors,294,0.8334548104956269,0.8356413994169096,0.8384527280299875,0.0021865889212827616,False,0.00499791753436063,-0.0012848055902283772,0.01265770925468254,False,2000,0.002811328613077868,-0.005050703125,0.008603649077278024,False,2000
llama,20,burger_t_g,or_mixed_vs_ff_auroc,topic,element_symb,216,0.7214506172839507,0.7244405864197531,0.7240547839506173,0.002989969135802406,False,0.0026041666666666297,-0.00013913248117322638,0.006920535038196467,False,2000,-0.0003858024691357764,-0.004051693594104314,0.0027552024907854917,False,2000
llama,20,burger_t_g,or_mixed_vs_ff_auroc,topic,animal_class,192,0.8037109375,0.8084716796875,0.80712890625,0.0047607421875,False,0.00341796875,-0.006368340386284682,0.018369299051117248,False,2000,-0.0013427734375,-0.006232686980609414,0.007189887410820454,False,2000
llama,20,burger_t_g,or_mixed_vs_ff_auroc,topic_macro,all,2898,0.7847308800361958,0.787080458074748,0.7866982674572869,0.0023495780385521803,False,0.001967387421091038,-0.00053460140305851,0.005211502108460336,False,2000,-0.00038219061746114225,-0.0023419576346762365,0.0018339497521436237,False,2000
llama,20,ttpd,atomic_auroc,pooled,all,1012,0.9883922573388118,0.989329625521411,0.9892749457107595,0.000937368182599263,False,0.0008826883719477152,0.0004273096355150358,0.001347805872822208,False,2000,-5.467981065154781e-05,-0.0008132133204600794,0.0006693200425496038,False,2000
llama,20,ttpd,atomic_auroc,topic,cities,596,0.9989527498761317,0.9995045268231161,0.9989527498761317,0.0005517769469843836,False,0.0,-0.0001351290482410894,0.00012386829422095236,False,2000,-0.0005517769469843836,-0.001081313904779105,-0.00018017206432141553,False,2000
llama,20,ttpd,atomic_auroc,topic,sp_en_trans,146,0.9827359729780447,0.9913679864890224,0.9857384124601238,0.008632013510977643,False,0.0030024394820791223,0.00043221479814726794,0.006943141302308109,False,2000,-0.005629574028898521,-0.012387874300318921,-0.0012439455782312342,True,2000
llama,20,ttpd,atomic_auroc,topic,inventors,134,0.926264201381154,0.9258186678547561,0.9391846736466919,-0.0004455335263978677,False,0.012920472265537941,0.004364153108878208,0.023333333333333317,False,2000,0.013366005791935809,0.004282210569412928,0.02556226106556466,False,2000
llama,20,ttpd,atomic_auroc,topic,element_symb,72,0.9992283950617284,0.9984567901234568,0.9992283950617284,-0.0007716049382716639,False,0.0,0.0,0.0,False,2000,0.0007716049382716639,0.0,0.00462962962962965,False,2000
llama,20,ttpd,atomic_auroc,topic,animal_class,64,1.0,1.0,1.0,0.0,False,0.0,0.0,0.0,False,2000,0.0,0.0,0.0,False,2000
llama,20,ttpd,atomic_auroc,topic_macro,all,1012,0.9814362638594117,0.9830295942580702,0.9846208462089352,0.001593330398658499,False,0.003184582349523457,0.0013950316492647025,0.005433684544084489,False,2000,0.001591251950864958,-0.0007624492878634647,0.004296909568500055,False,2000
llama,20,ttpd,and_auroc,pooled,all,3864,0.9626228983506866,0.9672277018347771,0.9666675954145574,0.004604803484090536,False,0.0040446970638707835,0.0018152456536915634,0.006999135206586254,False,2000,-0.0005601064202197525,-0.002010368036477117,0.0009506972890408416,False,2000
llama,20,ttpd,and_auroc,topic,cities,2384,0.9718762668348273,0.9782958350224464,0.9803387234809243,0.006419568187619129,False,0.008462456646097016,0.005150669123761165,0.012476889506545555,False,2000,0.0020428884584778872,0.0011193830651626186,0.003170382144844106,False,2000
llama,20,ttpd,and_auroc,topic,sp_en_trans,544,0.9609645328719724,0.9604418973471741,0.9643526528258363,-0.0005226355247982539,False,0.0033881199538638995,0.0012001918409520168,0.005867851158757249,False,2000,0.0039107554786621535,0.0012681940055539187,0.007240324657562772,False,2000
llama,20,ttpd,and_auroc,topic,inventors,392,0.9285714285714286,0.9290920449812579,0.9297514924337081,0.0005206164098292554,False,0.0011800638622795345,-0.0012265196078431323,0.004097324567333668,False,2000,0.0006594474524502791,-0.0018457548285676917,0.0032038959374598467,False,2000
llama,20,ttpd,and_auroc,topic,element_symb,288,0.9951131687242798,0.9928626543209876,0.9953060699588477,-0.0022505144032921587,False,0.00019290123456794372,-0.0023806449050208815,0.0012207946683932098,False,2000,0.0024434156378601024,0.0,0.005945480154011644,False,2000
llama,20,ttpd,and_auroc,topic,animal_class,256,0.99853515625,0.99853515625,0.9986165364583334,0.0,False,8.138020833337034e-05,0.0,0.000685871056241405,False,2000,8.138020833337034e-05,0.0,0.000685871056241405,False,2000
llama,20,ttpd,and_auroc,topic_macro,all,3864,0.9710121106505015,0.9718455175843733,0.97367309503153,0.0008334069338717942,False,0.002660984381028464,0.001507378288434305,0.0037158520614058933,False,2000,0.0018275774471566697,0.0008132714011026221,0.0028850595050635966,False,2000
llama,20,ttpd,or_auroc,pooled,all,3864,0.8147787365313696,0.8151891716569005,0.814669072838125,0.0004104351255309613,False,-0.00010966369324461045,-0.0009146144618825819,0.0006652701877764289,False,2000,-0.0005200988187755717,-0.0015263586298505578,0.0004850231497769279,False,2000
llama,20,ttpd,or_auroc,topic,cities,2384,0.8644242751827996,0.8627182709487561,0.8628393240544721,-0.0017060042340435455,False,-0.001584951128327572,-0.0025376846723533493,-0.0007268582796818885,False,2000,0.00012105310571597361,-0.0009352393845364487,0.001171262649093182,False,2000
llama,20,ttpd,or_auroc,topic,sp_en_trans,544,0.828972029988466,0.8295487312572087,0.8307201557093425,0.0005767012687427631,False,0.00174812572087657,0.0002872126958361809,0.0034123170028160367,False,2000,0.0011714244521338069,-0.0006649818533907753,0.0030326403353611434,False,2000
llama,20,ttpd,or_auroc,topic,inventors,392,0.8779675135360266,0.8784534221852006,0.8809176731917256,0.0004859086491739717,False,0.002950159655699003,-0.0023435825510116776,0.008881748842787742,False,2000,0.002464251006525031,-0.001886783851655044,0.00756800852572813,False,2000
llama,20,ttpd,or_auroc,topic,element_symb,288,0.8128858024691358,0.8145576131687243,0.8140432098765432,0.0016718106995885496,False,0.0011574074074074403,-0.0014432058349807457,0.0038264702690972868,False,2000,-0.0005144032921811093,-0.0030871678465168918,0.0013507925637574914,False,2000
llama,20,ttpd,or_auroc,topic,animal_class,256,0.8672688802083334,0.8680826822916666,0.8689778645833334,0.0008138020833332593,False,0.001708984375,-0.0035683510175770787,0.007235929449068543,False,2000,0.0008951822916667407,-0.004261621315192671,0.0068373853382542775,False,2000
llama,20,ttpd,or_auroc,topic_macro,all,3864,0.8503037002769522,0.8506721439703113,0.8514996454830832,0.00036844369335908844,False,0.0011959452061309772,-0.0005919949738488,0.002833515085548018,False,2000,0.0008275015127718888,-0.0007382859170053602,0.0024859618730371977,False,2000
llama,20,ttpd,and_tt_vs_mixed_auroc,pooled,all,2898,0.9447986188804445,0.9512980680615031,0.9506754497640266,0.006499449181058603,False,0.0058768308835821514,0.002692500830100697,0.010072396905955188,False,2000,-0.0006226182974764516,-0.002668927555592196,0.0015690307796727295,False,2000
llama,20,ttpd,and_tt_vs_mixed_auroc,topic,cities,1788,0.9578144002522408,0.9674437525336697,0.9705080852213864,0.009629352281428805,False,0.01269368496914558,0.007726003685641908,0.01871533425981833,False,2000,0.0030643326877167754,0.0016790745977439791,0.004755573217266159,False,2000
llama,20,ttpd,and_tt_vs_mixed_auroc,topic,sp_en_trans,408,0.9432580017301038,0.9424740484429066,0.9479346885813149,-0.0007839532871971588,False,0.004676686851211143,0.0016663588796552054,0.008099039710322702,False,2000,0.005460640138408301,0.0017939545028797133,0.009638034436602078,False,2000
llama,20,ttpd,and_tt_vs_mixed_auroc,topic,inventors,294,0.8934818825489379,0.8942107455226989,0.8952519783423574,0.0007288629737609575,False,0.0017700957934194683,-0.001942487405087595,0.005739905344733916,False,2000,0.0010412328196585108,-0.002433734822140038,0.0048779037913652965,False,2000
llama,20,ttpd,and_tt_vs_mixed_auroc,topic,element_symb,216,0.9926697530864198,0.9892939814814815,0.9929591049382716,-0.0033757716049382935,False,0.00028935185185174905,-0.0035709673575312654,0.0018311920025898174,False,2000,0.0036651234567900426,0.0,0.008918220231017467,False,2000
llama,20,ttpd,and_tt_vs_mixed_auroc,topic,animal_class,192,0.997802734375,0.997802734375,0.9979248046875,0.0,False,0.0001220703125,0.0,0.0010288065843621075,False,2000,0.0001220703125,0.0,0.0010288065843621075,False,2000
llama,20,ttpd,and_tt_vs_mixed_auroc,topic_macro,all,2898,0.9570053543985406,0.9582450524711513,0.960915732354166,0.0012396980726107065,False,0.0039103779556254326,0.00221443763120219,0.005428271989033392,False,2000,0.002670679883014726,0.0011824097849945175,0.004216865005734232,False,2000
llama,20,ttpd,or_mixed_vs_ff_auroc,pooled,all,2898,0.7382822379109174,0.7380786277964242,0.7378659088083879,-0.00020361011449321342,False,-0.0004163291025295335,-0.0015424874230281355,0.0007062248249309368,False,2000,-0.00021271898803632006,-0.0015192053977487103,0.0010817037303747798,False,2000
llama,20,ttpd,or_mixed_vs_ff_auroc,topic,cities,1788,0.7966448583397144,0.7940914823656592,0.7942674316472231,-0.0025533759740552497,False,-0.0023774266924913023,-0.0038065270085299724,-0.0010902874195228868,False,2000,0.0001759492815639474,-0.0014028590768046718,0.001748135795000882,False,2000
llama,20,ttpd,or_mixed_vs_ff_auroc,topic,sp_en_trans,408,0.7454855103806228,0.746350562283737,0.7478644031141869,0.0008650519031141446,False,0.002378892733564064,0.00030462847569573685,0.004603325281585937,False,2000,0.0015138408304499196,-0.0011027095148078425,0.00404195600482384,False,2000
llama,20,ttpd,or_mixed_vs_ff_auroc,topic,inventors,294,0.8267909204498126,0.8275197834235735,0.8309558517284464,0.0007288629737608465,False,0.004164931278633821,-0.003359570681710827,0.012066952626848522,False,2000,0.0034360683048729745,-0.0023268662290240466,0.010236666304745033,False,2000
llama,20,ttpd,or_mixed_vs_ff_auroc,topic,element_symb,216,0.7193287037037037,0.7218364197530864,0.7210648148148148,0.0025077160493827133,False,0.0017361111111110494,-0.0021648087524710675,0.005739705403645818,False,2000,-0.0007716049382716639,-0.004630751769775227,0.0020261888456362385,False,2000
llama,20,ttpd,or_mixed_vs_ff_auroc,topic,animal_class,192,0.801025390625,0.8021240234375,0.8035888671875,0.0010986328125,False,0.0025634765625,-0.005352526526365561,0.010853894173602927,False,2000,0.00146484375,-0.0063924319727891145,0.010274290103835557,False,2000
llama,20,ttpd,or_mixed_vs_ff_auroc,topic_macro,all,2898,0.7778550766997707,0.7783844542527112,0.7795482736984343,0.0005293775529404687,False,0.0016931969986635487,-0.0008903004729628766,0.0040260928463065,False,2000,0.00116381944572308,-0.001038859369471015,0.003512531127447632,False,2000
llama,20,r0,atomic_auroc,pooled,all,1012,1.0,1.0,1.0,0.0,False,0.0,0.0,0.0,False,2000,0.0,0.0,0.0,False,2000
llama,20,r0,atomic_auroc,topic,cities,596,1.0,1.0,1.0,0.0,False,0.0,0.0,0.0,False,2000,0.0,0.0,0.0,False,2000
llama,20,r0,atomic_auroc,topic,sp_en_trans,146,1.0,1.0,1.0,0.0,False,0.0,0.0,0.0,False,2000,0.0,0.0,0.0,False,2000
llama,20,r0,atomic_auroc,topic,inventors,134,1.0,1.0,1.0,0.0,False,0.0,0.0,0.0,False,2000,0.0,0.0,0.0,False,2000
llama,20,r0,atomic_auroc,topic,element_symb,72,1.0,1.0,1.0,0.0,False,0.0,0.0,0.0,False,2000,0.0,0.0,0.0,False,2000
llama,20,r0,atomic_auroc,topic,animal_class,64,1.0,1.0,1.0,0.0,False,0.0,0.0,0.0,False,2000,0.0,0.0,0.0,False,2000
llama,20,r0,atomic_auroc,topic_macro,all,1012,1.0,1.0,1.0,0.0,False,0.0,0.0,0.0,False,2000,0.0,0.0,0.0,False,2000
llama,20,r0,and_auroc,pooled,all,3864,0.9466691528533279,0.9451356472015398,0.9473678570356939,-0.001533505651788114,False,0.0006987041823660611,-0.0004948096965827848,0.0018435322518110659,False,2000,0.002232209834154175,0.0016575098121544758,0.0027852768720552055,False,2000
llama,20,r0,and_auroc,topic,cities,2384,0.9822774499647163,0.9844789273756437,0.9839834541987598,0.002201477410927355,False,0.0017060042340434345,0.0008104783956472045,0.002864527184579773,False,2000,-0.0004954731768839205,-0.0009258330033006968,-0.0001669099943518831,False,2000
llama,20,r0,and_auroc,topic,sp_en_trans,544,0.9863213667820069,0.9878712514417531,0.9871143310265282,0.001549884659746259,False,0.0007929642445213547,-0.0025309277330196806,0.0038428059584716223,False,2000,-0.0007569204152249043,-0.0022584623187841464,0.00037857449481896115,False,2000
llama,20,r0,and_auroc,topic,inventors,392,0.9378731084270443,0.9468971261974177,0.9463765097875885,0.009024017770373427,False,0.008503401360544172,0.001664373038467809,0.015872048671330057,False,2000,-0.0005206164098292554,-0.0038099489795917372,0.0020319090792180355,False,2000
llama,20,r0,and_auroc,topic,element_symb,288,0.9910622427983539,0.9918981481481481,0.9914480452674898,0.0008359053497942748,False,0.00038580246913588745,-0.0029439356617484203,0.002836988246516856,False,2000,-0.00045010288065838733,-0.0023796056004101477,0.001648066250433525,False,2000
llama,20,r0,and_auroc,topic,animal_class,256,0.99755859375,0.9993489583333334,0.9994303385416666,0.0017903645833333703,False,0.0018717447916666297,0.0,0.0073980096549541826,False,2000,8.138020833325932e-05,0.0,0.0006510416666666297,False,2000
llama,20,r0,and_auroc,topic_macro,all,3864,0.9790185523444244,0.9820988822992591,0.9816705357644067,0.0030803299548347596,False,0.0026519834199822956,0.0008359979996501205,0.004566257568363444,False,2000,-0.000428346534852464,-0.0011569829852397823,0.00030053563754880156,False,2000
llama,20,r0,or_auroc,pooled,all,3864,0.6709864159904667,0.6784371173380085,0.6724006132593764,0.007450701347541777,False,0.0014141972689096782,-0.0031805838277930236,0.005665909227250936,False,2000,-0.006036504078632099,-0.007550600515046094,-0.0048030929870091195,False,2000
llama,20,r0,or_auroc,topic,cities,2384,0.527309205291053,0.5328035148566881,0.5217323168626038,0.005494309565635125,False,-0.005576888428449167,-0.010387514261215347,-0.0007897867274378311,False,2000,-0.011071197994084292,-0.013027708608249023,-0.009422786469835714,False,2000
llama,20,r0,or_auroc,topic,sp_en_trans,544,0.8587262110726643,0.859717416378316,0.8605464244521338,0.0009912053056516656,False,0.0018202133794694708,-0.0019397203652930072,0.008666292533081262,False,2000,0.0008290080738178052,-0.0007998078861174096,0.0027243334046090787,False,2000
llama,20,r0,or_auroc,topic,inventors,392,0.8766486186311259,0.884770234624462,0.8857767596834653,0.008121615993336162,False,0.009128141052339389,-0.002195599248628879,0.02073967222490572,False,2000,0.001006525059003227,-0.0035262804685408933,0.0052680338740944575,False,2000
llama,20,r0,or_auroc,topic,element_symb,288,0.7791923868312757,0.7919238683127572,0.7906378600823045,0.01273148148148151,False,0.011445473251028848,0.0004490543902745809,0.024943117758703733,False,2000,-0.001286008230452662,-0.007211448550882909,0.005150758219954726,False,2000
llama,20,r0,or_auroc,topic,animal_class,256,0.8858235677083334,0.889892578125,0.8870442708333334,0.00406901041666663,False,0.001220703125,-0.01062943715135276,0.014356292517006777,False,2000,-0.0028483072916666297,-0.008078821806500427,0.0012609371850806673,False,2000
llama,20,r0,or_auroc,topic_macro,all,3864,0.7855399979068904,0.7918215224594446,0.7891475263827682,0.006281524552554152,False,0.0036075284758777526,-0.0003579763656963858,0.008447541725452297,False,2000,-0.0026739960766763993,-0.004514053196595069,-0.0008841884159087276,False,2000
llama,20,r0,and_tt_vs_mixed_auroc,pooled,all,2898,0.9204940010030477,0.9182826879964336,0.9215468796214138,-0.002211313006614035,False,0.0010528786183661154,-0.0006794191526553306,0.0027695205964341635,False,2000,0.0032641916249801506,0.0024354741101826173,0.004087343394629103,False,2000
llama,20,r0,and_tt_vs_mixed_auroc,topic,cities,1788,0.9734161749470744,0.9767183910634656,0.9759751812981398,0.0033022161163911434,False,0.0025590063510653183,0.001215717593470858,0.004296790776869665,False,2000,-0.0007432097653258252,-0.001388749504951045,-0.0002503649915278247,False,2000
llama,20,r0,and_tt_vs_mixed_auroc,topic,sp_en_trans,408,0.9794820501730104,0.9818068771626297,0.9806714965397924,0.002324826989619333,False,0.0011894463667819766,-0.003796391599529575,0.005764208937707325,False,2000,-0.0011353806228373564,-0.0033876934781762206,0.0005678617422284417,False,2000
llama,20,r0,and_tt_vs_mixed_auroc,topic,inventors,294,0.9069658475635152,0.9206059975010412,0.9198771345272803,0.013640149937526047,False,0.01291128696376509,0.002549744897959161,0.02400704937677587,False,2000,-0.0007288629737609575,-0.005500463348604806,0.0030867385981022464,False,2000
llama,20,r0,and_tt_vs_mixed_auroc,topic,element_symb,216,0.9865933641975309,0.9878472222222222,0.9871720679012346,0.0012538580246913567,False,0.0005787037037037202,-0.004415903492622631,0.004255482369775231,False,2000,-0.0006751543209876365,-0.003569408400615168,0.0024720993756503456,False,2000
llama,20,r0,and_tt_vs_mixed_auroc,topic,animal_class,192,0.996337890625,0.9990234375,0.9991455078125,0.002685546875,False,0.0028076171875,0.0,0.011097014482431165,False,2000,0.0001220703125,0.0,0.0009765625,False,2000
llama,20,r0,and_tt_vs_mixed_auroc,topic_macro,all,2898,0.9685590655012263,0.9732003850898717,0.9725682776157892,0.004641319588645443,False,0.0040092121145629545,0.001256301691523337,0.006865429427138122,False,2000,-0.0006321074740824884,-0.0017029850995333245,0.00045167049360738364,False,2000
llama,20,r0,or_mixed_vs_ff_auroc,pooled,all,2898,0.5729004582299209,0.5796683512724561,0.5746718662260115,0.006767893042535222,False,0.001771407996090657,-0.0031665800945738704,0.006586752540021607,False,2000,-0.004996485046444565,-0.0066280466910641715,-0.0036657076850170117,False,2000
llama,20,r0,or_mixed_vs_ff_auroc,topic,cities,1788,0.42494848205035807,0.42922616098373945,0.4216870861672898,0.004277678933381379,False,-0.0032613958830682854,-0.008401840821660376,0.0017436876985082903,False,2000,-0.007539074816449665,-0.009328772888489299,-0.006136353569476128,False,2000
llama,20,r0,or_mixed_vs_ff_auroc,topic,sp_en_trans,408,0.7880893166089965,0.7895761245674741,0.7908196366782007,0.001486807958477554,False,0.0027303200692041507,-0.0029095805479394583,0.012999438799621897,False,2000,0.0012435121107265967,-0.0011997118291760616,0.0040865001069136184,False,2000
llama,20,r0,or_mixed_vs_ff_auroc,topic,inventors,294,0.8181486880466472,0.8304872969596002,0.8317367763431903,0.01233860891295302,False,0.013588088296543122,-0.002987391009504017,0.030925531019699505,False,2000,0.001249479383590102,-0.005453624716696084,0.007839768518518583,False,2000
llama,20,r0,or_mixed_vs_ff_auroc,topic,element_symb,216,0.6687885802469136,0.6878858024691358,0.6859567901234568,0.01909722222222221,False,0.017168209876543217,0.0006735815854119255,0.03741467663805549,False,2000,-0.0019290123456789932,-0.010817172826324365,0.00772613732993198,False,2000
llama,20,r0,or_mixed_vs_ff_auroc,topic,animal_class,192,0.8299560546875,0.8355712890625,0.8311767578125,0.005615234375,False,0.001220703125,-0.016236272507165313,0.021363961356026778,False,2000,-0.00439453125,-0.01217541152263375,0.0018501435945907363,False,2000
llama,20,r0,or_mixed_vs_ff_auroc,topic_macro,all,2898,0.7059862243280831,0.7145493348084899,0.7122754094249275,0.00856311048040681,False,0.006289185096844396,0.0003748093428753957,0.01366066440855134,False,2000,-0.002273925383562414,-0.004966194876146754,0.00041814895945711507,False,2000
qwen,17,l2_logistic,atomic_auroc,pooled,all,1012,0.9998359605680451,0.9998437719695668,0.9998515833710885,7.811401521617967e-06,False,1.5622803043346956e-05,-3.906087846730633e-06,5.46906813465669e-05,False,2000,7.811401521728989e-06,-1.9453468246738436e-05,5.38307443157193e-05,False,2000
qwen,17,l2_logistic,atomic_auroc,topic,cities,596,0.999876131705779,0.999876131705779,0.9998873924597991,0.0,False,1.126075402002602e-05,0.0,6.756452412048919e-05,False,2000,1.126075402002602e-05,0.0,6.756452412048919e-05,False,2000
qwen,17,l2_logistic,atomic_auroc,topic,sp_en_trans,146,1.0,1.0,1.0,0.0,False,0.0,0.0,0.0,False,2000,0.0,0.0,0.0,False,2000
qwen,17,l2_logistic,atomic_auroc,topic,inventors,134,0.9997772332368011,1.0,1.0,0.00022276676319887834,False,0.00022276676319887834,0.0,0.0011574074074074403,False,2000,0.0,0.0,0.0,False,2000
qwen,17,l2_logistic,atomic_auroc,topic,element_symb,72,1.0,1.0,1.0,0.0,False,0.0,0.0,0.0,False,2000,0.0,0.0,0.0,False,2000
qwen,17,l2_logistic,atomic_auroc,topic,animal_class,64,1.0,1.0,1.0,0.0,False,0.0,0.0,0.0,False,2000,0.0,0.0,0.0,False,2000
qwen,17,l2_logistic,atomic_auroc,topic_macro,all,1012,0.9999306729885161,0.9999752263411559,0.9999774784919598,4.455335263975346e-05,False,4.680550344371426e-05,0.0,0.00023182353347494798,False,2000,2.252150803960795e-06,0.0,1.3512904824097838e-05,False,2000
qwen,17,l2_logistic,and_auroc,pooled,all,3864,0.935922825336814,0.947310703319345,0.9462676479959764,0.011387877982530936,False,0.010344822659162367,0.004797748572310653,0.01693185334111124,False,2000,-0.001043055323368569,-0.0037578157648598064,0.001956669738412243,False,2000
qwen,17,l2_logistic,and_auroc,topic,cities,2384,0.9619658649009805,0.9749832965482035,0.9747815413720102,0.013017431647223021,False,0.012815676471029769,0.005335730235751482,0.02299093276376649,False,2000,-0.00020175517619325234,-0.002961841556904482,0.003220677618347436,False,2000
qwen,17,l2_logistic,and_auroc,topic,sp_en_trans,544,0.973760092272203,0.9632172722029988,0.9677047289504037,-0.01054282006920415,False,-0.006055363321799234,-0.012552810720606353,-0.00042461875236524696,False,2000,0.0044874567474049165,0.0002670477174391395,0.011155139279380218,False,2000
qwen,17,l2_logistic,and_auroc,topic,inventors,392,0.7544078856032209,0.7835971123143135,0.7827641260585867,0.029189226711092586,False,0.028356240455365778,0.00442404513888886,0.05092476822920731,False,2000,-0.0008329862557268086,-0.020408163265306145,0.01570242940771353,False,2000
qwen,17,l2_logistic,and_auroc,topic,element_symb,288,0.9890689300411523,0.9753729423868313,0.9836033950617284,-0.013695987654321007,False,-0.005465534979423814,-0.011888610253772214,0.0038605324074073577,False,2000,0.008230452674897193,0.0006924253870866203,0.015555940023068036,False,2000
qwen,17,l2_logistic,and_auroc,topic,animal_class,256,0.8610026041666666,0.9021809895833334,0.8766276041666666,0.04117838541666674,False,0.015625,-0.0020835135524798097,0.03327821045063017,False,2000,-0.02555338541666674,-0.04127293199755812,-0.007201646090534974,False,2000
qwen,17,l2_logistic,and_auroc,topic_macro,all,3864,0.9080410753968448,0.9198703226071361,0.9170962791218793,0.011829247210291327,False,0.009055203725034544,0.0026990637471543152,0.015597904380942966,False,2000,-0.002774043485256783,-0.00803697576219388,0.002844128945050649,False,2000
qwen,17,l2_logistic,or_auroc,pooled,all,3864,0.8526995129074524,0.8537990075257156,0.8443564991634125,0.001099494618263197,False,-0.008343013744039895,-0.015039671276879923,-0.0013684964830751078,False,2000,-0.009442508362303093,-0.014817060591312155,-0.00413135170389301,False,2000
qwen,17,l2_logistic,or_auroc,topic,cities,2384,0.8978790369803162,0.8999998123207663,0.8957629536207078,0.002120775340450076,False,-0.002116083359608445,-0.007061200305661241,0.00254711152951497,False,2000,-0.004236858700058521,-0.010991223009320922,0.0029240756385523568,False,2000
qwen,17,l2_logistic,or_auroc,topic,sp_en_trans,544,0.8356761822376009,0.830413783160323,0.8327025663206459,-0.0052623990772778795,False,-0.002973615916954997,-0.010217946703358224,0.0050664337426147244,False,2000,0.0022887831603228825,-0.003684934384402047,0.010546824299478742,False,2000
qwen,17,l2_logistic,or_auroc,topic,inventors,392,0.7992503123698459,0.7886297376093294,0.7963695682354575,-0.010620574760516477,False,-0.0028807441343884355,-0.021425424480822196,0.01484383614918078,False,2000,0.007739830626128041,-0.02076564142286754,0.031602775407683734,False,2000
qwen,17,l2_logistic,or_auroc,topic,element_symb,288,0.8789866255144033,0.8796939300411523,0.8859310699588477,0.000707304526748942,False,0.00694444444444442,-0.003906019140762801,0.015306960987462877,False,2000,0.006237139917695478,-0.003532694696935851,0.014394727714186595,False,2000
qwen,17,l2_logistic,or_auroc,topic,animal_class,256,0.8461100260416666,0.8387858072916666,0.8483072916666666,-0.00732421875,False,0.002197265625,-0.020315707986523972,0.03136125283446712,False,2000,0.009521484375,-0.018394501355229628,0.037964002821180565,False,2000
qwen,17,l2_logistic,or_auroc,topic_macro,all,3864,0.8515804366287666,0.8475046140846475,0.8518146899604652,-0.00407582254411909,False,0.0002342533316985751,-0.0058184586823705866,0.007175339753749374,False,2000,0.004310075875817665,-0.0037471373988417597,0.012222202478501537,False,2000
qwen,17,l2_logistic,and_tt_vs_mixed_auroc,pooled,all,2898,0.9099614641067517,0.9262840296799248,0.9250998761193198,0.01632256557317313,False,0.015138412012568048,0.007411100449034033,0.024550884884776383,False,2000,-0.0011841535606050835,-0.004936551308013143,0.003081845223577839,False,2000
qwen,17,l2_logistic,and_tt_vs_mixed_auroc,topic,cities,1788,0.944067834782217,0.9629957546957344,0.962755056078555,0.018927919913517388,False,0.01868722129633804,0.00778579541099364,0.03356554662109781,False,2000,-0.00024069861717934682,-0.004387971828629966,0.004758412430217838,False,2000
qwen,17,l2_logistic,and_tt_vs_mixed_auroc,topic,sp_en_trans,408,0.9610726643598616,0.9462045847750865,0.9525032439446367,-0.014868079584775096,False,-0.008569420415224904,-0.01714590769732603,-0.0005663373612492302,False,2000,0.0062986591695501915,0.0003647798981413736,0.015468275212780692,False,2000
qwen,17,l2_logistic,and_tt_vs_mixed_auroc,topic,inventors,294,0.6978342357351104,0.7276134943773428,0.7258433985839233,0.02977925864223241,False,0.02800916284881294,-0.0012971619643332986,0.056668247936265286,False,2000,-0.0017700957934194683,-0.02690724440127589,0.02025192586622903,False,2000
qwen,17,l2_logistic,and_tt_vs_mixed_auroc,topic,element_symb,216,0.9836033950617284,0.9630594135802469,0.9754050925925926,-0.02054398148148151,False,-0.008198302469135887,-0.01783291538065843,0.005790798611111144,False,2000,0.012345679012345623,0.0010386380806300388,0.023333910034602057,False,2000
qwen,17,l2_logistic,and_tt_vs_mixed_auroc,topic,animal_class,192,0.8170166015625,0.868896484375,0.8380126953125,0.0518798828125,False,0.02099609375,-0.0034439432068403496,0.045037738603662794,False,2000,-0.0308837890625,-0.057659000210039904,-0.006971158497518909,False,2000
qwen,17,l2_logistic,and_tt_vs_mixed_auroc,topic_macro,all,2898,0.8807189463002836,0.8937539463606822,0.8909038973024416,0.013035000060398594,False,0.010184951002157994,0.0019507953385789342,0.019048356668795938,False,2000,-0.0028500490582406,-0.010447599300011634,0.004328790562932115,False,2000
qwen,17,l2_logistic,or_mixed_vs_ff_auroc,pooled,all,2898,0.7852754523359439,0.787444435871387,0.7768095581017537,0.0021689835354431475,False,-0.008465894234190197,-0.01677904171998473,0.00036331224908165354,False,2000,-0.010634877769633344,-0.017558643471030137,-0.003567054326587896,False,2000
qwen,17,l2_logistic,or_mixed_vs_ff_auroc,topic,cities,1788,0.8490608531147246,0.851132831854421,0.8461034975901986,0.002071978739696445,False,-0.0029573555245259175,-0.009886160653336532,0.0036211311000025814,False,2000,-0.005029334264222363,-0.014442132478374323,0.005212916912922234,False,2000
qwen,17,l2_logistic,or_mixed_vs_ff_auroc,topic,sp_en_trans,408,0.7536764705882353,0.7459180363321799,0.7493782439446367,-0.00775843425605538,False,-0.004298226643598579,-0.015052381122346085,0.007626116475336105,False,2000,0.0034602076124568004,-0.005474030591520698,0.015894435458624647,False,2000
qwen,17,l2_logistic,or_mixed_vs_ff_auroc,topic,inventors,294,0.7478134110787172,0.7422948771345272,0.7467201166180758,-0.005518533944189996,False,-0.0010932944606414363,-0.02524049343594389,0.019970553708979707,False,2000,0.00442523948354856,-0.02244999999999997,0.032987630208333264,False,2000
qwen,17,l2_logistic,or_mixed_vs_ff_auroc,topic,element_symb,216,0.8211805555555556,0.8226273148148148,0.831983024691358,0.0014467592592591894,False,0.010802469135802406,-0.005754656683710732,0.02301308272442644,False,2000,0.009355709876543217,-0.005166157024793452,0.02140781655800974,False,2000
qwen,17,l2_logistic,or_mixed_vs_ff_auroc,topic,animal_class,192,0.7691650390625,0.7581787109375,0.772705078125,-0.010986328125,False,0.0035400390625,-0.030316429473840632,0.04704187925170063,False,2000,0.0145263671875,-0.027506058673469357,0.056946004231770736,False,2000
qwen,17,l2_logistic,or_mixed_vs_ff_auroc,topic_macro,all,2898,0.7881792658799466,0.7840303542146886,0.7893779921938539,-0.004148911665257993,False,0.0011987263139072724,-0.007265039637864729,0.011229796261071446,False,2000,0.005347637979165265,-0.005120603592676345,0.016157466934676474,False,2000
qwen,17,difference_of_means,atomic_auroc,pooled,all,1012,0.996012279523192,0.9961372619475386,0.9960630536330829,0.0001249824243465536,False,5.077410989084985e-05,-2.381632445870585e-05,0.0001373560816358947,False,2000,-7.420831445570375e-05,-0.0001739530989975341,1.9999999999911754e-05,False,2000
qwen,17,difference_of_means,atomic_auroc,topic,cities,596,0.9998986532138192,0.9998986532138192,0.9998986532138192,0.0,False,0.0,0.0,0.0,False,2000,0.0,0.0,0.0,False,2000
qwen,17,difference_of_means,atomic_auroc,topic,sp_en_trans,146,0.9902420716832426,0.9902420716832426,0.9898667667479827,0.0,False,-0.0003753049352599458,-0.001586986708986382,0.0,False,2000,-0.0003753049352599458,-0.001586986708986271,0.0,False,2000
qwen,17,difference_of_means,atomic_auroc,topic,inventors,134,0.9942080641568278,0.9948763644464246,0.9944308309200267,0.000668300289596746,False,0.00022276676319887834,0.0,0.0020661157024793875,False,2000,-0.0004455335263978677,-0.003279320987654377,0.0010517903948642434,False,2000
qwen,17,difference_of_means,atomic_auroc,topic,element_symb,72,0.9174382716049383,0.9174382716049383,0.9182098765432098,0.0,False,0.0007716049382715529,0.0,0.004629629629629539,False,2000,0.0007716049382715529,-0.0030864197530864335,0.0092592592592593,False,2000
qwen,17,difference_of_means,atomic_auroc,topic,animal_class,64,1.0,1.0,1.0,0.0,False,0.0,0.0,0.0,False,2000,0.0,0.0,0.0,False,2000
qwen,17,difference_of_means,atomic_auroc,topic_macro,all,1012,0.9803574121317655,0.9804910721896849,0.9804812254850077,0.0001336600579193714,False,0.0001238133532421859,-0.00021928917958043137,0.0008920314409394641,False,2000,-9.846704677185514e-06,-0.0010023641975309915,0.001804584171881973,False,2000
qwen,17,difference_of_means,and_auroc,pooled,all,3864,0.9122354675959861,0.9107759045647245,0.9114903260190865,-0.0014595630312616015,False,-0.0007451415768995329,-0.0010490097693725581,-0.00043893319905112554,False,2000,0.0007144214543620686,0.0005219057566102969,0.0009347689234535522,False,2000
qwen,17,difference_of_means,and_auroc,topic,cities,2384,0.9435920679248683,0.9432289086077204,0.9434306637839136,-0.0003631593171479208,False,-0.00016140414095466848,-0.0003462790677761146,2.063416958081027e-05,False,2000,0.00020175517619325234,3.937691668887966e-05,0.00044392785175919014,False,2000
qwen,17,difference_of_means,and_auroc,topic,sp_en_trans,544,0.9338775951557093,0.9319492502883506,0.9326521049596309,-0.0019283448673587111,False,-0.001225490196078427,-0.0024626770444164557,-0.00027410165556639176,False,2000,0.0007028546712802841,-5.326035365668668e-05,0.0019620770442989105,False,2000
qwen,17,difference_of_means,and_auroc,topic,inventors,392,0.8002915451895044,0.8009162848812995,0.8008815771206442,0.0006247396917951065,False,0.0005900319311398228,-0.0009666031247663242,0.0028409918012427117,False,2000,-3.470776065528369e-05,-0.0010884900063534626,0.001220703125,False,2000
qwen,17,difference_of_means,and_auroc,topic,element_symb,288,0.9773019547325102,0.9769161522633745,0.9768518518518519,-0.0003858024691357764,False,-0.00045010288065838733,-0.001600187757201585,0.0,False,2000,-6.43004115226109e-05,-0.0008335437710437904,0.0016553557697589016,False,2000
qwen,17,difference_of_means,and_auroc,topic,animal_class,256,0.956787109375,0.9564615885416666,0.9569498697916666,-0.00032552083333337034,False,0.00016276041666662966,-0.0015498689596752213,0.0017148547767234087,False,2000,0.00048828125,0.0,0.002081165452653469,False,2000
qwen,17,difference_of_means,and_auroc,topic_macro,all,3864,0.9223700544755185,0.9218944369164823,0.9221532135015416,-0.00047561755903613445,False,-0.00021684097397689506,-0.0007763475016840854,0.000410087514824747,False,2000,0.0002587765850592394,-8.571934719574792e-05,0.0008589430112532547,False,2000
qwen,17,difference_of_means,or_auroc,pooled,all,3864,0.8425215076578836,0.8426958264927479,0.8425633013129638,0.00017431883486429545,False,4.179365508016897e-05,-0.00017219369708568744,0.00027690601948389675,False,2000,-0.00013252517978412648,-0.0002570681804468067,-5.984532777811306e-06,False,2000
qwen,17,difference_of_means,or_auroc,topic,cities,2384,0.86930487365434,0.869434372325571,0.8692682762037746,0.00012949867123102088,False,-3.659745056538988e-05,-0.00025743060836007635,0.00019086047661812905,False,2000,-0.00016609612179641076,-0.0003316631498579803,-7.839648354293807e-06,False,2000
qwen,17,difference_of_means,or_auroc,topic,sp_en_trans,544,0.8026960784313726,0.8023536620530565,0.8023536620530565,-0.0003424163783161127,False,-0.0003424163783161127,-0.0015648369740837776,0.0004261659682706139,False,2000,0.0,-0.0007144941275832872,0.0006943207978394507,False,2000
qwen,17,difference_of_means,or_auroc,topic,inventors,392,0.7221990837151187,0.7220255449118423,0.7225114535610162,-0.00017353880327630744,False,0.00031236984589755323,-0.0011523118224410905,0.0021128033850019642,False,2000,0.0004859086491738607,-0.0008299562621879141,0.002096688034188079,False,2000
qwen,17,difference_of_means,or_auroc,topic,element_symb,288,0.8813014403292181,0.881494341563786,0.8814300411522634,0.00019290123456794372,False,0.00012860082304533282,-0.0008653410120670835,0.0012606212144593656,False,2000,-6.43004115226109e-05,-0.0006121824303643164,0.0,False,2000
qwen,17,difference_of_means,or_auroc,topic,animal_class,256,0.8528645833333334,0.8527018229166666,0.8526204427083334,-0.00016276041666674068,False,-0.000244140625,-0.0021769475923544084,0.0008337585034013777,False,2000,-8.138020833325932e-05,-0.0025156485591114773,0.002767115777038777,False,2000
qwen,17,difference_of_means,or_auroc,topic_macro,all,3864,0.8256732118926765,0.8256019487541846,0.8256367751356887,-7.126313849192822e-05,False,-3.643675698783433e-05,-0.0006148396919704924,0.0004592883001993144,False,2000,3.4826381504093895e-05,-0.0005318799015352149,0.000764589745418519,False,2000
qwen,17,difference_of_means,and_tt_vs_mixed_auroc,pooled,all,2898,0.8776667566837699,0.8757581797684417,0.8767012160881996,-0.0019085769153281973,False,-0.0009655405955703023,-0.0013594985407101717,-0.0005568923672112621,False,2000,0.000943036319757895,0.0006774735772440088,0.0012371472969445988,False,2000
qwen,17,difference_of_means,and_tt_vs_mixed_auroc,topic,cities,1788,0.919812170622945,0.9193645556506463,0.9196305909643709,-0.0004476149722986156,False,-0.00018157965857401592,-0.0004265046211049811,7.404698205628033e-05,False,2000,0.00026603531372459965,3.846807706034405e-05,0.0005992092912689233,False,2000
qwen,17,difference_of_means,and_tt_vs_mixed_auroc,topic,sp_en_trans,408,0.9044928633217993,0.9017084775086506,0.9027086937716263,-0.002784385813148771,False,-0.0017841695501730204,-0.003540070741646845,-0.00040980457236009296,False,2000,0.0010002162629757505,-0.00011154537038398083,0.0028408797992131468,False,2000
qwen,17,difference_of_means,and_tt_vs_mixed_auroc,topic,inventors,294,0.7484902124114952,0.7491149521032903,0.7491670137442732,0.0006247396917951065,False,0.000676801332778032,-0.000987692242429883,0.003718226068144981,False,2000,5.206164098292554e-05,-0.0013000044897583773,0.0016410770683448618,False,2000
qwen,17,difference_of_means,and_tt_vs_mixed_auroc,topic,element_symb,216,0.9659529320987654,0.9653742283950617,0.9652777777777778,-0.0005787037037037202,False,-0.0006751543209876365,-0.002400281635802426,0.0,False,2000,-9.645061728391635e-05,-0.0012503156565656314,0.002483033654638304,False,2000
qwen,17,difference_of_means,and_tt_vs_mixed_auroc,topic,animal_class,192,0.9403076171875,0.9398193359375,0.9405517578125,-0.00048828125,False,0.000244140625,-0.0023248034395128903,0.002572282165085278,False,2000,0.000732421875,0.0,0.003121748178980255,False,2000
qwen,17,difference_of_means,and_tt_vs_mixed_auroc,topic_macro,all,2898,0.8958111591285011,0.8950763099190298,0.8954671668141095,-0.000734849209471311,False,-0.000343992314391528,-0.0010925358567403954,0.000520116361766487,False,2000,0.00039085689507978305,-0.00011398987542764194,0.0012668934576434718,False,2000
qwen,17,difference_of_means,or_mixed_vs_ff_auroc,pooled,all,2898,0.772589470570837,0.7727603959037932,0.7725921496512909,0.0001709253329561511,False,2.6790804538157076e-06,-0.00028202013822807294,0.0003096263448153834,False,2000,-0.00016824625250233538,-0.0003485669028475497,8.580105890040376e-06,False,2000
qwen,17,difference_of_means,or_mixed_vs_ff_auroc,topic,cities,1788,0.8088529232917436,0.809016204225035,0.8087952119273907,0.00016328093329132098,False,-5.771136435295254e-05,-0.00038341148048385285,0.0002704563294941452,False,2000,-0.00022099229764427353,-0.00046802645436626046,1.3629114575519554e-05,False,2000
qwen,17,difference_of_means,or_mixed_vs_ff_auroc,topic,sp_en_trans,408,0.704395544982699,0.7038819204152249,0.7038819204152249,-0.000513624567474058,False,-0.000513624567474058,-0.0023472554611256163,0.0006392489524058098,False,2000,0.0,-0.0010717411913749835,0.0010414811967591191,False,2000
qwen,17,difference_of_means,or_mixed_vs_ff_auroc,topic,inventors,294,0.676228654727197,0.676176593086214,0.6765410245730945,-5.206164098292554e-05,False,0.00031236984589755323,-0.0015972916666666948,0.002673655494451024,False,2000,0.00036443148688047877,-0.0012349537037036867,0.002082103282862829,False,2000
qwen,17,difference_of_means,or_mixed_vs_ff_auroc,topic,element_symb,216,0.8233989197530864,0.8235918209876543,0.8235918209876543,0.0001929012345678327,False,0.0001929012345678327,-0.0012980115181006225,0.0018909318216889927,False,2000,0.0,0.0,0.0,False,2000
qwen,17,difference_of_means,or_mixed_vs_ff_auroc,topic,animal_class,192,0.7802734375,0.780029296875,0.7799072265625,-0.000244140625,False,-0.0003662109375,-0.0032654213885316696,0.0012506377551020124,False,2000,-0.0001220703125,-0.0037734728386671634,0.004150673665558114,False,2000
qwen,17,difference_of_means,or_mixed_vs_ff_auroc,topic_macro,all,2898,0.7586298960509452,0.7585391671178255,0.7585434408931728,-9.0728933119677e-05,False,-8.645515777239154e-05,-0.0009567877457742041,0.0006227859969001459,False,2000,4.273775347285458e-06,-0.0008241866745205134,0.0009853730930863684,False,2000
qwen,17,mass_mean_covariance,atomic_auroc,pooled,all,1012,0.9999218859847834,0.9998125263634802,0.9997812807573935,-0.00010935962130320664,False,-0.00014060522738990056,-0.0004498457363026315,0.0,False,2000,-3.124560608669391e-05,-0.00017716075246807238,4.3868865324603083e-05,False,2000
qwen,17,mass_mean_covariance,atomic_auroc,topic,cities,596,0.9999324354758795,0.9998536101977389,0.9997747849195983,-7.882527814062623e-05,False,-0.00015765055628125246,-0.0005742984550245467,0.0,False,2000,-7.882527814062623e-05,-0.0003040403585424789,0.0,False,2000
qwen,17,mass_mean_covariance,atomic_auroc,topic,sp_en_trans,146,1.0,1.0,1.0,0.0,False,0.0,0.0,0.0,False,2000,0.0,0.0,0.0,False,2000
qwen,17,mass_mean_covariance,atomic_auroc,topic,inventors,134,1.0,1.0,1.0,0.0,False,0.0,0.0,0.0,False,2000,0.0,0.0,0.0,False,2000
qwen,17,mass_mean_covariance,atomic_auroc,topic,element_symb,72,1.0,1.0,1.0,0.0,False,0.0,0.0,0.0,False,2000,0.0,0.0,0.0,False,2000
qwen,17,mass_mean_covariance,atomic_auroc,topic,animal_class,64,1.0,1.0,1.0,0.0,False,0.0,0.0,0.0,False,2000,0.0,0.0,0.0,False,2000
qwen,17,mass_mean_covariance,atomic_auroc,topic_macro,all,1012,0.9999864870951759,0.9999707220395478,0.9999549569839197,-1.5765055628058633e-05,False,-3.153011125622829e-05,-0.00011485969100488713,0.0,False,2000,-1.5765055628169655e-05,-6.080807170849578e-05,0.0,False,2000
qwen,17,mass_mean_covariance,and_auroc,pooled,all,3864,0.7755077036065424,0.8010832772512492,0.7840228929210836,0.02557557364470675,False,0.008515189314541205,-0.006567422184456609,0.02704957202321656,False,2000,-0.017060384330165546,-0.030296355488856237,-0.0050247878035119325,False,2000
qwen,17,mass_mean_covariance,and_auroc,topic,cities,2384,0.8669476224794679,0.9386701800219209,0.9149841223368317,0.07172255754245305,False,0.0480364998573638,0.03042963848634986,0.07036928681014809,False,2000,-0.023686057685089246,-0.048194545515731546,-0.0028609254787236244,False,2000
qwen,17,mass_mean_covariance,and_auroc,topic,sp_en_trans,544,0.7972895040369089,0.7233996539792388,0.7489547289504037,-0.07388985005767013,False,-0.04833477508650519,-0.08719022904349227,-0.009651555749987306,False,2000,0.025555074971164937,-0.012172863290250798,0.0633507229068912,False,2000
qwen,17,mass_mean_covariance,and_auroc,topic,inventors,392,0.5952380952380952,0.6138067471886713,0.6159933361099542,0.01856865195057611,False,0.020755240871858982,-0.043213796296296264,0.10856190095705297,False,2000,0.0021865889212828726,-0.03566342958723557,0.04450243879760126,False,2000
qwen,17,mass_mean_covariance,and_auroc,topic,element_symb,288,0.9380787037037037,0.9344135802469136,0.9470164609053497,-0.0036651234567901536,False,0.008937757201646024,-0.023890306122448943,0.047831632653061125,False,2000,0.012602880658436177,-0.013186519402117769,0.03914388020833326,False,2000
qwen,17,mass_mean_covariance,and_auroc,topic,animal_class,256,0.9046223958333334,0.6431477864583334,0.7103678385416666,-0.261474609375,False,-0.19425455729166674,-0.3535911298593161,-0.07282941921303182,False,2000,0.06722005208333326,0.022514359459066473,0.11823211015175294,False,2000
qwen,17,mass_mean_covariance,and_auroc,topic_macro,all,3864,0.8204352642583018,0.7706875895790156,0.7874632973688411,-0.0497476746792862,False,-0.03297196688946069,-0.07033768768056431,-0.002130627927823642,False,2000,0.01677570778982551,0.00023361334157392946,0.03372412393802687,False,2000
qwen,17,mass_mean_covariance,or_auroc,pooled,all,3864,0.7857142857142857,0.6772583219383111,0.6781824260895284,-0.10845596377597455,False,-0.10753185962475731,-0.12460470950130852,-0.08916823358749563,False,2000,0.0009241041512172421,-0.00909714503409684,0.012541464063316222,False,2000
qwen,17,mass_mean_covariance,or_auroc,topic,cities,2384,0.8349342371965227,0.7632220020119214,0.7857153581670495,-0.07171223518460135,False,-0.049218879029473195,-0.07564704385816355,-0.026013336566197465,False,2000,0.022493356155128152,0.005162927220821403,0.03926325937808181,False,2000
qwen,17,mass_mean_covariance,or_auroc,topic,sp_en_trans,544,0.7639489619377162,0.6578359284890427,0.7092524509803921,-0.10611303344867351,False,-0.054696510957324085,-0.09236275502785192,-0.018330213317269205,False,2000,0.051416522491349426,0.021832399976023882,0.0805502859520287,False,2000
qwen,17,mass_mean_covariance,or_auroc,topic,inventors,392,0.5925655976676385,0.6572261557684298,0.6206788837984173,0.0646605581007913,False,0.028113286130778792,-0.012659765266299363,0.0688314887152778,False,2000,-0.03654727197001251,-0.09744752891590314,0.031841911934842,False,2000
qwen,17,mass_mean_covariance,or_auroc,topic,element_symb,288,0.8877314814814815,0.8373199588477366,0.8613683127572016,-0.05041152263374493,False,-0.026363168724279906,-0.06472246218950319,0.006378999748047298,False,2000,0.024048353909465026,-0.02047824410838366,0.07308553059895834,False,2000
qwen,17,mass_mean_covariance,or_auroc,topic,animal_class,256,0.8982747395833334,0.8551432291666666,0.8634440104166666,-0.04313151041666674,False,-0.03483072916666674,-0.06394924587673616,0.00964986267964107,False,2000,0.00830078125,-0.019209044378327295,0.04083434256055368,False,2000
qwen,17,mass_mean_covariance,or_auroc,topic_macro,all,3864,0.7954910035733385,0.7541494548567594,0.7680918032239454,-0.041341548716579024,False,-0.027399200349393027,-0.041958299784661285,-0.011329294432119486,False,2000,0.013942348367185997,-0.0023369924909674767,0.03483109406766093,False,2000
qwen,17,mass_mean_covariance,and_tt_vs_mixed_auroc,pooled,all,2898,0.7209335845239166,0.7518866084556066,0.7352093326303426,0.03095302393168997,False,0.014275748106425956,-0.0014641674107425142,0.03340524220230519,False,2000,-0.016677275825264015,-0.0324220423072989,-0.0022368346614143977,False,2000
qwen,17,mass_mean_covariance,and_tt_vs_mixed_auroc,topic,cities,1788,0.8254456443403451,0.911107607765416,0.8807978807260934,0.08566196342507093,False,0.05535223638574838,0.03573073800524964,0.07880682180092961,False,2000,-0.030309727039322554,-0.062312614425710434,-0.0025511762950257482,False,2000
qwen,17,mass_mean_covariance,and_tt_vs_mixed_auroc,topic,sp_en_trans,408,0.74813473183391,0.712208044982699,0.7206963667820069,-0.03592668685121103,False,-0.027438365051903113,-0.06466430594642568,0.011662134596267571,False,2000,0.008488321799307919,-0.022009567712806703,0.040484973224827144,False,2000
qwen,17,mass_mean_covariance,and_tt_vs_mixed_auroc,topic,inventors,294,0.5703352769679301,0.5754373177842566,0.5798625572678051,0.005102040816326481,False,0.00952728029987504,-0.05332565338152186,0.09393534764080315,False,2000,0.00442523948354856,-0.02937409177253285,0.04867877967513536,False,2000
qwen,17,mass_mean_covariance,and_tt_vs_mixed_auroc,topic,element_symb,216,0.9148341049382716,0.910204475308642,0.9251543209876543,-0.004629629629629539,False,0.010320216049382713,-0.02988784958427815,0.05740499999999998,False,2000,0.014949845679012252,-0.016975342015891397,0.04801162165867371,False,2000
qwen,17,mass_mean_covariance,and_tt_vs_mixed_auroc,topic,animal_class,192,0.8712158203125,0.5909423828125,0.6693115234375,-0.2802734375,False,-0.201904296875,-0.4484225538254517,-0.06725778826531452,False,2000,0.078369140625,0.028046065511506797,0.14416896235078056,False,2000
qwen,17,mass_mean_covariance,and_tt_vs_mixed_auroc,topic_macro,all,2898,0.7859931156785913,0.7399799657307027,0.755164529840212,-0.04601314994788863,False,-0.03082858583837933,-0.0845589519210166,0.0027606228008186027,False,2000,0.015184564109509302,-0.0019251467179860315,0.035575845594908,False,2000
qwen,17,mass_mean_covariance,or_mixed_vs_ff_auroc,pooled,all,2898,0.711500006429793,0.6238153106233041,0.6315048073419665,-0.08768469580648897,True,-0.0799951990878266,-0.0992492944711663,-0.06077960310244472,True,2000,0.00768949671866237,-0.0028456434174250504,0.019437889884146534,False,2000
qwen,17,mass_mean_covariance,or_mixed_vs_ff_auroc,topic,cities,1788,0.7701764560154948,0.7031693392189541,0.7288199292824648,-0.0670071167965407,True,-0.04135652673303003,-0.06922362596038995,-0.015062885195011508,False,2000,0.02565059006351067,0.005880893530283732,0.044893286238103715,False,2000
qwen,17,mass_mean_covariance,or_mixed_vs_ff_auroc,topic,sp_en_trans,408,0.6619269031141869,0.5456314878892734,0.6008596453287197,-0.11629541522491349,True,-0.06106725778546718,-0.10204427083333334,-0.018656436011904778,True,2000,0.05522815743944631,0.021964656261810222,0.08728517689333196,False,2000
qwen,17,mass_mean_covariance,or_mixed_vs_ff_auroc,topic,inventors,294,0.5543002915451894,0.610630987088713,0.5837671803415244,0.056330695543523546,False,0.029466888796334967,-0.009574068509615457,0.07199659863945583,False,2000,-0.02686380674718858,-0.08463436177310729,0.028699689531802398,False,2000
qwen,17,mass_mean_covariance,or_mixed_vs_ff_auroc,topic,element_symb,216,0.8369020061728395,0.7647569444444444,0.7982253086419753,-0.07214506172839508,True,-0.038676697530864224,-0.09529254727674469,0.009412759079498562,False,2000,0.03346836419753085,-0.02942163505117553,0.10510028161902246,False,2000
qwen,17,mass_mean_covariance,or_mixed_vs_ff_auroc,topic,animal_class,192,0.849365234375,0.7947998046875,0.7974853515625,-0.0545654296875,True,-0.0518798828125,-0.09376220703125,0.011578818777220591,True,2000,0.002685546875,-0.030773224914965983,0.04598833505509641,False,2000
qwen,17,mass_mean_covariance,or_mixed_vs_ff_auroc,topic_macro,all,2898,0.734534178244542,0.6837977126657769,0.7018314830314368,-0.0507364655787651,True,-0.032702695213105204,-0.05025939123199362,-0.012705764012010144,False,2000,0.018033770365659896,-0.0005987840439725528,0.04153681992371633,False,2000
qwen,17,burger_t_g,atomic_auroc,pooled,all,1012,0.998019809714259,0.9979924698089331,0.9980823009264322,-2.7339905325884928e-05,False,6.24912121732768e-05,-6.299442569848712e-05,0.00021959665719045447,False,2000,8.983111749916173e-05,-4.686840912993262e-05,0.0002538705494540272,False,2000
qwen,17,burger_t_g,atomic_auroc,topic,cities,596,0.9998198279356786,0.9998085671816584,0.9998085671816584,-1.1260754020137043e-05,False,-1.1260754020137043e-05,-9.008603216076327e-05,3.3782262060300106e-05,False,2000,0.0,-4.504301608043715e-05,4.532453493093349e-05,False,2000
qwen,17,burger_t_g,atomic_auroc,topic,sp_en_trans,146,0.9979358228560705,0.9975605179208107,0.9975605179208107,-0.00037530493525983477,False,-0.00037530493525983477,-0.001785360047609541,0.0,False,2000,0.0,0.0,0.0,False,2000
qwen,17,burger_t_g,atomic_auroc,topic,inventors,134,0.9986633994208064,0.9984406326576075,0.9991089329472043,-0.00022276676319887834,False,0.0004455335263978677,0.0,0.0029767958672371466,False,2000,0.000668300289596746,0.0,0.0038927335640137643,False,2000
qwen,17,burger_t_g,atomic_auroc,topic,element_symb,72,0.9606481481481481,0.9621913580246914,0.9645061728395061,0.0015432098765432167,False,0.0038580246913579863,-0.0023148148148148806,0.012345679012345623,False,2000,0.0023148148148147696,-0.007716049382716084,0.01157407407407407,False,2000
qwen,17,burger_t_g,atomic_auroc,topic,animal_class,64,1.0,1.0,1.0,0.0,False,0.0,0.0,0.0,False,2000,0.0,0.0,0.0,False,2000
qwen,17,burger_t_g,atomic_auroc,topic_macro,all,1012,0.9914134396721407,0.9916002151569536,0.992196838177836,0.00018677548481293993,False,0.0007833985056953097,-0.0004994954530003926,0.002473171468645052,False,2000,0.0005966230208823697,-0.0013755207239375456,0.0025804981634526282,False,2000
qwen,17,burger_t_g,and_auroc,pooled,all,3864,0.9065018782140035,0.9048022695740762,0.9057670957481921,-0.0016996086399273524,False,-0.0007347824658113788,-0.0011934288279682847,-0.00028481457793219097,False,2000,0.0009648261741159736,-9.834684338853594e-05,0.0019512136215433203,False,2000
qwen,17,burger_t_g,and_auroc,topic,cities,2384,0.9416477110640662,0.9421018948095431,0.9411278395868053,0.0004541837454768993,False,-0.000519871477260847,-0.0010416469743824764,-0.00011055942697935416,False,2000,-0.0009740552227377464,-0.0018899586651085793,-0.0002562992466578209,False,2000
qwen,17,burger_t_g,and_auroc,topic,sp_en_trans,544,0.948205017301038,0.9475382064590542,0.9484032583621684,-0.0006668108419838337,False,0.00019824106113042195,-0.001326911322008098,0.001890378416130386,False,2000,0.0008650519031142556,-0.00040311744154797324,0.0025854695264035865,False,2000
qwen,17,burger_t_g,and_auroc,topic,inventors,392,0.7901915868388172,0.796438983756768,0.7908857420519229,0.006247396917950843,False,0.0006941552131056739,-0.003448891811626642,0.004583333333333384,False,2000,-0.005553241704845169,-0.013697385471753528,0.001882707349375659,False,2000
qwen,17,burger_t_g,and_auroc,topic,element_symb,288,0.9787165637860082,0.9785879629629629,0.9785879629629629,-0.00012860082304533282,False,-0.00012860082304533282,-0.0026060213507425986,0.0024281973848866035,False,2000,0.0,-0.0033854535877441997,0.002572161815791573,False,2000
qwen,17,burger_t_g,and_auroc,topic,animal_class,256,0.9329427083333334,0.9366048177083334,0.9345703125,0.003662109375,False,0.0016276041666666297,-0.0001734304543877796,0.004956301885479354,False,2000,-0.0020345052083333703,-0.006351870982552768,0.0,False,2000
qwen,17,burger_t_g,and_auroc,topic_macro,all,3864,0.9183407174646525,0.9202543731393323,0.9187150230927719,0.0019136556746798261,False,0.00037430562811935353,-0.0007935399681994359,0.0015392408202097884,False,2000,-0.0015393500465604726,-0.0034679614137966357,0.00012875186143568833,False,2000
qwen,17,burger_t_g,or_auroc,pooled,all,3864,0.837279440236502,0.8352590563635662,0.837014747087661,-0.0020203838729357937,False,-0.0002646931488410331,-0.001104905893320382,0.0006290630471460605,False,2000,0.0017556907240947606,0.0007408894099827978,0.0027076098141730507,False,2000
qwen,17,burger_t_g,or_auroc,topic,cities,2384,0.8695854541086738,0.8676748795099319,0.8695788853354954,-0.0019105745987418876,False,-6.568773178394771e-06,-0.001222768050868947,0.0012209526494221233,False,2000,0.0019040058255634928,0.0010230513518296818,0.0028036180081496636,False,2000
qwen,17,burger_t_g,or_auroc,topic,sp_en_trans,544,0.8038314590542099,0.8031826701268743,0.8034529988465975,-0.000648788927335664,False,-0.00037846020761245214,-0.002328563191658367,0.0011705055849500344,False,2000,0.0002703287197232118,-0.0014995832630966932,0.002195559353414546,False,2000
qwen,17,burger_t_g,or_auroc,topic,inventors,392,0.7223032069970845,0.7311189782035263,0.7299389143412467,0.008815771206441836,False,0.00763570734416219,-0.00019225044320566597,0.01736626543209874,False,2000,-0.0011800638622796455,-0.010436529955200464,0.006188830559772114,False,2000
qwen,17,burger_t_g,or_auroc,topic,element_symb,288,0.8771862139917695,0.8772505144032922,0.8777649176954733,6.43004115226109e-05,False,0.0005787037037037202,-0.002246438253190386,0.0029337079431148196,False,2000,0.0005144032921811093,-0.0019536166028911563,0.003214402905916425,False,2000
qwen,17,burger_t_g,or_auroc,topic,animal_class,256,0.8565266927083334,0.8539225260416666,0.8558756510416666,-0.0026041666666667407,False,-0.0006510416666667407,-0.004358040592872115,0.0025005119722747854,False,2000,0.001953125,-0.0011037197376143725,0.005748295415901558,False,2000
qwen,17,burger_t_g,or_auroc,topic_macro,all,3864,0.8258866053720142,0.8266299136570583,0.827322273452096,0.0007433082850440975,False,0.0014356680800817756,-0.00046713614549512554,0.0035087861562958034,False,2000,0.0006923597950376781,-0.0013618350414088265,0.0024932611930361544,False,2000
qwen,17,burger_t_g,and_tt_vs_mixed_auroc,pooled,all,2898,0.8700806724706266,0.8678709669122847,0.8691590687944996,-0.002209705558341879,False,-0.0009216036761270363,-0.0015247737639622005,-0.00030406150016568735,False,2000,0.0012881018822148427,-0.00014997099931984557,0.002582811021962563,False,2000
qwen,17,burger_t_g,and_tt_vs_mixed_auroc,topic,cities,1788,0.9171419643259313,0.9177641209855412,0.9164240912571506,0.0006221566596098516,False,-0.0007178730687806834,-0.0014514938546916379,-0.0001475899132948908,False,2000,-0.001340029728390535,-0.002660006595651265,-0.00032853704628140764,False,2000
qwen,17,burger_t_g,and_tt_vs_mixed_auroc,topic,sp_en_trans,408,0.9245782871972318,0.9236051038062284,0.924848615916955,-0.0009731833910033849,False,0.0002703287197232118,-0.0016020014352885914,0.002728567822282977,False,2000,0.0012435121107265967,-0.0006535792166885962,0.0037192686545590562,False,2000
qwen,17,burger_t_g,and_tt_vs_mixed_auroc,topic,inventors,294,0.7380258225739276,0.7451062057476051,0.739067055393586,0.00708038317367754,False,0.0010412328196583998,-0.004003146293716439,0.005981335998387518,False,2000,-0.0060391503540191405,-0.01632205583630598,0.0027073259867888494,False,2000
qwen,17,burger_t_g,and_tt_vs_mixed_auroc,topic,element_symb,216,0.9680748456790124,0.9678819444444444,0.9678819444444444,-0.00019290123456794372,False,-0.00019290123456794372,-0.003909032026113951,0.003642296077329958,False,2000,0.0,-0.005078180381616301,0.0038582427236873596,False,2000
qwen,17,burger_t_g,and_tt_vs_mixed_auroc,topic,animal_class,192,0.9085693359375,0.913330078125,0.9107666015625,0.0047607421875,False,0.002197265625,-0.00039021852237253185,0.006837638988792826,False,2000,-0.0025634765625,-0.008574273883617381,0.00021659561166879155,False,2000
qwen,17,burger_t_g,and_tt_vs_mixed_auroc,topic_macro,all,2898,0.8912780511427206,0.8935374906217637,0.8917976617149271,0.002259439479043057,False,0.0005196105722065081,-0.00101036106721126,0.0021787574807063856,False,2000,-0.0017398289068365491,-0.00435605789497368,0.0003695849764216852,False,2000
qwen,17,burger_t_g,or_mixed_vs_ff_auroc,pooled,all,2898,0.766742645388338,0.763954258451963,0.7665808289289251,-0.0027883869363750646,False,-0.00016181645941293343,-0.0011989925053754707,0.0009332288769363253,False,2000,0.002626570476962131,0.0012839230516866502,0.0039177961769720675,False,2000
qwen,17,burger_t_g,or_mixed_vs_ff_auroc,topic,cities,1788,0.8109347551912076,0.8085925183550291,0.8113359195531733,-0.002342236836178513,False,0.00040116436196568905,-0.0011557320354542682,0.0020875731713255736,False,2000,0.002743401198144202,0.0014964710838644758,0.0040594484768711435,False,2000
qwen,17,burger_t_g,or_mixed_vs_ff_auroc,topic,sp_en_trans,408,0.7059634515570934,0.70499026816609,0.7053957612456747,-0.0009731833910033849,False,-0.0005676903114186782,-0.003492844787487656,0.0017557583774249973,False,2000,0.0004054930795847067,-0.0022493748946452005,0.0032933390301218704,False,2000
qwen,17,burger_t_g,or_mixed_vs_ff_auroc,topic,inventors,294,0.6772698875468555,0.6845064556434819,0.6838296543107039,0.007236568096626428,False,0.006559766763848396,-0.002266670020168146,0.016363910579509536,False,2000,-0.000676801332778032,-0.012163127822079753,0.008436314478228816,False,2000
qwen,17,burger_t_g,or_mixed_vs_ff_auroc,topic,element_symb,216,0.8185763888888888,0.8186728395061729,0.8195408950617284,9.645061728402737e-05,False,0.0009645061728396076,-0.003125220738857101,0.004490787905210805,False,2000,0.0008680555555555802,-0.002824307018155131,0.004867878857659517,False,2000
qwen,17,burger_t_g,or_mixed_vs_ff_auroc,topic,animal_class,192,0.78564453125,0.78173828125,0.78466796875,-0.00390625,False,-0.0009765625,-0.006537060889308119,0.003750767958412125,False,2000,0.0029296875,-0.001655579606421506,0.008622443123852226,False,2000
qwen,17,burger_t_g,or_mixed_vs_ff_auroc,topic_macro,all,2898,0.7596778028868091,0.7597000725841547,0.7609540397842561,2.226969734564488e-05,False,0.0012762368974470473,-0.0010833643959506534,0.00356548435537336,False,2000,0.0012539672001014024,-0.0014068832115524815,0.003581231664126369,False,2000
qwen,17,ttpd,atomic_auroc,pooled,all,1012,0.9977776562670875,0.9970160446187255,0.9973597462856786,-0.0007616116483619706,False,-0.0004179099814088927,-0.001423906785000656,0.0001281248596909361,False,2000,0.0003437016669530779,3.1369473581063787e-05,0.0008650522463832605,False,2000
qwen,17,ttpd,atomic_auroc,topic,cities,596,0.9991892257105536,0.9978604567361831,0.9982208008648259,-0.001328768974370509,False,-0.0009684248457276778,-0.003153855682176554,0.0,False,2000,0.00036034412864283105,0.0,0.0011823791721093935,False,2000
qwen,17,ttpd,atomic_auroc,topic,sp_en_trans,146,0.9968099080502909,0.996246950647401,0.9966222555826609,-0.0005629574028899187,False,-0.0001876524676299729,-0.0016326530612245094,0.0005629574028898105,False,2000,0.0003753049352599458,0.0,0.0021333333333333204,False,2000
qwen,17,ttpd,atomic_auroc,topic,inventors,134,0.9979950991312097,0.9971040320784139,0.9979950991312097,-0.0008910670527957354,False,0.0,-0.0004455335263978677,0.0018904374671424413,False,2000,0.0008910670527957354,0.0,0.0030234315948600736,False,2000
qwen,17,ttpd,atomic_auroc,topic,element_symb,72,0.9837962962962963,0.9938271604938271,0.9891975308641975,0.010030864197530853,False,0.005401234567901203,0.0,0.016975308641975273,False,2000,-0.00462962962962965,-0.01388888888888884,0.0,False,2000
qwen,17,ttpd,atomic_auroc,topic,animal_class,64,1.0,1.0,1.0,0.0,False,0.0,0.0,0.0,False,2000,0.0,0.0,0.0,False,2000
qwen,17,ttpd,atomic_auroc,topic_macro,all,1012,0.9955581058376701,0.997007719991165,0.9964071372885787,0.0014496141534948714,False,0.0008490314509085328,-0.0004764236148259798,0.003190116005229451,False,2000,-0.0006005827025863386,-0.002495348753549434,0.0005901773509302126,False,2000
qwen,17,ttpd,and_auroc,pooled,all,3864,0.9001485282203618,0.8942609810149643,0.8982399513050336,-0.005887547205397525,False,-0.0019085769153281973,-0.002553553284058713,-0.0012910928208541062,False,2000,0.003978970290069328,0.0027440704440767545,0.005177445740988961,False,2000
qwen,17,ttpd,and_auroc,topic,cities,2384,0.9392942134738675,0.9379945347807156,0.9382216266534541,-0.001299678693151951,False,-0.0010725868204134459,-0.0018228787785073974,-0.000488752316408786,False,2000,0.00022709187273850517,-0.000351429585930918,0.0008102771699457415,False,2000
qwen,17,ttpd,and_auroc,topic,sp_en_trans,544,0.9444384371395617,0.9416089965397924,0.9438076701268743,-0.002829440599769306,False,-0.0006307670126873832,-0.0024449774968877845,0.0008064992976451148,False,2000,0.002198673587081923,0.0004630504390519958,0.004343294778967926,False,2000
qwen,17,ttpd,and_auroc,topic,inventors,392,0.7873108427044287,0.7905733722060253,0.7858184089962515,0.003262529501596556,False,-0.0014924337081771988,-0.006341845241172492,0.0035246137670754945,False,2000,-0.004754963209773755,-0.01111762863581644,0.0026379826306939793,False,2000
qwen,17,ttpd,and_auroc,topic,element_symb,288,0.9764017489711934,0.9746013374485597,0.975758744855967,-0.0018004115226336603,False,-0.000643004115226331,-0.0027434842249656225,0.00013625744415409646,False,2000,0.0011574074074073293,0.0,0.002754820936639038,False,2000
qwen,17,ttpd,and_auroc,topic,animal_class,256,0.9210611979166666,0.91748046875,0.9207356770833334,-0.0035807291666666297,False,-0.0003255208333332593,-0.003662892744041435,0.0010297530864197162,False,2000,0.0032552083333333703,-0.00015792744377937372,0.011464874411303023,False,2000
qwen,17,ttpd,and_auroc,topic_macro,all,3864,0.9137012880411437,0.9124517419450185,0.912868425543176,-0.0012495460961251537,False,-0.0008328624979676569,-0.002147091357137207,0.00031449610693050795,False,2000,0.0004166835981574968,-0.0011773440657615209,0.0026240995812555944,False,2000
qwen,17,ttpd,or_auroc,pooled,all,3864,0.8361656571891517,0.8321895445848997,0.8352497688846595,-0.003976112604252013,False,-0.0009158883044921851,-0.0019308022549004988,0.0001826669421069078,False,2000,0.0030602242997598283,0.0014819408656063765,0.004470360463114475,False,2000
qwen,17,ttpd,or_auroc,topic,cities,2384,0.8711150398630693,0.8698041004158972,0.8711516373136345,-0.001310939447172088,False,3.6597450565278855e-05,-0.001394547199984672,0.0015170749329206914,False,2000,0.001347536897737367,0.00037494265275297143,0.0022991719006735787,False,2000
qwen,17,ttpd,or_auroc,topic,sp_en_trans,544,0.8022094867358708,0.800695645905421,0.8015787197231834,-0.0015138408304498085,False,-0.0006307670126873832,-0.0025518247261909406,0.0012757271275857672,False,2000,0.0008830738177624253,-0.001173345323159461,0.0034380317149414223,False,2000
qwen,17,ttpd,or_auroc,topic,inventors,392,0.7212619741774261,0.7289323892822435,0.7288629737609329,0.007670415104817363,False,0.007600999583506796,-0.0003843439521282049,0.018277816690784612,False,2000,-6.941552131056739e-05,-0.007621791508155051,0.007807348952140303,False,2000
qwen,17,ttpd,or_auroc,topic,element_symb,288,0.8750643004115226,0.873585390946502,0.8757073045267489,-0.0014789094650206058,False,0.000643004115226331,-0.0023413335827037695,0.003173828125,False,2000,0.002121913580246937,-0.0011534790386742376,0.006431487355290627,False,2000
qwen,17,ttpd,or_auroc,topic,animal_class,256,0.8570963541666666,0.8557942708333334,0.8567708333333334,-0.0013020833333332593,False,-0.0003255208333332593,-0.0028704884731670572,0.003121748178980255,False,2000,0.0009765625,-0.0031659136901656198,0.007211457152305375,False,2000
qwen,17,ttpd,or_auroc,topic_macro,all,3864,0.8253494310709112,0.8257623594766793,0.8268142937315666,0.0004129284057681204,False,0.001464862660655375,-0.0004913464189148703,0.0037644317002354455,False,2000,0.0010519342548872546,-0.000961652202781968,0.0033940590769400585,False,2000
qwen,17,ttpd,and_tt_vs_mixed_auroc,pooled,all,2898,0.861885365362276,0.8542644531032325,0.8594313276665424,-0.007620912259043489,False,-0.002454037695733602,-0.0032836735018668293,-0.0016357240207188985,False,2000,0.005166874563309887,0.003551478261005442,0.006768371628582165,False,2000
qwen,17,ttpd,and_tt_vs_mixed_auroc,topic,cities,1788,0.9140917075807397,0.9123885185352011,0.9126601842259358,-0.0017031890455385668,False,-0.0014315233548038986,-0.00246593834606561,-0.0006344439737337322,False,2000,0.0002716656907346682,-0.0005223296762974533,0.0010966930196653498,False,2000
qwen,17,ttpd,and_tt_vs_mixed_auroc,topic,sp_en_trans,408,0.9194690743944637,0.9154411764705882,0.9184958910034602,-0.004027897923875479,False,-0.0009731833910034959,-0.0036697567960588704,0.0011294552320281104,False,2000,0.0030547145328719827,0.0005332619598764854,0.0059190250386369925,False,2000
qwen,17,ttpd,and_tt_vs_mixed_auroc,topic,inventors,294,0.7361516034985423,0.7397959183673469,0.7346938775510204,0.0036443148688046767,False,-0.001457725947521804,-0.006977624081276767,0.004326735510649315,False,2000,-0.005102040816326481,-0.013889530941814656,0.004293496721447665,False,2000
qwen,17,ttpd,and_tt_vs_mixed_auroc,topic,element_symb,216,0.9646026234567902,0.9619020061728395,0.9636381172839507,-0.002700617283950657,False,-0.0009645061728394966,-0.004115226337448541,0.0002043861662312002,False,2000,0.0017361111111111605,0.0,0.004132231404958664,False,2000
qwen,17,ttpd,and_tt_vs_mixed_auroc,topic,animal_class,192,0.893310546875,0.8887939453125,0.892822265625,-0.0045166015625,False,-0.00048828125,-0.005313456822235485,0.0012629483611626784,False,2000,0.0040283203125,-0.0003919414798825487,0.015505445608549795,False,2000
qwen,17,ttpd,and_tt_vs_mixed_auroc,topic_macro,all,2898,0.8855251111611071,0.883664312971695,0.8844620671378735,-0.001860798189412094,False,-0.0010630440232336502,-0.0027593036413706778,0.00031675240012194627,False,2000,0.0007977541661784437,-0.0013325163697943453,0.00388178168154878,False,2000
qwen,17,ttpd,or_mixed_vs_ff_auroc,pooled,all,2898,0.7652498617594485,0.7600904886214095,0.7643523698074063,-0.005159373138039047,False,-0.0008974919520422509,-0.002122028677310561,0.0005318309337971502,False,2000,0.0042618811859967964,0.0022243454795325716,0.0061714209370105095,False,2000
qwen,17,ttpd,or_mixed_vs_ff_auroc,topic,cities,1788,0.8132530629250935,0.8119130331967028,0.8138498828881582,-0.001340029728390646,False,0.0005968199630647097,-0.0011946021550999942,0.0025380530631871952,False,2000,0.0019368496914553557,0.0005490298133263877,0.0033401955572130216,False,2000
qwen,17,ttpd,or_mixed_vs_ff_auroc,topic,sp_en_trans,408,0.7035575259515571,0.701340830449827,0.7026113754325259,-0.0022166955017300927,False,-0.0009461505190311303,-0.0038277370892863564,0.001913590691378601,False,2000,0.0012705449826989623,-0.0017600179847392981,0.005019826703127131,False,2000
qwen,17,ttpd,or_mixed_vs_ff_auroc,topic,inventors,294,0.6765410245730945,0.6832049146189088,0.6828404831320283,0.006663890045814247,False,0.006299458558933768,-0.0037901939446340653,0.016717982895959927,False,2000,-0.00036443148688047877,-0.01023442681300463,0.008383336938885882,False,2000
qwen,17,ttpd,or_mixed_vs_ff_auroc,topic,element_symb,216,0.8153935185185185,0.8131751543209876,0.816358024691358,-0.0022183641975308532,False,0.0009645061728394966,-0.0035120003740556514,0.0047607421875,False,2000,0.00318287037037035,-0.0017302185580114649,0.009647231032936054,False,2000
qwen,17,ttpd,or_mixed_vs_ff_auroc,topic,animal_class,192,0.7864990234375,0.7845458984375,0.7860107421875,-0.001953125,False,-0.00048828125,-0.004305732709750587,0.004682622268470382,False,2000,0.00146484375,-0.004748870535248378,0.010817185728457954,False,2000
qwen,17,ttpd,or_mixed_vs_ff_auroc,topic_macro,all,2898,0.7590488310811527,0.7588359662047852,0.7603341016663141,-0.0002128648763675134,False,0.0012852705851613688,-0.001165442015857418,0.003756734415650122,False,2000,0.0014981354615288822,-0.0012423136741013113,0.004323240726842156,False,2000
qwen,17,r0,atomic_auroc,pooled,all,1012,0.9998554890718493,0.9998554890718493,0.9998672061741317,0.0,False,1.171710228242695e-05,-7.873519778267557e-06,5.930426783237176e-05,False,2000,1.171710228242695e-05,-1.58112905200819e-05,7.115080734031717e-05,False,2000
qwen,17,r0,atomic_auroc,topic,cities,596,0.9998873924597991,0.999876131705779,0.9998873924597991,-1.126075402002602e-05,False,0.0,0.0,0.0,False,2000,1.126075402002602e-05,0.0,6.756452412048919e-05,False,2000
qwen,17,r0,atomic_auroc,topic,sp_en_trans,146,1.0,1.0,1.0,0.0,False,0.0,0.0,0.0,False,2000,0.0,0.0,0.0,False,2000
qwen,17,r0,atomic_auroc,topic,inventors,134,0.9997772332368011,1.0,0.9997772332368011,0.00022276676319887834,False,0.0,0.0,0.0,False,2000,-0.00022276676319887834,-0.0011574074074074403,0.0,False,2000
qwen,17,r0,atomic_auroc,topic,element_symb,72,1.0,1.0,1.0,0.0,False,0.0,0.0,0.0,False,2000,0.0,0.0,0.0,False,2000
qwen,17,r0,atomic_auroc,topic,animal_class,64,1.0,1.0,1.0,0.0,False,0.0,0.0,0.0,False,2000,0.0,0.0,0.0,False,2000
qwen,17,r0,atomic_auroc,topic_macro,all,1012,0.9999329251393201,0.9999752263411559,0.9999329251393201,4.230120183579267e-05,False,0.0,0.0,0.0,False,2000,-4.230120183579267e-05,-0.00023148148148122716,9.008603216176247e-06,False,2000
qwen,17,r0,and_auroc,pooled,all,3864,0.920337721309906,0.9330176304926507,0.9313855346801606,0.012679909182744753,False,0.011047813370254622,0.006121215900280197,0.01633545794763034,False,2000,-0.0016320958124901308,-0.004834161867544063,0.0016362552808801534,False,2000
qwen,17,r0,and_auroc,topic,cities,2384,0.948988784288996,0.9578059546867258,0.9582216641893008,0.008817170397729779,False,0.009232879900304747,0.0032122461858083706,0.01664099204371392,False,2000,0.00041570950257496797,-0.0031964313415031504,0.003908765052543999,False,2000
qwen,17,r0,and_auroc,topic,sp_en_trans,544,0.9765174452133795,0.969344723183391,0.9748053633217993,-0.007172722029988421,False,-0.0017120818915801195,-0.005379370738725189,0.0021006199347453364,False,2000,0.005460640138408301,0.0007096507377465589,0.012783549366666936,False,2000
qwen,17,r0,and_auroc,topic,inventors,392,0.7142162987644037,0.7444467582951548,0.7237956407052617,0.030230459530751097,False,0.009579341940857966,-0.012177849025614348,0.027551942163584177,False,2000,-0.02065111758989313,-0.038925459747942384,-0.005628797024588956,False,2000
qwen,17,r0,and_auroc,topic,element_symb,288,0.9904835390946503,0.9821887860082305,0.9887474279835391,-0.008294753086419804,False,-0.0017361111111111605,-0.0072224687705457116,0.008439014806625022,False,2000,0.006558641975308643,-0.0008005233785579685,0.013760499433978382,False,2000
qwen,17,r0,and_auroc,topic,animal_class,256,0.82568359375,0.859130859375,0.8409830729166666,0.033447265625,False,0.01529947916666663,-0.002996677839864001,0.03964468664266117,False,2000,-0.01814778645833337,-0.03376139233241512,-0.003535646258503382,False,2000
qwen,17,r0,and_auroc,topic_macro,all,3864,0.8911779322222859,0.9025834163097004,0.8973106338233136,0.011405484087414486,False,0.006132701601027635,0.00010954848728284843,0.01273705568222298,False,2000,-0.005272782486386851,-0.010446540968886739,-0.0005421581028733051,False,2000
qwen,17,r0,or_auroc,pooled,all,3864,0.8349850757358184,0.8361295789057064,0.8318234035895391,0.0011445031698880115,False,-0.0031616721462792707,-0.00960136645637468,0.0034205620709824355,False,2000,-0.004306175316167282,-0.0107944255372809,0.0025925775201178602,False,2000
qwen,17,r0,or_auroc,topic,cities,2384,0.8832184736423284,0.8811014518865516,0.8821749771031335,-0.002117021755776771,False,-0.001043496539194888,-0.006476846701684774,0.00439736290928345,False,2000,0.0010735252165818832,-0.008791054257393172,0.011778541498842138,False,2000
qwen,17,r0,or_auroc,topic,sp_en_trans,544,0.8479671280276817,0.844687139561707,0.8487961361014994,-0.003279988465974659,False,0.0008290080738176941,-0.005817925906676421,0.0073006675433723665,False,2000,0.004108996539792353,-0.0024359144250094946,0.012758808391003408,False,2000
qwen,17,r0,or_auroc,topic,inventors,392,0.7740871858947661,0.7456615299180896,0.765236706927669,-0.028425655976676456,False,-0.00885047896709712,-0.029893717927451206,0.011764462809917348,False,2000,0.019575177009579336,-0.009799994898479738,0.05033863484289212,False,2000
qwen,17,r0,or_auroc,topic,element_symb,288,0.8875385802469136,0.8839377572016461,0.8905606995884774,-0.0036008230452674317,False,0.0030221193415638226,-0.00919671260804018,0.01229301697530867,False,2000,0.006622942386831254,-0.0043170017207114775,0.015219431851583136,False,2000
qwen,17,r0,or_auroc,topic,animal_class,256,0.830322265625,0.8115234375,0.826171875,-0.018798828125,False,-0.004150390625,-0.03284793083900235,0.02804350739586949,False,2000,0.0146484375,-0.029660329205211524,0.04768538992947159,False,2000
qwen,17,r0,or_auroc,topic_macro,all,3864,0.844626726687338,0.833382263213599,0.8425880789441559,-0.011244463473738975,False,-0.002038647743182076,-0.009450444270602588,0.005830708502384752,False,2000,0.009205815730556899,-0.002337336686390812,0.018601422812441575,False,2000
qwen,17,r0,and_tt_vs_mixed_auroc,pooled,all,2898,0.8883439639245743,0.9057199439322042,0.9036763413620016,0.017375980007629965,False,0.015332377437427325,0.008359202389747186,0.02270900615421469,False,2000,-0.0020436025702026406,-0.006744088444412525,0.002539427035046966,False,2000
qwen,17,r0,and_tt_vs_mixed_auroc,topic,cities,1788,0.9249118845997928,0.9373775393000315,0.9380996351515698,0.012465654700238749,False,0.013187750551777011,0.004471244771480401,0.024021067765200875,False,2000,0.0007220958515382625,-0.004535395175535919,0.00588983967565639,False,2000
qwen,17,r0,and_tt_vs_mixed_auroc,topic,sp_en_trans,408,0.9652357266435986,0.954828070934256,0.96280276816609,-0.010407655709342545,False,-0.0024329584775085733,-0.007803011461937795,0.003285886735476903,False,2000,0.007974697231833972,0.0010585880956971772,0.018824692205039625,False,2000
qwen,17,r0,and_tt_vs_mixed_auroc,topic,inventors,294,0.6598812994585589,0.6867451062057476,0.6651915868388172,0.02686380674718869,False,0.005310287380258294,-0.01470158168574406,0.026028920599489868,False,2000,-0.021553519366930396,-0.04269657536767599,-0.002874436645892317,False,2000
qwen,17,r0,and_tt_vs_mixed_auroc,topic,element_symb,216,0.9857253086419753,0.9732831790123457,0.9831211419753086,-0.01244212962962954,False,-0.0026041666666666297,-0.010833703155818566,0.012658522209937588,False,2000,0.00983796296296291,-0.0012007850678368431,0.02064074915096757,False,2000
qwen,17,r0,and_tt_vs_mixed_auroc,topic,animal_class,192,0.77099609375,0.814453125,0.7928466796875,0.04345703125,False,0.0218505859375,-0.002801740128558336,0.0545508609821501,False,2000,-0.0216064453125,-0.04630279195011336,-0.0025464743589744218,False,2000
qwen,17,r0,and_tt_vs_mixed_auroc,topic_macro,all,2898,0.861350062618785,0.8733374040904762,0.8684123623638571,0.011987341471691226,False,0.007062299745072109,1.3165299761586117e-05,0.016207872014841213,False,2000,-0.004925041726619117,-0.012567677302679287,0.0012075613471371868,False,2000
qwen,17,r0,or_mixed_vs_ff_auroc,pooled,all,2898,0.7615173668711341,0.7633102075108557,0.7597448872428618,0.0017928406397215157,False,-0.0017724796282723165,-0.009474520487401609,0.006557935908665257,False,2000,-0.0035653202679938323,-0.011941215802808752,0.005162500675155144,False,2000
qwen,17,r0,or_mixed_vs_ff_auroc,topic,cities,1788,0.8290237489302283,0.8246109409486059,0.8275119927030314,-0.004412807981622469,False,-0.0015117562271969032,-0.008723322072910702,0.005797990530562159,False,2000,0.0029010517544255654,-0.010546167220788324,0.017763294034742368,False,2000
qwen,17,r0,or_mixed_vs_ff_auroc,topic,sp_en_trans,408,0.7720047577854672,0.7670577422145328,0.7733023356401384,-0.004947015570934354,False,0.0012975778546712169,-0.008726888860014576,0.010951477614403163,False,2000,0.006244593425605571,-0.003554320477502343,0.019140240051903082,False,2000
qwen,17,r0,or_mixed_vs_ff_auroc,topic,inventors,294,0.7293835901707622,0.7067888379841732,0.7223032069970845,-0.022594752186588907,False,-0.007080383173677651,-0.029959628561027147,0.013895061728394978,False,2000,0.015514369012911255,-0.013091207929514567,0.045305466579861085,False,2000
qwen,17,r0,or_mixed_vs_ff_auroc,topic,element_symb,216,0.8342978395061729,0.8297646604938271,0.8401813271604939,-0.004533179012345734,False,0.005883487654321007,-0.012415643576435098,0.01902542023539683,False,2000,0.01041666666666674,-0.005279602655568705,0.023120490872130053,False,2000
qwen,17,r0,or_mixed_vs_ff_auroc,topic,animal_class,192,0.7454833984375,0.71728515625,0.7392578125,-0.0281982421875,False,-0.0062255859375,-0.04927189625850341,0.04206526109380424,False,2000,0.02197265625,-0.044490493807817236,0.0715280848942074,False,2000
qwen,17,r0,or_mixed_vs_ff_auroc,topic_macro,all,2898,0.7820386669660262,0.7691014675782278,0.7805113350001497,-0.01293719938779836,False,-0.0015273319658765105,-0.01183620021328712,0.009450470421297541,False,2000,0.011409867421921849,-0.004024629542209235,0.023775871359455795,False,2000
qwen,18,l2_logistic,atomic_auroc,pooled,all,1012,0.9996836382383727,0.9997148838444594,0.9997851864581543,3.124560608669391e-05,False,0.00010154821978158868,0.0,0.0003049471533229485,False,2000,7.030261369489477e-05,-8.065198181025913e-06,0.00025863186022445346,False,2000
qwen,18,l2_logistic,atomic_auroc,topic,cities,596,0.9998085671816584,0.9998648709517589,0.9998986532138192,5.630377010046317e-05,False,9.008603216076327e-05,0.0,0.00029277960452234186,False,2000,3.3782262060300106e-05,0.0,0.0001351290482410894,False,2000
qwen,18,l2_logistic,atomic_auroc,topic,sp_en_trans,146,1.0,1.0,1.0,0.0,False,0.0,0.0,0.0,False,2000,0.0,0.0,0.0,False,2000
qwen,18,l2_logistic,atomic_auroc,topic,inventors,134,1.0,1.0,1.0,0.0,False,0.0,0.0,0.0,False,2000,0.0,0.0,0.0,False,2000
qwen,18,l2_logistic,atomic_auroc,topic,element_symb,72,1.0,1.0,1.0,0.0,False,0.0,0.0,0.0,False,2000,0.0,0.0,0.0,False,2000
qwen,18,l2_logistic,atomic_auroc,topic,animal_class,64,1.0,1.0,1.0,0.0,False,0.0,0.0,0.0,False,2000,0.0,0.0,0.0,False,2000
qwen,18,l2_logistic,atomic_auroc,topic_macro,all,1012,0.9999617134363316,0.9999729741903518,0.9999797306427638,1.1260754020248065e-05,False,1.8017206432241473e-05,0.0,5.8555920904423964e-05,False,2000,6.756452411993408e-06,0.0,2.702580964841772e-05,False,2000
qwen,18,l2_logistic,and_auroc,pooled,all,3864,0.9895723044521316,0.988377434569711,0.988886459855944,-0.0011948698824205684,False,-0.0006858445961875903,-0.0015752644008808075,6.814119488396928e-05,False,2000,0.000509025286232978,-0.0012231584800075246,0.0021017142042251786,False,2000
qwen,18,l2_logistic,and_auroc,topic,cities,2384,0.9972927270543369,0.9973415236550907,0.997507619776887,4.879660075374215e-05,False,0.00021489272255004188,-3.088449022329298e-05,0.0006721615228107208,False,2000,0.00016609612179629973,-3.3466728723277604e-05,0.0005402161045166942,False,2000
qwen,18,l2_logistic,and_auroc,topic,sp_en_trans,544,0.9972786908881199,0.9963956170703575,0.9971705594002307,-0.0008830738177624253,False,-0.00010813148788924032,-0.0012312616441014807,0.0004861415692007458,False,2000,0.000774942329873185,-0.0004379322915478184,0.003470077373445069,False,2000
qwen,18,l2_logistic,and_auroc,topic,inventors,392,0.9381854782729419,0.9401985283909482,0.9419686241843677,0.002013050118006343,False,0.0037831459114258115,-0.00854221131356572,0.015656906090171927,False,2000,0.0017700957934194683,-0.007734994766587566,0.011523441485562684,False,2000
qwen,18,l2_logistic,and_auroc,topic,element_symb,288,0.9998713991769548,0.9990997942386831,0.9999356995884774,-0.0007716049382716639,False,6.43004115226109e-05,-0.0003706764615855368,0.0011890783259214915,False,2000,0.0008359053497942748,0.0,0.004800370370370394,False,2000
qwen,18,l2_logistic,and_auroc,topic,animal_class,256,0.9999186197916666,1.0,1.0,8.138020833337034e-05,False,8.138020833337034e-05,0.0,0.0006581724174317116,False,2000,0.0,0.0,0.0,False,2000
qwen,18,l2_logistic,and_auroc,topic_macro,all,3864,0.9865093830368041,0.9866070926710158,0.9873165005899927,9.770963421162904e-05,False,0.0008071175531885189,-0.0015948509540098133,0.0031985995665195156,False,2000,0.0007094079189768898,-0.001271556901836654,0.0028380246865377027,False,2000
qwen,18,l2_logistic,or_auroc,pooled,all,3864,0.9026025659160954,0.9078235579045733,0.9085297635122102,0.005220991988477808,False,0.005927197596114708,0.003337760621539146,0.008364634636351943,False,2000,0.0007062056076369005,-0.0018383716669156669,0.003635764052811456,False,2000
qwen,18,l2_logistic,or_auroc,topic,cities,2384,0.9696156704652944,0.9712691245139108,0.9719325706049277,0.0016534540486163873,False,0.00231690013963326,0.0009919110934979909,0.0036927694192165563,False,2000,0.0006634460910168727,-0.0015862725963882384,0.0029381856695846896,False,2000
qwen,18,l2_logistic,or_auroc,topic,sp_en_trans,544,0.8264129181084199,0.8234933679354095,0.8313148788927336,-0.0029195501730103768,False,0.004901960784313708,0.00011225570867092751,0.009439587091099912,False,2000,0.007821510957324085,0.0020709716993500132,0.01456414608384403,False,2000
qwen,18,l2_logistic,or_auroc,topic,inventors,392,0.9096904067749548,0.9037553797029015,0.9053519366930446,-0.005935027072053289,False,-0.0043384700819102395,-0.011276637688707316,0.0029531095871642827,False,2000,0.0015965569901430499,-0.005620772967645471,0.009465347681347576,False,2000
qwen,18,l2_logistic,or_auroc,topic,element_symb,288,0.866383744855967,0.8680555555555556,0.8737139917695473,0.0016718106995885496,False,0.007330246913580307,-0.0039059037412803336,0.024234213566187483,False,2000,0.005658436213991758,-6.898384353745118e-05,0.0125741352368776,False,2000
qwen,18,l2_logistic,or_auroc,topic,animal_class,256,0.9048665364583334,0.9080403645833334,0.9160970052083334,0.003173828125,False,0.01123046875,-0.0028944183417462604,0.028937173216393948,False,2000,0.008056640625,-0.006430507778708838,0.021046707257121693,False,2000
qwen,18,l2_logistic,or_auroc,topic_macro,all,3864,0.8953938553325939,0.8949227584582221,0.8996820766337172,-0.00047109687437174586,False,0.004288221301123385,0.0002840643277443211,0.009514897468577779,False,2000,0.004759318175495131,0.0011331007114685487,0.008690542703862082,False,2000
qwen,18,l2_logistic,and_tt_vs_mixed_auroc,pooled,all,2898,0.9846960208153835,0.9829862316697315,0.9837031535991838,-0.0017097891456520076,False,-0.0009928672161997332,-0.0023059462065527113,0.0001439028399137675,False,2000,0.0007169219294522744,-0.0018485675331818801,0.0030743715638791376,False,2000
qwen,18,l2_logistic,and_tt_vs_mixed_auroc,topic,cities,1788,0.9960685892527363,0.9961361537768569,0.9963881131480564,6.756452412060021e-05,False,0.00031952389532008407,-5.8732098271702116e-05,0.0010059620198872268,False,2000,0.00025195937119948386,-5.02000930849178e-05,0.0008074539654907203,False,2000
qwen,18,l2_logistic,and_tt_vs_mixed_auroc,topic,sp_en_trans,408,0.9959180363321799,0.9945934256055363,0.995755839100346,-0.0013246107266435825,False,-0.00016219723183386048,-0.0018468924661523278,0.0007292123538011727,False,2000,0.001162413494809722,-0.0006568984373216208,0.005205116060167603,False,2000
qwen,18,l2_logistic,and_tt_vs_mixed_auroc,topic,inventors,294,0.9079029571012078,0.9111307788421491,0.9134735526863806,0.0032278217409412724,False,0.005570595585172811,-0.012750415442678284,0.02321002896800398,False,2000,0.0023427738442315382,-0.011490580879683058,0.016787358640037282,False,2000
qwen,18,l2_logistic,and_tt_vs_mixed_auroc,topic,element_symb,216,0.9998070987654321,0.9986496913580247,0.9999035493827161,-0.0011574074074073293,False,9.645061728402737e-05,-0.0005560146923783037,0.0017836174888821276,False,2000,0.0012538580246913567,0.0,0.007200555555555537,False,2000
qwen,18,l2_logistic,and_tt_vs_mixed_auroc,topic,animal_class,192,0.9998779296875,1.0,1.0,0.0001220703125,False,0.0001220703125,0.0,0.0009872586261475134,False,2000,0.0,0.0,0.0,False,2000
qwen,18,l2_logistic,and_tt_vs_mixed_auroc,topic_macro,all,2898,0.9799149222278112,0.9801020099165134,0.9811042108634999,0.00018708768870223658,False,0.001189288635688679,-0.002384652402740517,0.004757019237648971,False,2000,0.0010022009469864424,-0.0018883796229696216,0.0041972113192664615,False,2000
qwen,18,l2_logistic,or_mixed_vs_ff_auroc,pooled,all,2898,0.8545795129646061,0.8623086600739854,0.8635415728988508,0.007729147109379331,False,0.008962059934244704,0.005100618037346102,0.012570550845136955,False,2000,0.0012329128248653731,-0.0024884064440249044,0.005678667177273,False,2000
qwen,18,l2_logistic,or_mixed_vs_ff_auroc,topic,cities,1788,0.9545178145128598,0.9569782892662493,0.9579734584027747,0.0024604747533895077,False,0.0034556438899149278,0.0014532892771840888,0.005511136742857829,False,2000,0.00099516913652542,-0.002320536301621173,0.004379675706113597,False,2000
qwen,18,l2_logistic,or_mixed_vs_ff_auroc,topic,sp_en_trans,408,0.7396193771626297,0.7352400519031141,0.7469723183391004,-0.004379325259515565,False,0.007352941176470673,0.00016838356300628024,0.014159380636649815,False,2000,0.011732266435986238,0.003106457549025074,0.02184621912576594,False,2000
qwen,18,l2_logistic,or_mixed_vs_ff_auroc,topic,inventors,294,0.8645876718034152,0.8558413161182841,0.8582882132444815,-0.008746355685131157,False,-0.006299458558933768,-0.016914956533060917,0.004682667165407536,False,2000,0.0024468971261973893,-0.008431159451468148,0.014172229271539745,False,2000
qwen,18,l2_logistic,or_mixed_vs_ff_auroc,topic,element_symb,216,0.7996720679012346,0.8022762345679012,0.8107638888888888,0.0026041666666666297,False,0.011091820987654266,-0.005858855611920499,0.03635132034928123,False,2000,0.008487654320987637,-0.00010347576530606853,0.018861202855316454,False,2000
qwen,18,l2_logistic,or_mixed_vs_ff_auroc,topic,animal_class,192,0.8572998046875,0.862060546875,0.8741455078125,0.0047607421875,False,0.016845703125,-0.004341627512619448,0.043405759824590814,False,2000,0.0120849609375,-0.009645761668063366,0.03157006088568232,False,2000
qwen,18,l2_logistic,or_mixed_vs_ff_auroc,topic_macro,all,2898,0.8431393472135278,0.8424792877461098,0.8496286773375491,-0.0006600594674179838,False,0.006489330124021309,0.00048397786919800184,0.014298279180744996,False,2000,0.007149389591439292,0.001715137644723469,0.013036055477818739,False,2000
qwen,18,difference_of_means,atomic_auroc,pooled,all,1012,0.998617381930666,0.9987267415519693,0.9986915902451218,0.00010935962130331767,False,7.420831445581477e-05,-7.811401521620742e-06,0.0001814104469257699,False,2000,-3.5151306847502894e-05,-0.00010114803014205087,1.544070807313335e-05,False,2000
qwen,18,difference_of_means,atomic_auroc,topic,cities,596,0.9999099139678392,0.9999099139678392,0.9999099139678392,0.0,False,0.0,0.0,0.0,False,2000,0.0,0.0,0.0,False,2000
qwen,18,difference_of_means,atomic_auroc,topic,sp_en_trans,146,0.9979358228560705,0.9981234753237005,0.9981234753237005,0.0001876524676299729,False,0.0001876524676299729,-0.0015443042973542931,0.0022534042416408272,False,2000,0.0,0.0,0.0,False,2000
qwen,18,difference_of_means,atomic_auroc,topic,inventors,134,0.9926486968144352,0.993539763867231,0.9928714635776342,0.0008910670527957354,False,0.00022276676319898936,0.0,0.001190240031739731,False,2000,-0.000668300289596746,-0.0027311263520234607,0.0005791141115078701,False,2000
qwen,18,difference_of_means,atomic_auroc,topic,element_symb,72,0.9861111111111112,0.9899691358024691,0.9884259259259259,0.0038580246913579863,False,0.0023148148148147696,0.0,0.00925925925925919,False,2000,-0.0015432098765432167,-0.006172839506172867,0.0,False,2000
qwen,18,difference_of_means,atomic_auroc,topic,animal_class,64,1.0,1.0,1.0,0.0,False,0.0,0.0,0.0,False,2000,0.0,0.0,0.0,False,2000
qwen,18,difference_of_means,atomic_auroc,topic_macro,all,1012,0.9953211089498911,0.996308457792248,0.99586615575902,0.00098734884235685,False,0.000545046809128924,-0.0001586986708985716,0.0018801713789090334,False,2000,-0.00044230203322792594,-0.0014367409113096084,7.516819576194541e-05,False,2000
qwen,18,difference_of_means,and_auroc,pooled,all,3864,0.9937430969026972,0.9937716737608717,0.9937759602895979,2.8576858174478303e-05,False,3.2863386900672253e-05,-1.982771593222743e-05,9.649136019101721e-05,False,2000,4.28652872619395e-06,-3.760067463855488e-05,4.5227448837903326e-05,False,2000
qwen,18,difference_of_means,and_auroc,topic,cities,2384,0.997100355839827,0.9970890950858069,0.997100355839827,-1.1260754020137043e-05,False,0.0,-4.363869949686461e-05,6.008826847261061e-05,False,2000,1.1260754020137043e-05,-1.4335425877573527e-05,4.8563835723863786e-05,False,2000
qwen,18,difference_of_means,and_auroc,topic,sp_en_trans,544,0.9963775951557093,0.9961433102652826,0.9962514417531718,-0.00023428489042676137,False,-0.00012615340253752105,-0.000712360775179871,0.0,False,2000,0.00010813148788924032,0.0,0.0005879851392671714,False,2000
qwen,18,difference_of_means,and_auroc,topic,inventors,392,0.958975426905456,0.9585589337775927,0.9586977648202138,-0.0004164931278632933,False,-0.0002776620852421585,-0.0015590454931973668,0.0006380872661564294,False,2000,0.00013883104262113477,-0.0003544423440453581,0.0009186501377410901,False,2000
qwen,18,difference_of_means,and_auroc,topic,element_symb,288,0.9996784979423868,0.9996784979423868,0.9996784979423868,0.0,False,0.0,0.0,0.0,False,2000,0.0,0.0,0.0,False,2000
qwen,18,difference_of_means,and_auroc,topic,animal_class,256,1.0,1.0,1.0,0.0,False,0.0,0.0,0.0,False,2000,0.0,0.0,0.0,False,2000
qwen,18,difference_of_means,and_auroc,topic_macro,all,3864,0.9904263751686759,0.9902939674142137,0.9903456120711198,-0.00013240775446221598,False,-8.076309755611355e-05,-0.0003691054200246041,0.00010749741333780913,False,2000,5.1644656906102426e-05,-5.4494789066983354e-05,0.0002474231101761924,False,2000
qwen,18,difference_of_means,or_auroc,pooled,all,3864,0.9056931531276657,0.9058881901847066,0.9057263737252935,0.00019503705704082552,False,3.322059762778107e-05,-0.00014395167700376464,0.00022311684366357868,False,2000,-0.00016181645941304446,-0.00028614903287478013,-4.527371581434241e-05,False,2000
qwen,18,difference_of_means,or_auroc,topic,cities,2384,0.9657719997597706,0.9656349939191928,0.9656152875996576,-0.0001370058405777419,False,-0.0001567121601129262,-0.0003552374044845652,1.634829488614814e-05,False,2000,-1.9706319535184313e-05,-0.00014361295375397987,0.00010210816949128824,False,2000
qwen,18,difference_of_means,or_auroc,topic,sp_en_trans,544,0.7990556516724336,0.7989294982698962,0.7987312572087658,-0.00012615340253741003,False,-0.000324394463667832,-0.001217628628475162,0.000666939424887705,False,2000,-0.00019824106113042195,-0.001363267631666204,0.00045927585971904333,False,2000
qwen,18,difference_of_means,or_auroc,topic,inventors,392,0.8907399694571706,0.8903928918506178,0.8906011384145495,-0.0003470776065528369,False,-0.00013883104262113477,-0.0015608984679900656,0.0009524557974076943,False,2000,0.00020824656393170216,-0.0015343067426400597,0.0012283956916099923,False,2000
qwen,18,difference_of_means,or_auroc,topic,element_symb,288,0.8806584362139918,0.8809156378600823,0.8806584362139918,0.0002572016460905546,False,0.0,-0.0013522937568753279,0.0027946714743590038,False,2000,-0.0002572016460905546,-0.0036771514161221012,0.00021915406530792492,False,2000
qwen,18,difference_of_means,or_auroc,topic,animal_class,256,0.8702799479166666,0.8702799479166666,0.8700358072916666,0.0,False,-0.000244140625,-0.0018289894833104531,0.0010889611761864953,False,2000,-0.000244140625,-0.0012755102040815675,0.0,False,2000
qwen,18,difference_of_means,or_auroc,topic_macro,all,3864,0.8813012010040067,0.8812305939632912,0.8811283853457264,-7.060704071548685e-05,False,-0.00017281565828031198,-0.0006592385365600195,0.0004794125666410239,False,2000,-0.00010220861756482513,-0.0009201521464042794,0.00018918654013367603,False,2000
qwen,18,difference_of_means,and_tt_vs_mixed_auroc,pooled,all,2898,0.9908214703650836,0.9908643356523453,0.9908707654454346,4.2865287261717455e-05,False,4.929508035100838e-05,-2.8934255548046518e-05,0.0001425163809763402,False,2000,6.429793089290925e-06,-5.64010119577768e-05,6.784117325685221e-05,False,2000
qwen,18,difference_of_means,and_tt_vs_mixed_auroc,topic,cities,1788,0.995709652718346,0.9956927615873159,0.995709652718346,-1.689113103009454e-05,False,0.0,-6.545804924540377e-05,9.013240270891452e-05,False,2000,1.689113103009454e-05,-2.1503138816469923e-05,7.284575358557918e-05,False,2000
qwen,18,difference_of_means,and_tt_vs_mixed_auroc,topic,sp_en_trans,408,0.9945663927335641,0.9942149653979239,0.9943771626297578,-0.00035142733564019757,False,-0.00018923010380622607,-0.0010685411627698593,0.0,False,2000,0.0001621972318339715,0.0,0.00088197770890076,False,2000
qwen,18,difference_of_means,and_tt_vs_mixed_auroc,topic,inventors,294,0.939192003331945,0.9386193252811329,0.9388275718450646,-0.0005726780508120699,False,-0.00036443148688036775,-0.0022308297402668237,0.0009766233396003906,False,2000,0.00020824656393170216,-0.0005316635160680372,0.0013779752066116339,False,2000
qwen,18,difference_of_means,and_tt_vs_mixed_auroc,topic,element_symb,216,0.9995177469135802,0.9995177469135802,0.9995177469135802,0.0,False,0.0,0.0,0.0,False,2000,0.0,0.0,0.0,False,2000
qwen,18,difference_of_means,and_tt_vs_mixed_auroc,topic,animal_class,192,1.0,1.0,1.0,0.0,False,0.0,0.0,0.0,False,2000,0.0,0.0,0.0,False,2000
qwen,18,difference_of_means,and_tt_vs_mixed_auroc,topic_macro,all,2898,0.9857971591394872,0.9856089598359905,0.9856864268213498,-0.00018819930349667224,False,-0.00011073231813740758,-0.000537492074909518,0.00017128142915972784,False,2000,7.746698535926466e-05,-8.174218360043061e-05,0.0003711346652642914,False,2000
qwen,18,difference_of_means,or_mixed_vs_ff_auroc,pooled,all,2898,0.8589823137824758,0.8592630814140401,0.8590219641731929,0.00028076763156426043,False,3.965039071707199e-05,-0.0002259091294062099,0.00031687458437016324,False,2000,-0.00024111724084718844,-0.00042594733487700545,-6.79105737216746e-05,False,2000
qwen,18,difference_of_means,or_mixed_vs_ff_auroc,topic,cities,1788,0.9488255033557047,0.948619994594838,0.9485904351155353,-0.00020550876086666836,False,-0.00023506824016938932,-0.0005328561067267396,2.4522442329169477e-05,False,2000,-2.955947930272096e-05,-0.00021541943063107527,0.00015316225423693235,False,2000
qwen,18,difference_of_means,or_mixed_vs_ff_auroc,topic,sp_en_trans,408,0.6985834775086506,0.6983942474048442,0.6980968858131488,-0.0001892301038063371,False,-0.0004865916955018035,-0.0018264429427128526,0.001000409137331556,False,2000,-0.0002973615916954664,-0.0020449014474993588,0.0006889137895785123,False,2000
qwen,18,difference_of_means,or_mixed_vs_ff_auroc,topic,inventors,294,0.8403269471053728,0.8398063306955436,0.8400666389004582,-0.0005206164098292554,False,-0.0002603082049146277,-0.0023430887956465197,0.0012128635734072527,False,2000,0.0002603082049146277,-0.002315420719784228,0.0016444167811354646,False,2000
qwen,18,difference_of_means,or_mixed_vs_ff_auroc,topic,element_symb,216,0.8209876543209876,0.8213734567901234,0.8209876543209876,0.0003858024691357764,False,0.0,-0.0020284406353131557,0.00419200721153845,False,2000,-0.0003858024691357764,-0.005515727124182987,0.00032873109796183186,False,2000
qwen,18,difference_of_means,or_mixed_vs_ff_auroc,topic,animal_class,192,0.805419921875,0.805419921875,0.8050537109375,0.0,False,-0.0003662109375,-0.002743484224965731,0.0016334417642796901,False,2000,-0.0003662109375,-0.001913265306122458,0.0,False,2000
qwen,18,difference_of_means,or_mixed_vs_ff_auroc,topic_macro,all,2898,0.8228287008331432,0.82272279027207,0.822559065017526,-0.00010591056107323027,False,-0.0002696358156172307,-0.001016505050862096,0.0007189112432955197,False,2000,-0.00016372525454400044,-0.0013802282196064164,0.0002700633256898148,False,2000
qwen,18,mass_mean_covariance,atomic_auroc,pooled,all,1012,0.9993868049805497,0.9996602040338077,0.9995859957193519,0.0002733990532580721,False,0.00019919073880225735,-1.1580531054741771e-05,0.0006796021340749247,False,2000,-7.420831445581477e-05,-0.000279000558001119,0.0,False,2000
qwen,18,mass_mean_covariance,atomic_auroc,topic,cities,596,0.9993018332507545,0.9996509166253772,0.9995720913472366,0.000349083374622694,False,0.0002702580964820678,0.0,0.000979967118598314,False,2000,-7.882527814062623e-05,-0.000337822620602668,0.0,False,2000
qwen,18,mass_mean_covariance,atomic_auroc,topic,sp_en_trans,146,1.0,1.0,1.0,0.0,False,0.0,0.0,0.0,False,2000,0.0,0.0,0.0,False,2000
qwen,18,mass_mean_covariance,atomic_auroc,topic,inventors,134,0.9997772332368011,0.9995544664736021,0.9995544664736021,-0.00022276676319898936,False,-0.00022276676319898936,-0.0014294782366071595,0.001929446206587188,False,2000,0.0,0.0,0.0,False,2000
qwen,18,mass_mean_covariance,atomic_auroc,topic,element_symb,72,1.0,1.0,1.0,0.0,False,0.0,0.0,0.0,False,2000,0.0,0.0,0.0,False,2000
qwen,18,mass_mean_covariance,atomic_auroc,topic,animal_class,64,1.0,1.0,1.0,0.0,False,0.0,0.0,0.0,False,2000,0.0,0.0,0.0,False,2000
qwen,18,mass_mean_covariance,atomic_auroc,topic_macro,all,1012,0.9998158132975112,0.999841076619796,0.9998253115641678,2.5263322284807543e-05,False,9.498266656526866e-06,-0.0002595155709341823,0.0004260884906467474,False,2000,-1.5765055628280678e-05,-6.756452412049197e-05,0.0,False,2000
qwen,18,mass_mean_covariance,and_auroc,pooled,all,3864,0.9691895031484553,0.9628704453846231,0.9529264131613578,-0.0063190577638322365,False,-0.016263089987097468,-0.02643572630884334,-0.006108772783365801,False,2000,-0.009944032223265231,-0.01726838562873776,-0.00285669585922635,False,2000
qwen,18,mass_mean_covariance,and_auroc,topic,cities,2384,0.9934002597480593,0.9927715343152711,0.9945544870351185,-0.0006287254327882463,False,0.0011542272870591619,-0.0019435102571867813,0.004973095427436704,False,2000,0.0017829527198474082,-0.0027344263291151057,0.007388071559839598,False,2000
qwen,18,mass_mean_covariance,and_auroc,topic,sp_en_trans,544,0.9481689734717417,0.9263083910034602,0.8594470876585929,-0.021860582468281486,False,-0.08872188581314877,-0.14382247451495386,-0.03874894107635295,False,2000,-0.06686130334486728,-0.10463346482577252,-0.03224532385233002,False,2000
qwen,18,mass_mean_covariance,and_auroc,topic,inventors,392,0.9148271553519367,0.9001110648340969,0.9022282382340692,-0.014716090517839842,False,-0.012598917117867536,-0.06410370811025183,0.030975046185007096,False,2000,0.0021171733999723052,-0.03034992252066121,0.028826252436236186,False,2000
qwen,18,mass_mean_covariance,and_auroc,topic,element_symb,288,0.9746656378600823,0.9565972222222222,0.8973122427983539,-0.018068415637860102,False,-0.07735339506172845,-0.13676240625523517,-0.013858855669388971,False,2000,-0.059284979423868345,-0.09986237997569647,-0.01516086508444728,False,2000
qwen,18,mass_mean_covariance,and_auroc,topic,animal_class,256,0.9891764322916666,0.9756673177083334,0.971435546875,-0.01350911458333326,False,-0.01774088541666663,-0.07601000000000006,0.022044894972451757,False,2000,-0.00423177083333337,-0.020005214019764246,0.009947967803228912,False,2000
qwen,18,mass_mean_covariance,and_auroc,topic_macro,all,3864,0.9640476917446973,0.9502911060166767,0.9249955205202269,-0.013756585728020632,False,-0.039052171224470356,-0.05991625397289783,-0.01644762822079294,False,2000,-0.025295585496449724,-0.03785582000721176,-0.010899233981461563,False,2000
qwen,18,mass_mean_covariance,or_auroc,pooled,all,3864,0.8366996872262873,0.7032153966396473,0.6680140655295935,-0.13348429058664002,False,-0.16868562169669377,-0.19591000911534978,-0.14786760138727564,False,2000,-0.035201331110053746,-0.05216059063094938,-0.019980971512971093,False,2000
qwen,18,mass_mean_covariance,or_auroc,topic,cities,2384,0.8721435220635707,0.73000183925649,0.6616659534855788,-0.14214168280708073,False,-0.21047756857799194,-0.2504004946710034,-0.17901052029544204,False,2000,-0.06833588577091121,-0.09158086233251031,-0.04941320947622753,False,2000
qwen,18,mass_mean_covariance,or_auroc,topic,sp_en_trans,544,0.8622945501730104,0.7516399942329873,0.7529195501730104,-0.11065455594002305,False,-0.109375,-0.15499831979360373,-0.06759219649398221,False,2000,0.0012795559400230472,-0.03158761429398152,0.03467710590422252,False,2000
qwen,18,mass_mean_covariance,or_auroc,topic,inventors,392,0.7803692905733722,0.6856865195057615,0.6749618214632792,-0.0946827710676107,False,-0.10540746911009302,-0.1714233530385898,-0.053459400692291284,False,2000,-0.010724698042482328,-0.06206697539663054,0.03047221992899311,False,2000
qwen,18,mass_mean_covariance,or_auroc,topic,element_symb,288,0.6785622427983539,0.5371013374485597,0.5801826131687243,-0.14146090534979416,False,-0.09837962962962954,-0.14437501808449077,-0.05276046612852168,False,2000,0.043081275720164625,-0.014800195337114085,0.12155471257130304,False,2000
qwen,18,mass_mean_covariance,or_auroc,topic,animal_class,256,0.74609375,0.7478841145833334,0.6566569010416666,0.0017903645833333703,False,-0.08943684895833337,-0.13557035275465715,-0.043475488021295465,False,2000,-0.09122721354166674,-0.12634624598443256,-0.05770822021585093,False,2000
qwen,18,mass_mean_covariance,or_auroc,topic_macro,all,3864,0.7878926711216614,0.6904627610054264,0.6652773678664519,-0.09742991011623503,False,-0.12261530325520953,-0.14472163011099956,-0.1029812907763471,False,2000,-0.0251853931389745,-0.04433853948008635,-0.004652560549129451,False,2000
qwen,18,mass_mean_covariance,and_tt_vs_mixed_auroc,pooled,all,2898,0.9565287047396148,0.9505425673735153,0.9399034030751557,-0.005986137366099542,False,-0.01662530166445908,-0.029555638005620156,-0.003648645589594131,False,2000,-0.010639164298359538,-0.020183136457055533,-0.001143042878631262,False,2000
qwen,18,mass_mean_covariance,and_tt_vs_mixed_auroc,topic,cities,1788,0.9902186275393,0.9899877820818882,0.9923173505697942,-0.00023084545741181017,False,0.0020987230304941873,-0.0023644150034356297,0.0074097533462476085,False,2000,0.0023295684879059975,-0.004044026337917036,0.010696230467238815,False,2000
qwen,18,mass_mean_covariance,and_tt_vs_mixed_auroc,topic,sp_en_trans,408,0.9295523356401384,0.9135759083044983,0.8554282006920415,-0.015976427335640087,False,-0.07412413494809689,-0.12326752189722977,-0.03223855184756517,False,2000,-0.0581477076124568,-0.08772284406929325,-0.029067767589575345,False,2000
qwen,18,mass_mean_covariance,and_tt_vs_mixed_auroc,topic,inventors,294,0.877707205331112,0.8606830487296959,0.8662536443148688,-0.017024156601416096,False,-0.011453561016243174,-0.08243480526811983,0.05280638888888881,False,2000,0.005570595585172922,-0.042073013117283974,0.04619640483314483,False,2000
qwen,18,mass_mean_covariance,and_tt_vs_mixed_auroc,topic,element_symb,216,0.9633487654320988,0.9483989197530864,0.8933256172839507,-0.014949845679012363,False,-0.07002314814814814,-0.12582561163605716,-0.004933782084634077,False,2000,-0.055073302469135776,-0.09872788600734415,-0.010779369212963047,False,2000
qwen,18,mass_mean_covariance,and_tt_vs_mixed_auroc,topic,animal_class,192,0.9837646484375,0.965087890625,0.9593505859375,-0.0186767578125,False,-0.0244140625,-0.10791468489892987,0.03343948720156106,False,2000,-0.0057373046875,-0.029053022820918005,0.01540858892746918,False,2000
qwen,18,mass_mean_covariance,and_tt_vs_mixed_auroc,topic_macro,all,2898,0.9489183164760299,0.9355467098988337,0.9133350797596311,-0.01337160657719616,False,-0.035583236716398736,-0.060304003248343466,-0.01035626409419262,False,2000,-0.022211630139202576,-0.03621326378767063,-0.006085934014584616,False,2000
qwen,18,mass_mean_covariance,or_mixed_vs_ff_auroc,pooled,all,2898,0.7730154443630004,0.6050167388946757,0.5793066754111853,-0.16799870546832474,True,-0.1937087689518151,-0.22629666813902985,-0.16791291360738778,True,2000,-0.025710063483490364,-0.04334102538679526,-0.00946147898855627,False,2000
qwen,18,mass_mean_covariance,or_mixed_vs_ff_auroc,topic,cities,1788,0.8206387099680195,0.6315382753029143,0.5692648979775686,-0.18910043466510518,True,-0.25137381199045084,-0.2937624477143111,-0.21700902427670063,True,2000,-0.06227337732534566,-0.0849908731636403,-0.04263203832748827,True,2000
qwen,18,mass_mean_covariance,or_mixed_vs_ff_auroc,topic,sp_en_trans,408,0.7988483996539792,0.6371107266435986,0.6512489186851211,-0.16173767301038067,True,-0.1475994809688581,-0.21062017541173192,-0.09116944733796291,True,2000,0.014138192041522557,-0.030601248810774577,0.05918693862841424,False,2000
qwen,18,mass_mean_covariance,or_mixed_vs_ff_auroc,topic,inventors,294,0.7194918783840066,0.6355164514785506,0.6224489795918368,-0.08397542690545601,True,-0.09704289879216987,-0.19702043311843204,-0.024649078853684645,True,2000,-0.013067471886713866,-0.07157903790093813,0.031707714242691074,False,2000
qwen,18,mass_mean_covariance,or_mixed_vs_ff_auroc,topic,element_symb,216,0.5593171296296297,0.4044174382716049,0.4537037037037037,-0.15489969135802473,True,-0.10561342592592593,-0.16840373365041617,-0.04999406501095687,True,2000,0.0492862654320988,-0.009535914499439094,0.12344129978710863,False,2000
qwen,18,mass_mean_covariance,or_mixed_vs_ff_auroc,topic,animal_class,192,0.6451416015625,0.651123046875,0.5640869140625,0.0059814453125,False,-0.0810546875,-0.13946333333333333,-0.03480725779617648,True,2000,-0.0870361328125,-0.14785685595567863,-0.035872638888888836,True,2000
qwen,18,mass_mean_covariance,or_mixed_vs_ff_auroc,topic_macro,all,2898,0.7086875438396271,0.5919411877143337,0.572150682804146,-0.11674635612529338,True,-0.13653686103548102,-0.1679719562537364,-0.11152619177125739,True,2000,-0.019790504910187634,-0.04233242235764017,0.002080640123044543,False,2000
qwen,18,burger_t_g,atomic_auroc,pooled,all,1012,0.9992110484463123,0.9992735396584855,0.9992188598478339,6.24912121732768e-05,False,7.811401521617967e-06,-0.00010114803014205365,0.00015603675988907475,False,2000,-5.467981065165883e-05,-0.00022440419207651053,7.690106330814069e-05,False,2000
qwen,18,burger_t_g,atomic_auroc,topic,cities,596,0.9998198279356786,0.9997973064276384,0.9997635241655781,-2.2521508040163063e-05,False,-5.630377010046317e-05,-0.00022521508040174165,0.0,False,2000,-3.3782262060300106e-05,-0.0001351290482410894,0.0,False,2000
qwen,18,burger_t_g,atomic_auroc,topic,sp_en_trans,146,0.99981234753237,0.99981234753237,0.99981234753237,0.0,False,0.0,0.0,0.0,False,2000,0.0,0.0,0.0,False,2000
qwen,18,burger_t_g,atomic_auroc,topic,inventors,134,0.9971040320784139,0.9977723323680107,0.9982178658944085,0.000668300289596746,False,0.0011138338159946137,-0.0009182736455463081,0.00757411213943849,False,2000,0.0004455335263978677,0.0,0.0029767958672371466,False,2000
qwen,18,burger_t_g,atomic_auroc,topic,element_symb,72,0.9976851851851852,0.9976851851851852,0.9976851851851852,0.0,False,0.0,0.0,0.0,False,2000,0.0,0.0,0.0,False,2000
qwen,18,burger_t_g,atomic_auroc,topic,animal_class,64,1.0,1.0,1.0,0.0,False,0.0,0.0,0.0,False,2000,0.0,0.0,0.0,False,2000
qwen,18,burger_t_g,atomic_auroc,topic_macro,all,1012,0.9988842785463294,0.9990134343026409,0.9990957845555084,0.00012915575631144982,False,0.00021150600917896334,-0.00019554935687136898,0.001497086740306065,False,2000,8.235025286751352e-05,-1.8017206432241473e-05,0.0005951902621372819,False,2000
qwen,18,burger_t_g,and_auroc,pooled,all,3864,0.9944614476750583,0.9947900815440648,0.9945621811001233,0.0003286338690065005,False,0.00010073342506500271,-3.417150647063716e-05,0.00025849029911332585,False,2000,-0.00022790044394149778,-0.00048475807611146615,-1.749052587137207e-05,False,2000
qwen,18,burger_t_g,and_auroc,topic,cities,2384,0.9972908502620003,0.9972889734696635,0.9972880350734952,-1.876792336763522e-06,False,-2.815188505089772e-06,-0.00010801703639394255,0.00010142763588218693,False,2000,-9.383961683262498e-07,-0.00010091182002316678,8.250813272750453e-05,False,2000
qwen,18,burger_t_g,and_auroc,topic,sp_en_trans,544,0.9964857266435986,0.9965578143021915,0.996521770472895,7.20876585929009e-05,False,3.604382929645045e-05,-0.0003302439127337714,0.0006224407808487763,False,2000,-3.604382929645045e-05,-0.0007914948257076393,0.0004086936155891797,False,2000
qwen,18,burger_t_g,and_auroc,topic,inventors,392,0.9618561710398446,0.964008052200472,0.9619602943218104,0.002151881160627478,False,0.00010412328196585108,-0.0018818034066622523,0.002073415248656048,False,2000,-0.002047757878661627,-0.005000188964474683,0.00020853157439449545,False,2000
qwen,18,burger_t_g,and_auroc,topic,element_symb,288,0.9990997942386831,0.9993569958847737,0.9992926954732511,0.0002572016460905546,False,0.00019290123456794372,0.0,0.0010405827263267886,False,2000,-6.43004115226109e-05,-0.0007304601899196239,0.0003062481809499881,False,2000
qwen,18,burger_t_g,and_auroc,topic,animal_class,256,1.0,1.0,1.0,0.0,False,0.0,0.0,0.0,False,2000,0.0,0.0,0.0,False,2000
qwen,18,burger_t_g,and_auroc,topic_macro,all,3864,0.9909465084368254,0.9914423671714202,0.9910125590682902,0.0004958587345947896,False,6.605063146480905e-05,-0.0003694611844155038,0.0004876884059869744,False,2000,-0.0004298081031299805,-0.0010579399170401404,3.982096530251701e-05,False,2000
qwen,18,burger_t_g,or_auroc,pooled,all,3864,0.8984153417720796,0.8960523928117771,0.8977912946316943,-0.0023629489603025355,False,-0.0006240471403853309,-0.0013440452062303265,0.00014253963098312896,False,2000,0.0017389018199172046,0.0011518308443604491,0.002227886701920012,False,2000
qwen,18,burger_t_g,or_auroc,topic,cities,2384,0.9702002912781706,0.9696184856537994,0.9709106571776046,-0.0005818056243712677,False,0.0007103658994339623,-2.1184757977008008e-05,0.0015216932897043453,False,2000,0.00129217152380523,0.0007625224493327337,0.001908482753821799,False,2000
qwen,18,burger_t_g,or_auroc,topic,sp_en_trans,544,0.7946763264129181,0.7931264417531718,0.7941897347174164,-0.001549884659746259,False,-0.00048659169550169246,-0.002268729151440177,0.0010551948086032325,False,2000,0.0010632929642445665,-0.0012545554981634537,0.0036349730197539555,False,2000
qwen,18,burger_t_g,or_auroc,topic,inventors,392,0.902332361516035,0.9049007358045259,0.9072261557684298,0.0025683742884908822,False,0.004893794252394779,-0.001157997921390702,0.012412261746453832,False,2000,0.0023254199639038964,-0.0005426041124454578,0.0067585152333303365,False,2000
qwen,18,burger_t_g,or_auroc,topic,element_symb,288,0.8749356995884774,0.87377829218107,0.8749356995884774,-0.0011574074074074403,False,0.0,-0.00336705341164317,0.0038157367513625014,False,2000,0.0011574074074074403,-0.001733357613596978,0.00505237859899309,False,2000
qwen,18,burger_t_g,or_auroc,topic,animal_class,256,0.8740234375,0.8723958333333334,0.8733723958333334,-0.0016276041666666297,False,-0.0006510416666666297,-0.004145408163265363,0.00700763510179095,False,2000,0.0009765625,-0.0012077468031139044,0.006047158446712046,False,2000
qwen,18,burger_t_g,or_auroc,topic_macro,all,3864,0.8832336232591202,0.88276395774518,0.8841269286170522,-0.0004696655139402317,False,0.0008933053579319727,-0.0007600951334503031,0.0030654848803754516,False,2000,0.0013629708718722044,0.0003052823768055463,0.002883581718891639,False,2000
qwen,18,burger_t_g,and_tt_vs_mixed_auroc,pooled,all,2898,0.9919038188684421,0.992391947327135,0.9920517041094951,0.00048812845869283805,False,0.00014788524105291412,-5.125234014421443e-05,0.0003852460232668358,False,2000,-0.00034024321763992393,-0.0007255147236857745,-2.5397568992807864e-05,False,2000
qwen,18,burger_t_g,and_tt_vs_mixed_auroc,topic,cities,1788,0.9960348069906761,0.9960319918021711,0.9960305842079186,-2.815188505089772e-06,False,-4.2227827575791466e-06,-0.000160662050845059,0.00015066161205174174,False,2000,-1.4075942524893748e-06,-0.0001496091986126935,0.00012376219909136782,False,2000
qwen,18,burger_t_g,and_tt_vs_mixed_auroc,topic,sp_en_trans,408,0.9947285899653979,0.9948367214532872,0.9947826557093425,0.00010813148788924032,False,5.406574394462016e-05,-0.0004953658691006585,0.0009336611712731118,False,2000,-5.406574394462016e-05,-0.0011872422385614007,0.0006130404233836072,False,2000
qwen,18,burger_t_g,and_tt_vs_mixed_auroc,topic,inventors,294,0.9431486880466472,0.9463765097875885,0.943304872969596,0.0032278217409412724,False,0.00015618492294877662,-0.0028227051099934896,0.0031101228729840734,False,2000,-0.0030716368179924958,-0.007500283446711972,0.0003127973615917418,False,2000
qwen,18,burger_t_g,and_tt_vs_mixed_auroc,topic,element_symb,216,0.9986496913580247,0.9990354938271605,0.9989390432098766,0.0003858024691357764,False,0.0002893518518518601,0.0,0.0015608740894901274,False,2000,-9.645061728391635e-05,-0.0010956902848794359,0.00045937227142503625,False,2000
qwen,18,burger_t_g,and_tt_vs_mixed_auroc,topic,animal_class,192,1.0,1.0,1.0,0.0,False,0.0,0.0,0.0,False,2000,0.0,0.0,0.0,False,2000
qwen,18,burger_t_g,and_tt_vs_mixed_auroc,topic_macro,all,2898,0.9865123552721492,0.9872561433740416,0.9866114312193467,0.0007437881018923509,False,9.907594719749113e-05,-0.0005541917766231474,0.0007312671121338734,False,2000,-0.0006447121546948598,-0.0015869300314322904,6.197535711052449e-05,False,2000
qwen,18,burger_t_g,or_mixed_vs_ff_auroc,pooled,all,2898,0.8479884392320255,0.8443963281594932,0.847018612107729,-0.0035921110725323224,False,-0.0009698271242964962,-0.0020197662463663974,0.00015474695241466218,False,2000,0.0026222839482358262,0.0017792365075272848,0.003345314083536993,False,2000
qwen,18,burger_t_g,or_mixed_vs_ff_auroc,topic,cities,1788,0.9554482343137697,0.9545811562542228,0.956506745191658,-0.0008670780595468885,False,0.00105851087788833,-3.177713696545789e-05,0.002257752718475583,False,2000,0.0019255889374352186,0.0011384476197504657,0.002840087650501892,False,2000
qwen,18,burger_t_g,or_mixed_vs_ff_auroc,topic,sp_en_trans,408,0.6920144896193772,0.6896896626297578,0.6912846020761245,-0.002324826989619333,False,-0.0007298875432526497,-0.003403093727160264,0.0015827922129047975,False,2000,0.0015949394463666833,-0.001881833247245232,0.005452459529630989,False,2000
qwen,18,burger_t_g,or_mixed_vs_ff_auroc,topic,inventors,294,0.8564139941690962,0.8591732611411912,0.8625052061640983,0.0027592669720949425,False,0.006091211995002066,-0.002100863182007487,0.015042627691572545,False,2000,0.0033319450229071235,-0.000728830094200067,0.009220286682322363,False,2000
qwen,18,burger_t_g,or_mixed_vs_ff_auroc,topic,element_symb,216,0.8125,0.8106674382716049,0.8125,-0.0018325617283950768,False,0.0,-0.005050580117464809,0.005723605127043752,False,2000,0.0018325617283950768,-0.002572282165085171,0.007578567898489416,False,2000
qwen,18,burger_t_g,or_mixed_vs_ff_auroc,topic,animal_class,192,0.81103515625,0.80859375,0.81005859375,-0.00244140625,False,-0.0009765625,-0.006218112244897878,0.010511452652686371,False,2000,0.00146484375,-0.001811620204670966,0.009070737670068071,False,2000
qwen,18,burger_t_g,or_mixed_vs_ff_auroc,topic_macro,all,2898,0.8254823748704485,0.8245410536593554,0.8265710294363762,-0.0009413212110931379,False,0.0010886545659276603,-0.0012705210828144325,0.003970213862508073,False,2000,0.0020299757770207982,0.00048138235056059686,0.004294162048055465,False,2000
qwen,18,ttpd,atomic_auroc,pooled,all,1012,0.9990899717227265,0.9987462700557734,0.9990040463059883,-0.0003437016669530779,False,-8.592541673824172e-05,-0.00030557122229872834,8.665418781887399e-05,False,2000,0.0002577762502148362,0.0,0.0007317499455361332,False,2000
qwen,18,ttpd,atomic_auroc,topic,cities,596,0.999752263411558,0.9994482230530156,0.999628395117337,-0.0003040403585423679,False,-0.00012386829422095236,-0.0004391694067834573,0.0,False,2000,0.00018017206432141553,0.0,0.0006193414711048728,False,2000
qwen,18,ttpd,atomic_auroc,topic,sp_en_trans,146,0.99981234753237,1.0,0.99981234753237,0.0001876524676299729,False,0.0,0.0,0.0,False,2000,-0.0001876524676299729,-0.0010956902848794359,0.0,False,2000
qwen,18,ttpd,atomic_auroc,topic,inventors,134,0.9986633994208064,0.9991089329472043,0.9991089329472043,0.0004455335263978677,False,0.0004455335263978677,0.0,0.003341501447983952,False,2000,0.0,0.0,0.0,False,2000
qwen,18,ttpd,atomic_auroc,topic,element_symb,72,0.9976851851851852,0.9984567901234568,0.9976851851851852,0.0007716049382715529,False,0.0,0.0,0.0,False,2000,-0.0007716049382715529,-0.003105709876543221,0.0,False,2000
qwen,18,ttpd,atomic_auroc,topic,animal_class,64,1.0,1.0,1.0,0.0,False,0.0,0.0,0.0,False,2000,0.0,0.0,0.0,False,2000
qwen,18,ttpd,atomic_auroc,topic_macro,all,1012,0.9991826391099838,0.9994027892247352,0.9992469721564193,0.0002201501147514051,False,6.433304643549409e-05,-6.767713166079824e-05,0.0006542102578474868,False,2000,-0.00015581706831591102,-0.0007449523047287632,9.689878834296364e-05,False,2000
qwen,18,ttpd,and_auroc,pooled,all,3864,0.9943810752614425,0.9944760933148726,0.9944614476750583,9.501805343015146e-05,False,8.03724136158035e-05,-8.790415203613344e-05,0.0002620403088693707,False,2000,-1.4645639814347966e-05,-0.00024902767676222295,0.00023752182608808285,False,2000
qwen,18,ttpd,and_auroc,topic,cities,2384,0.9972720823386334,0.9972486224344249,0.9972814663003168,-2.3459904208489313e-05,False,9.38396168337352e-06,-9.23324654658747e-05,0.00012822420586520157,False,2000,3.2843865891862833e-05,-6.273132213568955e-05,0.00016115851223363317,False,2000
qwen,18,ttpd,and_auroc,topic,sp_en_trans,544,0.9961973760092272,0.9958008938869666,0.9961433102652826,-0.00039648212226062185,False,-5.406574394462016e-05,-0.0006887052341597616,0.0002893193841151681,False,2000,0.0003424163783160017,-0.0001298532753133741,0.0014845565919559584,False,2000
qwen,18,ttpd,and_auroc,topic,inventors,392,0.9602596140497015,0.959218381230043,0.9597737054005275,-0.0010412328196585108,False,-0.0004859086491739717,-0.003703940426913352,0.0015965736209450298,False,2000,0.0005553241704845391,-0.0017007734430514899,0.003123154924294133,False,2000
qwen,18,ttpd,and_auroc,topic,element_symb,288,0.9990354938271605,0.9991640946502057,0.9992283950617284,0.0001286008230452218,False,0.00019290123456794372,0.0,0.0010960758055352244,False,2000,6.430041152272192e-05,-0.0002976582292196161,0.0007415123456790836,False,2000
qwen,18,ttpd,and_auroc,topic,animal_class,256,1.0,1.0,1.0,0.0,False,0.0,0.0,0.0,False,2000,0.0,0.0,0.0,False,2000
qwen,18,ttpd,and_auroc,topic_macro,all,3864,0.9905529132449444,0.9902863984403281,0.9904853754055711,-0.000266514804616369,False,-6.753783937329949e-05,-0.0007255368977313464,0.0003718063089924722,False,2000,0.00019897696524306951,-0.0002785747425480711,0.0007368767061802808,False,2000
qwen,18,ttpd,or_auroc,pooled,all,3864,0.8978938141103953,0.8954990733953737,0.8972783400274623,-0.0023947407150215483,False,-0.000615474082932943,-0.0013903843503819818,0.00023187178442212716,False,2000,0.0017792666320886052,0.0010705740411537268,0.002409205095462205,False,2000
qwen,18,ttpd,or_auroc,topic,cities,2384,0.9704020464543639,0.9705869104995271,0.971288830833446,0.0001848640451631578,False,0.0008867843790820729,3.1420589666211754e-05,0.001872693447715842,False,2000,0.0007019203339189151,0.00013683312515506973,0.0013347127262502867,False,2000
qwen,18,ttpd,or_auroc,topic,sp_en_trans,544,0.7941536908881199,0.7919009515570934,0.7933427047289504,-0.002252739331026543,False,-0.0008109861591695244,-0.0029781366131058336,0.0009379468688363232,False,2000,0.0014417531718570187,-0.0006977838010204601,0.004905705140158672,False,2000
qwen,18,ttpd,or_auroc,topic,inventors,392,0.9027488546438984,0.9062543384700819,0.9083020963487436,0.003505483826183431,False,0.005553241704845169,-0.00031505986137359,0.013045582083460844,False,2000,0.002047757878661738,-0.0009010768175583106,0.005283945640298717,False,2000
qwen,18,ttpd,or_auroc,topic,element_symb,288,0.873585390946502,0.8717849794238683,0.8736496913580247,-0.0018004115226336603,False,6.430041152272192e-05,-0.00267756897165847,0.003308326138194608,False,2000,0.0018647119341563823,0.0,0.00554993663815579,False,2000
qwen,18,ttpd,or_auroc,topic,animal_class,256,0.8741048177083334,0.8731282552083334,0.873291015625,-0.0009765625,False,-0.0008138020833333703,-0.004726656536799112,0.006199642765603002,False,2000,0.00016276041666662966,-0.003126145709472783,0.0038280324132396546,False,2000
qwen,18,ttpd,or_auroc,topic_macro,all,3864,0.8829989601282435,0.8827310870317808,0.8839748677788328,-0.00026787309646270074,False,0.0009759076505893027,-0.0006428539987510279,0.003113959488741369,False,2000,0.0012437807470520035,0.00018357243172630044,0.002664336258912899,False,2000
qwen,18,ttpd,and_tt_vs_mixed_auroc,pooled,all,2898,0.9917854035123816,0.9919220366155284,0.991899532339716,0.0001366331031467105,False,0.0001141288273343033,-0.0001370818506138516,0.00038296705594221224,False,2000,-2.2504275812407215e-05,-0.00037748602216993165,0.0003561026968827957,False,2000
qwen,18,ttpd,and_tt_vs_mixed_auroc,topic,cities,1788,0.9960080626998784,0.995968650060808,0.996020731048151,-3.941263907036863e-05,False,1.2668348272626417e-05,-0.00013520990900388886,0.0001896931217576279,False,2000,5.2080987342995044e-05,-9.003938423965407e-05,0.0002445478568461138,False,2000
qwen,18,ttpd,and_tt_vs_mixed_auroc,topic,sp_en_trans,408,0.9942960640138409,0.9937013408304498,0.9942149653979239,-0.0005947231833910438,False,-8.109861591698575e-05,-0.001033057851239641,0.00043397907617275357,False,2000,0.000513624567474058,-0.00019477991297011665,0.0022268348879339876,False,2000
qwen,18,ttpd,and_tt_vs_mixed_auroc,topic,inventors,294,0.9408059142024157,0.9392961266139108,0.9401291128696376,-0.0015097875885048406,False,-0.000676801332778032,-0.005555910640370082,0.002411827495593241,False,2000,0.0008329862557268086,-0.00255038926939683,0.004687436004561846,False,2000
qwen,18,ttpd,and_tt_vs_mixed_auroc,topic,element_symb,216,0.9985532407407407,0.9987461419753086,0.9988425925925926,0.00019290123456794372,False,0.0002893518518518601,0.0,0.0016441137083028935,False,2000,9.645061728391635e-05,-0.00044648734382926044,0.001112268518518574,False,2000
qwen,18,ttpd,and_tt_vs_mixed_auroc,topic,animal_class,192,1.0,1.0,1.0,0.0,False,0.0,0.0,0.0,False,2000,0.0,0.0,0.0,False,2000
qwen,18,ttpd,and_tt_vs_mixed_auroc,topic_macro,all,2898,0.9859326563313751,0.9855424518960956,0.985841480381661,-0.00039020443527948423,False,-9.117594971408405e-05,-0.001080434942525224,0.0005681993574004367,False,2000,0.0002990284855654002,-0.0004308283241960864,0.0011091979710713417,False,2000
qwen,18,ttpd,or_mixed_vs_ff_auroc,pooled,all,2898,0.8471879299924129,0.8435502745521649,0.8462229252129333,-0.0036376554402479666,False,-0.0009650047794795835,-0.0020995659779871915,0.0002699596228593163,False,2000,0.002672650660768383,0.001625374379787936,0.003609781398325062,False,2000
qwen,18,ttpd,or_mixed_vs_ff_auroc,topic,cities,1788,0.955752274672312,0.9560323859285618,0.95707400567542,0.00028011125624971545,False,0.001321731003107951,4.7126193404692376e-05,0.002804741488100282,False,2000,0.0010416197468582356,0.00019962219829786632,0.0019802322545653585,False,2000
qwen,18,ttpd,or_mixed_vs_ff_auroc,topic,sp_en_trans,408,0.6912305363321799,0.6878514273356401,0.6900140570934256,-0.0033791089965398147,False,-0.0012164792387543422,-0.004467204919658752,0.001406920303254485,False,2000,0.0021626297577854725,-0.0010466757015305834,0.007358557710238008,False,2000
qwen,18,ttpd,or_mixed_vs_ff_auroc,topic,inventors,294,0.8567784256559767,0.8610995418575593,0.864067055393586,0.004321116201582598,False,0.007288629737609242,-0.0006242430239813966,0.01640210937499996,False,2000,0.0029675135360266447,-0.0014215642755682212,0.007858779368139251,False,2000
qwen,18,ttpd,or_mixed_vs_ff_auroc,topic,element_symb,216,0.8104745370370371,0.8077739197530864,0.810570987654321,-0.002700617283950657,False,9.645061728391635e-05,-0.00401635345748787,0.004962489207291911,False,2000,0.0027970679012345734,0.0,0.00832490495723374,False,2000
qwen,18,ttpd,or_mixed_vs_ff_auroc,topic,animal_class,192,0.8111572265625,0.8096923828125,0.8099365234375,-0.00146484375,False,-0.001220703125,-0.00708998480519861,0.009299464148404395,False,2000,0.000244140625,-0.0046892185642092325,0.005742048619859482,False,2000
qwen,18,ttpd,or_mixed_vs_ff_auroc,topic_macro,all,2898,0.8250786000520012,0.8244899315374695,0.8263325258508505,-0.0005886685145316539,False,0.001253925798849309,-0.0010450793499670846,0.00416600453462658,False,2000,0.001842594313380963,0.00026997791227743043,0.003984529982318573,False,2000
qwen,18,r0,atomic_auroc,pooled,all,1012,0.9996758268368511,0.9996758268368511,0.9997383180490244,0.0,False,6.24912121732768e-05,0.0,0.00019522001305110058,False,2000,6.24912121732768e-05,-1.532007207895869e-05,0.00024211013642891048,False,2000
qwen,18,r0,atomic_auroc,topic,cities,596,0.999752263411558,0.9997072203954777,0.9998198279356786,-4.5043016080326126e-05,False,6.756452412060021e-05,0.0,0.00022521508040185267,False,2000,0.00011260754020092634,0.0,0.0004059501824242664,False,2000
qwen,18,r0,atomic_auroc,topic,sp_en_trans,146,1.0,1.0,1.0,0.0,False,0.0,0.0,0.0,False,2000,0.0,0.0,0.0,False,2000
qwen,18,r0,atomic_auroc,topic,inventors,134,1.0,1.0,1.0,0.0,False,0.0,0.0,0.0,False,2000,0.0,0.0,0.0,False,2000
qwen,18,r0,atomic_auroc,topic,element_symb,72,1.0,1.0,1.0,0.0,False,0.0,0.0,0.0,False,2000,0.0,0.0,0.0,False,2000
qwen,18,r0,atomic_auroc,topic,animal_class,64,1.0,1.0,1.0,0.0,False,0.0,0.0,0.0,False,2000,0.0,0.0,0.0,False,2000
qwen,18,r0,atomic_auroc,topic_macro,all,1012,0.9999504526823116,0.9999414440790956,0.9999639655871357,-9.008603216065225e-06,False,1.3512904824097838e-05,0.0,4.504301608043715e-05,False,2000,2.2521508040163063e-05,0.0,8.119003648500373e-05,False,2000
qwen,18,r0,and_auroc,pooled,all,3864,0.9892729618627539,0.9886246243929203,0.9873408090394318,-0.0006483374698336153,False,-0.001932152823322153,-0.003150372141082941,-0.0009622074738972257,False,2000,-0.0012838153534885377,-0.0027553995927842244,-0.00010720064481181687,False,2000
qwen,18,r0,and_auroc,topic,cities,2384,0.9971594747984325,0.9972026410221762,0.9972702055462968,4.3166223743673626e-05,False,0.00011073074786427384,-0.0001251101759694062,0.00045927726516643255,False,2000,6.756452412060021e-05,-0.00015345481197498456,0.00036711029626576233,False,2000
qwen,18,r0,and_auroc,topic,sp_en_trans,544,0.996089244521338,0.996521770472895,0.996431660899654,0.0004325259515570723,False,0.0003424163783160017,-0.00020572022648334407,0.0018369186023049911,False,2000,-9.01095732410706e-05,-0.0010773565376326483,0.0009105740193324632,False,2000
qwen,18,r0,and_auroc,topic,inventors,392,0.9378731084270443,0.9288490906566709,0.9300291545189504,-0.009024017770373427,False,-0.007843953908093892,-0.017015090349865383,-0.00046808999081727326,False,2000,0.0011800638622795345,-0.006716782502461207,0.008932557272270412,False,2000
qwen,18,r0,and_auroc,topic,element_symb,288,1.0,0.9997427983539094,0.9999356995884774,-0.0002572016460905546,False,-6.43004115226109e-05,-0.00048828125,0.0,False,2000,0.00019290123456794372,0.0,0.0015432098765432167,False,2000
qwen,18,r0,and_auroc,topic,animal_class,256,0.9999186197916666,0.9993489583333334,0.9994303385416666,-0.0005696614583332593,False,-0.00048828125,-0.0019723865877712132,0.0,False,2000,8.138020833325932e-05,0.0,0.0006377551020407823,False,2000
qwen,18,r0,and_auroc,topic_macro,all,3864,0.9862080895076962,0.984333051767797,0.9846194118190091,-0.0018750377398992768,False,-0.0015886776886870901,-0.00344787921711385,4.390198982592713e-06,False,2000,0.00028636005121218666,-0.0013286450537904392,0.0018334479913251075,False,2000
qwen,18,r0,or_auroc,pooled,all,3864,0.8931686306112447,0.8982781728528421,0.9018392065921097,0.00510954224159732,False,0.008670575980864959,0.005311592111993666,0.01146787130701925,False,2000,0.0035610337392676383,0.0002581861950276099,0.006795261235261947,False,2000
qwen,18,r0,or_auroc,topic,cities,2384,0.9610058856207678,0.960907354023092,0.9624491389276759,-9.853159767581054e-05,False,0.0014432533069080877,-0.0020540246555622726,0.005581044310466342,False,2000,0.0015417849045838983,-0.0024963510122482046,0.005894392707851838,False,2000
qwen,18,r0,or_auroc,topic,sp_en_trans,544,0.8245025951557093,0.8336577277970012,0.8416053921568627,0.009155132641291863,False,0.017102797001153358,0.009908733707185244,0.02580958140555055,False,2000,0.007947664359861495,0.002398893042546124,0.014252348906504739,False,2000
qwen,18,r0,or_auroc,topic,inventors,392,0.9030959322504511,0.9022629459947245,0.9071567402471192,-0.0008329862557266976,False,0.004060807996668081,-0.0036857322957460277,0.014353608112458598,False,2000,0.004893794252394779,-0.005208958333333261,0.01671944837391404,False,2000
qwen,18,r0,or_auroc,topic,element_symb,288,0.8440072016460906,0.854809670781893,0.8561599794238683,0.010802469135802406,False,0.01215277777777779,0.0013509247448979468,0.023595622226331322,False,2000,0.001350308641975384,-0.00852196829793779,0.009022719389524765,False,2000
qwen,18,r0,or_auroc,topic,animal_class,256,0.872802734375,0.89892578125,0.9029134114583334,0.026123046875,False,0.03011067708333337,0.011132782442674655,0.05380712685639054,False,2000,0.00398763020833337,-0.01030858115304945,0.019801447096027467,False,2000
qwen,18,r0,or_auroc,topic_macro,all,3864,0.8810828698096038,0.8901126959693422,0.8940569324427718,0.009029826159738352,False,0.012974062633168026,0.007925258989775938,0.018819105962933375,False,2000,0.003944236473429674,-0.00033320334133442596,0.008277606891609522,False,2000
qwen,18,r0,and_tt_vs_mixed_auroc,pooled,all,2898,0.9842159295980522,0.983313615301193,0.981437187351311,-0.0009023142968591635,False,-0.0027787422467411282,-0.004493877621749934,-0.0013535720768827625,False,2000,-0.0018764279498819647,-0.004076758124397775,-0.0001584076970062878,False,2000
qwen,18,r0,and_tt_vs_mixed_auroc,topic,cities,1788,0.9958194450700419,0.9958827868114049,0.9959813184090807,6.334174136291004e-05,False,0.0001618733390387206,-0.0001900409679842785,0.0006683049521000014,False,2000,9.853159767581054e-05,-0.00023054247339963362,0.0005563316146320884,False,2000
qwen,18,r0,and_tt_vs_mixed_auroc,topic,sp_en_trans,408,0.9941338667820069,0.9947826557093425,0.9946474913494809,0.000648788927335664,False,0.000513624567474058,-0.00030858033972496195,0.0027553779034575395,False,2000,-0.0001351643598616059,-0.0016160348064490793,0.0013658610289987488,False,2000
qwen,18,r0,and_tt_vs_mixed_auroc,topic,inventors,294,0.9075905872553103,0.8946272386505623,0.8973344439816743,-0.012963348604748015,False,-0.010256143273635998,-0.023059616718695747,0.0001237078570204539,False,2000,0.002707205331112017,-0.007469829314945903,0.013758281117199577,False,2000
qwen,18,r0,and_tt_vs_mixed_auroc,topic,element_symb,216,1.0,0.9996141975308642,0.9999035493827161,-0.0003858024691357764,False,-9.645061728391635e-05,-0.000732421875,0.0,False,2000,0.0002893518518518601,0.0,0.0023148148148147696,False,2000
qwen,18,r0,and_tt_vs_mixed_auroc,topic,animal_class,192,0.9998779296875,0.9990234375,0.9991455078125,-0.0008544921875,False,-0.000732421875,-0.00295857988165682,0.0,False,2000,0.0001220703125,0.0,0.000956632653061229,False,2000
qwen,18,r0,and_tt_vs_mixed_auroc,topic_macro,all,2898,0.9794843657589718,0.9767860632404348,0.9774024621870904,-0.002698302518536977,False,-0.002081903571881427,-0.004590769238307144,0.0001794508454014656,False,2000,0.0006163989466555497,-0.0014896418463607702,0.0028770259266938823,False,2000
qwen,18,r0,or_mixed_vs_ff_auroc,pooled,all,2898,0.8404746901911363,0.8480275538066518,0.8536589809206606,0.007552863615515548,False,0.013184290729524317,0.008287339735065402,0.01733058327023254,False,2000,0.005631427114008769,0.0007969525492541763,0.010410677291564443,False,2000
qwen,18,r0,or_mixed_vs_ff_auroc,topic,cities,1788,0.9417101144092609,0.9415214967794243,0.9438538804558353,-0.00018861762983657382,False,0.0021437660465744024,-0.0030659895974550545,0.008358871155929247,False,2000,0.002332383676410976,-0.0037444289637416613,0.008814750279306007,False,2000
qwen,18,r0,or_mixed_vs_ff_auroc,topic,sp_en_trans,408,0.7367538927335641,0.7504865916955017,0.7624080882352942,0.013732698961937628,False,0.025654195501730093,0.014863100560777812,0.03871437210832577,False,2000,0.011921496539792464,0.00359833956381935,0.02137852335975722,False,2000
qwen,18,r0,or_mixed_vs_ff_auroc,topic,inventors,294,0.8548521449396085,0.8539670970428987,0.8609954185755935,-0.0008850478967097342,False,0.0061432736359849915,-0.005394109877729083,0.0208630161669202,False,2000,0.007028321532694726,-0.008050000000000002,0.023087125994796474,False,2000
qwen,18,r0,or_mixed_vs_ff_auroc,topic,element_symb,216,0.7660108024691358,0.7822145061728395,0.7842399691358025,0.01620370370370372,False,0.01822916666666674,0.0020263871173469786,0.03539343333949704,False,2000,0.0020254629629630205,-0.01278295244690674,0.013534079084287201,False,2000
qwen,18,r0,or_mixed_vs_ff_auroc,topic,animal_class,192,0.8092041015625,0.848388671875,0.8543701171875,0.0391845703125,False,0.045166015625,0.01669917366401198,0.08071069028458591,False,2000,0.0059814453125,-0.015462871729574232,0.02970217064404131,False,2000
qwen,18,r0,or_mixed_vs_ff_auroc,topic_macro,all,2898,0.8217062112228138,0.8353156727131328,0.8411734947180051,0.013609461490318941,False,0.019467283495191223,0.011897725695882466,0.02811198503830579,False,2000,0.005857822004872282,-0.0004851355997818024,0.012150683717615724,False,2000
qwen,22,l2_logistic,atomic_auroc,pooled,all,1012,0.9990391976128357,0.9992540111546814,0.9992110484463123,0.00021481354184571533,False,0.00017185083347659447,-7.659284393057852e-06,0.0004941032334550091,False,2000,-4.296270836912086e-05,-0.00016276639165730132,3.149721284929905e-05,False,2000
qwen,22,l2_logistic,atomic_auroc,topic,cities,596,0.9995720913472366,0.9997072203954777,0.9996959596414576,0.0001351290482410894,False,0.00012386829422106338,0.0,0.0003716048826629681,False,2000,-1.126075402002602e-05,-0.0001013467861807893,4.504301608043715e-05,False,2000
qwen,22,l2_logistic,atomic_auroc,topic,sp_en_trans,146,1.0,1.0,1.0,0.0,False,0.0,0.0,0.0,False,2000,0.0,0.0,0.0,False,2000
qwen,22,l2_logistic,atomic_auroc,topic,inventors,134,0.9984406326576075,0.9988861661840054,0.9984406326576075,0.0004455335263978677,False,0.0,-0.001260239445494582,0.0011259148057797264,False,2000,-0.0004455335263978677,-0.001953890209655823,0.0,False,2000
qwen,22,l2_logistic,atomic_auroc,topic,element_symb,72,1.0,1.0,1.0,0.0,False,0.0,0.0,0.0,False,2000,0.0,0.0,0.0,False,2000
qwen,22,l2_logistic,atomic_auroc,topic,animal_class,64,1.0,1.0,1.0,0.0,False,0.0,0.0,0.0,False,2000,0.0,0.0,0.0,False,2000
qwen,22,l2_logistic,atomic_auroc,topic_macro,all,1012,0.9996025448009689,0.9997186773158966,0.9996273184598131,0.0001161325149277026,False,2.477365884423488e-05,-0.0002315330370630142,0.00025211428179558703,False,2000,-9.135885608346772e-05,-0.00039648264227738484,6.75645241210443e-06,False,2000
qwen,22,l2_logistic,and_auroc,pooled,all,3864,0.9722211505900407,0.9722432976551258,0.973652493973855,2.214706508518738e-05,False,0.001431343383814343,-0.00019470773814019848,0.0034625066337280112,False,2000,0.0014091963187291556,0.0001829427912332704,0.0027804405198099706,False,2000
qwen,22,l2_logistic,and_auroc,topic,cities,2384,0.996679015960242,0.9968873399096136,0.9967062294491239,0.0002083239493716471,False,2.7213488881905334e-05,-0.0006331970024339939,0.0008198845488929288,False,2000,-0.00018111046048974178,-0.0011136288488706402,0.00040800141867744754,False,2000
qwen,22,l2_logistic,and_auroc,topic,sp_en_trans,544,0.9978193483275664,0.9966659457900807,0.9971525374855824,-0.0011534025374856371,False,-0.0006668108419839447,-0.00332841085681998,0.00036056322139943687,False,2000,0.00048659169550169246,-0.00020346629862886268,0.002643585407828441,False,2000
qwen,22,l2_logistic,and_auroc,topic,inventors,392,0.8742190753852561,0.8840413716507011,0.8832430931556295,0.009822296265444952,False,0.009024017770373427,-0.00837738690808168,0.03211373561770382,False,2000,-0.0007982784950715249,-0.013488253429800758,0.014184542877259648,False,2000
qwen,22,l2_logistic,and_auroc,topic,element_symb,288,0.9888117283950617,0.9794238683127572,0.9856610082304527,-0.009387860082304522,False,-0.0031507201646090444,-0.008870575131749298,0.0003255208333332593,False,2000,0.006237139917695478,0.0,0.013494104995767583,False,2000
qwen,22,l2_logistic,and_auroc,topic,animal_class,256,0.9998372395833334,0.9999186197916666,0.9999186197916666,8.138020833325932e-05,False,8.138020833325932e-05,-0.00042517006802722523,0.0020661157024793875,False,2000,0.0,0.0,0.0,False,2000
qwen,22,l2_logistic,and_auroc,topic_macro,all,3864,0.9714732815302918,0.971387429090964,0.9725362976224912,-8.585243932779374e-05,False,0.001063016092199387,-0.0024685651642025854,0.005884674010270585,False,2000,0.0011488685315271807,-0.0019623693267748765,0.004342851232346996,False,2000
qwen,22,l2_logistic,or_auroc,pooled,all,3864,0.7191162749493832,0.7219982510962797,0.7171391135744363,0.0028819761468964478,False,-0.0019771613749469674,-0.007928425043499263,0.003167931706730223,False,2000,-0.004859137521843415,-0.008487281126334272,-0.0012319349274787148,False,2000
qwen,22,l2_logistic,or_auroc,topic,cities,2384,0.6972245994925154,0.688587601159107,0.6809284116331096,-0.008636998333408363,False,-0.016296187859405786,-0.025213941066370787,-0.007604465060630746,False,2000,-0.007659189525997423,-0.013776536911285447,-0.0016054608593088914,False,2000
qwen,22,l2_logistic,or_auroc,topic,sp_en_trans,544,0.8092019896193772,0.8210063437139562,0.8192762399077278,0.011804354094579028,False,0.010074250288350628,-0.0004328929934513364,0.02667645052129462,False,2000,-0.0017301038062284002,-0.013366893878198945,0.009964096560740746,False,2000
qwen,22,l2_logistic,or_auroc,topic,inventors,392,0.8355546300152714,0.8293072330973206,0.828751908926836,-0.006247396917950843,False,-0.006802721088435382,-0.022881660560153293,0.0085868005078247,False,2000,-0.0005553241704845391,-0.01581444356417607,0.012989068930041087,False,2000
qwen,22,l2_logistic,or_auroc,topic,element_symb,288,0.8393132716049383,0.8635545267489712,0.8582175925925926,0.02424125514403286,False,0.018904320987654266,0.0033300182898948014,0.04083314043209879,False,2000,-0.005336934156378592,-0.018995195619415997,0.00944039645853021,False,2000
qwen,22,l2_logistic,or_auroc,topic,animal_class,256,0.8009440104166666,0.8487141927083334,0.8426106770833334,0.04777018229166674,False,0.04166666666666674,0.004781686980347718,0.09772808312502124,False,2000,-0.006103515625,-0.028122923400781343,0.01086938531850381,False,2000
qwen,22,l2_logistic,or_auroc,topic_macro,all,3864,0.7964477002297538,0.8102339794855377,0.8059569660287199,0.013786279255783906,False,0.00950926579896616,0.00041185751568770804,0.021852689539284847,False,2000,-0.0042770134568177465,-0.010484278584881499,0.0017890985634015524,False,2000
qwen,22,l2_logistic,and_tt_vs_mixed_auroc,pooled,all,2898,0.9612604966372182,0.9610397404078204,0.9630394060585797,-0.0002207562293978782,False,0.0017789094213614964,-0.0005301524049303924,0.004851943655019763,False,2000,0.0019996656507593746,0.00029828712650448175,0.0038384113074903334,False,2000
qwen,22,l2_logistic,and_tt_vs_mixed_auroc,topic,cities,1788,0.9954309490563488,0.9955843768298726,0.9953549389667132,0.00015342777352378434,False,-7.601008963553646e-05,-0.0010209628277200373,0.0008213222243733959,False,2000,-0.0002294378631593208,-0.0015929057833202255,0.0006262104311888588,False,2000
qwen,22,l2_logistic,and_tt_vs_mixed_auroc,topic,sp_en_trans,408,0.9967290224913494,0.9949989186851211,0.9957288062283737,-0.0017301038062282892,False,-0.0010002162629757505,-0.004992616285229914,0.0005408448320990457,False,2000,0.0007298875432525387,-0.0003051994479432385,0.003965378111742555,False,2000
qwen,22,l2_logistic,and_tt_vs_mixed_auroc,topic,inventors,294,0.8191378592253228,0.8335589337775927,0.8315805914202415,0.01442107455226993,False,0.01244273219491876,-0.013593876089908877,0.0472006667483791,False,2000,-0.0019783423573511705,-0.01990079047692244,0.017833442345726137,False,2000
qwen,22,l2_logistic,and_tt_vs_mixed_auroc,topic,element_symb,216,0.9832175925925926,0.9691358024691358,0.978491512345679,-0.014081790123456783,False,-0.0047260802469135665,-0.01330586269762389,0.00048828125,False,2000,0.009355709876543217,0.0,0.020241157493651317,False,2000
qwen,22,l2_logistic,and_tt_vs_mixed_auroc,topic,animal_class,192,0.999755859375,0.9998779296875,0.9998779296875,0.0001220703125,False,0.0001220703125,-0.0006377551020407823,0.0030991735537190257,False,2000,0.0,0.0,0.0,False,2000
qwen,22,l2_logistic,and_tt_vs_mixed_auroc,topic_macro,all,2898,0.9588542565481226,0.9586311922898444,0.9602067557297016,-0.00022306425827822718,False,0.001352499181578981,-0.00403289698043115,0.008611975505724583,False,2000,0.0015755634398572083,-0.0028190496433025763,0.0058563334488738236,False,2000
qwen,22,l2_logistic,or_mixed_vs_ff_auroc,pooled,all,2898,0.593948921723699,0.6010533072712386,0.5972827694404794,0.007104385547539671,False,0.003333847716780469,-0.003924883484588163,0.009866768091397807,False,2000,-0.003770537830759202,-0.008201161884321873,0.0007998363420084,False,2000
qwen,22,l2_logistic,or_mixed_vs_ff_auroc,topic,cities,1788,0.5599649227512274,0.5511843498040628,0.5474317035268682,-0.008780572947164611,False,-0.012533219224359238,-0.02237099689867156,-0.0024606204242533184,False,2000,-0.0037526462771946267,-0.010979317612541853,0.0036449546881008855,False,2000
qwen,22,l2_logistic,or_mixed_vs_ff_auroc,topic,sp_en_trans,408,0.7138029844290658,0.7315095155709342,0.7289143598615917,0.017706531141868487,False,0.015111375432525942,-0.0006493394901769476,0.04001467578194198,False,2000,-0.002595155709342545,-0.020050340817298416,0.014946144841111007,False,2000
qwen,22,l2_logistic,or_mixed_vs_ff_auroc,topic,inventors,294,0.7789983340274885,0.7741566014160767,0.7728550603915035,-0.004841732611411853,False,-0.0061432736359849915,-0.02586908527935085,0.013817272925937695,False,2000,-0.0013015410245731385,-0.01937044721985229,0.015409163348453925,False,2000
qwen,22,l2_logistic,or_mixed_vs_ff_auroc,topic,element_symb,216,0.7591628086419753,0.7956211419753086,0.7875192901234568,0.03645833333333337,False,0.02835648148148151,0.004797932839734123,0.06125022717707375,False,2000,-0.00810185185185186,-0.028492793429123996,0.014160594687795366,False,2000
qwen,22,l2_logistic,or_mixed_vs_ff_auroc,topic,animal_class,192,0.704345703125,0.774169921875,0.765869140625,0.06982421875,False,0.0615234375,0.007163222955197738,0.14508151485622203,False,2000,-0.00830078125,-0.040984053497942374,0.01654505552220882,False,2000
qwen,22,l2_logistic,or_mixed_vs_ff_auroc,topic_macro,all,2898,0.7032549505949515,0.7253283061282765,0.7205179109056841,0.022073355533325012,False,0.0172629603107326,0.004101597132976453,0.035669660866305374,False,2000,-0.004810395222592412,-0.013869450632182267,0.0037596840687278274,False,2000
qwen,22,difference_of_means,atomic_auroc,pooled,all,1012,0.9696839506944336,0.9700081238575825,0.9697386305050852,0.00032417316314892197,False,5.467981065165883e-05,-0.00014453631503364705,0.00026192107316450595,False,2000,-0.00026949335249726314,-0.0004588008374774216,-9.160591047297787e-05,False,2000
qwen,22,difference_of_means,atomic_auroc,topic,cities,596,0.9901130579703616,0.9902707085266429,0.9902031440025224,0.00015765055628125246,False,9.008603216076327e-05,-9.008603216065225e-05,0.000293061123372841,False,2000,-6.756452412048919e-05,-0.00021395432638171563,2.2521508040274085e-05,False,2000
qwen,22,difference_of_means,atomic_auroc,topic,sp_en_trans,146,0.936948770876337,0.9376993807468568,0.9373240758115969,0.0007506098705197806,False,0.0003753049352599458,-0.0011259148057796182,0.002191411370070581,False,2000,-0.00037530493525983477,-0.0030024394820792333,0.0,False,2000
qwen,22,difference_of_means,atomic_auroc,topic,inventors,134,0.8558699042102919,0.8556471374470929,0.8556471374470929,-0.00022276676319898936,False,-0.00022276676319898936,-0.0031187346847849655,0.0017095123607807044,False,2000,0.0,-0.002452185507583243,0.0024521616935348645,False,2000
qwen,22,difference_of_means,atomic_auroc,topic,element_symb,72,0.9745370370370371,0.9753086419753086,0.9753086419753086,0.0007716049382715529,False,0.0007716049382715529,0.0,0.003877314814814778,False,2000,0.0,0.0,0.0,False,2000
qwen,22,difference_of_means,atomic_auroc,topic,animal_class,64,1.0,1.0,1.0,0.0,False,0.0,0.0,0.0,False,2000,0.0,0.0,0.0,False,2000
qwen,22,difference_of_means,atomic_auroc,topic_macro,all,1012,0.9514937540188054,0.9517851737391801,0.9516965998473041,0.0002914197203747193,False,0.00020284582849872113,-0.0004946744738701687,0.0010212162337254354,False,2000,-8.857389187599818e-05,-0.0007664113335911993,0.0004265801459311984,False,2000
qwen,22,difference_of_means,and_auroc,pooled,all,3864,0.9488220619060479,0.9501698179797019,0.9497565251683534,0.001347756073654005,False,0.0009344632623055071,0.0006419856342516961,0.0012954364830437936,False,2000,-0.00041329281134849793,-0.0005931062783018886,-0.00026590607151857367,False,2000
qwen,22,difference_of_means,and_auroc,topic,cities,2384,0.9808126135459364,0.9809289746708106,0.9809017611819287,0.00011636112487423134,False,8.9147635992326e-05,1.3135353116452974e-05,0.00019869311020472558,False,2000,-2.7213488881905334e-05,-8.267058064795885e-05,1.5470986342988553e-05,False,2000
qwen,22,difference_of_means,and_auroc,topic,sp_en_trans,544,0.9425641580161477,0.9425821799307958,0.9426182237600923,1.8021914648169712e-05,False,5.406574394462016e-05,-0.0006706308218148466,0.0010055170099150437,False,2000,3.604382929645045e-05,-0.0008619771717099268,0.0008149522569444532,False,2000
qwen,22,difference_of_means,and_auroc,topic,inventors,392,0.8176107177564903,0.8184089962515618,0.8182354574482854,0.0007982784950715249,False,0.0006247396917951065,-0.000793321648697326,0.003638868227682885,False,2000,-0.00017353880327641846,-0.0012672228832044136,0.0009811991536767838,False,2000
qwen,22,difference_of_means,and_auroc,topic,element_symb,288,0.9727366255144033,0.9725437242798354,0.972608024691358,-0.00019290123456794372,False,-0.00012860082304533282,-0.0007716049382715557,0.0,False,2000,6.43004115226109e-05,0.0,0.0005144032921811093,False,2000
qwen,22,difference_of_means,and_auroc,topic,animal_class,256,0.976806640625,0.9771321614583334,0.9771321614583334,0.00032552083333337034,False,0.00032552083333337034,0.0,0.0018365519761623483,False,2000,0.0,-0.00047646005078441633,0.0006125028696051009,False,2000
qwen,22,difference_of_means,and_auroc,topic_macro,all,3864,0.9381061510915956,0.9383192073182673,0.9382991257079996,0.0002130562266717817,False,0.00019297461640399582,-0.0001707277524955919,0.000899854263029328,False,2000,-2.0081610267785877e-05,-0.0003231174756973765,0.00030290331854073685,False,2000
qwen,22,difference_of_means,or_auroc,pooled,all,3864,0.8246070324790281,0.8246859760497351,0.8246331088621124,7.894357070703517e-05,False,2.6076383084272514e-05,-0.0002258127676523558,0.00030474627653334077,False,2000,-5.286718762276266e-05,-0.00022627590913026907,0.00010299217010917292,False,2000
qwen,22,difference_of_means,or_auroc,topic,cities,2384,0.8713121030584208,0.8712905199465489,0.8712182634415867,-2.1583111871836813e-05,False,-9.383961683406827e-05,-0.00037093542552827096,0.00020210379864001285,False,2000,-7.225650496223146e-05,-0.0002460876095304043,8.601001246755773e-05,False,2000
qwen,22,difference_of_means,or_auroc,topic,sp_en_trans,544,0.7582720588235294,0.7582720588235294,0.7584522779700116,0.0,False,0.0001802191464821412,-0.0007036967536122624,0.0010055165867212915,False,2000,0.0001802191464821412,-0.00048725732818026557,0.0008953078784078854,False,2000
qwen,22,difference_of_means,or_auroc,topic,inventors,392,0.7878314591142579,0.7888726919339164,0.7884214910453977,0.0010412328196585108,False,0.0005900319311398228,-0.000756244707447451,0.0022979681764027926,False,2000,-0.000451200888518688,-0.002057713638117328,0.0003835766856600139,False,2000
qwen,22,difference_of_means,or_auroc,topic,element_symb,288,0.8463220164609053,0.8467078189300411,0.8467078189300411,0.0003858024691357764,False,0.0003858024691357764,-0.0007294286242602476,0.002582957405130288,False,2000,0.0,-0.0009768032698471401,0.0008769957417401421,False,2000
qwen,22,difference_of_means,or_auroc,topic,animal_class,256,0.8241373697916666,0.8223470052083334,0.82275390625,-0.0017903645833332593,False,-0.0013834635416666297,-0.0038274785241088267,0.0,False,2000,0.00040690104166662966,0.0,0.0017361111111111605,False,2000
qwen,22,difference_of_means,or_auroc,topic_macro,all,3864,0.8175750014497561,0.8174980189684738,0.8175107515274075,-7.698248128229501e-05,False,-6.424992234865812e-05,-0.0007165320734482811,0.0006216396112104163,False,2000,1.2732558933636895e-05,-0.00039900044599349425,0.0003658769028223319,False,2000
qwen,22,difference_of_means,and_tt_vs_mixed_auroc,pooled,all,2898,0.932182293207138,0.9338620766517067,0.9333450141241122,0.001679783444568761,False,0.0011627209169742247,0.0007783674131416812,0.0016424150118744068,False,2000,-0.0005170625275945362,-0.0007483448903095102,-0.0003139063562922012,False,2000
qwen,22,difference_of_means,and_tt_vs_mixed_auroc,topic,cities,1788,0.9718227782532318,0.9720001351290483,0.9719579073014729,0.00017735687581643678,False,0.0001351290482410894,2.308125307999287e-05,0.00029431662098707554,False,2000,-4.2227827575347376e-05,-0.00012522389034380909,1.952376170588903e-05,False,2000
qwen,22,difference_of_means,and_tt_vs_mixed_auroc,topic,sp_en_trans,408,0.9167928200692042,0.9170090830449827,0.9169820501730104,0.00021626297577859166,False,0.00018923010380622607,-0.0007391514992997755,0.0015691771154958051,False,2000,-2.703287197236559e-05,-0.0013438894010802589,0.0010717092106559715,False,2000
qwen,22,difference_of_means,and_tt_vs_mixed_auroc,topic,inventors,294,0.752707205331112,0.7536443148688047,0.753436068304873,0.0009371095376926597,False,0.0007288629737609575,-0.0010978169702291706,0.004321595240987583,False,2000,-0.00020824656393170216,-0.0017836174888822358,0.001471798730515177,False,2000
qwen,22,difference_of_means,and_tt_vs_mixed_auroc,topic,element_symb,216,0.9591049382716049,0.9588155864197531,0.9589120370370371,-0.0002893518518518601,False,-0.0001929012345678327,-0.0011574074074074403,0.0,False,2000,9.645061728402737e-05,0.0,0.0007716049382716639,False,2000
qwen,22,difference_of_means,and_tt_vs_mixed_auroc,topic,animal_class,192,0.965576171875,0.966064453125,0.966064453125,0.00048828125,False,0.00048828125,0.0,0.0027548279642435752,False,2000,0.0,-0.0007146900761766245,0.0009187543044076458,False,2000
qwen,22,difference_of_means,and_tt_vs_mixed_auroc,topic_macro,all,2898,0.9132007827600305,0.9135067145175177,0.9134705031882788,0.00030593175748727663,False,0.0002697204282483545,-0.0002143656649477549,0.0011672636620498503,False,2000,-3.621132923892212e-05,-0.00047049806219156,0.0004327309132969124,False,2000
qwen,22,difference_of_means,or_mixed_vs_ff_auroc,pooled,all,2898,0.7409157739970594,0.740947387146415,0.740900235330427,3.161314935551385e-05,False,-1.5538666632397558e-05,-0.0003697404090236417,0.00038450253427001755,False,2000,-4.7151815987911405e-05,-0.00029460739584178384,0.00018051288912223072,False,2000
qwen,22,difference_of_means,or_mixed_vs_ff_auroc,topic,cities,1788,0.8090809535606505,0.80903591054457,0.8089401941353993,-4.504301608043715e-05,False,-0.00014075942525115792,-0.0005457717179931709,0.0002985224805757245,False,2000,-9.571640917072077e-05,-0.00035512590383940114,0.00013488718931882726,False,2000
qwen,22,difference_of_means,or_mixed_vs_ff_auroc,topic,sp_en_trans,408,0.6391922577854672,0.6391652249134948,0.639435553633218,-2.703287197236559e-05,False,0.00024329584775084623,-0.0010719285289309682,0.0015082748800819912,False,2000,0.0002703287197232118,-0.0007308859922703998,0.0013429618176118835,False,2000
qwen,22,difference_of_means,or_mixed_vs_ff_auroc,topic,inventors,294,0.7328196584756351,0.7339129529362766,0.733600583090379,0.0010932944606414363,False,0.0007809246147438831,-0.0011342772403078543,0.003188239916787095,False,2000,-0.00031236984589755323,-0.0023154053287981423,0.0007440035873776624,False,2000
qwen,22,difference_of_means,or_mixed_vs_ff_auroc,topic,element_symb,216,0.7696759259259259,0.7702546296296297,0.7702546296296297,0.0005787037037037202,False,0.0005787037037037202,-0.001094142936390538,0.003874436107695434,False,2000,0.0,-0.0014652049047707116,0.0013154936126102159,False,2000
qwen,22,difference_of_means,or_mixed_vs_ff_auroc,topic,animal_class,192,0.736328125,0.733642578125,0.7342529296875,-0.002685546875,False,-0.0020751953125,-0.005741217786163244,0.0,False,2000,0.0006103515625,0.0,0.0026041666666667407,False,2000
qwen,22,difference_of_means,or_mixed_vs_ff_auroc,topic_macro,all,2898,0.7374193841495358,0.7372022592297942,0.7372967780352252,-0.00021712491974157366,False,-0.0001226061143105861,-0.0010767195829596093,0.0009228670791347064,False,2000,9.451880543098756e-05,-0.0004966452976306823,0.0006249186682783426,False,2000
qwen,22,mass_mean_covariance,atomic_auroc,pooled,all,1012,0.9979651299036073,0.9980393382180631,0.997625333937415,7.420831445581477e-05,False,-0.00033979596619226893,-0.0008103185241254446,3.531928931763946e-05,False,2000,-0.0004140042806480837,-0.0024148186803492786,0.0011296910154723143,False,2000
qwen,22,mass_mean_covariance,atomic_auroc,topic,cities,596,0.9973312012972388,0.9976802846718617,0.9970271609386965,0.00034908337462280503,False,-0.0003040403585423679,-0.001047250123868304,1.1260754020028795e-05,False,2000,-0.0006531237331651729,-0.004662515202017867,0.002410364398000114,False,2000
qwen,22,mass_mean_covariance,atomic_auroc,topic,sp_en_trans,146,1.0,1.0,1.0,0.0,False,0.0,0.0,0.0,False,2000,0.0,0.0,0.0,False,2000
qwen,22,mass_mean_covariance,atomic_auroc,topic,inventors,134,0.9913120962352417,0.9893071953664513,0.9893071953664513,-0.00200490086879046,False,-0.00200490086879046,-0.010000000000000009,0.00528173168326369,False,2000,0.0,-0.008192826741781355,0.007575757575757569,False,2000
qwen,22,mass_mean_covariance,atomic_auroc,topic,element_symb,72,1.0,1.0,0.9992283950617284,0.0,False,-0.0007716049382715529,-0.00462962962962965,0.0,False,2000,-0.0007716049382715529,-0.00462962962962965,0.0,False,2000
qwen,22,mass_mean_covariance,atomic_auroc,topic,animal_class,64,1.0,1.0,0.9990234375,0.0,False,-0.0009765625,-0.0087890625,0.0,False,2000,-0.0009765625,-0.0087890625,0.0,False,2000
qwen,22,mass_mean_covariance,atomic_auroc,topic_macro,all,1012,0.997728659506496,0.9973974960076625,0.9969172377733753,-0.0003311634988335532,False,-0.0008114217331207652,-0.0032501660369314844,0.0007031243995220441,False,2000,-0.0004802582342872119,-0.0030289539516521993,0.0011754930573045926,False,2000
qwen,22,mass_mean_covariance,and_auroc,pooled,all,3864,0.9304650026362151,0.9429784516200935,0.9510882067592843,0.012513448983878406,False,0.020623204123069172,0.004690042250813667,0.0407358654401061,False,2000,0.008109755139190766,-0.0017908652063354233,0.018286711473327544,False,2000
qwen,22,mass_mean_covariance,and_auroc,topic,cities,2384,0.980720650721439,0.9783296172845067,0.9811185306968154,-0.002391033436932255,False,0.00039787997537643616,-0.006689672850519651,0.007980110543783748,False,2000,0.002788913412308691,-0.0032126058184362674,0.009172953092444685,False,2000
qwen,22,mass_mean_covariance,and_auroc,topic,sp_en_trans,544,0.7901348039215687,0.9297505767012687,0.9459883217993079,0.13961577277970005,False,0.15585351787773927,0.07700679525340617,0.26502129687299436,False,2000,0.016237745098039214,-0.01013510204081643,0.04948918510883833,False,2000
qwen,22,mass_mean_covariance,and_auroc,topic,inventors,392,0.8520061085658753,0.7708593641538248,0.7670415104817437,-0.0811467444120505,False,-0.08496459808413159,-0.14309105851413545,-0.03519505648371192,False,2000,-0.003817853672081095,-0.05837812361833821,0.05102304725045029,False,2000
qwen,22,mass_mean_covariance,and_auroc,topic,element_symb,288,0.9796167695473251,0.9308770576131687,0.9783950617283951,-0.04873971193415638,False,-0.0012217078189300512,-0.03416690166556575,0.036648017412859404,False,2000,0.04751800411522633,-0.0012964409722222765,0.11306462585034013,False,2000
qwen,22,mass_mean_covariance,and_auroc,topic,animal_class,256,0.8531087239583334,0.8391927083333334,0.9134928385416666,-0.013916015625,False,0.06038411458333326,-0.03825859224045032,0.13343829315802286,False,2000,0.07430013020833326,0.008499935897435818,0.16178060524621352,False,2000
qwen,22,mass_mean_covariance,and_auroc,topic_macro,all,3864,0.8911174113429082,0.8898018648172205,0.9172072526495858,-0.0013155465256877719,False,0.026089841306677575,-0.004755462186098616,0.054834357313080666,False,2000,0.027405387832365347,0.005503953989738997,0.05234695533390346,False,2000
qwen,22,mass_mean_covariance,or_auroc,pooled,all,3864,0.714595058775453,0.7803657694962043,0.6726124392205948,0.06577071072075125,False,-0.04198261955485827,-0.06744334406932022,-0.019273308934044685,False,2000,-0.10775333027560952,-0.1301324168598428,-0.08690503991002677,False,2000
qwen,22,mass_mean_covariance,or_auroc,topic,cities,2384,0.774321351891056,0.8470780220110206,0.7028484077293815,0.07275667011996456,False,-0.07147294416167449,-0.10549507736182534,-0.03767698131962353,False,2000,-0.14422961428163905,-0.17409517597467794,-0.11244227006488523,False,2000
qwen,22,mass_mean_covariance,or_auroc,topic,sp_en_trans,544,0.6091407151095732,0.7239583333333334,0.7143166089965398,0.11481761822376013,False,0.10517589388696658,0.03996198529409944,0.17888358329604329,False,2000,-0.009641724336793556,-0.05683106571718636,0.04171343592062368,False,2000
qwen,22,mass_mean_covariance,or_auroc,topic,inventors,392,0.7621824239900041,0.7416007219214217,0.6587880049979176,-0.020581702068582453,False,-0.10339441899208657,-0.15056980755813174,-0.05706905550918595,False,2000,-0.08281271692350411,-0.15364363287830612,-0.025706625625456787,False,2000
qwen,22,mass_mean_covariance,or_auroc,topic,element_symb,288,0.5709876543209876,0.5520833333333334,0.5871270576131687,-0.018904320987654266,False,0.01613940329218111,-0.06425979019560099,0.09475285338393968,False,2000,0.035043724279835375,-0.06162150726209985,0.12870293324019258,False,2000
qwen,22,mass_mean_covariance,or_auroc,topic,animal_class,256,0.7338053385416666,0.787353515625,0.69287109375,0.05354817708333337,False,-0.04093424479166663,-0.19424503707356267,0.09162404228207911,False,2000,-0.094482421875,-0.19357921023347607,0.029057208791872298,False,2000
qwen,22,mass_mean_covariance,or_auroc,topic_macro,all,3864,0.6900874967706575,0.7304147852448218,0.6711902346174015,0.040327288474164336,False,-0.018897262153256045,-0.0598296069472581,0.017799440454404892,False,2000,-0.05922455062742038,-0.09220711891512255,-0.023572984796961797,False,2000
qwen,22,mass_mean_covariance,and_tt_vs_mixed_auroc,pooled,all,2898,0.9257139213593439,0.9302951489354406,0.9443785390652796,0.004581227576096691,False,0.018664617705935638,0.002527713495210726,0.03608786320174175,False,2000,0.014083390129838946,0.0022917073919343613,0.02646168922585996,False,2000
qwen,22,mass_mean_covariance,and_tt_vs_mixed_auroc,topic,cities,1788,0.9746407819467592,0.9697944349353633,0.977137854150714,-0.004846347011395857,False,0.0024970722039547866,-0.00699049957188416,0.01252216778691317,False,2000,0.007343419215350644,-0.0004125175579491408,0.0164160568243412,False,2000
qwen,22,mass_mean_covariance,and_tt_vs_mixed_auroc,topic,sp_en_trans,408,0.803065527681661,0.9323637543252595,0.9482590830449827,0.12929822664359858,False,0.1451935553633218,0.0756885731009366,0.2378309883095799,False,2000,0.015895328719723212,-0.010316767136474836,0.04250378899482832,False,2000
qwen,22,mass_mean_covariance,and_tt_vs_mixed_auroc,topic,inventors,294,0.8187213660974594,0.7374010828821325,0.7320387338608912,-0.08132028321532692,False,-0.08668263223656814,-0.14573206115589468,-0.03103901296745178,False,2000,-0.0053623490212412195,-0.06072142857142858,0.052014079681770325,False,2000
qwen,22,mass_mean_covariance,and_tt_vs_mixed_auroc,topic,element_symb,216,0.9817708333333334,0.9173418209876543,0.9748263888888888,-0.0644290123456791,False,-0.006944444444444531,-0.04192916012558874,0.03241992313872783,False,2000,0.05748456790123457,0.0,0.1270482094973184,False,2000
qwen,22,mass_mean_covariance,and_tt_vs_mixed_auroc,topic,animal_class,192,0.8612060546875,0.822021484375,0.9027099609375,-0.0391845703125,False,0.04150390625,-0.0734113247863247,0.12272641025641003,False,2000,0.0806884765625,0.00700634358773091,0.190545406529585,False,2000
qwen,22,mass_mean_covariance,and_tt_vs_mixed_auroc,topic_macro,all,2898,0.8878809127493426,0.8757845155010819,0.9069944041765954,-0.012096397248260615,False,0.019113491427252827,-0.011970006306343582,0.04737050676587054,False,2000,0.031209888675513442,0.0070046173473243736,0.05852323903317455,False,2000
qwen,22,mass_mean_covariance,or_mixed_vs_ff_auroc,pooled,all,2898,0.6342278247152673,0.7076812451508644,0.606636510937078,0.0734534204355971,False,-0.02759131377818924,-0.052127092981720594,-0.004562035016698061,False,2000,-0.10104473421378635,-0.12435879217289557,-0.08020674235162721,True,2000
qwen,22,mass_mean_covariance,or_mixed_vs_ff_auroc,topic,cities,1788,0.7025162154857889,0.7843410769785145,0.6428581482816089,0.08182486149272561,False,-0.05965806720417999,-0.09584684460449265,-0.024774347862875107,True,2000,-0.1414829286969056,-0.17362903532735752,-0.10971766557485785,True,2000
qwen,22,mass_mean_covariance,or_mixed_vs_ff_auroc,topic,sp_en_trans,408,0.49548551038062283,0.620242214532872,0.597913062283737,0.12475670415224915,False,0.10242755190311414,0.02937724822091025,0.18666232546383182,False,2000,-0.02232915224913501,-0.08073182127732695,0.03678170550488278,False,2000
qwen,22,mass_mean_covariance,or_mixed_vs_ff_auroc,topic,inventors,294,0.7075697625989171,0.7057476051645147,0.641399416909621,-0.0018221574344023939,False,-0.06617034568929614,-0.10357199969034168,-0.028425130208333326,True,2000,-0.06434818825489375,-0.12707765240501442,-0.00387677977071022,True,2000
qwen,22,mass_mean_covariance,or_mixed_vs_ff_auroc,topic,element_symb,216,0.37451774691358025,0.44135802469135804,0.44733796296296297,0.06684027777777779,False,0.07282021604938271,-0.009035237630208335,0.1688898533950617,False,2000,0.005979938271604923,-0.10002601456815818,0.10654243560067099,False,2000
qwen,22,mass_mean_covariance,or_mixed_vs_ff_auroc,topic,animal_class,192,0.701904296875,0.7542724609375,0.6905517578125,0.0523681640625,False,-0.0113525390625,-0.16354525767990166,0.1245125123407825,False,2000,-0.063720703125,-0.1776203389070472,0.093222265089163,True,2000
qwen,22,mass_mean_covariance,or_mixed_vs_ff_auroc,topic_macro,all,2898,0.5963987064507819,0.6611922764609519,0.6040120696500859,0.06479357001017005,False,0.007613363199304057,-0.03241755685446461,0.04694922187659309,False,2000,-0.057180206810866,-0.09314347292975468,-0.016454612514837073,True,2000
qwen,22,burger_t_g,atomic_auroc,pooled,all,1012,0.9726327547688606,0.9724530925338625,0.9716094611695231,-0.0001796622349981014,False,-0.0010232935993375047,-0.0016573325965085982,-0.0004240003000674955,False,2000,-0.0008436313643394033,-0.0012912954863431275,-0.0003795698029834131,False,2000
qwen,22,burger_t_g,atomic_auroc,topic,cities,596,0.9878496464123238,0.9884915093914689,0.987635692085942,0.0006418629791451469,False,-0.00021395432638171563,-0.0005292554389442206,1.1260754020137043e-05,False,2000,-0.0008558173055268625,-0.0015092225575424278,-0.00032656186658264197,False,2000
qwen,22,burger_t_g,atomic_auroc,topic,sp_en_trans,146,0.9647213360855695,0.9662225558266091,0.9669731656971289,0.0015012197410395611,False,0.0022518296115593417,0.0003753049352599458,0.004977777777777748,False,2000,0.0007506098705197806,-0.0014705046177708708,0.003469395208777382,False,2000
qwen,22,burger_t_g,atomic_auroc,topic,inventors,134,0.8952996212965025,0.8924036533749165,0.8883938516373358,-0.0028959679215860845,False,-0.006905769659166783,-0.014692415809298889,0.0005945450634169818,True,2000,-0.004009801737580698,-0.008284442608173032,0.0004458736088072466,False,2000
qwen,22,burger_t_g,atomic_auroc,topic,element_symb,72,0.9930555555555556,0.9930555555555556,0.9945987654320988,0.0,False,0.0015432098765432167,0.0,0.006172839506172867,False,2000,0.0015432098765432167,0.0,0.006172839506172867,False,2000
qwen,22,burger_t_g,atomic_auroc,topic,animal_class,64,1.0,1.0,1.0,0.0,False,0.0,0.0,0.0,False,2000,0.0,0.0,0.0,False,2000
qwen,22,burger_t_g,atomic_auroc,topic_macro,all,1012,0.9681852318699903,0.9680346548297101,0.9675202949705011,-0.00015057704028020868,False,-0.0006649368994892102,-0.0023943276884806795,0.0012109987408295557,False,2000,-0.0005143598592090015,-0.0016268278580091721,0.0008686263057593283,False,2000
qwen,22,burger_t_g,and_auroc,pooled,all,3864,0.9459129377438856,0.9489035059518451,0.9479243913486419,0.0029905682079595097,False,0.002011453604756297,0.0015350517919843765,0.0025110676502194088,False,2000,-0.0009791146032032128,-0.001492222122790532,-0.0004646027094637187,False,2000
qwen,22,burger_t_g,and_auroc,topic,cities,2384,0.9822624356260229,0.9832355524525922,0.9831726799093133,0.0009731168265693091,False,0.0009102442832904512,0.0005018896497788166,0.001438022632500335,False,2000,-6.287254327885794e-05,-0.00024688191754987376,7.963333911431833e-05,False,2000
qwen,22,burger_t_g,and_auroc,topic,sp_en_trans,544,0.9549812572087658,0.9586036620530565,0.9590001441753172,0.003622404844290661,False,0.004018886966551394,0.0017820859053497063,0.006897363469971989,False,2000,0.00039648212226073287,-0.0010966426989593714,0.0016797771706961277,False,2000
qwen,22,burger_t_g,and_auroc,topic,inventors,392,0.8220880188810218,0.8252464251006525,0.8236845758711648,0.003158406219630705,False,0.0015965569901430499,-0.0009912748981754315,0.005464083169860706,False,2000,-0.0015618492294876551,-0.0041668769735957924,0.0007913780421900049,False,2000
qwen,22,burger_t_g,and_auroc,topic,element_symb,288,0.9729295267489712,0.9733796296296297,0.9727366255144033,0.00045010288065849835,False,-0.0001929012345678327,-0.002861821694222827,0.0012250057392103073,False,2000,-0.000643004115226331,-0.002857965749314184,0.00042626238180576615,False,2000
qwen,22,burger_t_g,and_auroc,topic,animal_class,256,0.983154296875,0.9850260416666666,0.984375,0.0018717447916666297,False,0.001220703125,0.0,0.005190761966551294,False,2000,-0.0006510416666666297,-0.0025516523494058503,0.0,False,2000
qwen,22,burger_t_g,and_auroc,topic_macro,all,3864,0.9430831070679563,0.9450982621805195,0.9445938050940397,0.002015155112563227,False,0.0015106980260833902,0.0005140035344199711,0.002686554503542717,False,2000,-0.000504457086479837,-0.0012969316020678746,0.00015393120512284186,False,2000
qwen,22,burger_t_g,or_auroc,pooled,all,3864,0.824752774455718,0.8227977601458563,0.8256318700553105,-0.00195501430986178,False,0.0008790955995924277,0.00042845798316748507,0.0013642583016627513,False,2000,0.0028341099094542077,0.0020510841356349923,0.003570000040788531,False,2000
qwen,22,burger_t_g,or_auroc,topic,cities,2384,0.8749258667027011,0.872854826359173,0.8762490053000616,-0.002071040343528119,False,0.0013231385973604404,0.0006371191135734449,0.002063820247866477,False,2000,0.003394178940888559,0.002508268182675602,0.004372058224226138,False,2000
qwen,22,burger_t_g,or_auroc,topic,sp_en_trans,544,0.7619665513264129,0.762056660899654,0.7630658881199539,9.01095732410706e-05,False,0.001099336793541017,-0.00024507913356532627,0.0027681143445032635,False,2000,0.0010092272202999464,-0.0009282750949345886,0.0031752264543649135,False,2000
qwen,22,burger_t_g,or_auroc,topic,inventors,392,0.7844300985700403,0.7855754546716646,0.7863737331667361,0.0011453561016242508,False,0.0019436345966957758,-0.001339170207910495,0.005670687578724118,False,2000,0.0007982784950715249,-0.00563181489069291,0.005834925964187342,False,2000
qwen,22,burger_t_g,or_auroc,topic,element_symb,288,0.8483796296296297,0.8478652263374485,0.8482510288065843,-0.0005144032921811093,False,-0.00012860082304533282,-0.0030113439991641317,0.0021814948057371593,False,2000,0.0003858024691357764,-0.0018365472910927272,0.004767435897435935,False,2000
qwen,22,burger_t_g,or_auroc,topic,animal_class,256,0.8458658854166666,0.8453776041666666,0.8455403645833334,-0.00048828125,False,-0.0003255208333332593,-0.004132560823916437,0.0035436671239139654,False,2000,0.00016276041666674068,-0.0049441987513006965,0.00352083333333328,False,2000
qwen,22,burger_t_g,or_auroc,topic_macro,all,3864,0.8231136063290903,0.8227459544869212,0.8238960039953337,-0.0003676518421690256,False,0.0007823976662434395,-0.0004915851940578946,0.001961829076887219,False,2000,0.0011500495084124651,-0.0005407528419279189,0.002747781082710259,False,2000
qwen,22,burger_t_g,and_tt_vs_mixed_auroc,pooled,all,2898,0.9280629391012863,0.9317316718747991,0.930519120061383,0.0036687327735127617,False,0.002456180960096699,0.0019006333643317107,0.003068625666228453,False,2000,-0.0012125518134160629,-0.0018164264793396668,-0.0005576632400015048,False,2000
qwen,22,burger_t_g,and_tt_vs_mixed_auroc,topic,cities,1788,0.9740031417503716,0.9754628169902256,0.9753656929868024,0.0014596752398540191,False,0.001362551236430809,0.0007527448486833732,0.002157033948750611,False,2000,-9.712400342321015e-05,-0.00036589492128863145,0.00011885535627803584,False,2000
qwen,22,burger_t_g,and_tt_vs_mixed_auroc,topic,sp_en_trans,408,0.9341749567474048,0.9393112024221453,0.9398518598615917,0.0051362456747404694,False,0.005676903114186893,0.00258505081360359,0.00961819672722036,False,2000,0.0005406574394464236,-0.00161806847157418,0.0023518902704697197,False,2000
qwen,22,burger_t_g,and_tt_vs_mixed_auroc,topic,inventors,294,0.7582778009162848,0.7621824239900041,0.7600999583506872,0.0039046230737193044,False,0.0018221574344023939,-0.0019392796808974516,0.007201821941838781,False,2000,-0.0020824656393169105,-0.005834078239138815,0.0013377131166616234,False,2000
qwen,22,burger_t_g,and_tt_vs_mixed_auroc,topic,element_symb,216,0.9593942901234568,0.9600694444444444,0.9591049382716049,0.0006751543209876365,False,-0.0002893518518518601,-0.004292732541334293,0.0018375086088154027,False,2000,-0.0009645061728394966,-0.004286948623971226,0.0006393935727085396,False,2000
qwen,22,burger_t_g,and_tt_vs_mixed_auroc,topic,animal_class,192,0.974853515625,0.9775390625,0.9765625,0.002685546875,False,0.001708984375,0.0,0.006656804733727761,False,2000,-0.0009765625,-0.0038274785241088293,0.0,False,2000
qwen,22,burger_t_g,and_tt_vs_mixed_auroc,topic_macro,all,2898,0.9201407410325035,0.9229129900693639,0.9221969898941372,0.0027722490368603525,False,0.0020562488616336916,0.0006236268202235134,0.0036349545963003786,False,2000,-0.0007160001752266609,-0.0018645543187336272,0.000270298477413588,False,2000
qwen,22,burger_t_g,or_mixed_vs_ff_auroc,pooled,all,2898,0.7414671287544633,0.7384922778184998,0.7426802163839701,-0.0029748509359635023,False,0.0012130876295067816,0.0005570472855047082,0.0019077514093525805,False,2000,0.004187938565470284,0.003085244855338329,0.005259490712714719,False,2000
qwen,22,burger_t_g,or_mixed_vs_ff_auroc,topic,cities,1788,0.8144706319535157,0.8114006688887888,0.816413112021981,-0.003069963064726844,False,0.0019424800684653132,0.000908221198343348,0.0030656089072920245,False,2000,0.005012443133192157,0.003677929421960277,0.006444434099950413,False,2000
qwen,22,burger_t_g,or_mixed_vs_ff_auroc,topic,sp_en_trans,408,0.6440041089965398,0.644112240484429,0.6456260813148789,0.00010813148788924032,False,0.0016219723183390489,-0.0003695317755137151,0.004152171516754841,False,2000,0.0015138408304498085,-0.001392412642401883,0.004762839681547424,False,2000
qwen,22,burger_t_g,or_mixed_vs_ff_auroc,topic,inventors,294,0.7302686380674719,0.7313619325281133,0.7325072886297376,0.0010932944606414363,False,0.002238650562265687,-0.0019607343229177537,0.007232040442169415,False,2000,0.0011453561016242508,-0.0064733032620234695,0.006816147909447124,False,2000
qwen,22,burger_t_g,or_mixed_vs_ff_auroc,topic,element_symb,216,0.7729552469135802,0.7721836419753086,0.7727623456790124,-0.0007716049382715529,False,-0.0001929012345678327,-0.004517015998746141,0.003272242208605792,False,2000,0.0005787037037037202,-0.0027548209366391463,0.007151153846153848,False,2000
qwen,22,burger_t_g,or_mixed_vs_ff_auroc,topic,animal_class,192,0.7689208984375,0.7681884765625,0.7684326171875,-0.000732421875,False,-0.00048828125,-0.00619884123587455,0.005315500685871055,False,2000,0.000244140625,-0.007416298126951046,0.00528125000000003,False,2000
qwen,22,burger_t_g,or_mixed_vs_ff_auroc,topic_macro,all,2898,0.7461239048737215,0.745449392087828,0.7471482889666219,-0.0006745127858934774,False,0.0010243840929003989,-0.0007690415036595038,0.002734747082819618,False,2000,0.0016988968787938763,-0.0005516221582157977,0.003794966703389713,False,2000
qwen,22,ttpd,atomic_auroc,pooled,all,1012,0.9728397569091847,0.9725585464544049,0.9719844084425627,-0.0002812104547798011,False,-0.0008553484666219413,-0.0014995124843294404,-0.0002489300117670265,False,2000,-0.0005741380118421402,-0.0019140105480532216,0.0006796055630997776,False,2000
qwen,22,ttpd,atomic_auroc,topic,cities,596,0.9863857483897122,0.9848655465970001,0.9861267510472501,-0.0015202017927120615,False,-0.00025899734246204176,-0.0005517769469843836,-4.5043016080326126e-05,False,2000,0.0012612044502500197,0.00033754110175216736,0.002365039863069286,False,2000
qwen,22,ttpd,atomic_auroc,topic,sp_en_trans,146,0.9701632576468381,0.9754175267404767,0.9731656971289172,0.005254269093638575,False,0.0030024394820791223,0.0007710800615777614,0.0063657407407407,False,2000,-0.0022518296115594527,-0.006061129091525871,0.0003858024691357764,False,2000
qwen,22,ttpd,atomic_auroc,topic,inventors,134,0.8993094230340833,0.9051013588772555,0.8957451548229004,0.005791935843172169,False,-0.0035642682111829416,-0.012628048698164562,0.0037808749342848856,False,2000,-0.00935620405435511,-0.021625406328442814,0.0010078105316200237,True,2000
qwen,22,ttpd,atomic_auroc,topic,element_symb,72,0.9945987654320988,0.9953703703703703,0.9953703703703703,0.0007716049382715529,False,0.0007716049382715529,0.0,0.004629629629629539,False,2000,0.0,0.0,0.0,False,2000
qwen,22,ttpd,atomic_auroc,topic,animal_class,64,1.0,1.0,1.0,0.0,False,0.0,0.0,0.0,False,2000,0.0,0.0,0.0,False,2000
qwen,22,ttpd,atomic_auroc,topic_macro,all,1012,0.9700914389005465,0.9721509605170204,0.9700815946738877,0.002059521616473936,False,-9.844226658839439e-06,-0.0020561977512116776,0.0017506430227830626,False,2000,-0.0020693658431327755,-0.0046254329092557805,7.747470746735327e-05,False,2000
qwen,22,ttpd,and_auroc,pooled,all,3864,0.9458450677057212,0.9488552825036757,0.9477682902608638,0.0030102147979544913,False,0.0019232225551426563,0.001456985358909224,0.0024368720882796202,False,2000,-0.001086992242811835,-0.001815722217200924,-0.000263242541186488,False,2000
qwen,22,ttpd,and_auroc,topic,cities,2384,0.9823665976007087,0.9834560755521523,0.9832449364142757,0.0010894779514436514,False,0.0008783388135670256,0.00046741365637310573,0.0013837721555375686,False,2000,-0.00021113913787662586,-0.0004933373090316217,3.842391570380828e-05,False,2000
qwen,22,ttpd,and_auroc,topic,sp_en_trans,544,0.9544225778546713,0.9582792675893888,0.9585315743944637,0.0038566897347174223,False,0.004108996539792353,0.00158974065112151,0.007451301758006982,False,2000,0.0002523068050749311,-0.0022634794658604796,0.0019510987109238407,False,2000
qwen,22,ttpd,and_auroc,topic,inventors,392,0.8209773705400527,0.824205192280994,0.8225045120088852,0.0032278217409412724,False,0.0015271414688324825,-0.0007671248356344417,0.005687007709463952,False,2000,-0.00170068027210879,-0.004438034188034265,0.0009061090150517603,False,2000
qwen,22,ttpd,and_auroc,topic,element_symb,288,0.9724151234567902,0.9720293209876543,0.9723508230452675,-0.00038580246913588745,False,-6.43004115226109e-05,-0.0016667952674897484,0.0012759353741496982,False,2000,0.00032150205761327655,-0.0006122871398221708,0.00198971433185312,False,2000
qwen,22,ttpd,and_auroc,topic,animal_class,256,0.9838053385416666,0.9864908854166666,0.9847819010416666,0.002685546875,False,0.0009765625,0.0,0.003429355281207136,False,2000,-0.001708984375,-0.005696614583333262,0.0,False,2000
qwen,22,ttpd,and_auroc,topic_macro,all,3864,0.9427974015987781,0.9448921483653712,0.9442827493809117,0.0020947467665930475,False,0.0014853477821336059,0.0006201229098563132,0.002641753670155067,False,2000,-0.0006093989844594416,-0.0016143560032028021,0.00023299393137077447,False,2000
qwen,22,ttpd,or_auroc,pooled,all,3864,0.82473098460136,0.8228338384293016,0.8253446726306569,-0.0018971461720583838,False,0.0006136880292969549,0.00016432314410110281,0.0010954406171079538,False,2000,0.0025108342013553386,0.0014058720041056848,0.00348276711041241,False,2000
qwen,22,ttpd,or_auroc,topic,cities,2384,0.8754119559179016,0.8739640106301518,0.8764094710448478,-0.001447945287749719,False,0.0009975151269462357,0.00024503941054630497,0.0016959201912895737,False,2000,0.0024454604146959547,0.0016457179283179523,0.0032720949462090665,False,2000
qwen,22,ttpd,or_auroc,topic,sp_en_trans,544,0.7620025951557093,0.7630658881199539,0.7634263264129181,0.0010632929642445665,False,0.001423731257208738,-0.00016709740613754244,0.0029230442176870763,False,2000,0.0003604382929641714,-0.001684605994963509,0.0025655842823433294,False,2000
qwen,22,ttpd,or_auroc,topic,inventors,392,0.7842218520061086,0.7846730528946272,0.785748993474941,0.000451200888518577,False,0.0015271414688323715,-0.0015329172294602205,0.005209635416666698,False,2000,0.0010759405803137945,-0.0026114076243861028,0.006238546489197528,False,2000
qwen,22,ttpd,or_auroc,topic,element_symb,288,0.8478652263374485,0.8463220164609053,0.8479938271604939,-0.0015432098765432167,False,0.00012860082304533282,-0.004400314227253402,0.0032007315957933713,False,2000,0.0016718106995885496,-0.0008673888716713235,0.005279578189300448,False,2000
qwen,22,ttpd,or_auroc,topic,animal_class,256,0.8448079427083334,0.843017578125,0.84375,-0.0017903645833333703,False,-0.0010579427083333703,-0.005036068225417142,0.0012499999999999762,False,2000,0.000732421875,-0.005788338619761682,0.006144199764026595,False,2000
qwen,22,ttpd,or_auroc,topic_macro,all,3864,0.8228619144251003,0.8222085092461278,0.82346572361864,-0.0006534051789724993,False,0.0006038091935397505,-0.0008766663721788192,0.0016292886003146038,False,2000,0.0012572143725122498,-0.0004259697926913608,0.002906044928335774,False,2000
qwen,22,ttpd,and_tt_vs_mixed_auroc,pooled,all,2898,0.9278255725730746,0.9313576722434406,0.9301874499011955,0.00353209967036594,False,0.002361877328120876,0.0017856499425927957,0.003009930908848171,False,2000,-0.0011702223422450642,-0.0020738303682049375,-0.00016968540945396285,False,2000
qwen,22,ttpd,and_tt_vs_mixed_auroc,topic,cities,1788,0.9741593847124004,0.9757950092338183,0.9754768929327507,0.0016356245214179665,False,0.0013175082203503719,0.0007010804063360993,0.0020756582333063016,False,2000,-0.0003181163010675947,-0.0007400059635473772,5.466444465052326e-05,False,2000
qwen,22,ttpd,and_tt_vs_mixed_auroc,topic,sp_en_trans,408,0.933336937716263,0.938770544982699,0.939203070934256,0.005433607266435936,False,0.005866133217993008,0.0023788734473295992,0.01037791647614686,False,2000,0.0004325259515570723,-0.003219443727643648,0.002973104449413014,False,2000
qwen,22,ttpd,and_tt_vs_mixed_auroc,topic,inventors,294,0.7567680133277801,0.7607767596834653,0.7584339858392336,0.0040087463556851555,False,0.0016659725114535062,-0.001471652861892858,0.007975303952221883,False,2000,-0.0023427738442316492,-0.005982149564302886,0.0014052013925002758,False,2000
qwen,22,ttpd,and_tt_vs_mixed_auroc,topic,element_symb,216,0.9586226851851852,0.9580439814814815,0.9585262345679012,-0.0005787037037037202,False,-9.645061728402737e-05,-0.002500192901234516,0.0019139030612244944,False,2000,0.0004822530864196928,-0.0009184307097332034,0.002984571497779786,False,2000
qwen,22,ttpd,and_tt_vs_mixed_auroc,topic,animal_class,192,0.9757080078125,0.979736328125,0.9771728515625,0.0040283203125,False,0.00146484375,0.0,0.005144032921810651,False,2000,-0.0025634765625,-0.008544921875,0.0,False,2000
qwen,22,ttpd,and_tt_vs_mixed_auroc,topic_macro,all,2898,0.9197190057508257,0.9226245247012927,0.9217626071673284,0.0029055189504670897,False,0.002043601416502727,0.0008136127332311783,0.003751580061410024,False,2000,-0.0008619175339643625,-0.0023614212309255506,0.00036478451886499654,False,2000
qwen,22,ttpd,or_mixed_vs_ff_auroc,pooled,all,2898,0.7414832032371865,0.7386412346917343,0.7422928213503422,-0.002841968545452267,False,0.000809618113155719,0.00015856513329442768,0.001521370978978086,False,2000,0.003651586658607986,0.0021470245446083363,0.005048265232574522,False,2000
qwen,22,ttpd,or_mixed_vs_ff_auroc,topic,cities,1788,0.815215249313094,0.8130813364262871,0.8166749245529481,-0.0021339128868068657,False,0.0014596752398541302,0.0003233419442429525,0.002497633274002983,False,2000,0.003593588126660996,0.0024025073102615256,0.0048203813209723384,False,2000
qwen,22,ttpd,or_mixed_vs_ff_auroc,topic,sp_en_trans,408,0.644274437716263,0.6458423442906575,0.6462748702422145,0.0015679065743944287,False,0.002000432525951501,-0.0003444046734089906,0.004275711662075299,False,2000,0.0004325259515570723,-0.002556245895008255,0.0037538812930018165,False,2000
qwen,22,ttpd,or_mixed_vs_ff_auroc,topic,inventors,294,0.7308413161182841,0.731570179092045,0.7322990420658059,0.0007288629737609575,False,0.001457725947521804,-0.002304872105387565,0.005506770015698548,False,2000,0.0007288629737608465,-0.003331898603062644,0.006947526298487797,False,2000
qwen,22,ttpd,or_mixed_vs_ff_auroc,topic,element_symb,216,0.7721836419753086,0.7698688271604939,0.7723765432098766,-0.0023148148148147696,False,0.00019290123456794372,-0.006600471340880101,0.004801097393689946,False,2000,0.0025077160493827133,-0.0013010833075069866,0.007919367283950617,False,2000
qwen,22,ttpd,or_mixed_vs_ff_auroc,topic,animal_class,192,0.767333984375,0.7646484375,0.7657470703125,-0.002685546875,False,-0.0015869140625,-0.007554102338125657,0.00187499999999996,False,2000,0.0010986328125,-0.00868250792964247,0.009216299646039837,False,2000
qwen,22,ttpd,or_mixed_vs_ff_auroc,topic_macro,all,2898,0.7459697258995899,0.7450022248938966,0.746674490076669,-0.0009675010056933164,False,0.000704764177079098,-0.001458334249168275,0.0020973729428625187,False,2000,0.0016722651827724144,-0.0007452742515271394,0.003995268323254423,False,2000
qwen,22,r0,atomic_auroc,pooled,all,1012,0.9990040463059883,0.9989923292037057,0.9991016888250089,-1.1717102282537972e-05,False,9.764251902066867e-05,-7.905645260041506e-05,0.0003968507522336793,False,2000,0.00010935962130320664,-1.5809714278838815e-05,0.00037943314269450745,False,2000
qwen,22,r0,atomic_auroc,topic,cities,596,0.9992004864645737,0.9992905724967344,0.9993356155128147,9.008603216065225e-05,False,0.00013512904824097838,-2.2521508040163063e-05,0.0004504301608035943,False,2000,4.5043016080326126e-05,-9.008603216065503e-05,0.00028151885050231584,False,2000
qwen,22,r0,atomic_auroc,topic,sp_en_trans,146,1.0,1.0,1.0,0.0,False,0.0,0.0,0.0,False,2000,0.0,0.0,0.0,False,2000
qwen,22,r0,atomic_auroc,topic,inventors,134,0.9991089329472043,0.9988861661840054,0.9991089329472043,-0.00022276676319887834,False,0.0,0.0,0.0,False,2000,0.00022276676319887834,0.0,0.0020661157024793875,False,2000
qwen,22,r0,atomic_auroc,topic,element_symb,72,1.0,1.0,1.0,0.0,False,0.0,0.0,0.0,False,2000,0.0,0.0,0.0,False,2000
qwen,22,r0,atomic_auroc,topic,animal_class,64,1.0,1.0,1.0,0.0,False,0.0,0.0,0.0,False,2000,0.0,0.0,0.0,False,2000
qwen,22,r0,atomic_auroc,topic_macro,all,1012,0.9996618838823557,0.9996353477361479,0.9996889096920037,-2.6536146207734035e-05,False,2.7025809648084653e-05,-4.50430160792159e-06,9.008603216076327e-05,False,2000,5.356195585581869e-05,-1.126075402025084e-05,0.00043127582105730847,False,2000
qwen,22,r0,and_auroc,pooled,all,3864,0.9780519012898164,0.9796764956770357,0.9788120457172577,0.0016245943872192914,False,0.0007601444274412117,-0.00032043210190141336,0.001954927462660352,False,2000,-0.0008644499597780797,-0.0022298393057729265,0.0003003533184804396,False,2000
qwen,22,r0,and_auroc,topic,cities,2384,0.9966414801135084,0.9968028842544631,0.996555147666021,0.00016140414095466848,False,-8.633244748734725e-05,-0.0009656850432582271,0.0005433538514500811,False,2000,-0.00024773658844201574,-0.0013268790827750565,0.0004078040861355045,False,2000
qwen,22,r0,and_auroc,topic,sp_en_trans,544,0.997368800461361,0.9978193483275664,0.9975490196078431,0.00045054786620535303,False,0.0001802191464821412,-0.0009192301805938607,0.0008796391949802002,False,2000,-0.0002703287197232118,-0.001876524676299507,0.00011499645459428105,False,2000
qwen,22,r0,and_auroc,topic,inventors,392,0.8898375676801332,0.8958767180341525,0.8883798417326114,0.0060391503540192515,False,-0.001457725947521804,-0.014022850403872843,0.010681358654572986,False,2000,-0.0074968763015410556,-0.020900996469442445,0.005333744855967152,False,2000
qwen,22,r0,and_auroc,topic,element_symb,288,0.9938271604938271,0.9880401234567902,0.9936985596707819,-0.0057870370370369795,False,-0.0001286008230452218,-0.002191527696140008,0.003827478524108824,False,2000,0.005658436213991758,0.0,0.01456340510060228,False,2000
qwen,22,r0,and_auroc,topic,animal_class,256,0.9982096354166666,0.9994303385416666,0.9990234375,0.001220703125,False,0.0008138020833333703,-0.0008333333333332444,0.005670705782312958,False,2000,-0.00040690104166662966,-0.001944492502883477,0.0,False,2000
qwen,22,r0,and_auroc,topic_macro,all,3864,0.9751769288330993,0.9755938825229278,0.9750412012354515,0.0004169536898285253,False,-0.00013572759764779452,-0.0027677638061385816,0.0024473115060948424,False,2000,-0.0005526812874763198,-0.0036687930606359664,0.00269137261233354,False,2000
qwen,22,r0,or_auroc,pooled,all,3864,0.6741162963820269,0.712311767807312,0.700844946254074,0.03819547142528512,False,0.02672864987204715,0.021099296970531933,0.03307139887112432,False,2000,-0.011466821553237971,-0.01565947713914402,-0.007228538368395701,False,2000
qwen,22,r0,or_auroc,topic,cities,2384,0.6328543759290122,0.6910499527048332,0.6751657207633289,0.05819557677582099,False,0.042311344834316755,0.032375310649682784,0.052619700361376046,False,2000,-0.015884231941504234,-0.022981085934077848,-0.009129787122015448,False,2000
qwen,22,r0,or_auroc,topic,sp_en_trans,544,0.8014165224913494,0.8201052479815456,0.8132208765859285,0.01868872549019618,False,0.011804354094579028,0.0021003990758244858,0.024573938667847475,False,2000,-0.00688437139561715,-0.020291896598048965,0.007964782625105086,False,2000
qwen,22,r0,or_auroc,topic,inventors,392,0.8458281271692351,0.8475635152019991,0.8426350131889491,0.0017353880327640736,False,-0.0031931139802859887,-0.023233437499999968,0.015622479933426312,False,2000,-0.004928502013050062,-0.02225256151843447,0.009774529981165679,False,2000
qwen,22,r0,or_auroc,topic,element_symb,288,0.8104423868312757,0.8513374485596708,0.8363554526748971,0.04089506172839508,False,0.025913065843621408,0.012856812410866397,0.04209274949592022,False,2000,-0.014981995884773669,-0.03538019338695875,0.0006540557484567363,False,2000
qwen,22,r0,or_auroc,topic,animal_class,256,0.7676595052083334,0.8466796875,0.8280436197916666,0.07902018229166663,False,0.06038411458333326,0.024787979873557794,0.10513493035787919,False,2000,-0.01863606770833337,-0.03935763888888889,-0.0013888527575442208,False,2000
qwen,22,r0,or_auroc,topic_macro,all,3864,0.7716401835258411,0.8113471703896096,0.799084136600954,0.0397069868637685,False,0.027443953075112937,0.01833232991243086,0.037868601659048276,False,2000,-0.012263033788655564,-0.019414953542746145,-0.005554956497051105,False,2000
qwen,22,r0,and_tt_vs_mixed_auroc,pooled,all,2898,0.9689333830570666,0.9709802005238138,0.9699487545490786,0.002046817466747286,False,0.0010153714920120294,-0.00048509690677652205,0.002717429010177824,False,2000,-0.0010314459747352567,-0.0029844696201742184,0.0005804587360781513,False,2000
qwen,22,r0,and_tt_vs_mixed_auroc,topic,cities,1788,0.9953704225034908,0.9954393946218639,0.9951592833656142,6.897211837308959e-05,False,-0.00021113913787662586,-0.0015412171354979908,0.0006113301473550008,False,2000,-0.00028011125624971545,-0.0017168645733450921,0.0006278237564077079,False,2000
qwen,22,r0,and_tt_vs_mixed_auroc,topic,sp_en_trans,408,0.9960532006920415,0.9967290224913494,0.9963235294117647,0.0006758217993079185,False,0.0002703287197232118,-0.001378845270890791,0.0013194587924701406,False,2000,-0.0004054930795847067,-0.002814787014449152,0.00017249468189152844,False,2000
qwen,22,r0,and_tt_vs_mixed_auroc,topic,inventors,294,0.8398063306955436,0.8480841316118284,0.8384006663890046,0.008277800916284828,False,-0.0014056643065389895,-0.01839306640624993,0.015536868567527775,False,2000,-0.009683465222823817,-0.027952642644672825,0.008412861789936546,False,2000
qwen,22,r0,and_tt_vs_mixed_auroc,topic,element_symb,216,0.9907407407407407,0.9820601851851852,0.9905478395061729,-0.00868055555555547,False,-0.0001929012345678327,-0.0032872915442099583,0.005741217786163236,False,2000,0.008487654320987637,0.0,0.021845107650903473,False,2000
qwen,22,r0,and_tt_vs_mixed_auroc,topic,animal_class,192,0.997314453125,0.9991455078125,0.99853515625,0.0018310546875,False,0.001220703125,-0.0012499999999999762,0.008506058673469437,False,2000,-0.0006103515625,-0.002916738754325271,0.0,False,2000
qwen,22,r0,and_tt_vs_mixed_auroc,topic_macro,all,2898,0.9638570295513633,0.9642916483445454,0.9637932949845112,0.0004346187931820733,False,-6.373456685215828e-05,-0.0036059527826455386,0.003649266735340353,False,2000,-0.0004983533600342316,-0.004851922962937891,0.003998637550389351,False,2000
qwen,22,r0,or_mixed_vs_ff_auroc,pooled,all,2898,0.5452550270265636,0.5922053761643283,0.5821668617037237,0.046950349137764746,False,0.03691183467716008,0.02971285332987416,0.04507549213646974,False,2000,-0.010038514460604664,-0.01508115138284479,-0.005152186819174067,False,2000
qwen,22,r0,or_mixed_vs_ff_auroc,topic,cities,1788,0.4908900499977478,0.5616948560875636,0.5483452321967479,0.07080480608981582,False,0.05745518219900009,0.04439059338269291,0.07173273652704266,False,2000,-0.013349623890815732,-0.021756634403096452,-0.005550603613662254,False,2000
qwen,22,r0,or_mixed_vs_ff_auroc,topic,sp_en_trans,408,0.7021247837370242,0.7301578719723183,0.7198313148788927,0.028033088235294046,False,0.017706531141868487,0.003150598613736566,0.03686090800177127,False,2000,-0.010326557093425559,-0.030437844897073452,0.011947173937657526,False,2000
qwen,22,r0,or_mixed_vs_ff_auroc,topic,inventors,294,0.7927946688879633,0.7971157850895461,0.7908163265306123,0.004321116201582709,False,-0.0019783423573510595,-0.028471240461102623,0.02286180888171591,False,2000,-0.006299458558933768,-0.02787994434163512,0.011992647593427415,False,2000
qwen,22,r0,or_mixed_vs_ff_auroc,topic,element_symb,216,0.7158564814814815,0.777295524691358,0.7547260802469136,0.061439043209876476,False,0.038869598765432056,0.01928521861629965,0.06313912424388034,False,2000,-0.02256944444444442,-0.05307029008043823,0.0007438739522321314,False,2000
qwen,22,r0,or_mixed_vs_ff_auroc,topic,animal_class,192,0.6583251953125,0.7708740234375,0.7440185546875,0.112548828125,False,0.085693359375,0.03511759280670421,0.1487936040084117,False,2000,-0.02685546875,-0.05775014487929823,-0.0012961119834250026,False,2000
qwen,22,r0,or_mixed_vs_ff_auroc,topic_macro,all,2898,0.6719982358833434,0.7274276122556572,0.7115475017081334,0.05542937637231382,False,0.039549265824790014,0.0266518876350752,0.05460604609265194,False,2000,-0.015880110547523807,-0.026408662263430863,-0.006426495640093341,False,2000
